Final parameter extracted and saved to ./svcomp24-NoOverflows/Main/nla-digbench/prodbin.yml.config
Final parameter extracted and saved to ./svcomp24-NoOverflows/Main/nla-digbench/fermat2.yml.config
Final parameter extracted and saved to ./svcomp24-NoOverflows/Main/nla-digbench/prod4br.yml.config
Final parameter extracted and saved to ./svcomp24-NoOverflows/Main/nla-digbench/hard2.yml.config
Final parameter extracted and saved to ./svcomp24-NoOverflows/Main/nla-digbench/dijkstra-u.yml.config
Final parameter extracted and saved to ./svcomp24-NoOverflows/Main/nla-digbench/ps3-ll.yml.config
Final parameter extracted and saved to ./svcomp24-NoOverflows/Main/nla-digbench/ps6-ll.yml.config
Final parameter extracted and saved to ./svcomp24-NoOverflows/Main/nla-digbench/bresenham-ll.yml.config
Final parameter extracted and saved to ./svcomp24-NoOverflows/Main/nla-digbench/divbin.yml.config
Final parameter extracted and saved to ./svcomp24-NoOverflows/Main/nla-digbench/dijkstra.yml.config
Final parameter extracted and saved to ./svcomp24-NoOverflows/Main/nla-digbench/hard-u.yml.config
Final parameter extracted and saved to ./svcomp24-NoOverflows/Main/nla-digbench/bresenham.yml.config
Final parameter extracted and saved to ./svcomp24-NoOverflows/Main/nla-digbench/sqrt1-ll.yml.config
Final parameter extracted and saved to ./svcomp24-NoOverflows/Main/nla-digbench/ps2-ll.yml.config
Final parameter extracted and saved to ./svcomp24-NoOverflows/Main/nla-digbench/ps4-ll.yml.config
Final parameter extracted and saved to ./svcomp24-NoOverflows/Main/nla-digbench/egcd.yml.config
Final parameter extracted and saved to ./svcomp24-NoOverflows/Main/nla-digbench/ps5.yml.config
Final parameter extracted and saved to ./svcomp24-NoOverflows/Main/nla-digbench/hard.yml.config
Final parameter extracted and saved to ./svcomp24-NoOverflows/Main/nla-digbench/geo1-u2.yml.config
Final parameter extracted and saved to ./svcomp24-NoOverflows/Main/nla-digbench/egcd2-ll.yml.config
Final parameter extracted and saved to ./svcomp24-NoOverflows/Main/nla-digbench/mannadiv.yml.config
Final parameter extracted and saved to ./svcomp24-NoOverflows/Main/nla-digbench/geo1.yml.config
Final parameter extracted and saved to ./svcomp24-NoOverflows/Main/nla-digbench/geo2.yml.config
Final parameter extracted and saved to ./svcomp24-NoOverflows/Main/nla-digbench/hard-ll.yml.config
Final parameter extracted and saved to ./svcomp24-NoOverflows/Main/nla-digbench/ps2.yml.config
Final parameter extracted and saved to ./svcomp24-NoOverflows/Main/nla-digbench/geo3.yml.config
Final parameter extracted and saved to ./svcomp24-NoOverflows/Main/nla-digbench/fermat1-ll.yml.config
Final parameter extracted and saved to ./svcomp24-NoOverflows/Main/nla-digbench/fermat2-ll.yml.config
Final parameter extracted and saved to ./svcomp24-NoOverflows/Main/nla-digbench/prod4br-ll.yml.config
Final parameter extracted and saved to ./svcomp24-NoOverflows/Main/nla-digbench/egcd2.yml.config
Final parameter extracted and saved to ./svcomp24-NoOverflows/Main/nla-digbench/fermat1.yml.config
Final parameter extracted and saved to ./svcomp24-NoOverflows/Main/nla-digbench/ps6.yml.config
Final parameter extracted and saved to ./svcomp24-NoOverflows/Main/nla-digbench/cohendiv-ll.yml.config
Final parameter extracted and saved to ./svcomp24-NoOverflows/Main/nla-digbench/cohencu.yml.config
Final parameter extracted and saved to ./svcomp24-NoOverflows/Main/nla-digbench/knuth.yml.config
Final parameter extracted and saved to ./svcomp24-NoOverflows/Main/nla-digbench/cohendiv.yml.config
Final parameter extracted and saved to ./svcomp24-NoOverflows/Main/nla-digbench/ps4.yml.config
Final parameter extracted and saved to ./svcomp24-NoOverflows/Main/nla-digbench/egcd3-ll.yml.config
Final parameter extracted and saved to ./svcomp24-NoOverflows/Main/nla-digbench/lcm1.yml.config
Final parameter extracted and saved to ./svcomp24-NoOverflows/Main/nla-digbench/egcd-ll.yml.config
Final parameter extracted and saved to ./svcomp24-NoOverflows/Main/nla-digbench/prodbin-ll.yml.config
Final parameter extracted and saved to ./svcomp24-NoOverflows/Main/nla-digbench/lcm2.yml.config
Final parameter extracted and saved to ./svcomp24-NoOverflows/Main/nla-digbench/ps3.yml.config
Final parameter extracted and saved to ./svcomp24-NoOverflows/Main/nla-digbench/sqrt1.yml.config
Final parameter extracted and saved to ./svcomp24-NoOverflows/Main/nla-digbench/cohencu-ll.yml.config
Final parameter extracted and saved to ./svcomp24-NoOverflows/Main/nla-digbench/ps5-ll.yml.config
Final parameter extracted and saved to ./svcomp24-NoOverflows/Main/nla-digbench/divbin2.yml.config
Final parameter extracted and saved to ./svcomp24-NoOverflows/Main/nla-digbench/egcd3.yml.config
Warning: No Final parameter found in ./svcomp24-NoOverflows/Main/ldv-linux-3.0/module_get_put-drivers-net-pppox.ko.cil.out.yml.parf. Skipping...
Warning: No Final parameter found in ./svcomp24-NoOverflows/Main/ldv-linux-3.0/module_get_put-drivers-net-atl1c-atl1c.ko.cil.out.yml.parf. Skipping...
Warning: No Final parameter found in ./svcomp24-NoOverflows/Main/ldv-linux-3.0/module_get_put-drivers-atm-eni.ko.cil.out.yml.parf. Skipping...
Final parameter extracted and saved to ./svcomp24-NoOverflows/Main/ntdrivers-simplified/diskperf_simpl1.cil.yml.config
Final parameter extracted and saved to ./svcomp24-NoOverflows/Main/ntdrivers-simplified/floppy_simpl4.cil-1.yml.config
Final parameter extracted and saved to ./svcomp24-NoOverflows/Main/ntdrivers-simplified/kbfiltr_simpl2.cil-2.yml.config
Final parameter extracted and saved to ./svcomp24-NoOverflows/Main/ntdrivers-simplified/cdaudio_simpl1.cil-2.yml.config
Final parameter extracted and saved to ./svcomp24-NoOverflows/Main/ntdrivers-simplified/cdaudio_simpl1.cil-1.yml.config
Final parameter extracted and saved to ./svcomp24-NoOverflows/Main/ntdrivers-simplified/kbfiltr_simpl1.cil.yml.config
Final parameter extracted and saved to ./svcomp24-NoOverflows/Main/ntdrivers-simplified/floppy_simpl4.cil-2.yml.config
Final parameter extracted and saved to ./svcomp24-NoOverflows/Main/ntdrivers-simplified/kbfiltr_simpl2.cil-1.yml.config
Final parameter extracted and saved to ./svcomp24-NoOverflows/Main/ntdrivers-simplified/floppy_simpl3.cil-2.yml.config
Final parameter extracted and saved to ./svcomp24-NoOverflows/Main/ntdrivers-simplified/floppy_simpl3.cil-1.yml.config
Final parameter extracted and saved to ./svcomp24-NoOverflows/Main/termination-crafted-lit/LeikeHeizmann-WST2014-Ex5.yml.config
Final parameter extracted and saved to ./svcomp24-NoOverflows/Main/termination-crafted-lit/AliasDarteFeautrierGonnord-SAS2010-speedFails4.yml.config
Final parameter extracted and saved to ./svcomp24-NoOverflows/Main/termination-crafted-lit/ChawdharyCookGulwaniSagivYang-ESOP2008-easy1.yml.config
Final parameter extracted and saved to ./svcomp24-NoOverflows/Main/termination-crafted-lit/GulwaniJainKoskinen-PLDI2009-Fig1.yml.config
Final parameter extracted and saved to ./svcomp24-NoOverflows/Main/termination-crafted-lit/HarrisLalNoriRajamani-SAS2010-Fig3.yml.config
Final parameter extracted and saved to ./svcomp24-NoOverflows/Main/termination-crafted-lit/Masse-VMCAI2014-Fig1b.yml.config
Final parameter extracted and saved to ./svcomp24-NoOverflows/Main/termination-crafted-lit/cstrcmp.yml.config
Final parameter extracted and saved to ./svcomp24-NoOverflows/Main/termination-crafted-lit/Urban-WST2013-Fig1.yml.config
Final parameter extracted and saved to ./svcomp24-NoOverflows/Main/termination-crafted-lit/cstrlen.yml.config
Final parameter extracted and saved to ./svcomp24-NoOverflows/Main/termination-crafted-lit/HarrisLalNoriRajamani-SAS2010-Fig1.yml.config
Final parameter extracted and saved to ./svcomp24-NoOverflows/Main/termination-crafted-lit/ColonSipma-TACAS2001-Fig1.yml.config
Final parameter extracted and saved to ./svcomp24-NoOverflows/Main/termination-crafted-lit/cstrcspn.yml.config
Final parameter extracted and saved to ./svcomp24-NoOverflows/Main/termination-crafted-lit/ChenFlurMukhopadhyay-SAS2012-Ex1.05.yml.config
Final parameter extracted and saved to ./svcomp24-NoOverflows/Main/termination-crafted-lit/gcd1.yml.config
Final parameter extracted and saved to ./svcomp24-NoOverflows/Main/termination-crafted-lit/Ben-Amram-LMCS2010-Ex2.3.yml.config
Final parameter extracted and saved to ./svcomp24-NoOverflows/Main/termination-crafted-lit/ChenFlurMukhopadhyay-SAS2012-Ex2.05.yml.config
Final parameter extracted and saved to ./svcomp24-NoOverflows/Main/termination-crafted-lit/AliasDarteFeautrierGonnord-SAS2010-complex.yml.config
Final parameter extracted and saved to ./svcomp24-NoOverflows/Main/termination-crafted-lit/GulavaniGulwani-CAV2008-Fig1a.yml.config
Final parameter extracted and saved to ./svcomp24-NoOverflows/Main/termination-crafted-lit/AliasDarteFeautrierGonnord-SAS2010-counterex1b.yml.config
Final parameter extracted and saved to ./svcomp24-NoOverflows/Main/termination-crafted-lit/AliasDarteFeautrierGonnord-SAS2010-loops.yml.config
Final parameter extracted and saved to ./svcomp24-NoOverflows/Main/termination-crafted-lit/PodelskiRybalchenko-TACAS2011-Fig1.yml.config
Final parameter extracted and saved to ./svcomp24-NoOverflows/Main/termination-crafted-lit/ChenFlurMukhopadhyay-SAS2012-Ex3.02.yml.config
Final parameter extracted and saved to ./svcomp24-NoOverflows/Main/termination-crafted-lit/LeeJonesBen-Amram-POPL2001-Ex2.yml.config
Final parameter extracted and saved to ./svcomp24-NoOverflows/Main/termination-crafted-lit/AliasDarteFeautrierGonnord-SAS2010-exmini.yml.config
Final parameter extracted and saved to ./svcomp24-NoOverflows/Main/termination-crafted-lit/ChenFlurMukhopadhyay-SAS2012-Ex2.07.yml.config
Final parameter extracted and saved to ./svcomp24-NoOverflows/Main/termination-crafted-lit/NoriSharma-FSE2013-Fig8.yml.config
Final parameter extracted and saved to ./svcomp24-NoOverflows/Main/termination-crafted-lit/joey.yml.config
Final parameter extracted and saved to ./svcomp24-NoOverflows/Main/termination-crafted-lit/HeizmannHoenickeLeikePodelski-ATVA2013-Fig2.yml.config
Final parameter extracted and saved to ./svcomp24-NoOverflows/Main/termination-crafted-lit/GopanReps-CAV2006-Fig1a.yml.config
Final parameter extracted and saved to ./svcomp24-NoOverflows/Main/termination-crafted-lit/ChenFlurMukhopadhyay-SAS2012-Ex2.21.yml.config
Final parameter extracted and saved to ./svcomp24-NoOverflows/Main/termination-crafted-lit/AliasDarteFeautrierGonnord-SAS2010-wcet2.yml.config
Final parameter extracted and saved to ./svcomp24-NoOverflows/Main/termination-crafted-lit/AliasDarteFeautrierGonnord-SAS2010-random1d-2.yml.config
Final parameter extracted and saved to ./svcomp24-NoOverflows/Main/termination-crafted-lit/ChenFlurMukhopadhyay-SAS2012-Ex2.01.yml.config
Final parameter extracted and saved to ./svcomp24-NoOverflows/Main/termination-crafted-lit/AliasDarteFeautrierGonnord-SAS2010-easy2-2.yml.config
Final parameter extracted and saved to ./svcomp24-NoOverflows/Main/termination-crafted-lit/AliasDarteFeautrierGonnord-SAS2010-Fig2a.yml.config
Final parameter extracted and saved to ./svcomp24-NoOverflows/Main/termination-crafted-lit/AliasDarteFeautrierGonnord-SAS2010-random1d-1.yml.config
Final parameter extracted and saved to ./svcomp24-NoOverflows/Main/termination-crafted-lit/ChenFlurMukhopadhyay-SAS2012-Ex2.03.yml.config
Final parameter extracted and saved to ./svcomp24-NoOverflows/Main/termination-crafted-lit/PodelskiRybalchenko-TACAS2011-Fig3.yml.config
Final parameter extracted and saved to ./svcomp24-NoOverflows/Main/termination-crafted-lit/PodelskiRybalchenko-TACAS2011-Fig2.yml.config
Final parameter extracted and saved to ./svcomp24-NoOverflows/Main/termination-crafted-lit/AliasDarteFeautrierGonnord-SAS2010-random2d.yml.config
Final parameter extracted and saved to ./svcomp24-NoOverflows/Main/termination-crafted-lit/LeeJonesBen-Amram-POPL2001-Ex4.yml.config
Final parameter extracted and saved to ./svcomp24-NoOverflows/Main/termination-crafted-lit/GulavaniGulwani-CAV2008-Fig1c.yml.config
Final parameter extracted and saved to ./svcomp24-NoOverflows/Main/termination-crafted-lit/BrockschmidtCookFuhs-CAV2013-Fig9a.yml.config
Final parameter extracted and saved to ./svcomp24-NoOverflows/Main/termination-crafted-lit/ChenFlurMukhopadhyay-SAS2012-Ex2.22.yml.config
Final parameter extracted and saved to ./svcomp24-NoOverflows/Main/termination-crafted-lit/PodelskiRybalchenko-LICS2004-Fig2.yml.config
Final parameter extracted and saved to ./svcomp24-NoOverflows/Main/termination-crafted-lit/ChawdharyCookGulwaniSagivYang-ESOP2008-aaron3.yml.config
Final parameter extracted and saved to ./svcomp24-NoOverflows/Main/termination-crafted-lit/AliasDarteFeautrierGonnord-SAS2010-terminate.yml.config
Final parameter extracted and saved to ./svcomp24-NoOverflows/Main/termination-crafted-lit/ChenFlurMukhopadhyay-SAS2012-Ex3.04.yml.config
Final parameter extracted and saved to ./svcomp24-NoOverflows/Main/termination-crafted-lit/HeizmannHoenickeLeikePodelski-ATVA2013-Fig9.yml.config
Final parameter extracted and saved to ./svcomp24-NoOverflows/Main/termination-crafted-lit/genady.yml.config
Final parameter extracted and saved to ./svcomp24-NoOverflows/Main/termination-crafted-lit/LarrazOliverasRodriguez-CarbonellRubio-FMCAD2013-Fig1.yml.config
Final parameter extracted and saved to ./svcomp24-NoOverflows/Main/termination-crafted-lit/ChenFlurMukhopadhyay-SAS2012-Ex2.06.yml.config
Final parameter extracted and saved to ./svcomp24-NoOverflows/Main/termination-crafted-lit/BradleyMannaSipma-CAV2005-Fig1-modified.yml.config
Final parameter extracted and saved to ./svcomp24-NoOverflows/Main/termination-crafted-lit/LeikeHeizmann-WST2014-Ex9.yml.config
Final parameter extracted and saved to ./svcomp24-NoOverflows/Main/termination-crafted-lit/Masse-VMCAI2014-Fig1a.yml.config
Final parameter extracted and saved to ./svcomp24-NoOverflows/Main/termination-crafted-lit/Masse-VMCAI2014-Ex6.yml.config
Final parameter extracted and saved to ./svcomp24-NoOverflows/Main/termination-crafted-lit/ChenFlurMukhopadhyay-SAS2012-Ex1.01.yml.config
Final parameter extracted and saved to ./svcomp24-NoOverflows/Main/termination-crafted-lit/AliasDarteFeautrierGonnord-SAS2010-easy2-1.yml.config
Final parameter extracted and saved to ./svcomp24-NoOverflows/Main/termination-crafted-lit/BradleyMannaSipma-ICALP2005-Fig1.yml.config
Final parameter extracted and saved to ./svcomp24-NoOverflows/Main/termination-crafted-lit/HeizmannHoenickeLeikePodelski-ATVA2013-Fig6.yml.config
Final parameter extracted and saved to ./svcomp24-NoOverflows/Main/termination-crafted-lit/ChenFlurMukhopadhyay-SAS2012-Ex2.19.yml.config
Final parameter extracted and saved to ./svcomp24-NoOverflows/Main/termination-crafted-lit/AliasDarteFeautrierGonnord-SAS2010-speedpldi3.yml.config
Final parameter extracted and saved to ./svcomp24-NoOverflows/Main/termination-crafted-lit/AliasDarteFeautrierGonnord-SAS2010-ndecr.yml.config
Final parameter extracted and saved to ./svcomp24-NoOverflows/Main/termination-crafted-lit/ChenFlurMukhopadhyay-SAS2012-Ex1.03.yml.config
Final parameter extracted and saved to ./svcomp24-NoOverflows/Main/termination-crafted-lit/ChawdharyCookGulwaniSagivYang-ESOP2008-aaron1.yml.config
Final parameter extracted and saved to ./svcomp24-NoOverflows/Main/termination-crafted-lit/BrockschmidtCookFuhs-CAV2013-Fig1.yml.config
Final parameter extracted and saved to ./svcomp24-NoOverflows/Main/termination-crafted-lit/CookSeeZuleger-TACAS2013-Fig8a.yml.config
Final parameter extracted and saved to ./svcomp24-NoOverflows/Main/termination-crafted-lit/LeikeHeizmann-WST2014-Ex6.yml.config
Final parameter extracted and saved to ./svcomp24-NoOverflows/Main/termination-crafted-lit/ChenFlurMukhopadhyay-SAS2012-Ex2.08.yml.config
Final parameter extracted and saved to ./svcomp24-NoOverflows/Main/termination-crafted-lit/ChenCookFuhsNimkarOHearn-TACAS2014-Introduction.yml.config
Final parameter extracted and saved to ./svcomp24-NoOverflows/Main/termination-crafted-lit/ChenFlurMukhopadhyay-SAS2012-Ex3.07.yml.config
Final parameter extracted and saved to ./svcomp24-NoOverflows/Main/termination-crafted-lit/BrockschmidtCookFuhs-CAV2013-Introduction.yml.config
Final parameter extracted and saved to ./svcomp24-NoOverflows/Main/termination-crafted-lit/GulavaniGulwani-CAV2008-Fig1b.yml.config
Final parameter extracted and saved to ./svcomp24-NoOverflows/Main/termination-crafted-lit/ChenFlurMukhopadhyay-SAS2012-Ex3.05.yml.config
Final parameter extracted and saved to ./svcomp24-NoOverflows/Main/termination-crafted-lit/AliasDarteFeautrierGonnord-SAS2010-speedpldi4.yml.config
Final parameter extracted and saved to ./svcomp24-NoOverflows/Main/termination-crafted-lit/LeikeHeizmann-TACAS2014-Ex9.yml.config
Final parameter extracted and saved to ./svcomp24-NoOverflows/Main/termination-crafted-lit/Urban-WST2013-Fig2.yml.config
Final parameter extracted and saved to ./svcomp24-NoOverflows/Main/termination-crafted-lit/PodelskiRybalchenko-VMCAI2004-Ex2.yml.config
Final parameter extracted and saved to ./svcomp24-NoOverflows/Main/termination-crafted-lit/CookSeeZuleger-TACAS2013-Fig7a.yml.config
Final parameter extracted and saved to ./svcomp24-NoOverflows/Main/termination-crafted-lit/aviad.yml.config
Final parameter extracted and saved to ./svcomp24-NoOverflows/Main/termination-crafted-lit/AliasDarteFeautrierGonnord-SAS2010-Fig2b.yml.config
Final parameter extracted and saved to ./svcomp24-NoOverflows/Main/termination-crafted-lit/ChawdharyCookGulwaniSagivYang-ESOP2008-random1d.yml.config
Final parameter extracted and saved to ./svcomp24-NoOverflows/Main/termination-crafted-lit/ChenFlurMukhopadhyay-SAS2012-Ex4.01.yml.config
Final parameter extracted and saved to ./svcomp24-NoOverflows/Main/termination-crafted-lit/AliasDarteFeautrierGonnord-SAS2010-easy1.yml.config
Final parameter extracted and saved to ./svcomp24-NoOverflows/Main/termination-crafted-lit/LeikeHeizmann-TACAS2014-Ex8.yml.config
Final parameter extracted and saved to ./svcomp24-NoOverflows/Main/termination-crafted-lit/AliasDarteFeautrierGonnord-SAS2010-aaron3.yml.config
Final parameter extracted and saved to ./svcomp24-NoOverflows/Main/termination-crafted-lit/ChenFlurMukhopadhyay-SAS2012-Ex2.14.yml.config
Final parameter extracted and saved to ./svcomp24-NoOverflows/Main/termination-crafted-lit/CookSeeZuleger-TACAS2013-Fig7b.yml.config
Final parameter extracted and saved to ./svcomp24-NoOverflows/Main/termination-crafted-lit/AliasDarteFeautrierGonnord-SAS2010-wise.yml.config
Final parameter extracted and saved to ./svcomp24-NoOverflows/Main/termination-crafted-lit/HeizmannHoenickeLeikePodelski-ATVA2013-Fig4.yml.config
Final parameter extracted and saved to ./svcomp24-NoOverflows/Main/termination-crafted-lit/ChawdharyCookGulwaniSagivYang-ESOP2008-aaron6.yml.config
Final parameter extracted and saved to ./svcomp24-NoOverflows/Main/termination-crafted-lit/cstrspn.yml.config
Final parameter extracted and saved to ./svcomp24-NoOverflows/Main/termination-crafted-lit/cstrncmp.yml.config
Final parameter extracted and saved to ./svcomp24-NoOverflows/Main/termination-crafted-lit/ChawdharyCookGulwaniSagivYang-ESOP2008-aaron4.yml.config
Final parameter extracted and saved to ./svcomp24-NoOverflows/Main/termination-crafted-lit/ChenFlurMukhopadhyay-SAS2012-Ex2.18.yml.config
Final parameter extracted and saved to ./svcomp24-NoOverflows/Main/termination-crafted-lit/HeizmannHoenickeLeikePodelski-ATVA2013-Fig8.yml.config
Final parameter extracted and saved to ./svcomp24-NoOverflows/Main/termination-crafted-lit/LeeJonesBen-Amram-POPL2001-Ex5.yml.config
Final parameter extracted and saved to ./svcomp24-NoOverflows/Main/termination-crafted-lit/cstrpbrk.yml.config
Final parameter extracted and saved to ./svcomp24-NoOverflows/Main/termination-crafted-lit/PodelskiRybalchenko-LICS2004-Fig1.yml.config
Final parameter extracted and saved to ./svcomp24-NoOverflows/Main/termination-crafted-lit/AliasDarteFeautrierGonnord-SAS2010-speedpldi2.yml.config
Final parameter extracted and saved to ./svcomp24-NoOverflows/Main/termination-crafted-lit/ChenFlurMukhopadhyay-SAS2012-Ex3.08.yml.config
Final parameter extracted and saved to ./svcomp24-NoOverflows/Main/termination-crafted-lit/ChenFlurMukhopadhyay-SAS2012-Ex2.17.yml.config
Final parameter extracted and saved to ./svcomp24-NoOverflows/Main/termination-crafted-lit/HenzingerJhalaMajumdarSutre-POPL2002-LockingExample.yml.config
Final parameter extracted and saved to ./svcomp24-NoOverflows/Main/termination-crafted-lit/ChenFlurMukhopadhyay-SAS2012-Ex2.12.yml.config
Final parameter extracted and saved to ./svcomp24-NoOverflows/Main/termination-crafted-lit/LeikeHeizmann-TACAS2014-Ex1.yml.config
Final parameter extracted and saved to ./svcomp24-NoOverflows/Main/termination-crafted-lit/PodelskiRybalchenko-LICS2004-Fig2-TACAS2011-Fig3.yml.config
Final parameter extracted and saved to ./svcomp24-NoOverflows/Main/termination-crafted-lit/LeeJonesBen-Amram-POPL2001-Ex3.yml.config
Final parameter extracted and saved to ./svcomp24-NoOverflows/Main/termination-crafted-lit/CookSeeZuleger-TACAS2013-Fig8a-modified.yml.config
Final parameter extracted and saved to ./svcomp24-NoOverflows/Main/termination-crafted-lit/HeizmannHoenickeLeikePodelski-ATVA2013-Fig1.yml.config
Final parameter extracted and saved to ./svcomp24-NoOverflows/Main/termination-crafted-lit/HeizmannHoenickeLeikePodelski-ATVA2013-Fig5.yml.config
Final parameter extracted and saved to ./svcomp24-NoOverflows/Main/termination-crafted-lit/ChawdharyCookGulwaniSagivYang-ESOP2008-random2d.yml.config
Final parameter extracted and saved to ./svcomp24-NoOverflows/Main/termination-crafted-lit/ChenFlurMukhopadhyay-SAS2012-Ex2.11.yml.config
Final parameter extracted and saved to ./svcomp24-NoOverflows/Main/termination-crafted-lit/LeeJonesBen-Amram-POPL2001-Ex6.yml.config
Final parameter extracted and saved to ./svcomp24-NoOverflows/Main/termination-crafted-lit/Velroyen.yml.config
Final parameter extracted and saved to ./svcomp24-NoOverflows/Main/termination-crafted-lit/strchr-2.yml.config
Final parameter extracted and saved to ./svcomp24-NoOverflows/Main/termination-crafted-lit/Avery-FLOPS2006-Table1.yml.config
Final parameter extracted and saved to ./svcomp24-NoOverflows/Main/termination-crafted-lit/NoriSharma-FSE2013-Fig7.yml.config
Final parameter extracted and saved to ./svcomp24-NoOverflows/Main/termination-crafted-lit/AliasDarteFeautrierGonnord-SAS2010-while2.yml.config
Final parameter extracted and saved to ./svcomp24-NoOverflows/Main/termination-crafted-lit/AliasDarteFeautrierGonnord-SAS2010-nestedLoop-2.yml.config
Final parameter extracted and saved to ./svcomp24-NoOverflows/Main/termination-crafted-lit/AliasDarteFeautrierGonnord-SAS2010-cousot9.yml.config
Final parameter extracted and saved to ./svcomp24-NoOverflows/Main/termination-crafted-lit/Urban-WST2013-Fig2-modified1000.yml.config
Final parameter extracted and saved to ./svcomp24-NoOverflows/Main/termination-crafted-lit/HarrisLalNoriRajamani-SAS2010-Fig2.yml.config
Final parameter extracted and saved to ./svcomp24-NoOverflows/Main/termination-crafted-lit/AliasDarteFeautrierGonnord-SAS2010-aaron2.yml.config
Final parameter extracted and saved to ./svcomp24-NoOverflows/Main/termination-crafted-lit/ChenFlurMukhopadhyay-SAS2012-Ex1.04.yml.config
Final parameter extracted and saved to ./svcomp24-NoOverflows/Main/termination-crafted-lit/UrbanMine-ESOP2014-Fig3.yml.config
Final parameter extracted and saved to ./svcomp24-NoOverflows/Main/termination-crafted-lit/ChawdharyCookGulwaniSagivYang-ESOP2008-easy2.yml.config
Final parameter extracted and saved to ./svcomp24-NoOverflows/Main/termination-crafted-lit/LeeJonesBen-Amram-POPL2001-Ex1.yml.config
Final parameter extracted and saved to ./svcomp24-NoOverflows/Main/termination-crafted-lit/PodelskiRybalchenko-VMCAI2004-Ex1.yml.config
Final parameter extracted and saved to ./svcomp24-NoOverflows/Main/termination-crafted-lit/ChenFlurMukhopadhyay-SAS2012-Ex1.02.yml.config
Final parameter extracted and saved to ./svcomp24-NoOverflows/Main/termination-crafted-lit/ChenFlurMukhopadhyay-SAS2012-Ex3.06.yml.config
Final parameter extracted and saved to ./svcomp24-NoOverflows/Main/termination-crafted-lit/ChenFlurMukhopadhyay-SAS2012-Ex2.15.yml.config
Final parameter extracted and saved to ./svcomp24-NoOverflows/Main/termination-crafted-lit/ChenFlurMukhopadhyay-SAS2012-Ex3.09.yml.config
Final parameter extracted and saved to ./svcomp24-NoOverflows/Main/termination-crafted-lit/ChenFlurMukhopadhyay-SAS2012-Ex2.13.yml.config
Final parameter extracted and saved to ./svcomp24-NoOverflows/Main/termination-crafted-lit/KroeningSharyginaTsitovichWintersteiger-CAV2010-Ex.yml.config
Final parameter extracted and saved to ./svcomp24-NoOverflows/Main/termination-crafted-lit/AliasDarteFeautrierGonnord-SAS2010-Fig1.yml.config
Final parameter extracted and saved to ./svcomp24-NoOverflows/Main/termination-crafted-lit/LeikeHeizmann-TACAS2014-Fig1.yml.config
Final parameter extracted and saved to ./svcomp24-NoOverflows/Main/termination-crafted-lit/HeizmannHoenickeLeikePodelski-ATVA2013-Fig7.yml.config
Final parameter extracted and saved to ./svcomp24-NoOverflows/Main/termination-crafted-lit/AliasDarteFeautrierGonnord-SAS2010-counterex1a.yml.config
Final parameter extracted and saved to ./svcomp24-NoOverflows/Main/termination-crafted-lit/BradleyMannaSipma-CAV2005-Fig1.yml.config
Final parameter extracted and saved to ./svcomp24-NoOverflows/Main/termination-crafted-lit/ChenFlurMukhopadhyay-SAS2012-Ex2.09.yml.config
Final parameter extracted and saved to ./svcomp24-NoOverflows/Main/termination-crafted-lit/CookSeeZuleger-TACAS2013-Fig8b.yml.config
Final parameter extracted and saved to ./svcomp24-NoOverflows/Main/termination-crafted-lit/ChenFlurMukhopadhyay-SAS2012-Ex3.03.yml.config
Final parameter extracted and saved to ./svcomp24-NoOverflows/Main/termination-crafted-lit/min_rf.yml.config
Final parameter extracted and saved to ./svcomp24-NoOverflows/Main/termination-crafted-lit/ChenFlurMukhopadhyay-SAS2012-Ex2.04.yml.config
Final parameter extracted and saved to ./svcomp24-NoOverflows/Main/termination-crafted-lit/ChenFlurMukhopadhyay-SAS2012-Ex2.20.yml.config
Final parameter extracted and saved to ./svcomp24-NoOverflows/Main/termination-crafted-lit/CookSeeZuleger-TACAS2013-Fig1.yml.config
Final parameter extracted and saved to ./svcomp24-NoOverflows/Main/termination-crafted-lit/AliasDarteFeautrierGonnord-SAS2010-rsd.yml.config
Final parameter extracted and saved to ./svcomp24-NoOverflows/Main/termination-crafted-lit/ChenFlurMukhopadhyay-SAS2012-Fig1.yml.config
Final parameter extracted and saved to ./svcomp24-NoOverflows/Main/termination-crafted-lit/ChenFlurMukhopadhyay-SAS2012-Ex3.10.yml.config
Final parameter extracted and saved to ./svcomp24-NoOverflows/Main/termination-crafted-lit/ChenFlurMukhopadhyay-SAS2012-Ex2.16.yml.config
Final parameter extracted and saved to ./svcomp24-NoOverflows/Main/termination-crafted-lit/ChawdharyCookGulwaniSagivYang-ESOP2008-aaron12.yml.config
Final parameter extracted and saved to ./svcomp24-NoOverflows/Main/termination-crafted-lit/ChawdharyCookGulwaniSagivYang-ESOP2008-aaron2.yml.config
Final parameter extracted and saved to ./svcomp24-NoOverflows/Main/termination-crafted-lit/PodelskiRybalchenko-TACAS2011-Fig4.yml.config
Final parameter extracted and saved to ./svcomp24-NoOverflows/Main/termination-crafted-lit/ChenFlurMukhopadhyay-SAS2012-Ex2.02.yml.config
Final parameter extracted and saved to ./svcomp24-NoOverflows/Main/termination-crafted-lit/ChenFlurMukhopadhyay-SAS2012-Ex3.01.yml.config
Final parameter extracted and saved to ./svcomp24-NoOverflows/Main/termination-crafted-lit/AliasDarteFeautrierGonnord-SAS2010-nestedLoop-1.yml.config
Final parameter extracted and saved to ./svcomp24-NoOverflows/Main/termination-crafted-lit/ChenFlurMukhopadhyay-SAS2012-Ex2.10.yml.config
Final parameter extracted and saved to ./svcomp24-NoOverflows/Main/termination-crafted-lit/KroeningSharyginaTsitovichWintersteiger-CAV2010-Fig1.yml.config
Final parameter extracted and saved to ./svcomp24-NoOverflows/Main/termination-crafted-lit/LeikeHeizmann-TACAS2014-Ex7.yml.config
Final parameter extracted and saved to ./svcomp24-NoOverflows/Main/reducercommutativity/max40-1.yml.config
Final parameter extracted and saved to ./svcomp24-NoOverflows/Main/reducercommutativity/max10-1.yml.config
Final parameter extracted and saved to ./svcomp24-NoOverflows/Main/reducercommutativity/max20-1.yml.config
Final parameter extracted and saved to ./svcomp24-NoOverflows/Main/reducercommutativity/max05-1.yml.config
Final parameter extracted and saved to ./svcomp24-NoOverflows/Main/reducercommutativity/sep05-1.yml.config
Final parameter extracted and saved to ./svcomp24-NoOverflows/Main/reducercommutativity/max60-2.yml.config
Final parameter extracted and saved to ./svcomp24-NoOverflows/Main/reducercommutativity/max.yml.config
Final parameter extracted and saved to ./svcomp24-NoOverflows/Main/termination-15/cstrchr_reverse_alloca.yml.config
Final parameter extracted and saved to ./svcomp24-NoOverflows/Main/termination-15/cstrspn_mixed_alloca.yml.config
Final parameter extracted and saved to ./svcomp24-NoOverflows/Main/termination-15/cstrcspn_mixed_alloca.yml.config
Final parameter extracted and saved to ./svcomp24-NoOverflows/Main/termination-15/cstrchr_diffterm_alloca.yml.config
Final parameter extracted and saved to ./svcomp24-NoOverflows/Main/termination-15/array18_alloca.yml.config
Final parameter extracted and saved to ./svcomp24-NoOverflows/Main/termination-15/array08_alloca.yml.config
Final parameter extracted and saved to ./svcomp24-NoOverflows/Main/termination-15/array14_alloca.yml.config
Warning: No Final parameter found in ./svcomp24-NoOverflows/Main/termination-15/cstrcat_malloc.yml.parf. Skipping...
Final parameter extracted and saved to ./svcomp24-NoOverflows/Main/termination-15/cstrcmp_reverse_alloca.yml.config
Warning: No Final parameter found in ./svcomp24-NoOverflows/Main/termination-15/cstrcpy_malloc.yml.parf. Skipping...
Final parameter extracted and saved to ./svcomp24-NoOverflows/Main/termination-15/cstrlen_malloc.yml.config
Final parameter extracted and saved to ./svcomp24-NoOverflows/Main/termination-15/array12_alloca.yml.config
Final parameter extracted and saved to ./svcomp24-NoOverflows/Main/termination-15/cstrpbrk_mixed_alloca.yml.config
Final parameter extracted and saved to ./svcomp24-NoOverflows/Main/termination-15/cstrcmp_diffterm_alloca.yml.config
Warning: No Final parameter found in ./svcomp24-NoOverflows/Main/termination-15/cstrspn_malloc.yml.parf. Skipping...
Final parameter extracted and saved to ./svcomp24-NoOverflows/Main/termination-15/array09_alloca.yml.config
Final parameter extracted and saved to ./svcomp24-NoOverflows/Main/termination-15/cstrcpy_mixed_alloca.yml.config
Final parameter extracted and saved to ./svcomp24-NoOverflows/Main/termination-15/array05_alloca.yml.config
Final parameter extracted and saved to ./svcomp24-NoOverflows/Main/termination-15/array06_alloca.yml.config
Final parameter extracted and saved to ./svcomp24-NoOverflows/Main/termination-15/array16_alloca_original.yml.config
Final parameter extracted and saved to ./svcomp24-NoOverflows/Main/termination-15/cstrcpy_diffterm_alloca.yml.config
Final parameter extracted and saved to ./svcomp24-NoOverflows/Main/termination-15/array10_alloca.yml.config
Final parameter extracted and saved to ./svcomp24-NoOverflows/Main/termination-15/cstrcmp_mixed_alloca.yml.config
Final parameter extracted and saved to ./svcomp24-NoOverflows/Main/termination-15/array04_alloca.yml.config
Final parameter extracted and saved to ./svcomp24-NoOverflows/Main/termination-15/array07_alloca.yml.config
Final parameter extracted and saved to ./svcomp24-NoOverflows/Main/termination-15/array13_alloca.yml.config
Final parameter extracted and saved to ./svcomp24-NoOverflows/Main/termination-15/cstrlen_reverse_alloca.yml.config
Final parameter extracted and saved to ./svcomp24-NoOverflows/Main/termination-15/array15_alloca.yml.config
Final parameter extracted and saved to ./svcomp24-NoOverflows/Main/termination-15/array20_alloca.yml.config
Final parameter extracted and saved to ./svcomp24-NoOverflows/Main/termination-15/cstrspn_diffterm_alloca.yml.config
Final parameter extracted and saved to ./svcomp24-NoOverflows/Main/termination-15/cstrlen_diffterm_alloca.yml.config
Warning: No Final parameter found in ./svcomp24-NoOverflows/Main/termination-15/cstrpbrk_malloc.yml.parf. Skipping...
Warning: No Final parameter found in ./svcomp24-NoOverflows/Main/termination-15/cstrcspn_malloc.yml.parf. Skipping...
Final parameter extracted and saved to ./svcomp24-NoOverflows/Main/termination-15/cstrcat_mixed_alloca.yml.config
Final parameter extracted and saved to ./svcomp24-NoOverflows/Main/termination-15/cstrcat_reverse_alloca.yml.config
Final parameter extracted and saved to ./svcomp24-NoOverflows/Main/termination-15/array19_alloca.yml.config
Final parameter extracted and saved to ./svcomp24-NoOverflows/Main/termination-15/cstrpbrk_diffterm_alloca.yml.config
Final parameter extracted and saved to ./svcomp24-NoOverflows/Main/termination-15/cstrchr_malloc.yml.config
Final parameter extracted and saved to ./svcomp24-NoOverflows/Main/termination-15/cstrpbrk_reverse_alloca.yml.config
Final parameter extracted and saved to ./svcomp24-NoOverflows/Main/termination-15/cstrcat_diffterm_alloca.yml.config
Warning: No Final parameter found in ./svcomp24-NoOverflows/Main/termination-15/cstrcmp_malloc.yml.parf. Skipping...
Final parameter extracted and saved to ./svcomp24-NoOverflows/Main/termination-15/cstrcspn_diffterm_alloca.yml.config
Final parameter extracted and saved to ./svcomp24-NoOverflows/Main/termination-15/cstrspn_reverse_alloca.yml.config
Final parameter extracted and saved to ./svcomp24-NoOverflows/Main/termination-15/cstrcpy_reverse_alloca.yml.config
Final parameter extracted and saved to ./svcomp24-NoOverflows/Main/termination-15/array16_alloca_fixed.yml.config
Final parameter extracted and saved to ./svcomp24-NoOverflows/Main/termination-15/cstrcspn_reverse_alloca.yml.config
Warning: No Final parameter found in ./svcomp24-NoOverflows/Main/array-multidimensional/init-non-constant-3-u.yml.parf. Skipping...
Warning: No Final parameter found in ./svcomp24-NoOverflows/Main/array-multidimensional/min-2-u.yml.parf. Skipping...
Warning: No Final parameter found in ./svcomp24-NoOverflows/Main/array-multidimensional/min-3-n-u.yml.parf. Skipping...
Warning: No Final parameter found in ./svcomp24-NoOverflows/Main/array-multidimensional/rev-3-u.yml.parf. Skipping...
Warning: No Final parameter found in ./svcomp24-NoOverflows/Main/array-multidimensional/init-4-n-u.yml.parf. Skipping...
Warning: No Final parameter found in ./svcomp24-NoOverflows/Main/array-multidimensional/init-2-n-u.yml.parf. Skipping...
Warning: No Final parameter found in ./svcomp24-NoOverflows/Main/array-multidimensional/add-3-n-u.yml.parf. Skipping...
Warning: No Final parameter found in ./svcomp24-NoOverflows/Main/array-multidimensional/copy-2-u.yml.parf. Skipping...
Warning: No Final parameter found in ./svcomp24-NoOverflows/Main/array-multidimensional/max-3-n-u.yml.parf. Skipping...
Warning: No Final parameter found in ./svcomp24-NoOverflows/Main/array-multidimensional/rev-2-n-u.yml.parf. Skipping...
Warning: No Final parameter found in ./svcomp24-NoOverflows/Main/array-multidimensional/max-2-u.yml.parf. Skipping...
Warning: No Final parameter found in ./svcomp24-NoOverflows/Main/array-multidimensional/add-2-n-u.yml.parf. Skipping...
Warning: No Final parameter found in ./svcomp24-NoOverflows/Main/array-multidimensional/diff-3-n-u.yml.parf. Skipping...
Warning: No Final parameter found in ./svcomp24-NoOverflows/Main/array-multidimensional/copy-partial-2-n-u.yml.parf. Skipping...
Warning: No Final parameter found in ./svcomp24-NoOverflows/Main/array-multidimensional/init-non-constant-2-n-u.yml.parf. Skipping...
Warning: No Final parameter found in ./svcomp24-NoOverflows/Main/array-multidimensional/diff-2-n-u.yml.parf. Skipping...
Warning: No Final parameter found in ./svcomp24-NoOverflows/Main/array-multidimensional/copy-3-n-u.yml.parf. Skipping...
Warning: No Final parameter found in ./svcomp24-NoOverflows/Main/array-multidimensional/init-3-u.yml.parf. Skipping...
Final parameter extracted and saved to ./svcomp24-NoOverflows/Main/array-memsafety/cstrcspn-alloca-1.yml.config
Final parameter extracted and saved to ./svcomp24-NoOverflows/Main/array-memsafety/insertionsort-alloca-1.yml.config
Final parameter extracted and saved to ./svcomp24-NoOverflows/Main/array-memsafety/openbsd_cstrcspn-alloca-2.yml.config
Final parameter extracted and saved to ./svcomp24-NoOverflows/Main/array-memsafety/cstrcmp-alloca-2.yml.config
Final parameter extracted and saved to ./svcomp24-NoOverflows/Main/array-memsafety/openbsd_cstrcpy-alloca-2.yml.config
Final parameter extracted and saved to ./svcomp24-NoOverflows/Main/array-memsafety/openbsd_cstrnlen-alloca-1.yml.config
Final parameter extracted and saved to ./svcomp24-NoOverflows/Main/array-memsafety/subseq-alloca-2.yml.config
Final parameter extracted and saved to ./svcomp24-NoOverflows/Main/array-memsafety/mult_array-alloca-1.yml.config
Final parameter extracted and saved to ./svcomp24-NoOverflows/Main/array-memsafety/openbsd_cstrspn-alloca-2.yml.config
Final parameter extracted and saved to ./svcomp24-NoOverflows/Main/array-memsafety/openbsd_cstrncpy-alloca-2.yml.config
Final parameter extracted and saved to ./svcomp24-NoOverflows/Main/array-memsafety/substring-alloca-2.yml.config
Final parameter extracted and saved to ./svcomp24-NoOverflows/Main/array-memsafety/openbsd_cstpncpy-alloca-1.yml.config
Final parameter extracted and saved to ./svcomp24-NoOverflows/Main/array-memsafety/openbsd_cmemchr-alloca-2.yml.config
Final parameter extracted and saved to ./svcomp24-NoOverflows/Main/array-memsafety/openbsd_cstrstr-alloca-2.yml.config
Final parameter extracted and saved to ./svcomp24-NoOverflows/Main/array-memsafety/openbsd_cmemrchr-alloca-2.yml.config
Final parameter extracted and saved to ./svcomp24-NoOverflows/Main/array-memsafety/bubblesort-alloca-2.yml.config
Final parameter extracted and saved to ./svcomp24-NoOverflows/Main/array-memsafety/cstrlen-alloca-2.yml.config
Final parameter extracted and saved to ./svcomp24-NoOverflows/Main/array-memsafety/cstrchr-alloca-2.yml.config
Final parameter extracted and saved to ./svcomp24-NoOverflows/Main/array-memsafety/add_last-alloca-1.yml.config
Final parameter extracted and saved to ./svcomp24-NoOverflows/Main/array-memsafety/openbsd_cstrncat-alloca-2.yml.config
Final parameter extracted and saved to ./svcomp24-NoOverflows/Main/array-memsafety/cstrncmp-alloca-1.yml.config
Final parameter extracted and saved to ./svcomp24-NoOverflows/Main/array-memsafety/openbsd_cstrlen-alloca-1.yml.config
Final parameter extracted and saved to ./svcomp24-NoOverflows/Main/array-memsafety/selectionsort-alloca-1.yml.config
Final parameter extracted and saved to ./svcomp24-NoOverflows/Main/array-memsafety/java_BubbleSort-alloca-1.yml.config
Final parameter extracted and saved to ./svcomp24-NoOverflows/Main/array-memsafety/openbsd_cstrncmp-alloca-2.yml.config
Final parameter extracted and saved to ./svcomp24-NoOverflows/Main/array-memsafety/openbsd_cstrcat-alloca-2.yml.config
Final parameter extracted and saved to ./svcomp24-NoOverflows/Main/array-memsafety/cstrpbrk-alloca-2.yml.config
Final parameter extracted and saved to ./svcomp24-NoOverflows/Main/array-memsafety/stroeder2-alloca-1.yml.config
Final parameter extracted and saved to ./svcomp24-NoOverflows/Main/array-memsafety/cstrcpy-alloca-1.yml.config
Final parameter extracted and saved to ./svcomp24-NoOverflows/Main/array-memsafety/openbsd_cstrpbrk-alloca-2.yml.config
Final parameter extracted and saved to ./svcomp24-NoOverflows/Main/array-memsafety/stroeder1-alloca-1.yml.config
Final parameter extracted and saved to ./svcomp24-NoOverflows/Main/array-memsafety/array03-alloca-2.yml.config
Final parameter extracted and saved to ./svcomp24-NoOverflows/Main/array-memsafety/openbsd_cstrcmp-alloca-1.yml.config
Final parameter extracted and saved to ./svcomp24-NoOverflows/Main/array-memsafety/openbsd_cstpcpy-alloca-1.yml.config
Final parameter extracted and saved to ./svcomp24-NoOverflows/Main/array-memsafety/cstrspn-alloca-1.yml.config
Final parameter extracted and saved to ./svcomp24-NoOverflows/Main/array-memsafety/cstrcat-alloca-2.yml.config
Final parameter extracted and saved to ./svcomp24-NoOverflows/Main/recursified_loop-invariants/recursified_odd.yml.config
Final parameter extracted and saved to ./svcomp24-NoOverflows/Main/recursified_loop-invariants/recursified_eq2.yml.config
Final parameter extracted and saved to ./svcomp24-NoOverflows/Main/recursified_loop-invariants/recursified_mod4.yml.config
Final parameter extracted and saved to ./svcomp24-NoOverflows/Main/recursified_loop-invariants/recursified_even.yml.config
Final parameter extracted and saved to ./svcomp24-NoOverflows/Main/recursified_loop-invariants/recursified_linear-inequality-inv-a.yml.config
Final parameter extracted and saved to ./svcomp24-NoOverflows/Main/recursified_loop-invariants/recursified_bin-suffix-5.yml.config
Final parameter extracted and saved to ./svcomp24-NoOverflows/Main/recursified_loop-invariants/recursified_const.yml.config
Final parameter extracted and saved to ./svcomp24-NoOverflows/Main/recursified_loop-invariants/recursified_eq1.yml.config
Final parameter extracted and saved to ./svcomp24-NoOverflows/Main/recursified_loop-invariants/recursified_linear-inequality-inv-b.yml.config
Final parameter extracted and saved to ./svcomp24-NoOverflows/Main/termination-dietlibc/strrchr_short.yml.config
Final parameter extracted and saved to ./svcomp24-NoOverflows/Main/termination-dietlibc/basename-3.yml.config
Final parameter extracted and saved to ./svcomp24-NoOverflows/Main/termination-dietlibc/strchr-1.yml.config
Final parameter extracted and saved to ./svcomp24-NoOverflows/Main/termination-dietlibc/stpcpy.yml.config
Final parameter extracted and saved to ./svcomp24-NoOverflows/Main/termination-dietlibc/wcsrchr.yml.config
Final parameter extracted and saved to ./svcomp24-NoOverflows/Main/termination-dietlibc/strtoul.yml.config
Final parameter extracted and saved to ./svcomp24-NoOverflows/Main/termination-dietlibc/strrchr.yml.config
Final parameter extracted and saved to ./svcomp24-NoOverflows/Main/termination-dietlibc/strdup.yml.config
Final parameter extracted and saved to ./svcomp24-NoOverflows/Main/termination-dietlibc/strchr_short.yml.config
Final parameter extracted and saved to ./svcomp24-NoOverflows/Main/termination-dietlibc/strspn.yml.config
Final parameter extracted and saved to ./svcomp24-NoOverflows/Main/termination-dietlibc/strlen.yml.config
Final parameter extracted and saved to ./svcomp24-NoOverflows/Main/termination-dietlibc/strtoull.yml.config
Final parameter extracted and saved to ./svcomp24-NoOverflows/Main/termination-dietlibc/strcpy_small.yml.config
Final parameter extracted and saved to ./svcomp24-NoOverflows/Main/termination-dietlibc/strtol.yml.config
Final parameter extracted and saved to ./svcomp24-NoOverflows/Main/termination-dietlibc/strstr.yml.config
Final parameter extracted and saved to ./svcomp24-NoOverflows/Main/termination-dietlibc/skip_to.yml.config
Final parameter extracted and saved to ./svcomp24-NoOverflows/Main/termination-dietlibc/strpbrk.yml.config
Final parameter extracted and saved to ./svcomp24-NoOverflows/Main/loop-industry-pattern/ofuf_1.yml.config
Final parameter extracted and saved to ./svcomp24-NoOverflows/Main/loop-industry-pattern/ofuf_5.yml.config
Final parameter extracted and saved to ./svcomp24-NoOverflows/Main/loop-industry-pattern/ofuf_2.yml.config
Final parameter extracted and saved to ./svcomp24-NoOverflows/Main/loop-industry-pattern/ofuf_3.yml.config
Final parameter extracted and saved to ./svcomp24-NoOverflows/Main/loop-industry-pattern/ofuf_4.yml.config
Final parameter extracted and saved to ./svcomp24-NoOverflows/Main/loop-industry-pattern/nested-3.yml.config
Final parameter extracted and saved to ./svcomp24-NoOverflows/Main/memsafety-ext2/optional_data_creation_test04-2.yml.config
Final parameter extracted and saved to ./svcomp24-NoOverflows/Main/memsafety-ext2/complex_data_creation_test01-2.yml.config
Final parameter extracted and saved to ./svcomp24-NoOverflows/Main/memsafety-ext2/length_test03-1.yml.config
Final parameter extracted and saved to ./svcomp24-NoOverflows/Main/memsafety-ext2/length_test03-2.yml.config
Final parameter extracted and saved to ./svcomp24-NoOverflows/Main/memsafety-ext2/complex_data_creation_test02-1.yml.config
Final parameter extracted and saved to ./svcomp24-NoOverflows/Main/memsafety-ext2/optional_data_creation_test04-1.yml.config
Final parameter extracted and saved to ./svcomp24-NoOverflows/Main/memsafety-ext2/split_list_test05-2.yml.config
Final parameter extracted and saved to ./svcomp24-NoOverflows/Main/list-simple/dll2n_remove_all.yml.config
Final parameter extracted and saved to ./svcomp24-NoOverflows/Main/list-simple/dll2n_update_all_reverse.yml.config
Final parameter extracted and saved to ./svcomp24-NoOverflows/Main/list-simple/sll2n_prepend_unequal.yml.config
Final parameter extracted and saved to ./svcomp24-NoOverflows/Main/list-simple/sll2c_remove_all.yml.config
Final parameter extracted and saved to ./svcomp24-NoOverflows/Main/list-simple/dll2c_remove_all.yml.config
Final parameter extracted and saved to ./svcomp24-NoOverflows/Main/list-simple/dll2n_remove_all_reverse.yml.config
Final parameter extracted and saved to ./svcomp24-NoOverflows/Main/list-simple/dll2c_update_all.yml.config
Final parameter extracted and saved to ./svcomp24-NoOverflows/Main/list-simple/dll2n_update_all.yml.config
Final parameter extracted and saved to ./svcomp24-NoOverflows/Main/list-simple/sll2c_remove_all_reverse.yml.config
Final parameter extracted and saved to ./svcomp24-NoOverflows/Main/list-simple/sll2n_update_all_reverse.yml.config
Final parameter extracted and saved to ./svcomp24-NoOverflows/Main/list-simple/dll2c_update_all_reverse.yml.config
Final parameter extracted and saved to ./svcomp24-NoOverflows/Main/list-simple/dll2c_insert_unequal.yml.config
Final parameter extracted and saved to ./svcomp24-NoOverflows/Main/list-simple/sll2c_update_all_reverse.yml.config
Final parameter extracted and saved to ./svcomp24-NoOverflows/Main/list-simple/sll2n_remove_all.yml.config
Final parameter extracted and saved to ./svcomp24-NoOverflows/Main/list-simple/sll2n_update_all.yml.config
Final parameter extracted and saved to ./svcomp24-NoOverflows/Main/list-simple/sll2c_update_all.yml.config
Final parameter extracted and saved to ./svcomp24-NoOverflows/Main/list-simple/sll2n_prepend_equal.yml.config
Final parameter extracted and saved to ./svcomp24-NoOverflows/Main/list-simple/dll2c_remove_all_reverse.yml.config
Final parameter extracted and saved to ./svcomp24-NoOverflows/Main/list-simple/sll2n_append_unequal.yml.config
Final parameter extracted and saved to ./svcomp24-NoOverflows/Main/list-simple/sll2n_remove_all_reverse.yml.config
Final parameter extracted and saved to ./svcomp24-NoOverflows/Main/array-cav19/array_init_nondet_vars.yml.config
Final parameter extracted and saved to ./svcomp24-NoOverflows/Main/ldv-memsafety/ArraysWithLenghtAtDeclaration.yml.config
Final parameter extracted and saved to ./svcomp24-NoOverflows/Main/ldv-memsafety/memleaks_test22_4.yml.config
Final parameter extracted and saved to ./svcomp24-NoOverflows/Main/ldv-memsafety/memleaks_test22_3-1.yml.config
Final parameter extracted and saved to ./svcomp24-NoOverflows/Main/ldv-memsafety/memleaks_test17_3.yml.config
Final parameter extracted and saved to ./svcomp24-NoOverflows/Main/ldv-memsafety/ArraysOfVariableLength4.yml.config
Final parameter extracted and saved to ./svcomp24-NoOverflows/Main/ldv-memsafety/memleaks_test12-2.yml.config
Final parameter extracted and saved to ./svcomp24-NoOverflows/Main/ldv-memsafety/ArraysOfVariableLength.yml.config
Final parameter extracted and saved to ./svcomp24-NoOverflows/Main/ldv-memsafety/memleaks_test18_1.yml.config
Final parameter extracted and saved to ./svcomp24-NoOverflows/Main/ldv-memsafety/memleaks_test17_2-2.yml.config
Final parameter extracted and saved to ./svcomp24-NoOverflows/Main/ldv-memsafety/ArraysOfVariableLength6.yml.config
Final parameter extracted and saved to ./svcomp24-NoOverflows/Main/ldv-memsafety/memleaks_test22_1-1.yml.config
Final parameter extracted and saved to ./svcomp24-NoOverflows/Main/ldv-memsafety/memleaks_test22_1-2.yml.config
Final parameter extracted and saved to ./svcomp24-NoOverflows/Main/ldv-memsafety/memleaks_test18_2.yml.config
Final parameter extracted and saved to ./svcomp24-NoOverflows/Main/ldv-memsafety/memleaks_test18.yml.config
Final parameter extracted and saved to ./svcomp24-NoOverflows/Main/ldv-memsafety/memleaks_test18_3.yml.config
Final parameter extracted and saved to ./svcomp24-NoOverflows/Main/ldv-memsafety/ArraysOfVariableLength5.yml.config
Final parameter extracted and saved to ./svcomp24-NoOverflows/Main/ldv-memsafety/memleaks_test22_2-2.yml.config
Final parameter extracted and saved to ./svcomp24-NoOverflows/Main/systemc/mem_slave_tlm.1.cil.yml.config
Final parameter extracted and saved to ./svcomp24-NoOverflows/Main/systemc/token_ring.01.cil-1.yml.config
Final parameter extracted and saved to ./svcomp24-NoOverflows/Main/systemc/pc_sfifo_3.cil.yml.config
Final parameter extracted and saved to ./svcomp24-NoOverflows/Main/systemc/token_ring.02.cil-2.yml.config
Final parameter extracted and saved to ./svcomp24-NoOverflows/Main/systemc/kundu1.cil.yml.config
Final parameter extracted and saved to ./svcomp24-NoOverflows/Main/systemc/token_ring.01.cil-2.yml.config
Final parameter extracted and saved to ./svcomp24-NoOverflows/Main/systemc/token_ring.02.cil-1.yml.config
Final parameter extracted and saved to ./svcomp24-NoOverflows/Main/float-benchs/rlim_invariant.yml.config
Final parameter extracted and saved to ./svcomp24-NoOverflows/Main/float-benchs/zonotope_3.c.p+cfa-reducer.yml.config
Final parameter extracted and saved to ./svcomp24-NoOverflows/Main/float-benchs/filter1.c.v+nlh-reducer.yml.config
Final parameter extracted and saved to ./svcomp24-NoOverflows/Main/float-benchs/interpolation2.yml.config
Final parameter extracted and saved to ./svcomp24-NoOverflows/Main/float-benchs/Muller_Kahan.c.p+cfa-reducer.yml.config
Final parameter extracted and saved to ./svcomp24-NoOverflows/Main/float-benchs/filter2.yml.config
Final parameter extracted and saved to ./svcomp24-NoOverflows/Main/float-benchs/drift_tenth.c.p+cfa-reducer.yml.config
Final parameter extracted and saved to ./svcomp24-NoOverflows/Main/float-benchs/interpolation2.c.v+cfa-reducer.yml.config
Final parameter extracted and saved to ./svcomp24-NoOverflows/Main/float-benchs/filter1.yml.config
Final parameter extracted and saved to ./svcomp24-NoOverflows/Main/float-benchs/filter2_set.yml.config
Final parameter extracted and saved to ./svcomp24-NoOverflows/Main/float-benchs/zonotope_3.yml.config
Final parameter extracted and saved to ./svcomp24-NoOverflows/Main/float-benchs/bary_diverge.yml.config
Final parameter extracted and saved to ./svcomp24-NoOverflows/Main/float-benchs/rlim_invariant.c.p+cfa-reducer.yml.config
Final parameter extracted and saved to ./svcomp24-NoOverflows/Main/float-benchs/rlim_invariant.c.v+nlh-reducer.yml.config
Final parameter extracted and saved to ./svcomp24-NoOverflows/Main/float-benchs/feedback_diverge.yml.config
Final parameter extracted and saved to ./svcomp24-NoOverflows/Main/float-benchs/filter1.c.v+lhb-reducer.yml.config
Final parameter extracted and saved to ./svcomp24-NoOverflows/Main/float-benchs/interpolation.c.v+cfa-reducer.yml.config
Final parameter extracted and saved to ./svcomp24-NoOverflows/Main/float-benchs/divmul_buf_diverge.yml.config
Final parameter extracted and saved to ./svcomp24-NoOverflows/Main/float-benchs/inv_square_int.yml.config
Final parameter extracted and saved to ./svcomp24-NoOverflows/Main/float-benchs/interpolation.c.v+nlh-reducer.yml.config
Final parameter extracted and saved to ./svcomp24-NoOverflows/Main/float-benchs/interpolation.c.p+cfa-reducer.yml.config
Final parameter extracted and saved to ./svcomp24-NoOverflows/Main/float-benchs/water_pid.yml.config
Final parameter extracted and saved to ./svcomp24-NoOverflows/Main/float-benchs/interpolation2.c.v+nlh-reducer.yml.config
Final parameter extracted and saved to ./svcomp24-NoOverflows/Main/float-benchs/filter1.c.p+cfa-reducer.yml.config
Final parameter extracted and saved to ./svcomp24-NoOverflows/Main/float-benchs/divmul_diverge.yml.config
Final parameter extracted and saved to ./svcomp24-NoOverflows/Main/float-benchs/zonotope_2.yml.config
Final parameter extracted and saved to ./svcomp24-NoOverflows/Main/float-benchs/drift_tenth.yml.config
Final parameter extracted and saved to ./svcomp24-NoOverflows/Main/float-benchs/interpolation.yml.config
Final parameter extracted and saved to ./svcomp24-NoOverflows/Main/float-benchs/rlim_exit.yml.config
Final parameter extracted and saved to ./svcomp24-NoOverflows/Main/float-benchs/float_int_inv_square.yml.config
Final parameter extracted and saved to ./svcomp24-NoOverflows/Main/float-benchs/rlim_invariant.c.v+lhb-reducer.yml.config
Final parameter extracted and saved to ./svcomp24-NoOverflows/Main/float-benchs/Muller_Kahan.yml.config
Final parameter extracted and saved to ./svcomp24-NoOverflows/Main/float-benchs/filter2_reinit.yml.config
Final parameter extracted and saved to ./svcomp24-NoOverflows/Main/float-benchs/interpolation2.c.p+cfa-reducer.yml.config
Final parameter extracted and saved to ./svcomp24-NoOverflows/Main/float-benchs/zonotope_3.c.v+lhb-reducer.yml.config
Final parameter extracted and saved to ./svcomp24-NoOverflows/Main/seq-pthread/cs_peterson.yml.config
Final parameter extracted and saved to ./svcomp24-NoOverflows/Main/seq-pthread/cs_szymanski.yml.config
Final parameter extracted and saved to ./svcomp24-NoOverflows/Main/seq-pthread/cs_lamport.yml.config
Final parameter extracted and saved to ./svcomp24-NoOverflows/Main/seq-pthread/cs_time_var_mutex.yml.config
Final parameter extracted and saved to ./svcomp24-NoOverflows/Main/seq-pthread/cs_dekker.yml.config
Final parameter extracted and saved to ./svcomp24-NoOverflows/Main/seq-pthread/cs_lazy.yml.config
Final parameter extracted and saved to ./svcomp24-NoOverflows/Main/nla-digbench-scaling/dijkstra-u_unwindbound5.yml.config
Final parameter extracted and saved to ./svcomp24-NoOverflows/Main/nla-digbench-scaling/ps3-ll_unwindbound5.yml.config
Final parameter extracted and saved to ./svcomp24-NoOverflows/Main/nla-digbench-scaling/egcd2-ll_unwindbound20.yml.config
Final parameter extracted and saved to ./svcomp24-NoOverflows/Main/nla-digbench-scaling/freire2_valuebound100.yml.config
Final parameter extracted and saved to ./svcomp24-NoOverflows/Main/nla-digbench-scaling/sqrt1-ll_unwindbound20.yml.config
Final parameter extracted and saved to ./svcomp24-NoOverflows/Main/nla-digbench-scaling/egcd3-ll_unwindbound20.yml.config
Final parameter extracted and saved to ./svcomp24-NoOverflows/Main/nla-digbench-scaling/divbin2_valuebound100.yml.config
Final parameter extracted and saved to ./svcomp24-NoOverflows/Main/nla-digbench-scaling/cohencu-ll_unwindbound100.yml.config
Final parameter extracted and saved to ./svcomp24-NoOverflows/Main/nla-digbench-scaling/cohencu-ll_valuebound50.yml.config
Final parameter extracted and saved to ./svcomp24-NoOverflows/Main/nla-digbench-scaling/egcd-ll_unwindbound5.yml.config
Final parameter extracted and saved to ./svcomp24-NoOverflows/Main/nla-digbench-scaling/ps5-ll_unwindbound2.yml.config
Final parameter extracted and saved to ./svcomp24-NoOverflows/Main/nla-digbench-scaling/ps2-ll_unwindbound2.yml.config
Final parameter extracted and saved to ./svcomp24-NoOverflows/Main/nla-digbench-scaling/hard-ll_unwindbound2.yml.config
Final parameter extracted and saved to ./svcomp24-NoOverflows/Main/nla-digbench-scaling/knuth_unwindbound2.yml.config
Final parameter extracted and saved to ./svcomp24-NoOverflows/Main/nla-digbench-scaling/egcd-ll_unwindbound1.yml.config
Final parameter extracted and saved to ./svcomp24-NoOverflows/Main/nla-digbench-scaling/ps4-ll_unwindbound2.yml.config
Final parameter extracted and saved to ./svcomp24-NoOverflows/Main/nla-digbench-scaling/cohencu-ll_valuebound2.yml.config
Final parameter extracted and saved to ./svcomp24-NoOverflows/Main/nla-digbench-scaling/freire1_valuebound10.yml.config
Final parameter extracted and saved to ./svcomp24-NoOverflows/Main/nla-digbench-scaling/sqrt1-ll_valuebound20.yml.config
Final parameter extracted and saved to ./svcomp24-NoOverflows/Main/nla-digbench-scaling/cohencu-ll_valuebound1.yml.config
Final parameter extracted and saved to ./svcomp24-NoOverflows/Main/nla-digbench-scaling/ps6-ll_valuebound10.yml.config
Final parameter extracted and saved to ./svcomp24-NoOverflows/Main/nla-digbench-scaling/mannadiv_unwindbound50.yml.config
Final parameter extracted and saved to ./svcomp24-NoOverflows/Main/nla-digbench-scaling/geo1-u2_unwindbound5.yml.config
Final parameter extracted and saved to ./svcomp24-NoOverflows/Main/nla-digbench-scaling/fermat2-ll_unwindbound5.yml.config
Final parameter extracted and saved to ./svcomp24-NoOverflows/Main/nla-digbench-scaling/knuth_valuebound20.yml.config
Final parameter extracted and saved to ./svcomp24-NoOverflows/Main/nla-digbench-scaling/sqrt1-ll_valuebound2.yml.config
Final parameter extracted and saved to ./svcomp24-NoOverflows/Main/nla-digbench-scaling/prodbin-ll_unwindbound100.yml.config
Final parameter extracted and saved to ./svcomp24-NoOverflows/Main/nla-digbench-scaling/prod4br-ll_valuebound50.yml.config
Final parameter extracted and saved to ./svcomp24-NoOverflows/Main/nla-digbench-scaling/lcm2_unwindbound50.yml.config
Final parameter extracted and saved to ./svcomp24-NoOverflows/Main/nla-digbench-scaling/lcm1_unwindbound100.yml.config
Final parameter extracted and saved to ./svcomp24-NoOverflows/Main/nla-digbench-scaling/ps4-ll_unwindbound50.yml.config
Final parameter extracted and saved to ./svcomp24-NoOverflows/Main/nla-digbench-scaling/ps4-ll_valuebound100.yml.config
Final parameter extracted and saved to ./svcomp24-NoOverflows/Main/nla-digbench-scaling/mannadiv_valuebound1.yml.config
Final parameter extracted and saved to ./svcomp24-NoOverflows/Main/nla-digbench-scaling/egcd2-ll_valuebound5.yml.config
Final parameter extracted and saved to ./svcomp24-NoOverflows/Main/nla-digbench-scaling/egcd2-ll_unwindbound5.yml.config
Final parameter extracted and saved to ./svcomp24-NoOverflows/Main/nla-digbench-scaling/fermat2-ll_unwindbound10.yml.config
Final parameter extracted and saved to ./svcomp24-NoOverflows/Main/nla-digbench-scaling/divbin_unwindbound2.yml.config
Final parameter extracted and saved to ./svcomp24-NoOverflows/Main/nla-digbench-scaling/knuth_valuebound5.yml.config
Final parameter extracted and saved to ./svcomp24-NoOverflows/Main/nla-digbench-scaling/fermat1-ll_unwindbound100.yml.config
Final parameter extracted and saved to ./svcomp24-NoOverflows/Main/nla-digbench-scaling/prodbin-ll_valuebound5.yml.config
Final parameter extracted and saved to ./svcomp24-NoOverflows/Main/nla-digbench-scaling/divbin_unwindbound50.yml.config
Final parameter extracted and saved to ./svcomp24-NoOverflows/Main/nla-digbench-scaling/ps3-ll_valuebound100.yml.config
Final parameter extracted and saved to ./svcomp24-NoOverflows/Main/nla-digbench-scaling/lcm2_valuebound50.yml.config
Final parameter extracted and saved to ./svcomp24-NoOverflows/Main/nla-digbench-scaling/prodbin-ll_unwindbound50.yml.config
Final parameter extracted and saved to ./svcomp24-NoOverflows/Main/nla-digbench-scaling/hard2_unwindbound10.yml.config
Final parameter extracted and saved to ./svcomp24-NoOverflows/Main/nla-digbench-scaling/ps4-ll_unwindbound100.yml.config
Final parameter extracted and saved to ./svcomp24-NoOverflows/Main/nla-digbench-scaling/fermat2-ll_unwindbound50.yml.config
Final parameter extracted and saved to ./svcomp24-NoOverflows/Main/nla-digbench-scaling/cohencu-ll_unwindbound50.yml.config
Final parameter extracted and saved to ./svcomp24-NoOverflows/Main/nla-digbench-scaling/divbin2_unwindbound2.yml.config
Final parameter extracted and saved to ./svcomp24-NoOverflows/Main/nla-digbench-scaling/ps5-ll_valuebound20.yml.config
Final parameter extracted and saved to ./svcomp24-NoOverflows/Main/nla-digbench-scaling/knuth_unwindbound20.yml.config
Final parameter extracted and saved to ./svcomp24-NoOverflows/Main/nla-digbench-scaling/sqrt1-ll_valuebound100.yml.config
Final parameter extracted and saved to ./svcomp24-NoOverflows/Main/nla-digbench-scaling/knuth_valuebound50.yml.config
Final parameter extracted and saved to ./svcomp24-NoOverflows/Main/nla-digbench-scaling/hard-u_valuebound10.yml.config
Final parameter extracted and saved to ./svcomp24-NoOverflows/Main/nla-digbench-scaling/sqrt1-ll_unwindbound2.yml.config
Final parameter extracted and saved to ./svcomp24-NoOverflows/Main/nla-digbench-scaling/geo1-u2_unwindbound100.yml.config
Final parameter extracted and saved to ./svcomp24-NoOverflows/Main/nla-digbench-scaling/lcm1_valuebound2.yml.config
Final parameter extracted and saved to ./svcomp24-NoOverflows/Main/nla-digbench-scaling/hard-ll_valuebound2.yml.config
Final parameter extracted and saved to ./svcomp24-NoOverflows/Main/nla-digbench-scaling/ps6-ll_unwindbound50.yml.config
Final parameter extracted and saved to ./svcomp24-NoOverflows/Main/nla-digbench-scaling/geo3-ll_valuebound5.yml.config
Final parameter extracted and saved to ./svcomp24-NoOverflows/Main/nla-digbench-scaling/dijkstra-u_valuebound2.yml.config
Final parameter extracted and saved to ./svcomp24-NoOverflows/Main/nla-digbench-scaling/ps3-ll_unwindbound50.yml.config
Final parameter extracted and saved to ./svcomp24-NoOverflows/Main/nla-digbench-scaling/cohendiv-ll_valuebound2.yml.config
Final parameter extracted and saved to ./svcomp24-NoOverflows/Main/nla-digbench-scaling/hard-ll_unwindbound20.yml.config
Final parameter extracted and saved to ./svcomp24-NoOverflows/Main/nla-digbench-scaling/divbin_valuebound10.yml.config
Final parameter extracted and saved to ./svcomp24-NoOverflows/Main/nla-digbench-scaling/ps6-ll_valuebound20.yml.config
Final parameter extracted and saved to ./svcomp24-NoOverflows/Main/nla-digbench-scaling/fermat1-ll_unwindbound10.yml.config
Final parameter extracted and saved to ./svcomp24-NoOverflows/Main/nla-digbench-scaling/divbin2_unwindbound10.yml.config
Final parameter extracted and saved to ./svcomp24-NoOverflows/Main/nla-digbench-scaling/bresenham-ll_valuebound50.yml.config
Final parameter extracted and saved to ./svcomp24-NoOverflows/Main/nla-digbench-scaling/freire1_valuebound2.yml.config
Final parameter extracted and saved to ./svcomp24-NoOverflows/Main/nla-digbench-scaling/prodbin-ll_unwindbound10.yml.config
Final parameter extracted and saved to ./svcomp24-NoOverflows/Main/nla-digbench-scaling/lcm1_valuebound1.yml.config
Final parameter extracted and saved to ./svcomp24-NoOverflows/Main/nla-digbench-scaling/ps2-ll_valuebound5.yml.config
Final parameter extracted and saved to ./svcomp24-NoOverflows/Main/nla-digbench-scaling/freire2_valuebound50.yml.config
Final parameter extracted and saved to ./svcomp24-NoOverflows/Main/nla-digbench-scaling/hard-ll_valuebound5.yml.config
Final parameter extracted and saved to ./svcomp24-NoOverflows/Main/nla-digbench-scaling/prodbin-ll_valuebound2.yml.config
Final parameter extracted and saved to ./svcomp24-NoOverflows/Main/nla-digbench-scaling/hard2_unwindbound5.yml.config
Final parameter extracted and saved to ./svcomp24-NoOverflows/Main/nla-digbench-scaling/ps6-ll_unwindbound10.yml.config
Final parameter extracted and saved to ./svcomp24-NoOverflows/Main/nla-digbench-scaling/lcm1_unwindbound20.yml.config
Final parameter extracted and saved to ./svcomp24-NoOverflows/Main/nla-digbench-scaling/prodbin-ll_unwindbound20.yml.config
Final parameter extracted and saved to ./svcomp24-NoOverflows/Main/nla-digbench-scaling/egcd2-ll_unwindbound10.yml.config
Final parameter extracted and saved to ./svcomp24-NoOverflows/Main/nla-digbench-scaling/cohencu-ll_unwindbound1.yml.config
Final parameter extracted and saved to ./svcomp24-NoOverflows/Main/nla-digbench-scaling/lcm2_unwindbound5.yml.config
Final parameter extracted and saved to ./svcomp24-NoOverflows/Main/nla-digbench-scaling/divbin_valuebound50.yml.config
Final parameter extracted and saved to ./svcomp24-NoOverflows/Main/nla-digbench-scaling/lcm2_valuebound10.yml.config
Final parameter extracted and saved to ./svcomp24-NoOverflows/Main/nla-digbench-scaling/lcm1_valuebound100.yml.config
Final parameter extracted and saved to ./svcomp24-NoOverflows/Main/nla-digbench-scaling/divbin2_unwindbound50.yml.config
Final parameter extracted and saved to ./svcomp24-NoOverflows/Main/nla-digbench-scaling/lcm2_unwindbound10.yml.config
Final parameter extracted and saved to ./svcomp24-NoOverflows/Main/nla-digbench-scaling/prodbin-ll_unwindbound2.yml.config
Final parameter extracted and saved to ./svcomp24-NoOverflows/Main/nla-digbench-scaling/ps6-ll_unwindbound2.yml.config
Final parameter extracted and saved to ./svcomp24-NoOverflows/Main/nla-digbench-scaling/geo1-ll_valuebound5.yml.config
Final parameter extracted and saved to ./svcomp24-NoOverflows/Main/nla-digbench-scaling/egcd2-ll_unwindbound100.yml.config
Final parameter extracted and saved to ./svcomp24-NoOverflows/Main/nla-digbench-scaling/lcm2_valuebound5.yml.config
Final parameter extracted and saved to ./svcomp24-NoOverflows/Main/nla-digbench-scaling/bresenham-ll_valuebound1.yml.config
Final parameter extracted and saved to ./svcomp24-NoOverflows/Main/nla-digbench-scaling/ps4-ll_unwindbound5.yml.config
Final parameter extracted and saved to ./svcomp24-NoOverflows/Main/nla-digbench-scaling/cohendiv-ll_unwindbound10.yml.config
Final parameter extracted and saved to ./svcomp24-NoOverflows/Main/nla-digbench-scaling/divbin2_unwindbound1.yml.config
Final parameter extracted and saved to ./svcomp24-NoOverflows/Main/nla-digbench-scaling/prod4br-ll_unwindbound5.yml.config
Final parameter extracted and saved to ./svcomp24-NoOverflows/Main/nla-digbench-scaling/fermat1-ll_valuebound10.yml.config
Final parameter extracted and saved to ./svcomp24-NoOverflows/Main/nla-digbench-scaling/lcm2_unwindbound1.yml.config
Final parameter extracted and saved to ./svcomp24-NoOverflows/Main/nla-digbench-scaling/divbin2_valuebound2.yml.config
Final parameter extracted and saved to ./svcomp24-NoOverflows/Main/nla-digbench-scaling/freire2_valuebound10.yml.config
Final parameter extracted and saved to ./svcomp24-NoOverflows/Main/nla-digbench-scaling/freire1_valuebound50.yml.config
Final parameter extracted and saved to ./svcomp24-NoOverflows/Main/nla-digbench-scaling/divbin_unwindbound1.yml.config
Final parameter extracted and saved to ./svcomp24-NoOverflows/Main/nla-digbench-scaling/bresenham-ll_valuebound20.yml.config
Final parameter extracted and saved to ./svcomp24-NoOverflows/Main/nla-digbench-scaling/hard2_unwindbound1.yml.config
Final parameter extracted and saved to ./svcomp24-NoOverflows/Main/nla-digbench-scaling/ps4-ll_valuebound1.yml.config
Final parameter extracted and saved to ./svcomp24-NoOverflows/Main/nla-digbench-scaling/fermat1-ll_valuebound20.yml.config
Final parameter extracted and saved to ./svcomp24-NoOverflows/Main/nla-digbench-scaling/divbin_unwindbound10.yml.config
Final parameter extracted and saved to ./svcomp24-NoOverflows/Main/nla-digbench-scaling/ps6-ll_valuebound1.yml.config
Final parameter extracted and saved to ./svcomp24-NoOverflows/Main/nla-digbench-scaling/hard-ll_valuebound1.yml.config
Final parameter extracted and saved to ./svcomp24-NoOverflows/Main/nla-digbench-scaling/hard2_unwindbound50.yml.config
Final parameter extracted and saved to ./svcomp24-NoOverflows/Main/nla-digbench-scaling/bresenham-ll_unwindbound5.yml.config
Final parameter extracted and saved to ./svcomp24-NoOverflows/Main/nla-digbench-scaling/bresenham-ll_unwindbound2.yml.config
Final parameter extracted and saved to ./svcomp24-NoOverflows/Main/nla-digbench-scaling/ps5-ll_valuebound5.yml.config
Final parameter extracted and saved to ./svcomp24-NoOverflows/Main/nla-digbench-scaling/fermat1-ll_unwindbound5.yml.config
Final parameter extracted and saved to ./svcomp24-NoOverflows/Main/nla-digbench-scaling/egcd3-ll_valuebound100.yml.config
Final parameter extracted and saved to ./svcomp24-NoOverflows/Main/nla-digbench-scaling/fermat2-ll_valuebound20.yml.config
Final parameter extracted and saved to ./svcomp24-NoOverflows/Main/nla-digbench-scaling/hard2_unwindbound100.yml.config
Final parameter extracted and saved to ./svcomp24-NoOverflows/Main/nla-digbench-scaling/mannadiv_unwindbound1.yml.config
Final parameter extracted and saved to ./svcomp24-NoOverflows/Main/nla-digbench-scaling/sqrt1-ll_valuebound1.yml.config
Final parameter extracted and saved to ./svcomp24-NoOverflows/Main/nla-digbench-scaling/prod4br-ll_unwindbound50.yml.config
Final parameter extracted and saved to ./svcomp24-NoOverflows/Main/nla-digbench-scaling/cohencu-ll_valuebound5.yml.config
Final parameter extracted and saved to ./svcomp24-NoOverflows/Main/nla-digbench-scaling/hard-u_unwindbound50.yml.config
Final parameter extracted and saved to ./svcomp24-NoOverflows/Main/nla-digbench-scaling/divbin_valuebound5.yml.config
Final parameter extracted and saved to ./svcomp24-NoOverflows/Main/nla-digbench-scaling/cohendiv-ll_valuebound100.yml.config
Final parameter extracted and saved to ./svcomp24-NoOverflows/Main/nla-digbench-scaling/ps2-ll_unwindbound5.yml.config
Final parameter extracted and saved to ./svcomp24-NoOverflows/Main/nla-digbench-scaling/egcd3-ll_valuebound2.yml.config
Final parameter extracted and saved to ./svcomp24-NoOverflows/Main/nla-digbench-scaling/cohendiv-ll_valuebound10.yml.config
Final parameter extracted and saved to ./svcomp24-NoOverflows/Main/nla-digbench-scaling/lcm1_valuebound20.yml.config
Final parameter extracted and saved to ./svcomp24-NoOverflows/Main/nla-digbench-scaling/cohendiv-ll_valuebound50.yml.config
Final parameter extracted and saved to ./svcomp24-NoOverflows/Main/nla-digbench-scaling/mannadiv_unwindbound5.yml.config
Final parameter extracted and saved to ./svcomp24-NoOverflows/Main/nla-digbench-scaling/hard2_unwindbound2.yml.config
Final parameter extracted and saved to ./svcomp24-NoOverflows/Main/nla-digbench-scaling/fermat2-ll_unwindbound1.yml.config
Final parameter extracted and saved to ./svcomp24-NoOverflows/Main/nla-digbench-scaling/fermat1-ll_valuebound2.yml.config
Final parameter extracted and saved to ./svcomp24-NoOverflows/Main/nla-digbench-scaling/bresenham-ll_unwindbound20.yml.config
Final parameter extracted and saved to ./svcomp24-NoOverflows/Main/nla-digbench-scaling/lcm2_valuebound1.yml.config
Final parameter extracted and saved to ./svcomp24-NoOverflows/Main/nla-digbench-scaling/ps6-ll_valuebound100.yml.config
Final parameter extracted and saved to ./svcomp24-NoOverflows/Main/nla-digbench-scaling/ps2-ll_valuebound100.yml.config
Final parameter extracted and saved to ./svcomp24-NoOverflows/Main/nla-digbench-scaling/ps5-ll_valuebound50.yml.config
Final parameter extracted and saved to ./svcomp24-NoOverflows/Main/nla-digbench-scaling/ps5-ll_valuebound10.yml.config
Final parameter extracted and saved to ./svcomp24-NoOverflows/Main/nla-digbench-scaling/egcd-ll_unwindbound100.yml.config
Final parameter extracted and saved to ./svcomp24-NoOverflows/Main/nla-digbench-scaling/lcm2_unwindbound20.yml.config
Final parameter extracted and saved to ./svcomp24-NoOverflows/Main/nla-digbench-scaling/hard-u_unwindbound5.yml.config
Final parameter extracted and saved to ./svcomp24-NoOverflows/Main/nla-digbench-scaling/knuth_valuebound1.yml.config
Final parameter extracted and saved to ./svcomp24-NoOverflows/Main/nla-digbench-scaling/prodbin-ll_unwindbound5.yml.config
Final parameter extracted and saved to ./svcomp24-NoOverflows/Main/nla-digbench-scaling/bresenham-ll_unwindbound50.yml.config
Final parameter extracted and saved to ./svcomp24-NoOverflows/Main/nla-digbench-scaling/lcm1_valuebound10.yml.config
Final parameter extracted and saved to ./svcomp24-NoOverflows/Main/nla-digbench-scaling/egcd3-ll_valuebound5.yml.config
Final parameter extracted and saved to ./svcomp24-NoOverflows/Main/nla-digbench-scaling/fermat1-ll_valuebound100.yml.config
Final parameter extracted and saved to ./svcomp24-NoOverflows/Main/nla-digbench-scaling/fermat1-ll_unwindbound1.yml.config
Final parameter extracted and saved to ./svcomp24-NoOverflows/Main/nla-digbench-scaling/ps4-ll_unwindbound10.yml.config
Final parameter extracted and saved to ./svcomp24-NoOverflows/Main/nla-digbench-scaling/lcm1_unwindbound10.yml.config
Final parameter extracted and saved to ./svcomp24-NoOverflows/Main/nla-digbench-scaling/hard2_valuebound20.yml.config
Final parameter extracted and saved to ./svcomp24-NoOverflows/Main/nla-digbench-scaling/sqrt1-ll_unwindbound100.yml.config
Final parameter extracted and saved to ./svcomp24-NoOverflows/Main/nla-digbench-scaling/divbin2_unwindbound5.yml.config
Final parameter extracted and saved to ./svcomp24-NoOverflows/Main/nla-digbench-scaling/ps6-ll_unwindbound1.yml.config
Final parameter extracted and saved to ./svcomp24-NoOverflows/Main/nla-digbench-scaling/dijkstra-u_unwindbound50.yml.config
Final parameter extracted and saved to ./svcomp24-NoOverflows/Main/nla-digbench-scaling/freire1_valuebound1.yml.config
Final parameter extracted and saved to ./svcomp24-NoOverflows/Main/nla-digbench-scaling/divbin2_valuebound1.yml.config
Final parameter extracted and saved to ./svcomp24-NoOverflows/Main/nla-digbench-scaling/hard-ll_valuebound10.yml.config
Final parameter extracted and saved to ./svcomp24-NoOverflows/Main/nla-digbench-scaling/hard-ll_valuebound100.yml.config
Final parameter extracted and saved to ./svcomp24-NoOverflows/Main/nla-digbench-scaling/dijkstra-u_unwindbound2.yml.config
Final parameter extracted and saved to ./svcomp24-NoOverflows/Main/nla-digbench-scaling/dijkstra-u_valuebound100.yml.config
Final parameter extracted and saved to ./svcomp24-NoOverflows/Main/nla-digbench-scaling/ps6-ll_valuebound5.yml.config
Final parameter extracted and saved to ./svcomp24-NoOverflows/Main/nla-digbench-scaling/lcm1_valuebound50.yml.config
Final parameter extracted and saved to ./svcomp24-NoOverflows/Main/nla-digbench-scaling/hard-ll_unwindbound50.yml.config
Final parameter extracted and saved to ./svcomp24-NoOverflows/Main/nla-digbench-scaling/mannadiv_valuebound2.yml.config
Final parameter extracted and saved to ./svcomp24-NoOverflows/Main/nla-digbench-scaling/fermat2-ll_valuebound5.yml.config
Final parameter extracted and saved to ./svcomp24-NoOverflows/Main/nla-digbench-scaling/sqrt1-ll_valuebound5.yml.config
Final parameter extracted and saved to ./svcomp24-NoOverflows/Main/nla-digbench-scaling/divbin_unwindbound5.yml.config
Final parameter extracted and saved to ./svcomp24-NoOverflows/Main/nla-digbench-scaling/mannadiv_unwindbound10.yml.config
Final parameter extracted and saved to ./svcomp24-NoOverflows/Main/nla-digbench-scaling/egcd3-ll_unwindbound5.yml.config
Final parameter extracted and saved to ./svcomp24-NoOverflows/Main/nla-digbench-scaling/egcd-ll_valuebound50.yml.config
Final parameter extracted and saved to ./svcomp24-NoOverflows/Main/nla-digbench-scaling/knuth_valuebound100.yml.config
Final parameter extracted and saved to ./svcomp24-NoOverflows/Main/nla-digbench-scaling/hard-ll_unwindbound100.yml.config
Final parameter extracted and saved to ./svcomp24-NoOverflows/Main/nla-digbench-scaling/egcd3-ll_unwindbound2.yml.config
Final parameter extracted and saved to ./svcomp24-NoOverflows/Main/nla-digbench-scaling/ps4-ll_unwindbound1.yml.config
Final parameter extracted and saved to ./svcomp24-NoOverflows/Main/nla-digbench-scaling/bresenham-ll_unwindbound100.yml.config
Final parameter extracted and saved to ./svcomp24-NoOverflows/Main/nla-digbench-scaling/ps6-ll_valuebound2.yml.config
Final parameter extracted and saved to ./svcomp24-NoOverflows/Main/nla-digbench-scaling/bresenham-ll_valuebound10.yml.config
Final parameter extracted and saved to ./svcomp24-NoOverflows/Main/nla-digbench-scaling/hard-u_valuebound2.yml.config
Final parameter extracted and saved to ./svcomp24-NoOverflows/Main/nla-digbench-scaling/cohendiv-ll_unwindbound50.yml.config
Final parameter extracted and saved to ./svcomp24-NoOverflows/Main/nla-digbench-scaling/sqrt1-ll_unwindbound50.yml.config
Final parameter extracted and saved to ./svcomp24-NoOverflows/Main/nla-digbench-scaling/ps5-ll_valuebound2.yml.config
Final parameter extracted and saved to ./svcomp24-NoOverflows/Main/nla-digbench-scaling/dijkstra-u_unwindbound100.yml.config
Final parameter extracted and saved to ./svcomp24-NoOverflows/Main/nla-digbench-scaling/knuth_unwindbound50.yml.config
Final parameter extracted and saved to ./svcomp24-NoOverflows/Main/nla-digbench-scaling/ps3-ll_unwindbound100.yml.config
Final parameter extracted and saved to ./svcomp24-NoOverflows/Main/nla-digbench-scaling/ps4-ll_valuebound5.yml.config
Final parameter extracted and saved to ./svcomp24-NoOverflows/Main/nla-digbench-scaling/divbin_unwindbound100.yml.config
Final parameter extracted and saved to ./svcomp24-NoOverflows/Main/nla-digbench-scaling/prodbin-ll_valuebound100.yml.config
Final parameter extracted and saved to ./svcomp24-NoOverflows/Main/nla-digbench-scaling/fermat1-ll_unwindbound2.yml.config
Final parameter extracted and saved to ./svcomp24-NoOverflows/Main/nla-digbench-scaling/ps3-ll_unwindbound1.yml.config
Final parameter extracted and saved to ./svcomp24-NoOverflows/Main/nla-digbench-scaling/ps3-ll_unwindbound10.yml.config
Final parameter extracted and saved to ./svcomp24-NoOverflows/Main/nla-digbench-scaling/hard-u_valuebound20.yml.config
Final parameter extracted and saved to ./svcomp24-NoOverflows/Main/nla-digbench-scaling/geo3-ll_valuebound1.yml.config
Final parameter extracted and saved to ./svcomp24-NoOverflows/Main/nla-digbench-scaling/egcd3-ll_valuebound10.yml.config
Final parameter extracted and saved to ./svcomp24-NoOverflows/Main/nla-digbench-scaling/fermat2-ll_valuebound10.yml.config
Final parameter extracted and saved to ./svcomp24-NoOverflows/Main/nla-digbench-scaling/geo1-ll_valuebound10.yml.config
Final parameter extracted and saved to ./svcomp24-NoOverflows/Main/nla-digbench-scaling/hard-ll_valuebound50.yml.config
Final parameter extracted and saved to ./svcomp24-NoOverflows/Main/nla-digbench-scaling/ps5-ll_unwindbound1.yml.config
Final parameter extracted and saved to ./svcomp24-NoOverflows/Main/nla-digbench-scaling/egcd3-ll_unwindbound100.yml.config
Final parameter extracted and saved to ./svcomp24-NoOverflows/Main/nla-digbench-scaling/egcd-ll_valuebound10.yml.config
Final parameter extracted and saved to ./svcomp24-NoOverflows/Main/nla-digbench-scaling/hard-u_valuebound100.yml.config
Final parameter extracted and saved to ./svcomp24-NoOverflows/Main/nla-digbench-scaling/fermat1-ll_unwindbound20.yml.config
Final parameter extracted and saved to ./svcomp24-NoOverflows/Main/nla-digbench-scaling/ps2-ll_unwindbound50.yml.config
Final parameter extracted and saved to ./svcomp24-NoOverflows/Main/nla-digbench-scaling/hard-ll_valuebound20.yml.config
Final parameter extracted and saved to ./svcomp24-NoOverflows/Main/nla-digbench-scaling/egcd3-ll_unwindbound50.yml.config
Final parameter extracted and saved to ./svcomp24-NoOverflows/Main/nla-digbench-scaling/egcd-ll_valuebound1.yml.config
Final parameter extracted and saved to ./svcomp24-NoOverflows/Main/nla-digbench-scaling/lcm2_unwindbound100.yml.config
Final parameter extracted and saved to ./svcomp24-NoOverflows/Main/nla-digbench-scaling/egcd-ll_unwindbound20.yml.config
Final parameter extracted and saved to ./svcomp24-NoOverflows/Main/nla-digbench-scaling/ps6-ll_unwindbound20.yml.config
Final parameter extracted and saved to ./svcomp24-NoOverflows/Main/nla-digbench-scaling/divbin2_valuebound20.yml.config
Final parameter extracted and saved to ./svcomp24-NoOverflows/Main/nla-digbench-scaling/geo1-u_valuebound5.yml.config
Final parameter extracted and saved to ./svcomp24-NoOverflows/Main/nla-digbench-scaling/hard2_valuebound50.yml.config
Final parameter extracted and saved to ./svcomp24-NoOverflows/Main/nla-digbench-scaling/ps2-ll_unwindbound1.yml.config
Final parameter extracted and saved to ./svcomp24-NoOverflows/Main/nla-digbench-scaling/egcd3-ll_valuebound1.yml.config
Final parameter extracted and saved to ./svcomp24-NoOverflows/Main/nla-digbench-scaling/prodbin-ll_valuebound1.yml.config
Final parameter extracted and saved to ./svcomp24-NoOverflows/Main/nla-digbench-scaling/hard-u_unwindbound10.yml.config
Final parameter extracted and saved to ./svcomp24-NoOverflows/Main/nla-digbench-scaling/freire1_valuebound20.yml.config
Final parameter extracted and saved to ./svcomp24-NoOverflows/Main/nla-digbench-scaling/freire1_valuebound100.yml.config
Final parameter extracted and saved to ./svcomp24-NoOverflows/Main/nla-digbench-scaling/egcd2-ll_unwindbound1.yml.config
Final parameter extracted and saved to ./svcomp24-NoOverflows/Main/nla-digbench-scaling/ps5-ll_unwindbound10.yml.config
Final parameter extracted and saved to ./svcomp24-NoOverflows/Main/nla-digbench-scaling/divbin2_valuebound10.yml.config
Final parameter extracted and saved to ./svcomp24-NoOverflows/Main/nla-digbench-scaling/geo2-ll_valuebound10.yml.config
Final parameter extracted and saved to ./svcomp24-NoOverflows/Main/nla-digbench-scaling/ps6-ll_unwindbound100.yml.config
Final parameter extracted and saved to ./svcomp24-NoOverflows/Main/nla-digbench-scaling/mannadiv_valuebound20.yml.config
Final parameter extracted and saved to ./svcomp24-NoOverflows/Main/nla-digbench-scaling/prod4br-ll_unwindbound20.yml.config
Final parameter extracted and saved to ./svcomp24-NoOverflows/Main/nla-digbench-scaling/knuth_unwindbound10.yml.config
Final parameter extracted and saved to ./svcomp24-NoOverflows/Main/nla-digbench-scaling/bresenham-ll_valuebound5.yml.config
Final parameter extracted and saved to ./svcomp24-NoOverflows/Main/nla-digbench-scaling/prodbin-ll_valuebound20.yml.config
Final parameter extracted and saved to ./svcomp24-NoOverflows/Main/nla-digbench-scaling/fermat2-ll_valuebound1.yml.config
Final parameter extracted and saved to ./svcomp24-NoOverflows/Main/nla-digbench-scaling/hard2_valuebound10.yml.config
Final parameter extracted and saved to ./svcomp24-NoOverflows/Main/nla-digbench-scaling/prod4br-ll_unwindbound1.yml.config
Final parameter extracted and saved to ./svcomp24-NoOverflows/Main/nla-digbench-scaling/cohencu-ll_unwindbound2.yml.config
Final parameter extracted and saved to ./svcomp24-NoOverflows/Main/nla-digbench-scaling/ps5-ll_valuebound100.yml.config
Final parameter extracted and saved to ./svcomp24-NoOverflows/Main/nla-digbench-scaling/sqrt1-ll_unwindbound10.yml.config
Final parameter extracted and saved to ./svcomp24-NoOverflows/Main/nla-digbench-scaling/fermat1-ll_valuebound1.yml.config
Final parameter extracted and saved to ./svcomp24-NoOverflows/Main/nla-digbench-scaling/divbin2_valuebound5.yml.config
Final parameter extracted and saved to ./svcomp24-NoOverflows/Main/nla-digbench-scaling/knuth_valuebound2.yml.config
Final parameter extracted and saved to ./svcomp24-NoOverflows/Main/nla-digbench-scaling/hard-u_unwindbound100.yml.config
Final parameter extracted and saved to ./svcomp24-NoOverflows/Main/nla-digbench-scaling/mannadiv_unwindbound20.yml.config
Final parameter extracted and saved to ./svcomp24-NoOverflows/Main/nla-digbench-scaling/egcd2-ll_unwindbound2.yml.config
Final parameter extracted and saved to ./svcomp24-NoOverflows/Main/nla-digbench-scaling/prod4br-ll_valuebound1.yml.config
Final parameter extracted and saved to ./svcomp24-NoOverflows/Main/nla-digbench-scaling/bresenham-ll_valuebound100.yml.config
Final parameter extracted and saved to ./svcomp24-NoOverflows/Main/nla-digbench-scaling/lcm1_unwindbound2.yml.config
Final parameter extracted and saved to ./svcomp24-NoOverflows/Main/nla-digbench-scaling/knuth_unwindbound5.yml.config
Final parameter extracted and saved to ./svcomp24-NoOverflows/Main/nla-digbench-scaling/hard-u_valuebound50.yml.config
Final parameter extracted and saved to ./svcomp24-NoOverflows/Main/nla-digbench-scaling/sqrt1-ll_valuebound10.yml.config
Final parameter extracted and saved to ./svcomp24-NoOverflows/Main/nla-digbench-scaling/prod4br-ll_valuebound100.yml.config
Final parameter extracted and saved to ./svcomp24-NoOverflows/Main/nla-digbench-scaling/ps2-ll_unwindbound100.yml.config
Final parameter extracted and saved to ./svcomp24-NoOverflows/Main/nla-digbench-scaling/cohendiv-ll_unwindbound100.yml.config
Final parameter extracted and saved to ./svcomp24-NoOverflows/Main/nla-digbench-scaling/cohendiv-ll_unwindbound5.yml.config
Final parameter extracted and saved to ./svcomp24-NoOverflows/Main/nla-digbench-scaling/cohendiv-ll_valuebound5.yml.config
Final parameter extracted and saved to ./svcomp24-NoOverflows/Main/nla-digbench-scaling/ps2-ll_valuebound2.yml.config
Final parameter extracted and saved to ./svcomp24-NoOverflows/Main/nla-digbench-scaling/lcm1_unwindbound50.yml.config
Final parameter extracted and saved to ./svcomp24-NoOverflows/Main/nla-digbench-scaling/hard-u_unwindbound2.yml.config
Final parameter extracted and saved to ./svcomp24-NoOverflows/Main/nla-digbench-scaling/geo1-ll_valuebound1.yml.config
Final parameter extracted and saved to ./svcomp24-NoOverflows/Main/nla-digbench-scaling/cohendiv-ll_unwindbound20.yml.config
Final parameter extracted and saved to ./svcomp24-NoOverflows/Main/nla-digbench-scaling/cohencu-ll_valuebound20.yml.config
Final parameter extracted and saved to ./svcomp24-NoOverflows/Main/nla-digbench-scaling/egcd-ll_valuebound100.yml.config
Final parameter extracted and saved to ./svcomp24-NoOverflows/Main/nla-digbench-scaling/freire1_valuebound5.yml.config
Final parameter extracted and saved to ./svcomp24-NoOverflows/Main/nla-digbench-scaling/geo1-u_valuebound2.yml.config
Final parameter extracted and saved to ./svcomp24-NoOverflows/Main/nla-digbench-scaling/ps2-ll_valuebound1.yml.config
Final parameter extracted and saved to ./svcomp24-NoOverflows/Main/nla-digbench-scaling/fermat1-ll_unwindbound50.yml.config
Final parameter extracted and saved to ./svcomp24-NoOverflows/Main/nla-digbench-scaling/ps5-ll_valuebound1.yml.config
Final parameter extracted and saved to ./svcomp24-NoOverflows/Main/nla-digbench-scaling/ps5-ll_unwindbound20.yml.config
Final parameter extracted and saved to ./svcomp24-NoOverflows/Main/nla-digbench-scaling/prodbin-ll_valuebound50.yml.config
Final parameter extracted and saved to ./svcomp24-NoOverflows/Main/nla-digbench-scaling/mannadiv_valuebound10.yml.config
Final parameter extracted and saved to ./svcomp24-NoOverflows/Main/nla-digbench-scaling/prod4br-ll_valuebound10.yml.config
Final parameter extracted and saved to ./svcomp24-NoOverflows/Main/nla-digbench-scaling/prod4br-ll_unwindbound2.yml.config
Final parameter extracted and saved to ./svcomp24-NoOverflows/Main/nla-digbench-scaling/fermat1-ll_valuebound5.yml.config
Final parameter extracted and saved to ./svcomp24-NoOverflows/Main/nla-digbench-scaling/hard2_valuebound5.yml.config
Final parameter extracted and saved to ./svcomp24-NoOverflows/Main/nla-digbench-scaling/cohencu-ll_valuebound10.yml.config
Final parameter extracted and saved to ./svcomp24-NoOverflows/Main/nla-digbench-scaling/egcd2-ll_valuebound100.yml.config
Final parameter extracted and saved to ./svcomp24-NoOverflows/Main/nla-digbench-scaling/dijkstra-u_valuebound10.yml.config
Final parameter extracted and saved to ./svcomp24-NoOverflows/Main/nla-digbench-scaling/divbin_valuebound100.yml.config
Final parameter extracted and saved to ./svcomp24-NoOverflows/Main/nla-digbench-scaling/lcm1_unwindbound5.yml.config
Final parameter extracted and saved to ./svcomp24-NoOverflows/Main/nla-digbench-scaling/divbin2_unwindbound20.yml.config
Final parameter extracted and saved to ./svcomp24-NoOverflows/Main/nla-digbench-scaling/dijkstra-u_valuebound20.yml.config
Final parameter extracted and saved to ./svcomp24-NoOverflows/Main/nla-digbench-scaling/geo3-ll_valuebound2.yml.config
Final parameter extracted and saved to ./svcomp24-NoOverflows/Main/nla-digbench-scaling/hard-u_unwindbound1.yml.config
Final parameter extracted and saved to ./svcomp24-NoOverflows/Main/nla-digbench-scaling/fermat1-ll_valuebound50.yml.config
Final parameter extracted and saved to ./svcomp24-NoOverflows/Main/nla-digbench-scaling/prod4br-ll_valuebound5.yml.config
Final parameter extracted and saved to ./svcomp24-NoOverflows/Main/nla-digbench-scaling/mannadiv_valuebound100.yml.config
Final parameter extracted and saved to ./svcomp24-NoOverflows/Main/nla-digbench-scaling/hard-ll_unwindbound10.yml.config
Final parameter extracted and saved to ./svcomp24-NoOverflows/Main/nla-digbench-scaling/hard-ll_unwindbound1.yml.config
Final parameter extracted and saved to ./svcomp24-NoOverflows/Main/nla-digbench-scaling/cohencu-ll_unwindbound10.yml.config
Final parameter extracted and saved to ./svcomp24-NoOverflows/Main/nla-digbench-scaling/divbin_valuebound1.yml.config
Final parameter extracted and saved to ./svcomp24-NoOverflows/Main/nla-digbench-scaling/cohendiv-ll_unwindbound1.yml.config
Final parameter extracted and saved to ./svcomp24-NoOverflows/Main/nla-digbench-scaling/hard2_valuebound1.yml.config
Final parameter extracted and saved to ./svcomp24-NoOverflows/Main/nla-digbench-scaling/ps3-ll_valuebound10.yml.config
Final parameter extracted and saved to ./svcomp24-NoOverflows/Main/nla-digbench-scaling/mannadiv_valuebound5.yml.config
Final parameter extracted and saved to ./svcomp24-NoOverflows/Main/nla-digbench-scaling/freire2_valuebound1.yml.config
Final parameter extracted and saved to ./svcomp24-NoOverflows/Main/nla-digbench-scaling/cohendiv-ll_valuebound1.yml.config
Final parameter extracted and saved to ./svcomp24-NoOverflows/Main/nla-digbench-scaling/dijkstra-u_unwindbound1.yml.config
Final parameter extracted and saved to ./svcomp24-NoOverflows/Main/nla-digbench-scaling/ps2-ll_unwindbound10.yml.config
Final parameter extracted and saved to ./svcomp24-NoOverflows/Main/nla-digbench-scaling/freire2_valuebound5.yml.config
Final parameter extracted and saved to ./svcomp24-NoOverflows/Main/nla-digbench-scaling/egcd2-ll_valuebound10.yml.config
Final parameter extracted and saved to ./svcomp24-NoOverflows/Main/nla-digbench-scaling/ps6-ll_valuebound50.yml.config
Final parameter extracted and saved to ./svcomp24-NoOverflows/Main/nla-digbench-scaling/fermat2-ll_unwindbound20.yml.config
Final parameter extracted and saved to ./svcomp24-NoOverflows/Main/nla-digbench-scaling/dijkstra-u_unwindbound20.yml.config
Final parameter extracted and saved to ./svcomp24-NoOverflows/Main/nla-digbench-scaling/lcm2_valuebound2.yml.config
Final parameter extracted and saved to ./svcomp24-NoOverflows/Main/nla-digbench-scaling/ps5-ll_unwindbound100.yml.config
Final parameter extracted and saved to ./svcomp24-NoOverflows/Main/nla-digbench-scaling/ps2-ll_valuebound50.yml.config
Final parameter extracted and saved to ./svcomp24-NoOverflows/Main/nla-digbench-scaling/dijkstra-u_valuebound50.yml.config
Final parameter extracted and saved to ./svcomp24-NoOverflows/Main/nla-digbench-scaling/geo2-ll_valuebound100.yml.config
Final parameter extracted and saved to ./svcomp24-NoOverflows/Main/nla-digbench-scaling/knuth_unwindbound1.yml.config
Final parameter extracted and saved to ./svcomp24-NoOverflows/Main/nla-digbench-scaling/divbin_valuebound2.yml.config
Final parameter extracted and saved to ./svcomp24-NoOverflows/Main/nla-digbench-scaling/sqrt1-ll_unwindbound1.yml.config
Final parameter extracted and saved to ./svcomp24-NoOverflows/Main/nla-digbench-scaling/ps3-ll_valuebound2.yml.config
Final parameter extracted and saved to ./svcomp24-NoOverflows/Main/nla-digbench-scaling/geo2-ll_valuebound5.yml.config
Final parameter extracted and saved to ./svcomp24-NoOverflows/Main/nla-digbench-scaling/cohencu-ll_valuebound100.yml.config
Final parameter extracted and saved to ./svcomp24-NoOverflows/Main/nla-digbench-scaling/knuth_unwindbound100.yml.config
Final parameter extracted and saved to ./svcomp24-NoOverflows/Main/nla-digbench-scaling/ps4-ll_valuebound50.yml.config
Final parameter extracted and saved to ./svcomp24-NoOverflows/Main/nla-digbench-scaling/lcm2_unwindbound2.yml.config
Final parameter extracted and saved to ./svcomp24-NoOverflows/Main/nla-digbench-scaling/hard-u_valuebound5.yml.config
Final parameter extracted and saved to ./svcomp24-NoOverflows/Main/nla-digbench-scaling/ps2-ll_valuebound20.yml.config
Final parameter extracted and saved to ./svcomp24-NoOverflows/Main/nla-digbench-scaling/egcd2-ll_valuebound20.yml.config
Final parameter extracted and saved to ./svcomp24-NoOverflows/Main/nla-digbench-scaling/geo1-u2_unwindbound1.yml.config
Final parameter extracted and saved to ./svcomp24-NoOverflows/Main/nla-digbench-scaling/fermat2-ll_valuebound100.yml.config
Final parameter extracted and saved to ./svcomp24-NoOverflows/Main/nla-digbench-scaling/egcd3-ll_valuebound20.yml.config
Final parameter extracted and saved to ./svcomp24-NoOverflows/Main/nla-digbench-scaling/mannadiv_unwindbound2.yml.config
Final parameter extracted and saved to ./svcomp24-NoOverflows/Main/nla-digbench-scaling/ps3-ll_valuebound20.yml.config
Final parameter extracted and saved to ./svcomp24-NoOverflows/Main/nla-digbench-scaling/egcd-ll_unwindbound50.yml.config
Final parameter extracted and saved to ./svcomp24-NoOverflows/Main/nla-digbench-scaling/cohendiv-ll_valuebound20.yml.config
Final parameter extracted and saved to ./svcomp24-NoOverflows/Main/nla-digbench-scaling/ps3-ll_valuebound1.yml.config
Final parameter extracted and saved to ./svcomp24-NoOverflows/Main/nla-digbench-scaling/cohencu-ll_unwindbound20.yml.config
Final parameter extracted and saved to ./svcomp24-NoOverflows/Main/nla-digbench-scaling/prod4br-ll_unwindbound10.yml.config
Final parameter extracted and saved to ./svcomp24-NoOverflows/Main/nla-digbench-scaling/geo1-u2_unwindbound10.yml.config
Final parameter extracted and saved to ./svcomp24-NoOverflows/Main/nla-digbench-scaling/egcd-ll_valuebound20.yml.config
Final parameter extracted and saved to ./svcomp24-NoOverflows/Main/nla-digbench-scaling/ps3-ll_unwindbound2.yml.config
Final parameter extracted and saved to ./svcomp24-NoOverflows/Main/nla-digbench-scaling/bresenham-ll_unwindbound1.yml.config
Final parameter extracted and saved to ./svcomp24-NoOverflows/Main/nla-digbench-scaling/bresenham-ll_unwindbound10.yml.config
Final parameter extracted and saved to ./svcomp24-NoOverflows/Main/nla-digbench-scaling/lcm2_valuebound20.yml.config
Final parameter extracted and saved to ./svcomp24-NoOverflows/Main/nla-digbench-scaling/hard-u_valuebound1.yml.config
Final parameter extracted and saved to ./svcomp24-NoOverflows/Main/nla-digbench-scaling/egcd2-ll_valuebound2.yml.config
Final parameter extracted and saved to ./svcomp24-NoOverflows/Main/nla-digbench-scaling/egcd2-ll_valuebound50.yml.config
Final parameter extracted and saved to ./svcomp24-NoOverflows/Main/nla-digbench-scaling/egcd2-ll_valuebound1.yml.config
Final parameter extracted and saved to ./svcomp24-NoOverflows/Main/nla-digbench-scaling/fermat2-ll_unwindbound100.yml.config
Final parameter extracted and saved to ./svcomp24-NoOverflows/Main/nla-digbench-scaling/divbin_unwindbound20.yml.config
Final parameter extracted and saved to ./svcomp24-NoOverflows/Main/nla-digbench-scaling/cohencu-ll_unwindbound5.yml.config
Final parameter extracted and saved to ./svcomp24-NoOverflows/Main/nla-digbench-scaling/egcd3-ll_valuebound50.yml.config
Final parameter extracted and saved to ./svcomp24-NoOverflows/Main/nla-digbench-scaling/ps2-ll_unwindbound20.yml.config
Final parameter extracted and saved to ./svcomp24-NoOverflows/Main/nla-digbench-scaling/hard-u_unwindbound20.yml.config
Final parameter extracted and saved to ./svcomp24-NoOverflows/Main/nla-digbench-scaling/divbin_valuebound20.yml.config
Final parameter extracted and saved to ./svcomp24-NoOverflows/Main/nla-digbench-scaling/ps4-ll_valuebound20.yml.config
Final parameter extracted and saved to ./svcomp24-NoOverflows/Main/nla-digbench-scaling/hard2_valuebound100.yml.config
Final parameter extracted and saved to ./svcomp24-NoOverflows/Main/nla-digbench-scaling/divbin2_valuebound50.yml.config
Final parameter extracted and saved to ./svcomp24-NoOverflows/Main/nla-digbench-scaling/ps5-ll_unwindbound50.yml.config
Final parameter extracted and saved to ./svcomp24-NoOverflows/Main/nla-digbench-scaling/dijkstra-u_valuebound5.yml.config
Final parameter extracted and saved to ./svcomp24-NoOverflows/Main/nla-digbench-scaling/ps3-ll_valuebound5.yml.config
Final parameter extracted and saved to ./svcomp24-NoOverflows/Main/nla-digbench-scaling/fermat2-ll_unwindbound2.yml.config
Final parameter extracted and saved to ./svcomp24-NoOverflows/Main/nla-digbench-scaling/hard2_valuebound2.yml.config
Final parameter extracted and saved to ./svcomp24-NoOverflows/Main/nla-digbench-scaling/prodbin-ll_valuebound10.yml.config
Final parameter extracted and saved to ./svcomp24-NoOverflows/Main/nla-digbench-scaling/fermat2-ll_valuebound2.yml.config
Final parameter extracted and saved to ./svcomp24-NoOverflows/Main/nla-digbench-scaling/prod4br-ll_unwindbound100.yml.config
Final parameter extracted and saved to ./svcomp24-NoOverflows/Main/nla-digbench-scaling/ps4-ll_valuebound10.yml.config
Final parameter extracted and saved to ./svcomp24-NoOverflows/Main/nla-digbench-scaling/lcm1_unwindbound1.yml.config
Final parameter extracted and saved to ./svcomp24-NoOverflows/Main/nla-digbench-scaling/bresenham-ll_valuebound2.yml.config
Final parameter extracted and saved to ./svcomp24-NoOverflows/Main/nla-digbench-scaling/geo1-u2_unwindbound50.yml.config
Final parameter extracted and saved to ./svcomp24-NoOverflows/Main/nla-digbench-scaling/egcd2-ll_unwindbound50.yml.config
Final parameter extracted and saved to ./svcomp24-NoOverflows/Main/nla-digbench-scaling/ps4-ll_valuebound2.yml.config
Final parameter extracted and saved to ./svcomp24-NoOverflows/Main/nla-digbench-scaling/geo1-u_valuebound10.yml.config
Final parameter extracted and saved to ./svcomp24-NoOverflows/Main/nla-digbench-scaling/geo2-ll_valuebound1.yml.config
Final parameter extracted and saved to ./svcomp24-NoOverflows/Main/nla-digbench-scaling/ps3-ll_valuebound50.yml.config
Final parameter extracted and saved to ./svcomp24-NoOverflows/Main/nla-digbench-scaling/ps2-ll_valuebound10.yml.config
Final parameter extracted and saved to ./svcomp24-NoOverflows/Main/nla-digbench-scaling/ps5-ll_unwindbound5.yml.config
Final parameter extracted and saved to ./svcomp24-NoOverflows/Main/nla-digbench-scaling/freire2_valuebound20.yml.config
Final parameter extracted and saved to ./svcomp24-NoOverflows/Main/nla-digbench-scaling/ps4-ll_unwindbound20.yml.config
Final parameter extracted and saved to ./svcomp24-NoOverflows/Main/nla-digbench-scaling/geo1-u_valuebound1.yml.config
Final parameter extracted and saved to ./svcomp24-NoOverflows/Main/nla-digbench-scaling/prod4br-ll_valuebound20.yml.config
Final parameter extracted and saved to ./svcomp24-NoOverflows/Main/nla-digbench-scaling/egcd-ll_valuebound2.yml.config
Final parameter extracted and saved to ./svcomp24-NoOverflows/Main/nla-digbench-scaling/egcd3-ll_unwindbound10.yml.config
Final parameter extracted and saved to ./svcomp24-NoOverflows/Main/nla-digbench-scaling/fermat2-ll_valuebound50.yml.config
Final parameter extracted and saved to ./svcomp24-NoOverflows/Main/nla-digbench-scaling/dijkstra-u_valuebound1.yml.config
Final parameter extracted and saved to ./svcomp24-NoOverflows/Main/nla-digbench-scaling/lcm1_valuebound5.yml.config
Final parameter extracted and saved to ./svcomp24-NoOverflows/Main/nla-digbench-scaling/freire2_valuebound2.yml.config
Final parameter extracted and saved to ./svcomp24-NoOverflows/Main/nla-digbench-scaling/geo3-ll_valuebound10.yml.config
Final parameter extracted and saved to ./svcomp24-NoOverflows/Main/nla-digbench-scaling/geo1-u2_unwindbound2.yml.config
Final parameter extracted and saved to ./svcomp24-NoOverflows/Main/nla-digbench-scaling/divbin2_unwindbound100.yml.config
Final parameter extracted and saved to ./svcomp24-NoOverflows/Main/nla-digbench-scaling/ps6-ll_unwindbound5.yml.config
Final parameter extracted and saved to ./svcomp24-NoOverflows/Main/nla-digbench-scaling/hard-ll_unwindbound5.yml.config
Final parameter extracted and saved to ./svcomp24-NoOverflows/Main/nla-digbench-scaling/egcd-ll_unwindbound10.yml.config
Final parameter extracted and saved to ./svcomp24-NoOverflows/Main/nla-digbench-scaling/prod4br-ll_valuebound2.yml.config
Final parameter extracted and saved to ./svcomp24-NoOverflows/Main/nla-digbench-scaling/cohendiv-ll_unwindbound2.yml.config
Final parameter extracted and saved to ./svcomp24-NoOverflows/Main/nla-digbench-scaling/mannadiv_valuebound50.yml.config
Final parameter extracted and saved to ./svcomp24-NoOverflows/Main/nla-digbench-scaling/ps3-ll_unwindbound20.yml.config
Final parameter extracted and saved to ./svcomp24-NoOverflows/Main/nla-digbench-scaling/lcm2_valuebound100.yml.config
Final parameter extracted and saved to ./svcomp24-NoOverflows/Main/nla-digbench-scaling/geo1-u2_unwindbound20.yml.config
Final parameter extracted and saved to ./svcomp24-NoOverflows/Main/nla-digbench-scaling/dijkstra-u_unwindbound10.yml.config
Final parameter extracted and saved to ./svcomp24-NoOverflows/Main/nla-digbench-scaling/egcd-ll_valuebound5.yml.config
Final parameter extracted and saved to ./svcomp24-NoOverflows/Main/nla-digbench-scaling/egcd-ll_unwindbound2.yml.config
Final parameter extracted and saved to ./svcomp24-NoOverflows/Main/nla-digbench-scaling/sqrt1-ll_valuebound50.yml.config
Final parameter extracted and saved to ./svcomp24-NoOverflows/Main/nla-digbench-scaling/egcd3-ll_unwindbound1.yml.config
Final parameter extracted and saved to ./svcomp24-NoOverflows/Main/nla-digbench-scaling/sqrt1-ll_unwindbound5.yml.config
Final parameter extracted and saved to ./svcomp24-NoOverflows/Main/nla-digbench-scaling/knuth_valuebound10.yml.config
Final parameter extracted and saved to ./svcomp24-NoOverflows/Main/nla-digbench-scaling/mannadiv_unwindbound100.yml.config
Final parameter extracted and saved to ./svcomp24-NoOverflows/Main/nla-digbench-scaling/prodbin-ll_unwindbound1.yml.config
Final parameter extracted and saved to ./svcomp24-NoOverflows/Main/nla-digbench-scaling/geo1-ll_valuebound2.yml.config
Final parameter extracted and saved to ./svcomp24-NoOverflows/Main/loop-invgen/id_build.i.p+nlh-reducer.yml.config
Final parameter extracted and saved to ./svcomp24-NoOverflows/Main/loop-invgen/id_trans.yml.config
Final parameter extracted and saved to ./svcomp24-NoOverflows/Main/loop-invgen/id_build.i.v+lhb-reducer.yml.config
Final parameter extracted and saved to ./svcomp24-NoOverflows/Main/loop-invgen/id_build.yml.config
Final parameter extracted and saved to ./svcomp24-NoOverflows/Main/loop-invgen/MADWiFi-encode_ie_ok.yml.config
Final parameter extracted and saved to ./svcomp24-NoOverflows/Main/loop-invgen/NetBSD_loop.yml.config
Final parameter extracted and saved to ./svcomp24-NoOverflows/Main/loop-invgen/apache-escape-absolute.yml.config
Final parameter extracted and saved to ./svcomp24-NoOverflows/Main/loop-invgen/nested9.yml.config
Final parameter extracted and saved to ./svcomp24-NoOverflows/Main/loop-invgen/sendmail-close-angle.yml.config
Final parameter extracted and saved to ./svcomp24-NoOverflows/Main/loop-invgen/nested6.yml.config
Final parameter extracted and saved to ./svcomp24-NoOverflows/Main/loop-invgen/large_const.yml.config
Final parameter extracted and saved to ./svcomp24-NoOverflows/Main/loop-invgen/SpamAssassin-loop.i.v+cfa-reducer.yml.config
Final parameter extracted and saved to ./svcomp24-NoOverflows/Main/loop-invgen/id_build.i.p+sep-reducer.yml.config
Final parameter extracted and saved to ./svcomp24-NoOverflows/Main/loop-invgen/apache-get-tag.i.v+lhb-reducer.yml.config
Final parameter extracted and saved to ./svcomp24-NoOverflows/Main/loop-invgen/apache-escape-absolute.i.v+cfa-reducer.yml.config
Final parameter extracted and saved to ./svcomp24-NoOverflows/Main/loop-invgen/half_2.yml.config
Final parameter extracted and saved to ./svcomp24-NoOverflows/Main/signedintegeroverflow-regression/AdditionIntMin.yml.config
Final parameter extracted and saved to ./svcomp24-NoOverflows/Main/signedintegeroverflow-regression/Multiplication-2.yml.config
Final parameter extracted and saved to ./svcomp24-NoOverflows/Main/signedintegeroverflow-regression/Multiplication-1.yml.config
Final parameter extracted and saved to ./svcomp24-NoOverflows/Main/signedintegeroverflow-regression/ConversionToSignedInt.yml.config
Final parameter extracted and saved to ./svcomp24-NoOverflows/Main/signedintegeroverflow-regression/IntegerPromotion-1.yml.config
Final parameter extracted and saved to ./svcomp24-NoOverflows/Main/signedintegeroverflow-regression/PrefixDecrement.yml.config
Final parameter extracted and saved to ./svcomp24-NoOverflows/Main/signedintegeroverflow-regression/NoConversion.yml.config
Final parameter extracted and saved to ./svcomp24-NoOverflows/Main/signedintegeroverflow-regression/UnaryMinus.yml.config
Final parameter extracted and saved to ./svcomp24-NoOverflows/Main/signedintegeroverflow-regression/Division-1.yml.config
Final parameter extracted and saved to ./svcomp24-NoOverflows/Main/signedintegeroverflow-regression/PrefixIncrement.yml.config
Final parameter extracted and saved to ./svcomp24-NoOverflows/Main/signedintegeroverflow-regression/PostfixIncrement.yml.config
Final parameter extracted and saved to ./svcomp24-NoOverflows/Main/signedintegeroverflow-regression/PostfixDecrement.yml.config
Final parameter extracted and saved to ./svcomp24-NoOverflows/Main/signedintegeroverflow-regression/AdditionIntMax.yml.config
Final parameter extracted and saved to ./svcomp24-NoOverflows/Main/signedintegeroverflow-regression/NoNegativeIntegerConstant.yml.config
Final parameter extracted and saved to ./svcomp24-NoOverflows/Main/signedintegeroverflow-regression/UsualArithmeticConversions.yml.config
Final parameter extracted and saved to ./svcomp24-NoOverflows/Main/openssl-simplified/s3_clnt_3.cil-1.yml.config
Final parameter extracted and saved to ./svcomp24-NoOverflows/Main/openssl-simplified/s3_clnt_4.cil-2.yml.config
Final parameter extracted and saved to ./svcomp24-NoOverflows/Main/openssl-simplified/s3_srvr_14.cil.yml.config
Final parameter extracted and saved to ./svcomp24-NoOverflows/Main/openssl-simplified/s3_srvr_2.cil-1.yml.config
Final parameter extracted and saved to ./svcomp24-NoOverflows/Main/openssl-simplified/s3_srvr_10.cil.yml.config
Final parameter extracted and saved to ./svcomp24-NoOverflows/Main/openssl-simplified/s3_clnt_1.cil-1.yml.config
Final parameter extracted and saved to ./svcomp24-NoOverflows/Main/openssl-simplified/s3_clnt_1.cil-2.yml.config
Final parameter extracted and saved to ./svcomp24-NoOverflows/Main/openssl-simplified/s3_srvr_4.cil.yml.config
Final parameter extracted and saved to ./svcomp24-NoOverflows/Main/openssl-simplified/s3_srvr_2.cil-2.yml.config
Final parameter extracted and saved to ./svcomp24-NoOverflows/Main/openssl-simplified/s3_srvr_1.cil-2.yml.config
Final parameter extracted and saved to ./svcomp24-NoOverflows/Main/openssl-simplified/s3_clnt_3.cil-3.yml.config
Final parameter extracted and saved to ./svcomp24-NoOverflows/Main/openssl-simplified/s3_srvr_1a.cil.yml.config
Final parameter extracted and saved to ./svcomp24-NoOverflows/Main/openssl-simplified/s3_srvr_11.cil.yml.config
Final parameter extracted and saved to ./svcomp24-NoOverflows/Main/openssl-simplified/s3_srvr_13.cil.yml.config
Final parameter extracted and saved to ./svcomp24-NoOverflows/Main/openssl-simplified/s3_srvr_7.cil.yml.config
Final parameter extracted and saved to ./svcomp24-NoOverflows/Main/openssl-simplified/s3_clnt_4.cil-1.yml.config
Final parameter extracted and saved to ./svcomp24-NoOverflows/Main/openssl-simplified/s3_srvr_3.cil.yml.config
Final parameter extracted and saved to ./svcomp24-NoOverflows/Main/openssl-simplified/s3_srvr_1.cil-1.yml.config
Final parameter extracted and saved to ./svcomp24-NoOverflows/Main/openssl-simplified/s3_srvr_8.cil.yml.config
Final parameter extracted and saved to ./svcomp24-NoOverflows/Main/openssl-simplified/s3_srvr_6.cil-2.yml.config
Final parameter extracted and saved to ./svcomp24-NoOverflows/Main/openssl-simplified/s3_clnt_3.cil-2.yml.config
Final parameter extracted and saved to ./svcomp24-NoOverflows/Main/openssl-simplified/s3_clnt_2.cil-2.yml.config
Final parameter extracted and saved to ./svcomp24-NoOverflows/Main/openssl-simplified/s3_srvr_6.cil-1.yml.config
Final parameter extracted and saved to ./svcomp24-NoOverflows/Main/openssl-simplified/s3_clnt_2.cil-1.yml.config
Final parameter extracted and saved to ./svcomp24-NoOverflows/Main/openssl-simplified/s3_srvr_12.cil.yml.config
Final parameter extracted and saved to ./svcomp24-NoOverflows/Main/array-fpi/condn.yml.config
Final parameter extracted and saved to ./svcomp24-NoOverflows/Main/array-fpi/condnf.yml.config
Final parameter extracted and saved to ./svcomp24-NoOverflows/Main/ldv-regression/test_while_int.c_1.yml.config
Final parameter extracted and saved to ./svcomp24-NoOverflows/Main/ldv-regression/test09.yml.config
Final parameter extracted and saved to ./svcomp24-NoOverflows/Main/ldv-regression/test24-2.yml.config
Final parameter extracted and saved to ./svcomp24-NoOverflows/Main/ldv-regression/stateful_check.yml.config
Final parameter extracted and saved to ./svcomp24-NoOverflows/Main/ldv-regression/test22-2.yml.config
Final parameter extracted and saved to ./svcomp24-NoOverflows/Main/ldv-regression/volatile_alias.c_1.yml.config
Final parameter extracted and saved to ./svcomp24-NoOverflows/Main/ldv-regression/test22-1.yml.config
Final parameter extracted and saved to ./svcomp24-NoOverflows/Main/ldv-regression/test06.yml.config
Final parameter extracted and saved to ./svcomp24-NoOverflows/Main/ldv-regression/oomInt.yml.config
Final parameter extracted and saved to ./svcomp24-NoOverflows/Main/ldv-regression/test_while_int.yml.config
Final parameter extracted and saved to ./svcomp24-NoOverflows/Main/ldv-regression/test23-2.yml.config
Final parameter extracted and saved to ./svcomp24-NoOverflows/Main/ldv-regression/test22-3.yml.config
Final parameter extracted and saved to ./svcomp24-NoOverflows/Main/ldv-regression/test10.yml.config
Final parameter extracted and saved to ./svcomp24-NoOverflows/Main/ldv-regression/test05.yml.config
Final parameter extracted and saved to ./svcomp24-NoOverflows/Main/ldv-regression/volatile_alias.yml.config
Final parameter extracted and saved to ./svcomp24-NoOverflows/Main/ldv-regression/test07.yml.config
Final parameter extracted and saved to ./svcomp24-NoOverflows/Main/ldv-regression/test08.yml.config
Final parameter extracted and saved to ./svcomp24-NoOverflows/Main/ldv-regression/test23-1.yml.config
Final parameter extracted and saved to ./svcomp24-NoOverflows/Main/ldv-regression/test24-1.yml.config
Final parameter extracted and saved to ./svcomp24-NoOverflows/Main/ldv-regression/oomInt.c_1.yml.config
Final parameter extracted and saved to ./svcomp24-NoOverflows/Main/array-tiling/rewnifrev2.yml.config
Final parameter extracted and saved to ./svcomp24-NoOverflows/Main/array-tiling/mlceu.yml.config
Final parameter extracted and saved to ./svcomp24-NoOverflows/Main/array-tiling/mbpr4.yml.config
Final parameter extracted and saved to ./svcomp24-NoOverflows/Main/array-tiling/pr2.yml.config
Final parameter extracted and saved to ./svcomp24-NoOverflows/Main/array-tiling/skipped.yml.config
Final parameter extracted and saved to ./svcomp24-NoOverflows/Main/array-tiling/mlceu2.yml.config
Final parameter extracted and saved to ./svcomp24-NoOverflows/Main/array-tiling/pnr4.yml.config
Final parameter extracted and saved to ./svcomp24-NoOverflows/Main/array-tiling/nr4.yml.config
Final parameter extracted and saved to ./svcomp24-NoOverflows/Main/array-tiling/nr2.yml.config
Final parameter extracted and saved to ./svcomp24-NoOverflows/Main/array-tiling/pr5.yml.config
Final parameter extracted and saved to ./svcomp24-NoOverflows/Main/array-tiling/rewrev.yml.config
Final parameter extracted and saved to ./svcomp24-NoOverflows/Main/array-tiling/mbpr2.yml.config
Final parameter extracted and saved to ./svcomp24-NoOverflows/Main/array-tiling/rewnif.yml.config
Final parameter extracted and saved to ./svcomp24-NoOverflows/Main/array-tiling/pnr3.yml.config
Final parameter extracted and saved to ./svcomp24-NoOverflows/Main/array-tiling/revcpyswp2.yml.config
Final parameter extracted and saved to ./svcomp24-NoOverflows/Main/array-tiling/mbpr5.yml.config
Final parameter extracted and saved to ./svcomp24-NoOverflows/Main/array-tiling/skippedu.yml.config
Final parameter extracted and saved to ./svcomp24-NoOverflows/Main/array-tiling/pr4.yml.config
Final parameter extracted and saved to ./svcomp24-NoOverflows/Main/array-tiling/nr5.yml.config
Final parameter extracted and saved to ./svcomp24-NoOverflows/Main/array-tiling/rew.yml.config
Final parameter extracted and saved to ./svcomp24-NoOverflows/Main/array-tiling/mbpr3.yml.config
Final parameter extracted and saved to ./svcomp24-NoOverflows/Main/array-tiling/pr3.yml.config
Final parameter extracted and saved to ./svcomp24-NoOverflows/Main/array-tiling/pnr2.yml.config
Final parameter extracted and saved to ./svcomp24-NoOverflows/Main/array-tiling/tcpy.yml.config
Final parameter extracted and saved to ./svcomp24-NoOverflows/Main/array-tiling/rewnifrev.yml.config
Final parameter extracted and saved to ./svcomp24-NoOverflows/Main/array-tiling/nr3.yml.config
Final parameter extracted and saved to ./svcomp24-NoOverflows/Main/array-tiling/pnr5.yml.config
Final parameter extracted and saved to ./svcomp24-NoOverflows/Main/array-tiling/poly1.yml.config
Final parameter extracted and saved to ./svcomp24-NoOverflows/Main/loop-zilu/benchmark15_conjunctive.yml.config
Final parameter extracted and saved to ./svcomp24-NoOverflows/Main/loop-zilu/benchmark10_conjunctive.yml.config
Final parameter extracted and saved to ./svcomp24-NoOverflows/Main/loop-zilu/benchmark27_linear.yml.config
Final parameter extracted and saved to ./svcomp24-NoOverflows/Main/loop-zilu/benchmark49_linear.yml.config
Final parameter extracted and saved to ./svcomp24-NoOverflows/Main/loop-zilu/benchmark04_conjunctive.yml.config
Final parameter extracted and saved to ./svcomp24-NoOverflows/Main/loop-zilu/benchmark02_linear.yml.config
Final parameter extracted and saved to ./svcomp24-NoOverflows/Main/loop-zilu/benchmark41_conjunctive.yml.config
Final parameter extracted and saved to ./svcomp24-NoOverflows/Main/loop-zilu/benchmark43_conjunctive.yml.config
Final parameter extracted and saved to ./svcomp24-NoOverflows/Main/loop-zilu/benchmark46_disjunctive.yml.config
Final parameter extracted and saved to ./svcomp24-NoOverflows/Main/loop-zilu/benchmark18_conjunctive.yml.config
Final parameter extracted and saved to ./svcomp24-NoOverflows/Main/loop-zilu/benchmark01_conjunctive.yml.config
Final parameter extracted and saved to ./svcomp24-NoOverflows/Main/loop-zilu/benchmark20_conjunctive.yml.config
Final parameter extracted and saved to ./svcomp24-NoOverflows/Main/loop-zilu/benchmark36_conjunctive.yml.config
Final parameter extracted and saved to ./svcomp24-NoOverflows/Main/loop-zilu/benchmark53_polynomial.yml.config
Final parameter extracted and saved to ./svcomp24-NoOverflows/Main/loop-zilu/benchmark35_linear.yml.config
Final parameter extracted and saved to ./svcomp24-NoOverflows/Main/loop-zilu/benchmark14_linear.yml.config
Final parameter extracted and saved to ./svcomp24-NoOverflows/Main/loop-zilu/benchmark02_linear_abstracted.yml.config
Final parameter extracted and saved to ./svcomp24-NoOverflows/Main/loop-zilu/benchmark28_linear.yml.config
Final parameter extracted and saved to ./svcomp24-NoOverflows/Main/loop-zilu/benchmark32_linear.yml.config
Final parameter extracted and saved to ./svcomp24-NoOverflows/Main/loop-zilu/benchmark23_conjunctive.yml.config
Final parameter extracted and saved to ./svcomp24-NoOverflows/Main/loop-zilu/benchmark11_linear_abstracted.yml.config
Final parameter extracted and saved to ./svcomp24-NoOverflows/Main/loop-zilu/benchmark51_polynomial.yml.config
Final parameter extracted and saved to ./svcomp24-NoOverflows/Main/loop-zilu/benchmark12_linear.yml.config
Final parameter extracted and saved to ./svcomp24-NoOverflows/Main/loop-zilu/benchmark52_polynomial.yml.config
Final parameter extracted and saved to ./svcomp24-NoOverflows/Main/loop-zilu/benchmark31_disjunctive.yml.config
Final parameter extracted and saved to ./svcomp24-NoOverflows/Main/loop-zilu/benchmark48_linear.yml.config
Final parameter extracted and saved to ./svcomp24-NoOverflows/Main/loop-zilu/benchmark06_conjunctive.yml.config
Final parameter extracted and saved to ./svcomp24-NoOverflows/Main/loop-zilu/benchmark29_linear.yml.config
Final parameter extracted and saved to ./svcomp24-NoOverflows/Main/loop-zilu/benchmark26_linear_abstracted.yml.config
Final parameter extracted and saved to ./svcomp24-NoOverflows/Main/loop-zilu/benchmark17_conjunctive.yml.config
Final parameter extracted and saved to ./svcomp24-NoOverflows/Main/loop-zilu/benchmark19_conjunctive.yml.config
Final parameter extracted and saved to ./svcomp24-NoOverflows/Main/loop-zilu/benchmark03_linear.yml.config
Final parameter extracted and saved to ./svcomp24-NoOverflows/Main/loop-zilu/benchmark26_linear.yml.config
Final parameter extracted and saved to ./svcomp24-NoOverflows/Main/loop-zilu/benchmark40_polynomial.yml.config
Final parameter extracted and saved to ./svcomp24-NoOverflows/Main/loop-zilu/benchmark37_conjunctive.yml.config
Final parameter extracted and saved to ./svcomp24-NoOverflows/Main/loop-zilu/benchmark07_linear.yml.config
Final parameter extracted and saved to ./svcomp24-NoOverflows/Main/loop-zilu/benchmark34_conjunctive.yml.config
Final parameter extracted and saved to ./svcomp24-NoOverflows/Main/loop-zilu/benchmark30_conjunctive.yml.config
Final parameter extracted and saved to ./svcomp24-NoOverflows/Main/loop-zilu/benchmark24_conjunctive.yml.config
Final parameter extracted and saved to ./svcomp24-NoOverflows/Main/loop-zilu/benchmark21_disjunctive.yml.config
Final parameter extracted and saved to ./svcomp24-NoOverflows/Main/loop-zilu/benchmark44_disjunctive.yml.config
Final parameter extracted and saved to ./svcomp24-NoOverflows/Main/loop-zilu/benchmark38_conjunctive.yml.config
Final parameter extracted and saved to ./svcomp24-NoOverflows/Main/loop-zilu/benchmark43_conjunctive_abstracted.yml.config
Final parameter extracted and saved to ./svcomp24-NoOverflows/Main/loop-zilu/benchmark47_linear.yml.config
Final parameter extracted and saved to ./svcomp24-NoOverflows/Main/loop-zilu/benchmark50_linear.yml.config
Final parameter extracted and saved to ./svcomp24-NoOverflows/Main/loop-zilu/benchmark22_conjunctive.yml.config
Final parameter extracted and saved to ./svcomp24-NoOverflows/Main/loop-zilu/benchmark45_disjunctive.yml.config
Final parameter extracted and saved to ./svcomp24-NoOverflows/Main/loop-zilu/benchmark25_linear_abstracted.yml.config
Final parameter extracted and saved to ./svcomp24-NoOverflows/Main/loop-zilu/benchmark16_conjunctive.yml.config
Final parameter extracted and saved to ./svcomp24-NoOverflows/Main/loop-zilu/benchmark05_conjunctive.yml.config
Final parameter extracted and saved to ./svcomp24-NoOverflows/Main/loop-zilu/benchmark08_conjunctive.yml.config
Final parameter extracted and saved to ./svcomp24-NoOverflows/Main/loop-zilu/benchmark13_conjunctive.yml.config
Final parameter extracted and saved to ./svcomp24-NoOverflows/Main/loop-zilu/benchmark25_linear.yml.config
Final parameter extracted and saved to ./svcomp24-NoOverflows/Main/loop-zilu/benchmark11_linear.yml.config
Final parameter extracted and saved to ./svcomp24-NoOverflows/Main/loop-zilu/benchmark09_conjunctive.yml.config
Final parameter extracted and saved to ./svcomp24-NoOverflows/Main/loop-zilu/benchmark42_conjunctive.yml.config
Final parameter extracted and saved to ./svcomp24-NoOverflows/Main/loop-zilu/benchmark33_linear.yml.config
Final parameter extracted and saved to ./svcomp24-NoOverflows/Main/loop-zilu/benchmark39_conjunctive.yml.config
Final parameter extracted and saved to ./svcomp24-NoOverflows/Main/ntdrivers/cdaudio.i.cil-2.yml.config
Final parameter extracted and saved to ./svcomp24-NoOverflows/Main/seq-mthreaded/pals_STARTPALS_Triplicated.ufo.UNBOUNDED.pals.yml.config
Final parameter extracted and saved to ./svcomp24-NoOverflows/Main/seq-mthreaded/pals_lcr.3_overflow.ufo.UNBOUNDED.pals.yml.config
Final parameter extracted and saved to ./svcomp24-NoOverflows/Main/seq-mthreaded/pals_STARTPALS_ActiveStandby.1.ufo.BOUNDED-10.pals.yml.config
Final parameter extracted and saved to ./svcomp24-NoOverflows/Main/seq-mthreaded/pals_STARTPALS_ActiveStandby.5.ufo.BOUNDED-10.pals.yml.config
Final parameter extracted and saved to ./svcomp24-NoOverflows/Main/seq-mthreaded/pals_STARTPALS_ActiveStandby.ufo.BOUNDED-10.pals.yml.config
Final parameter extracted and saved to ./svcomp24-NoOverflows/Main/seq-mthreaded/pals_lcr.3.ufo.UNBOUNDED.pals.yml.config
Final parameter extracted and saved to ./svcomp24-NoOverflows/Main/seq-mthreaded/pals_STARTPALS_Triplicated.1.ufo.UNBOUNDED.pals.yml.config
Final parameter extracted and saved to ./svcomp24-NoOverflows/Main/seq-mthreaded/pals_STARTPALS_ActiveStandby.4_1.ufo.BOUNDED-10.pals.yml.config
Final parameter extracted and saved to ./svcomp24-NoOverflows/Main/seq-mthreaded/pals_lcr.3.1.ufo.UNBOUNDED.pals.yml.config
Final parameter extracted and saved to ./svcomp24-NoOverflows/Main/seq-mthreaded/pals_STARTPALS_Triplicated.2.ufo.UNBOUNDED.pals.yml.config
Final parameter extracted and saved to ./svcomp24-NoOverflows/Main/seq-mthreaded/pals_STARTPALS_ActiveStandby.4_2.ufo.BOUNDED-10.pals.yml.config
Final parameter extracted and saved to ./svcomp24-NoOverflows/Main/termination-memory-linkedlists/cll_by_lseg-alloca-1.yml.config
Final parameter extracted and saved to ./svcomp24-NoOverflows/Main/termination-memory-linkedlists/cll_traverse-alloca.yml.config
Final parameter extracted and saved to ./svcomp24-NoOverflows/Main/termination-memory-linkedlists/cll_search-alloca-1.yml.config
Final parameter extracted and saved to ./svcomp24-NoOverflows/Main/termination-memory-linkedlists/ll_search-alloca.yml.config
Final parameter extracted and saved to ./svcomp24-NoOverflows/Main/termination-memory-linkedlists/nondet_ll_traverse-alloca.yml.config
Final parameter extracted and saved to ./svcomp24-NoOverflows/Main/termination-memory-linkedlists/cll_search-alloca-2.yml.config
Final parameter extracted and saved to ./svcomp24-NoOverflows/Main/termination-memory-linkedlists/nondet_ll_search-alloca-1.yml.config
Final parameter extracted and saved to ./svcomp24-NoOverflows/Main/termination-memory-linkedlists/ll_traverse-alloca.yml.config
Final parameter extracted and saved to ./svcomp24-NoOverflows/Main/termination-memory-linkedlists/nondet_ll_search-alloca-2.yml.config
Final parameter extracted and saved to ./svcomp24-NoOverflows/Main/termination-memory-linkedlists/ll_search_not_found-alloca.yml.config
Final parameter extracted and saved to ./svcomp24-NoOverflows/Main/heap-data/hash_fun.yml.config
Final parameter extracted and saved to ./svcomp24-NoOverflows/Main/heap-data/running_example.yml.config
Final parameter extracted and saved to ./svcomp24-NoOverflows/Main/unsignedintegeroverflow-sas23/linear_interpolation.yml.config
Final parameter extracted and saved to ./svcomp24-NoOverflows/Main/unsignedintegeroverflow-sas23/distance_through_overflow.yml.config
Final parameter extracted and saved to ./svcomp24-NoOverflows/Main/unsignedintegeroverflow-sas23/cancel_var_through_overflow.yml.config
Final parameter extracted and saved to ./svcomp24-NoOverflows/Main/unsignedintegeroverflow-sas23/linear_interpolation_2.yml.config
Final parameter extracted and saved to ./svcomp24-NoOverflows/Main/unsignedintegeroverflow-sas23/bilinear_interpolation.yml.config
Final parameter extracted and saved to ./svcomp24-NoOverflows/Main/seq-mthreaded-reduced/pals_lcr.3.1.ufo.UNBOUNDED.pals.c.v+cfa-reducer.yml.config
Final parameter extracted and saved to ./svcomp24-NoOverflows/Main/seq-mthreaded-reduced/pals_lcr.3.ufo.UNBOUNDED.pals.c.v+cfa-reducer.yml.config
Final parameter extracted and saved to ./svcomp24-NoOverflows/Main/array-memsafety-realloc/array-realloc-2.yml.config
Final parameter extracted and saved to ./svcomp24-NoOverflows/Main/array-memsafety-realloc/array-realloc-3.yml.config
Final parameter extracted and saved to ./svcomp24-NoOverflows/Main/array-crafted/xor1.yml.config
Final parameter extracted and saved to ./svcomp24-NoOverflows/Main/array-crafted/xor4.yml.config
Final parameter extracted and saved to ./svcomp24-NoOverflows/Main/array-crafted/bor1.yml.config
Final parameter extracted and saved to ./svcomp24-NoOverflows/Main/array-crafted/bAnd1.yml.config
Final parameter extracted and saved to ./svcomp24-NoOverflows/Main/array-crafted/bor3.yml.config
Final parameter extracted and saved to ./svcomp24-NoOverflows/Main/array-crafted/xor3.yml.config
Final parameter extracted and saved to ./svcomp24-NoOverflows/Main/array-crafted/bor2.yml.config
Final parameter extracted and saved to ./svcomp24-NoOverflows/Main/array-crafted/bAnd5.yml.config
Final parameter extracted and saved to ./svcomp24-NoOverflows/Main/array-crafted/bAnd2.yml.config
Final parameter extracted and saved to ./svcomp24-NoOverflows/Main/array-crafted/xor2.yml.config
Final parameter extracted and saved to ./svcomp24-NoOverflows/Main/array-crafted/bAnd3.yml.config
Final parameter extracted and saved to ./svcomp24-NoOverflows/Main/array-crafted/bor4.yml.config
Final parameter extracted and saved to ./svcomp24-NoOverflows/Main/array-crafted/bor5.yml.config
Final parameter extracted and saved to ./svcomp24-NoOverflows/Main/array-crafted/bAnd4.yml.config
Final parameter extracted and saved to ./svcomp24-NoOverflows/Main/array-crafted/xor5.yml.config
Warning: No Final parameter found in ./svcomp24-NoOverflows/Main/ldv-linux-3.16-rc1/43_2a_consumption_linux-3.16-rc1.tar.xz-43_2a-drivers--usb--misc--usbtest.ko-entry_point.cil.out.yml.parf. Skipping...
Warning: No Final parameter found in ./svcomp24-NoOverflows/Main/ldv-linux-3.16-rc1/43_2a_consumption_linux-3.16-rc1.tar.xz-43_2a-net--sched--sch_cbq.ko-entry_point.cil.out.yml.parf. Skipping...
Warning: No Final parameter found in ./svcomp24-NoOverflows/Main/ldv-linux-3.16-rc1/43_2a_consumption_linux-3.16-rc1.tar.xz-43_2a-drivers--input--joystick--analog.ko-entry_point.cil.out.yml.parf. Skipping...
Warning: No Final parameter found in ./svcomp24-NoOverflows/Main/ldv-linux-3.16-rc1/43_2a_consumption_linux-3.16-rc1.tar.xz-43_2a-net--sched--sch_atm.ko-entry_point.cil.out.yml.parf. Skipping...
Warning: No Final parameter found in ./svcomp24-NoOverflows/Main/ldv-linux-3.16-rc1/43_2a_consumption_linux-3.16-rc1.tar.xz-43_2a-sound--drivers--snd-mts64.ko-entry_point.cil.out.yml.parf. Skipping...
Final parameter extracted and saved to ./svcomp24-NoOverflows/Main/verifythis/elimination_max.yml.config
Final parameter extracted and saved to ./svcomp24-NoOverflows/Main/verifythis/lcp.yml.config
Final parameter extracted and saved to ./svcomp24-NoOverflows/Main/verifythis/elimination_max_rec_onepoint.yml.config
Final parameter extracted and saved to ./svcomp24-NoOverflows/Main/verifythis/elimination_max_rec.yml.config
Final parameter extracted and saved to ./svcomp24-NoOverflows/Main/verifythis/duplets.yml.config
Final parameter extracted and saved to ./svcomp24-NoOverflows/Main/termination-numeric/gcd01-2.yml.config
Final parameter extracted and saved to ./svcomp24-NoOverflows/Main/termination-numeric/Et4_true.yml.config
Final parameter extracted and saved to ./svcomp24-NoOverflows/Main/termination-numeric/recHanoi02-1.yml.config
Final parameter extracted and saved to ./svcomp24-NoOverflows/Main/termination-numeric/Addition01-1.yml.config
Final parameter extracted and saved to ./svcomp24-NoOverflows/Main/termination-numeric/Parts.yml.config
Final parameter extracted and saved to ./svcomp24-NoOverflows/Main/termination-numeric/Et2_true.yml.config
Final parameter extracted and saved to ./svcomp24-NoOverflows/Main/termination-numeric/MultCommutative-1.yml.config
Final parameter extracted and saved to ./svcomp24-NoOverflows/Main/termination-numeric/rec_counter3.yml.config
Final parameter extracted and saved to ./svcomp24-NoOverflows/Main/termination-numeric/Ackermann01-1.yml.config
Final parameter extracted and saved to ./svcomp24-NoOverflows/Main/termination-numeric/java_LogBuiltIn.yml.config
Final parameter extracted and saved to ./svcomp24-NoOverflows/Main/termination-numeric/LeUserDefRec.yml.config
Final parameter extracted and saved to ./svcomp24-NoOverflows/Main/termination-numeric/Et1_true.yml.config
Final parameter extracted and saved to ./svcomp24-NoOverflows/Main/termination-numeric/twisted.yml.config
Final parameter extracted and saved to ./svcomp24-NoOverflows/Main/termination-numeric/TwoWay.yml.config
Final parameter extracted and saved to ./svcomp24-NoOverflows/Main/termination-numeric/LogRecursive.yml.config
Final parameter extracted and saved to ./svcomp24-NoOverflows/Main/termination-numeric/EvenOdd01-2.yml.config
Final parameter extracted and saved to ./svcomp24-NoOverflows/Main/termination-numeric/Avg_true.yml.config
Final parameter extracted and saved to ./svcomp24-NoOverflows/Main/termination-numeric/Fibonacci01-2.yml.config
Final parameter extracted and saved to ./svcomp24-NoOverflows/Main/termination-numeric/TerminatorRec02.yml.config
Final parameter extracted and saved to ./svcomp24-NoOverflows/Main/termination-numeric/Et3_true.yml.config
Final parameter extracted and saved to ./svcomp24-NoOverflows/Main/termination-numeric/rec_counter1.yml.config
Final parameter extracted and saved to ./svcomp24-NoOverflows/Main/termination-numeric/Binomial.yml.config
Final parameter extracted and saved to ./svcomp24-NoOverflows/Main/ddv-machzwd/ddv_machzwd_inw.yml.config
Final parameter extracted and saved to ./svcomp24-NoOverflows/Main/psyco/psyco_abp_1-3.yml.config
Final parameter extracted and saved to ./svcomp24-NoOverflows/Main/psyco/psyco_abp_1-1.yml.config
Final parameter extracted and saved to ./svcomp24-NoOverflows/Main/psyco/psyco_math_1.yml.config
Final parameter extracted and saved to ./svcomp24-NoOverflows/Main/psyco/psyco_abp_1-2.yml.config
Final parameter extracted and saved to ./svcomp24-NoOverflows/Main/psyco/psyco_accelerometer_1.yml.config
Warning: No Final parameter found in ./svcomp24-NoOverflows/Main/termination-recursive-malloc/rec_malloc_ex4.yml.parf. Skipping...
Warning: No Final parameter found in ./svcomp24-NoOverflows/Main/termination-recursive-malloc/rec_malloc_ex5.yml.parf. Skipping...
Warning: No Final parameter found in ./svcomp24-NoOverflows/Main/termination-recursive-malloc/mutual_simple2.yml.parf. Skipping...
Final parameter extracted and saved to ./svcomp24-NoOverflows/Main/termination-recursive-malloc/rec_malloc_ex11C.yml.config
Warning: No Final parameter found in ./svcomp24-NoOverflows/Main/termination-recursive-malloc/chunk3.yml.parf. Skipping...
Warning: No Final parameter found in ./svcomp24-NoOverflows/Main/termination-recursive-malloc/rec_malloc_ex10.yml.parf. Skipping...
Warning: No Final parameter found in ./svcomp24-NoOverflows/Main/termination-recursive-malloc/rec_malloc_ex5B.yml.parf. Skipping...
Warning: No Final parameter found in ./svcomp24-NoOverflows/Main/termination-recursive-malloc/rec_malloc_ex8.yml.parf. Skipping...
Final parameter extracted and saved to ./svcomp24-NoOverflows/Main/termination-recursive-malloc/selectionSort_recursive.yml.config
Final parameter extracted and saved to ./svcomp24-NoOverflows/Main/termination-recursive-malloc/rec_malloc_ex3.yml.config
Final parameter extracted and saved to ./svcomp24-NoOverflows/Main/termination-recursive-malloc/insertionSort_recursive.yml.config
Final parameter extracted and saved to ./svcomp24-NoOverflows/Main/termination-recursive-malloc/rec_malloc_ex11.yml.config
Warning: No Final parameter found in ./svcomp24-NoOverflows/Main/termination-recursive-malloc/rec_malloc_ex1.yml.parf. Skipping...
Final parameter extracted and saved to ./svcomp24-NoOverflows/Main/termination-recursive-malloc/rec_strcopy_malloc.yml.config
Warning: No Final parameter found in ./svcomp24-NoOverflows/Main/termination-recursive-malloc/rec_malloc_ex6.yml.parf. Skipping...
Final parameter extracted and saved to ./svcomp24-NoOverflows/Main/termination-recursive-malloc/rec_malloc_ex11D.yml.config
Final parameter extracted and saved to ./svcomp24-NoOverflows/Main/termination-recursive-malloc/chunk1-2.yml.config
Final parameter extracted and saved to ./svcomp24-NoOverflows/Main/termination-recursive-malloc/rec_malloc_ex2.yml.config
Warning: No Final parameter found in ./svcomp24-NoOverflows/Main/termination-recursive-malloc/rec_malloc_ex7.yml.parf. Skipping...
Final parameter extracted and saved to ./svcomp24-NoOverflows/Main/termination-recursive-malloc/mutual_simple.yml.config
Warning: No Final parameter found in ./svcomp24-NoOverflows/Main/termination-recursive-malloc/rec_malloc_ex7B.yml.parf. Skipping...
Final parameter extracted and saved to ./svcomp24-NoOverflows/Main/array-examples/standard_reverse_ground.yml.config
Final parameter extracted and saved to ./svcomp24-NoOverflows/Main/array-examples/standard_init3_ground-1.yml.config
Final parameter extracted and saved to ./svcomp24-NoOverflows/Main/array-examples/standard_strcpy_original-2.yml.config
Final parameter extracted and saved to ./svcomp24-NoOverflows/Main/array-examples/sanfoundry_27_ground.yml.config
Final parameter extracted and saved to ./svcomp24-NoOverflows/Main/array-examples/standard_init5_ground-1.yml.config
Final parameter extracted and saved to ./svcomp24-NoOverflows/Main/array-examples/standard_init6_ground-2.yml.config
Final parameter extracted and saved to ./svcomp24-NoOverflows/Main/array-examples/standard_init7_ground-2.yml.config
Final parameter extracted and saved to ./svcomp24-NoOverflows/Main/array-examples/standard_strcpy_ground-1.yml.config
Final parameter extracted and saved to ./svcomp24-NoOverflows/Main/array-examples/standard_init7_ground-1.yml.config
Final parameter extracted and saved to ./svcomp24-NoOverflows/Main/array-examples/standard_password_ground.yml.config
Final parameter extracted and saved to ./svcomp24-NoOverflows/Main/array-examples/standard_maxInArray_ground.yml.config
Final parameter extracted and saved to ./svcomp24-NoOverflows/Main/array-examples/standard_init1_ground-2.yml.config
Final parameter extracted and saved to ./svcomp24-NoOverflows/Main/array-examples/data_structures_set_multi_proc_trivial_ground.yml.config
Final parameter extracted and saved to ./svcomp24-NoOverflows/Main/array-examples/standard_palindrome_ground.yml.config
Final parameter extracted and saved to ./svcomp24-NoOverflows/Main/array-examples/standard_init8_ground-1.yml.config
Final parameter extracted and saved to ./svcomp24-NoOverflows/Main/array-examples/sanfoundry_24-1.yml.config
Final parameter extracted and saved to ./svcomp24-NoOverflows/Main/array-examples/sorting_bubblesort_2_ground.yml.config
Final parameter extracted and saved to ./svcomp24-NoOverflows/Main/array-examples/standard_init4_ground-1.yml.config
Final parameter extracted and saved to ./svcomp24-NoOverflows/Main/array-examples/standard_compare_ground.yml.config
Final parameter extracted and saved to ./svcomp24-NoOverflows/Main/array-examples/sorting_bubblesort_ground-2.yml.config
Final parameter extracted and saved to ./svcomp24-NoOverflows/Main/array-examples/standard_find_ground-1.yml.config
Final parameter extracted and saved to ./svcomp24-NoOverflows/Main/array-examples/sorting_bubblesort_ground-1.yml.config
Final parameter extracted and saved to ./svcomp24-NoOverflows/Main/array-examples/standard_copyInit_ground.yml.config
Final parameter extracted and saved to ./svcomp24-NoOverflows/Main/array-examples/standard_init5_ground-2.yml.config
Final parameter extracted and saved to ./svcomp24-NoOverflows/Main/array-examples/standard_compareModified_ground.yml.config
Final parameter extracted and saved to ./svcomp24-NoOverflows/Main/array-examples/standard_running-1.yml.config
Final parameter extracted and saved to ./svcomp24-NoOverflows/Main/array-examples/standard_init9_ground-2.yml.config
Final parameter extracted and saved to ./svcomp24-NoOverflows/Main/array-examples/standard_copy1_ground-1.yml.config
Final parameter extracted and saved to ./svcomp24-NoOverflows/Main/array-examples/standard_init2_ground-1.yml.config
Final parameter extracted and saved to ./svcomp24-NoOverflows/Main/array-examples/standard_init2_ground-2.yml.config
Final parameter extracted and saved to ./svcomp24-NoOverflows/Main/array-examples/standard_init9_ground-1.yml.config
Final parameter extracted and saved to ./svcomp24-NoOverflows/Main/array-examples/standard_minInArray_ground-1.yml.config
Final parameter extracted and saved to ./svcomp24-NoOverflows/Main/array-examples/standard_init8_ground-2.yml.config
Final parameter extracted and saved to ./svcomp24-NoOverflows/Main/array-examples/standard_running-2.yml.config
Final parameter extracted and saved to ./svcomp24-NoOverflows/Main/array-examples/standard_minInArray_ground-2.yml.config
Final parameter extracted and saved to ./svcomp24-NoOverflows/Main/array-examples/standard_init4_ground-2.yml.config
Final parameter extracted and saved to ./svcomp24-NoOverflows/Main/array-examples/standard_strcmp_ground.yml.config
Final parameter extracted and saved to ./svcomp24-NoOverflows/Main/array-examples/standard_copy1_ground-2.yml.config
Final parameter extracted and saved to ./svcomp24-NoOverflows/Main/array-examples/standard_init6_ground-1.yml.config
Final parameter extracted and saved to ./svcomp24-NoOverflows/Main/array-examples/standard_init3_ground-2.yml.config
Final parameter extracted and saved to ./svcomp24-NoOverflows/Main/array-examples/standard_init1_ground-1.yml.config
Warning: No Final parameter found in ./svcomp24-NoOverflows/Main/ldv-linux-4.0-rc1-mav/linux-4.0-rc1---drivers--media--usb--gspca--gspca_main.ko.cil.yml.parf. Skipping...
Warning: No Final parameter found in ./svcomp24-NoOverflows/Main/ldv-linux-4.0-rc1-mav/linux-4.0-rc1---drivers--scsi--megaraid.ko.cil.yml.parf. Skipping...
Final parameter extracted and saved to ./svcomp24-NoOverflows/Main/list-ext3-properties/dll_nondet_free_order-1.yml.config
Final parameter extracted and saved to ./svcomp24-NoOverflows/Main/list-ext3-properties/dll_nullified-2.yml.config
Final parameter extracted and saved to ./svcomp24-NoOverflows/Main/list-ext3-properties/dll_nondet_free_order-2.yml.config
Final parameter extracted and saved to ./svcomp24-NoOverflows/Main/list-ext3-properties/dll_nullified-1.yml.config
Final parameter extracted and saved to ./svcomp24-NoOverflows/Main/loop-simple/nested_3.yml.config
Final parameter extracted and saved to ./svcomp24-NoOverflows/Main/loop-simple/nested_5.yml.config
Final parameter extracted and saved to ./svcomp24-NoOverflows/Main/loop-simple/nested_1b.yml.config
Final parameter extracted and saved to ./svcomp24-NoOverflows/Main/loop-simple/nested_2.yml.config
Final parameter extracted and saved to ./svcomp24-NoOverflows/Main/loop-simple/nested_1.yml.config
Final parameter extracted and saved to ./svcomp24-NoOverflows/Main/loop-simple/nested_4.yml.config
Final parameter extracted and saved to ./svcomp24-NoOverflows/Main/memsafety/960521-1-2.yml.config
Final parameter extracted and saved to ./svcomp24-NoOverflows/Main/memsafety/20051113-1.yml.config
Final parameter extracted and saved to ./svcomp24-NoOverflows/Main/termination-bwb/display-bit1.yml.config
Final parameter extracted and saved to ./svcomp24-NoOverflows/Main/termination-bwb/display-bit.yml.config
Final parameter extracted and saved to ./svcomp24-NoOverflows/Main/termination-bwb/or-02-false.yml.config
Final parameter extracted and saved to ./svcomp24-NoOverflows/Main/termination-bwb/xor-01-false.yml.config
Final parameter extracted and saved to ./svcomp24-NoOverflows/Main/loop-invariants/odd.yml.config
Final parameter extracted and saved to ./svcomp24-NoOverflows/Main/loop-invariants/linear-inequality-inv-a.yml.config
Final parameter extracted and saved to ./svcomp24-NoOverflows/Main/loop-invariants/eq2.yml.config
Final parameter extracted and saved to ./svcomp24-NoOverflows/Main/loop-invariants/mod4.yml.config
Final parameter extracted and saved to ./svcomp24-NoOverflows/Main/loop-invariants/const.yml.config
Final parameter extracted and saved to ./svcomp24-NoOverflows/Main/loop-invariants/bin-suffix-5.yml.config
Final parameter extracted and saved to ./svcomp24-NoOverflows/Main/loop-invariants/linear-inequality-inv-b.yml.config
Final parameter extracted and saved to ./svcomp24-NoOverflows/Main/loop-invariants/even.yml.config
Final parameter extracted and saved to ./svcomp24-NoOverflows/Main/loop-invariants/eq1.yml.config
Final parameter extracted and saved to ./svcomp24-NoOverflows/Main/ldv-sets/test_mutex_unbounded-2.yml.config
Final parameter extracted and saved to ./svcomp24-NoOverflows/Main/ldv-sets/test_mutex_unbounded-1.yml.config
Final parameter extracted and saved to ./svcomp24-NoOverflows/Main/list-ext-properties/test-0504_1.yml.config
Final parameter extracted and saved to ./svcomp24-NoOverflows/Main/list-ext-properties/test-0232_1-1.yml.config
Final parameter extracted and saved to ./svcomp24-NoOverflows/Main/list-ext-properties/test-0513_1.yml.config
Final parameter extracted and saved to ./svcomp24-NoOverflows/Main/list-ext-properties/test-0232_1-2.yml.config
Final parameter extracted and saved to ./svcomp24-NoOverflows/Main/list-ext-properties/simple-ext.yml.config
Warning: No Final parameter found in ./svcomp24-NoOverflows/Main/ldv-consumption/32_7a_cilled_linux-3.8-rc1-drivers--scsi--scsi_tgt.ko-main.cil.out.yml.parf. Skipping...
Warning: No Final parameter found in ./svcomp24-NoOverflows/Main/ldv-consumption/32_7a_cilled_linux-3.8-rc1-drivers--regulator--isl6271a-regulator.ko-main.cil.out.yml.parf. Skipping...
Warning: No Final parameter found in ./svcomp24-NoOverflows/Main/ldv-consumption/32_7a_cilled_linux-3.8-rc1-32_7a-drivers--media--v4l2-core--videobuf-dma-contig.ko-ldv_main0_sequence_infinite_withcheck_stateful.cil.out.yml.parf. Skipping...
Warning: No Final parameter found in ./svcomp24-NoOverflows/Main/ldv-consumption/32_7a_cilled_linux-3.8-rc1-32_7a-drivers--net--ethernet--realtek--atp.ko-ldv_main0_sequence_infinite_withcheck_stateful.cil.out.yml.parf. Skipping...
Warning: No Final parameter found in ./svcomp24-NoOverflows/Main/ldv-consumption/32_7a_cilled_linux-3.8-rc1-32_7a-drivers--mtd--ubi--ubi.ko-ldv_main3_sequence_infinite_withcheck_stateful.cil.out.yml.parf. Skipping...
Final parameter extracted and saved to ./svcomp24-NoOverflows/Main/openssl/s3_srvr.blast.13.i.cil-1.yml.config
Final parameter extracted and saved to ./svcomp24-NoOverflows/Main/openssl/s3_srvr.blast.15.i.cil-2.yml.config
Final parameter extracted and saved to ./svcomp24-NoOverflows/Main/openssl/s3_srvr.blast.15.i.cil-1.yml.config
Final parameter extracted and saved to ./svcomp24-NoOverflows/Main/openssl/s3_srvr.blast.12.i.cil-2.yml.config
Final parameter extracted and saved to ./svcomp24-NoOverflows/Main/openssl/s3_srvr.blast.06.i.cil-2.yml.config
Final parameter extracted and saved to ./svcomp24-NoOverflows/Main/openssl/s3_srvr.blast.08.i.cil-1.yml.config
Final parameter extracted and saved to ./svcomp24-NoOverflows/Main/openssl/s3_srvr.blast.13.i.cil-2.yml.config
Final parameter extracted and saved to ./svcomp24-NoOverflows/Main/openssl/s3_clnt.blast.04.i.cil-2.yml.config
Final parameter extracted and saved to ./svcomp24-NoOverflows/Main/openssl/s3_srvr.blast.14.i.cil-1.yml.config
Final parameter extracted and saved to ./svcomp24-NoOverflows/Main/openssl/s3_srvr.blast.09.i.cil-2.yml.config
Final parameter extracted and saved to ./svcomp24-NoOverflows/Main/openssl/s3_srvr.blast.12.i.cil-1.yml.config
Final parameter extracted and saved to ./svcomp24-NoOverflows/Main/openssl/s3_srvr.blast.03.i.cil.yml.config
Final parameter extracted and saved to ./svcomp24-NoOverflows/Main/openssl/s3_srvr.blast.11.i.cil-2.yml.config
Final parameter extracted and saved to ./svcomp24-NoOverflows/Main/openssl/s3_srvr.blast.07.i.cil-1.yml.config
Final parameter extracted and saved to ./svcomp24-NoOverflows/Main/openssl/s3_clnt.blast.02.i.cil-1.yml.config
Final parameter extracted and saved to ./svcomp24-NoOverflows/Main/openssl/s3_srvr.blast.02.i.cil-2.yml.config
Final parameter extracted and saved to ./svcomp24-NoOverflows/Main/openssl/s3_clnt.blast.02.i.cil-2.yml.config
Final parameter extracted and saved to ./svcomp24-NoOverflows/Main/openssl/s3_srvr.blast.09.i.cil-1.yml.config
Final parameter extracted and saved to ./svcomp24-NoOverflows/Main/openssl/s3_clnt.blast.01.i.cil-2.yml.config
Final parameter extracted and saved to ./svcomp24-NoOverflows/Main/openssl/s3_srvr.blast.16.i.cil-1.yml.config
Final parameter extracted and saved to ./svcomp24-NoOverflows/Main/openssl/s3_srvr.blast.08.i.cil-2.yml.config
Final parameter extracted and saved to ./svcomp24-NoOverflows/Main/openssl/s3_clnt.blast.03.i.cil-2.yml.config
Final parameter extracted and saved to ./svcomp24-NoOverflows/Main/openssl/s3_srvr.blast.06.i.cil-1.yml.config
Final parameter extracted and saved to ./svcomp24-NoOverflows/Main/openssl/s3_srvr.blast.07.i.cil-2.yml.config
Final parameter extracted and saved to ./svcomp24-NoOverflows/Main/openssl/s3_srvr.blast.01.i.cil-2.yml.config
Final parameter extracted and saved to ./svcomp24-NoOverflows/Main/openssl/s3_clnt.blast.04.i.cil-1.yml.config
Final parameter extracted and saved to ./svcomp24-NoOverflows/Main/openssl/s3_srvr.blast.04.i.cil.yml.config
Final parameter extracted and saved to ./svcomp24-NoOverflows/Main/openssl/s3_srvr.blast.11.i.cil-1.yml.config
Final parameter extracted and saved to ./svcomp24-NoOverflows/Main/openssl/s3_srvr.blast.16.i.cil-2.yml.config
Final parameter extracted and saved to ./svcomp24-NoOverflows/Main/openssl/s3_srvr.blast.02.i.cil-1.yml.config
Final parameter extracted and saved to ./svcomp24-NoOverflows/Main/openssl/s3_srvr.blast.01.i.cil-1.yml.config
Final parameter extracted and saved to ./svcomp24-NoOverflows/Main/openssl/s3_clnt.blast.03.i.cil-1.yml.config
Final parameter extracted and saved to ./svcomp24-NoOverflows/Main/openssl/s3_srvr.blast.14.i.cil-2.yml.config
Final parameter extracted and saved to ./svcomp24-NoOverflows/Main/openssl/s3_srvr.blast.10.i.cil-2.yml.config
Final parameter extracted and saved to ./svcomp24-NoOverflows/Main/openssl/s3_srvr.blast.10.i.cil-1.yml.config
Final parameter extracted and saved to ./svcomp24-NoOverflows/Main/openssl/s3_clnt.blast.01.i.cil-1.yml.config
Final parameter extracted and saved to ./svcomp24-NoOverflows/Main/recursive-with-pointer/simple-recursive.yml.config
Final parameter extracted and saved to ./svcomp24-NoOverflows/Main/loop-lit/cggmp2005.yml.config
Final parameter extracted and saved to ./svcomp24-NoOverflows/Main/loop-lit/hh2012-ex2b.yml.config
Final parameter extracted and saved to ./svcomp24-NoOverflows/Main/loop-lit/gj2007.c.i.p+lhb-reducer.yml.config
Final parameter extracted and saved to ./svcomp24-NoOverflows/Main/loop-lit/mine2017-ex4.8.yml.config
Final parameter extracted and saved to ./svcomp24-NoOverflows/Main/loop-lit/mcmillan2006.yml.config
Final parameter extracted and saved to ./svcomp24-NoOverflows/Main/loop-lit/gj2007.c.i.p+nlh-reducer.yml.config
Final parameter extracted and saved to ./svcomp24-NoOverflows/Main/loop-lit/gj2007.yml.config
Final parameter extracted and saved to ./svcomp24-NoOverflows/Main/loop-lit/mine2017-ex4.6.yml.config
Final parameter extracted and saved to ./svcomp24-NoOverflows/Main/loop-lit/hh2012-ex3.yml.config
Final parameter extracted and saved to ./svcomp24-NoOverflows/Main/loop-lit/gj2007b.yml.config
Final parameter extracted and saved to ./svcomp24-NoOverflows/Main/loop-lit/as2013-hybrid.yml.config
Final parameter extracted and saved to ./svcomp24-NoOverflows/Main/loop-lit/bh2017-ex1-poly.yml.config
Final parameter extracted and saved to ./svcomp24-NoOverflows/Main/loop-lit/mine2017-ex4.10.yml.config
Final parameter extracted and saved to ./svcomp24-NoOverflows/Main/loop-lit/bh2017-ex-add.yml.config
Final parameter extracted and saved to ./svcomp24-NoOverflows/Main/loop-lit/cggmp2005b.yml.config
Final parameter extracted and saved to ./svcomp24-NoOverflows/Main/loop-lit/mine2017-ex4.7.yml.config
Final parameter extracted and saved to ./svcomp24-NoOverflows/Main/loop-lit/bh2017-ex3.yml.config
Final parameter extracted and saved to ./svcomp24-NoOverflows/Main/loop-lit/hh2012-ex1b.yml.config
Final parameter extracted and saved to ./svcomp24-NoOverflows/Main/loop-new/count_by_1.yml.config
Final parameter extracted and saved to ./svcomp24-NoOverflows/Main/loop-new/count_by_1_variant.yml.config
Final parameter extracted and saved to ./svcomp24-NoOverflows/Main/loop-new/count_by_2.yml.config
Final parameter extracted and saved to ./svcomp24-NoOverflows/Main/loop-new/count_by_k.yml.config
Final parameter extracted and saved to ./svcomp24-NoOverflows/Main/recursified_nla-digbench/recursified_egcd3-ll.yml.config
Final parameter extracted and saved to ./svcomp24-NoOverflows/Main/recursified_nla-digbench/recursified_egcd3.yml.config
Final parameter extracted and saved to ./svcomp24-NoOverflows/Main/recursified_nla-digbench/recursified_dijkstra.yml.config
Final parameter extracted and saved to ./svcomp24-NoOverflows/Main/recursified_nla-digbench/recursified_ps6-ll.yml.config
Final parameter extracted and saved to ./svcomp24-NoOverflows/Main/recursified_nla-digbench/recursified_ps2.yml.config
Final parameter extracted and saved to ./svcomp24-NoOverflows/Main/recursified_nla-digbench/recursified_knuth.yml.config
Final parameter extracted and saved to ./svcomp24-NoOverflows/Main/recursified_nla-digbench/recursified_egcd2.yml.config
Final parameter extracted and saved to ./svcomp24-NoOverflows/Main/recursified_nla-digbench/recursified_cohencu.yml.config
Final parameter extracted and saved to ./svcomp24-NoOverflows/Main/recursified_nla-digbench/recursified_hard.yml.config
Final parameter extracted and saved to ./svcomp24-NoOverflows/Main/recursified_nla-digbench/recursified_prod4br.yml.config
Final parameter extracted and saved to ./svcomp24-NoOverflows/Main/recursified_nla-digbench/recursified_ps4-ll.yml.config
Final parameter extracted and saved to ./svcomp24-NoOverflows/Main/recursified_nla-digbench/recursified_lcm1.yml.config
Final parameter extracted and saved to ./svcomp24-NoOverflows/Main/recursified_nla-digbench/recursified_ps3-ll.yml.config
Final parameter extracted and saved to ./svcomp24-NoOverflows/Main/recursified_nla-digbench/recursified_geo1.yml.config
Final parameter extracted and saved to ./svcomp24-NoOverflows/Main/recursified_nla-digbench/recursified_divbin.yml.config
Final parameter extracted and saved to ./svcomp24-NoOverflows/Main/recursified_nla-digbench/recursified_dijkstra-u.yml.config
Final parameter extracted and saved to ./svcomp24-NoOverflows/Main/recursified_nla-digbench/recursified_fermat1-ll.yml.config
Final parameter extracted and saved to ./svcomp24-NoOverflows/Main/recursified_nla-digbench/recursified_prod4br-ll.yml.config
Final parameter extracted and saved to ./svcomp24-NoOverflows/Main/recursified_nla-digbench/recursified_geo2.yml.config
Final parameter extracted and saved to ./svcomp24-NoOverflows/Main/recursified_nla-digbench/recursified_hard-ll.yml.config
Final parameter extracted and saved to ./svcomp24-NoOverflows/Main/recursified_nla-digbench/recursified_cohendiv.yml.config
Final parameter extracted and saved to ./svcomp24-NoOverflows/Main/recursified_nla-digbench/recursified_hard2.yml.config
Final parameter extracted and saved to ./svcomp24-NoOverflows/Main/recursified_nla-digbench/recursified_ps4.yml.config
Final parameter extracted and saved to ./svcomp24-NoOverflows/Main/recursified_nla-digbench/recursified_sqrt1-ll.yml.config
Final parameter extracted and saved to ./svcomp24-NoOverflows/Main/recursified_nla-digbench/recursified_fermat2-ll.yml.config
Final parameter extracted and saved to ./svcomp24-NoOverflows/Main/recursified_nla-digbench/recursified_egcd-ll.yml.config
Final parameter extracted and saved to ./svcomp24-NoOverflows/Main/recursified_nla-digbench/recursified_ps5.yml.config
Final parameter extracted and saved to ./svcomp24-NoOverflows/Main/recursified_nla-digbench/recursified_lcm2.yml.config
Final parameter extracted and saved to ./svcomp24-NoOverflows/Main/recursified_nla-digbench/recursified_egcd.yml.config
Final parameter extracted and saved to ./svcomp24-NoOverflows/Main/recursified_nla-digbench/recursified_cohendiv-ll.yml.config
Final parameter extracted and saved to ./svcomp24-NoOverflows/Main/recursified_nla-digbench/recursified_ps6.yml.config
Final parameter extracted and saved to ./svcomp24-NoOverflows/Main/recursified_nla-digbench/recursified_mannadiv.yml.config
Final parameter extracted and saved to ./svcomp24-NoOverflows/Main/recursified_nla-digbench/recursified_ps5-ll.yml.config
Final parameter extracted and saved to ./svcomp24-NoOverflows/Main/recursified_nla-digbench/recursified_ps3.yml.config
Final parameter extracted and saved to ./svcomp24-NoOverflows/Main/recursified_nla-digbench/recursified_geo3.yml.config
Final parameter extracted and saved to ./svcomp24-NoOverflows/Main/recursified_nla-digbench/recursified_prodbin.yml.config
Final parameter extracted and saved to ./svcomp24-NoOverflows/Main/recursified_nla-digbench/recursified_geo1-u2.yml.config
Final parameter extracted and saved to ./svcomp24-NoOverflows/Main/recursified_nla-digbench/recursified_divbin2.yml.config
Final parameter extracted and saved to ./svcomp24-NoOverflows/Main/recursified_nla-digbench/recursified_egcd2-ll.yml.config
Final parameter extracted and saved to ./svcomp24-NoOverflows/Main/recursified_nla-digbench/recursified_fermat2.yml.config
Final parameter extracted and saved to ./svcomp24-NoOverflows/Main/recursified_nla-digbench/recursified_sqrt1.yml.config
Final parameter extracted and saved to ./svcomp24-NoOverflows/Main/recursified_nla-digbench/recursified_hard-u.yml.config
Final parameter extracted and saved to ./svcomp24-NoOverflows/Main/recursified_nla-digbench/recursified_bresenham-ll.yml.config
Final parameter extracted and saved to ./svcomp24-NoOverflows/Main/recursified_nla-digbench/recursified_ps2-ll.yml.config
Final parameter extracted and saved to ./svcomp24-NoOverflows/Main/recursified_nla-digbench/recursified_prodbin-ll.yml.config
Final parameter extracted and saved to ./svcomp24-NoOverflows/Main/recursified_nla-digbench/recursified_cohencu-ll.yml.config
Final parameter extracted and saved to ./svcomp24-NoOverflows/Main/recursified_nla-digbench/recursified_bresenham.yml.config
Final parameter extracted and saved to ./svcomp24-NoOverflows/Main/recursified_nla-digbench/recursified_fermat1.yml.config
Final parameter extracted and saved to ./svcomp24-NoOverflows/Main/loops/sum01-1.yml.config
Final parameter extracted and saved to ./svcomp24-NoOverflows/Main/loops/sum01_bug02.yml.config
Final parameter extracted and saved to ./svcomp24-NoOverflows/Main/loops/s3.yml.config
Final parameter extracted and saved to ./svcomp24-NoOverflows/Main/loops/sum03-1.yml.config
Final parameter extracted and saved to ./svcomp24-NoOverflows/Main/loops/trex02-2.yml.config
Final parameter extracted and saved to ./svcomp24-NoOverflows/Main/loops/sum_array-2-1.yml.config
Final parameter extracted and saved to ./svcomp24-NoOverflows/Main/loops/nec11.yml.config
Final parameter extracted and saved to ./svcomp24-NoOverflows/Main/loops/for_bounded_loop1.yml.config
Final parameter extracted and saved to ./svcomp24-NoOverflows/Main/loops/n.c40.yml.config
Final parameter extracted and saved to ./svcomp24-NoOverflows/Main/loops/terminator_03-1.yml.config
Final parameter extracted and saved to ./svcomp24-NoOverflows/Main/loops/trex02-1.yml.config
Final parameter extracted and saved to ./svcomp24-NoOverflows/Main/loops/sum04-1.yml.config
Final parameter extracted and saved to ./svcomp24-NoOverflows/Main/loops/terminator_03-2.yml.config
Final parameter extracted and saved to ./svcomp24-NoOverflows/Main/loops/eureka_05.yml.config
Final parameter extracted and saved to ./svcomp24-NoOverflows/Main/loops/terminator_02-1.yml.config
Final parameter extracted and saved to ./svcomp24-NoOverflows/Main/loops/sum04-2.yml.config
Final parameter extracted and saved to ./svcomp24-NoOverflows/Main/loops/sum_array-2-2.yml.config
Final parameter extracted and saved to ./svcomp24-NoOverflows/Main/loops/terminator_01.yml.config
Final parameter extracted and saved to ./svcomp24-NoOverflows/Main/loops/nec40.yml.config
Final parameter extracted and saved to ./svcomp24-NoOverflows/Main/loops/sum01_bug02_sum01_bug02_base.case.yml.config
Final parameter extracted and saved to ./svcomp24-NoOverflows/Main/array-industry-pattern/array_ptr_partial_init.yml.config
Final parameter extracted and saved to ./svcomp24-NoOverflows/Main/array-industry-pattern/array_of_struct_ptr_monotonic.yml.config
Final parameter extracted and saved to ./svcomp24-NoOverflows/Main/array-industry-pattern/array_ptr_single_elem_init-1.yml.config
Final parameter extracted and saved to ./svcomp24-NoOverflows/Main/array-industry-pattern/array_of_struct_single_elem_init.yml.config
Final parameter extracted and saved to ./svcomp24-NoOverflows/Main/array-industry-pattern/array_single_elem_init.yml.config
Final parameter extracted and saved to ./svcomp24-NoOverflows/Main/array-industry-pattern/array_ptr_single_elem_init-2.yml.config
Final parameter extracted and saved to ./svcomp24-NoOverflows/Main/array-industry-pattern/array_assert_loop_dep.yml.config
Final parameter extracted and saved to ./svcomp24-NoOverflows/Main/array-industry-pattern/array_of_struct_break.yml.config
Final parameter extracted and saved to ./svcomp24-NoOverflows/Main/array-industry-pattern/array_of_struct_loop_dep.yml.config
Final parameter extracted and saved to ./svcomp24-NoOverflows/Main/array-industry-pattern/array_range_init.yml.config
Final parameter extracted and saved to ./svcomp24-NoOverflows/Main/array-industry-pattern/array_monotonic.yml.config
Final parameter extracted and saved to ./svcomp24-NoOverflows/Main/array-industry-pattern/array_of_struct_ptr_cond_init.yml.config
Final parameter extracted and saved to ./svcomp24-NoOverflows/Main/array-industry-pattern/array_of_struct_ptr_flag_init.yml.config
Warning: No Final parameter found in ./svcomp24-NoOverflows/Main/ldv-validator-v0.6/linux-stable-4ed3cba-1-100_1a-drivers--usb--serial--qcserial.ko-entry_point.cil.out.yml.parf. Skipping...
Final parameter extracted and saved to ./svcomp24-NoOverflows/Main/memsafety-bftpd/bftpd_2a.yml.config
Warning: No Final parameter found in ./svcomp24-NoOverflows/Main/memsafety-bftpd/bftpd_1b.yml.parf. Skipping...
Final parameter extracted and saved to ./svcomp24-NoOverflows/Main/memsafety-bftpd/bftpd_3.yml.config
Final parameter extracted and saved to ./svcomp24-NoOverflows/Main/memsafety-bftpd/bftpd_2b.yml.config
Warning: No Final parameter found in ./svcomp24-NoOverflows/Main/memsafety-bftpd/bftpd_1a.yml.parf. Skipping...
Warning: No Final parameter found in ./svcomp24-NoOverflows/Main/aws-c-common/aws_priority_queue_s_sift_down_harness.yml.parf. Skipping...
Warning: No Final parameter found in ./svcomp24-NoOverflows/Main/aws-c-common/aws_array_list_swap_harness.yml.parf. Skipping...
Final parameter extracted and saved to ./svcomp24-NoOverflows/Main/termination-nla/prod4br-both-t.yml.config
Final parameter extracted and saved to ./svcomp24-NoOverflows/Main/termination-nla/geo2-both-t.yml.config
Final parameter extracted and saved to ./svcomp24-NoOverflows/Main/termination-nla/freire1-both-nt.yml.config
Final parameter extracted and saved to ./svcomp24-NoOverflows/Main/termination-nla/hard-both-t.yml.config
Final parameter extracted and saved to ./svcomp24-NoOverflows/Main/termination-nla/bresenham1-both-t.yml.config
Final parameter extracted and saved to ./svcomp24-NoOverflows/Main/termination-nla/prodbin-both-t.yml.config
Final parameter extracted and saved to ./svcomp24-NoOverflows/Main/termination-nla/freire1-both-t.yml.config
Final parameter extracted and saved to ./svcomp24-NoOverflows/Main/termination-nla/geo1-both-t.yml.config
Final parameter extracted and saved to ./svcomp24-NoOverflows/Main/termination-nla/bresenham1-both-nt.yml.config
Final parameter extracted and saved to ./svcomp24-NoOverflows/Main/termination-nla/sqrt2-both-nt.yml.config
Final parameter extracted and saved to ./svcomp24-NoOverflows/Main/termination-nla/fermat1-both-t.yml.config
Final parameter extracted and saved to ./svcomp24-NoOverflows/Main/termination-nla/lcm2-both-nt.yml.config
Final parameter extracted and saved to ./svcomp24-NoOverflows/Main/termination-nla/geo2-both-nt.yml.config
Final parameter extracted and saved to ./svcomp24-NoOverflows/Main/termination-nla/dijkstra2-both-nt.yml.config
Final parameter extracted and saved to ./svcomp24-NoOverflows/Main/termination-nla/egcd3-both-nt.yml.config
Final parameter extracted and saved to ./svcomp24-NoOverflows/Main/termination-nla/egcd-both-t.yml.config
Final parameter extracted and saved to ./svcomp24-NoOverflows/Main/termination-nla/dijkstra3-both-nt.yml.config
Final parameter extracted and saved to ./svcomp24-NoOverflows/Main/termination-nla/geo3-both-nt.yml.config
Final parameter extracted and saved to ./svcomp24-NoOverflows/Main/termination-nla/dijkstra5-both-nt.yml.config
Final parameter extracted and saved to ./svcomp24-NoOverflows/Main/termination-nla/dijkstra6-both-nt.yml.config
Final parameter extracted and saved to ./svcomp24-NoOverflows/Main/termination-nla/fermat2-both-nt.yml.config
Final parameter extracted and saved to ./svcomp24-NoOverflows/Main/termination-nla/dijkstra4-both-nt.yml.config
Final parameter extracted and saved to ./svcomp24-NoOverflows/Main/termination-nla/egcd-both-nt.yml.config
Final parameter extracted and saved to ./svcomp24-NoOverflows/Main/termination-nla/geo1-both-nt.yml.config
Final parameter extracted and saved to ./svcomp24-NoOverflows/Main/termination-nla/fermat3-both-nt.yml.config
Final parameter extracted and saved to ./svcomp24-NoOverflows/Main/termination-nla/prodbin-both-nt.yml.config
Final parameter extracted and saved to ./svcomp24-NoOverflows/Main/termination-nla/lcm2-both-t.yml.config
Final parameter extracted and saved to ./svcomp24-NoOverflows/Main/termination-nla/geo3-both-t.yml.config
Final parameter extracted and saved to ./svcomp24-NoOverflows/Main/termination-nla/egcd3-both-t.yml.config
Final parameter extracted and saved to ./svcomp24-NoOverflows/Main/termination-nla/prod4br-both-nt.yml.config
Final parameter extracted and saved to ./svcomp24-NoOverflows/Main/termination-nla/hard-both-nt.yml.config
Final parameter extracted and saved to ./svcomp24-NoOverflows/Main/termination-nla/hard2-both-nt.yml.config
Final parameter extracted and saved to ./svcomp24-NoOverflows/Main/termination-nla/egcd2-both-nt.yml.config
Final parameter extracted and saved to ./svcomp24-NoOverflows/Main/termination-nla/fermat1-both-nt.yml.config
Final parameter extracted and saved to ./svcomp24-NoOverflows/Main/loop-acceleration/array_2-2-simple.yml.config
Final parameter extracted and saved to ./svcomp24-NoOverflows/Main/loop-acceleration/array_1-1.yml.config
Final parameter extracted and saved to ./svcomp24-NoOverflows/Main/loop-acceleration/array_3-2.yml.config
Final parameter extracted and saved to ./svcomp24-NoOverflows/Main/loop-acceleration/array_2-1.yml.config
Final parameter extracted and saved to ./svcomp24-NoOverflows/Main/loop-acceleration/array_3-1.yml.config
Final parameter extracted and saved to ./svcomp24-NoOverflows/Main/loop-acceleration/array_1-2.yml.config
Final parameter extracted and saved to ./svcomp24-NoOverflows/Main/loop-acceleration/array_2-2.yml.config
Final parameter extracted and saved to ./svcomp24-NoOverflows/Main/loop-acceleration/array_2-1-simple.yml.config
Warning: No Final parameter found in ./svcomp24-NoOverflows/Main/ldv-linux-3.12-rc1/linux-3.12-rc1.tar.xz-08_1a-drivers--staging--comedi--comedi.ko-entry_point_simplified.cil.out.yml.parf. Skipping...
Final parameter extracted and saved to ./svcomp24-NoOverflows/Main/recursive-simple/fibo_10-1.yml.config
Final parameter extracted and saved to ./svcomp24-NoOverflows/Main/recursive-simple/fibo_7-2.yml.config
Final parameter extracted and saved to ./svcomp24-NoOverflows/Main/recursive-simple/fibo_2calls_4-1.yml.config
Final parameter extracted and saved to ./svcomp24-NoOverflows/Main/recursive-simple/afterrec_2calls-2.yml.config
Final parameter extracted and saved to ./svcomp24-NoOverflows/Main/recursive-simple/id_b3_o2-1.yml.config
Final parameter extracted and saved to ./svcomp24-NoOverflows/Main/recursive-simple/id_o20.yml.config
Final parameter extracted and saved to ./svcomp24-NoOverflows/Main/recursive-simple/sum_20x0-1.yml.config
Final parameter extracted and saved to ./svcomp24-NoOverflows/Main/recursive-simple/id2_b2_o3.yml.config
Final parameter extracted and saved to ./svcomp24-NoOverflows/Main/recursive-simple/id2_b3_o5.yml.config
Final parameter extracted and saved to ./svcomp24-NoOverflows/Main/recursive-simple/id_b5_o10-1.yml.config
Final parameter extracted and saved to ./svcomp24-NoOverflows/Main/recursive-simple/sum_non_eq-1.yml.config
Final parameter extracted and saved to ./svcomp24-NoOverflows/Main/recursive-simple/fibo_5-2.yml.config
Final parameter extracted and saved to ./svcomp24-NoOverflows/Main/recursive-simple/id_o200.yml.config
Final parameter extracted and saved to ./svcomp24-NoOverflows/Main/recursive-simple/fibo_2calls_2-2.yml.config
Final parameter extracted and saved to ./svcomp24-NoOverflows/Main/recursive-simple/id_i5_o5-1.yml.config
Final parameter extracted and saved to ./svcomp24-NoOverflows/Main/recursive-simple/id_o1000.yml.config
Final parameter extracted and saved to ./svcomp24-NoOverflows/Main/recursive-simple/sum_non_eq-3.yml.config
Final parameter extracted and saved to ./svcomp24-NoOverflows/Main/recursive-simple/id_i5_o5-2.yml.config
Final parameter extracted and saved to ./svcomp24-NoOverflows/Main/recursive-simple/id_i15_o15-2.yml.config
Final parameter extracted and saved to ./svcomp24-NoOverflows/Main/recursive-simple/sum_25x0-1.yml.config
Final parameter extracted and saved to ./svcomp24-NoOverflows/Main/recursive-simple/fibo_2calls_2-1.yml.config
Final parameter extracted and saved to ./svcomp24-NoOverflows/Main/recursive-simple/id_i20_o20-1.yml.config
Final parameter extracted and saved to ./svcomp24-NoOverflows/Main/recursive-simple/sum_20x0-2.yml.config
Final parameter extracted and saved to ./svcomp24-NoOverflows/Main/recursive-simple/afterrec-1.yml.config
Final parameter extracted and saved to ./svcomp24-NoOverflows/Main/recursive-simple/fibo_2calls_8-1.yml.config
Final parameter extracted and saved to ./svcomp24-NoOverflows/Main/recursive-simple/fibo_5-1.yml.config
Final parameter extracted and saved to ./svcomp24-NoOverflows/Main/recursive-simple/id_i20_o20-2.yml.config
Final parameter extracted and saved to ./svcomp24-NoOverflows/Main/recursive-simple/id2_i5_o5-2.yml.config
Final parameter extracted and saved to ./svcomp24-NoOverflows/Main/recursive-simple/sum_15x0-1.yml.config
Final parameter extracted and saved to ./svcomp24-NoOverflows/Main/recursive-simple/id2_i5_o5-1.yml.config
Final parameter extracted and saved to ./svcomp24-NoOverflows/Main/recursive-simple/fibo_2calls_5-2.yml.config
Final parameter extracted and saved to ./svcomp24-NoOverflows/Main/recursive-simple/sum_25x0-2.yml.config
Final parameter extracted and saved to ./svcomp24-NoOverflows/Main/recursive-simple/id_b3_o5-1.yml.config
Final parameter extracted and saved to ./svcomp24-NoOverflows/Main/recursive-simple/sum_non_eq-2.yml.config
Final parameter extracted and saved to ./svcomp24-NoOverflows/Main/recursive-simple/id_i10_o10-2.yml.config
Final parameter extracted and saved to ./svcomp24-NoOverflows/Main/recursive-simple/fibo_2calls_8-2.yml.config
Final parameter extracted and saved to ./svcomp24-NoOverflows/Main/recursive-simple/sum_15x0-2.yml.config
Final parameter extracted and saved to ./svcomp24-NoOverflows/Main/recursive-simple/fibo_7-1.yml.config
Final parameter extracted and saved to ./svcomp24-NoOverflows/Main/recursive-simple/afterrec_2calls-1.yml.config
Final parameter extracted and saved to ./svcomp24-NoOverflows/Main/recursive-simple/fibo_2calls_6-1.yml.config
Final parameter extracted and saved to ./svcomp24-NoOverflows/Main/recursive-simple/id_b3_o5-2.yml.config
Final parameter extracted and saved to ./svcomp24-NoOverflows/Main/recursive-simple/id_i25_o25-2.yml.config
Final parameter extracted and saved to ./svcomp24-NoOverflows/Main/recursive-simple/id_b5_o10-2.yml.config
Final parameter extracted and saved to ./svcomp24-NoOverflows/Main/recursive-simple/id_o10.yml.config
Final parameter extracted and saved to ./svcomp24-NoOverflows/Main/recursive-simple/afterrec-2.yml.config
Final parameter extracted and saved to ./svcomp24-NoOverflows/Main/recursive-simple/id_b2_o3.yml.config
Final parameter extracted and saved to ./svcomp24-NoOverflows/Main/recursive-simple/sum_non.yml.config
Final parameter extracted and saved to ./svcomp24-NoOverflows/Main/recursive-simple/sum_2x3-1.yml.config
Final parameter extracted and saved to ./svcomp24-NoOverflows/Main/recursive-simple/sum_10x0-2.yml.config
Final parameter extracted and saved to ./svcomp24-NoOverflows/Main/recursive-simple/id2_b5_o10.yml.config
Final parameter extracted and saved to ./svcomp24-NoOverflows/Main/recursive-simple/id_i15_o15-1.yml.config
Final parameter extracted and saved to ./svcomp24-NoOverflows/Main/recursive-simple/id_i25_o25-1.yml.config
Final parameter extracted and saved to ./svcomp24-NoOverflows/Main/recursive-simple/id_o3.yml.config
Final parameter extracted and saved to ./svcomp24-NoOverflows/Main/recursive-simple/id2_b3_o2.yml.config
Final parameter extracted and saved to ./svcomp24-NoOverflows/Main/recursive-simple/fibo_2calls_4-2.yml.config
Final parameter extracted and saved to ./svcomp24-NoOverflows/Main/recursive-simple/sum_2x3-2.yml.config
Final parameter extracted and saved to ./svcomp24-NoOverflows/Main/recursive-simple/fibo_2calls_5-1.yml.config
Final parameter extracted and saved to ./svcomp24-NoOverflows/Main/recursive-simple/id_o100.yml.config
Final parameter extracted and saved to ./svcomp24-NoOverflows/Main/recursive-simple/id_b3_o2-2.yml.config
Final parameter extracted and saved to ./svcomp24-NoOverflows/Main/recursive-simple/id_i10_o10-1.yml.config
Final parameter extracted and saved to ./svcomp24-NoOverflows/Main/recursive-simple/sum_10x0-1.yml.config
Final parameter extracted and saved to ./svcomp24-NoOverflows/Main/recursive-simple/fibo_2calls_6-2.yml.config
Final parameter extracted and saved to ./svcomp24-NoOverflows/Main/recursive-simple/fibo_10-2.yml.config
Final parameter extracted and saved to ./svcomp24-NoOverflows/Main/loops-crafted-1/vnew2.yml.config
Final parameter extracted and saved to ./svcomp24-NoOverflows/Main/loops-crafted-1/loopv1.yml.config
Final parameter extracted and saved to ./svcomp24-NoOverflows/Main/loops-crafted-1/net_reset.yml.config
Final parameter extracted and saved to ./svcomp24-NoOverflows/Main/loops-crafted-1/sum_by_3.yml.config
Final parameter extracted and saved to ./svcomp24-NoOverflows/Main/loops-crafted-1/watermelon.yml.config
Final parameter extracted and saved to ./svcomp24-NoOverflows/Main/loops-crafted-1/vnew1.yml.config
Final parameter extracted and saved to ./svcomp24-NoOverflows/Main/loops-crafted-1/sum_natnum.yml.config
Final parameter extracted and saved to ./svcomp24-NoOverflows/Main/loops-crafted-1/discover_list.yml.config
Final parameter extracted and saved to ./svcomp24-NoOverflows/Main/bitvector/byte_add_1-2.yml.config
Final parameter extracted and saved to ./svcomp24-NoOverflows/Main/bitvector/jain_6-1.yml.config
Final parameter extracted and saved to ./svcomp24-NoOverflows/Main/bitvector/parity.yml.config
Final parameter extracted and saved to ./svcomp24-NoOverflows/Main/bitvector/sum02-1.yml.config
Final parameter extracted and saved to ./svcomp24-NoOverflows/Main/bitvector/s3_srvr_3a_alt.BV.c.cil.yml.config
Final parameter extracted and saved to ./svcomp24-NoOverflows/Main/bitvector/jain_1-1.yml.config
Final parameter extracted and saved to ./svcomp24-NoOverflows/Main/bitvector/gcd_4.yml.config
Final parameter extracted and saved to ./svcomp24-NoOverflows/Main/bitvector/s3_clnt_1.BV.c.cil-2a.yml.config
Final parameter extracted and saved to ./svcomp24-NoOverflows/Main/bitvector/byte_add_2-1.yml.config
Final parameter extracted and saved to ./svcomp24-NoOverflows/Main/bitvector/s3_srvr_1.BV.c.cil.yml.config
Final parameter extracted and saved to ./svcomp24-NoOverflows/Main/bitvector/soft_float_1-2.c.cil.yml.config
Final parameter extracted and saved to ./svcomp24-NoOverflows/Main/bitvector/s3_clnt_1.BV.c.cil-1.yml.config
Final parameter extracted and saved to ./svcomp24-NoOverflows/Main/bitvector/s3_clnt_2.BV.c.cil-2a.yml.config
Final parameter extracted and saved to ./svcomp24-NoOverflows/Main/bitvector/gcd_2.yml.config
Final parameter extracted and saved to ./svcomp24-NoOverflows/Main/bitvector/modulus-2.yml.config
Final parameter extracted and saved to ./svcomp24-NoOverflows/Main/bitvector/s3_srvr_2a.BV.c.cil.yml.config
Final parameter extracted and saved to ./svcomp24-NoOverflows/Main/bitvector/jain_7-1.yml.config
Final parameter extracted and saved to ./svcomp24-NoOverflows/Main/bitvector/jain_2-1.yml.config
Final parameter extracted and saved to ./svcomp24-NoOverflows/Main/bitvector/s3_srvr_3_alt.BV.c.cil.yml.config
Final parameter extracted and saved to ./svcomp24-NoOverflows/Main/bitvector/soft_float_4-2a.c.cil.yml.config
Final parameter extracted and saved to ./svcomp24-NoOverflows/Main/bitvector/jain_4-2.yml.config
Final parameter extracted and saved to ./svcomp24-NoOverflows/Main/bitvector/s3_clnt_3.BV.c.cil-2a.yml.config
Final parameter extracted and saved to ./svcomp24-NoOverflows/Main/bitvector/jain_4-1.yml.config
Final parameter extracted and saved to ./svcomp24-NoOverflows/Main/bitvector/soft_float_1-2a.c.cil.yml.config
Final parameter extracted and saved to ./svcomp24-NoOverflows/Main/bitvector/gcd_3.yml.config
Final parameter extracted and saved to ./svcomp24-NoOverflows/Main/bitvector/s3_srvr_2.BV.c.cil.yml.config
Final parameter extracted and saved to ./svcomp24-NoOverflows/Main/bitvector/s3_clnt_1.BV.c.cil-1a.yml.config
Final parameter extracted and saved to ./svcomp24-NoOverflows/Main/bitvector/soft_float_3.c.cil.yml.config
Final parameter extracted and saved to ./svcomp24-NoOverflows/Main/bitvector/jain_5-1.yml.config
Final parameter extracted and saved to ./svcomp24-NoOverflows/Main/bitvector/num_conversion_1.yml.config
Final parameter extracted and saved to ./svcomp24-NoOverflows/Main/bitvector/s3_clnt_3.BV.c.cil-1a.yml.config
Final parameter extracted and saved to ./svcomp24-NoOverflows/Main/bitvector/s3_srvr_3.BV.c.cil.yml.config
Final parameter extracted and saved to ./svcomp24-NoOverflows/Main/bitvector/soft_float_2a.c.cil.yml.config
Final parameter extracted and saved to ./svcomp24-NoOverflows/Main/bitvector/byte_add_2-2.yml.config
Final parameter extracted and saved to ./svcomp24-NoOverflows/Main/bitvector/byte_add-1.yml.config
Final parameter extracted and saved to ./svcomp24-NoOverflows/Main/bitvector/jain_1-2.yml.config
Final parameter extracted and saved to ./svcomp24-NoOverflows/Main/bitvector/s3_clnt_2.BV.c.cil-2.yml.config
Final parameter extracted and saved to ./svcomp24-NoOverflows/Main/bitvector/gcd_1.yml.config
Final parameter extracted and saved to ./svcomp24-NoOverflows/Main/bitvector/s3_srvr_1_alt.BV.c.cil.yml.config
Final parameter extracted and saved to ./svcomp24-NoOverflows/Main/bitvector/soft_float_5a.c.cil.yml.config
Final parameter extracted and saved to ./svcomp24-NoOverflows/Main/bitvector/byte_add-2.yml.config
Final parameter extracted and saved to ./svcomp24-NoOverflows/Main/bitvector/jain_2-2.yml.config
Final parameter extracted and saved to ./svcomp24-NoOverflows/Main/bitvector/s3_srvr_2a_alt.BV.c.cil.yml.config
Final parameter extracted and saved to ./svcomp24-NoOverflows/Main/bitvector/s3_clnt_3.BV.c.cil-2.yml.config
Final parameter extracted and saved to ./svcomp24-NoOverflows/Main/bitvector/s3_clnt_1.BV.c.cil-2.yml.config
Final parameter extracted and saved to ./svcomp24-NoOverflows/Main/bitvector/soft_float_4-3a.c.cil.yml.config
Final parameter extracted and saved to ./svcomp24-NoOverflows/Main/bitvector/soft_float_2.c.cil.yml.config
Final parameter extracted and saved to ./svcomp24-NoOverflows/Main/bitvector/s3_srvr_2_alt.BV.c.cil.yml.config
Final parameter extracted and saved to ./svcomp24-NoOverflows/Main/bitvector/sum02-2.yml.config
Final parameter extracted and saved to ./svcomp24-NoOverflows/Main/bitvector/jain_6-2.yml.config
Final parameter extracted and saved to ./svcomp24-NoOverflows/Main/bitvector/interleave_bits.yml.config
Final parameter extracted and saved to ./svcomp24-NoOverflows/Main/bitvector/s3_srvr_1a_alt.BV.c.cil.yml.config
Final parameter extracted and saved to ./svcomp24-NoOverflows/Main/bitvector/byte_add_1-1.yml.config
Final parameter extracted and saved to ./svcomp24-NoOverflows/Main/bitvector/jain_7-2.yml.config
Final parameter extracted and saved to ./svcomp24-NoOverflows/Main/bitvector/soft_float_5.c.cil.yml.config
Final parameter extracted and saved to ./svcomp24-NoOverflows/Main/bitvector/modulus-1.yml.config
Final parameter extracted and saved to ./svcomp24-NoOverflows/Main/bitvector/s3_clnt_2.BV.c.cil-1a.yml.config
Final parameter extracted and saved to ./svcomp24-NoOverflows/Main/bitvector/s3_srvr_1a.BV.c.cil.yml.config
Final parameter extracted and saved to ./svcomp24-NoOverflows/Main/bitvector/jain_5-2.yml.config
Final parameter extracted and saved to ./svcomp24-NoOverflows/Main/bitvector/s3_srvr_3a.BV.c.cil.yml.config
Final parameter extracted and saved to ./svcomp24-NoOverflows/Main/bitvector/soft_float_3a.c.cil.yml.config
Final parameter extracted and saved to ./svcomp24-NoOverflows/Main/bitvector/soft_float_1-3a.c.cil.yml.config
Final parameter extracted and saved to ./svcomp24-NoOverflows/Main/bitvector/soft_float_4-3.c.cil.yml.config
Final parameter extracted and saved to ./svcomp24-NoOverflows/Main/bitvector/num_conversion_2.yml.config
Final parameter extracted and saved to ./svcomp24-NoOverflows/Main/bitvector/soft_float_1-3.c.cil.yml.config
Final parameter extracted and saved to ./svcomp24-NoOverflows/Main/bitvector/soft_float_4-2.c.cil.yml.config
Final parameter extracted and saved to ./svcomp24-NoOverflows/Main/bitvector/s3_clnt_2.BV.c.cil-1.yml.config
Final parameter extracted and saved to ./svcomp24-NoOverflows/Main/bitvector/s3_clnt_3.BV.c.cil-1.yml.config
Final parameter extracted and saved to ./svcomp24-NoOverflows/Main/memsafety-ext3/getNumbers3.yml.config
Final parameter extracted and saved to ./svcomp24-NoOverflows/Main/memsafety-ext3/getNumbers1-2.yml.config
Final parameter extracted and saved to ./svcomp24-NoOverflows/Main/memsafety-ext3/getNumbers4-1.yml.config
Final parameter extracted and saved to ./svcomp24-NoOverflows/Main/termination-restricted-15/NO_13.yml.config
Final parameter extracted and saved to ./svcomp24-NoOverflows/Main/termination-restricted-15/b.16.yml.config
Final parameter extracted and saved to ./svcomp24-NoOverflows/Main/termination-restricted-15/a.01.yml.config
Final parameter extracted and saved to ./svcomp24-NoOverflows/Main/termination-restricted-15/MirrorIntervSim.yml.config
Final parameter extracted and saved to ./svcomp24-NoOverflows/Main/termination-restricted-15/DivMinus2.yml.config
Final parameter extracted and saved to ./svcomp24-NoOverflows/Main/termination-restricted-15/b.01.yml.config
Final parameter extracted and saved to ./svcomp24-NoOverflows/Main/termination-restricted-15/Ex06.yml.config
Final parameter extracted and saved to ./svcomp24-NoOverflows/Main/termination-restricted-15/IntPath.yml.config
Final parameter extracted and saved to ./svcomp24-NoOverflows/Main/termination-restricted-15/java_Nested.yml.config
Final parameter extracted and saved to ./svcomp24-NoOverflows/Main/termination-restricted-15/Ex08.yml.config
Final parameter extracted and saved to ./svcomp24-NoOverflows/Main/termination-restricted-15/b.05.yml.config
Final parameter extracted and saved to ./svcomp24-NoOverflows/Main/termination-restricted-15/b.10.yml.config
Final parameter extracted and saved to ./svcomp24-NoOverflows/Main/termination-restricted-15/NO_00.yml.config
Final parameter extracted and saved to ./svcomp24-NoOverflows/Main/termination-restricted-15/UpAndDown.yml.config
Final parameter extracted and saved to ./svcomp24-NoOverflows/Main/termination-restricted-15/a.08.yml.config
Final parameter extracted and saved to ./svcomp24-NoOverflows/Main/termination-restricted-15/GCD4.yml.config
Final parameter extracted and saved to ./svcomp24-NoOverflows/Main/termination-restricted-15/NO_01.yml.config
Final parameter extracted and saved to ./svcomp24-NoOverflows/Main/termination-restricted-15/PastaB1.yml.config
Final parameter extracted and saved to ./svcomp24-NoOverflows/Main/termination-restricted-15/b.09_assume.yml.config
Final parameter extracted and saved to ./svcomp24-NoOverflows/Main/termination-restricted-15/PastaA4.yml.config
Final parameter extracted and saved to ./svcomp24-NoOverflows/Main/termination-restricted-15/java_Sequence.yml.config
Final parameter extracted and saved to ./svcomp24-NoOverflows/Main/termination-restricted-15/ex3b.yml.config
Final parameter extracted and saved to ./svcomp24-NoOverflows/Main/termination-restricted-15/b.02.yml.config
Final parameter extracted and saved to ./svcomp24-NoOverflows/Main/termination-restricted-15/Flip.yml.config
Final parameter extracted and saved to ./svcomp24-NoOverflows/Main/termination-restricted-15/PastaC9.yml.config
Final parameter extracted and saved to ./svcomp24-NoOverflows/Main/termination-restricted-15/b.15.yml.config
Final parameter extracted and saved to ./svcomp24-NoOverflows/Main/termination-restricted-15/NO_24.yml.config
Final parameter extracted and saved to ./svcomp24-NoOverflows/Main/termination-restricted-15/a.04.yml.config
Final parameter extracted and saved to ./svcomp24-NoOverflows/Main/termination-restricted-15/PastaB17.yml.config
Final parameter extracted and saved to ./svcomp24-NoOverflows/Main/termination-restricted-15/NarrowKonv.yml.config
Final parameter extracted and saved to ./svcomp24-NoOverflows/Main/termination-restricted-15/AlternKonv.yml.config
Final parameter extracted and saved to ./svcomp24-NoOverflows/Main/termination-restricted-15/PastaB7.yml.config
Final parameter extracted and saved to ./svcomp24-NoOverflows/Main/termination-restricted-15/b.09-no-inv_assume.yml.config
Final parameter extracted and saved to ./svcomp24-NoOverflows/Main/termination-restricted-15/NO_21.yml.config
Final parameter extracted and saved to ./svcomp24-NoOverflows/Main/termination-restricted-15/b.18.yml.config
Final parameter extracted and saved to ./svcomp24-NoOverflows/Main/termination-restricted-15/PastaB14.yml.config
Final parameter extracted and saved to ./svcomp24-NoOverflows/Main/termination-restricted-15/b.04.yml.config
Final parameter extracted and saved to ./svcomp24-NoOverflows/Main/termination-restricted-15/Nested-2.yml.config
Final parameter extracted and saved to ./svcomp24-NoOverflows/Main/termination-restricted-15/MinusBuiltIn.yml.config
Final parameter extracted and saved to ./svcomp24-NoOverflows/Main/termination-restricted-15/b.11.yml.config
Final parameter extracted and saved to ./svcomp24-NoOverflows/Main/termination-restricted-15/LogAG.yml.config
Final parameter extracted and saved to ./svcomp24-NoOverflows/Main/termination-restricted-15/java_AG313.yml.config
Final parameter extracted and saved to ./svcomp24-NoOverflows/Main/termination-restricted-15/Ex05.yml.config
Final parameter extracted and saved to ./svcomp24-NoOverflows/Main/termination-restricted-15/Loop-2.yml.config
Final parameter extracted and saved to ./svcomp24-NoOverflows/Main/termination-restricted-15/b.03-no-inv_assume.yml.config
Final parameter extracted and saved to ./svcomp24-NoOverflows/Main/termination-restricted-15/a.09_assume.yml.config
Final parameter extracted and saved to ./svcomp24-NoOverflows/Main/termination-restricted-15/TwoFloatInterv.yml.config
Final parameter extracted and saved to ./svcomp24-NoOverflows/Main/termination-restricted-15/Swingers.yml.config
Final parameter extracted and saved to ./svcomp24-NoOverflows/Main/termination-restricted-15/a.10.yml.config
Final parameter extracted and saved to ./svcomp24-NoOverflows/Main/termination-restricted-15/NO_02.yml.config
Final parameter extracted and saved to ./svcomp24-NoOverflows/Main/termination-restricted-15/PastaA1.yml.config
Final parameter extracted and saved to ./svcomp24-NoOverflows/Main/termination-restricted-15/b.03_assume.yml.config
Final parameter extracted and saved to ./svcomp24-NoOverflows/Main/termination-restricted-15/DivMinus.yml.config
Final parameter extracted and saved to ./svcomp24-NoOverflows/Main/termination-restricted-15/c.01_assume.yml.config
Final parameter extracted and saved to ./svcomp24-NoOverflows/Main/termination-restricted-15/GCD3.yml.config
Final parameter extracted and saved to ./svcomp24-NoOverflows/Main/termination-restricted-15/PastaB16.yml.config
Final parameter extracted and saved to ./svcomp24-NoOverflows/Main/termination-restricted-15/c.03.yml.config
Final parameter extracted and saved to ./svcomp24-NoOverflows/Main/termination-restricted-15/c.01-no-inv.yml.config
Final parameter extracted and saved to ./svcomp24-NoOverflows/Main/termination-restricted-15/PastaA7.yml.config
Final parameter extracted and saved to ./svcomp24-NoOverflows/Main/termination-restricted-15/WhileDecr.yml.config
Final parameter extracted and saved to ./svcomp24-NoOverflows/Main/termination-restricted-15/ComplInterv2.yml.config
Final parameter extracted and saved to ./svcomp24-NoOverflows/Main/termination-restricted-15/c.08.yml.config
Final parameter extracted and saved to ./svcomp24-NoOverflows/Main/termination-restricted-15/Flip2.yml.config
Final parameter extracted and saved to ./svcomp24-NoOverflows/Main/termination-restricted-15/McCarthyIterative.yml.config
Final parameter extracted and saved to ./svcomp24-NoOverflows/Main/termination-restricted-15/c.02.yml.config
Final parameter extracted and saved to ./svcomp24-NoOverflows/Main/termination-restricted-15/java_Continue1.yml.config
Final parameter extracted and saved to ./svcomp24-NoOverflows/Main/termination-restricted-15/GCD2.yml.config
Final parameter extracted and saved to ./svcomp24-NoOverflows/Main/termination-restricted-15/Ex07.yml.config
Final parameter extracted and saved to ./svcomp24-NoOverflows/Main/termination-restricted-15/b.14.yml.config
Final parameter extracted and saved to ./svcomp24-NoOverflows/Main/termination-restricted-15/Ex03.yml.config
Final parameter extracted and saved to ./svcomp24-NoOverflows/Main/termination-restricted-15/Sequence.yml.config
Final parameter extracted and saved to ./svcomp24-NoOverflows/Main/termination-restricted-15/Sunset.yml.config
Final parameter extracted and saved to ./svcomp24-NoOverflows/Main/termination-restricted-15/a.05.yml.config
Final parameter extracted and saved to ./svcomp24-NoOverflows/Main/termination-restricted-15/Log.yml.config
Final parameter extracted and saved to ./svcomp24-NoOverflows/Main/termination-restricted-15/PastaB6.yml.config
Final parameter extracted and saved to ./svcomp24-NoOverflows/Main/termination-restricted-15/b.12.yml.config
Final parameter extracted and saved to ./svcomp24-NoOverflows/Main/termination-restricted-15/b.13.yml.config
Final parameter extracted and saved to ./svcomp24-NoOverflows/Main/termination-restricted-15/Narrowing.yml.config
Final parameter extracted and saved to ./svcomp24-NoOverflows/Main/termination-restricted-15/b.07.yml.config
Final parameter extracted and saved to ./svcomp24-NoOverflows/Main/termination-restricted-15/PastaA10.yml.config
Final parameter extracted and saved to ./svcomp24-NoOverflows/Main/termination-restricted-15/WhilePart.yml.config
Final parameter extracted and saved to ./svcomp24-NoOverflows/Main/termination-restricted-15/WhileSingle.yml.config
Final parameter extracted and saved to ./svcomp24-NoOverflows/Main/termination-restricted-15/c.07.yml.config
Final parameter extracted and saved to ./svcomp24-NoOverflows/Main/termination-restricted-15/a.06.yml.config
Final parameter extracted and saved to ./svcomp24-NoOverflows/Main/termination-restricted-15/NO_22.yml.config
Final parameter extracted and saved to ./svcomp24-NoOverflows/Main/termination-restricted-15/UpAndDownIneq.yml.config
Final parameter extracted and saved to ./svcomp24-NoOverflows/Main/termination-restricted-15/PastaB4.yml.config
Final parameter extracted and saved to ./svcomp24-NoOverflows/Main/termination-restricted-15/GCD-1.yml.config
Final parameter extracted and saved to ./svcomp24-NoOverflows/Main/termination-restricted-15/NO_04.yml.config
Final parameter extracted and saved to ./svcomp24-NoOverflows/Main/termination-restricted-15/b.17.yml.config
Final parameter extracted and saved to ./svcomp24-NoOverflows/Main/termination-restricted-15/MinusUserDefined.yml.config
Final parameter extracted and saved to ./svcomp24-NoOverflows/Main/termination-restricted-15/ex3a.yml.config
Final parameter extracted and saved to ./svcomp24-NoOverflows/Main/termination-restricted-15/a.07.yml.config
Final parameter extracted and saved to ./svcomp24-NoOverflows/Main/termination-restricted-15/PastaC7.yml.config
Final parameter extracted and saved to ./svcomp24-NoOverflows/Main/termination-restricted-15/PastaC3.yml.config
Final parameter extracted and saved to ./svcomp24-NoOverflows/Main/termination-restricted-15/java_Break.yml.config
Final parameter extracted and saved to ./svcomp24-NoOverflows/Main/termination-restricted-15/NO_03.yml.config
Final parameter extracted and saved to ./svcomp24-NoOverflows/Main/termination-restricted-15/PastaB15.yml.config
Final parameter extracted and saved to ./svcomp24-NoOverflows/Main/termination-restricted-15/NO_23.yml.config
Final parameter extracted and saved to ./svcomp24-NoOverflows/Main/termination-restricted-15/ConvLower.yml.config
Final parameter extracted and saved to ./svcomp24-NoOverflows/Main/termination-restricted-15/PastaB2.yml.config
Final parameter extracted and saved to ./svcomp24-NoOverflows/Main/termination-restricted-15/Ex02.yml.config
Final parameter extracted and saved to ./svcomp24-NoOverflows/Main/termination-restricted-15/b.06.yml.config
Final parameter extracted and saved to ./svcomp24-NoOverflows/Main/termination-crafted/Toulouse-BranchesToLoop-1.yml.config
Final parameter extracted and saved to ./svcomp24-NoOverflows/Main/termination-crafted/NonTerminationSimple8.yml.config
Final parameter extracted and saved to ./svcomp24-NoOverflows/Main/termination-crafted/Binary_Search-2.yml.config
Final parameter extracted and saved to ./svcomp24-NoOverflows/Main/termination-crafted/Hanoi_plus.yml.config
Final parameter extracted and saved to ./svcomp24-NoOverflows/Main/termination-crafted/NestedRecursion_1a-2.yml.config
Final parameter extracted and saved to ./svcomp24-NoOverflows/Main/termination-crafted/LexIndexValue-Array-1.yml.config
Final parameter extracted and saved to ./svcomp24-NoOverflows/Main/termination-crafted/Copenhagen_disj-1.yml.config
Final parameter extracted and saved to ./svcomp24-NoOverflows/Main/termination-crafted/NonTermination3-2.yml.config
Final parameter extracted and saved to ./svcomp24-NoOverflows/Main/termination-crafted/NonTerminationSimple5.yml.config
Final parameter extracted and saved to ./svcomp24-NoOverflows/Main/termination-crafted/NonTerminationSimple3.yml.config
Final parameter extracted and saved to ./svcomp24-NoOverflows/Main/termination-crafted/Cairo_step2-3.yml.config
Final parameter extracted and saved to ./svcomp24-NoOverflows/Main/termination-crafted/NestedRecursion_1a-1.yml.config
Final parameter extracted and saved to ./svcomp24-NoOverflows/Main/termination-crafted/NestedRecursion_1b.yml.config
Final parameter extracted and saved to ./svcomp24-NoOverflows/Main/termination-crafted/Pure2Phase-2.yml.config
Final parameter extracted and saved to ./svcomp24-NoOverflows/Main/termination-crafted/Singapore-2.yml.config
Final parameter extracted and saved to ./svcomp24-NoOverflows/Main/termination-crafted/NonTerminationSimple7.yml.config
Final parameter extracted and saved to ./svcomp24-NoOverflows/Main/termination-crafted/NonTermination2.yml.config
Final parameter extracted and saved to ./svcomp24-NoOverflows/Main/termination-crafted/Stockholm-1.yml.config
Final parameter extracted and saved to ./svcomp24-NoOverflows/Main/termination-crafted/NonTerminationSimple6.yml.config
Final parameter extracted and saved to ./svcomp24-NoOverflows/Main/termination-crafted/Nyala-2lex-2.yml.config
Final parameter extracted and saved to ./svcomp24-NoOverflows/Main/termination-crafted/Cairo_step2-1.yml.config
Final parameter extracted and saved to ./svcomp24-NoOverflows/Main/termination-crafted/WhileTrue.yml.config
Final parameter extracted and saved to ./svcomp24-NoOverflows/Main/termination-crafted/Bangalore_v3.yml.config
Final parameter extracted and saved to ./svcomp24-NoOverflows/Main/termination-crafted/Arrays02-EquivalentConstantIndices.yml.config
Final parameter extracted and saved to ./svcomp24-NoOverflows/Main/termination-crafted/NonTermination1.yml.config
Final parameter extracted and saved to ./svcomp24-NoOverflows/Main/termination-crafted/Cairo_nondet.yml.config
Final parameter extracted and saved to ./svcomp24-NoOverflows/Main/termination-crafted/Collatz_bounded.yml.config
Final parameter extracted and saved to ./svcomp24-NoOverflows/Main/termination-crafted/Singapore_v2.yml.config
Final parameter extracted and saved to ./svcomp24-NoOverflows/Main/termination-crafted/Hanoi_2vars.yml.config
Final parameter extracted and saved to ./svcomp24-NoOverflows/Main/termination-crafted/Copenhagen.yml.config
Final parameter extracted and saved to ./svcomp24-NoOverflows/Main/termination-crafted/aaron2-2.yml.config
Final parameter extracted and saved to ./svcomp24-NoOverflows/Main/termination-crafted/2Nested-2.yml.config
Final parameter extracted and saved to ./svcomp24-NoOverflows/Main/termination-crafted/NonTerminationSimple9.yml.config
Final parameter extracted and saved to ./svcomp24-NoOverflows/Main/termination-crafted/WhileFalse.yml.config
Final parameter extracted and saved to ./svcomp24-NoOverflows/Main/termination-crafted/Collatz.yml.config
Final parameter extracted and saved to ./svcomp24-NoOverflows/Main/termination-crafted/Gothenburg_v2-2.yml.config
Final parameter extracted and saved to ./svcomp24-NoOverflows/Main/termination-crafted/Gothenburg_v2-1.yml.config
Final parameter extracted and saved to ./svcomp24-NoOverflows/Main/termination-crafted/Binary_Search-1.yml.config
Final parameter extracted and saved to ./svcomp24-NoOverflows/Main/termination-crafted/Stockholm-2.yml.config
Final parameter extracted and saved to ./svcomp24-NoOverflows/Main/termination-crafted/NestedRecursion_1d.yml.config
Final parameter extracted and saved to ./svcomp24-NoOverflows/Main/termination-crafted/NestedRecursion_1c.yml.config
Final parameter extracted and saved to ./svcomp24-NoOverflows/Main/termination-crafted/Mysore-1.yml.config
Final parameter extracted and saved to ./svcomp24-NoOverflows/Main/termination-crafted/Thun-1.yml.config
Final parameter extracted and saved to ./svcomp24-NoOverflows/Main/termination-crafted/Gothenburg-2.yml.config
Final parameter extracted and saved to ./svcomp24-NoOverflows/Main/termination-crafted/NestedRecursion_2b.yml.config
Final parameter extracted and saved to ./svcomp24-NoOverflows/Main/termination-crafted/RecursiveNonterminating-2.yml.config
Final parameter extracted and saved to ./svcomp24-NoOverflows/Main/termination-crafted/Cairo_step2-2.yml.config
Final parameter extracted and saved to ./svcomp24-NoOverflows/Main/termination-crafted/Toulouse-MultiBranchesToLoop-1.yml.config
Final parameter extracted and saved to ./svcomp24-NoOverflows/Main/termination-crafted/SyntaxSupportPointer01-2.yml.config
Final parameter extracted and saved to ./svcomp24-NoOverflows/Main/termination-crafted/Bangalore-2.yml.config
Final parameter extracted and saved to ./svcomp24-NoOverflows/Main/termination-crafted/Lobnya-Boolean-Reordered-2.yml.config
Final parameter extracted and saved to ./svcomp24-NoOverflows/Main/termination-crafted/Rotation180-2.yml.config
Final parameter extracted and saved to ./svcomp24-NoOverflows/Main/termination-crafted/Bangalore_v4.yml.config
Final parameter extracted and saved to ./svcomp24-NoOverflows/Main/termination-crafted/NestedRecursion_2c.yml.config
Final parameter extracted and saved to ./svcomp24-NoOverflows/Main/termination-crafted/Hanoi_3vars.yml.config
Final parameter extracted and saved to ./svcomp24-NoOverflows/Main/termination-crafted/RecursiveMultiplication-2.yml.config
Final parameter extracted and saved to ./svcomp24-NoOverflows/Main/termination-crafted/easy2-1.yml.config
Final parameter extracted and saved to ./svcomp24-NoOverflows/Main/termination-crafted/NonTerminationSimple2.yml.config
Final parameter extracted and saved to ./svcomp24-NoOverflows/Main/termination-crafted/TelAviv-Amir-Minimum.yml.config
Final parameter extracted and saved to ./svcomp24-NoOverflows/Main/termination-crafted/SyntaxSupportPointer01-1.yml.config
Final parameter extracted and saved to ./svcomp24-NoOverflows/Main/termination-crafted/Singapore_plus.yml.config
Final parameter extracted and saved to ./svcomp24-NoOverflows/Main/termination-crafted/NonTerminationSimple4.yml.config
Final parameter extracted and saved to ./svcomp24-NoOverflows/Main/termination-crafted/aaron2-1.yml.config
Final parameter extracted and saved to ./svcomp24-NoOverflows/Main/termination-crafted/Cairo.yml.config
Final parameter extracted and saved to ./svcomp24-NoOverflows/Main/termination-crafted/Arrays01-EquivalentConstantIndices-1.yml.config
Final parameter extracted and saved to ./svcomp24-NoOverflows/Main/termination-crafted/Bangalore_v2.yml.config
Final parameter extracted and saved to ./svcomp24-NoOverflows/Main/termination-crafted/Singapore-1.yml.config
Final parameter extracted and saved to ./svcomp24-NoOverflows/Main/termination-crafted/Piecewise.yml.config
Final parameter extracted and saved to ./svcomp24-NoOverflows/Main/termination-crafted/Rotation180-1.yml.config
Final parameter extracted and saved to ./svcomp24-NoOverflows/Main/termination-crafted/Division-2.yml.config
Final parameter extracted and saved to ./svcomp24-NoOverflows/Main/termination-crafted/easy2-2.yml.config
Final parameter extracted and saved to ./svcomp24-NoOverflows/Main/termination-crafted/Madrid.yml.config
Final parameter extracted and saved to ./svcomp24-NoOverflows/Main/termination-crafted/Lobnya-Boolean-Reordered-1.yml.config
Final parameter extracted and saved to ./svcomp24-NoOverflows/Main/termination-crafted/NonTermination3-1.yml.config
Final parameter extracted and saved to ./svcomp24-NoOverflows/Main/termination-crafted/Bangalore-1.yml.config
Final parameter extracted and saved to ./svcomp24-NoOverflows/Main/termination-crafted/Benghazi_nondet-1.yml.config
Final parameter extracted and saved to ./svcomp24-NoOverflows/Main/termination-crafted/RecursiveNonterminating-1.yml.config
Final parameter extracted and saved to ./svcomp24-NoOverflows/Main/termination-crafted/Arrays03-ValueRestictsIndex-2.yml.config
Final parameter extracted and saved to ./svcomp24-NoOverflows/Main/termination-crafted/Parallel.yml.config
Final parameter extracted and saved to ./svcomp24-NoOverflows/Main/termination-crafted/NonTermination4.yml.config
Final parameter extracted and saved to ./svcomp24-NoOverflows/Main/termination-crafted/LexIndexValue-Pointer-1.yml.config
Final parameter extracted and saved to ./svcomp24-NoOverflows/Main/termination-crafted/MutualRecursion_1b.yml.config
Final parameter extracted and saved to ./svcomp24-NoOverflows/Main/termination-crafted/aaron3-2.yml.config
Final parameter extracted and saved to ./svcomp24-NoOverflows/Main/termination-crafted/easy1.yml.config
Final parameter extracted and saved to ./svcomp24-NoOverflows/Main/termination-crafted/Mysore-2.yml.config
Final parameter extracted and saved to ./svcomp24-NoOverflows/Main/termination-crafted/4BitCounterPointer.yml.config
Final parameter extracted and saved to ./svcomp24-NoOverflows/Main/termination-crafted/MenloPark.yml.config
Final parameter extracted and saved to ./svcomp24-NoOverflows/Main/termination-crafted/NestedRecursion_2a.yml.config
Final parameter extracted and saved to ./svcomp24-NoOverflows/Main/termination-crafted/Waldkirch.yml.config
Final parameter extracted and saved to ./svcomp24-NoOverflows/Main/termination-crafted/Pure3Phase-2.yml.config
Final parameter extracted and saved to ./svcomp24-NoOverflows/Main/termination-crafted/McCarthy91_Iteration.yml.config
Final parameter extracted and saved to ./svcomp24-NoOverflows/Main/termination-crafted/McCarthy91_Recursion.yml.config
Final parameter extracted and saved to ./svcomp24-NoOverflows/Main/termination-crafted/Singapore_v1.yml.config
Final parameter extracted and saved to ./svcomp24-NoOverflows/Main/termination-crafted/Benghazi.yml.config
Final parameter extracted and saved to ./svcomp24-NoOverflows/Main/termination-crafted/4NestedWith3Variables-2.yml.config
Final parameter extracted and saved to ./svcomp24-NoOverflows/Main/termination-crafted/aaron3-1.yml.config
Final parameter extracted and saved to ./svcomp24-NoOverflows/Main/termination-crafted/MutualRecursion_1a.yml.config
Final parameter extracted and saved to ./svcomp24-NoOverflows/Main/termination-crafted/Ackermann-1.yml.config
Final parameter extracted and saved to ./svcomp24-NoOverflows/Main/recursified_loop-simple/recursified_nested_4.yml.config
Final parameter extracted and saved to ./svcomp24-NoOverflows/Main/recursified_loop-simple/recursified_nested_3.yml.config
Final parameter extracted and saved to ./svcomp24-NoOverflows/Main/recursified_loop-simple/recursified_nested_5.yml.config
Final parameter extracted and saved to ./svcomp24-NoOverflows/Main/recursified_loop-simple/recursified_nested_1b.yml.config
Final parameter extracted and saved to ./svcomp24-NoOverflows/Main/recursified_loop-simple/recursified_nested_2.yml.config
Final parameter extracted and saved to ./svcomp24-NoOverflows/Main/recursified_loop-simple/recursified_nested_1.yml.config
Final parameter extracted and saved to ./svcomp24-NoOverflows/Main/xcsp/AllInterval-009.yml.config
Final parameter extracted and saved to ./svcomp24-NoOverflows/Main/xcsp/AllInterval-007.yml.config
Final parameter extracted and saved to ./svcomp24-NoOverflows/Main/xcsp/AllInterval-008.yml.config
Final parameter extracted and saved to ./svcomp24-NoOverflows/Main/xcsp/AllInterval-005.yml.config
Final parameter extracted and saved to ./svcomp24-NoOverflows/Main/xcsp/AllInterval-006.yml.config
Warning: No Final parameter found in ./svcomp24-NoOverflows/Main/ldv-validator-v0.8/linux-stable-af3071a-1-130_7a-drivers--hwmon--s3c-hwmon.ko-entry_point_ldv-val-v0.8.cil.out.yml.parf. Skipping...
Final parameter extracted and saved to ./svcomp24-NoOverflows/Main/recursive/Addition02.yml.config
Final parameter extracted and saved to ./svcomp24-NoOverflows/Main/recursive/gcd01-1.yml.config
Final parameter extracted and saved to ./svcomp24-NoOverflows/Main/recursive/Ackermann01-2.yml.config
Final parameter extracted and saved to ./svcomp24-NoOverflows/Main/recursive/MultCommutative-2.yml.config
Final parameter extracted and saved to ./svcomp24-NoOverflows/Main/recursive/Addition03-2.yml.config
Final parameter extracted and saved to ./svcomp24-NoOverflows/Main/recursive/Fibonacci04.yml.config
Final parameter extracted and saved to ./svcomp24-NoOverflows/Main/recursive/Addition01-2.yml.config
Final parameter extracted and saved to ./svcomp24-NoOverflows/Main/recursive/Ackermann04.yml.config
Final parameter extracted and saved to ./svcomp24-NoOverflows/Main/recursive/Ackermann02.yml.config
Final parameter extracted and saved to ./svcomp24-NoOverflows/Main/recursive/gcd02.yml.config
Final parameter extracted and saved to ./svcomp24-NoOverflows/Main/recursive/recHanoi02-2.yml.config
Final parameter extracted and saved to ./svcomp24-NoOverflows/Main/recursive/Addition03-1.yml.config
Final parameter extracted and saved to ./svcomp24-NoOverflows/Main/recursive/McCarthy91-1.yml.config
Final parameter extracted and saved to ./svcomp24-NoOverflows/Main/recursive/EvenOdd01-1.yml.config
Final parameter extracted and saved to ./svcomp24-NoOverflows/Main/recursive/EvenOdd03WithOverflowBug.yml.config
Final parameter extracted and saved to ./svcomp24-NoOverflows/Main/recursive/Fibonacci01-1.yml.config
Final parameter extracted and saved to ./svcomp24-NoOverflows/Main/recursive/recHanoi03-2.yml.config
Final parameter extracted and saved to ./svcomp24-NoOverflows/Main/recursive/Addition02WithOverflowBug.yml.config
Final parameter extracted and saved to ./svcomp24-NoOverflows/Main/recursive/McCarthy91-2.yml.config
Final parameter extracted and saved to ./svcomp24-NoOverflows/Main/recursive/Primes.yml.config
Final parameter extracted and saved to ./svcomp24-NoOverflows/Main/recursive/EvenOdd03.yml.config
Final parameter extracted and saved to ./svcomp24-NoOverflows/Main/recursive/BallRajamani-SPIN2000-Fig1.yml.config
Final parameter extracted and saved to ./svcomp24-NoOverflows/Main/recursive/Fibonacci02.yml.config
Final parameter extracted and saved to ./svcomp24-NoOverflows/Main/recursive/Ackermann03.yml.config
Final parameter extracted and saved to ./svcomp24-NoOverflows/Main/recursive/recHanoi01.yml.config
Final parameter extracted and saved to ./svcomp24-NoOverflows/Main/recursive/Fibonacci03.yml.config
Final parameter extracted and saved to ./svcomp24-NoOverflows/Main/recursive/Fibonacci05.yml.config
Warning: No Final parameter found in ./svcomp24-NoOverflows/Main/ldv-commit-tester/m0_drivers-staging-comedi-drivers-ni_65xx-ko--107_1a--adbbc36-1.yml.parf. Skipping...
Warning: No Final parameter found in ./svcomp24-NoOverflows/Main/ldv-commit-tester/main4_arch-x86-oprofile-oprofile-ko--131_1a--79db8ef.yml.parf. Skipping...
Warning: No Final parameter found in ./svcomp24-NoOverflows/Main/ldv-commit-tester/m0_drivers-staging-comedi-drivers-ni_6527-ko--107_1a--adbbc36-1.yml.parf. Skipping...
Warning: No Final parameter found in ./svcomp24-NoOverflows/Main/ldv-commit-tester/m0_drivers-hwmon-s3c-hwmon-ko--130_7a--af3071a-1.yml.parf. Skipping...
Warning: No Final parameter found in ./svcomp24-NoOverflows/Main/ldv-commit-tester/main4_arch-x86-oprofile-oprofile-ko--131_1a--79db8ef-1.yml.parf. Skipping...
Warning: No Final parameter found in ./svcomp24-NoOverflows/Main/ldv-commit-tester/m0_drivers-staging-comedi-drivers-ni_65xx-ko--107_1a--adbbc36.yml.parf. Skipping...
Warning: No Final parameter found in ./svcomp24-NoOverflows/Main/ldv-commit-tester/m0_drivers-staging-comedi-drivers-ni_670x-ko--107_1a--adbbc36-1.yml.parf. Skipping...
Warning: No Final parameter found in ./svcomp24-NoOverflows/Main/ldv-commit-tester/m0_drivers-media-rc-imon--32_7a--a9e7fb5.yml.parf. Skipping...
Warning: No Final parameter found in ./svcomp24-NoOverflows/Main/ldv-commit-tester/m0_drivers-staging-comedi-drivers-ni_6527-ko--107_1a--adbbc36.yml.parf. Skipping...
Warning: No Final parameter found in ./svcomp24-NoOverflows/Main/ldv-commit-tester/m0_drivers-staging-comedi-drivers-ni_670x-ko--107_1a--adbbc36.yml.parf. Skipping...
Final parameter extracted and saved to ./svcomp24-NoOverflows/Main/termination-memory-alloca/b.16-alloca.yml.config
Final parameter extracted and saved to ./svcomp24-NoOverflows/Main/termination-memory-alloca/openbsd_cstrcpy-alloca-1.yml.config
Final parameter extracted and saved to ./svcomp24-NoOverflows/Main/termination-memory-alloca/Urban-alloca-2.yml.config
Final parameter extracted and saved to ./svcomp24-NoOverflows/Main/termination-memory-alloca/openbsd_cstrcspn-alloca-1.yml.config
Final parameter extracted and saved to ./svcomp24-NoOverflows/Main/termination-memory-alloca/ex3a-alloca.yml.config
Final parameter extracted and saved to ./svcomp24-NoOverflows/Main/termination-memory-alloca/openbsd_cstrncpy-alloca-1.yml.config
Final parameter extracted and saved to ./svcomp24-NoOverflows/Main/termination-memory-alloca/ex2-alloca.yml.config
Final parameter extracted and saved to ./svcomp24-NoOverflows/Main/termination-memory-alloca/GulwaniJainKoskinen-2009PLDI-Fig1-alloca.yml.config
Final parameter extracted and saved to ./svcomp24-NoOverflows/Main/termination-memory-alloca/openbsd_cstrspn-alloca-1.yml.config
Final parameter extracted and saved to ./svcomp24-NoOverflows/Main/termination-memory-alloca/cstrchr-alloca-1.yml.config
Final parameter extracted and saved to ./svcomp24-NoOverflows/Main/termination-memory-alloca/b.14-alloca.yml.config
Final parameter extracted and saved to ./svcomp24-NoOverflows/Main/termination-memory-alloca/a.04-alloca.yml.config
Final parameter extracted and saved to ./svcomp24-NoOverflows/Main/termination-memory-alloca/openbsd_cstrncat-alloca-1.yml.config
Final parameter extracted and saved to ./svcomp24-NoOverflows/Main/termination-memory-alloca/b.06-alloca.yml.config
Final parameter extracted and saved to ./svcomp24-NoOverflows/Main/termination-memory-alloca/a.07-alloca.yml.config
Final parameter extracted and saved to ./svcomp24-NoOverflows/Main/termination-memory-alloca/genady-alloca.yml.config
Final parameter extracted and saved to ./svcomp24-NoOverflows/Main/termination-memory-alloca/Toulouse-MultiBranchesToLoop-alloca-2.yml.config
Final parameter extracted and saved to ./svcomp24-NoOverflows/Main/termination-memory-alloca/a.09_assume-alloca.yml.config
Final parameter extracted and saved to ./svcomp24-NoOverflows/Main/termination-memory-alloca/b.09-no-inv_assume-alloca.yml.config
Final parameter extracted and saved to ./svcomp24-NoOverflows/Main/termination-memory-alloca/HarrisLalNoriRajamani-2010SAS-Fig3-alloca.yml.config
Final parameter extracted and saved to ./svcomp24-NoOverflows/Main/termination-memory-alloca/Masse-alloca-2.yml.config
Final parameter extracted and saved to ./svcomp24-NoOverflows/Main/termination-memory-alloca/min_rf-alloca.yml.config
Final parameter extracted and saved to ./svcomp24-NoOverflows/Main/termination-memory-alloca/b.04-alloca.yml.config
Final parameter extracted and saved to ./svcomp24-NoOverflows/Main/termination-memory-alloca/b.05-alloca.yml.config
Final parameter extracted and saved to ./svcomp24-NoOverflows/Main/termination-memory-alloca/b.11-alloca.yml.config
Final parameter extracted and saved to ./svcomp24-NoOverflows/Main/termination-memory-alloca/ex3b-alloca.yml.config
Final parameter extracted and saved to ./svcomp24-NoOverflows/Main/termination-memory-alloca/openbsd_cstrstr-alloca-1.yml.config
Final parameter extracted and saved to ./svcomp24-NoOverflows/Main/termination-memory-alloca/openbsd_cstrnlen-alloca-2.yml.config
Final parameter extracted and saved to ./svcomp24-NoOverflows/Main/termination-memory-alloca/KroeningSharyginaTsitovichWintersteiger-2010CAV-Fig1-alloca.yml.config
Final parameter extracted and saved to ./svcomp24-NoOverflows/Main/termination-memory-alloca/c.01-no-inv-alloca.yml.config
Final parameter extracted and saved to ./svcomp24-NoOverflows/Main/termination-memory-alloca/cstrcspn-alloca-2.yml.config
Final parameter extracted and saved to ./svcomp24-NoOverflows/Main/termination-memory-alloca/bubblesort-alloca-1.yml.config
Final parameter extracted and saved to ./svcomp24-NoOverflows/Main/termination-memory-alloca/b.12-alloca.yml.config
Final parameter extracted and saved to ./svcomp24-NoOverflows/Main/termination-memory-alloca/a.05-alloca.yml.config
Final parameter extracted and saved to ./svcomp24-NoOverflows/Main/termination-memory-alloca/c.03-alloca-1.yml.config
Final parameter extracted and saved to ./svcomp24-NoOverflows/Main/termination-memory-alloca/b.17-alloca.yml.config
Final parameter extracted and saved to ./svcomp24-NoOverflows/Main/termination-memory-alloca/cstrcmp-alloca-1.yml.config
Final parameter extracted and saved to ./svcomp24-NoOverflows/Main/termination-memory-alloca/Urban-2013WST-Fig1-alloca.yml.config
Final parameter extracted and saved to ./svcomp24-NoOverflows/Main/termination-memory-alloca/c.07-alloca.yml.config
Final parameter extracted and saved to ./svcomp24-NoOverflows/Main/termination-memory-alloca/ChenFlurMukhopadhyay-2012SAS-Fig1-alloca.yml.config
Final parameter extracted and saved to ./svcomp24-NoOverflows/Main/termination-memory-alloca/b.01-alloca.yml.config
Final parameter extracted and saved to ./svcomp24-NoOverflows/Main/termination-memory-alloca/b.03-no-inv_assume-alloca.yml.config
Final parameter extracted and saved to ./svcomp24-NoOverflows/Main/termination-memory-alloca/openbsd_cstrcmp-alloca-2.yml.config
Final parameter extracted and saved to ./svcomp24-NoOverflows/Main/termination-memory-alloca/openbsd_cstrlen-alloca-2.yml.config
Final parameter extracted and saved to ./svcomp24-NoOverflows/Main/termination-memory-alloca/Urban-2013WST-Fig2-alloca-2.yml.config
Final parameter extracted and saved to ./svcomp24-NoOverflows/Main/termination-memory-alloca/c.08-alloca.yml.config
Final parameter extracted and saved to ./svcomp24-NoOverflows/Main/termination-memory-alloca/java_BubbleSort-alloca-2.yml.config
Final parameter extracted and saved to ./svcomp24-NoOverflows/Main/termination-memory-alloca/b.03_assume-alloca.yml.config
Final parameter extracted and saved to ./svcomp24-NoOverflows/Main/termination-memory-alloca/cstrcat-alloca-1.yml.config
Final parameter extracted and saved to ./svcomp24-NoOverflows/Main/termination-memory-alloca/openbsd_cstrcat-alloca-1.yml.config
Final parameter extracted and saved to ./svcomp24-NoOverflows/Main/termination-memory-alloca/b.18-alloca.yml.config
Final parameter extracted and saved to ./svcomp24-NoOverflows/Main/termination-memory-alloca/a.06-alloca.yml.config
Final parameter extracted and saved to ./svcomp24-NoOverflows/Main/termination-memory-alloca/Ben-Amram-2010LMCS-Ex2.3-alloca.yml.config
Final parameter extracted and saved to ./svcomp24-NoOverflows/Main/termination-memory-alloca/Masse-alloca-3.yml.config
Final parameter extracted and saved to ./svcomp24-NoOverflows/Main/termination-memory-alloca/c.02-alloca.yml.config
Final parameter extracted and saved to ./svcomp24-NoOverflows/Main/termination-memory-alloca/openbsd_cstrncmp-alloca-1.yml.config
Final parameter extracted and saved to ./svcomp24-NoOverflows/Main/termination-memory-alloca/b.02-alloca.yml.config
Final parameter extracted and saved to ./svcomp24-NoOverflows/Main/termination-memory-alloca/openbsd_cstpncpy-alloca-2.yml.config
Final parameter extracted and saved to ./svcomp24-NoOverflows/Main/termination-memory-alloca/cstrlen-alloca-1.yml.config
Final parameter extracted and saved to ./svcomp24-NoOverflows/Main/termination-memory-alloca/GulwaniJainKoskinen-2009PLDI-Fig1-alloca-2.yml.config
Final parameter extracted and saved to ./svcomp24-NoOverflows/Main/termination-memory-alloca/b.07-alloca.yml.config
Final parameter extracted and saved to ./svcomp24-NoOverflows/Main/termination-memory-alloca/cstrcpy-alloca-2.yml.config
Final parameter extracted and saved to ./svcomp24-NoOverflows/Main/termination-memory-alloca/a.08-alloca.yml.config
Final parameter extracted and saved to ./svcomp24-NoOverflows/Main/termination-memory-alloca/NoriSharma-2013FSE-Fig7-alloca-2.yml.config
Final parameter extracted and saved to ./svcomp24-NoOverflows/Main/termination-memory-alloca/cstrspn-alloca-2.yml.config
Final parameter extracted and saved to ./svcomp24-NoOverflows/Main/termination-memory-alloca/cstrpbrk-alloca-1.yml.config
Final parameter extracted and saved to ./svcomp24-NoOverflows/Main/termination-memory-alloca/a.10-alloca.yml.config
Final parameter extracted and saved to ./svcomp24-NoOverflows/Main/termination-memory-alloca/openbsd_cstpcpy-alloca-2.yml.config
Final parameter extracted and saved to ./svcomp24-NoOverflows/Main/termination-memory-alloca/openbsd_cstrpbrk-alloca-1.yml.config
Final parameter extracted and saved to ./svcomp24-NoOverflows/Main/termination-memory-alloca/substring-alloca-1.yml.config
Final parameter extracted and saved to ./svcomp24-NoOverflows/Main/termination-memory-alloca/NoriSharma-2013FSE-Fig8-alloca-2.yml.config
Final parameter extracted and saved to ./svcomp24-NoOverflows/Main/termination-memory-alloca/b.13-alloca.yml.config
Final parameter extracted and saved to ./svcomp24-NoOverflows/Main/termination-memory-alloca/selectionsort-alloca-2.yml.config
Final parameter extracted and saved to ./svcomp24-NoOverflows/Main/termination-memory-alloca/b.09_assume-alloca.yml.config
Final parameter extracted and saved to ./svcomp24-NoOverflows/Main/termination-memory-alloca/b.10-alloca.yml.config
Final parameter extracted and saved to ./svcomp24-NoOverflows/Main/termination-memory-alloca/Toulouse-BranchesToLoop-alloca-2.yml.config
Final parameter extracted and saved to ./svcomp24-NoOverflows/Main/termination-memory-alloca/a.01-alloca.yml.config
Final parameter extracted and saved to ./svcomp24-NoOverflows/Main/termination-memory-alloca/subseq-alloca-1.yml.config
Final parameter extracted and saved to ./svcomp24-NoOverflows/Main/termination-memory-alloca/b.15-alloca.yml.config
Final parameter extracted and saved to ./svcomp24-NoOverflows/Main/termination-memory-alloca/ex1-alloca.yml.config
Final parameter extracted and saved to ./svcomp24-NoOverflows/Main/termination-memory-alloca/mult_array-alloca-2.yml.config
Final parameter extracted and saved to ./svcomp24-NoOverflows/Main/termination-memory-alloca/insertionsort-alloca-2.yml.config
Final parameter extracted and saved to ./svcomp24-NoOverflows/Main/termination-memory-alloca/gcd1-alloca.yml.config
Final parameter extracted and saved to ./svcomp24-NoOverflows/Main/termination-memory-alloca/TelAviv-Amir-Minimum-alloca-2.yml.config
Final parameter extracted and saved to ./svcomp24-NoOverflows/Main/termination-memory-alloca/flag-alloca.yml.config
Final parameter extracted and saved to ./svcomp24-NoOverflows/Main/termination-memory-alloca/c.01_assume-alloca.yml.config
Final parameter extracted and saved to ./svcomp24-NoOverflows/Main/termination-memory-alloca/Velroyen-alloca.yml.config
Final parameter extracted and saved to ./svcomp24-NoOverflows/Main/array-lopstr16/base_case.yml.config
Final parameter extracted and saved to ./svcomp24-NoOverflows/Main/array-lopstr16/single_elem_safe.yml.config
Final parameter extracted and saved to ./svcomp24-NoOverflows/Main/array-lopstr16/break-1.yml.config
Final parameter extracted and saved to ./svcomp24-NoOverflows/Main/array-lopstr16/partial_lesser_bound-1.yml.config
Final parameter extracted and saved to ./svcomp24-NoOverflows/Main/array-lopstr16/flag_loopdep_simple.yml.config
Final parameter extracted and saved to ./svcomp24-NoOverflows/Main/array-lopstr16/break-2.yml.config
Final parameter extracted and saved to ./svcomp24-NoOverflows/Main/array-lopstr16/partial_lesser_bound.yml.config
Final parameter extracted and saved to ./svcomp24-NoOverflows/Main/array-lopstr16/flag_loopdep.yml.config
