[kernel] Parsing safeclib/abort_handler_s.c (with preprocessing)
[kernel] Parsing safeclib/ignore_handler_s.c (with preprocessing)
[kernel] Parsing safeclib/mem_primitives_lib.c (with preprocessing)
[kernel] Parsing safeclib/memcmp16_s.c (with preprocessing)
[kernel] Parsing safeclib/memcmp32_s.c (with preprocessing)
[kernel] Parsing safeclib/memcmp_s.c (with preprocessing)
[kernel] Parsing safeclib/memcpy16_s.c (with preprocessing)
[kernel] Parsing safeclib/memcpy32_s.c (with preprocessing)
[kernel] Parsing safeclib/memcpy_s.c (with preprocessing)
[kernel] Parsing safeclib/memmove16_s.c (with preprocessing)
[kernel] Parsing safeclib/memmove32_s.c (with preprocessing)
[kernel] Parsing safeclib/memmove_s.c (with preprocessing)
[kernel] Parsing safeclib/memset16_s.c (with preprocessing)
[kernel] Parsing safeclib/memset32_s.c (with preprocessing)
[kernel] Parsing safeclib/memset_s.c (with preprocessing)
[kernel] Parsing safeclib/memzero16_s.c (with preprocessing)
[kernel] Parsing safeclib/memzero32_s.c (with preprocessing)
[kernel] Parsing safeclib/memzero_s.c (with preprocessing)
[kernel] Parsing safeclib/safe_mem_constraint.c (with preprocessing)
[kernel] Parsing safeclib/safe_str_constraint.c (with preprocessing)
[kernel] Parsing safeclib/snprintf_support.c (with preprocessing)
[kernel] Parsing safeclib/stpcpy_s.c (with preprocessing)
[kernel] Parsing safeclib/stpncpy_s.c (with preprocessing)
[kernel] Parsing safeclib/strcasecmp_s.c (with preprocessing)
[kernel] Parsing safeclib/strcasestr_s.c (with preprocessing)
[kernel] Parsing safeclib/strcat_s.c (with preprocessing)
[kernel] Parsing safeclib/strcmp_s.c (with preprocessing)
[kernel] Parsing safeclib/strcmpfld_s.c (with preprocessing)
[kernel] Parsing safeclib/strcpy_s.c (with preprocessing)
[kernel] Parsing safeclib/strcpyfld_s.c (with preprocessing)
[kernel] Parsing safeclib/strcpyfldin_s.c (with preprocessing)
[kernel] Parsing safeclib/strcpyfldout_s.c (with preprocessing)
[kernel] Parsing safeclib/strcspn_s.c (with preprocessing)
[kernel] Parsing safeclib/strfirstchar_s.c (with preprocessing)
[kernel] Parsing safeclib/strfirstdiff_s.c (with preprocessing)
[kernel] Parsing safeclib/strfirstsame_s.c (with preprocessing)
[kernel] Parsing safeclib/strisalphanumeric_s.c (with preprocessing)
[kernel] Parsing safeclib/strisascii_s.c (with preprocessing)
[kernel] Parsing safeclib/strisdigit_s.c (with preprocessing)
[kernel] Parsing safeclib/strishex_s.c (with preprocessing)
[kernel] Parsing safeclib/strislowercase_s.c (with preprocessing)
[kernel] Parsing safeclib/strismixedcase_s.c (with preprocessing)
[kernel] Parsing safeclib/strispassword_s.c (with preprocessing)
[kernel] Parsing safeclib/strisuppercase_s.c (with preprocessing)
[kernel] Parsing safeclib/strlastchar_s.c (with preprocessing)
[kernel] Parsing safeclib/strlastdiff_s.c (with preprocessing)
[kernel] Parsing safeclib/strlastsame_s.c (with preprocessing)
[kernel] Parsing safeclib/strljustify_s.c (with preprocessing)
[kernel] Parsing safeclib/strncat_s.c (with preprocessing)
[kernel] Parsing safeclib/strncpy_s.c (with preprocessing)
[kernel] Parsing safeclib/strnlen_s.c (with preprocessing)
[kernel] Parsing safeclib/strnterminate_s.c (with preprocessing)
[kernel] Parsing safeclib/strpbrk_s.c (with preprocessing)
[kernel] Parsing safeclib/strprefix_s.c (with preprocessing)
[kernel] Parsing safeclib/strremovews_s.c (with preprocessing)
[kernel] Parsing safeclib/strspn_s.c (with preprocessing)
[kernel] Parsing safeclib/strstr_s.c (with preprocessing)
[kernel] Parsing safeclib/strtok_s.c (with preprocessing)
[kernel] Parsing safeclib/strtolowercase_s.c (with preprocessing)
[kernel] Parsing safeclib/strtouppercase_s.c (with preprocessing)
[kernel] Parsing safeclib/strzero_s.c (with preprocessing)
[kernel] Parsing safeclib/wcpcpy_s.c (with preprocessing)
[kernel] Parsing safeclib/wcscat_s.c (with preprocessing)
[kernel] Parsing safeclib/wcscpy_s.c (with preprocessing)
[kernel] Parsing safeclib/wcsncat_s.c (with preprocessing)
[kernel] Parsing safeclib/wcsncpy_s.c (with preprocessing)
[kernel] Parsing safeclib/wcsnlen_s.c (with preprocessing)
[kernel] Parsing safeclib/wmemcmp_s.c (with preprocessing)
[kernel] Parsing safeclib/wmemcpy_s.c (with preprocessing)
[kernel] Parsing safeclib/wmemmove_s.c (with preprocessing)
[kernel] Parsing safeclib/wmemset_s.c (with preprocessing)
[kernel] Parsing unittests/Safe_String_UnitTestMain.c (with preprocessing)
[kernel] Parsing unittests/test_memcmp16_s.c (with preprocessing)
[kernel] Parsing unittests/test_memcmp32_s.c (with preprocessing)
[kernel] Parsing unittests/test_memcmp_s.c (with preprocessing)
[kernel] Parsing unittests/test_memcpy16_s.c (with preprocessing)
[kernel] Parsing unittests/test_memcpy32_s.c (with preprocessing)
[kernel] Parsing unittests/test_memcpy_s.c (with preprocessing)
[kernel] Parsing unittests/test_memmove16_s.c (with preprocessing)
[kernel] Parsing unittests/test_memmove32_s.c (with preprocessing)
[kernel] Parsing unittests/test_memmove_s.c (with preprocessing)
[kernel] Parsing unittests/test_memset16_s.c (with preprocessing)
[kernel] Parsing unittests/test_memset32_s.c (with preprocessing)
[kernel] Parsing unittests/test_memset_s.c (with preprocessing)
[kernel] Parsing unittests/test_memzero16_s.c (with preprocessing)
[kernel] Parsing unittests/test_memzero32_s.c (with preprocessing)
[kernel] Parsing unittests/test_memzero_s.c (with preprocessing)
[kernel] Parsing unittests/test_stpcpy_s.c (with preprocessing)
[kernel] Parsing unittests/test_stpncpy_s.c (with preprocessing)
[kernel] Parsing unittests/test_strcasecmp_s.c (with preprocessing)
[kernel] Parsing unittests/test_strcasestr_s.c (with preprocessing)
[kernel] Parsing unittests/test_strcat_s.c (with preprocessing)
[kernel] Parsing unittests/test_strcmp_s.c (with preprocessing)
[kernel] Parsing unittests/test_strcmpfld_s.c (with preprocessing)
[kernel] Parsing unittests/test_strcpy_s.c (with preprocessing)
[kernel] Parsing unittests/test_strcpyfld_s.c (with preprocessing)
[kernel] Parsing unittests/test_strcpyfldin_s.c (with preprocessing)
[kernel] Parsing unittests/test_strcpyfldout_s.c (with preprocessing)
[kernel] Parsing unittests/test_strcspn_s.c (with preprocessing)
[kernel] Parsing unittests/test_strfirstchar_s.c (with preprocessing)
[kernel] Parsing unittests/test_strfirstdiff_s.c (with preprocessing)
[kernel] Parsing unittests/test_strfirstsame_s.c (with preprocessing)
[kernel] Parsing unittests/test_strisalphanumeric_s.c (with preprocessing)
[kernel] Parsing unittests/test_strisascii_s.c (with preprocessing)
[kernel] Parsing unittests/test_strisdigit_s.c (with preprocessing)
[kernel] Parsing unittests/test_strishex_s.c (with preprocessing)
[kernel] Parsing unittests/test_strislowercase_s.c (with preprocessing)
[kernel] Parsing unittests/test_strismixed_s.c (with preprocessing)
[kernel] Parsing unittests/test_strispassword_s.c (with preprocessing)
[kernel] Parsing unittests/test_strisuppercase_s.c (with preprocessing)
[kernel] Parsing unittests/test_strlastchar_s.c (with preprocessing)
[kernel] Parsing unittests/test_strlastdiff_s.c (with preprocessing)
[kernel] Parsing unittests/test_strlastsame_s.c (with preprocessing)
[kernel] Parsing unittests/test_strljustify_s.c (with preprocessing)
[kernel] Parsing unittests/test_strncat_s.c (with preprocessing)
[kernel] Parsing unittests/test_strncpy_s.c (with preprocessing)
[kernel] Parsing unittests/test_strnlen_s.c (with preprocessing)
[kernel] Parsing unittests/test_strnterminate_s.c (with preprocessing)
[kernel] Parsing unittests/test_strpbrk_s.c (with preprocessing)
[kernel] Parsing unittests/test_strprefix_s.c (with preprocessing)
[kernel] Parsing unittests/test_strremovews_s.c (with preprocessing)
[kernel] Parsing unittests/test_strspn_s.c (with preprocessing)
[kernel] Parsing unittests/test_strstr_s.c (with preprocessing)
[kernel] Parsing unittests/test_strtok_s.c (with preprocessing)
[kernel] Parsing unittests/test_strtolowercase_s.c (with preprocessing)
[kernel] Parsing unittests/test_strtouppercase_s.c (with preprocessing)
[kernel] Parsing unittests/test_strzero_s.c (with preprocessing)
[kernel] Parsing unittests/test_wcpcpy_s.c (with preprocessing)
[kernel] Parsing unittests/test_wcscat_s.c (with preprocessing)
[kernel] Parsing unittests/test_wcscpy_s.c (with preprocessing)
[kernel] Parsing unittests/test_wcsncat_s.c (with preprocessing)
[kernel] Parsing unittests/test_wcsncpy_s.c (with preprocessing)
[kernel] Parsing unittests/test_wcsnlen_s.c (with preprocessing)
[kernel] Parsing unittests/test_wmemcmp_s.c (with preprocessing)
[kernel] Parsing unittests/test_wmemcpy_s.c (with preprocessing)
[kernel] Parsing unittests/test_wmemmove_s.c (with preprocessing)
[kernel:typing:incompatible-types-call] unittests/test_wmemmove_s.c:407: Warning: 
  expected 'wchar_t *' but got argument of type 'wchar_t': (wchar_t)((char *)(mem1) + 1)
[kernel:typing:incompatible-types-call] unittests/test_wmemmove_s.c:433: Warning: 
  expected 'wchar_t *' but got argument of type 'wchar_t': (wchar_t)((char *)(mem1) + 2)
[kernel] Parsing unittests/test_wmemset_s.c (with preprocessing)
[variadic:typing] safeclib/abort_handler_s.c:71: Warning: 
  Incorrect type for argument 3. The argument will be cast from errno_t to unsigned int.
[variadic] safeclib/snprintf_support.c:241: Warning: 
  Call to function snprintf with non-static format argument: assuming that parameters are coherent with the format, and that no %n specifiers are present in the actual string.
[variadic] safeclib/snprintf_support.c:266: Warning: 
  Call to function snprintf with non-static format argument: assuming that parameters are coherent with the format, and that no %n specifiers are present in the actual string.
[variadic] safeclib/snprintf_support.c:297: Warning: 
  Call to function snprintf with non-static format argument: assuming that parameters are coherent with the format, and that no %n specifiers are present in the actual string.
[variadic] safeclib/snprintf_support.c:328: Warning: 
  Call to function snprintf with non-static format argument: assuming that parameters are coherent with the format, and that no %n specifiers are present in the actual string.
[variadic:typing] unittests/test_memcpy16_s.c:85: Warning: 
  Incorrect type for argument 3. The argument will be cast from uint32_t to int.
[variadic:typing] unittests/test_memcpy16_s.c:104: Warning: 
  Incorrect type for argument 3. The argument will be cast from uint32_t to int.
[variadic:typing] unittests/test_memcpy16_s.c:124: Warning: 
  Incorrect type for argument 3. The argument will be cast from uint32_t to int.
[variadic:typing] unittests/test_memcpy16_s.c:143: Warning: 
  Incorrect type for argument 3. The argument will be cast from uint32_t to int.
[variadic:typing] unittests/test_memcpy16_s.c:162: Warning: 
  Incorrect type for argument 3. The argument will be cast from uint32_t to int.
[variadic:typing] unittests/test_memcpy16_s.c:194: Warning: 
  Incorrect type for argument 3. The argument will be cast from uint32_t to int.
[variadic:typing] unittests/test_memcpy16_s.c:214: Warning: 
  Incorrect type for argument 3. The argument will be cast from uint32_t to int.
[variadic:typing] unittests/test_memcpy16_s.c:232: Warning: 
  Incorrect type for argument 3. The argument will be cast from uint32_t to int.
[variadic:typing] unittests/test_memcpy32_s.c:84: Warning: 
  Incorrect type for argument 3. The argument will be cast from uint32_t to int.
[variadic:typing] unittests/test_memcpy32_s.c:84: Warning: 
  Incorrect type for argument 4. The argument will be cast from uint32_t to int.
[variadic:typing] unittests/test_memcpy32_s.c:84: Warning: 
  Incorrect type for argument 5. The argument will be cast from uint32_t to int.
[variadic:typing] unittests/test_memcpy32_s.c:103: Warning: 
  Incorrect type for argument 3. The argument will be cast from uint32_t to int.
[variadic:typing] unittests/test_memcpy32_s.c:103: Warning: 
  Incorrect type for argument 4. The argument will be cast from uint32_t to int.
[variadic:typing] unittests/test_memcpy32_s.c:103: Warning: 
  Incorrect type for argument 5. The argument will be cast from uint32_t to int.
[variadic:typing] unittests/test_memcpy32_s.c:123: Warning: 
  Incorrect type for argument 3. The argument will be cast from uint32_t to int.
[variadic:typing] unittests/test_memcpy32_s.c:123: Warning: 
  Incorrect type for argument 4. The argument will be cast from uint32_t to int.
[variadic:typing] unittests/test_memcpy32_s.c:123: Warning: 
  Incorrect type for argument 5. The argument will be cast from uint32_t to int.
[variadic:typing] unittests/test_memcpy32_s.c:142: Warning: 
  Incorrect type for argument 3. The argument will be cast from uint32_t to int.
[variadic:typing] unittests/test_memcpy32_s.c:142: Warning: 
  Incorrect type for argument 4. The argument will be cast from uint32_t to int.
[variadic:typing] unittests/test_memcpy32_s.c:142: Warning: 
  Incorrect type for argument 5. The argument will be cast from uint32_t to int.
[variadic:typing] unittests/test_memcpy32_s.c:161: Warning: 
  Incorrect type for argument 3. The argument will be cast from uint32_t to int.
[variadic:typing] unittests/test_memcpy32_s.c:161: Warning: 
  Incorrect type for argument 4. The argument will be cast from uint32_t to int.
[variadic:typing] unittests/test_memcpy32_s.c:161: Warning: 
  Incorrect type for argument 5. The argument will be cast from uint32_t to int.
[variadic:typing] unittests/test_memcpy32_s.c:193: Warning: 
  Incorrect type for argument 3. The argument will be cast from uint32_t to int.
[variadic:typing] unittests/test_memcpy32_s.c:193: Warning: 
  Incorrect type for argument 4. The argument will be cast from uint32_t to int.
[variadic:typing] unittests/test_memcpy32_s.c:193: Warning: 
  Incorrect type for argument 5. The argument will be cast from uint32_t to int.
[variadic:typing] unittests/test_memcpy32_s.c:213: Warning: 
  Incorrect type for argument 3. The argument will be cast from uint32_t to int.
[variadic:typing] unittests/test_memcpy32_s.c:213: Warning: 
  Incorrect type for argument 4. The argument will be cast from uint32_t to int.
[variadic:typing] unittests/test_memcpy32_s.c:213: Warning: 
  Incorrect type for argument 5. The argument will be cast from uint32_t to int.
[variadic:typing] unittests/test_memcpy32_s.c:231: Warning: 
  Incorrect type for argument 3. The argument will be cast from uint32_t to int.
[variadic:typing] unittests/test_memcpy32_s.c:231: Warning: 
  Incorrect type for argument 4. The argument will be cast from uint32_t to int.
[variadic:typing] unittests/test_memcpy32_s.c:231: Warning: 
  Incorrect type for argument 5. The argument will be cast from uint32_t to int.
[variadic:typing] unittests/test_memcpy_s.c:84: Warning: 
  Incorrect type for argument 3. The argument will be cast from uint32_t to int.
[variadic:typing] unittests/test_memcpy_s.c:111: Warning: 
  Incorrect type for argument 3. The argument will be cast from uint32_t to int.
[variadic:typing] unittests/test_memcpy_s.c:138: Warning: 
  Incorrect type for argument 3. The argument will be cast from uint32_t to int.
[variadic:typing] unittests/test_memcpy_s.c:165: Warning: 
  Incorrect type for argument 3. The argument will be cast from uint32_t to int.
[variadic:typing] unittests/test_memcpy_s.c:192: Warning: 
  Incorrect type for argument 3. The argument will be cast from uint32_t to int.
[variadic:typing] unittests/test_memcpy_s.c:198: Warning: 
  Incorrect type for argument 3. The argument will be cast from uint32_t to int.
[variadic:typing] unittests/test_memcpy_s.c:230: Warning: 
  Incorrect type for argument 3. The argument will be cast from uint32_t to int.
[variadic:typing] unittests/test_memcpy_s.c:236: Warning: 
  Incorrect type for argument 3. The argument will be cast from uint32_t to int.
[variadic:typing] unittests/test_memcpy_s.c:257: Warning: 
  Incorrect type for argument 3. The argument will be cast from uint32_t to int.
[variadic:typing] unittests/test_memcpy_s.c:278: Warning: 
  Incorrect type for argument 3. The argument will be cast from uint32_t to int.
[variadic:typing] unittests/test_memcpy_s.c:298: Warning: 
  Incorrect type for argument 3. The argument will be cast from uint32_t to int.
[variadic:typing] unittests/test_memmove16_s.c:86: Warning: 
  Incorrect type for argument 2. The argument will be cast from uint32_t to int.
[variadic:typing] unittests/test_memmove16_s.c:109: Warning: 
  Incorrect type for argument 3. The argument will be cast from uint32_t to int.
[variadic:typing] unittests/test_memmove16_s.c:130: Warning: 
  Incorrect type for argument 3. The argument will be cast from uint32_t to int.
[variadic:typing] unittests/test_memmove16_s.c:153: Warning: 
  Incorrect type for argument 3. The argument will be cast from uint32_t to int.
[variadic:typing] unittests/test_memmove16_s.c:185: Warning: 
  Incorrect type for argument 3. The argument will be cast from uint32_t to int.
[variadic:typing] unittests/test_memmove16_s.c:205: Warning: 
  Incorrect type for argument 3. The argument will be cast from uint32_t to int.
[variadic:typing] unittests/test_memmove32_s.c:86: Warning: 
  Incorrect type for argument 2. The argument will be cast from uint32_t to int.
[variadic:typing] unittests/test_memmove32_s.c:86: Warning: 
  Incorrect type for argument 3. The argument will be cast from uint32_t to int.
[variadic:typing] unittests/test_memmove32_s.c:86: Warning: 
  Incorrect type for argument 4. The argument will be cast from uint32_t to int.
[variadic:typing] unittests/test_memmove32_s.c:109: Warning: 
  Incorrect type for argument 3. The argument will be cast from uint32_t to int.
[variadic:typing] unittests/test_memmove32_s.c:109: Warning: 
  Incorrect type for argument 4. The argument will be cast from uint32_t to int.
[variadic:typing] unittests/test_memmove32_s.c:130: Warning: 
  Incorrect type for argument 3. The argument will be cast from uint32_t to int.
[variadic:typing] unittests/test_memmove32_s.c:130: Warning: 
  Incorrect type for argument 4. The argument will be cast from uint32_t to int.
[variadic:typing] unittests/test_memmove32_s.c:153: Warning: 
  Incorrect type for argument 3. The argument will be cast from uint32_t to int.
[variadic:typing] unittests/test_memmove32_s.c:153: Warning: 
  Incorrect type for argument 4. The argument will be cast from uint32_t to int.
[variadic:typing] unittests/test_memmove32_s.c:185: Warning: 
  Incorrect type for argument 3. The argument will be cast from uint32_t to int.
[variadic:typing] unittests/test_memmove32_s.c:185: Warning: 
  Incorrect type for argument 4. The argument will be cast from uint32_t to int.
[variadic:typing] unittests/test_memmove32_s.c:205: Warning: 
  Incorrect type for argument 3. The argument will be cast from uint32_t to int.
[variadic:typing] unittests/test_memmove32_s.c:205: Warning: 
  Incorrect type for argument 4. The argument will be cast from uint32_t to int.
[variadic:typing] unittests/test_memmove_s.c:85: Warning: 
  Incorrect type for argument 2. The argument will be cast from uint32_t to int.
[variadic:typing] unittests/test_memmove_s.c:106: Warning: 
  Incorrect type for argument 3. The argument will be cast from uint32_t to int.
[variadic:typing] unittests/test_memmove_s.c:127: Warning: 
  Incorrect type for argument 3. The argument will be cast from uint32_t to int.
[variadic:typing] unittests/test_memmove_s.c:148: Warning: 
  Incorrect type for argument 3. The argument will be cast from uint32_t to int.
[variadic:typing] unittests/test_memmove_s.c:180: Warning: 
  Incorrect type for argument 3. The argument will be cast from uint32_t to int.
[variadic:typing] unittests/test_memmove_s.c:203: Warning: 
  Incorrect type for argument 3. The argument will be cast from uint32_t to int.
[variadic:typing] unittests/test_memset16_s.c:58: Warning: 
  Incorrect type for argument 3. The argument will be cast from uint32_t to int.
[variadic:typing] unittests/test_memset16_s.c:78: Warning: 
  Incorrect type for argument 3. The argument will be cast from uint32_t to int.
[variadic:typing] unittests/test_memset16_s.c:98: Warning: 
  Incorrect type for argument 3. The argument will be cast from uint32_t to int.
[variadic:typing] unittests/test_memset16_s.c:118: Warning: 
  Incorrect type for argument 3. The argument will be cast from uint32_t to int.
[variadic:typing] unittests/test_memset16_s.c:138: Warning: 
  Incorrect type for argument 3. The argument will be cast from uint32_t to int.
[variadic:typing] unittests/test_memset32_s.c:61: Warning: 
  Incorrect type for argument 3. The argument will be cast from uint32_t to int.
[variadic:typing] unittests/test_memset32_s.c:61: Warning: 
  Incorrect type for argument 4. The argument will be cast from uint32_t to int.
[variadic:typing] unittests/test_memset32_s.c:81: Warning: 
  Incorrect type for argument 3. The argument will be cast from uint32_t to int.
[variadic:typing] unittests/test_memset32_s.c:81: Warning: 
  Incorrect type for argument 4. The argument will be cast from uint32_t to int.
[variadic:typing] unittests/test_memset32_s.c:101: Warning: 
  Incorrect type for argument 3. The argument will be cast from uint32_t to int.
[variadic:typing] unittests/test_memset32_s.c:101: Warning: 
  Incorrect type for argument 4. The argument will be cast from uint32_t to int.
[variadic:typing] unittests/test_memset32_s.c:121: Warning: 
  Incorrect type for argument 3. The argument will be cast from uint32_t to int.
[variadic:typing] unittests/test_memset32_s.c:121: Warning: 
  Incorrect type for argument 4. The argument will be cast from uint32_t to int.
[variadic:typing] unittests/test_memset32_s.c:141: Warning: 
  Incorrect type for argument 3. The argument will be cast from uint32_t to int.
[variadic:typing] unittests/test_memset32_s.c:141: Warning: 
  Incorrect type for argument 4. The argument will be cast from uint32_t to int.
[variadic:typing] unittests/test_memset_s.c:58: Warning: 
  Incorrect type for argument 3. The argument will be cast from uint32_t to int.
[variadic:typing] unittests/test_memset_s.c:78: Warning: 
  Incorrect type for argument 3. The argument will be cast from uint32_t to int.
[variadic:typing] unittests/test_memset_s.c:98: Warning: 
  Incorrect type for argument 3. The argument will be cast from uint32_t to int.
[variadic:typing] unittests/test_memset_s.c:118: Warning: 
  Incorrect type for argument 3. The argument will be cast from uint32_t to int.
[variadic:typing] unittests/test_memset_s.c:138: Warning: 
  Incorrect type for argument 3. The argument will be cast from uint32_t to int.
[variadic:typing] unittests/test_memzero16_s.c:60: Warning: 
  Incorrect type for argument 3. The argument will be cast from uint32_t to int.
[variadic:typing] unittests/test_memzero16_s.c:79: Warning: 
  Incorrect type for argument 3. The argument will be cast from uint32_t to int.
[variadic:typing] unittests/test_memzero16_s.c:98: Warning: 
  Incorrect type for argument 3. The argument will be cast from uint32_t to int.
[variadic:typing] unittests/test_memzero16_s.c:117: Warning: 
  Incorrect type for argument 3. The argument will be cast from uint32_t to int.
[variadic:typing] unittests/test_memzero32_s.c:60: Warning: 
  Incorrect type for argument 3. The argument will be cast from uint32_t to int.
[variadic:typing] unittests/test_memzero32_s.c:60: Warning: 
  Incorrect type for argument 4. The argument will be cast from uint32_t to int.
[variadic:typing] unittests/test_memzero32_s.c:79: Warning: 
  Incorrect type for argument 3. The argument will be cast from uint32_t to int.
[variadic:typing] unittests/test_memzero32_s.c:79: Warning: 
  Incorrect type for argument 4. The argument will be cast from uint32_t to int.
[variadic:typing] unittests/test_memzero32_s.c:98: Warning: 
  Incorrect type for argument 3. The argument will be cast from uint32_t to int.
[variadic:typing] unittests/test_memzero32_s.c:98: Warning: 
  Incorrect type for argument 4. The argument will be cast from uint32_t to int.
[variadic:typing] unittests/test_memzero32_s.c:117: Warning: 
  Incorrect type for argument 3. The argument will be cast from uint32_t to int.
[variadic:typing] unittests/test_memzero32_s.c:117: Warning: 
  Incorrect type for argument 4. The argument will be cast from uint32_t to int.
[variadic:typing] unittests/test_memzero_s.c:60: Warning: 
  Incorrect type for argument 3. The argument will be cast from uint32_t to int.
[variadic:typing] unittests/test_memzero_s.c:79: Warning: 
  Incorrect type for argument 3. The argument will be cast from uint32_t to int.
[variadic:typing] unittests/test_memzero_s.c:98: Warning: 
  Incorrect type for argument 3. The argument will be cast from uint32_t to int.
[variadic:typing] unittests/test_memzero_s.c:117: Warning: 
  Incorrect type for argument 3. The argument will be cast from uint32_t to int.
[variadic:typing] unittests/test_stpcpy_s.c:94: Warning: 
  Incorrect type for argument 2. The argument will be cast from unsigned int to int.
[variadic:typing] unittests/test_stpcpy_s.c:98: Warning: 
  Incorrect type for argument 4. The argument will be cast from errno_t to unsigned int.
[variadic:typing] unittests/test_stpcpy_s.c:103: Warning: 
  Incorrect type for argument 4. The argument will be cast from errno_t to unsigned int.
[variadic:typing] unittests/test_stpcpy_s.c:109: Warning: 
  Incorrect type for argument 2. The argument will be cast from unsigned int to int.
[variadic:typing] unittests/test_stpcpy_s.c:113: Warning: 
  Incorrect type for argument 4. The argument will be cast from errno_t to unsigned int.
[variadic:typing] unittests/test_stpcpy_s.c:117: Warning: 
  Incorrect type for argument 4. The argument will be cast from errno_t to unsigned int.
[variadic:typing] unittests/test_stpcpy_s.c:124: Warning: 
  Incorrect type for argument 2. The argument will be cast from unsigned int to int.
[variadic:typing] unittests/test_stpcpy_s.c:128: Warning: 
  Incorrect type for argument 4. The argument will be cast from errno_t to unsigned int.
[variadic:typing] unittests/test_stpcpy_s.c:132: Warning: 
  Incorrect type for argument 4. The argument will be cast from errno_t to unsigned int.
[variadic:typing] unittests/test_stpcpy_s.c:138: Warning: 
  Incorrect type for argument 2. The argument will be cast from unsigned int to int.
[variadic:typing] unittests/test_stpcpy_s.c:144: Warning: 
  Incorrect type for argument 4. The argument will be cast from errno_t to unsigned int.
[variadic:typing] unittests/test_stpcpy_s.c:149: Warning: 
  Incorrect type for argument 4. The argument will be cast from errno_t to unsigned int.
[variadic:typing] unittests/test_stpcpy_s.c:162: Warning: 
  Incorrect type for argument 4. The argument will be cast from errno_t to unsigned int.
[variadic:typing] unittests/test_stpcpy_s.c:170: Warning: 
  Incorrect type for argument 2. The argument will be cast from unsigned int to int.
[variadic:typing] unittests/test_stpcpy_s.c:176: Warning: 
  Incorrect type for argument 4. The argument will be cast from errno_t to unsigned int.
[variadic:typing] unittests/test_stpcpy_s.c:182: Warning: 
  Incorrect type for argument 4. The argument will be cast from errno_t to unsigned int.
[variadic:typing] unittests/test_stpcpy_s.c:189: Warning: 
  Incorrect type for argument 2. The argument will be cast from unsigned int to int.
[variadic:typing] unittests/test_stpcpy_s.c:195: Warning: 
  Incorrect type for argument 4. The argument will be cast from errno_t to unsigned int.
[variadic:typing] unittests/test_stpcpy_s.c:200: Warning: 
  Incorrect type for argument 4. The argument will be cast from errno_t to unsigned int.
[variadic:typing] unittests/test_stpcpy_s.c:208: Warning: 
  Incorrect type for argument 2. The argument will be cast from unsigned int to int.
[variadic:typing] unittests/test_stpcpy_s.c:214: Warning: 
  Incorrect type for argument 4. The argument will be cast from errno_t to unsigned int.
[variadic:typing] unittests/test_stpcpy_s.c:218: Warning: 
  Incorrect type for argument 4. The argument will be cast from errno_t to unsigned int.
[variadic:typing] unittests/test_stpcpy_s.c:231: Warning: 
  Incorrect type for argument 4. The argument will be cast from errno_t to unsigned int.
[variadic:typing] unittests/test_stpcpy_s.c:241: Warning: 
  Incorrect type for argument 2. The argument will be cast from unsigned int to int.
[variadic:typing] unittests/test_stpcpy_s.c:247: Warning: 
  Incorrect type for argument 4. The argument will be cast from errno_t to unsigned int.
[variadic:typing] unittests/test_stpcpy_s.c:251: Warning: 
  Incorrect type for argument 4. The argument will be cast from errno_t to unsigned int.
[variadic:typing] unittests/test_stpcpy_s.c:264: Warning: 
  Incorrect type for argument 4. The argument will be cast from errno_t to unsigned int.
[variadic:typing] unittests/test_stpcpy_s.c:279: Warning: 
  Incorrect type for argument 2. The argument will be cast from unsigned int to int.
[variadic:typing] unittests/test_stpcpy_s.c:286: Warning: 
  Incorrect type for argument 4. The argument will be cast from errno_t to unsigned int.
[variadic:typing] unittests/test_stpcpy_s.c:290: Warning: 
  Incorrect type for argument 4. The argument will be cast from errno_t to unsigned int.
[variadic:typing] unittests/test_stpcpy_s.c:303: Warning: 
  Incorrect type for argument 4. The argument will be cast from errno_t to unsigned int.
[variadic:typing] unittests/test_stpcpy_s.c:311: Warning: 
  Incorrect type for argument 2. The argument will be cast from unsigned int to int.
[variadic:typing] unittests/test_stpcpy_s.c:318: Warning: 
  Incorrect type for argument 4. The argument will be cast from errno_t to unsigned int.
[variadic:typing] unittests/test_stpcpy_s.c:322: Warning: 
  Incorrect type for argument 4. The argument will be cast from errno_t to unsigned int.
[variadic:typing] unittests/test_stpcpy_s.c:327: Warning: 
  Incorrect type for argument 5. The argument will be cast from errno_t to unsigned int.
[variadic:typing] unittests/test_stpcpy_s.c:333: Warning: 
  Incorrect type for argument 2. The argument will be cast from unsigned int to int.
[variadic:typing] unittests/test_stpcpy_s.c:340: Warning: 
  Incorrect type for argument 4. The argument will be cast from errno_t to unsigned int.
[variadic:typing] unittests/test_stpcpy_s.c:347: Warning: 
  Incorrect type for argument 5. The argument will be cast from errno_t to unsigned int.
[variadic:typing] unittests/test_stpcpy_s.c:352: Warning: 
  Incorrect type for argument 4. The argument will be cast from errno_t to unsigned int.
[variadic:typing] unittests/test_stpcpy_s.c:358: Warning: 
  Incorrect type for argument 2. The argument will be cast from unsigned int to int.
[variadic:typing] unittests/test_stpcpy_s.c:365: Warning: 
  Incorrect type for argument 4. The argument will be cast from errno_t to unsigned int.
[variadic:typing] unittests/test_stpcpy_s.c:370: Warning: 
  Incorrect type for argument 4. The argument will be cast from errno_t to unsigned int.
[variadic:typing] unittests/test_stpcpy_s.c:377: Warning: 
  Incorrect type for argument 5. The argument will be cast from errno_t to unsigned int.
[variadic:typing] unittests/test_stpcpy_s.c:383: Warning: 
  Incorrect type for argument 2. The argument will be cast from unsigned int to int.
[variadic:typing] unittests/test_stpcpy_s.c:390: Warning: 
  Incorrect type for argument 4. The argument will be cast from errno_t to unsigned int.
[variadic:typing] unittests/test_stpcpy_s.c:394: Warning: 
  Incorrect type for argument 4. The argument will be cast from errno_t to unsigned int.
[variadic:typing] unittests/test_stpcpy_s.c:399: Warning: 
  Incorrect type for argument 5. The argument will be cast from errno_t to unsigned int.
[variadic:typing] unittests/test_stpcpy_s.c:405: Warning: 
  Incorrect type for argument 2. The argument will be cast from unsigned int to int.
[variadic:typing] unittests/test_stpcpy_s.c:412: Warning: 
  Incorrect type for argument 4. The argument will be cast from errno_t to unsigned int.
[variadic:typing] unittests/test_stpcpy_s.c:416: Warning: 
  Incorrect type for argument 4. The argument will be cast from errno_t to unsigned int.
[variadic:typing] unittests/test_stpcpy_s.c:421: Warning: 
  Incorrect type for argument 5. The argument will be cast from errno_t to unsigned int.
[variadic:typing] unittests/test_stpcpy_s.c:427: Warning: 
  Incorrect type for argument 2. The argument will be cast from unsigned int to int.
[variadic:typing] unittests/test_stpcpy_s.c:434: Warning: 
  Incorrect type for argument 4. The argument will be cast from errno_t to unsigned int.
[variadic:typing] unittests/test_stpcpy_s.c:441: Warning: 
  Incorrect type for argument 5. The argument will be cast from errno_t to unsigned int.
[variadic:typing] unittests/test_stpcpy_s.c:445: Warning: 
  Incorrect type for argument 4. The argument will be cast from errno_t to unsigned int.
[variadic:typing] unittests/test_stpcpy_s.c:451: Warning: 
  Incorrect type for argument 2. The argument will be cast from unsigned int to int.
[variadic:typing] unittests/test_stpcpy_s.c:458: Warning: 
  Incorrect type for argument 4. The argument will be cast from errno_t to unsigned int.
[variadic:typing] unittests/test_stpcpy_s.c:462: Warning: 
  Incorrect type for argument 4. The argument will be cast from errno_t to unsigned int.
[variadic:typing] unittests/test_stpcpy_s.c:469: Warning: 
  Incorrect type for argument 5. The argument will be cast from errno_t to unsigned int.
[variadic:typing] unittests/test_stpncpy_s.c:102: Warning: 
  Incorrect type for argument 2. The argument will be cast from unsigned int to int.
[variadic:typing] unittests/test_stpncpy_s.c:106: Warning: 
  Incorrect type for argument 4. The argument will be cast from errno_t to unsigned int.
[variadic:typing] unittests/test_stpncpy_s.c:111: Warning: 
  Incorrect type for argument 4. The argument will be cast from errno_t to unsigned int.
[variadic:typing] unittests/test_stpncpy_s.c:117: Warning: 
  Incorrect type for argument 2. The argument will be cast from unsigned int to int.
[variadic:typing] unittests/test_stpncpy_s.c:121: Warning: 
  Incorrect type for argument 4. The argument will be cast from errno_t to unsigned int.
[variadic:typing] unittests/test_stpncpy_s.c:125: Warning: 
  Incorrect type for argument 4. The argument will be cast from errno_t to unsigned int.
[variadic:typing] unittests/test_stpncpy_s.c:132: Warning: 
  Incorrect type for argument 2. The argument will be cast from unsigned int to int.
[variadic:typing] unittests/test_stpncpy_s.c:136: Warning: 
  Incorrect type for argument 4. The argument will be cast from errno_t to unsigned int.
[variadic:typing] unittests/test_stpncpy_s.c:140: Warning: 
  Incorrect type for argument 4. The argument will be cast from errno_t to unsigned int.
[variadic:typing] unittests/test_stpncpy_s.c:146: Warning: 
  Incorrect type for argument 2. The argument will be cast from unsigned int to int.
[variadic:typing] unittests/test_stpncpy_s.c:152: Warning: 
  Incorrect type for argument 4. The argument will be cast from errno_t to unsigned int.
[variadic:typing] unittests/test_stpncpy_s.c:157: Warning: 
  Incorrect type for argument 4. The argument will be cast from errno_t to unsigned int.
[variadic:typing] unittests/test_stpncpy_s.c:170: Warning: 
  Incorrect type for argument 4. The argument will be cast from errno_t to unsigned int.
[variadic:typing] unittests/test_stpncpy_s.c:178: Warning: 
  Incorrect type for argument 2. The argument will be cast from unsigned int to int.
[variadic:typing] unittests/test_stpncpy_s.c:185: Warning: 
  Incorrect type for argument 4. The argument will be cast from errno_t to unsigned int.
[variadic:typing] unittests/test_stpncpy_s.c:191: Warning: 
  Incorrect type for argument 4. The argument will be cast from errno_t to unsigned int.
[variadic:typing] unittests/test_stpncpy_s.c:198: Warning: 
  Incorrect type for argument 2. The argument will be cast from unsigned int to int.
[variadic:typing] unittests/test_stpncpy_s.c:205: Warning: 
  Incorrect type for argument 4. The argument will be cast from errno_t to unsigned int.
[variadic:typing] unittests/test_stpncpy_s.c:210: Warning: 
  Incorrect type for argument 4. The argument will be cast from errno_t to unsigned int.
[variadic:typing] unittests/test_stpncpy_s.c:218: Warning: 
  Incorrect type for argument 2. The argument will be cast from unsigned int to int.
[variadic:typing] unittests/test_stpncpy_s.c:224: Warning: 
  Incorrect type for argument 4. The argument will be cast from errno_t to unsigned int.
[variadic:typing] unittests/test_stpncpy_s.c:228: Warning: 
  Incorrect type for argument 4. The argument will be cast from errno_t to unsigned int.
[variadic:typing] unittests/test_stpncpy_s.c:241: Warning: 
  Incorrect type for argument 4. The argument will be cast from errno_t to unsigned int.
[variadic:typing] unittests/test_stpncpy_s.c:251: Warning: 
  Incorrect type for argument 2. The argument will be cast from unsigned int to int.
[variadic:typing] unittests/test_stpncpy_s.c:257: Warning: 
  Incorrect type for argument 4. The argument will be cast from errno_t to unsigned int.
[variadic:typing] unittests/test_stpncpy_s.c:261: Warning: 
  Incorrect type for argument 4. The argument will be cast from errno_t to unsigned int.
[variadic:typing] unittests/test_stpncpy_s.c:274: Warning: 
  Incorrect type for argument 4. The argument will be cast from errno_t to unsigned int.
[variadic:typing] unittests/test_stpncpy_s.c:289: Warning: 
  Incorrect type for argument 2. The argument will be cast from unsigned int to int.
[variadic:typing] unittests/test_stpncpy_s.c:296: Warning: 
  Incorrect type for argument 4. The argument will be cast from errno_t to unsigned int.
[variadic:typing] unittests/test_stpncpy_s.c:300: Warning: 
  Incorrect type for argument 4. The argument will be cast from errno_t to unsigned int.
[variadic:typing] unittests/test_stpncpy_s.c:313: Warning: 
  Incorrect type for argument 4. The argument will be cast from errno_t to unsigned int.
[variadic:typing] unittests/test_stpncpy_s.c:321: Warning: 
  Incorrect type for argument 2. The argument will be cast from unsigned int to int.
[variadic:typing] unittests/test_stpncpy_s.c:328: Warning: 
  Incorrect type for argument 4. The argument will be cast from errno_t to unsigned int.
[variadic:typing] unittests/test_stpncpy_s.c:332: Warning: 
  Incorrect type for argument 4. The argument will be cast from errno_t to unsigned int.
[variadic:typing] unittests/test_stpncpy_s.c:337: Warning: 
  Incorrect type for argument 5. The argument will be cast from errno_t to unsigned int.
[variadic:typing] unittests/test_stpncpy_s.c:343: Warning: 
  Incorrect type for argument 2. The argument will be cast from unsigned int to int.
[variadic:typing] unittests/test_stpncpy_s.c:352: Warning: 
  Incorrect type for argument 4. The argument will be cast from errno_t to unsigned int.
[variadic:typing] unittests/test_stpncpy_s.c:359: Warning: 
  Incorrect type for argument 7. The argument will be cast from errno_t to unsigned int.
[variadic:typing] unittests/test_stpncpy_s.c:364: Warning: 
  Incorrect type for argument 4. The argument will be cast from errno_t to unsigned int.
[variadic:typing] unittests/test_stpncpy_s.c:370: Warning: 
  Incorrect type for argument 2. The argument will be cast from unsigned int to int.
[variadic:typing] unittests/test_stpncpy_s.c:377: Warning: 
  Incorrect type for argument 4. The argument will be cast from errno_t to unsigned int.
[variadic:typing] unittests/test_stpncpy_s.c:382: Warning: 
  Incorrect type for argument 4. The argument will be cast from errno_t to unsigned int.
[variadic:typing] unittests/test_stpncpy_s.c:390: Warning: 
  Incorrect type for argument 7. The argument will be cast from errno_t to unsigned int.
[variadic:typing] unittests/test_stpncpy_s.c:396: Warning: 
  Incorrect type for argument 4. The argument will be cast from uint32_t to int.
[variadic:typing] unittests/test_stpncpy_s.c:396: Warning: 
  Incorrect type for argument 5. The argument will be cast from errno_t to unsigned int.
[variadic:typing] unittests/test_stpncpy_s.c:404: Warning: 
  Incorrect type for argument 2. The argument will be cast from unsigned int to int.
[variadic:typing] unittests/test_stpncpy_s.c:411: Warning: 
  Incorrect type for argument 4. The argument will be cast from errno_t to unsigned int.
[variadic:typing] unittests/test_stpncpy_s.c:416: Warning: 
  Incorrect type for argument 4. The argument will be cast from errno_t to unsigned int.
[variadic:typing] unittests/test_stpncpy_s.c:423: Warning: 
  Incorrect type for argument 5. The argument will be cast from errno_t to unsigned int.
[variadic:typing] unittests/test_stpncpy_s.c:429: Warning: 
  Incorrect type for argument 4. The argument will be cast from uint32_t to int.
[variadic:typing] unittests/test_stpncpy_s.c:429: Warning: 
  Incorrect type for argument 5. The argument will be cast from errno_t to unsigned int.
[variadic:typing] unittests/test_stpncpy_s.c:436: Warning: 
  Incorrect type for argument 4. The argument will be cast from uint32_t to int.
[variadic:typing] unittests/test_stpncpy_s.c:436: Warning: 
  Incorrect type for argument 5. The argument will be cast from errno_t to unsigned int.
[variadic:typing] unittests/test_stpncpy_s.c:445: Warning: 
  Incorrect type for argument 2. The argument will be cast from unsigned int to int.
[variadic:typing] unittests/test_stpncpy_s.c:452: Warning: 
  Incorrect type for argument 4. The argument will be cast from errno_t to unsigned int.
[variadic:typing] unittests/test_stpncpy_s.c:457: Warning: 
  Incorrect type for argument 4. The argument will be cast from errno_t to unsigned int.
[variadic:typing] unittests/test_stpncpy_s.c:464: Warning: 
  Incorrect type for argument 5. The argument will be cast from errno_t to unsigned int.
[variadic:typing] unittests/test_stpncpy_s.c:470: Warning: 
  Incorrect type for argument 4. The argument will be cast from uint32_t to int.
[variadic:typing] unittests/test_stpncpy_s.c:470: Warning: 
  Incorrect type for argument 5. The argument will be cast from errno_t to unsigned int.
[variadic:typing] unittests/test_stpncpy_s.c:479: Warning: 
  Incorrect type for argument 2. The argument will be cast from unsigned int to int.
[variadic:typing] unittests/test_stpncpy_s.c:486: Warning: 
  Incorrect type for argument 4. The argument will be cast from errno_t to unsigned int.
[variadic:typing] unittests/test_stpncpy_s.c:491: Warning: 
  Incorrect type for argument 4. The argument will be cast from errno_t to unsigned int.
[variadic:typing] unittests/test_stpncpy_s.c:498: Warning: 
  Incorrect type for argument 5. The argument will be cast from errno_t to unsigned int.
[variadic:typing] unittests/test_stpncpy_s.c:504: Warning: 
  Incorrect type for argument 4. The argument will be cast from uint32_t to int.
[variadic:typing] unittests/test_stpncpy_s.c:504: Warning: 
  Incorrect type for argument 5. The argument will be cast from errno_t to unsigned int.
[variadic:typing] unittests/test_stpncpy_s.c:513: Warning: 
  Incorrect type for argument 2. The argument will be cast from unsigned int to int.
[variadic:typing] unittests/test_stpncpy_s.c:521: Warning: 
  Incorrect type for argument 4. The argument will be cast from errno_t to unsigned int.
[variadic:typing] unittests/test_stpncpy_s.c:525: Warning: 
  Incorrect type for argument 4. The argument will be cast from errno_t to unsigned int.
[variadic:typing] unittests/test_stpncpy_s.c:530: Warning: 
  Incorrect type for argument 5. The argument will be cast from errno_t to unsigned int.
[variadic:typing] unittests/test_stpncpy_s.c:536: Warning: 
  Incorrect type for argument 2. The argument will be cast from unsigned int to int.
[variadic:typing] unittests/test_stpncpy_s.c:544: Warning: 
  Incorrect type for argument 4. The argument will be cast from errno_t to unsigned int.
[variadic:typing] unittests/test_stpncpy_s.c:548: Warning: 
  Incorrect type for argument 4. The argument will be cast from errno_t to unsigned int.
[variadic:typing] unittests/test_stpncpy_s.c:553: Warning: 
  Incorrect type for argument 5. The argument will be cast from errno_t to unsigned int.
[variadic:typing] unittests/test_stpncpy_s.c:559: Warning: 
  Incorrect type for argument 2. The argument will be cast from unsigned int to int.
[variadic:typing] unittests/test_stpncpy_s.c:567: Warning: 
  Incorrect type for argument 4. The argument will be cast from errno_t to unsigned int.
[variadic:typing] unittests/test_stpncpy_s.c:574: Warning: 
  Incorrect type for argument 5. The argument will be cast from errno_t to unsigned int.
[variadic:typing] unittests/test_stpncpy_s.c:578: Warning: 
  Incorrect type for argument 4. The argument will be cast from errno_t to unsigned int.
[variadic:typing] unittests/test_stpncpy_s.c:584: Warning: 
  Incorrect type for argument 2. The argument will be cast from unsigned int to int.
[variadic:typing] unittests/test_stpncpy_s.c:591: Warning: 
  Incorrect type for argument 4. The argument will be cast from errno_t to unsigned int.
[variadic:typing] unittests/test_stpncpy_s.c:595: Warning: 
  Incorrect type for argument 4. The argument will be cast from errno_t to unsigned int.
[variadic:typing] unittests/test_stpncpy_s.c:602: Warning: 
  Incorrect type for argument 5. The argument will be cast from errno_t to unsigned int.
[variadic:typing] unittests/test_strcasestr_s.c:134: Warning: 
  Incorrect type for argument 4. The argument will be cast from errno_t to unsigned int.
[variadic:typing] unittests/test_strcasestr_s.c:161: Warning: 
  Incorrect type for argument 4. The argument will be cast from errno_t to unsigned int.
[variadic:typing] unittests/test_strcasestr_s.c:189: Warning: 
  Incorrect type for argument 4. The argument will be cast from errno_t to unsigned int.
[variadic:typing] unittests/test_strcasestr_s.c:271: Warning: 
  Incorrect type for argument 4. The argument will be cast from errno_t to unsigned int.
[variadic:typing] unittests/test_strcasestr_s.c:302: Warning: 
  Incorrect type for argument 4. The argument will be cast from errno_t to unsigned int.
[variadic:typing] unittests/test_strcasestr_s.c:415: Warning: 
  Incorrect type for argument 4. The argument will be cast from errno_t to unsigned int.
[variadic:typing] unittests/test_strcasestr_s.c:420: Warning: 
  Incorrect type for argument 4. The argument will be cast from errno_t to unsigned int.
[variadic:typing] unittests/test_strcasestr_s.c:427: Warning: 
  Incorrect type for argument 4. The argument will be cast from errno_t to unsigned int.
[variadic:typing] unittests/test_strcspn_s.c:28: Warning: 
  Incorrect type for argument 2. The argument will be cast from unsigned int to int.
[variadic:typing] unittests/test_strcspn_s.c:43: Warning: 
  Incorrect type for argument 2. The argument will be cast from unsigned int to int.
[variadic:typing] unittests/test_strcspn_s.c:58: Warning: 
  Incorrect type for argument 2. The argument will be cast from unsigned int to int.
[variadic:typing] unittests/test_strcspn_s.c:68: Warning: 
  Incorrect type for argument 2. The argument will be cast from unsigned int to int.
[variadic:typing] unittests/test_strcspn_s.c:83: Warning: 
  Incorrect type for argument 2. The argument will be cast from unsigned int to int.
[variadic:typing] unittests/test_strcspn_s.c:98: Warning: 
  Incorrect type for argument 2. The argument will be cast from unsigned int to int.
[variadic:typing] unittests/test_strcspn_s.c:113: Warning: 
  Incorrect type for argument 2. The argument will be cast from unsigned int to int.
[variadic:typing] unittests/test_strcspn_s.c:128: Warning: 
  Incorrect type for argument 2. The argument will be cast from unsigned int to int.
[variadic:typing] unittests/test_strcspn_s.c:152: Warning: 
  Incorrect type for argument 2. The argument will be cast from unsigned int to int.
[variadic:typing] unittests/test_strcspn_s.c:171: Warning: 
  Incorrect type for argument 2. The argument will be cast from unsigned int to int.
[variadic:typing] unittests/test_strcspn_s.c:190: Warning: 
  Incorrect type for argument 2. The argument will be cast from unsigned int to int.
[variadic:typing] unittests/test_strcspn_s.c:210: Warning: 
  Incorrect type for argument 2. The argument will be cast from unsigned int to int.
[variadic:typing] unittests/test_strcspn_s.c:229: Warning: 
  Incorrect type for argument 2. The argument will be cast from unsigned int to int.
[variadic:typing] unittests/test_strcspn_s.c:248: Warning: 
  Incorrect type for argument 2. The argument will be cast from unsigned int to int.
[variadic:typing] unittests/test_strcspn_s.c:268: Warning: 
  Incorrect type for argument 2. The argument will be cast from unsigned int to int.
[variadic:typing] unittests/test_strcspn_s.c:288: Warning: 
  Incorrect type for argument 2. The argument will be cast from unsigned int to int.
[variadic:typing] unittests/test_strisalphanumeric_s.c:27: Warning: 
  Incorrect type for argument 4. The argument will be cast from int to unsigned int.
[variadic:typing] unittests/test_strisalphanumeric_s.c:36: Warning: 
  Incorrect type for argument 4. The argument will be cast from int to unsigned int.
[variadic:typing] unittests/test_strisalphanumeric_s.c:46: Warning: 
  Incorrect type for argument 4. The argument will be cast from int to unsigned int.
[variadic:typing] unittests/test_strisalphanumeric_s.c:55: Warning: 
  Incorrect type for argument 4. The argument will be cast from int to unsigned int.
[variadic:typing] unittests/test_strisalphanumeric_s.c:66: Warning: 
  Incorrect type for argument 4. The argument will be cast from int to unsigned int.
[variadic:typing] unittests/test_strisalphanumeric_s.c:76: Warning: 
  Incorrect type for argument 4. The argument will be cast from int to unsigned int.
[variadic:typing] unittests/test_strisalphanumeric_s.c:87: Warning: 
  Incorrect type for argument 4. The argument will be cast from int to unsigned int.
[variadic:typing] unittests/test_strisalphanumeric_s.c:98: Warning: 
  Incorrect type for argument 4. The argument will be cast from int to unsigned int.
[variadic:typing] unittests/test_strisalphanumeric_s.c:109: Warning: 
  Incorrect type for argument 4. The argument will be cast from int to unsigned int.
[variadic:typing] unittests/test_strisalphanumeric_s.c:122: Warning: 
  Incorrect type for argument 4. The argument will be cast from int to unsigned int.
[variadic:typing] unittests/test_strisalphanumeric_s.c:133: Warning: 
  Incorrect type for argument 4. The argument will be cast from int to unsigned int.
[variadic:typing] unittests/test_strisascii_s.c:26: Warning: 
  Incorrect type for argument 4. The argument will be cast from int to unsigned int.
[variadic:typing] unittests/test_strisascii_s.c:35: Warning: 
  Incorrect type for argument 4. The argument will be cast from int to unsigned int.
[variadic:typing] unittests/test_strisascii_s.c:44: Warning: 
  Incorrect type for argument 4. The argument will be cast from int to unsigned int.
[variadic:typing] unittests/test_strisascii_s.c:53: Warning: 
  Incorrect type for argument 4. The argument will be cast from int to unsigned int.
[variadic:typing] unittests/test_strisascii_s.c:63: Warning: 
  Incorrect type for argument 4. The argument will be cast from int to unsigned int.
[variadic:typing] unittests/test_strisascii_s.c:74: Warning: 
  Incorrect type for argument 4. The argument will be cast from int to unsigned int.
[variadic:typing] unittests/test_strisascii_s.c:85: Warning: 
  Incorrect type for argument 4. The argument will be cast from int to unsigned int.
[variadic:typing] unittests/test_strisascii_s.c:96: Warning: 
  Incorrect type for argument 4. The argument will be cast from int to unsigned int.
[variadic:typing] unittests/test_strisascii_s.c:106: Warning: 
  Incorrect type for argument 4. The argument will be cast from int to unsigned int.
[variadic:typing] unittests/test_strisascii_s.c:119: Warning: 
  Incorrect type for argument 4. The argument will be cast from int to unsigned int.
[variadic:typing] unittests/test_strisdigit_s.c:25: Warning: 
  Incorrect type for argument 4. The argument will be cast from int to unsigned int.
[variadic:typing] unittests/test_strisdigit_s.c:34: Warning: 
  Incorrect type for argument 4. The argument will be cast from int to unsigned int.
[variadic:typing] unittests/test_strisdigit_s.c:43: Warning: 
  Incorrect type for argument 4. The argument will be cast from int to unsigned int.
[variadic:typing] unittests/test_strisdigit_s.c:52: Warning: 
  Incorrect type for argument 4. The argument will be cast from int to unsigned int.
[variadic:typing] unittests/test_strisdigit_s.c:63: Warning: 
  Incorrect type for argument 4. The argument will be cast from int to unsigned int.
[variadic:typing] unittests/test_strisdigit_s.c:74: Warning: 
  Incorrect type for argument 4. The argument will be cast from int to unsigned int.
[variadic:typing] unittests/test_strisdigit_s.c:85: Warning: 
  Incorrect type for argument 4. The argument will be cast from int to unsigned int.
[variadic:typing] unittests/test_strisdigit_s.c:96: Warning: 
  Incorrect type for argument 4. The argument will be cast from int to unsigned int.
[variadic:typing] unittests/test_strisdigit_s.c:107: Warning: 
  Incorrect type for argument 4. The argument will be cast from int to unsigned int.
[variadic:typing] unittests/test_strishex_s.c:25: Warning: 
  Incorrect type for argument 4. The argument will be cast from int to unsigned int.
[variadic:typing] unittests/test_strishex_s.c:34: Warning: 
  Incorrect type for argument 4. The argument will be cast from int to unsigned int.
[variadic:typing] unittests/test_strishex_s.c:43: Warning: 
  Incorrect type for argument 4. The argument will be cast from int to unsigned int.
[variadic:typing] unittests/test_strishex_s.c:52: Warning: 
  Incorrect type for argument 4. The argument will be cast from int to unsigned int.
[variadic:typing] unittests/test_strishex_s.c:61: Warning: 
  Incorrect type for argument 4. The argument will be cast from int to unsigned int.
[variadic:typing] unittests/test_strishex_s.c:72: Warning: 
  Incorrect type for argument 4. The argument will be cast from int to unsigned int.
[variadic:typing] unittests/test_strishex_s.c:83: Warning: 
  Incorrect type for argument 4. The argument will be cast from int to unsigned int.
[variadic:typing] unittests/test_strishex_s.c:94: Warning: 
  Incorrect type for argument 4. The argument will be cast from int to unsigned int.
[variadic:typing] unittests/test_strishex_s.c:105: Warning: 
  Incorrect type for argument 4. The argument will be cast from int to unsigned int.
[variadic:typing] unittests/test_strishex_s.c:116: Warning: 
  Incorrect type for argument 4. The argument will be cast from int to unsigned int.
[variadic:typing] unittests/test_strishex_s.c:128: Warning: 
  Incorrect type for argument 4. The argument will be cast from int to unsigned int.
[variadic:typing] unittests/test_strislowercase_s.c:25: Warning: 
  Incorrect type for argument 4. The argument will be cast from int to unsigned int.
[variadic:typing] unittests/test_strislowercase_s.c:34: Warning: 
  Incorrect type for argument 4. The argument will be cast from int to unsigned int.
[variadic:typing] unittests/test_strislowercase_s.c:43: Warning: 
  Incorrect type for argument 4. The argument will be cast from int to unsigned int.
[variadic:typing] unittests/test_strislowercase_s.c:52: Warning: 
  Incorrect type for argument 4. The argument will be cast from int to unsigned int.
[variadic:typing] unittests/test_strislowercase_s.c:63: Warning: 
  Incorrect type for argument 4. The argument will be cast from int to unsigned int.
[variadic:typing] unittests/test_strislowercase_s.c:74: Warning: 
  Incorrect type for argument 4. The argument will be cast from int to unsigned int.
[variadic:typing] unittests/test_strislowercase_s.c:85: Warning: 
  Incorrect type for argument 4. The argument will be cast from int to unsigned int.
[variadic:typing] unittests/test_strislowercase_s.c:96: Warning: 
  Incorrect type for argument 4. The argument will be cast from int to unsigned int.
[variadic:typing] unittests/test_strismixed_s.c:25: Warning: 
  Incorrect type for argument 4. The argument will be cast from int to unsigned int.
[variadic:typing] unittests/test_strismixed_s.c:34: Warning: 
  Incorrect type for argument 4. The argument will be cast from int to unsigned int.
[variadic:typing] unittests/test_strismixed_s.c:43: Warning: 
  Incorrect type for argument 4. The argument will be cast from int to unsigned int.
[variadic:typing] unittests/test_strismixed_s.c:52: Warning: 
  Incorrect type for argument 4. The argument will be cast from int to unsigned int.
[variadic:typing] unittests/test_strismixed_s.c:63: Warning: 
  Incorrect type for argument 4. The argument will be cast from int to unsigned int.
[variadic:typing] unittests/test_strismixed_s.c:74: Warning: 
  Incorrect type for argument 4. The argument will be cast from int to unsigned int.
[variadic:typing] unittests/test_strismixed_s.c:85: Warning: 
  Incorrect type for argument 4. The argument will be cast from int to unsigned int.
[variadic:typing] unittests/test_strismixed_s.c:96: Warning: 
  Incorrect type for argument 4. The argument will be cast from int to unsigned int.
[variadic:typing] unittests/test_strismixed_s.c:107: Warning: 
  Incorrect type for argument 4. The argument will be cast from int to unsigned int.
[variadic:typing] unittests/test_strispassword_s.c:24: Warning: 
  Incorrect type for argument 4. The argument will be cast from int to unsigned int.
[variadic:typing] unittests/test_strispassword_s.c:32: Warning: 
  Incorrect type for argument 4. The argument will be cast from int to unsigned int.
[variadic:typing] unittests/test_strispassword_s.c:40: Warning: 
  Incorrect type for argument 4. The argument will be cast from int to unsigned int.
[variadic:typing] unittests/test_strispassword_s.c:48: Warning: 
  Incorrect type for argument 4. The argument will be cast from int to unsigned int.
[variadic:typing] unittests/test_strispassword_s.c:56: Warning: 
  Incorrect type for argument 4. The argument will be cast from int to unsigned int.
[variadic:typing] unittests/test_strispassword_s.c:67: Warning: 
  Incorrect type for argument 4. The argument will be cast from int to unsigned int.
[variadic:typing] unittests/test_strispassword_s.c:78: Warning: 
  Incorrect type for argument 4. The argument will be cast from int to unsigned int.
[variadic:typing] unittests/test_strispassword_s.c:89: Warning: 
  Incorrect type for argument 4. The argument will be cast from int to unsigned int.
[variadic:typing] unittests/test_strispassword_s.c:100: Warning: 
  Incorrect type for argument 4. The argument will be cast from int to unsigned int.
[variadic:typing] unittests/test_strispassword_s.c:111: Warning: 
  Incorrect type for argument 4. The argument will be cast from int to unsigned int.
[variadic:typing] unittests/test_strispassword_s.c:122: Warning: 
  Incorrect type for argument 4. The argument will be cast from int to unsigned int.
[variadic:typing] unittests/test_strisuppercase_s.c:25: Warning: 
  Incorrect type for argument 4. The argument will be cast from int to unsigned int.
[variadic:typing] unittests/test_strisuppercase_s.c:34: Warning: 
  Incorrect type for argument 4. The argument will be cast from int to unsigned int.
[variadic:typing] unittests/test_strisuppercase_s.c:43: Warning: 
  Incorrect type for argument 4. The argument will be cast from int to unsigned int.
[variadic:typing] unittests/test_strisuppercase_s.c:52: Warning: 
  Incorrect type for argument 4. The argument will be cast from int to unsigned int.
[variadic:typing] unittests/test_strisuppercase_s.c:63: Warning: 
  Incorrect type for argument 4. The argument will be cast from int to unsigned int.
[variadic:typing] unittests/test_strisuppercase_s.c:74: Warning: 
  Incorrect type for argument 4. The argument will be cast from int to unsigned int.
[variadic:typing] unittests/test_strisuppercase_s.c:85: Warning: 
  Incorrect type for argument 4. The argument will be cast from int to unsigned int.
[variadic:typing] unittests/test_strisuppercase_s.c:96: Warning: 
  Incorrect type for argument 4. The argument will be cast from int to unsigned int.
[variadic:typing] unittests/test_strisuppercase_s.c:107: Warning: 
  Incorrect type for argument 4. The argument will be cast from int to unsigned int.
[variadic:typing] unittests/test_strljustify_s.c:26: Warning: 
  Incorrect type for argument 4. The argument will be cast from errno_t to unsigned int.
[variadic:typing] unittests/test_strljustify_s.c:35: Warning: 
  Incorrect type for argument 4. The argument will be cast from errno_t to unsigned int.
[variadic:typing] unittests/test_strljustify_s.c:44: Warning: 
  Incorrect type for argument 4. The argument will be cast from errno_t to unsigned int.
[variadic:typing] unittests/test_strljustify_s.c:53: Warning: 
  Incorrect type for argument 4. The argument will be cast from errno_t to unsigned int.
[variadic:typing] unittests/test_strljustify_s.c:67: Warning: 
  Incorrect type for argument 4. The argument will be cast from errno_t to unsigned int.
[variadic:typing] unittests/test_strljustify_s.c:85: Warning: 
  Incorrect type for argument 4. The argument will be cast from errno_t to unsigned int.
[variadic:typing] unittests/test_strljustify_s.c:103: Warning: 
  Incorrect type for argument 4. The argument will be cast from errno_t to unsigned int.
[variadic:typing] unittests/test_strljustify_s.c:121: Warning: 
  Incorrect type for argument 4. The argument will be cast from errno_t to unsigned int.
[variadic:typing] unittests/test_strljustify_s.c:139: Warning: 
  Incorrect type for argument 4. The argument will be cast from errno_t to unsigned int.
[variadic:typing] unittests/test_strljustify_s.c:157: Warning: 
  Incorrect type for argument 4. The argument will be cast from errno_t to unsigned int.
[variadic:typing] unittests/test_strljustify_s.c:175: Warning: 
  Incorrect type for argument 4. The argument will be cast from errno_t to unsigned int.
[variadic:typing] unittests/test_strljustify_s.c:193: Warning: 
  Incorrect type for argument 4. The argument will be cast from errno_t to unsigned int.
[variadic:typing] unittests/test_strljustify_s.c:211: Warning: 
  Incorrect type for argument 4. The argument will be cast from errno_t to unsigned int.
[variadic:typing] unittests/test_strljustify_s.c:229: Warning: 
  Incorrect type for argument 4. The argument will be cast from errno_t to unsigned int.
[variadic:typing] unittests/test_strljustify_s.c:241: Warning: 
  Incorrect type for argument 4. The argument will be cast from errno_t to unsigned int.
[variadic:typing] unittests/test_strremovews_s.c:27: Warning: 
  Incorrect type for argument 4. The argument will be cast from errno_t to unsigned int.
[variadic:typing] unittests/test_strremovews_s.c:36: Warning: 
  Incorrect type for argument 4. The argument will be cast from errno_t to unsigned int.
[variadic:typing] unittests/test_strremovews_s.c:45: Warning: 
  Incorrect type for argument 4. The argument will be cast from errno_t to unsigned int.
[variadic:typing] unittests/test_strremovews_s.c:56: Warning: 
  Incorrect type for argument 4. The argument will be cast from errno_t to unsigned int.
[variadic:typing] unittests/test_strremovews_s.c:73: Warning: 
  Incorrect type for argument 4. The argument will be cast from errno_t to unsigned int.
[variadic:typing] unittests/test_strremovews_s.c:85: Warning: 
  Incorrect type for argument 4. The argument will be cast from errno_t to unsigned int.
[variadic:typing] unittests/test_strremovews_s.c:90: Warning: 
  Incorrect type for argument 4. The argument will be cast from errno_t to unsigned int.
[variadic:typing] unittests/test_strremovews_s.c:102: Warning: 
  Incorrect type for argument 4. The argument will be cast from errno_t to unsigned int.
[variadic:typing] unittests/test_strremovews_s.c:115: Warning: 
  Incorrect type for argument 4. The argument will be cast from errno_t to unsigned int.
[variadic:typing] unittests/test_strremovews_s.c:132: Warning: 
  Incorrect type for argument 4. The argument will be cast from errno_t to unsigned int.
[variadic:typing] unittests/test_strremovews_s.c:149: Warning: 
  Incorrect type for argument 4. The argument will be cast from errno_t to unsigned int.
[variadic:typing] unittests/test_strremovews_s.c:166: Warning: 
  Incorrect type for argument 4. The argument will be cast from errno_t to unsigned int.
[variadic:typing] unittests/test_strremovews_s.c:184: Warning: 
  Incorrect type for argument 4. The argument will be cast from errno_t to unsigned int.
[variadic:typing] unittests/test_strremovews_s.c:202: Warning: 
  Incorrect type for argument 4. The argument will be cast from errno_t to unsigned int.
[variadic:typing] unittests/test_strremovews_s.c:220: Warning: 
  Incorrect type for argument 4. The argument will be cast from errno_t to unsigned int.
[variadic:typing] unittests/test_strstr_s.c:302: Warning: 
  Incorrect type for argument 4. The argument will be cast from errno_t to unsigned int.
[variadic:typing] unittests/test_strstr_s.c:307: Warning: 
  Incorrect type for argument 4. The argument will be cast from errno_t to unsigned int.
[variadic:typing] unittests/test_strstr_s.c:314: Warning: 
  Incorrect type for argument 4. The argument will be cast from errno_t to unsigned int.
[variadic:typing] unittests/test_strtok_s.c:30: Warning: 
  Incorrect type for argument 4. The argument will be cast from errno_t to unsigned int.
[variadic:typing] unittests/test_strtok_s.c:40: Warning: 
  Incorrect type for argument 4. The argument will be cast from errno_t to unsigned int.
[variadic:typing] unittests/test_strtok_s.c:50: Warning: 
  Incorrect type for argument 4. The argument will be cast from errno_t to unsigned int.
[variadic:typing] unittests/test_strtok_s.c:60: Warning: 
  Incorrect type for argument 4. The argument will be cast from errno_t to unsigned int.
[variadic:typing] unittests/test_strtok_s.c:69: Warning: 
  Incorrect type for argument 4. The argument will be cast from errno_t to unsigned int.
[variadic:typing] unittests/test_strtolowercase_s.c:25: Warning: 
  Incorrect type for argument 4. The argument will be cast from errno_t to unsigned int.
[variadic:typing] unittests/test_strtolowercase_s.c:34: Warning: 
  Incorrect type for argument 4. The argument will be cast from errno_t to unsigned int.
[variadic:typing] unittests/test_strtolowercase_s.c:43: Warning: 
  Incorrect type for argument 4. The argument will be cast from errno_t to unsigned int.
[variadic:typing] unittests/test_strtolowercase_s.c:54: Warning: 
  Incorrect type for argument 4. The argument will be cast from errno_t to unsigned int.
[variadic:typing] unittests/test_strtolowercase_s.c:70: Warning: 
  Incorrect type for argument 4. The argument will be cast from errno_t to unsigned int.
[variadic:typing] unittests/test_strtolowercase_s.c:85: Warning: 
  Incorrect type for argument 4. The argument will be cast from errno_t to unsigned int.
[variadic:typing] unittests/test_strtolowercase_s.c:101: Warning: 
  Incorrect type for argument 4. The argument will be cast from errno_t to unsigned int.
[variadic:typing] unittests/test_strtolowercase_s.c:117: Warning: 
  Incorrect type for argument 4. The argument will be cast from errno_t to unsigned int.
[variadic:typing] unittests/test_strtolowercase_s.c:133: Warning: 
  Incorrect type for argument 4. The argument will be cast from errno_t to unsigned int.
[variadic:typing] unittests/test_strtouppercase_s.c:26: Warning: 
  Incorrect type for argument 4. The argument will be cast from errno_t to unsigned int.
[variadic:typing] unittests/test_strtouppercase_s.c:36: Warning: 
  Incorrect type for argument 4. The argument will be cast from errno_t to unsigned int.
[variadic:typing] unittests/test_strtouppercase_s.c:47: Warning: 
  Incorrect type for argument 4. The argument will be cast from errno_t to unsigned int.
[variadic:typing] unittests/test_strtouppercase_s.c:59: Warning: 
  Incorrect type for argument 4. The argument will be cast from errno_t to unsigned int.
[variadic:typing] unittests/test_strtouppercase_s.c:71: Warning: 
  Incorrect type for argument 4. The argument will be cast from errno_t to unsigned int.
[variadic:typing] unittests/test_strtouppercase_s.c:89: Warning: 
  Incorrect type for argument 4. The argument will be cast from errno_t to unsigned int.
[variadic:typing] unittests/test_strtouppercase_s.c:107: Warning: 
  Incorrect type for argument 4. The argument will be cast from errno_t to unsigned int.
[variadic:typing] unittests/test_strtouppercase_s.c:125: Warning: 
  Incorrect type for argument 4. The argument will be cast from errno_t to unsigned int.
[variadic:typing] unittests/test_strtouppercase_s.c:143: Warning: 
  Incorrect type for argument 4. The argument will be cast from errno_t to unsigned int.
[variadic:typing] unittests/test_strzero_s.c:26: Warning: 
  Incorrect type for argument 4. The argument will be cast from errno_t to unsigned int.
[variadic:typing] unittests/test_strzero_s.c:34: Warning: 
  Incorrect type for argument 4. The argument will be cast from errno_t to unsigned int.
[variadic:typing] unittests/test_strzero_s.c:42: Warning: 
  Incorrect type for argument 4. The argument will be cast from errno_t to unsigned int.
[variadic:typing] unittests/test_strzero_s.c:51: Warning: 
  Incorrect type for argument 4. The argument will be cast from errno_t to unsigned int.
[variadic:typing] unittests/test_strzero_s.c:57: Warning: 
  Incorrect type for argument 4. The argument will be cast from errno_t to unsigned int.
[variadic:typing] unittests/test_strzero_s.c:67: Warning: 
  Incorrect type for argument 4. The argument will be cast from errno_t to unsigned int.
[variadic:typing] unittests/test_strzero_s.c:73: Warning: 
  Incorrect type for argument 4. The argument will be cast from errno_t to unsigned int.
[variadic:typing] unittests/test_strzero_s.c:83: Warning: 
  Incorrect type for argument 4. The argument will be cast from errno_t to unsigned int.
[variadic:typing] unittests/test_strzero_s.c:89: Warning: 
  Incorrect type for argument 4. The argument will be cast from errno_t to unsigned int.
[variadic:typing] unittests/test_strzero_s.c:99: Warning: 
  Incorrect type for argument 4. The argument will be cast from errno_t to unsigned int.
[variadic:typing] unittests/test_strzero_s.c:105: Warning: 
  Incorrect type for argument 4. The argument will be cast from errno_t to unsigned int.
[variadic:typing] unittests/test_strzero_s.c:117: Warning: 
  Incorrect type for argument 4. The argument will be cast from errno_t to unsigned int.
[variadic:typing] unittests/test_wcpcpy_s.c:100: Warning: 
  Incorrect type for argument 2. The argument will be cast from unsigned int to int.
[variadic:typing] unittests/test_wcpcpy_s.c:104: Warning: 
  Incorrect type for argument 4. The argument will be cast from errno_t to unsigned int.
[variadic:typing] unittests/test_wcpcpy_s.c:109: Warning: 
  Incorrect type for argument 4. The argument will be cast from errno_t to unsigned int.
[variadic:typing] unittests/test_wcpcpy_s.c:115: Warning: 
  Incorrect type for argument 2. The argument will be cast from unsigned int to int.
[variadic:typing] unittests/test_wcpcpy_s.c:119: Warning: 
  Incorrect type for argument 4. The argument will be cast from errno_t to unsigned int.
[variadic:typing] unittests/test_wcpcpy_s.c:123: Warning: 
  Incorrect type for argument 4. The argument will be cast from errno_t to unsigned int.
[variadic:typing] unittests/test_wcpcpy_s.c:130: Warning: 
  Incorrect type for argument 2. The argument will be cast from unsigned int to int.
[variadic:typing] unittests/test_wcpcpy_s.c:134: Warning: 
  Incorrect type for argument 4. The argument will be cast from errno_t to unsigned int.
[variadic:typing] unittests/test_wcpcpy_s.c:138: Warning: 
  Incorrect type for argument 4. The argument will be cast from errno_t to unsigned int.
[variadic:typing] unittests/test_wcpcpy_s.c:144: Warning: 
  Incorrect type for argument 2. The argument will be cast from unsigned int to int.
[variadic:typing] unittests/test_wcpcpy_s.c:150: Warning: 
  Incorrect type for argument 4. The argument will be cast from errno_t to unsigned int.
[variadic:typing] unittests/test_wcpcpy_s.c:155: Warning: 
  Incorrect type for argument 4. The argument will be cast from errno_t to unsigned int.
[variadic:typing] unittests/test_wcpcpy_s.c:168: Warning: 
  Incorrect type for argument 4. The argument will be cast from errno_t to unsigned int.
[variadic:typing] unittests/test_wcpcpy_s.c:176: Warning: 
  Incorrect type for argument 2. The argument will be cast from unsigned int to int.
[variadic:typing] unittests/test_wcpcpy_s.c:182: Warning: 
  Incorrect type for argument 4. The argument will be cast from errno_t to unsigned int.
[variadic:typing] unittests/test_wcpcpy_s.c:187: Warning: 
  Incorrect type for argument 4. The argument will be cast from errno_t to unsigned int.
[variadic:typing] unittests/test_wcpcpy_s.c:194: Warning: 
  Incorrect type for argument 2. The argument will be cast from unsigned int to int.
[variadic:typing] unittests/test_wcpcpy_s.c:200: Warning: 
  Incorrect type for argument 4. The argument will be cast from errno_t to unsigned int.
[variadic:typing] unittests/test_wcpcpy_s.c:205: Warning: 
  Incorrect type for argument 4. The argument will be cast from errno_t to unsigned int.
[variadic:typing] unittests/test_wcpcpy_s.c:214: Warning: 
  Incorrect type for argument 2. The argument will be cast from unsigned int to int.
[variadic:typing] unittests/test_wcpcpy_s.c:221: Warning: 
  Incorrect type for argument 4. The argument will be cast from errno_t to unsigned int.
[variadic:typing] unittests/test_wcpcpy_s.c:225: Warning: 
  Incorrect type for argument 4. The argument will be cast from errno_t to unsigned int.
[variadic:typing] unittests/test_wcpcpy_s.c:238: Warning: 
  Incorrect type for argument 4. The argument will be cast from errno_t to unsigned int.
[variadic:typing] unittests/test_wcpcpy_s.c:248: Warning: 
  Incorrect type for argument 2. The argument will be cast from unsigned int to int.
[variadic:typing] unittests/test_wcpcpy_s.c:255: Warning: 
  Incorrect type for argument 4. The argument will be cast from errno_t to unsigned int.
[variadic:typing] unittests/test_wcpcpy_s.c:259: Warning: 
  Incorrect type for argument 4. The argument will be cast from errno_t to unsigned int.
[variadic:typing] unittests/test_wcpcpy_s.c:272: Warning: 
  Incorrect type for argument 4. The argument will be cast from errno_t to unsigned int.
[variadic:typing] unittests/test_wcpcpy_s.c:287: Warning: 
  Incorrect type for argument 2. The argument will be cast from unsigned int to int.
[variadic:typing] unittests/test_wcpcpy_s.c:294: Warning: 
  Incorrect type for argument 4. The argument will be cast from errno_t to unsigned int.
[variadic:typing] unittests/test_wcpcpy_s.c:298: Warning: 
  Incorrect type for argument 4. The argument will be cast from errno_t to unsigned int.
[variadic:typing] unittests/test_wcpcpy_s.c:311: Warning: 
  Incorrect type for argument 4. The argument will be cast from errno_t to unsigned int.
[variadic:typing] unittests/test_wcpcpy_s.c:319: Warning: 
  Incorrect type for argument 2. The argument will be cast from unsigned int to int.
[variadic:typing] unittests/test_wcpcpy_s.c:327: Warning: 
  Incorrect type for argument 4. The argument will be cast from errno_t to unsigned int.
[variadic:typing] unittests/test_wcpcpy_s.c:331: Warning: 
  Incorrect type for argument 4. The argument will be cast from errno_t to unsigned int.
[variadic:typing] unittests/test_wcpcpy_s.c:344: Warning: 
  Incorrect type for argument 2. The argument will be cast from unsigned int to int.
[variadic:typing] unittests/test_wcpcpy_s.c:353: Warning: 
  Incorrect type for argument 4. The argument will be cast from errno_t to unsigned int.
[variadic:typing] unittests/test_wcpcpy_s.c:359: Warning: 
  Incorrect type for argument 7. The argument will be cast from errno_t to unsigned int.
[variadic:typing] unittests/test_wcpcpy_s.c:364: Warning: 
  Incorrect type for argument 4. The argument will be cast from errno_t to unsigned int.
[variadic:typing] unittests/test_wcpcpy_s.c:370: Warning: 
  Incorrect type for argument 2. The argument will be cast from unsigned int to int.
[variadic:typing] unittests/test_wcpcpy_s.c:377: Warning: 
  Incorrect type for argument 4. The argument will be cast from errno_t to unsigned int.
[variadic:typing] unittests/test_wcpcpy_s.c:382: Warning: 
  Incorrect type for argument 4. The argument will be cast from errno_t to unsigned int.
[variadic:typing] unittests/test_wcpcpy_s.c:388: Warning: 
  Incorrect type for argument 5. The argument will be cast from errno_t to unsigned int.
[variadic:typing] unittests/test_wcpcpy_s.c:393: Warning: 
  Incorrect type for argument 7. The argument will be cast from errno_t to unsigned int.
[variadic:typing] unittests/test_wcpcpy_s.c:400: Warning: 
  Incorrect type for argument 2. The argument will be cast from unsigned int to int.
[variadic:typing] unittests/test_wcpcpy_s.c:408: Warning: 
  Incorrect type for argument 4. The argument will be cast from errno_t to unsigned int.
[variadic:typing] unittests/test_wcpcpy_s.c:412: Warning: 
  Incorrect type for argument 4. The argument will be cast from errno_t to unsigned int.
[variadic:typing] unittests/test_wcpcpy_s.c:417: Warning: 
  Incorrect type for argument 5. The argument will be cast from errno_t to unsigned int.
[variadic:typing] unittests/test_wcpcpy_s.c:423: Warning: 
  Incorrect type for argument 2. The argument will be cast from unsigned int to int.
[variadic:typing] unittests/test_wcpcpy_s.c:431: Warning: 
  Incorrect type for argument 4. The argument will be cast from errno_t to unsigned int.
[variadic:typing] unittests/test_wcpcpy_s.c:435: Warning: 
  Incorrect type for argument 4. The argument will be cast from errno_t to unsigned int.
[variadic:typing] unittests/test_wcpcpy_s.c:440: Warning: 
  Incorrect type for argument 5. The argument will be cast from errno_t to unsigned int.
[variadic:typing] unittests/test_wcpcpy_s.c:446: Warning: 
  Incorrect type for argument 2. The argument will be cast from unsigned int to int.
[variadic:typing] unittests/test_wcpcpy_s.c:453: Warning: 
  Incorrect type for argument 4. The argument will be cast from errno_t to unsigned int.
[variadic:typing] unittests/test_wcpcpy_s.c:459: Warning: 
  Incorrect type for argument 5. The argument will be cast from errno_t to unsigned int.
[variadic:typing] unittests/test_wcpcpy_s.c:463: Warning: 
  Incorrect type for argument 4. The argument will be cast from errno_t to unsigned int.
[variadic:typing] unittests/test_wcpcpy_s.c:469: Warning: 
  Incorrect type for argument 2. The argument will be cast from unsigned int to int.
[variadic:typing] unittests/test_wcpcpy_s.c:476: Warning: 
  Incorrect type for argument 4. The argument will be cast from errno_t to unsigned int.
[variadic:typing] unittests/test_wcpcpy_s.c:480: Warning: 
  Incorrect type for argument 4. The argument will be cast from errno_t to unsigned int.
[variadic:typing] unittests/test_wcpcpy_s.c:486: Warning: 
  Incorrect type for argument 5. The argument will be cast from errno_t to unsigned int.
[variadic:typing] unittests/test_wcpcpy_s.c:493: Warning: 
  Incorrect type for argument 2. The argument will be cast from unsigned int to int.
[variadic:typing] unittests/test_wcpcpy_s.c:501: Warning: 
  Incorrect type for argument 4. The argument will be cast from errno_t to unsigned int.
[variadic:typing] unittests/test_wcpcpy_s.c:506: Warning: 
  Incorrect type for argument 4. The argument will be cast from errno_t to unsigned int.
[variadic:typing] unittests/test_wcpcpy_s.c:511: Warning: 
  Incorrect type for argument 5. The argument will be cast from errno_t to unsigned int.
[variadic:typing] unittests/test_wcscat_s.c:57: Warning: 
  Incorrect type for argument 2. The argument will be cast from unsigned int to int.
[variadic:typing] unittests/test_wcscat_s.c:61: Warning: 
  Incorrect type for argument 4. The argument will be cast from errno_t to unsigned int.
[variadic:typing] unittests/test_wcscat_s.c:67: Warning: 
  Incorrect type for argument 2. The argument will be cast from unsigned int to int.
[variadic:typing] unittests/test_wcscat_s.c:71: Warning: 
  Incorrect type for argument 4. The argument will be cast from errno_t to unsigned int.
[variadic:typing] unittests/test_wcscat_s.c:77: Warning: 
  Incorrect type for argument 2. The argument will be cast from unsigned int to int.
[variadic:typing] unittests/test_wcscat_s.c:81: Warning: 
  Incorrect type for argument 4. The argument will be cast from errno_t to unsigned int.
[variadic:typing] unittests/test_wcscat_s.c:87: Warning: 
  Incorrect type for argument 2. The argument will be cast from unsigned int to int.
[variadic:typing] unittests/test_wcscat_s.c:91: Warning: 
  Incorrect type for argument 4. The argument will be cast from errno_t to unsigned int.
[variadic:typing] unittests/test_wcscat_s.c:98: Warning: 
  Incorrect type for argument 2. The argument will be cast from unsigned int to int.
[variadic:typing] unittests/test_wcscat_s.c:104: Warning: 
  Incorrect type for argument 4. The argument will be cast from errno_t to unsigned int.
[variadic:typing] unittests/test_wcscat_s.c:115: Warning: 
  Incorrect type for argument 2. The argument will be cast from unsigned int to int.
[variadic:typing] unittests/test_wcscat_s.c:122: Warning: 
  Incorrect type for argument 4. The argument will be cast from errno_t to unsigned int.
[variadic:typing] unittests/test_wcscat_s.c:133: Warning: 
  Incorrect type for argument 2. The argument will be cast from unsigned int to int.
[variadic:typing] unittests/test_wcscat_s.c:140: Warning: 
  Incorrect type for argument 4. The argument will be cast from errno_t to unsigned int.
[variadic:typing] unittests/test_wcscat_s.c:151: Warning: 
  Incorrect type for argument 2. The argument will be cast from unsigned int to int.
[variadic:typing] unittests/test_wcscat_s.c:158: Warning: 
  Incorrect type for argument 4. The argument will be cast from errno_t to unsigned int.
[variadic:typing] unittests/test_wcscat_s.c:169: Warning: 
  Incorrect type for argument 2. The argument will be cast from unsigned int to int.
[variadic:typing] unittests/test_wcscat_s.c:179: Warning: 
  Incorrect type for argument 4. The argument will be cast from errno_t to unsigned int.
[variadic:typing] unittests/test_wcscat_s.c:185: Warning: 
  Incorrect type for argument 4. The argument will be cast from int32_t to unsigned int.
[variadic:typing] unittests/test_wcscat_s.c:185: Warning: 
  Incorrect type for argument 5. The argument will be cast from int32_t to unsigned int.
[variadic:typing] unittests/test_wcscat_s.c:185: Warning: 
  Incorrect type for argument 6. The argument will be cast from int32_t to unsigned int.
[variadic:typing] unittests/test_wcscat_s.c:192: Warning: 
  Incorrect type for argument 2. The argument will be cast from unsigned int to int.
[variadic:typing] unittests/test_wcscat_s.c:199: Warning: 
  Incorrect type for argument 4. The argument will be cast from errno_t to unsigned int.
[variadic:typing] unittests/test_wcscat_s.c:210: Warning: 
  Incorrect type for argument 2. The argument will be cast from unsigned int to int.
[variadic:typing] unittests/test_wcscat_s.c:217: Warning: 
  Incorrect type for argument 4. The argument will be cast from errno_t to unsigned int.
[variadic:typing] unittests/test_wcscat_s.c:228: Warning: 
  Incorrect type for argument 2. The argument will be cast from unsigned int to int.
[variadic:typing] unittests/test_wcscat_s.c:235: Warning: 
  Incorrect type for argument 4. The argument will be cast from errno_t to unsigned int.
[variadic:typing] unittests/test_wcscat_s.c:248: Warning: 
  Incorrect type for argument 2. The argument will be cast from unsigned int to int.
[variadic:typing] unittests/test_wcscat_s.c:255: Warning: 
  Incorrect type for argument 4. The argument will be cast from errno_t to unsigned int.
[variadic:typing] unittests/test_wcscat_s.c:266: Warning: 
  Incorrect type for argument 2. The argument will be cast from unsigned int to int.
[variadic:typing] unittests/test_wcscat_s.c:273: Warning: 
  Incorrect type for argument 4. The argument will be cast from errno_t to unsigned int.
[variadic:typing] unittests/test_wcscat_s.c:285: Warning: 
  Incorrect type for argument 2. The argument will be cast from unsigned int to int.
[variadic:typing] unittests/test_wcscat_s.c:292: Warning: 
  Incorrect type for argument 4. The argument will be cast from errno_t to unsigned int.
[variadic:typing] unittests/test_wcscat_s.c:304: Warning: 
  Incorrect type for argument 2. The argument will be cast from unsigned int to int.
[variadic:typing] unittests/test_wcscat_s.c:311: Warning: 
  Incorrect type for argument 4. The argument will be cast from errno_t to unsigned int.
[variadic:typing] unittests/test_wcscat_s.c:317: Warning: 
  Incorrect type for argument 2. The argument will be cast from unsigned int to int.
[variadic:typing] unittests/test_wcscat_s.c:324: Warning: 
  Incorrect type for argument 4. The argument will be cast from errno_t to unsigned int.
[variadic:typing] unittests/test_wcscat_s.c:337: Warning: 
  Incorrect type for argument 2. The argument will be cast from unsigned int to int.
[variadic:typing] unittests/test_wcscat_s.c:344: Warning: 
  Incorrect type for argument 4. The argument will be cast from errno_t to unsigned int.
[variadic:typing] unittests/test_wcscat_s.c:355: Warning: 
  Incorrect type for argument 2. The argument will be cast from unsigned int to int.
[variadic:typing] unittests/test_wcscat_s.c:362: Warning: 
  Incorrect type for argument 4. The argument will be cast from errno_t to unsigned int.
[variadic:typing] unittests/test_wcscat_s.c:374: Warning: 
  Incorrect type for argument 2. The argument will be cast from unsigned int to int.
[variadic:typing] unittests/test_wcscat_s.c:381: Warning: 
  Incorrect type for argument 4. The argument will be cast from errno_t to unsigned int.
[variadic:typing] unittests/test_wcscat_s.c:394: Warning: 
  Incorrect type for argument 2. The argument will be cast from unsigned int to int.
[variadic:typing] unittests/test_wcscat_s.c:401: Warning: 
  Incorrect type for argument 4. The argument will be cast from errno_t to unsigned int.
[variadic:typing] unittests/test_wcscpy_s.c:99: Warning: 
  Incorrect type for argument 2. The argument will be cast from unsigned int to int.
[variadic:typing] unittests/test_wcscpy_s.c:103: Warning: 
  Incorrect type for argument 4. The argument will be cast from errno_t to unsigned int.
[variadic:typing] unittests/test_wcscpy_s.c:109: Warning: 
  Incorrect type for argument 2. The argument will be cast from unsigned int to int.
[variadic:typing] unittests/test_wcscpy_s.c:113: Warning: 
  Incorrect type for argument 4. The argument will be cast from errno_t to unsigned int.
[variadic:typing] unittests/test_wcscpy_s.c:119: Warning: 
  Incorrect type for argument 2. The argument will be cast from unsigned int to int.
[variadic:typing] unittests/test_wcscpy_s.c:123: Warning: 
  Incorrect type for argument 4. The argument will be cast from errno_t to unsigned int.
[variadic:typing] unittests/test_wcscpy_s.c:129: Warning: 
  Incorrect type for argument 2. The argument will be cast from unsigned int to int.
[variadic:typing] unittests/test_wcscpy_s.c:135: Warning: 
  Incorrect type for argument 4. The argument will be cast from errno_t to unsigned int.
[variadic:typing] unittests/test_wcscpy_s.c:148: Warning: 
  Incorrect type for argument 4. The argument will be cast from errno_t to unsigned int.
[variadic:typing] unittests/test_wcscpy_s.c:156: Warning: 
  Incorrect type for argument 2. The argument will be cast from unsigned int to int.
[variadic:typing] unittests/test_wcscpy_s.c:162: Warning: 
  Incorrect type for argument 4. The argument will be cast from errno_t to unsigned int.
[variadic:typing] unittests/test_wcscpy_s.c:168: Warning: 
  Incorrect type for argument 2. The argument will be cast from unsigned int to int.
[variadic:typing] unittests/test_wcscpy_s.c:174: Warning: 
  Incorrect type for argument 4. The argument will be cast from errno_t to unsigned int.
[variadic:typing] unittests/test_wcscpy_s.c:183: Warning: 
  Incorrect type for argument 2. The argument will be cast from unsigned int to int.
[variadic:typing] unittests/test_wcscpy_s.c:189: Warning: 
  Incorrect type for argument 4. The argument will be cast from errno_t to unsigned int.
[variadic:typing] unittests/test_wcscpy_s.c:202: Warning: 
  Incorrect type for argument 4. The argument will be cast from errno_t to unsigned int.
[variadic:typing] unittests/test_wcscpy_s.c:212: Warning: 
  Incorrect type for argument 2. The argument will be cast from unsigned int to int.
[variadic:typing] unittests/test_wcscpy_s.c:219: Warning: 
  Incorrect type for argument 4. The argument will be cast from errno_t to unsigned int.
[variadic:typing] unittests/test_wcscpy_s.c:232: Warning: 
  Incorrect type for argument 4. The argument will be cast from errno_t to unsigned int.
[variadic:typing] unittests/test_wcscpy_s.c:242: Warning: 
  Incorrect type for argument 2. The argument will be cast from unsigned int to int.
[variadic:typing] unittests/test_wcscpy_s.c:249: Warning: 
  Incorrect type for argument 4. The argument will be cast from errno_t to unsigned int.
[variadic:typing] unittests/test_wcscpy_s.c:262: Warning: 
  Incorrect type for argument 4. The argument will be cast from errno_t to unsigned int.
[variadic:typing] unittests/test_wcscpy_s.c:270: Warning: 
  Incorrect type for argument 2. The argument will be cast from unsigned int to int.
[variadic:typing] unittests/test_wcscpy_s.c:278: Warning: 
  Incorrect type for argument 4. The argument will be cast from errno_t to unsigned int.
[variadic:typing] unittests/test_wcscpy_s.c:291: Warning: 
  Incorrect type for argument 2. The argument will be cast from unsigned int to int.
[variadic:typing] unittests/test_wcscpy_s.c:299: Warning: 
  Incorrect type for argument 4. The argument will be cast from errno_t to unsigned int.
[variadic:typing] unittests/test_wcscpy_s.c:305: Warning: 
  Incorrect type for argument 7. The argument will be cast from errno_t to unsigned int.
[variadic:typing] unittests/test_wcscpy_s.c:311: Warning: 
  Incorrect type for argument 2. The argument will be cast from unsigned int to int.
[variadic:typing] unittests/test_wcscpy_s.c:319: Warning: 
  Incorrect type for argument 4. The argument will be cast from errno_t to unsigned int.
[variadic:typing] unittests/test_wcscpy_s.c:325: Warning: 
  Incorrect type for argument 5. The argument will be cast from errno_t to unsigned int.
[variadic:typing] unittests/test_wcscpy_s.c:330: Warning: 
  Incorrect type for argument 7. The argument will be cast from errno_t to unsigned int.
[variadic:typing] unittests/test_wcscpy_s.c:337: Warning: 
  Incorrect type for argument 2. The argument will be cast from unsigned int to int.
[variadic:typing] unittests/test_wcscpy_s.c:345: Warning: 
  Incorrect type for argument 4. The argument will be cast from errno_t to unsigned int.
[variadic:typing] unittests/test_wcscpy_s.c:350: Warning: 
  Incorrect type for argument 5. The argument will be cast from errno_t to unsigned int.
[variadic:typing] unittests/test_wcscpy_s.c:356: Warning: 
  Incorrect type for argument 2. The argument will be cast from unsigned int to int.
[variadic:typing] unittests/test_wcscpy_s.c:363: Warning: 
  Incorrect type for argument 4. The argument will be cast from errno_t to unsigned int.
[variadic:typing] unittests/test_wcscpy_s.c:368: Warning: 
  Incorrect type for argument 5. The argument will be cast from errno_t to unsigned int.
[variadic:typing] unittests/test_wcscpy_s.c:374: Warning: 
  Incorrect type for argument 2. The argument will be cast from unsigned int to int.
[variadic:typing] unittests/test_wcscpy_s.c:382: Warning: 
  Incorrect type for argument 4. The argument will be cast from errno_t to unsigned int.
[variadic:typing] unittests/test_wcscpy_s.c:388: Warning: 
  Incorrect type for argument 5. The argument will be cast from errno_t to unsigned int.
[variadic:typing] unittests/test_wcscpy_s.c:394: Warning: 
  Incorrect type for argument 2. The argument will be cast from unsigned int to int.
[variadic:typing] unittests/test_wcscpy_s.c:403: Warning: 
  Incorrect type for argument 4. The argument will be cast from errno_t to unsigned int.
[variadic:typing] unittests/test_wcscpy_s.c:409: Warning: 
  Incorrect type for argument 5. The argument will be cast from errno_t to unsigned int.
[variadic:typing] unittests/test_wcscpy_s.c:416: Warning: 
  Incorrect type for argument 2. The argument will be cast from unsigned int to int.
[variadic:typing] unittests/test_wcscpy_s.c:425: Warning: 
  Incorrect type for argument 4. The argument will be cast from errno_t to unsigned int.
[variadic:typing] unittests/test_wcscpy_s.c:430: Warning: 
  Incorrect type for argument 5. The argument will be cast from errno_t to unsigned int.
[variadic:typing] unittests/test_wcsncat_s.c:100: Warning: 
  Incorrect type for argument 2. The argument will be cast from unsigned int to int.
[variadic:typing] unittests/test_wcsncat_s.c:104: Warning: 
  Incorrect type for argument 4. The argument will be cast from errno_t to unsigned int.
[variadic:typing] unittests/test_wcsncat_s.c:110: Warning: 
  Incorrect type for argument 2. The argument will be cast from unsigned int to int.
[variadic:typing] unittests/test_wcsncat_s.c:114: Warning: 
  Incorrect type for argument 4. The argument will be cast from errno_t to unsigned int.
[variadic:typing] unittests/test_wcsncat_s.c:120: Warning: 
  Incorrect type for argument 2. The argument will be cast from unsigned int to int.
[variadic:typing] unittests/test_wcsncat_s.c:124: Warning: 
  Incorrect type for argument 4. The argument will be cast from errno_t to unsigned int.
[variadic:typing] unittests/test_wcsncat_s.c:129: Warning: 
  Incorrect type for argument 2. The argument will be cast from unsigned int to int.
[variadic:typing] unittests/test_wcsncat_s.c:133: Warning: 
  Incorrect type for argument 4. The argument will be cast from errno_t to unsigned int.
[variadic:typing] unittests/test_wcsncat_s.c:139: Warning: 
  Incorrect type for argument 2. The argument will be cast from unsigned int to int.
[variadic:typing] unittests/test_wcsncat_s.c:143: Warning: 
  Incorrect type for argument 4. The argument will be cast from errno_t to unsigned int.
[variadic:typing] unittests/test_wcsncat_s.c:151: Warning: 
  Incorrect type for argument 2. The argument will be cast from unsigned int to int.
[variadic:typing] unittests/test_wcsncat_s.c:157: Warning: 
  Incorrect type for argument 4. The argument will be cast from errno_t to unsigned int.
[variadic:typing] unittests/test_wcsncat_s.c:168: Warning: 
  Incorrect type for argument 2. The argument will be cast from unsigned int to int.
[variadic:typing] unittests/test_wcsncat_s.c:174: Warning: 
  Incorrect type for argument 4. The argument will be cast from errno_t to unsigned int.
[variadic:typing] unittests/test_wcsncat_s.c:185: Warning: 
  Incorrect type for argument 2. The argument will be cast from unsigned int to int.
[variadic:typing] unittests/test_wcsncat_s.c:192: Warning: 
  Incorrect type for argument 4. The argument will be cast from errno_t to unsigned int.
[variadic:typing] unittests/test_wcsncat_s.c:203: Warning: 
  Incorrect type for argument 2. The argument will be cast from unsigned int to int.
[variadic:typing] unittests/test_wcsncat_s.c:213: Warning: 
  Incorrect type for argument 4. The argument will be cast from errno_t to unsigned int.
[variadic:typing] unittests/test_wcsncat_s.c:219: Warning: 
  Incorrect type for argument 4. The argument will be cast from int32_t to unsigned int.
[variadic:typing] unittests/test_wcsncat_s.c:219: Warning: 
  Incorrect type for argument 5. The argument will be cast from int32_t to unsigned int.
[variadic:typing] unittests/test_wcsncat_s.c:219: Warning: 
  Incorrect type for argument 6. The argument will be cast from int32_t to unsigned int.
[variadic:typing] unittests/test_wcsncat_s.c:231: Warning: 
  Incorrect type for argument 2. The argument will be cast from unsigned int to int.
[variadic:typing] unittests/test_wcsncat_s.c:241: Warning: 
  Incorrect type for argument 4. The argument will be cast from errno_t to unsigned int.
[variadic:typing] unittests/test_wcsncat_s.c:247: Warning: 
  Incorrect type for argument 4. The argument will be cast from int32_t to unsigned int.
[variadic:typing] unittests/test_wcsncat_s.c:247: Warning: 
  Incorrect type for argument 5. The argument will be cast from int32_t to unsigned int.
[variadic:typing] unittests/test_wcsncat_s.c:247: Warning: 
  Incorrect type for argument 6. The argument will be cast from int32_t to unsigned int.
[variadic:typing] unittests/test_wcsncat_s.c:260: Warning: 
  Incorrect type for argument 2. The argument will be cast from unsigned int to int.
[variadic:typing] unittests/test_wcsncat_s.c:267: Warning: 
  Incorrect type for argument 4. The argument will be cast from errno_t to unsigned int.
[variadic:typing] unittests/test_wcsncat_s.c:278: Warning: 
  Incorrect type for argument 2. The argument will be cast from unsigned int to int.
[variadic:typing] unittests/test_wcsncat_s.c:285: Warning: 
  Incorrect type for argument 4. The argument will be cast from errno_t to unsigned int.
[variadic:typing] unittests/test_wcsncat_s.c:296: Warning: 
  Incorrect type for argument 2. The argument will be cast from unsigned int to int.
[variadic:typing] unittests/test_wcsncat_s.c:303: Warning: 
  Incorrect type for argument 4. The argument will be cast from errno_t to unsigned int.
[variadic:typing] unittests/test_wcsncat_s.c:316: Warning: 
  Incorrect type for argument 2. The argument will be cast from unsigned int to int.
[variadic:typing] unittests/test_wcsncat_s.c:323: Warning: 
  Incorrect type for argument 4. The argument will be cast from errno_t to unsigned int.
[variadic:typing] unittests/test_wcsncat_s.c:334: Warning: 
  Incorrect type for argument 2. The argument will be cast from unsigned int to int.
[variadic:typing] unittests/test_wcsncat_s.c:341: Warning: 
  Incorrect type for argument 4. The argument will be cast from errno_t to unsigned int.
[variadic:typing] unittests/test_wcsncat_s.c:353: Warning: 
  Incorrect type for argument 2. The argument will be cast from unsigned int to int.
[variadic:typing] unittests/test_wcsncat_s.c:360: Warning: 
  Incorrect type for argument 4. The argument will be cast from errno_t to unsigned int.
[variadic:typing] unittests/test_wcsncat_s.c:372: Warning: 
  Incorrect type for argument 2. The argument will be cast from unsigned int to int.
[variadic:typing] unittests/test_wcsncat_s.c:379: Warning: 
  Incorrect type for argument 4. The argument will be cast from errno_t to unsigned int.
[variadic:typing] unittests/test_wcsncat_s.c:390: Warning: 
  Incorrect type for argument 2. The argument will be cast from unsigned int to int.
[variadic:typing] unittests/test_wcsncat_s.c:397: Warning: 
  Incorrect type for argument 4. The argument will be cast from errno_t to unsigned int.
[variadic:typing] unittests/test_wcsncat_s.c:408: Warning: 
  Incorrect type for argument 2. The argument will be cast from unsigned int to int.
[variadic:typing] unittests/test_wcsncat_s.c:414: Warning: 
  Incorrect type for argument 4. The argument will be cast from errno_t to unsigned int.
[variadic:typing] unittests/test_wcsncat_s.c:425: Warning: 
  Incorrect type for argument 2. The argument will be cast from unsigned int to int.
[variadic:typing] unittests/test_wcsncat_s.c:432: Warning: 
  Incorrect type for argument 4. The argument will be cast from errno_t to unsigned int.
[variadic:typing] unittests/test_wcsncat_s.c:444: Warning: 
  Incorrect type for argument 2. The argument will be cast from unsigned int to int.
[variadic:typing] unittests/test_wcsncat_s.c:451: Warning: 
  Incorrect type for argument 4. The argument will be cast from errno_t to unsigned int.
[variadic:typing] unittests/test_wcsncat_s.c:463: Warning: 
  Incorrect type for argument 2. The argument will be cast from unsigned int to int.
[variadic:typing] unittests/test_wcsncat_s.c:470: Warning: 
  Incorrect type for argument 4. The argument will be cast from errno_t to unsigned int.
[variadic:typing] unittests/test_wcsncpy_s.c:99: Warning: 
  Incorrect type for argument 2. The argument will be cast from unsigned int to int.
[variadic:typing] unittests/test_wcsncpy_s.c:103: Warning: 
  Incorrect type for argument 4. The argument will be cast from errno_t to unsigned int.
[variadic:typing] unittests/test_wcsncpy_s.c:109: Warning: 
  Incorrect type for argument 2. The argument will be cast from unsigned int to int.
[variadic:typing] unittests/test_wcsncpy_s.c:113: Warning: 
  Incorrect type for argument 4. The argument will be cast from errno_t to unsigned int.
[variadic:typing] unittests/test_wcsncpy_s.c:119: Warning: 
  Incorrect type for argument 2. The argument will be cast from unsigned int to int.
[variadic:typing] unittests/test_wcsncpy_s.c:123: Warning: 
  Incorrect type for argument 4. The argument will be cast from errno_t to unsigned int.
[variadic:typing] unittests/test_wcsncpy_s.c:129: Warning: 
  Incorrect type for argument 2. The argument will be cast from unsigned int to int.
[variadic:typing] unittests/test_wcsncpy_s.c:135: Warning: 
  Incorrect type for argument 4. The argument will be cast from errno_t to unsigned int.
[variadic:typing] unittests/test_wcsncpy_s.c:148: Warning: 
  Incorrect type for argument 4. The argument will be cast from errno_t to unsigned int.
[variadic:typing] unittests/test_wcsncpy_s.c:155: Warning: 
  Incorrect type for argument 2. The argument will be cast from unsigned int to int.
[variadic:typing] unittests/test_wcsncpy_s.c:159: Warning: 
  Incorrect type for argument 4. The argument will be cast from errno_t to unsigned int.
[variadic:typing] unittests/test_wcsncpy_s.c:171: Warning: 
  Incorrect type for argument 4. The argument will be cast from errno_t to unsigned int.
[variadic:typing] unittests/test_wcsncpy_s.c:178: Warning: 
  Incorrect type for argument 2. The argument will be cast from unsigned int to int.
[variadic:typing] unittests/test_wcsncpy_s.c:182: Warning: 
  Incorrect type for argument 4. The argument will be cast from errno_t to unsigned int.
[variadic:typing] unittests/test_wcsncpy_s.c:194: Warning: 
  Incorrect type for argument 4. The argument will be cast from errno_t to unsigned int.
[variadic:typing] unittests/test_wcsncpy_s.c:201: Warning: 
  Incorrect type for argument 2. The argument will be cast from unsigned int to int.
[variadic:typing] unittests/test_wcsncpy_s.c:207: Warning: 
  Incorrect type for argument 4. The argument will be cast from errno_t to unsigned int.
[variadic:typing] unittests/test_wcsncpy_s.c:219: Warning: 
  Incorrect type for argument 4. The argument will be cast from errno_t to unsigned int.
[variadic:typing] unittests/test_wcsncpy_s.c:226: Warning: 
  Incorrect type for argument 2. The argument will be cast from unsigned int to int.
[variadic:typing] unittests/test_wcsncpy_s.c:232: Warning: 
  Incorrect type for argument 4. The argument will be cast from errno_t to unsigned int.
[variadic:typing] unittests/test_wcsncpy_s.c:244: Warning: 
  Incorrect type for argument 4. The argument will be cast from errno_t to unsigned int.
[variadic:typing] unittests/test_wcsncpy_s.c:252: Warning: 
  Incorrect type for argument 2. The argument will be cast from unsigned int to int.
[variadic:typing] unittests/test_wcsncpy_s.c:259: Warning: 
  Incorrect type for argument 4. The argument will be cast from errno_t to unsigned int.
[variadic:typing] unittests/test_wcsncpy_s.c:264: Warning: 
  Incorrect type for argument 4. The argument will be cast from errno_t to unsigned int.
[variadic:typing] unittests/test_wcsncpy_s.c:277: Warning: 
  Incorrect type for argument 2. The argument will be cast from unsigned int to int.
[variadic:typing] unittests/test_wcsncpy_s.c:285: Warning: 
  Incorrect type for argument 4. The argument will be cast from errno_t to unsigned int.
[variadic:typing] unittests/test_wcsncpy_s.c:290: Warning: 
  Incorrect type for argument 4. The argument will be cast from errno_t to unsigned int.
[variadic:typing] unittests/test_wcsncpy_s.c:303: Warning: 
  Incorrect type for argument 2. The argument will be cast from unsigned int to int.
[variadic:typing] unittests/test_wcsncpy_s.c:311: Warning: 
  Incorrect type for argument 4. The argument will be cast from errno_t to unsigned int.
[variadic:typing] unittests/test_wcsncpy_s.c:323: Warning: 
  Incorrect type for argument 4. The argument will be cast from errno_t to unsigned int.
[variadic:typing] unittests/test_wcsncpy_s.c:330: Warning: 
  Incorrect type for argument 2. The argument will be cast from unsigned int to int.
[variadic:typing] unittests/test_wcsncpy_s.c:336: Warning: 
  Incorrect type for argument 4. The argument will be cast from errno_t to unsigned int.
[variadic:typing] unittests/test_wcsncpy_s.c:348: Warning: 
  Incorrect type for argument 4. The argument will be cast from errno_t to unsigned int.
[variadic:typing] unittests/test_wcsncpy_s.c:356: Warning: 
  Incorrect type for argument 2. The argument will be cast from unsigned int to int.
[variadic:typing] unittests/test_wcsncpy_s.c:363: Warning: 
  Incorrect type for argument 4. The argument will be cast from errno_t to unsigned int.
[variadic:typing] unittests/test_wcsncpy_s.c:368: Warning: 
  Incorrect type for argument 4. The argument will be cast from errno_t to unsigned int.
[variadic:typing] unittests/test_wcsncpy_s.c:381: Warning: 
  Incorrect type for argument 2. The argument will be cast from unsigned int to int.
[variadic:typing] unittests/test_wcsncpy_s.c:389: Warning: 
  Incorrect type for argument 4. The argument will be cast from errno_t to unsigned int.
[variadic:typing] unittests/test_wcsncpy_s.c:394: Warning: 
  Incorrect type for argument 4. The argument will be cast from errno_t to unsigned int.
[variadic:typing] unittests/test_wcsncpy_s.c:407: Warning: 
  Incorrect type for argument 2. The argument will be cast from unsigned int to int.
[variadic:typing] unittests/test_wcsncpy_s.c:415: Warning: 
  Incorrect type for argument 4. The argument will be cast from errno_t to unsigned int.
[variadic:typing] unittests/test_wcsncpy_s.c:427: Warning: 
  Incorrect type for argument 4. The argument will be cast from errno_t to unsigned int.
[variadic:typing] unittests/test_wcsncpy_s.c:435: Warning: 
  Incorrect type for argument 2. The argument will be cast from unsigned int to int.
[variadic:typing] unittests/test_wcsncpy_s.c:443: Warning: 
  Incorrect type for argument 4. The argument will be cast from errno_t to unsigned int.
[variadic:typing] unittests/test_wcsncpy_s.c:449: Warning: 
  Incorrect type for argument 5. The argument will be cast from errno_t to unsigned int.
[variadic:typing] unittests/test_wcsncpy_s.c:454: Warning: 
  Incorrect type for argument 7. The argument will be cast from errno_t to unsigned int.
[variadic:typing] unittests/test_wcsncpy_s.c:462: Warning: 
  Incorrect type for argument 2. The argument will be cast from unsigned int to int.
[variadic:typing] unittests/test_wcsncpy_s.c:470: Warning: 
  Incorrect type for argument 4. The argument will be cast from errno_t to unsigned int.
[variadic:typing] unittests/test_wcsncpy_s.c:476: Warning: 
  Incorrect type for argument 5. The argument will be cast from errno_t to unsigned int.
[variadic:typing] unittests/test_wcsncpy_s.c:484: Warning: 
  Incorrect type for argument 2. The argument will be cast from unsigned int to int.
[variadic:typing] unittests/test_wcsncpy_s.c:493: Warning: 
  Incorrect type for argument 4. The argument will be cast from errno_t to unsigned int.
[variadic:typing] unittests/test_wcsncpy_s.c:498: Warning: 
  Incorrect type for argument 5. The argument will be cast from errno_t to unsigned int.
[variadic:typing] unittests/test_wcsnlen_s.c:73: Warning: 
  Incorrect type for argument 2. The argument will be cast from unsigned int to int.
[variadic:typing] unittests/test_wcsnlen_s.c:77: Warning: 
  Incorrect type for argument 4. The argument will be cast from errno_t to unsigned int.
[variadic:typing] unittests/test_wcsnlen_s.c:83: Warning: 
  Incorrect type for argument 2. The argument will be cast from unsigned int to int.
[variadic:typing] unittests/test_wcsnlen_s.c:87: Warning: 
  Incorrect type for argument 4. The argument will be cast from errno_t to unsigned int.
[variadic:typing] unittests/test_wcsnlen_s.c:93: Warning: 
  Incorrect type for argument 2. The argument will be cast from unsigned int to int.
[variadic:typing] unittests/test_wcsnlen_s.c:99: Warning: 
  Incorrect type for argument 4. The argument will be cast from errno_t to unsigned int.
[variadic:typing] unittests/test_wcsnlen_s.c:105: Warning: 
  Incorrect type for argument 2. The argument will be cast from unsigned int to int.
[variadic:typing] unittests/test_wcsnlen_s.c:111: Warning: 
  Incorrect type for argument 4. The argument will be cast from errno_t to unsigned int.
[variadic:typing] unittests/test_wcsnlen_s.c:117: Warning: 
  Incorrect type for argument 2. The argument will be cast from unsigned int to int.
[variadic:typing] unittests/test_wcsnlen_s.c:123: Warning: 
  Incorrect type for argument 4. The argument will be cast from errno_t to unsigned int.
[variadic:typing] unittests/test_wcsnlen_s.c:130: Warning: 
  Incorrect type for argument 2. The argument will be cast from unsigned int to int.
[variadic:typing] unittests/test_wcsnlen_s.c:137: Warning: 
  Incorrect type for argument 4. The argument will be cast from errno_t to unsigned int.
[variadic:typing] unittests/test_wcsnlen_s.c:143: Warning: 
  Incorrect type for argument 2. The argument will be cast from unsigned int to int.
[variadic:typing] unittests/test_wcsnlen_s.c:149: Warning: 
  Incorrect type for argument 4. The argument will be cast from errno_t to unsigned int.
[variadic:typing] unittests/test_wmemcmp_s.c:89: Warning: 
  Incorrect type for argument 2. The argument will be cast from unsigned int to int.
[variadic:typing] unittests/test_wmemcmp_s.c:92: Warning: 
  Incorrect type for argument 5. The argument will be cast from errno_t to unsigned int.
[variadic:typing] unittests/test_wmemcmp_s.c:99: Warning: 
  Incorrect type for argument 2. The argument will be cast from unsigned int to int.
[variadic:typing] unittests/test_wmemcmp_s.c:102: Warning: 
  Incorrect type for argument 5. The argument will be cast from errno_t to unsigned int.
[variadic:typing] unittests/test_wmemcmp_s.c:109: Warning: 
  Incorrect type for argument 2. The argument will be cast from unsigned int to int.
[variadic:typing] unittests/test_wmemcmp_s.c:112: Warning: 
  Incorrect type for argument 5. The argument will be cast from errno_t to unsigned int.
[variadic:typing] unittests/test_wmemcmp_s.c:119: Warning: 
  Incorrect type for argument 2. The argument will be cast from unsigned int to int.
[variadic:typing] unittests/test_wmemcmp_s.c:122: Warning: 
  Incorrect type for argument 5. The argument will be cast from errno_t to unsigned int.
[variadic:typing] unittests/test_wmemcmp_s.c:129: Warning: 
  Incorrect type for argument 2. The argument will be cast from unsigned int to int.
[variadic:typing] unittests/test_wmemcmp_s.c:132: Warning: 
  Incorrect type for argument 5. The argument will be cast from errno_t to unsigned int.
[variadic:typing] unittests/test_wmemcmp_s.c:139: Warning: 
  Incorrect type for argument 2. The argument will be cast from unsigned int to int.
[variadic:typing] unittests/test_wmemcmp_s.c:142: Warning: 
  Incorrect type for argument 5. The argument will be cast from errno_t to unsigned int.
[variadic:typing] unittests/test_wmemcmp_s.c:149: Warning: 
  Incorrect type for argument 2. The argument will be cast from unsigned int to int.
[variadic:typing] unittests/test_wmemcmp_s.c:152: Warning: 
  Incorrect type for argument 5. The argument will be cast from errno_t to unsigned int.
[variadic:typing] unittests/test_wmemcmp_s.c:159: Warning: 
  Incorrect type for argument 2. The argument will be cast from unsigned int to int.
[variadic:typing] unittests/test_wmemcmp_s.c:166: Warning: 
  Incorrect type for argument 5. The argument will be cast from errno_t to unsigned int.
[variadic:typing] unittests/test_wmemcmp_s.c:171: Warning: 
  Incorrect type for argument 5. The argument will be cast from errno_t to unsigned int.
[variadic:typing] unittests/test_wmemcmp_s.c:177: Warning: 
  Incorrect type for argument 5. The argument will be cast from errno_t to unsigned int.
[variadic:typing] unittests/test_wmemcmp_s.c:184: Warning: 
  Incorrect type for argument 2. The argument will be cast from unsigned int to int.
[variadic:typing] unittests/test_wmemcmp_s.c:191: Warning: 
  Incorrect type for argument 5. The argument will be cast from errno_t to unsigned int.
[variadic:typing] unittests/test_wmemcmp_s.c:196: Warning: 
  Incorrect type for argument 5. The argument will be cast from errno_t to unsigned int.
[variadic:typing] unittests/test_wmemcmp_s.c:202: Warning: 
  Incorrect type for argument 5. The argument will be cast from errno_t to unsigned int.
[variadic:typing] unittests/test_wmemcmp_s.c:209: Warning: 
  Incorrect type for argument 2. The argument will be cast from unsigned int to int.
[variadic:typing] unittests/test_wmemcmp_s.c:215: Warning: 
  Incorrect type for argument 5. The argument will be cast from errno_t to unsigned int.
[variadic:typing] unittests/test_wmemcmp_s.c:220: Warning: 
  Incorrect type for argument 5. The argument will be cast from errno_t to unsigned int.
[variadic:typing] unittests/test_wmemcmp_s.c:226: Warning: 
  Incorrect type for argument 5. The argument will be cast from errno_t to unsigned int.
[variadic:typing] unittests/test_wmemcmp_s.c:233: Warning: 
  Incorrect type for argument 2. The argument will be cast from unsigned int to int.
[variadic:typing] unittests/test_wmemcmp_s.c:241: Warning: 
  Incorrect type for argument 5. The argument will be cast from errno_t to unsigned int.
[variadic:typing] unittests/test_wmemcmp_s.c:246: Warning: 
  Incorrect type for argument 5. The argument will be cast from errno_t to unsigned int.
[variadic:typing] unittests/test_wmemcmp_s.c:254: Warning: 
  Incorrect type for argument 2. The argument will be cast from unsigned int to int.
[variadic:typing] unittests/test_wmemcmp_s.c:262: Warning: 
  Incorrect type for argument 5. The argument will be cast from errno_t to unsigned int.
[variadic:typing] unittests/test_wmemcmp_s.c:267: Warning: 
  Incorrect type for argument 5. The argument will be cast from errno_t to unsigned int.
[variadic:typing] unittests/test_wmemcmp_s.c:274: Warning: 
  Incorrect type for argument 2. The argument will be cast from unsigned int to int.
[variadic:typing] unittests/test_wmemcmp_s.c:282: Warning: 
  Incorrect type for argument 5. The argument will be cast from errno_t to unsigned int.
[variadic:typing] unittests/test_wmemcmp_s.c:287: Warning: 
  Incorrect type for argument 5. The argument will be cast from errno_t to unsigned int.
[variadic:typing] unittests/test_wmemcmp_s.c:294: Warning: 
  Incorrect type for argument 2. The argument will be cast from unsigned int to int.
[variadic:typing] unittests/test_wmemcmp_s.c:302: Warning: 
  Incorrect type for argument 5. The argument will be cast from errno_t to unsigned int.
[variadic:typing] unittests/test_wmemcmp_s.c:307: Warning: 
  Incorrect type for argument 5. The argument will be cast from errno_t to unsigned int.
[variadic:typing] unittests/test_wmemcmp_s.c:314: Warning: 
  Incorrect type for argument 2. The argument will be cast from unsigned int to int.
[variadic:typing] unittests/test_wmemcmp_s.c:322: Warning: 
  Incorrect type for argument 5. The argument will be cast from errno_t to unsigned int.
[variadic:typing] unittests/test_wmemcmp_s.c:327: Warning: 
  Incorrect type for argument 5. The argument will be cast from errno_t to unsigned int.
[variadic:typing] unittests/test_wmemcmp_s.c:334: Warning: 
  Incorrect type for argument 2. The argument will be cast from unsigned int to int.
[variadic:typing] unittests/test_wmemcmp_s.c:342: Warning: 
  Incorrect type for argument 5. The argument will be cast from errno_t to unsigned int.
[variadic:typing] unittests/test_wmemcmp_s.c:347: Warning: 
  Incorrect type for argument 5. The argument will be cast from errno_t to unsigned int.
[variadic:typing] unittests/test_wmemcpy_s.c:80: Warning: 
  Incorrect type for argument 2. The argument will be cast from unsigned int to int.
[variadic:typing] unittests/test_wmemcpy_s.c:84: Warning: 
  Incorrect type for argument 4. The argument will be cast from errno_t to unsigned int.
[variadic:typing] unittests/test_wmemcpy_s.c:91: Warning: 
  Incorrect type for argument 2. The argument will be cast from unsigned int to int.
[variadic:typing] unittests/test_wmemcpy_s.c:95: Warning: 
  Incorrect type for argument 4. The argument will be cast from errno_t to unsigned int.
[variadic:typing] unittests/test_wmemcpy_s.c:101: Warning: 
  Incorrect type for argument 2. The argument will be cast from unsigned int to int.
[variadic:typing] unittests/test_wmemcpy_s.c:105: Warning: 
  Incorrect type for argument 4. The argument will be cast from errno_t to unsigned int.
[variadic:typing] unittests/test_wmemcpy_s.c:111: Warning: 
  Incorrect type for argument 2. The argument will be cast from unsigned int to int.
[variadic:typing] unittests/test_wmemcpy_s.c:115: Warning: 
  Incorrect type for argument 4. The argument will be cast from errno_t to unsigned int.
[variadic:typing] unittests/test_wmemcpy_s.c:121: Warning: 
  Incorrect type for argument 2. The argument will be cast from unsigned int to int.
[variadic:typing] unittests/test_wmemcpy_s.c:125: Warning: 
  Incorrect type for argument 4. The argument will be cast from errno_t to unsigned int.
[variadic:typing] unittests/test_wmemcpy_s.c:131: Warning: 
  Incorrect type for argument 2. The argument will be cast from unsigned int to int.
[variadic:typing] unittests/test_wmemcpy_s.c:135: Warning: 
  Incorrect type for argument 4. The argument will be cast from errno_t to unsigned int.
[variadic:typing] unittests/test_wmemcpy_s.c:141: Warning: 
  Incorrect type for argument 2. The argument will be cast from unsigned int to int.
[variadic:typing] unittests/test_wmemcpy_s.c:145: Warning: 
  Incorrect type for argument 4. The argument will be cast from errno_t to unsigned int.
[variadic:typing] unittests/test_wmemcpy_s.c:151: Warning: 
  Incorrect type for argument 2. The argument will be cast from unsigned int to int.
[variadic:typing] unittests/test_wmemcpy_s.c:155: Warning: 
  Incorrect type for argument 4. The argument will be cast from errno_t to unsigned int.
[variadic:typing] unittests/test_wmemcpy_s.c:162: Warning: 
  Incorrect type for argument 2. The argument will be cast from unsigned int to int.
[variadic:typing] unittests/test_wmemcpy_s.c:170: Warning: 
  Incorrect type for argument 4. The argument will be cast from errno_t to unsigned int.
[variadic:typing] unittests/test_wmemcpy_s.c:175: Warning: 
  Incorrect type for argument 3. The argument will be cast from uint32_t to int.
[variadic:typing] unittests/test_wmemcpy_s.c:180: Warning: 
  Incorrect type for argument 3. The argument will be cast from uint32_t to int.
[variadic:typing] unittests/test_wmemcpy_s.c:188: Warning: 
  Incorrect type for argument 2. The argument will be cast from unsigned int to int.
[variadic:typing] unittests/test_wmemcpy_s.c:196: Warning: 
  Incorrect type for argument 4. The argument will be cast from errno_t to unsigned int.
[variadic:typing] unittests/test_wmemcpy_s.c:203: Warning: 
  Incorrect type for argument 3. The argument will be cast from uint32_t to int.
[variadic:typing] unittests/test_wmemcpy_s.c:217: Warning: 
  Incorrect type for argument 2. The argument will be cast from unsigned int to int.
[variadic:typing] unittests/test_wmemcpy_s.c:225: Warning: 
  Incorrect type for argument 4. The argument will be cast from errno_t to unsigned int.
[variadic:typing] unittests/test_wmemcpy_s.c:232: Warning: 
  Incorrect type for argument 3. The argument will be cast from uint32_t to int.
[variadic:typing] unittests/test_wmemcpy_s.c:245: Warning: 
  Incorrect type for argument 2. The argument will be cast from unsigned int to int.
[variadic:typing] unittests/test_wmemcpy_s.c:253: Warning: 
  Incorrect type for argument 4. The argument will be cast from errno_t to unsigned int.
[variadic:typing] unittests/test_wmemcpy_s.c:261: Warning: 
  Incorrect type for argument 3. The argument will be cast from uint32_t to int.
[variadic:typing] unittests/test_wmemcpy_s.c:275: Warning: 
  Incorrect type for argument 2. The argument will be cast from unsigned int to int.
[variadic:typing] unittests/test_wmemcpy_s.c:283: Warning: 
  Incorrect type for argument 4. The argument will be cast from errno_t to unsigned int.
[variadic:typing] unittests/test_wmemcpy_s.c:290: Warning: 
  Incorrect type for argument 3. The argument will be cast from uint32_t to int.
[variadic:typing] unittests/test_wmemcpy_s.c:296: Warning: 
  Incorrect type for argument 3. The argument will be cast from uint32_t to int.
[variadic:typing] unittests/test_wmemcpy_s.c:304: Warning: 
  Incorrect type for argument 2. The argument will be cast from unsigned int to int.
[variadic:typing] unittests/test_wmemcpy_s.c:311: Warning: 
  Incorrect type for argument 4. The argument will be cast from errno_t to unsigned int.
[variadic:typing] unittests/test_wmemcpy_s.c:317: Warning: 
  Incorrect type for argument 2. The argument will be cast from unsigned int to int.
[variadic:typing] unittests/test_wmemcpy_s.c:326: Warning: 
  Incorrect type for argument 4. The argument will be cast from errno_t to unsigned int.
[variadic:typing] unittests/test_wmemcpy_s.c:332: Warning: 
  Incorrect type for argument 3. The argument will be cast from uint32_t to int.
[variadic:typing] unittests/test_wmemcpy_s.c:338: Warning: 
  Incorrect type for argument 3. The argument will be cast from uint32_t to int.
[variadic:typing] unittests/test_wmemcpy_s.c:346: Warning: 
  Incorrect type for argument 2. The argument will be cast from unsigned int to int.
[variadic:typing] unittests/test_wmemcpy_s.c:355: Warning: 
  Incorrect type for argument 4. The argument will be cast from errno_t to unsigned int.
[variadic:typing] unittests/test_wmemcpy_s.c:361: Warning: 
  Incorrect type for argument 3. The argument will be cast from uint32_t to int.
[variadic:typing] unittests/test_wmemcpy_s.c:370: Warning: 
  Incorrect type for argument 2. The argument will be cast from unsigned int to int.
[variadic:typing] unittests/test_wmemcpy_s.c:378: Warning: 
  Incorrect type for argument 4. The argument will be cast from errno_t to unsigned int.
[variadic:typing] unittests/test_wmemcpy_s.c:384: Warning: 
  Incorrect type for argument 3. The argument will be cast from uint32_t to int.
[variadic:typing] unittests/test_wmemcpy_s.c:393: Warning: 
  Incorrect type for argument 2. The argument will be cast from unsigned int to int.
[variadic:typing] unittests/test_wmemcpy_s.c:400: Warning: 
  Incorrect type for argument 4. The argument will be cast from errno_t to unsigned int.
[variadic:typing] unittests/test_wmemcpy_s.c:406: Warning: 
  Incorrect type for argument 3. The argument will be cast from uint32_t to int.
[variadic:typing] unittests/test_wmemmove_s.c:89: Warning: 
  Incorrect type for argument 2. The argument will be cast from unsigned int to int.
[variadic:typing] unittests/test_wmemmove_s.c:93: Warning: 
  Incorrect type for argument 4. The argument will be cast from errno_t to unsigned int.
[variadic:typing] unittests/test_wmemmove_s.c:100: Warning: 
  Incorrect type for argument 2. The argument will be cast from unsigned int to int.
[variadic:typing] unittests/test_wmemmove_s.c:104: Warning: 
  Incorrect type for argument 4. The argument will be cast from errno_t to unsigned int.
[variadic:typing] unittests/test_wmemmove_s.c:110: Warning: 
  Incorrect type for argument 2. The argument will be cast from unsigned int to int.
[variadic:typing] unittests/test_wmemmove_s.c:114: Warning: 
  Incorrect type for argument 4. The argument will be cast from errno_t to unsigned int.
[variadic:typing] unittests/test_wmemmove_s.c:120: Warning: 
  Incorrect type for argument 2. The argument will be cast from unsigned int to int.
[variadic:typing] unittests/test_wmemmove_s.c:124: Warning: 
  Incorrect type for argument 4. The argument will be cast from errno_t to unsigned int.
[variadic:typing] unittests/test_wmemmove_s.c:130: Warning: 
  Incorrect type for argument 2. The argument will be cast from unsigned int to int.
[variadic:typing] unittests/test_wmemmove_s.c:134: Warning: 
  Incorrect type for argument 4. The argument will be cast from errno_t to unsigned int.
[variadic:typing] unittests/test_wmemmove_s.c:140: Warning: 
  Incorrect type for argument 2. The argument will be cast from unsigned int to int.
[variadic:typing] unittests/test_wmemmove_s.c:144: Warning: 
  Incorrect type for argument 4. The argument will be cast from errno_t to unsigned int.
[variadic:typing] unittests/test_wmemmove_s.c:150: Warning: 
  Incorrect type for argument 2. The argument will be cast from unsigned int to int.
[variadic:typing] unittests/test_wmemmove_s.c:154: Warning: 
  Incorrect type for argument 4. The argument will be cast from errno_t to unsigned int.
[variadic:typing] unittests/test_wmemmove_s.c:160: Warning: 
  Incorrect type for argument 2. The argument will be cast from unsigned int to int.
[variadic:typing] unittests/test_wmemmove_s.c:164: Warning: 
  Incorrect type for argument 4. The argument will be cast from errno_t to unsigned int.
[variadic:typing] unittests/test_wmemmove_s.c:171: Warning: 
  Incorrect type for argument 2. The argument will be cast from unsigned int to int.
[variadic:typing] unittests/test_wmemmove_s.c:179: Warning: 
  Incorrect type for argument 4. The argument will be cast from errno_t to unsigned int.
[variadic:typing] unittests/test_wmemmove_s.c:184: Warning: 
  Incorrect type for argument 3. The argument will be cast from uint32_t to int.
[variadic:typing] unittests/test_wmemmove_s.c:189: Warning: 
  Incorrect type for argument 3. The argument will be cast from uint32_t to int.
[variadic:typing] unittests/test_wmemmove_s.c:197: Warning: 
  Incorrect type for argument 2. The argument will be cast from unsigned int to int.
[variadic:typing] unittests/test_wmemmove_s.c:205: Warning: 
  Incorrect type for argument 4. The argument will be cast from errno_t to unsigned int.
[variadic:typing] unittests/test_wmemmove_s.c:212: Warning: 
  Incorrect type for argument 3. The argument will be cast from uint32_t to int.
[variadic:typing] unittests/test_wmemmove_s.c:226: Warning: 
  Incorrect type for argument 2. The argument will be cast from unsigned int to int.
[variadic:typing] unittests/test_wmemmove_s.c:234: Warning: 
  Incorrect type for argument 4. The argument will be cast from errno_t to unsigned int.
[variadic:typing] unittests/test_wmemmove_s.c:241: Warning: 
  Incorrect type for argument 3. The argument will be cast from uint32_t to int.
[variadic:typing] unittests/test_wmemmove_s.c:254: Warning: 
  Incorrect type for argument 2. The argument will be cast from unsigned int to int.
[variadic:typing] unittests/test_wmemmove_s.c:262: Warning: 
  Incorrect type for argument 4. The argument will be cast from errno_t to unsigned int.
[variadic:typing] unittests/test_wmemmove_s.c:270: Warning: 
  Incorrect type for argument 3. The argument will be cast from uint32_t to int.
[variadic:typing] unittests/test_wmemmove_s.c:284: Warning: 
  Incorrect type for argument 2. The argument will be cast from unsigned int to int.
[variadic:typing] unittests/test_wmemmove_s.c:292: Warning: 
  Incorrect type for argument 4. The argument will be cast from errno_t to unsigned int.
[variadic:typing] unittests/test_wmemmove_s.c:299: Warning: 
  Incorrect type for argument 3. The argument will be cast from uint32_t to int.
[variadic:typing] unittests/test_wmemmove_s.c:309: Warning: 
  Incorrect type for argument 2. The argument will be cast from unsigned int to int.
[variadic:typing] unittests/test_wmemmove_s.c:316: Warning: 
  Incorrect type for argument 4. The argument will be cast from errno_t to unsigned int.
[variadic:typing] unittests/test_wmemmove_s.c:323: Warning: 
  Incorrect type for argument 3. The argument will be cast from uint32_t to int.
[variadic:typing] unittests/test_wmemmove_s.c:329: Warning: 
  Incorrect type for argument 3. The argument will be cast from uint32_t to int.
[variadic:typing] unittests/test_wmemmove_s.c:329: Warning: 
  Incorrect type for argument 5. The argument will be cast from uint32_t to int.
[variadic:typing] unittests/test_wmemmove_s.c:335: Warning: 
  Incorrect type for argument 3. The argument will be cast from uint32_t to int.
[variadic:typing] unittests/test_wmemmove_s.c:343: Warning: 
  Incorrect type for argument 2. The argument will be cast from unsigned int to int.
[variadic:typing] unittests/test_wmemmove_s.c:350: Warning: 
  Incorrect type for argument 4. The argument will be cast from errno_t to unsigned int.
[variadic:typing] unittests/test_wmemmove_s.c:357: Warning: 
  Incorrect type for argument 2. The argument will be cast from unsigned int to int.
[variadic:typing] unittests/test_wmemmove_s.c:365: Warning: 
  Incorrect type for argument 4. The argument will be cast from errno_t to unsigned int.
[variadic:typing] unittests/test_wmemmove_s.c:371: Warning: 
  Incorrect type for argument 3. The argument will be cast from uint32_t to int.
[variadic:typing] unittests/test_wmemmove_s.c:380: Warning: 
  Incorrect type for argument 2. The argument will be cast from unsigned int to int.
[variadic:typing] unittests/test_wmemmove_s.c:387: Warning: 
  Incorrect type for argument 4. The argument will be cast from errno_t to unsigned int.
[variadic:typing] unittests/test_wmemmove_s.c:393: Warning: 
  Incorrect type for argument 3. The argument will be cast from uint32_t to int.
[variadic:typing] unittests/test_wmemmove_s.c:402: Warning: 
  Incorrect type for argument 2. The argument will be cast from unsigned int to int.
[variadic:typing] unittests/test_wmemmove_s.c:409: Warning: 
  Incorrect type for argument 4. The argument will be cast from errno_t to unsigned int.
[variadic:typing] unittests/test_wmemmove_s.c:414: Warning: 
  Incorrect type for argument 3. The argument will be cast from uint32_t to int.
[variadic:typing] unittests/test_wmemmove_s.c:414: Warning: 
  Incorrect type for argument 4. The argument will be cast from wchar_t to unsigned int.
[variadic:typing] unittests/test_wmemmove_s.c:419: Warning: 
  Incorrect type for argument 3. The argument will be cast from uint32_t to int.
[variadic:typing] unittests/test_wmemmove_s.c:419: Warning: 
  Incorrect type for argument 4. The argument will be cast from wchar_t to unsigned int.
[variadic:typing] unittests/test_wmemmove_s.c:428: Warning: 
  Incorrect type for argument 2. The argument will be cast from unsigned int to int.
[variadic:typing] unittests/test_wmemmove_s.c:435: Warning: 
  Incorrect type for argument 4. The argument will be cast from errno_t to unsigned int.
[variadic:typing] unittests/test_wmemmove_s.c:440: Warning: 
  Incorrect type for argument 3. The argument will be cast from uint32_t to int.
[variadic:typing] unittests/test_wmemmove_s.c:440: Warning: 
  Incorrect type for argument 4. The argument will be cast from wchar_t to unsigned int.
[variadic:typing] unittests/test_wmemmove_s.c:445: Warning: 
  Incorrect type for argument 3. The argument will be cast from uint32_t to int.
[variadic:typing] unittests/test_wmemmove_s.c:445: Warning: 
  Incorrect type for argument 4. The argument will be cast from wchar_t to unsigned int.
[variadic:typing] unittests/test_wmemset_s.c:77: Warning: 
  Incorrect type for argument 2. The argument will be cast from unsigned int to int.
[variadic:typing] unittests/test_wmemset_s.c:83: Warning: 
  Incorrect type for argument 4. The argument will be cast from errno_t to unsigned int.
[variadic:typing] unittests/test_wmemset_s.c:89: Warning: 
  Incorrect type for argument 2. The argument will be cast from unsigned int to int.
[variadic:typing] unittests/test_wmemset_s.c:94: Warning: 
  Incorrect type for argument 4. The argument will be cast from errno_t to unsigned int.
[variadic:typing] unittests/test_wmemset_s.c:100: Warning: 
  Incorrect type for argument 2. The argument will be cast from unsigned int to int.
[variadic:typing] unittests/test_wmemset_s.c:106: Warning: 
  Incorrect type for argument 4. The argument will be cast from errno_t to unsigned int.
[variadic:typing] unittests/test_wmemset_s.c:112: Warning: 
  Incorrect type for argument 2. The argument will be cast from unsigned int to int.
[variadic:typing] unittests/test_wmemset_s.c:121: Warning: 
  Incorrect type for argument 4. The argument will be cast from errno_t to unsigned int.
[variadic:typing] unittests/test_wmemset_s.c:131: Warning: 
  Incorrect type for argument 3. The argument will be cast from uint32_t to int.
[variadic:typing] unittests/test_wmemset_s.c:138: Warning: 
  Incorrect type for argument 2. The argument will be cast from unsigned int to int.
[variadic:typing] unittests/test_wmemset_s.c:147: Warning: 
  Incorrect type for argument 4. The argument will be cast from errno_t to unsigned int.
[variadic:typing] unittests/test_wmemset_s.c:157: Warning: 
  Incorrect type for argument 3. The argument will be cast from uint32_t to int.
[variadic:typing] unittests/test_wmemset_s.c:165: Warning: 
  Incorrect type for argument 2. The argument will be cast from unsigned int to int.
[variadic:typing] unittests/test_wmemset_s.c:174: Warning: 
  Incorrect type for argument 4. The argument will be cast from errno_t to unsigned int.
[variadic:typing] unittests/test_wmemset_s.c:180: Warning: 
  Incorrect type for argument 3. The argument will be cast from uint32_t to int.
[variadic:typing] unittests/test_wmemset_s.c:186: Warning: 
  Incorrect type for argument 3. The argument will be cast from uint32_t to int.
[variadic:typing] unittests/test_wmemset_s.c:193: Warning: 
  Incorrect type for argument 2. The argument will be cast from unsigned int to int.
[variadic:typing] unittests/test_wmemset_s.c:202: Warning: 
  Incorrect type for argument 4. The argument will be cast from errno_t to unsigned int.
[variadic:typing] unittests/test_wmemset_s.c:208: Warning: 
  Incorrect type for argument 3. The argument will be cast from uint32_t to int.
[variadic:typing] unittests/test_wmemset_s.c:215: Warning: 
  Incorrect type for argument 2. The argument will be cast from unsigned int to int.
[variadic:typing] unittests/test_wmemset_s.c:224: Warning: 
  Incorrect type for argument 4. The argument will be cast from errno_t to unsigned int.
[variadic:typing] unittests/test_wmemset_s.c:230: Warning: 
  Incorrect type for argument 3. The argument will be cast from uint32_t to int.
[eva] Splitting return states on:
  \return(tmpfile) == 0 (auto)
  \return(tmpnam) == 0 (auto)
  \return(fopen) == 0 (auto)
  \return(fdopen) == 0 (auto)
  \return(freopen) == 0 (auto)
  \return(fgets) == 0 (auto)
  \return(gets) == 0 (auto)
  \return(popen) == 0 (auto)
  \return(fmemopen) == 0 (auto)
  \return(signal) == 0 (auto)
  \return(asctime) == 0 (auto)
  \return(ctime) == 0 (auto)
  \return(gmtime) == 0 (auto)
  \return(localtime) == 0 (auto)
  \return(gmtime_r) == 0 (auto)
  \return(localtime_r) == 0 (auto)
  \return(memcmp) == 0 (auto)
  \return(memchr) == 0 (auto)
  \return(memcpy) == 0 (auto)
  \return(mempcpy) == 0 (auto)
  \return(memmove) == 0 (auto)
  \return(memset) == 0 (auto)
  \return(strcmp) == 0 (auto)
  \return(strncmp) == 0 (auto)
  \return(strchr) == 0 (auto)
  \return(strchrnul) == 0 (auto)
  \return(strrchr) == 0 (auto)
  \return(strpbrk) == 0 (auto)
  \return(strstr) == 0 (auto)
  \return(strcasestr) == 0 (auto)
  \return(strtok) == 0 (auto)
  \return(strtok_r) == 0 (auto)
  \return(strsep) == 0 (auto)
  \return(strerror) == 0 (auto)
  \return(strcpy) == 0 (auto)
  \return(strncpy) == 0 (auto)
  \return(stpcpy) == 0 (auto)
  \return(strcat) == 0 (auto)
  \return(strncat) == 0 (auto)
  \return(strdup) == 0 (auto)
  \return(strndup) == 0 (auto)
  \return(strsignal) == 0 (auto)
  \return(wmemchr) == 0 (auto)
  \return(wmemcpy) == 0 (auto)
  \return(wmemmove) == 0 (auto)
  \return(wmemset) == 0 (auto)
  \return(wcscat) == 0 (auto)
  \return(wcschr) == 0 (auto)
  \return(wcscpy) == 0 (auto)
  \return(wcsncat) == 0 (auto)
  \return(wcsncpy) == 0 (auto)
  \return(wcspbrk) == 0 (auto)
  \return(wcsrchr) == 0 (auto)
  \return(wcsstr) == 0 (auto)
  \return(fgetws) == 0 (auto)
  \return(set_mem_constraint_handler_s) == 0 (auto)
  \return(memcmp_s) == 0, 400, 401, 403, 404, 406, 407 (auto)
  \return(memcmp16_s) == 0, 400, 401, 403 (auto)
  \return(memcmp32_s) == 0, 400, 401, 403 (auto)
  \return(wmemcmp_s) == 0, 400, 401, 403 (auto)
  \return(memcpy_s) == 0, 400, 401, 403, 404 (auto)
  \return(memcpy16_s) == 0, 400, 401, 403, 404 (auto)
  \return(memcpy32_s) == 0, 400, 401, 403, 404 (auto)
  \return(wmemcpy_s) == 0, 400, 401, 403, 404 (auto)
  \return(memmove_s) == 0, 400, 401, 403 (auto)
  \return(memmove16_s) == 0, 400, 401, 403 (auto)
  \return(memmove32_s) == 0, 400, 401, 403 (auto)
  \return(wmemmove_s) == 0, 400, 401, 403 (auto)
  \return(memset_s) == 0, 400, 401 (auto)
  \return(memset16_s) == 0, 400, 401 (auto)
  \return(memset32_s) == 0, 400, 401 (auto)
  \return(wmemset_s) == 0, 400, 401, 403 (auto)
  \return(memzero_s) == 0, 400, 401, 403 (auto)
  \return(memzero16_s) == 0, 400, 401, 403 (auto)
  \return(memzero32_s) == 0, 400, 401, 403 (auto)
  \return(set_str_constraint_handler_s) == 0 (auto)
  \return(strcasecmp_s) == 0, 400, 401, 403 (auto)
  \return(strcasestr_s) == 0, 400, 401, 403, 409 (auto)
  \return(strcat_s) == 0, 400, 401, 403, 404, 406, 407 (auto)
  \return(strcmp_s) == 0, 400, 401, 403 (auto)
  \return(strcmpfld_s) == 0, 400, 401, 403 (auto)
  \return(strcpy_s) == 0, 400, 401, 403, 404, 406 (auto)
  \return(stpcpy_s) == 0 (auto)
  \return(stpncpy_s) == 0 (auto)
  \return(strcpyfld_s) == 0, 400, 401, 403 (auto)
  \return(strcpyfldin_s) == 0, 400, 401, 403, 404 (auto)
  \return(strcpyfldout_s) == 0, 400, 401, 403, 404 (auto)
  \return(strcspn_s) == 0, 400, 401, 403 (auto)
  \return(strfirstchar_s) == 0, 400, 401, 403, 409 (auto)
  \return(strfirstdiff_s) == 0, 400, 401, 403, 408 (auto)
  \return(strisalphanumeric_s) == 0, 1 (auto)
  \return(strisascii_s) == 0, 1 (auto)
  \return(strisdigit_s) == 0, 1 (auto)
  \return(strishex_s) == 0, 1 (auto)
  \return(strislowercase_s) == 0, 1 (auto)
  \return(strismixedcase_s) == 0, 1 (auto)
  \return(strispassword_s) == 0, 1 (auto)
  \return(strisuppercase_s) == 0, 1 (auto)
  \return(strlastchar_s) == 0, 400, 401, 403, 409 (auto)
  \return(strlastdiff_s) == 0, 400, 401, 403, 408 (auto)
  \return(strljustify_s) == 0, 400, 401, 403, 407 (auto)
  \return(strncat_s) == 0, 400, 401, 403, 406, 407 (auto)
  \return(strncpy_s) == 0, 400, 401, 403, 404, 406 (auto)
  \return(strnlen_s) == 0, 3 (auto)
  \return(strnterminate_s) == 0, 1, 2, 4 (auto)
  \return(strpbrk_s) == 0, 400, 401, 403, 409 (auto)
  \return(strfirstsame_s) == 0, 400, 401, 403, 409 (auto)
  \return(strlastsame_s) == 0, 400, 401, 403, 409 (auto)
  \return(strprefix_s) == 0, 400, 401, 403, 409 (auto)
  \return(strremovews_s) == 0, 400, 401, 403, 407 (auto)
  \return(strspn_s) == 0, 400, 401, 403 (auto)
  \return(strstr_s) == 0, 400, 401, 403, 409 (auto)
  \return(strtok_s) == 0 (auto)
  \return(strtolowercase_s) == 0, 400, 401, 403 (auto)
  \return(strtouppercase_s) == 0, 400, 401, 403 (auto)
  \return(strzero_s) == 0, 400, 401, 403 (auto)
  \return(wcpcpy_s) == 0 (auto)
  \return(wcscat_s) == 0, 400, 401, 403, 404, 406, 407 (auto)
  \return(wcsncat_s) == 0, 400, 401, 403, 404, 406, 407 (auto)
  \return(wcscpy_s) == 0, 400, 401, 403, 404, 406 (auto)
  \return(wcsncpy_s) == 0, 400, 401, 403, 404, 406 (auto)
  \return(wcsnlen_s) == 2, 5, 14 (auto)
  \return(seed48) == 0 (auto)
  \return(calloc) == 0 (auto)
  \return(malloc) == 0 (auto)
  \return(realloc) == 0 (auto)
  \return(reallocarray) == 0 (auto)
  \return(getenv) == 0 (auto)
  \return(bsearch) == 0 (auto)
  \return(Frama_C_nondet_ptr) == 0 (auto)
  \return(Frama_C_interval) == 0 (auto)
  \return(Frama_C_malloc_fresh) == 0 (auto)
  \return(snprintf_s_si) == -411, -410, 0 (auto)
  \return(parse_format) == 1, 2 (auto)
  \return(check_integer_format) == 0 (auto)
[eva] Analyzing a complete application starting at main
[eva:initial-state] Values of globals at initialization
  mem_handler ∈ {0}
  str_handler ∈ {0}
  mem1[0..127] ∈ {0}
  mem2[0..127] ∈ {0}
  mem1_0[0..1025] ∈ {0}
  mem2_0[0..1025] ∈ {0}
  mem1_1[0..1023] ∈ {0}
  mem2_1[0..1023] ∈ {0}
  mem1_2[0..255] ∈ {0}
  str1[0..127] ∈ {0}
  str2[0..127] ∈ {0}
  str1_0[0..127] ∈ {0}
  str2_0[0..127] ∈ {0}
  str1_1[0..127] ∈ {0}
  str2_1[0..127] ∈ {0}
  str1_2[0..127] ∈ {0}
  str2_2[0..127] ∈ {0}
  str1_3[0..127] ∈ {0}
  str2_3[0..127] ∈ {0}
  str1_4[0..127] ∈ {0}
  str2_4[0..127] ∈ {0}
  str1_5[0..127] ∈ {0}
  str2_5[0..127] ∈ {0}
  str1_6[0..127] ∈ {0}
  str2_6[0..127] ∈ {0}
  str1_7[0..127] ∈ {0}
  str2_7[0..127] ∈ {0}
  dest[0..127] ∈ {0}
  str1_8[0..127] ∈ {0}
  str2_8[0..127] ∈ {0}
  str1_9[0..127] ∈ {0}
  str2_9[0..127] ∈ {0}
  str1_10[0..127] ∈ {0}
  str2_10[0..127] ∈ {0}
  str1_11[0..127] ∈ {0}
  str2_11[0..127] ∈ {0}
  str1_12[0..127] ∈ {0}
  str2_12[0..127] ∈ {0}
  str1_13[0..511] ∈ {0}
  str2_13[0..511] ∈ {0}
  str1_14[0..127] ∈ {0}
  str2_14[0..127] ∈ {0}
  str1_15[0..511] ∈ {0}
  str2_15[0..511] ∈ {0}
  str1_16[0..511] ∈ {0}
  mem1_3[0..1025] ∈ {0}
  mem2_2[0..1025] ∈ {0}
  mem1_4[0..1025] ∈ {0}
  mem2_3[0..1025] ∈ {0}
  mem1_5[0..255] ∈ {0}
[eva] using specification for function puts
[eva] FRAMAC_SHARE/libc/string.h:134: 
  cannot evaluate ACSL term, unsupported ACSL construct: logic function memset
[eva:loop-unroll:auto] safeclib/memcmp_s.c:158: Automatic loop unrolling.
[eva] using specification for function memcmp
[eva] FRAMAC_SHARE/libc/string.h:63: 
  cannot evaluate ACSL term, unsupported ACSL construct: logic function memcmp
[eva:loop-unroll:partial] safeclib/memcmp_s.c:169: loop not completely unrolled
[eva] safeclib/memcmp_s.c:158: starting to merge loop iterations
[eva:loop-unroll:partial] unittests/test_memcmp16_s.c:82: 
  loop not completely unrolled
[eva] unittests/test_memcmp16_s.c:82: starting to merge loop iterations
[eva:loop-unroll:partial] unittests/test_memcmp16_s.c:83: 
  loop not completely unrolled
[eva] unittests/test_memcmp16_s.c:83: starting to merge loop iterations
[eva:loop-unroll:auto] safeclib/memcmp16_s.c:158: Automatic loop unrolling.
[eva:loop-unroll:partial] unittests/test_memcmp16_s.c:105: 
  loop not completely unrolled
[eva] unittests/test_memcmp16_s.c:105: starting to merge loop iterations
[eva:loop-unroll:partial] unittests/test_memcmp16_s.c:106: 
  loop not completely unrolled
[eva] unittests/test_memcmp16_s.c:106: starting to merge loop iterations
[eva:loop-unroll:partial] unittests/test_memcmp16_s.c:128: 
  loop not completely unrolled
[eva] unittests/test_memcmp16_s.c:128: starting to merge loop iterations
[eva:loop-unroll:partial] unittests/test_memcmp16_s.c:129: 
  loop not completely unrolled
[eva] unittests/test_memcmp16_s.c:129: starting to merge loop iterations
[eva:loop-unroll:partial] safeclib/memcmp16_s.c:168: 
  loop not completely unrolled
[eva:alarm] safeclib/memcmp16_s.c:159: Warning: 
  accessing uninitialized left-value. assert \initialized(dp);
[eva:alarm] safeclib/memcmp16_s.c:159: Warning: 
  accessing uninitialized left-value. assert \initialized(sp);
[eva] safeclib/memcmp16_s.c:158: starting to merge loop iterations
[eva:alarm] unittests/test_memcmp16_s.c:142: Warning: 
  function memcmp: precondition 'initialization,s1' got status unknown.
[eva:alarm] unittests/test_memcmp16_s.c:142: Warning: 
  function memcmp: precondition 'initialization,s2' got status unknown.
[eva:loop-unroll:partial] unittests/test_memcmp16_s.c:150: 
  loop not completely unrolled
[eva] unittests/test_memcmp16_s.c:150: starting to merge loop iterations
[eva:loop-unroll:partial] unittests/test_memcmp16_s.c:151: 
  loop not completely unrolled
[eva] unittests/test_memcmp16_s.c:151: starting to merge loop iterations
[eva:loop-unroll:partial] unittests/test_memcmp16_s.c:153: 
  loop not completely unrolled
[eva] unittests/test_memcmp16_s.c:153: starting to merge loop iterations
[eva:loop-unroll:partial] unittests/test_memcmp32_s.c:81: 
  loop not completely unrolled
[eva] unittests/test_memcmp32_s.c:81: starting to merge loop iterations
[eva:loop-unroll:partial] unittests/test_memcmp32_s.c:82: 
  loop not completely unrolled
[eva] unittests/test_memcmp32_s.c:82: starting to merge loop iterations
[eva:loop-unroll:auto] safeclib/memcmp32_s.c:152: Automatic loop unrolling.
[eva:loop-unroll:partial] unittests/test_memcmp32_s.c:104: 
  loop not completely unrolled
[eva] unittests/test_memcmp32_s.c:104: starting to merge loop iterations
[eva:loop-unroll:partial] unittests/test_memcmp32_s.c:105: 
  loop not completely unrolled
[eva] unittests/test_memcmp32_s.c:105: starting to merge loop iterations
[eva:loop-unroll:partial] unittests/test_memcmp32_s.c:127: 
  loop not completely unrolled
[eva] unittests/test_memcmp32_s.c:127: starting to merge loop iterations
[eva:loop-unroll:partial] unittests/test_memcmp32_s.c:128: 
  loop not completely unrolled
[eva] unittests/test_memcmp32_s.c:128: starting to merge loop iterations
[eva:loop-unroll:partial] safeclib/memcmp32_s.c:162: 
  loop not completely unrolled
[eva:alarm] safeclib/memcmp32_s.c:153: Warning: 
  accessing uninitialized left-value. assert \initialized(dest_0);
[eva:alarm] safeclib/memcmp32_s.c:153: Warning: 
  accessing uninitialized left-value. assert \initialized(src);
[eva] safeclib/memcmp32_s.c:152: starting to merge loop iterations
[eva:alarm] unittests/test_memcmp32_s.c:141: Warning: 
  function memcmp: precondition 'initialization,s1' got status unknown.
[eva:alarm] unittests/test_memcmp32_s.c:141: Warning: 
  function memcmp: precondition 'initialization,s2' got status unknown.
[eva:loop-unroll:partial] unittests/test_memcmp32_s.c:149: 
  loop not completely unrolled
[eva] unittests/test_memcmp32_s.c:149: starting to merge loop iterations
[eva:loop-unroll:partial] unittests/test_memcmp32_s.c:150: 
  loop not completely unrolled
[eva] unittests/test_memcmp32_s.c:150: starting to merge loop iterations
[eva:loop-unroll:partial] unittests/test_memcmp32_s.c:152: 
  loop not completely unrolled
[eva] unittests/test_memcmp32_s.c:152: starting to merge loop iterations
[eva:loop-unroll:partial] safeclib/mem_primitives_lib.c:88: 
  loop not completely unrolled
[eva] safeclib/mem_primitives_lib.c:88: starting to merge loop iterations
[eva:loop-unroll:auto] safeclib/mem_primitives_lib.c:98: 
  Automatic loop unrolling.
[eva:alarm] safeclib/mem_primitives_lib.c:113: Warning: 
  out of bounds write. assert \valid(tmp_16);
                       (tmp_16 from lp++)
[eva:alarm] safeclib/mem_primitives_lib.c:114: Warning: 
  out of bounds write. assert \valid(tmp_17);
                       (tmp_17 from lp++)
[eva:alarm] safeclib/mem_primitives_lib.c:115: Warning: 
  out of bounds write. assert \valid(tmp_18);
                       (tmp_18 from lp++)
[eva:alarm] safeclib/mem_primitives_lib.c:116: Warning: 
  out of bounds write. assert \valid(tmp_19);
                       (tmp_19 from lp++)
[eva:alarm] safeclib/mem_primitives_lib.c:117: Warning: 
  out of bounds write. assert \valid(tmp_20);
                       (tmp_20 from lp++)
[eva:alarm] safeclib/mem_primitives_lib.c:118: Warning: 
  out of bounds write. assert \valid(tmp_21);
                       (tmp_21 from lp++)
[eva:alarm] safeclib/mem_primitives_lib.c:119: Warning: 
  out of bounds write. assert \valid(tmp_22);
                       (tmp_22 from lp++)
[eva:alarm] safeclib/mem_primitives_lib.c:120: Warning: 
  out of bounds write. assert \valid(tmp_23);
                       (tmp_23 from lp++)
[eva:alarm] safeclib/mem_primitives_lib.c:122: Warning: 
  out of bounds write. assert \valid(tmp_24);
                       (tmp_24 from lp++)
[eva:alarm] safeclib/mem_primitives_lib.c:123: Warning: 
  out of bounds write. assert \valid(tmp_25);
                       (tmp_25 from lp++)
[eva:alarm] safeclib/mem_primitives_lib.c:124: Warning: 
  out of bounds write. assert \valid(tmp_26);
                       (tmp_26 from lp++)
[eva:alarm] safeclib/mem_primitives_lib.c:125: Warning: 
  out of bounds write. assert \valid(tmp_27);
                       (tmp_27 from lp++)
[eva:alarm] safeclib/mem_primitives_lib.c:126: Warning: 
  out of bounds write. assert \valid(tmp_28);
                       (tmp_28 from lp++)
[eva:alarm] safeclib/mem_primitives_lib.c:127: Warning: 
  out of bounds write. assert \valid(tmp_29);
                       (tmp_29 from lp++)
[eva:alarm] safeclib/mem_primitives_lib.c:128: Warning: 
  out of bounds write. assert \valid(tmp_30);
                       (tmp_30 from lp++)
[eva:alarm] safeclib/mem_primitives_lib.c:106: Warning: 
  out of bounds write. assert \valid(tmp_0);
                       (tmp_0 from lp++)
[eva:alarm] safeclib/mem_primitives_lib.c:106: Warning: 
  out of bounds write. assert \valid(tmp_1);
                       (tmp_1 from lp++)
[eva:alarm] safeclib/mem_primitives_lib.c:106: Warning: 
  out of bounds write. assert \valid(tmp_2);
                       (tmp_2 from lp++)
[eva:alarm] safeclib/mem_primitives_lib.c:106: Warning: 
  out of bounds write. assert \valid(tmp_3);
                       (tmp_3 from lp++)
[eva:alarm] safeclib/mem_primitives_lib.c:107: Warning: 
  out of bounds write. assert \valid(tmp_4);
                       (tmp_4 from lp++)
[eva:alarm] safeclib/mem_primitives_lib.c:107: Warning: 
  out of bounds write. assert \valid(tmp_5);
                       (tmp_5 from lp++)
[eva:alarm] safeclib/mem_primitives_lib.c:107: Warning: 
  out of bounds write. assert \valid(tmp_6);
                       (tmp_6 from lp++)
[eva:alarm] safeclib/mem_primitives_lib.c:107: Warning: 
  out of bounds write. assert \valid(tmp_7);
                       (tmp_7 from lp++)
[eva:alarm] safeclib/mem_primitives_lib.c:108: Warning: 
  out of bounds write. assert \valid(tmp_8);
                       (tmp_8 from lp++)
[eva:alarm] safeclib/mem_primitives_lib.c:108: Warning: 
  out of bounds write. assert \valid(tmp_9);
                       (tmp_9 from lp++)
[eva:alarm] safeclib/mem_primitives_lib.c:108: Warning: 
  out of bounds write. assert \valid(tmp_10);
                       (tmp_10 from lp++)
[eva:alarm] safeclib/mem_primitives_lib.c:108: Warning: 
  out of bounds write. assert \valid(tmp_11);
                       (tmp_11 from lp++)
[eva:alarm] safeclib/mem_primitives_lib.c:109: Warning: 
  out of bounds write. assert \valid(tmp_12);
                       (tmp_12 from lp++)
[eva:alarm] safeclib/mem_primitives_lib.c:109: Warning: 
  out of bounds write. assert \valid(tmp_13);
                       (tmp_13 from lp++)
[eva:alarm] safeclib/mem_primitives_lib.c:109: Warning: 
  out of bounds write. assert \valid(tmp_14);
                       (tmp_14 from lp++)
[eva:alarm] safeclib/mem_primitives_lib.c:109: Warning: 
  out of bounds write. assert \valid(tmp_15);
                       (tmp_15 from lp++)
[eva:loop-unroll:partial] safeclib/mem_primitives_lib.c:111: 
  loop not completely unrolled
[eva:loop-unroll:partial] safeclib/mem_primitives_lib.c:130: 
  loop not completely unrolled
[eva] safeclib/mem_primitives_lib.c:98: starting to merge loop iterations
[eva:loop-unroll:auto] safeclib/mem_primitives_lib.c:145: 
  Automatic loop unrolling.
[eva:alarm] safeclib/mem_primitives_lib.c:146: Warning: 
  out of bounds write. assert \valid(dp);
[eva:loop-unroll:partial] unittests/test_memcpy_s.c:72: 
  loop not completely unrolled
[eva] unittests/test_memcpy_s.c:72: starting to merge loop iterations
[eva:loop-unroll:partial] unittests/test_memcpy_s.c:73: 
  loop not completely unrolled
[eva] unittests/test_memcpy_s.c:73: starting to merge loop iterations
[eva:alarm] safeclib/memcpy_s.c:148: Warning: 
  pointer comparison. assert \pointer_comparable((void *)dp, (void *)sp);
[eva:alarm] safeclib/memcpy_s.c:148: Warning: 
  pointer comparison.
  assert \pointer_comparable((void *)dp, (void *)(sp + smax));
[eva:alarm] safeclib/memcpy_s.c:149: Warning: 
  pointer comparison. assert \pointer_comparable((void *)sp, (void *)dp);
[eva:alarm] safeclib/memcpy_s.c:149: Warning: 
  pointer comparison.
  assert \pointer_comparable((void *)sp, (void *)(dp + dmax));
[eva:garbled-mix:write] safeclib/mem_primitives_lib.c:346: 
  Assigning imprecise value to tsp.
  The imprecision originates from Arithmetic
  {safeclib/mem_primitives_lib.c:346}
[eva] using specification for function Frama_C_interval
[eva:loop-unroll:partial] safeclib/mem_primitives_lib.c:374: 
  loop not completely unrolled
[eva] safeclib/mem_primitives_lib.c:372: starting to merge loop iterations
[eva:alarm] safeclib/mem_primitives_lib.c:373: Warning: 
  out of bounds write. assert \valid(tmp_0);
                       (tmp_0 from dp++)
[eva:alarm] safeclib/mem_primitives_lib.c:373: Warning: 
  out of bounds read. assert \valid_read(tmp_1);
                      (tmp_1 from sp++)
[eva:loop-unroll:partial] safeclib/mem_primitives_lib.c:389: 
  loop not completely unrolled
[eva] safeclib/mem_primitives_lib.c:384: starting to merge loop iterations
[eva:alarm] safeclib/mem_primitives_lib.c:385: Warning: 
  out of bounds write. assert \valid((uint32_t *)dp);
[eva:alarm] safeclib/mem_primitives_lib.c:385: Warning: 
  out of bounds read. assert \valid_read((uint32_t *)sp);
[eva:alarm] safeclib/mem_primitives_lib.c:399: Warning: 
  out of bounds write. assert \valid(tmp_2);
                       (tmp_2 from dp++)
[eva:alarm] safeclib/mem_primitives_lib.c:399: Warning: 
  out of bounds read. assert \valid_read(tmp_3);
                      (tmp_3 from sp++)
[eva:garbled-mix:write] safeclib/mem_primitives_lib.c:419: 
  Assigning imprecise value to tsp.
  The imprecision originates from Arithmetic
  {safeclib/mem_primitives_lib.c:419}
[eva:loop-unroll:partial] safeclib/mem_primitives_lib.c:443: 
  loop not completely unrolled
[eva] safeclib/mem_primitives_lib.c:441: starting to merge loop iterations
[eva:alarm] safeclib/mem_primitives_lib.c:442: Warning: 
  out of bounds write. assert \valid(dp);
[eva:alarm] safeclib/mem_primitives_lib.c:442: Warning: 
  out of bounds read. assert \valid_read(sp);
[eva:alarm] safeclib/mem_primitives_lib.c:456: Warning: 
  out of bounds write. assert \valid((uint32_t *)dp);
[kernel] safeclib/mem_primitives_lib.c:456: Warning: 
  all target addresses were invalid. This path is assumed to be dead.
[eva:loop-unroll:partial] safeclib/mem_primitives_lib.c:457: 
  loop not completely unrolled
[eva] safeclib/mem_primitives_lib.c:452: starting to merge loop iterations
[eva:alarm] safeclib/mem_primitives_lib.c:456: Warning: 
  out of bounds read. assert \valid_read((uint32_t *)sp);
[eva:alarm] safeclib/mem_primitives_lib.c:467: Warning: 
  out of bounds write. assert \valid(dp);
[eva:alarm] safeclib/mem_primitives_lib.c:467: Warning: 
  out of bounds read. assert \valid_read(sp);
[kernel] safeclib/mem_primitives_lib.c:467: Warning: 
  all target addresses were invalid. This path is assumed to be dead.
[eva] using specification for function printf_va_20
[eva:loop-unroll:partial] unittests/test_memcpy_s.c:82: 
  loop not completely unrolled
[eva] unittests/test_memcpy_s.c:82: starting to merge loop iterations
[eva] using specification for function printf_va_21
[eva:loop-unroll:partial] unittests/test_memcpy_s.c:98: 
  loop not completely unrolled
[eva] unittests/test_memcpy_s.c:98: starting to merge loop iterations
[eva:loop-unroll:partial] unittests/test_memcpy_s.c:99: 
  loop not completely unrolled
[eva] unittests/test_memcpy_s.c:99: starting to merge loop iterations
[eva] using specification for function printf_va_22
[eva:loop-unroll:partial] unittests/test_memcpy_s.c:109: 
  loop not completely unrolled
[eva] unittests/test_memcpy_s.c:109: starting to merge loop iterations
[eva] using specification for function printf_va_23
[eva:loop-unroll:partial] unittests/test_memcpy_s.c:125: 
  loop not completely unrolled
[eva] unittests/test_memcpy_s.c:125: starting to merge loop iterations
[eva:loop-unroll:partial] unittests/test_memcpy_s.c:126: 
  loop not completely unrolled
[eva] unittests/test_memcpy_s.c:126: starting to merge loop iterations
[eva] using specification for function printf_va_24
[eva:loop-unroll:partial] unittests/test_memcpy_s.c:136: 
  loop not completely unrolled
[eva] unittests/test_memcpy_s.c:136: starting to merge loop iterations
[eva] using specification for function printf_va_25
[eva:loop-unroll:partial] unittests/test_memcpy_s.c:151: 
  loop not completely unrolled
[eva] unittests/test_memcpy_s.c:151: starting to merge loop iterations
[eva:loop-unroll:partial] unittests/test_memcpy_s.c:152: 
  loop not completely unrolled
[eva] unittests/test_memcpy_s.c:152: starting to merge loop iterations
[eva] using specification for function printf_va_26
[eva:loop-unroll:partial] unittests/test_memcpy_s.c:163: 
  loop not completely unrolled
[eva] unittests/test_memcpy_s.c:163: starting to merge loop iterations
[eva] using specification for function printf_va_27
[eva:loop-unroll:partial] unittests/test_memcpy_s.c:179: 
  loop not completely unrolled
[eva] unittests/test_memcpy_s.c:179: starting to merge loop iterations
[eva:loop-unroll:partial] unittests/test_memcpy_s.c:180: 
  loop not completely unrolled
[eva] unittests/test_memcpy_s.c:180: starting to merge loop iterations
[eva] using specification for function printf_va_28
[eva:loop-unroll:partial] unittests/test_memcpy_s.c:190: 
  loop not completely unrolled
[eva] unittests/test_memcpy_s.c:190: starting to merge loop iterations
[eva] using specification for function printf_va_29
[eva:loop-unroll:partial] unittests/test_memcpy_s.c:206: 
  loop not completely unrolled
[eva] unittests/test_memcpy_s.c:206: starting to merge loop iterations
[eva:loop-unroll:partial] unittests/test_memcpy_s.c:217: 
  loop not completely unrolled
[eva] unittests/test_memcpy_s.c:217: starting to merge loop iterations
[eva:loop-unroll:partial] unittests/test_memcpy_s.c:218: 
  loop not completely unrolled
[eva] unittests/test_memcpy_s.c:218: starting to merge loop iterations
[eva] using specification for function printf_va_30
[eva:loop-unroll:partial] unittests/test_memcpy_s.c:228: 
  loop not completely unrolled
[eva] unittests/test_memcpy_s.c:228: starting to merge loop iterations
[eva] using specification for function printf_va_31
[eva:loop-unroll:partial] unittests/test_memcpy_s.c:244: 
  loop not completely unrolled
[eva] unittests/test_memcpy_s.c:244: starting to merge loop iterations
[eva:loop-unroll:partial] unittests/test_memcpy_s.c:245: 
  loop not completely unrolled
[eva] unittests/test_memcpy_s.c:245: starting to merge loop iterations
[eva] using specification for function printf_va_32
[eva:loop-unroll:partial] unittests/test_memcpy_s.c:255: 
  loop not completely unrolled
[eva] unittests/test_memcpy_s.c:255: starting to merge loop iterations
[eva:loop-unroll:partial] unittests/test_memcpy_s.c:266: 
  loop not completely unrolled
[eva] unittests/test_memcpy_s.c:266: starting to merge loop iterations
[eva:loop-unroll:partial] unittests/test_memcpy_s.c:267: 
  loop not completely unrolled
[eva] unittests/test_memcpy_s.c:267: starting to merge loop iterations
[eva:loop-unroll:auto] safeclib/mem_primitives_lib.c:88: 
  Automatic loop unrolling.
[eva:loop-unroll:auto] safeclib/mem_primitives_lib.c:372: 
  Automatic loop unrolling.
[eva:loop-unroll:auto] safeclib/mem_primitives_lib.c:384: 
  Automatic loop unrolling.
[eva:loop-unroll:auto] safeclib/mem_primitives_lib.c:398: 
  Automatic loop unrolling.
[eva:loop-unroll:auto] safeclib/mem_primitives_lib.c:441: 
  Automatic loop unrolling.
[kernel] safeclib/mem_primitives_lib.c:442: Warning: 
  all target addresses were invalid. This path is assumed to be dead.
[eva:loop-unroll:auto] safeclib/mem_primitives_lib.c:452: 
  Automatic loop unrolling.
[eva:loop-unroll:auto] safeclib/mem_primitives_lib.c:466: 
  Automatic loop unrolling.
[eva:loop-unroll:auto] unittests/test_memcpy_s.c:276: Automatic loop unrolling.
[eva] using specification for function printf_va_33
[eva:loop-unroll:partial] unittests/test_memcpy_s.c:287: 
  loop not completely unrolled
[eva] unittests/test_memcpy_s.c:287: starting to merge loop iterations
[eva:loop-unroll:partial] unittests/test_memcpy_s.c:288: 
  loop not completely unrolled
[eva] unittests/test_memcpy_s.c:288: starting to merge loop iterations
[eva] using specification for function printf_va_34
[eva:loop-unroll:partial] unittests/test_memcpy_s.c:296: 
  loop not completely unrolled
[eva] unittests/test_memcpy_s.c:296: starting to merge loop iterations
[eva:loop-unroll:partial] safeclib/mem_primitives_lib.c:197: 
  loop not completely unrolled
[eva] safeclib/mem_primitives_lib.c:184: starting to merge loop iterations
[kernel] safeclib/mem_primitives_lib.c:192: 
  more than 48(64) elements to enumerate. Approximating.
[kernel] safeclib/mem_primitives_lib.c:192: 
  more than 48(64) elements to enumerate. Approximating.
[kernel] safeclib/mem_primitives_lib.c:192: 
  more than 48(64) elements to enumerate. Approximating.
[kernel] safeclib/mem_primitives_lib.c:192: 
  more than 48(64) elements to enumerate. Approximating.
[kernel] safeclib/mem_primitives_lib.c:193: 
  more than 48(64) elements to enumerate. Approximating.
[kernel] safeclib/mem_primitives_lib.c:193: 
  more than 48(64) elements to enumerate. Approximating.
[kernel] safeclib/mem_primitives_lib.c:193: 
  more than 48(64) elements to enumerate. Approximating.
[kernel] safeclib/mem_primitives_lib.c:193: 
  more than 48(64) elements to enumerate. Approximating.
[kernel] safeclib/mem_primitives_lib.c:194: 
  more than 48(64) elements to enumerate. Approximating.
[kernel] safeclib/mem_primitives_lib.c:194: 
  more than 48(64) elements to enumerate. Approximating.
[kernel] safeclib/mem_primitives_lib.c:194: 
  more than 48(64) elements to enumerate. Approximating.
[kernel] safeclib/mem_primitives_lib.c:194: 
  more than 48(64) elements to enumerate. Approximating.
[kernel] safeclib/mem_primitives_lib.c:195: 
  more than 48(64) elements to enumerate. Approximating.
[kernel] safeclib/mem_primitives_lib.c:195: 
  more than 48(64) elements to enumerate. Approximating.
[kernel] safeclib/mem_primitives_lib.c:195: 
  more than 48(64) elements to enumerate. Approximating.
[kernel] safeclib/mem_primitives_lib.c:195: 
  more than 48(64) elements to enumerate. Approximating.
[eva:loop-unroll:partial] unittests/test_memcpy16_s.c:73: 
  loop not completely unrolled
[eva] unittests/test_memcpy16_s.c:73: starting to merge loop iterations
[eva:loop-unroll:partial] unittests/test_memcpy16_s.c:74: 
  loop not completely unrolled
[eva] unittests/test_memcpy16_s.c:74: starting to merge loop iterations
[eva:alarm] safeclib/memcpy16_s.c:136: Warning: 
  pointer comparison. assert \pointer_comparable((void *)dest_0, (void *)src);
[eva:alarm] safeclib/memcpy16_s.c:136: Warning: 
  pointer comparison.
  assert \pointer_comparable((void *)dest_0, (void *)(src + smax));
[eva:alarm] safeclib/memcpy16_s.c:137: Warning: 
  pointer comparison. assert \pointer_comparable((void *)src, (void *)dest_0);
[eva:alarm] safeclib/memcpy16_s.c:137: Warning: 
  pointer comparison.
  assert \pointer_comparable((void *)src, (void *)(dest_0 + dmax));
[eva:alarm] safeclib/mem_primitives_lib.c:642: Warning: 
  pointer comparison. assert \pointer_comparable((void *)dp, (void *)sp);
[eva:loop-unroll:auto] unittests/test_memcpy16_s.c:83: Automatic loop unrolling.
[eva] using specification for function printf_va_4
[eva:loop-unroll:partial] unittests/test_memcpy16_s.c:92: 
  loop not completely unrolled
[eva] unittests/test_memcpy16_s.c:92: starting to merge loop iterations
[eva:loop-unroll:partial] unittests/test_memcpy16_s.c:93: 
  loop not completely unrolled
[eva] unittests/test_memcpy16_s.c:93: starting to merge loop iterations
[eva:loop-unroll:auto] unittests/test_memcpy16_s.c:102: 
  Automatic loop unrolling.
[eva] using specification for function printf_va_5
[eva:loop-unroll:partial] unittests/test_memcpy16_s.c:111: 
  loop not completely unrolled
[eva] unittests/test_memcpy16_s.c:111: starting to merge loop iterations
[eva:loop-unroll:partial] unittests/test_memcpy16_s.c:112: 
  loop not completely unrolled
[eva] unittests/test_memcpy16_s.c:112: starting to merge loop iterations
[eva:loop-unroll:partial] unittests/test_memcpy16_s.c:122: 
  loop not completely unrolled
[eva] unittests/test_memcpy16_s.c:122: starting to merge loop iterations
[eva:alarm] unittests/test_memcpy16_s.c:123: Warning: 
  accessing uninitialized left-value. assert \initialized(&mem1_6[i]);
[eva:alarm] unittests/test_memcpy16_s.c:124: Warning: 
  accessing uninitialized left-value. assert \initialized(&mem2_4[i]);
[eva] using specification for function printf_va_6
[eva:loop-unroll:partial] unittests/test_memcpy16_s.c:131: 
  loop not completely unrolled
[eva] unittests/test_memcpy16_s.c:131: starting to merge loop iterations
[eva:loop-unroll:partial] unittests/test_memcpy16_s.c:132: 
  loop not completely unrolled
[eva] unittests/test_memcpy16_s.c:132: starting to merge loop iterations
[eva:loop-unroll:partial] unittests/test_memcpy16_s.c:141: 
  loop not completely unrolled
[eva] unittests/test_memcpy16_s.c:141: starting to merge loop iterations
[eva:alarm] unittests/test_memcpy16_s.c:142: Warning: 
  accessing uninitialized left-value. assert \initialized(&mem1_6[i]);
[eva:alarm] unittests/test_memcpy16_s.c:143: Warning: 
  accessing uninitialized left-value. assert \initialized(&mem2_4[i]);
[eva] using specification for function printf_va_7
[eva:loop-unroll:partial] unittests/test_memcpy16_s.c:150: 
  loop not completely unrolled
[eva] unittests/test_memcpy16_s.c:150: starting to merge loop iterations
[eva:loop-unroll:partial] unittests/test_memcpy16_s.c:151: 
  loop not completely unrolled
[eva] unittests/test_memcpy16_s.c:151: starting to merge loop iterations
[eva:loop-unroll:partial] unittests/test_memcpy16_s.c:160: 
  loop not completely unrolled
[eva] unittests/test_memcpy16_s.c:160: starting to merge loop iterations
[eva:alarm] unittests/test_memcpy16_s.c:161: Warning: 
  accessing uninitialized left-value. assert \initialized(&mem1_6[i]);
[eva:alarm] unittests/test_memcpy16_s.c:162: Warning: 
  accessing uninitialized left-value. assert \initialized(&mem2_4[i]);
[eva] using specification for function printf_va_8
[eva:loop-unroll:partial] unittests/test_memcpy16_s.c:169: 
  loop not completely unrolled
[eva] unittests/test_memcpy16_s.c:169: starting to merge loop iterations
[eva:loop-unroll:partial] unittests/test_memcpy16_s.c:170: 
  loop not completely unrolled
[eva] unittests/test_memcpy16_s.c:170: starting to merge loop iterations
[eva:alarm] safeclib/mem_primitives_lib.c:704: Warning: 
  accessing uninitialized left-value. assert \initialized(sp);
[eva:alarm] safeclib/mem_primitives_lib.c:704: Warning: 
  accessing uninitialized left-value. assert \initialized(sp);
[eva:alarm] safeclib/mem_primitives_lib.c:704: Warning: 
  accessing uninitialized left-value. assert \initialized(sp);
[eva:alarm] safeclib/mem_primitives_lib.c:704: Warning: 
  accessing uninitialized left-value. assert \initialized(sp);
[eva:alarm] safeclib/mem_primitives_lib.c:705: Warning: 
  accessing uninitialized left-value. assert \initialized(sp);
[eva:alarm] safeclib/mem_primitives_lib.c:705: Warning: 
  accessing uninitialized left-value. assert \initialized(sp);
[eva:alarm] safeclib/mem_primitives_lib.c:705: Warning: 
  accessing uninitialized left-value. assert \initialized(sp);
[eva:alarm] safeclib/mem_primitives_lib.c:705: Warning: 
  accessing uninitialized left-value. assert \initialized(sp);
[eva:alarm] safeclib/mem_primitives_lib.c:706: Warning: 
  accessing uninitialized left-value. assert \initialized(sp);
[eva:alarm] safeclib/mem_primitives_lib.c:706: Warning: 
  accessing uninitialized left-value. assert \initialized(sp);
[eva:alarm] safeclib/mem_primitives_lib.c:706: Warning: 
  accessing uninitialized left-value. assert \initialized(sp);
[eva:alarm] safeclib/mem_primitives_lib.c:706: Warning: 
  accessing uninitialized left-value. assert \initialized(sp);
[eva:alarm] safeclib/mem_primitives_lib.c:707: Warning: 
  accessing uninitialized left-value. assert \initialized(sp);
[eva:alarm] safeclib/mem_primitives_lib.c:707: Warning: 
  accessing uninitialized left-value. assert \initialized(sp);
[eva:alarm] safeclib/mem_primitives_lib.c:707: Warning: 
  accessing uninitialized left-value. assert \initialized(sp);
[eva:alarm] safeclib/mem_primitives_lib.c:707: Warning: 
  accessing uninitialized left-value. assert \initialized(sp);
[eva:loop-unroll:partial] safeclib/mem_primitives_lib.c:709: 
  loop not completely unrolled
[eva] safeclib/mem_primitives_lib.c:696: starting to merge loop iterations
[kernel] safeclib/mem_primitives_lib.c:705: 
  more than 48(64) elements to enumerate. Approximating.
[kernel] safeclib/mem_primitives_lib.c:706: 
  more than 48(64) elements to enumerate. Approximating.
[kernel] safeclib/mem_primitives_lib.c:707: 
  more than 48(64) elements to enumerate. Approximating.
[eva:loop-unroll:partial] unittests/test_memcpy16_s.c:181: 
  loop not completely unrolled
[eva] unittests/test_memcpy16_s.c:181: starting to merge loop iterations
[eva:loop-unroll:partial] unittests/test_memcpy16_s.c:182: 
  loop not completely unrolled
[eva] unittests/test_memcpy16_s.c:182: starting to merge loop iterations
[eva:loop-unroll:partial] safeclib/mem_primitives_lib.c:216: 
  loop not completely unrolled
[eva:loop-unroll:partial] unittests/test_memcpy16_s.c:192: 
  loop not completely unrolled
[eva] unittests/test_memcpy16_s.c:192: starting to merge loop iterations
[eva:loop-unroll:partial] unittests/test_memcpy16_s.c:201: 
  loop not completely unrolled
[eva] unittests/test_memcpy16_s.c:201: starting to merge loop iterations
[eva:loop-unroll:partial] unittests/test_memcpy16_s.c:202: 
  loop not completely unrolled
[eva] unittests/test_memcpy16_s.c:202: starting to merge loop iterations
[eva:loop-unroll:partial] unittests/test_memcpy16_s.c:212: 
  loop not completely unrolled
[eva] unittests/test_memcpy16_s.c:212: starting to merge loop iterations
[eva:loop-unroll:partial] unittests/test_memcpy16_s.c:221: 
  loop not completely unrolled
[eva] unittests/test_memcpy16_s.c:221: starting to merge loop iterations
[eva:loop-unroll:partial] unittests/test_memcpy16_s.c:222: 
  loop not completely unrolled
[eva] unittests/test_memcpy16_s.c:222: starting to merge loop iterations
[eva:alarm] safeclib/mem_primitives_lib.c:655: Warning: 
  accessing uninitialized left-value.
  assert \initialized(tmp_2);
  (tmp_2 from sp++)
[eva:alarm] safeclib/mem_primitives_lib.c:655: Warning: 
  accessing uninitialized left-value.
  assert \initialized(tmp_4);
  (tmp_4 from sp++)
[eva:alarm] safeclib/mem_primitives_lib.c:655: Warning: 
  accessing uninitialized left-value.
  assert \initialized(tmp_6);
  (tmp_6 from sp++)
[eva:alarm] safeclib/mem_primitives_lib.c:656: Warning: 
  accessing uninitialized left-value.
  assert \initialized(tmp_8);
  (tmp_8 from sp++)
[eva:alarm] safeclib/mem_primitives_lib.c:656: Warning: 
  accessing uninitialized left-value.
  assert \initialized(tmp_10);
  (tmp_10 from sp++)
[eva:alarm] safeclib/mem_primitives_lib.c:656: Warning: 
  accessing uninitialized left-value.
  assert \initialized(tmp_12);
  (tmp_12 from sp++)
[eva:alarm] safeclib/mem_primitives_lib.c:656: Warning: 
  accessing uninitialized left-value.
  assert \initialized(tmp_14);
  (tmp_14 from sp++)
[eva:alarm] safeclib/mem_primitives_lib.c:657: Warning: 
  accessing uninitialized left-value.
  assert \initialized(tmp_16);
  (tmp_16 from sp++)
[eva:alarm] safeclib/mem_primitives_lib.c:657: Warning: 
  accessing uninitialized left-value.
  assert \initialized(tmp_18);
  (tmp_18 from sp++)
[eva:alarm] safeclib/mem_primitives_lib.c:657: Warning: 
  accessing uninitialized left-value.
  assert \initialized(tmp_20);
  (tmp_20 from sp++)
[eva:alarm] safeclib/mem_primitives_lib.c:657: Warning: 
  accessing uninitialized left-value.
  assert \initialized(tmp_22);
  (tmp_22 from sp++)
[eva:alarm] safeclib/mem_primitives_lib.c:658: Warning: 
  accessing uninitialized left-value.
  assert \initialized(tmp_24);
  (tmp_24 from sp++)
[eva:alarm] safeclib/mem_primitives_lib.c:658: Warning: 
  accessing uninitialized left-value.
  assert \initialized(tmp_26);
  (tmp_26 from sp++)
[eva:alarm] safeclib/mem_primitives_lib.c:658: Warning: 
  accessing uninitialized left-value.
  assert \initialized(tmp_28);
  (tmp_28 from sp++)
[eva:alarm] safeclib/mem_primitives_lib.c:658: Warning: 
  accessing uninitialized left-value.
  assert \initialized(tmp_30);
  (tmp_30 from sp++)
[eva:alarm] safeclib/mem_primitives_lib.c:655: Warning: 
  accessing uninitialized left-value.
  assert \initialized(tmp_0);
  (tmp_0 from sp++)
[eva:loop-unroll:partial] safeclib/mem_primitives_lib.c:660: 
  loop not completely unrolled
[eva] safeclib/mem_primitives_lib.c:647: starting to merge loop iterations
[eva] using specification for function printf_va_11
[eva:loop-unroll:partial] unittests/test_memcpy16_s.c:230: 
  loop not completely unrolled
[eva] unittests/test_memcpy16_s.c:230: starting to merge loop iterations
[eva:alarm] unittests/test_memcpy16_s.c:232: Warning: 
  accessing uninitialized left-value. assert \initialized(&mem2_4[i]);
[eva:alarm] unittests/test_memcpy16_s.c:231: Warning: 
  accessing uninitialized left-value. assert \initialized(&mem1_6[i]);
[eva:loop-unroll:partial] safeclib/mem_primitives_lib.c:268: 
  loop not completely unrolled
[eva] safeclib/mem_primitives_lib.c:255: starting to merge loop iterations
[kernel] safeclib/mem_primitives_lib.c:263: 
  more than 48(64) elements to enumerate. Approximating.
[kernel] safeclib/mem_primitives_lib.c:263: 
  more than 48(64) elements to enumerate. Approximating.
[kernel] safeclib/mem_primitives_lib.c:263: 
  more than 48(64) elements to enumerate. Approximating.
[kernel] safeclib/mem_primitives_lib.c:263: 
  more than 48(64) elements to enumerate. Approximating.
[kernel] safeclib/mem_primitives_lib.c:264: 
  more than 48(64) elements to enumerate. Approximating.
[kernel] safeclib/mem_primitives_lib.c:264: 
  more than 48(64) elements to enumerate. Approximating.
[kernel] safeclib/mem_primitives_lib.c:264: 
  more than 48(64) elements to enumerate. Approximating.
[kernel] safeclib/mem_primitives_lib.c:264: 
  more than 48(64) elements to enumerate. Approximating.
[kernel] safeclib/mem_primitives_lib.c:265: 
  more than 48(64) elements to enumerate. Approximating.
[kernel] safeclib/mem_primitives_lib.c:265: 
  more than 48(64) elements to enumerate. Approximating.
[kernel] safeclib/mem_primitives_lib.c:265: 
  more than 48(64) elements to enumerate. Approximating.
[kernel] safeclib/mem_primitives_lib.c:265: 
  more than 48(64) elements to enumerate. Approximating.
[kernel] safeclib/mem_primitives_lib.c:266: 
  more than 48(64) elements to enumerate. Approximating.
[kernel] safeclib/mem_primitives_lib.c:266: 
  more than 48(64) elements to enumerate. Approximating.
[kernel] safeclib/mem_primitives_lib.c:266: 
  more than 48(64) elements to enumerate. Approximating.
[kernel] safeclib/mem_primitives_lib.c:266: 
  more than 48(64) elements to enumerate. Approximating.
[eva:loop-unroll:partial] unittests/test_memcpy32_s.c:72: 
  loop not completely unrolled
[eva] unittests/test_memcpy32_s.c:72: starting to merge loop iterations
[eva:loop-unroll:partial] unittests/test_memcpy32_s.c:73: 
  loop not completely unrolled
[eva] unittests/test_memcpy32_s.c:73: starting to merge loop iterations
[eva:alarm] safeclib/memcpy32_s.c:135: Warning: 
  pointer comparison. assert \pointer_comparable((void *)dest_0, (void *)src);
[eva:alarm] safeclib/memcpy32_s.c:135: Warning: 
  pointer comparison.
  assert \pointer_comparable((void *)dest_0, (void *)(src + smax));
[eva:alarm] safeclib/memcpy32_s.c:136: Warning: 
  pointer comparison. assert \pointer_comparable((void *)src, (void *)dest_0);
[eva:alarm] safeclib/memcpy32_s.c:136: Warning: 
  pointer comparison.
  assert \pointer_comparable((void *)src, (void *)(dest_0 + dmax));
[eva:alarm] safeclib/mem_primitives_lib.c:772: Warning: 
  pointer comparison. assert \pointer_comparable((void *)dp, (void *)sp);
[eva:loop-unroll:auto] unittests/test_memcpy32_s.c:82: Automatic loop unrolling.
[eva] using specification for function printf_va_12
[eva:loop-unroll:partial] unittests/test_memcpy32_s.c:91: 
  loop not completely unrolled
[eva] unittests/test_memcpy32_s.c:91: starting to merge loop iterations
[eva:loop-unroll:partial] unittests/test_memcpy32_s.c:92: 
  loop not completely unrolled
[eva] unittests/test_memcpy32_s.c:92: starting to merge loop iterations
[eva:loop-unroll:auto] unittests/test_memcpy32_s.c:101: 
  Automatic loop unrolling.
[eva] using specification for function printf_va_13
[eva:loop-unroll:partial] unittests/test_memcpy32_s.c:110: 
  loop not completely unrolled
[eva] unittests/test_memcpy32_s.c:110: starting to merge loop iterations
[eva:loop-unroll:partial] unittests/test_memcpy32_s.c:111: 
  loop not completely unrolled
[eva] unittests/test_memcpy32_s.c:111: starting to merge loop iterations
[eva:loop-unroll:partial] unittests/test_memcpy32_s.c:121: 
  loop not completely unrolled
[eva] unittests/test_memcpy32_s.c:121: starting to merge loop iterations
[eva:alarm] unittests/test_memcpy32_s.c:122: Warning: 
  accessing uninitialized left-value. assert \initialized(&mem1_6[i]);
[eva:alarm] unittests/test_memcpy32_s.c:123: Warning: 
  accessing uninitialized left-value. assert \initialized(&mem2_4[i]);
[eva] using specification for function printf_va_14
[eva:loop-unroll:partial] unittests/test_memcpy32_s.c:130: 
  loop not completely unrolled
[eva] unittests/test_memcpy32_s.c:130: starting to merge loop iterations
[eva:loop-unroll:partial] unittests/test_memcpy32_s.c:131: 
  loop not completely unrolled
[eva] unittests/test_memcpy32_s.c:131: starting to merge loop iterations
[eva:loop-unroll:partial] unittests/test_memcpy32_s.c:140: 
  loop not completely unrolled
[eva] unittests/test_memcpy32_s.c:140: starting to merge loop iterations
[eva:alarm] unittests/test_memcpy32_s.c:141: Warning: 
  accessing uninitialized left-value. assert \initialized(&mem1_6[i]);
[eva:alarm] unittests/test_memcpy32_s.c:142: Warning: 
  accessing uninitialized left-value. assert \initialized(&mem2_4[i]);
[eva] using specification for function printf_va_15
[eva:loop-unroll:partial] unittests/test_memcpy32_s.c:149: 
  loop not completely unrolled
[eva] unittests/test_memcpy32_s.c:149: starting to merge loop iterations
[eva:loop-unroll:partial] unittests/test_memcpy32_s.c:150: 
  loop not completely unrolled
[eva] unittests/test_memcpy32_s.c:150: starting to merge loop iterations
[eva:loop-unroll:partial] unittests/test_memcpy32_s.c:159: 
  loop not completely unrolled
[eva] unittests/test_memcpy32_s.c:159: starting to merge loop iterations
[eva:alarm] unittests/test_memcpy32_s.c:160: Warning: 
  accessing uninitialized left-value. assert \initialized(&mem1_6[i]);
[eva:alarm] unittests/test_memcpy32_s.c:161: Warning: 
  accessing uninitialized left-value. assert \initialized(&mem2_4[i]);
[eva] using specification for function printf_va_16
[eva:loop-unroll:partial] unittests/test_memcpy32_s.c:168: 
  loop not completely unrolled
[eva] unittests/test_memcpy32_s.c:168: starting to merge loop iterations
[eva:loop-unroll:partial] unittests/test_memcpy32_s.c:169: 
  loop not completely unrolled
[eva] unittests/test_memcpy32_s.c:169: starting to merge loop iterations
[eva:alarm] safeclib/mem_primitives_lib.c:833: Warning: 
  accessing uninitialized left-value. assert \initialized(sp);
[eva:alarm] safeclib/mem_primitives_lib.c:833: Warning: 
  accessing uninitialized left-value. assert \initialized(sp);
[eva:alarm] safeclib/mem_primitives_lib.c:833: Warning: 
  accessing uninitialized left-value. assert \initialized(sp);
[eva:alarm] safeclib/mem_primitives_lib.c:833: Warning: 
  accessing uninitialized left-value. assert \initialized(sp);
[eva:alarm] safeclib/mem_primitives_lib.c:834: Warning: 
  accessing uninitialized left-value. assert \initialized(sp);
[eva:alarm] safeclib/mem_primitives_lib.c:834: Warning: 
  accessing uninitialized left-value. assert \initialized(sp);
[eva:alarm] safeclib/mem_primitives_lib.c:834: Warning: 
  accessing uninitialized left-value. assert \initialized(sp);
[eva:alarm] safeclib/mem_primitives_lib.c:834: Warning: 
  accessing uninitialized left-value. assert \initialized(sp);
[eva:alarm] safeclib/mem_primitives_lib.c:835: Warning: 
  accessing uninitialized left-value. assert \initialized(sp);
[eva:alarm] safeclib/mem_primitives_lib.c:835: Warning: 
  accessing uninitialized left-value. assert \initialized(sp);
[eva:alarm] safeclib/mem_primitives_lib.c:835: Warning: 
  accessing uninitialized left-value. assert \initialized(sp);
[eva:alarm] safeclib/mem_primitives_lib.c:835: Warning: 
  accessing uninitialized left-value. assert \initialized(sp);
[eva:alarm] safeclib/mem_primitives_lib.c:836: Warning: 
  accessing uninitialized left-value. assert \initialized(sp);
[eva:alarm] safeclib/mem_primitives_lib.c:836: Warning: 
  accessing uninitialized left-value. assert \initialized(sp);
[eva:alarm] safeclib/mem_primitives_lib.c:836: Warning: 
  accessing uninitialized left-value. assert \initialized(sp);
[eva:alarm] safeclib/mem_primitives_lib.c:836: Warning: 
  accessing uninitialized left-value. assert \initialized(sp);
[eva:loop-unroll:partial] safeclib/mem_primitives_lib.c:838: 
  loop not completely unrolled
[eva] safeclib/mem_primitives_lib.c:825: starting to merge loop iterations
[kernel] safeclib/mem_primitives_lib.c:833: 
  more than 48(64) elements to enumerate. Approximating.
[kernel] safeclib/mem_primitives_lib.c:833: 
  more than 48(64) elements to enumerate. Approximating.
[kernel] safeclib/mem_primitives_lib.c:833: 
  more than 48(64) elements to enumerate. Approximating.
[kernel] safeclib/mem_primitives_lib.c:834: 
  more than 48(64) elements to enumerate. Approximating.
[kernel] safeclib/mem_primitives_lib.c:834: 
  more than 48(64) elements to enumerate. Approximating.
[kernel] safeclib/mem_primitives_lib.c:836: 
  more than 48(64) elements to enumerate. Approximating.
[eva:loop-unroll:partial] unittests/test_memcpy32_s.c:180: 
  loop not completely unrolled
[eva] unittests/test_memcpy32_s.c:180: starting to merge loop iterations
[eva:loop-unroll:partial] unittests/test_memcpy32_s.c:181: 
  loop not completely unrolled
[eva] unittests/test_memcpy32_s.c:181: starting to merge loop iterations
[eva:loop-unroll:partial] safeclib/mem_primitives_lib.c:287: 
  loop not completely unrolled
[eva:loop-unroll:partial] unittests/test_memcpy32_s.c:191: 
  loop not completely unrolled
[eva] unittests/test_memcpy32_s.c:191: starting to merge loop iterations
[eva:loop-unroll:partial] unittests/test_memcpy32_s.c:200: 
  loop not completely unrolled
[eva] unittests/test_memcpy32_s.c:200: starting to merge loop iterations
[eva:loop-unroll:partial] unittests/test_memcpy32_s.c:201: 
  loop not completely unrolled
[eva] unittests/test_memcpy32_s.c:201: starting to merge loop iterations
[eva:loop-unroll:partial] unittests/test_memcpy32_s.c:211: 
  loop not completely unrolled
[eva] unittests/test_memcpy32_s.c:211: starting to merge loop iterations
[eva:loop-unroll:partial] unittests/test_memcpy32_s.c:220: 
  loop not completely unrolled
[eva] unittests/test_memcpy32_s.c:220: starting to merge loop iterations
[eva:loop-unroll:partial] unittests/test_memcpy32_s.c:221: 
  loop not completely unrolled
[eva] unittests/test_memcpy32_s.c:221: starting to merge loop iterations
[eva:alarm] safeclib/mem_primitives_lib.c:785: Warning: 
  accessing uninitialized left-value.
  assert \initialized(tmp_2);
  (tmp_2 from sp++)
[eva:alarm] safeclib/mem_primitives_lib.c:785: Warning: 
  accessing uninitialized left-value.
  assert \initialized(tmp_4);
  (tmp_4 from sp++)
[eva:alarm] safeclib/mem_primitives_lib.c:785: Warning: 
  accessing uninitialized left-value.
  assert \initialized(tmp_6);
  (tmp_6 from sp++)
[eva:alarm] safeclib/mem_primitives_lib.c:786: Warning: 
  accessing uninitialized left-value.
  assert \initialized(tmp_8);
  (tmp_8 from sp++)
[eva:alarm] safeclib/mem_primitives_lib.c:786: Warning: 
  accessing uninitialized left-value.
  assert \initialized(tmp_10);
  (tmp_10 from sp++)
[eva:alarm] safeclib/mem_primitives_lib.c:786: Warning: 
  accessing uninitialized left-value.
  assert \initialized(tmp_12);
  (tmp_12 from sp++)
[eva:alarm] safeclib/mem_primitives_lib.c:786: Warning: 
  accessing uninitialized left-value.
  assert \initialized(tmp_14);
  (tmp_14 from sp++)
[eva:alarm] safeclib/mem_primitives_lib.c:787: Warning: 
  accessing uninitialized left-value.
  assert \initialized(tmp_16);
  (tmp_16 from sp++)
[eva:alarm] safeclib/mem_primitives_lib.c:787: Warning: 
  accessing uninitialized left-value.
  assert \initialized(tmp_18);
  (tmp_18 from sp++)
[eva:alarm] safeclib/mem_primitives_lib.c:787: Warning: 
  accessing uninitialized left-value.
  assert \initialized(tmp_20);
  (tmp_20 from sp++)
[eva:alarm] safeclib/mem_primitives_lib.c:787: Warning: 
  accessing uninitialized left-value.
  assert \initialized(tmp_22);
  (tmp_22 from sp++)
[eva:alarm] safeclib/mem_primitives_lib.c:788: Warning: 
  accessing uninitialized left-value.
  assert \initialized(tmp_24);
  (tmp_24 from sp++)
[eva:alarm] safeclib/mem_primitives_lib.c:788: Warning: 
  accessing uninitialized left-value.
  assert \initialized(tmp_26);
  (tmp_26 from sp++)
[eva:alarm] safeclib/mem_primitives_lib.c:788: Warning: 
  accessing uninitialized left-value.
  assert \initialized(tmp_28);
  (tmp_28 from sp++)
[eva:alarm] safeclib/mem_primitives_lib.c:788: Warning: 
  accessing uninitialized left-value.
  assert \initialized(tmp_30);
  (tmp_30 from sp++)
[eva:alarm] safeclib/mem_primitives_lib.c:785: Warning: 
  accessing uninitialized left-value.
  assert \initialized(tmp_0);
  (tmp_0 from sp++)
[eva:loop-unroll:partial] safeclib/mem_primitives_lib.c:790: 
  loop not completely unrolled
[eva] safeclib/mem_primitives_lib.c:777: starting to merge loop iterations
[eva] using specification for function printf_va_19
[eva:loop-unroll:partial] unittests/test_memcpy32_s.c:229: 
  loop not completely unrolled
[eva] unittests/test_memcpy32_s.c:229: starting to merge loop iterations
[eva:alarm] unittests/test_memcpy32_s.c:231: Warning: 
  accessing uninitialized left-value. assert \initialized(&mem2_4[i]);
[eva:alarm] unittests/test_memcpy32_s.c:230: Warning: 
  accessing uninitialized left-value. assert \initialized(&mem1_6[i]);
[eva:loop-unroll:partial] unittests/test_memmove_s.c:72: 
  loop not completely unrolled
[eva] unittests/test_memmove_s.c:72: starting to merge loop iterations
[eva:loop-unroll:partial] unittests/test_memmove_s.c:73: 
  loop not completely unrolled
[eva] unittests/test_memmove_s.c:73: starting to merge loop iterations
[eva] using specification for function printf_va_47
[eva:loop-unroll:partial] unittests/test_memmove_s.c:83: 
  loop not completely unrolled
[eva] unittests/test_memmove_s.c:83: starting to merge loop iterations
[eva:loop-unroll:partial] unittests/test_memmove_s.c:92: 
  loop not completely unrolled
[eva] unittests/test_memmove_s.c:92: starting to merge loop iterations
[eva:loop-unroll:partial] unittests/test_memmove_s.c:93: 
  loop not completely unrolled
[eva] unittests/test_memmove_s.c:93: starting to merge loop iterations
[eva] using specification for function printf_va_48
[eva:loop-unroll:partial] unittests/test_memmove_s.c:104: 
  loop not completely unrolled
[eva] unittests/test_memmove_s.c:104: starting to merge loop iterations
[eva:loop-unroll:partial] unittests/test_memmove_s.c:113: 
  loop not completely unrolled
[eva] unittests/test_memmove_s.c:113: starting to merge loop iterations
[eva:loop-unroll:partial] unittests/test_memmove_s.c:114: 
  loop not completely unrolled
[eva] unittests/test_memmove_s.c:114: starting to merge loop iterations
[eva] using specification for function printf_va_49
[eva:loop-unroll:partial] unittests/test_memmove_s.c:125: 
  loop not completely unrolled
[eva] unittests/test_memmove_s.c:125: starting to merge loop iterations
[eva:loop-unroll:partial] unittests/test_memmove_s.c:134: 
  loop not completely unrolled
[eva] unittests/test_memmove_s.c:134: starting to merge loop iterations
[eva:loop-unroll:partial] unittests/test_memmove_s.c:135: 
  loop not completely unrolled
[eva] unittests/test_memmove_s.c:135: starting to merge loop iterations
[eva] using specification for function printf_va_50
[eva:loop-unroll:partial] unittests/test_memmove_s.c:146: 
  loop not completely unrolled
[eva] unittests/test_memmove_s.c:146: starting to merge loop iterations
[eva:loop-unroll:partial] unittests/test_memmove_s.c:155: 
  loop not completely unrolled
[eva] unittests/test_memmove_s.c:155: starting to merge loop iterations
[eva:loop-unroll:partial] unittests/test_memmove_s.c:156: 
  loop not completely unrolled
[eva] unittests/test_memmove_s.c:156: starting to merge loop iterations
[eva:loop-unroll:partial] unittests/test_memmove_s.c:167: 
  loop not completely unrolled
[eva] unittests/test_memmove_s.c:167: starting to merge loop iterations
[eva:loop-unroll:partial] unittests/test_memmove_s.c:168: 
  loop not completely unrolled
[eva] unittests/test_memmove_s.c:168: starting to merge loop iterations
[eva:loop-unroll:partial] unittests/test_memmove_s.c:178: 
  loop not completely unrolled
[eva] using specification for function printf_va_51
[eva] unittests/test_memmove_s.c:178: starting to merge loop iterations
[eva:loop-unroll:partial] unittests/test_memmove_s.c:187: 
  loop not completely unrolled
[eva] unittests/test_memmove_s.c:187: starting to merge loop iterations
[eva:loop-unroll:partial] unittests/test_memmove_s.c:188: 
  loop not completely unrolled
[eva] unittests/test_memmove_s.c:188: starting to merge loop iterations
[eva:loop-unroll:partial] unittests/test_memmove_s.c:198: 
  loop not completely unrolled
[eva] unittests/test_memmove_s.c:198: starting to merge loop iterations
[eva:loop-unroll:partial] unittests/test_memmove_s.c:199: 
  loop not completely unrolled
[eva] unittests/test_memmove_s.c:199: starting to merge loop iterations
[eva:loop-unroll:partial] unittests/test_memmove_s.c:201: 
  loop not completely unrolled
[eva] using specification for function printf_va_52
[eva:loop-unroll:partial] unittests/test_memmove16_s.c:73: 
  loop not completely unrolled
[eva] unittests/test_memmove16_s.c:73: starting to merge loop iterations
[eva:loop-unroll:partial] unittests/test_memmove16_s.c:74: 
  loop not completely unrolled
[eva] unittests/test_memmove16_s.c:74: starting to merge loop iterations
[kernel] safeclib/mem_primitives_lib.c:655: 
  more than 48(64) elements to enumerate. Approximating.
[kernel] safeclib/mem_primitives_lib.c:656: 
  more than 48(64) elements to enumerate. Approximating.
[kernel] safeclib/mem_primitives_lib.c:657: 
  more than 48(64) elements to enumerate. Approximating.
[kernel] safeclib/mem_primitives_lib.c:657: 
  more than 48(64) elements to enumerate. Approximating.
[kernel] safeclib/mem_primitives_lib.c:658: 
  more than 48(64) elements to enumerate. Approximating.
[kernel] safeclib/mem_primitives_lib.c:658: 
  more than 48(64) elements to enumerate. Approximating.
[eva] using specification for function printf_va_35
[eva:loop-unroll:partial] unittests/test_memmove16_s.c:84: 
  loop not completely unrolled
[eva] unittests/test_memmove16_s.c:84: starting to merge loop iterations
[eva:alarm] unittests/test_memmove16_s.c:85: Warning: 
  accessing uninitialized left-value. assert \initialized(&mem1_6[i]);
[eva:alarm] unittests/test_memmove16_s.c:85: Warning: 
  accessing uninitialized left-value. assert \initialized(&mem2_4[i]);
[eva:loop-unroll:partial] unittests/test_memmove16_s.c:95: 
  loop not completely unrolled
[eva] unittests/test_memmove16_s.c:95: starting to merge loop iterations
[eva:loop-unroll:partial] unittests/test_memmove16_s.c:96: 
  loop not completely unrolled
[eva] unittests/test_memmove16_s.c:96: starting to merge loop iterations
[eva:loop-unroll:partial] unittests/test_memmove16_s.c:107: 
  loop not completely unrolled
[eva] unittests/test_memmove16_s.c:107: starting to merge loop iterations
[eva:alarm] unittests/test_memmove16_s.c:108: Warning: 
  accessing uninitialized left-value. assert \initialized(&mem1_6[i]);
[eva] using specification for function printf_va_36
[eva:loop-unroll:partial] unittests/test_memmove16_s.c:116: 
  loop not completely unrolled
[eva] unittests/test_memmove16_s.c:116: starting to merge loop iterations
[eva:loop-unroll:partial] unittests/test_memmove16_s.c:117: 
  loop not completely unrolled
[eva] unittests/test_memmove16_s.c:117: starting to merge loop iterations
[eva:loop-unroll:partial] unittests/test_memmove16_s.c:128: 
  loop not completely unrolled
[eva] unittests/test_memmove16_s.c:128: starting to merge loop iterations
[eva:alarm] unittests/test_memmove16_s.c:129: Warning: 
  accessing uninitialized left-value. assert \initialized(&mem1_6[i]);
[eva] using specification for function printf_va_37
[eva:loop-unroll:partial] unittests/test_memmove16_s.c:139: 
  loop not completely unrolled
[eva] unittests/test_memmove16_s.c:139: starting to merge loop iterations
[eva:loop-unroll:partial] unittests/test_memmove16_s.c:140: 
  loop not completely unrolled
[eva] unittests/test_memmove16_s.c:140: starting to merge loop iterations
[eva:loop-unroll:partial] unittests/test_memmove16_s.c:151: 
  loop not completely unrolled
[eva] unittests/test_memmove16_s.c:151: starting to merge loop iterations
[eva:alarm] unittests/test_memmove16_s.c:152: Warning: 
  accessing uninitialized left-value. assert \initialized(&mem1_6[i]);
[eva] using specification for function printf_va_38
[eva:loop-unroll:partial] unittests/test_memmove16_s.c:160: 
  loop not completely unrolled
[eva] unittests/test_memmove16_s.c:160: starting to merge loop iterations
[eva:loop-unroll:partial] unittests/test_memmove16_s.c:161: 
  loop not completely unrolled
[eva] unittests/test_memmove16_s.c:161: starting to merge loop iterations
[eva:loop-unroll:partial] unittests/test_memmove16_s.c:172: 
  loop not completely unrolled
[eva] unittests/test_memmove16_s.c:172: starting to merge loop iterations
[eva:loop-unroll:partial] unittests/test_memmove16_s.c:173: 
  loop not completely unrolled
[eva] unittests/test_memmove16_s.c:173: starting to merge loop iterations
[eva:loop-unroll:partial] unittests/test_memmove16_s.c:183: 
  loop not completely unrolled
[eva] using specification for function printf_va_39
[eva] unittests/test_memmove16_s.c:183: starting to merge loop iterations
[eva:loop-unroll:partial] unittests/test_memmove16_s.c:192: 
  loop not completely unrolled
[eva] unittests/test_memmove16_s.c:192: starting to merge loop iterations
[eva:loop-unroll:partial] unittests/test_memmove16_s.c:193: 
  loop not completely unrolled
[eva] unittests/test_memmove16_s.c:193: starting to merge loop iterations
[eva:loop-unroll:partial] unittests/test_memmove16_s.c:203: 
  loop not completely unrolled
[eva:loop-unroll:partial] unittests/test_memmove32_s.c:73: 
  loop not completely unrolled
[eva] unittests/test_memmove32_s.c:73: starting to merge loop iterations
[eva:loop-unroll:partial] unittests/test_memmove32_s.c:74: 
  loop not completely unrolled
[eva] unittests/test_memmove32_s.c:74: starting to merge loop iterations
[kernel] safeclib/mem_primitives_lib.c:785: 
  more than 48(64) elements to enumerate. Approximating.
[kernel] safeclib/mem_primitives_lib.c:785: 
  more than 48(64) elements to enumerate. Approximating.
[kernel] safeclib/mem_primitives_lib.c:787: 
  more than 48(64) elements to enumerate. Approximating.
[kernel] safeclib/mem_primitives_lib.c:787: 
  more than 48(64) elements to enumerate. Approximating.
[kernel] safeclib/mem_primitives_lib.c:787: 
  more than 48(64) elements to enumerate. Approximating.
[kernel] safeclib/mem_primitives_lib.c:787: 
  more than 48(64) elements to enumerate. Approximating.
[kernel] safeclib/mem_primitives_lib.c:788: 
  more than 48(64) elements to enumerate. Approximating.
[kernel] safeclib/mem_primitives_lib.c:788: 
  more than 48(64) elements to enumerate. Approximating.
[kernel] safeclib/mem_primitives_lib.c:788: 
  more than 48(64) elements to enumerate. Approximating.
[eva] using specification for function printf_va_41
[eva:loop-unroll:partial] unittests/test_memmove32_s.c:84: 
  loop not completely unrolled
[eva] unittests/test_memmove32_s.c:84: starting to merge loop iterations
[eva:alarm] unittests/test_memmove32_s.c:85: Warning: 
  accessing uninitialized left-value. assert \initialized(&mem1_6[i]);
[eva:alarm] unittests/test_memmove32_s.c:85: Warning: 
  accessing uninitialized left-value. assert \initialized(&mem2_4[i]);
[eva:loop-unroll:partial] unittests/test_memmove32_s.c:95: 
  loop not completely unrolled
[eva] unittests/test_memmove32_s.c:95: starting to merge loop iterations
[eva:loop-unroll:partial] unittests/test_memmove32_s.c:96: 
  loop not completely unrolled
[eva] unittests/test_memmove32_s.c:96: starting to merge loop iterations
[eva:loop-unroll:partial] unittests/test_memmove32_s.c:107: 
  loop not completely unrolled
[eva] unittests/test_memmove32_s.c:107: starting to merge loop iterations
[eva:alarm] unittests/test_memmove32_s.c:108: Warning: 
  accessing uninitialized left-value. assert \initialized(&mem1_6[i]);
[eva] using specification for function printf_va_42
[eva:loop-unroll:partial] unittests/test_memmove32_s.c:116: 
  loop not completely unrolled
[eva] unittests/test_memmove32_s.c:116: starting to merge loop iterations
[eva:loop-unroll:partial] unittests/test_memmove32_s.c:117: 
  loop not completely unrolled
[eva] unittests/test_memmove32_s.c:117: starting to merge loop iterations
[eva:loop-unroll:partial] unittests/test_memmove32_s.c:128: 
  loop not completely unrolled
[eva] unittests/test_memmove32_s.c:128: starting to merge loop iterations
[eva:alarm] unittests/test_memmove32_s.c:129: Warning: 
  accessing uninitialized left-value. assert \initialized(&mem1_6[i]);
[eva] using specification for function printf_va_43
[eva:loop-unroll:partial] unittests/test_memmove32_s.c:139: 
  loop not completely unrolled
[eva] unittests/test_memmove32_s.c:139: starting to merge loop iterations
[eva:loop-unroll:partial] unittests/test_memmove32_s.c:140: 
  loop not completely unrolled
[eva] unittests/test_memmove32_s.c:140: starting to merge loop iterations
[eva:loop-unroll:partial] unittests/test_memmove32_s.c:151: 
  loop not completely unrolled
[eva] unittests/test_memmove32_s.c:151: starting to merge loop iterations
[eva:alarm] unittests/test_memmove32_s.c:152: Warning: 
  accessing uninitialized left-value. assert \initialized(&mem1_6[i]);
[eva] using specification for function printf_va_44
[eva:loop-unroll:partial] unittests/test_memmove32_s.c:160: 
  loop not completely unrolled
[eva] unittests/test_memmove32_s.c:160: starting to merge loop iterations
[eva:loop-unroll:partial] unittests/test_memmove32_s.c:161: 
  loop not completely unrolled
[eva] unittests/test_memmove32_s.c:161: starting to merge loop iterations
[eva:loop-unroll:partial] unittests/test_memmove32_s.c:172: 
  loop not completely unrolled
[eva] unittests/test_memmove32_s.c:172: starting to merge loop iterations
[eva:loop-unroll:partial] unittests/test_memmove32_s.c:173: 
  loop not completely unrolled
[eva] unittests/test_memmove32_s.c:173: starting to merge loop iterations
[eva:loop-unroll:partial] unittests/test_memmove32_s.c:183: 
  loop not completely unrolled
[eva] using specification for function printf_va_45
[eva] unittests/test_memmove32_s.c:183: starting to merge loop iterations
[eva:loop-unroll:partial] unittests/test_memmove32_s.c:192: 
  loop not completely unrolled
[eva] unittests/test_memmove32_s.c:192: starting to merge loop iterations
[eva:loop-unroll:partial] unittests/test_memmove32_s.c:193: 
  loop not completely unrolled
[eva] unittests/test_memmove32_s.c:193: starting to merge loop iterations
[eva:loop-unroll:partial] unittests/test_memmove32_s.c:203: 
  loop not completely unrolled
[eva:loop-unroll:partial] unittests/test_memset_s.c:45: 
  loop not completely unrolled
[eva] unittests/test_memset_s.c:45: starting to merge loop iterations
[eva:loop-unroll:auto] unittests/test_memset_s.c:56: Automatic loop unrolling.
[eva:loop-unroll:partial] unittests/test_memset_s.c:65: 
  loop not completely unrolled
[eva] unittests/test_memset_s.c:65: starting to merge loop iterations
[eva:loop-unroll:auto] unittests/test_memset_s.c:76: Automatic loop unrolling.
[eva:loop-unroll:partial] unittests/test_memset_s.c:85: 
  loop not completely unrolled
[eva] unittests/test_memset_s.c:85: starting to merge loop iterations
[eva:loop-unroll:partial] unittests/test_memset_s.c:96: 
  loop not completely unrolled
[eva] using specification for function printf_va_65
[eva:loop-unroll:partial] unittests/test_memset_s.c:105: 
  loop not completely unrolled
[eva] unittests/test_memset_s.c:105: starting to merge loop iterations
[eva] using specification for function printf_va_66
[eva:loop-unroll:partial] unittests/test_memset_s.c:116: 
  loop not completely unrolled
[eva] unittests/test_memset_s.c:116: starting to merge loop iterations
[eva:loop-unroll:partial] unittests/test_memset_s.c:125: 
  loop not completely unrolled
[eva] unittests/test_memset_s.c:125: starting to merge loop iterations
[eva] using specification for function printf_va_67
[eva:loop-unroll:partial] unittests/test_memset_s.c:136: 
  loop not completely unrolled
[eva] unittests/test_memset_s.c:136: starting to merge loop iterations
[eva:loop-unroll:partial] unittests/test_memset16_s.c:45: 
  loop not completely unrolled
[eva] unittests/test_memset16_s.c:45: starting to merge loop iterations
[eva:loop-unroll:auto] unittests/test_memset16_s.c:56: Automatic loop unrolling.
[eva:loop-unroll:partial] unittests/test_memset16_s.c:65: 
  loop not completely unrolled
[eva] unittests/test_memset16_s.c:65: starting to merge loop iterations
[eva:loop-unroll:auto] unittests/test_memset16_s.c:76: Automatic loop unrolling.
[eva:loop-unroll:partial] unittests/test_memset16_s.c:85: 
  loop not completely unrolled
[eva] unittests/test_memset16_s.c:85: starting to merge loop iterations
[eva:loop-unroll:partial] unittests/test_memset16_s.c:96: 
  loop not completely unrolled
[eva:loop-unroll:partial] unittests/test_memset16_s.c:105: 
  loop not completely unrolled
[eva] unittests/test_memset16_s.c:105: starting to merge loop iterations
[eva:loop-unroll:partial] unittests/test_memset16_s.c:116: 
  loop not completely unrolled
[eva] unittests/test_memset16_s.c:116: starting to merge loop iterations
[eva:loop-unroll:partial] unittests/test_memset16_s.c:125: 
  loop not completely unrolled
[eva] unittests/test_memset16_s.c:125: starting to merge loop iterations
[eva:loop-unroll:partial] unittests/test_memset16_s.c:136: 
  loop not completely unrolled
[eva] unittests/test_memset16_s.c:136: starting to merge loop iterations
[eva:loop-unroll:partial] unittests/test_memset32_s.c:36: 
  loop not completely unrolled
[eva] unittests/test_memset32_s.c:36: starting to merge loop iterations
[eva:loop-unroll:partial] unittests/test_memset32_s.c:48: 
  loop not completely unrolled
[eva] unittests/test_memset32_s.c:48: starting to merge loop iterations
[eva:loop-unroll:auto] unittests/test_memset32_s.c:59: Automatic loop unrolling.
[eva:loop-unroll:partial] unittests/test_memset32_s.c:68: 
  loop not completely unrolled
[eva] unittests/test_memset32_s.c:68: starting to merge loop iterations
[eva:loop-unroll:auto] unittests/test_memset32_s.c:79: Automatic loop unrolling.
[eva:loop-unroll:partial] unittests/test_memset32_s.c:88: 
  loop not completely unrolled
[eva] unittests/test_memset32_s.c:88: starting to merge loop iterations
[eva:loop-unroll:partial] unittests/test_memset32_s.c:99: 
  loop not completely unrolled
[eva:loop-unroll:partial] unittests/test_memset32_s.c:108: 
  loop not completely unrolled
[eva] unittests/test_memset32_s.c:108: starting to merge loop iterations
[eva:loop-unroll:partial] unittests/test_memset32_s.c:119: 
  loop not completely unrolled
[eva] unittests/test_memset32_s.c:119: starting to merge loop iterations
[eva:loop-unroll:partial] unittests/test_memset32_s.c:128: 
  loop not completely unrolled
[eva] unittests/test_memset32_s.c:128: starting to merge loop iterations
[eva:loop-unroll:partial] unittests/test_memset32_s.c:139: 
  loop not completely unrolled
[eva] unittests/test_memset32_s.c:139: starting to merge loop iterations
[eva:loop-unroll:partial] unittests/test_memzero_s.c:48: 
  loop not completely unrolled
[eva] unittests/test_memzero_s.c:48: starting to merge loop iterations
[eva:loop-unroll:auto] unittests/test_memzero_s.c:58: Automatic loop unrolling.
[eva:loop-unroll:partial] unittests/test_memzero_s.c:67: 
  loop not completely unrolled
[eva] unittests/test_memzero_s.c:67: starting to merge loop iterations
[eva:loop-unroll:auto] unittests/test_memzero_s.c:77: Automatic loop unrolling.
[eva:loop-unroll:partial] unittests/test_memzero_s.c:86: 
  loop not completely unrolled
[eva] unittests/test_memzero_s.c:86: starting to merge loop iterations
[eva:loop-unroll:auto] unittests/test_memzero_s.c:96: Automatic loop unrolling.
[eva:loop-unroll:partial] unittests/test_memzero_s.c:105: 
  loop not completely unrolled
[eva] unittests/test_memzero_s.c:105: starting to merge loop iterations
[eva] using specification for function printf_va_79
[eva:loop-unroll:partial] unittests/test_memzero_s.c:115: 
  loop not completely unrolled
[eva] unittests/test_memzero_s.c:115: starting to merge loop iterations
[eva:alarm] unittests/test_memzero_s.c:116: Warning: 
  accessing uninitialized left-value. assert \initialized(&mem1_6[i]);
[eva:loop-unroll:partial] unittests/test_memzero16_s.c:48: 
  loop not completely unrolled
[eva] unittests/test_memzero16_s.c:48: starting to merge loop iterations
[eva:loop-unroll:auto] unittests/test_memzero16_s.c:58: 
  Automatic loop unrolling.
[eva:loop-unroll:partial] unittests/test_memzero16_s.c:67: 
  loop not completely unrolled
[eva] unittests/test_memzero16_s.c:67: starting to merge loop iterations
[eva:loop-unroll:auto] unittests/test_memzero16_s.c:77: 
  Automatic loop unrolling.
[eva:loop-unroll:partial] unittests/test_memzero16_s.c:86: 
  loop not completely unrolled
[eva] unittests/test_memzero16_s.c:86: starting to merge loop iterations
[eva:loop-unroll:auto] unittests/test_memzero16_s.c:96: 
  Automatic loop unrolling.
[eva:loop-unroll:partial] unittests/test_memzero16_s.c:105: 
  loop not completely unrolled
[eva] unittests/test_memzero16_s.c:105: starting to merge loop iterations
[eva:loop-unroll:partial] unittests/test_memzero16_s.c:115: 
  loop not completely unrolled
[eva] unittests/test_memzero16_s.c:115: starting to merge loop iterations
[eva:alarm] unittests/test_memzero16_s.c:116: Warning: 
  accessing uninitialized left-value. assert \initialized(&mem1_6[i]);
[eva] using specification for function printf_va_71
[eva:loop-unroll:partial] unittests/test_memzero32_s.c:48: 
  loop not completely unrolled
[eva] unittests/test_memzero32_s.c:48: starting to merge loop iterations
[eva:loop-unroll:auto] unittests/test_memzero32_s.c:58: 
  Automatic loop unrolling.
[eva:loop-unroll:partial] unittests/test_memzero32_s.c:67: 
  loop not completely unrolled
[eva] unittests/test_memzero32_s.c:67: starting to merge loop iterations
[eva:loop-unroll:auto] unittests/test_memzero32_s.c:77: 
  Automatic loop unrolling.
[eva:loop-unroll:partial] unittests/test_memzero32_s.c:86: 
  loop not completely unrolled
[eva] unittests/test_memzero32_s.c:86: starting to merge loop iterations
[eva:loop-unroll:auto] unittests/test_memzero32_s.c:96: 
  Automatic loop unrolling.
[eva:loop-unroll:partial] unittests/test_memzero32_s.c:105: 
  loop not completely unrolled
[eva] unittests/test_memzero32_s.c:105: starting to merge loop iterations
[eva:loop-unroll:partial] unittests/test_memzero32_s.c:115: 
  loop not completely unrolled
[eva] unittests/test_memzero32_s.c:115: starting to merge loop iterations
[eva:alarm] unittests/test_memzero32_s.c:116: Warning: 
  accessing uninitialized left-value. assert \initialized(&mem1_6[i]);
[eva] using specification for function printf_va_75
[eva] using specification for function printf_va_80
[eva] using specification for function printf_va_81
[eva] using specification for function printf_va_84
[eva] using specification for function printf_va_87
[eva] using specification for function printf_va_90
[eva] using specification for function strcpy
[eva] FRAMAC_SHARE/libc/string.h:373: 
  cannot evaluate ACSL term, unsupported ACSL construct: logic function strcmp
[eva] using specification for function printf_va_94
[eva:loop-unroll:auto] safeclib/stpcpy_s.c:147: Automatic loop unrolling.
[eva] using specification for function printf_va_95
[eva] using specification for function printf_va_96
[eva] using specification for function printf_va_97
[eva:loop-unroll:partial] safeclib/stpcpy_s.c:158: loop not completely unrolled
[eva] safeclib/stpcpy_s.c:147: starting to merge loop iterations
[eva:loop-unroll:partial] safeclib/strnlen_s.c:107: loop not completely unrolled
[eva] safeclib/strnlen_s.c:104: starting to merge loop iterations
[eva] safeclib/strnlen_s.c:110: cannot properly split on \result == 3
[eva] using specification for function printf_va_99
[eva] using specification for function printf_va_100
[eva:loop-unroll:partial] safeclib/stpcpy_s.c:193: loop not completely unrolled
[eva] using specification for function printf_va_101
[eva] using specification for function printf_va_102
[eva] using specification for function printf_va_103
[eva] using specification for function printf_va_104
[eva:loop-unroll:partial] safeclib/stpcpy_s.c:221: loop not completely unrolled
[eva] using specification for function printf_va_105
[eva] using specification for function printf_va_106
[eva] using specification for function printf_va_107
[eva] using specification for function printf_va_108
[eva:alarm] safeclib/stpcpy_s.c:168: Warning: 
  pointer comparison. assert \pointer_comparable((void *)dest_0, (void *)src);
[eva] using specification for function printf_va_112
[eva] using specification for function printf_va_116
[eva] using specification for function strcmp
[eva] FRAMAC_SHARE/libc/string.h:156: 
  cannot evaluate ACSL term, unsupported ACSL construct: logic function strcmp
[eva] using specification for function printf_va_118
[eva] using specification for function printf_va_119
[eva] using specification for function printf_va_120
[eva] using specification for function printf_va_122
[eva] using specification for function printf_va_123
[eva] using specification for function printf_va_124
[eva:loop-unroll:auto] safeclib/stpcpy_s.c:172: Automatic loop unrolling.
[eva:loop-unroll:auto] safeclib/stpcpy_s.c:199: Automatic loop unrolling.
[eva] using specification for function printf_va_125
[eva] using specification for function printf_va_126
[eva] using specification for function printf_va_128
[eva] using specification for function printf_va_129
[eva] using specification for function printf_va_130
[eva] using specification for function printf_va_131
[eva] using specification for function printf_va_132
[eva] using specification for function printf_va_133
[eva] using specification for function printf_va_134
[eva] using specification for function printf_va_135
[eva] using specification for function printf_va_136
[eva] using specification for function printf_va_137
[eva] using specification for function printf_va_138
[eva] using specification for function printf_va_139
[eva] using specification for function printf_va_140
[eva] using specification for function printf_va_141
[eva] using specification for function printf_va_144
[eva] using specification for function printf_va_147
[eva] using specification for function printf_va_150
[eva] using specification for function printf_va_154
[eva:loop-unroll:auto] safeclib/stpncpy_s.c:217: Automatic loop unrolling.
[eva:loop-unroll:auto] safeclib/stpncpy_s.c:221: Automatic loop unrolling.
[eva:loop-unroll:partial] safeclib/stpncpy_s.c:221: loop not completely unrolled
[eva] using specification for function printf_va_155
[eva] using specification for function printf_va_156
[eva] using specification for function printf_va_157
[eva:loop-unroll:partial] safeclib/stpncpy_s.c:231: loop not completely unrolled
[eva] safeclib/stpncpy_s.c:217: starting to merge loop iterations
[eva:alarm] safeclib/stpncpy_s.c:221: Warning: 
  out of bounds write. assert \valid(filler);
[eva] safeclib/stpncpy_s.c:221: starting to merge loop iterations
[eva] using specification for function printf_va_159
[eva] using specification for function printf_va_160
[eva:loop-unroll:auto] safeclib/stpncpy_s.c:260: Automatic loop unrolling.
[eva:loop-unroll:partial] safeclib/stpncpy_s.c:271: loop not completely unrolled
[eva:loop-unroll:partial] safeclib/stpncpy_s.c:260: loop not completely unrolled
[eva] using specification for function printf_va_161
[eva] using specification for function printf_va_162
[eva] using specification for function printf_va_163
[eva] using specification for function printf_va_164
[eva] using specification for function printf_va_165
[eva] using specification for function printf_va_166
[eva] using specification for function printf_va_167
[eva] using specification for function printf_va_168
[eva:alarm] safeclib/stpncpy_s.c:162: Warning: 
  pointer comparison. assert \pointer_comparable((void *)src, (void *)dest_0);
[eva:alarm] safeclib/stpncpy_s.c:162: Warning: 
  pointer comparison.
  assert \pointer_comparable((void *)(src + smax), (void *)dest_0);
[eva:alarm] safeclib/stpncpy_s.c:171: Warning: 
  pointer comparison. assert \pointer_comparable((void *)dest_0, (void *)src);
[eva:alarm] safeclib/stpncpy_s.c:171: Warning: 
  pointer comparison.
  assert \pointer_comparable((void *)(dest_0 + smax), (void *)src);
[eva] using specification for function printf_va_169
[eva] using specification for function printf_va_170
[eva] using specification for function printf_va_172
[eva] using specification for function printf_va_173
[eva] using specification for function printf_va_174
[eva] using specification for function printf_va_176
[eva] safeclib/stpncpy_s.c:245: starting to merge loop iterations
[eva:alarm] safeclib/stpncpy_s.c:260: Warning: 
  out of bounds write. assert \valid(filler_0);
[eva] safeclib/stpncpy_s.c:260: starting to merge loop iterations
[eva] using specification for function printf_va_177
[eva:alarm] unittests/test_stpncpy_s.c:357: Warning: 
  function strcmp: precondition 'valid_string_s1' got status unknown.
[eva] using specification for function printf_va_178
[eva:alarm] unittests/test_stpncpy_s.c:359: Warning: 
  function printf_va_178: precondition valid_read_string(param2) got status unknown.
[eva:alarm] safeclib/strnlen_s.c:104: Warning: 
  out of bounds read. assert \valid_read(dest_0);
[eva] using specification for function printf_va_179
[eva] using specification for function printf_va_180
[eva] using specification for function printf_va_181
[eva] using specification for function printf_va_182
[eva] using specification for function strncmp
[eva] FRAMAC_SHARE/libc/string.h:163: 
  cannot evaluate ACSL term, unsupported ACSL construct: logic function strncmp
[eva] using specification for function printf_va_183
[eva:alarm] unittests/test_stpncpy_s.c:390: Warning: 
  function printf_va_183: precondition valid_read_string(param2) got status unknown.
[eva:loop-unroll:auto] unittests/test_stpncpy_s.c:394: Automatic loop unrolling.
[eva] using specification for function printf_va_184
[eva] using specification for function printf_va_185
[eva] using specification for function printf_va_186
[eva] using specification for function printf_va_187
[eva:alarm] unittests/test_stpncpy_s.c:421: Warning: 
  function strcmp: precondition 'valid_string_s1' got status unknown.
[eva] using specification for function printf_va_188
[eva:alarm] unittests/test_stpncpy_s.c:423: Warning: 
  function printf_va_188: precondition valid_read_string(param2) got status unknown.
[eva:loop-unroll:auto] unittests/test_stpncpy_s.c:427: Automatic loop unrolling.
[eva] using specification for function printf_va_189
[eva] using specification for function printf_va_190
[eva:loop-unroll:partial] unittests/test_stpncpy_s.c:434: 
  loop not completely unrolled
[eva] unittests/test_stpncpy_s.c:434: starting to merge loop iterations
[eva] using specification for function printf_va_191
[eva] using specification for function printf_va_192
[eva] using specification for function printf_va_193
[eva:alarm] unittests/test_stpncpy_s.c:462: Warning: 
  function strcmp: precondition 'valid_string_s1' got status unknown.
[eva] using specification for function printf_va_194
[eva:alarm] unittests/test_stpncpy_s.c:464: Warning: 
  function printf_va_194: precondition valid_read_string(param2) got status unknown.
[eva:loop-unroll:auto] unittests/test_stpncpy_s.c:468: Automatic loop unrolling.
[eva] using specification for function printf_va_195
[eva] using specification for function printf_va_196
[eva] using specification for function printf_va_197
[eva] using specification for function printf_va_198
[eva:alarm] unittests/test_stpncpy_s.c:496: Warning: 
  function strcmp: precondition 'valid_string_s1' got status unknown.
[eva] using specification for function printf_va_199
[eva:alarm] unittests/test_stpncpy_s.c:498: Warning: 
  function printf_va_199: precondition valid_read_string(param2) got status unknown.
[eva:loop-unroll:auto] unittests/test_stpncpy_s.c:502: Automatic loop unrolling.
[eva] using specification for function printf_va_200
[eva] using specification for function printf_va_201
[eva:loop-unroll:auto] safeclib/stpncpy_s.c:245: Automatic loop unrolling.
[eva] using specification for function printf_va_202
[eva] using specification for function printf_va_203
[eva] using specification for function printf_va_205
[eva] using specification for function printf_va_206
[eva] using specification for function printf_va_207
[eva] using specification for function printf_va_208
[eva:alarm] unittests/test_stpncpy_s.c:553: Warning: 
  function printf_va_208: precondition valid_read_string(param2) got status unknown.
[eva] using specification for function printf_va_209
[eva] using specification for function printf_va_210
[eva:alarm] unittests/test_stpncpy_s.c:572: Warning: 
  function strcmp: precondition 'valid_string_s1' got status unknown.
[eva] using specification for function printf_va_211
[eva:alarm] unittests/test_stpncpy_s.c:574: Warning: 
  function printf_va_211: precondition valid_read_string(param2) got status unknown.
[eva] using specification for function printf_va_212
[eva] using specification for function printf_va_213
[eva] using specification for function printf_va_214
[eva] using specification for function printf_va_215
[eva:alarm] unittests/test_stpncpy_s.c:600: Warning: 
  function strcmp: precondition 'valid_string_s1' got status unknown.
[eva] using specification for function printf_va_216
[eva:alarm] unittests/test_stpncpy_s.c:602: Warning: 
  function printf_va_216: precondition valid_read_string(param2) got status unknown.
[eva] using specification for function toupper
[eva] using specification for function strcasecmp
[eva] using specification for function printf_va_228
[eva:loop-unroll:auto] safeclib/strcasecmp_s.c:130: Automatic loop unrolling.
[eva] using specification for function printf_va_230
[eva] using specification for function printf_va_232
[eva] using specification for function printf_va_234
[eva:loop-unroll:partial] safeclib/strcasecmp_s.c:138: 
  loop not completely unrolled
[eva] safeclib/strcasecmp_s.c:130: starting to merge loop iterations
[eva] using specification for function printf_va_236
[eva] using specification for function printf_va_237
[eva] using specification for function printf_va_239
[eva] using specification for function printf_va_241
[eva] using specification for function printf_va_243
[eva] using specification for function printf_va_245
[eva] using specification for function strcasestr
[eva:alarm] unittests/test_strcasestr_s.c:133: Warning: 
  pointer downcast. assert (unsigned long)sub ≤ 2147483647;
[eva:alarm] unittests/test_strcasestr_s.c:133: Warning: 
  pointer downcast. assert (unsigned long)std_sub ≤ 2147483647;
[eva] using specification for function printf_va_261
[eva] using specification for function printf_va_262
[eva] using specification for function printf_va_263
[eva] using specification for function printf_va_264
[eva] using specification for function printf_va_265
[eva:alarm] unittests/test_strcasestr_s.c:159: Warning: 
  function strcasestr: precondition 'valid_string_haystack' got status unknown.
[eva:alarm] unittests/test_strcasestr_s.c:160: Warning: 
  pointer downcast. assert (unsigned long)sub ≤ 2147483647;
[eva:alarm] unittests/test_strcasestr_s.c:160: Warning: 
  pointer downcast. assert (unsigned long)std_sub ≤ 2147483647;
[eva] using specification for function printf_va_268
[eva] using specification for function printf_va_269
[eva:alarm] unittests/test_strcasestr_s.c:163: Warning: 
  function printf_va_269: precondition valid_read_string(param0) got status unknown.
[eva] using specification for function printf_va_270
[eva] using specification for function printf_va_271
[eva] using specification for function printf_va_272
[eva:alarm] unittests/test_strcasestr_s.c:187: Warning: 
  function strcasestr: precondition 'valid_string_haystack' got status unknown.
[eva:alarm] unittests/test_strcasestr_s.c:188: Warning: 
  pointer downcast. assert (unsigned long)sub ≤ 2147483647;
[eva:alarm] unittests/test_strcasestr_s.c:188: Warning: 
  pointer downcast. assert (unsigned long)std_sub ≤ 2147483647;
[eva] using specification for function printf_va_275
[eva] using specification for function printf_va_276
[eva:alarm] unittests/test_strcasestr_s.c:191: Warning: 
  function printf_va_276: precondition valid_read_string(param0) got status unknown.
[eva] using specification for function printf_va_277
[eva] using specification for function printf_va_278
[eva] using specification for function printf_va_279
[eva:alarm] safeclib/strcasestr_s.c:156: Warning: 
  function toupper: precondition 'c_uchar_of_eof' got status unknown.
[eva:alarm] safeclib/strcasestr_s.c:156: Warning: 
  function toupper: precondition 'c_uchar_of_eof' got status unknown.
[eva:alarm] safeclib/strcasestr_s.c:165: Warning: 
  accessing uninitialized left-value. assert \initialized(src + i);
[eva:alarm] safeclib/strcasestr_s.c:153: Warning: 
  accessing uninitialized left-value. assert \initialized(dest_0 + i);
[eva:alarm] safeclib/strcasestr_s.c:148: Warning: 
  accessing uninitialized left-value. assert \initialized(dest_0);
[eva:loop-unroll:partial] safeclib/strcasestr_s.c:171: 
  loop not completely unrolled
[eva] safeclib/strcasestr_s.c:153: starting to merge loop iterations
[eva:alarm] safeclib/strcasestr_s.c:156: Warning: 
  accessing uninitialized left-value. assert \initialized(dest_0 + i);
[eva] safeclib/strcasestr_s.c:156: 
  Trace partitioning superposing up to 100 states
[eva] safeclib/strcasestr_s.c:148: starting to merge loop iterations
[eva] using specification for function printf_va_280
[eva] using specification for function printf_va_281
[eva:loop-unroll:partial] safeclib/strcasestr_s.c:165: 
  loop not completely unrolled
[eva:alarm] safeclib/strcasestr_s.c:156: Warning: 
  accessing uninitialized left-value. assert \initialized(src + i);
[eva:alarm] safeclib/strcasestr_s.c:153: Warning: 
  out of bounds read. assert \valid_read(dest_0 + i);
[eva:alarm] safeclib/strcasestr_s.c:156: Warning: 
  out of bounds read. assert \valid_read(dest_0 + i);
[eva] safeclib/strcasestr_s.c:156: 
  Trace partitioning superposing up to 200 states
[eva] using specification for function printf_va_282
[eva] using specification for function printf_va_283
[eva] using specification for function printf_va_284
[eva] using specification for function printf_va_285
[eva:alarm] unittests/test_strcasestr_s.c:253: Warning: 
  function strlen: precondition 'valid_string_s' got status unknown.
[eva:alarm] unittests/test_strcasestr_s.c:254: Warning: 
  function strlen: precondition 'valid_string_s' got status unknown.
[eva] unittests/test_strcasestr_s.c:258: 
  Trace partitioning superposing up to 100 states
[eva] using specification for function printf_va_286
[eva] using specification for function printf_va_287
[eva:alarm] unittests/test_strcasestr_s.c:269: Warning: 
  function strcasestr: precondition 'valid_string_haystack' got status unknown.
[eva:alarm] unittests/test_strcasestr_s.c:269: Warning: 
  function strcasestr: precondition 'valid_string_needle' got status unknown.
[eva:alarm] unittests/test_strcasestr_s.c:270: Warning: 
  pointer downcast. assert (unsigned long)sub ≤ 2147483647;
[eva:alarm] unittests/test_strcasestr_s.c:270: Warning: 
  pointer downcast. assert (unsigned long)std_sub ≤ 2147483647;
[eva] using specification for function printf_va_288
[eva] using specification for function printf_va_289
[eva:alarm] unittests/test_strcasestr_s.c:273: Warning: 
  function printf_va_289: precondition valid_read_string(param0) got status unknown.
[eva] using specification for function printf_va_290
[eva:alarm] unittests/test_strcasestr_s.c:274: Warning: 
  function printf_va_290: precondition valid_read_string(param0) got status unknown.
[eva] using specification for function printf_va_291
[eva] using specification for function printf_va_292
[eva:alarm] unittests/test_strcasestr_s.c:284: Warning: 
  function strlen: precondition 'valid_string_s' got status unknown.
[eva:alarm] unittests/test_strcasestr_s.c:285: Warning: 
  function strlen: precondition 'valid_string_s' got status unknown.
[eva:loop-unroll:auto] safeclib/strcasestr_s.c:153: Automatic loop unrolling.
[eva] using specification for function printf_va_293
[eva] using specification for function printf_va_294
[eva:alarm] unittests/test_strcasestr_s.c:300: Warning: 
  function strcasestr: precondition 'valid_string_haystack' got status unknown.
[eva:alarm] unittests/test_strcasestr_s.c:300: Warning: 
  function strcasestr: precondition 'valid_string_needle' got status unknown.
[eva:alarm] unittests/test_strcasestr_s.c:301: Warning: 
  pointer downcast. assert (unsigned long)sub ≤ 2147483647;
[eva:alarm] unittests/test_strcasestr_s.c:301: Warning: 
  pointer downcast. assert (unsigned long)std_sub ≤ 2147483647;
[eva] using specification for function printf_va_295
[eva] using specification for function printf_va_296
[eva:alarm] unittests/test_strcasestr_s.c:304: Warning: 
  function printf_va_296: precondition valid_read_string(param0) got status unknown.
[eva] using specification for function printf_va_297
[eva:alarm] unittests/test_strcasestr_s.c:305: Warning: 
  function printf_va_297: precondition valid_read_string(param0) got status unknown.
[eva] using specification for function printf_va_298
[eva] using specification for function printf_va_299
[eva:loop-unroll:auto] safeclib/strcasestr_s.c:148: Automatic loop unrolling.
[eva] using specification for function printf_va_300
[eva] using specification for function printf_va_301
[eva] using specification for function printf_va_302
[eva] using specification for function printf_va_303
[eva] using specification for function printf_va_304
[eva] using specification for function printf_va_305
[eva] using specification for function printf_va_306
[eva] using specification for function printf_va_307
[eva:alarm] unittests/test_strcasestr_s.c:379: Warning: 
  function strlen: precondition 'valid_string_s' got status unknown.
[eva] using specification for function printf_va_308
[eva] using specification for function printf_va_309
[eva] using specification for function printf_va_310
[eva] using specification for function printf_va_311
[eva] using specification for function printf_va_312
[eva] using specification for function printf_va_313
[eva:alarm] unittests/test_strcasestr_s.c:425: Warning: 
  function strcasestr: precondition 'valid_string_haystack' got status unknown.
[eva:alarm] unittests/test_strcasestr_s.c:425: Warning: 
  function strcasestr: precondition 'valid_string_needle' got status unknown.
[eva:alarm] unittests/test_strcasestr_s.c:426: Warning: 
  pointer downcast. assert (unsigned long)sub ≤ 2147483647;
[eva:alarm] unittests/test_strcasestr_s.c:426: Warning: 
  pointer downcast. assert (unsigned long)std_sub ≤ 2147483647;
[eva] using specification for function printf_va_314
[eva:locals-escaping] unittests/Safe_String_UnitTestMain.c:114: Warning: 
  locals {str1_17} escaping the scope of test_strcasestr_s through S___fc_stdout
[eva:alarm] safeclib/strcat_s.c:135: Warning: 
  pointer comparison. assert \pointer_comparable((void *)dest_0, (void *)src);
[eva:loop-unroll:auto] safeclib/strcat_s.c:139: Automatic loop unrolling.
[eva:loop-unroll:auto] safeclib/strcat_s.c:158: Automatic loop unrolling.
[eva:loop-unroll:auto] safeclib/strcat_s.c:184: Automatic loop unrolling.
[eva:loop-unroll:auto] safeclib/strcat_s.c:200: Automatic loop unrolling.
[eva:loop-unroll:partial] safeclib/strcat_s.c:150: loop not completely unrolled
[eva:loop-unroll:partial] safeclib/strcat_s.c:177: loop not completely unrolled
[eva] safeclib/strcat_s.c:158: starting to merge loop iterations
[eva:alarm] safeclib/strcat_s.c:159: Warning: 
  pointer comparison.
  assert \pointer_comparable((void *)dest_0, (void *)overlap_bumper);
[eva:alarm] safeclib/strcat_s.c:166: Warning: 
  out of bounds write. assert \valid(dest_0);
[eva:alarm] safeclib/strcat_s.c:166: Warning: 
  out of bounds read. assert \valid_read(src);
[eva:loop-unroll:partial] safeclib/strcat_s.c:192: loop not completely unrolled
[eva:loop-unroll:partial] safeclib/strcat_s.c:219: loop not completely unrolled
[eva] safeclib/strcat_s.c:200: starting to merge loop iterations
[eva:alarm] safeclib/strcat_s.c:201: Warning: 
  pointer comparison.
  assert \pointer_comparable((void *)src, (void *)overlap_bumper);
[eva:alarm] safeclib/strcat_s.c:208: Warning: 
  out of bounds write. assert \valid(dest_0);
[eva:alarm] safeclib/strcat_s.c:208: Warning: 
  out of bounds read. assert \valid_read(src);
[eva:alarm] unittests/test_strcat_s.c:103: Warning: 
  function strlen: precondition 'valid_string_s' got status unknown.
[eva:alarm] unittests/test_strcat_s.c:153: Warning: 
  function strcmp: precondition 'valid_string_s1' got status unknown.
[eva:alarm] unittests/test_strcat_s.c:187: Warning: 
  function strcmp: precondition 'valid_string_s1' got status unknown.
[eva] safeclib/strcat_s.c:139: starting to merge loop iterations
[eva:alarm] safeclib/strcat_s.c:139: Warning: 
  out of bounds read. assert \valid_read(dest_0);
[eva] safeclib/strcat_s.c:184: starting to merge loop iterations
[eva:alarm] safeclib/strcat_s.c:184: Warning: 
  out of bounds read. assert \valid_read(dest_0);
[eva:alarm] unittests/test_strcat_s.c:204: Warning: 
  function strcmp: precondition 'valid_string_s1' got status unknown.
[eva:alarm] unittests/test_strcat_s.c:232: Warning: 
  function strcmp: precondition 'valid_string_s1' got status unknown.
[eva:alarm] unittests/test_strcat_s.c:279: Warning: 
  function strcmp: precondition 'valid_string_s1' got status unknown.
[eva:alarm] unittests/test_strcat_s.c:296: Warning: 
  function strcmp: precondition 'valid_string_s1' got status unknown.
[eva] using specification for function printf_va_326
[eva:loop-unroll:auto] safeclib/strcmp_s.c:126: Automatic loop unrolling.
[eva] using specification for function printf_va_328
[eva:loop-unroll:partial] safeclib/strcmp_s.c:134: loop not completely unrolled
[eva] using specification for function printf_va_330
[eva] using specification for function printf_va_331
[eva] using specification for function printf_va_333
[eva] using specification for function printf_va_334
[eva] using specification for function printf_va_336
[eva] using specification for function printf_va_337
[eva] using specification for function printf_va_339
[eva] using specification for function printf_va_340
[eva] safeclib/strcmp_s.c:126: starting to merge loop iterations
[eva] using specification for function printf_va_342
[eva] using specification for function printf_va_343
[eva:loop-unroll:auto] safeclib/strcmpfld_s.c:129: Automatic loop unrolling.
[eva:alarm] safeclib/strcmpfld_s.c:131: Warning: 
  accessing uninitialized left-value. assert \initialized(dest_0);
[eva:alarm] safeclib/strcmpfld_s.c:131: Warning: 
  accessing uninitialized left-value. assert \initialized(src);
[eva:alarm] safeclib/strcmpfld_s.c:140: Warning: 
  accessing uninitialized left-value. assert \initialized(dest_0);
[eva:alarm] safeclib/strcmpfld_s.c:140: Warning: 
  accessing uninitialized left-value. assert \initialized(src);
[eva:loop-unroll:auto] unittests/test_strcmpfld_s.c:80: 
  Automatic loop unrolling.
[eva:loop-unroll:auto] unittests/test_strcmpfld_s.c:99: 
  Automatic loop unrolling.
[eva:alarm] unittests/test_strcmpfld_s.c:100: Warning: 
  accessing uninitialized left-value. assert \initialized(&str1_17[i]);
[eva:alarm] unittests/test_strcmpfld_s.c:100: Warning: 
  accessing uninitialized left-value. assert \initialized(&str2_16[i]);
[eva:loop-unroll:auto] unittests/test_strcmpfld_s.c:118: 
  Automatic loop unrolling.
[eva:alarm] unittests/test_strcmpfld_s.c:119: Warning: 
  accessing uninitialized left-value. assert \initialized(&str1_17[i]);
[eva:alarm] unittests/test_strcmpfld_s.c:119: Warning: 
  accessing uninitialized left-value. assert \initialized(&str2_16[i]);
[eva:alarm] unittests/test_strcmpfld_s.c:130: Warning: 
  function strlen: precondition 'valid_string_s' got status unknown.
[eva:loop-unroll:partial] safeclib/strcmpfld_s.c:137: 
  loop not completely unrolled
[eva] safeclib/strcmpfld_s.c:129: starting to merge loop iterations
[eva:loop-unroll:auto] unittests/test_strcmpfld_s.c:137: 
  Automatic loop unrolling.
[eva:alarm] unittests/test_strcmpfld_s.c:138: Warning: 
  accessing uninitialized left-value. assert \initialized(&str1_17[i]);
[eva:alarm] unittests/test_strcmpfld_s.c:138: Warning: 
  accessing uninitialized left-value. assert \initialized(&str2_16[i]);
[eva:loop-unroll:partial] unittests/test_strcmpfld_s.c:137: 
  loop not completely unrolled
[eva] unittests/test_strcmpfld_s.c:137: starting to merge loop iterations
[eva:alarm] unittests/test_strcmpfld_s.c:153: Warning: 
  function strlen: precondition 'valid_string_s' got status unknown.
[eva:alarm] unittests/test_strcmpfld_s.c:161: Warning: 
  accessing uninitialized left-value. assert \initialized(&str1_17[i]);
[eva:alarm] unittests/test_strcmpfld_s.c:161: Warning: 
  accessing uninitialized left-value. assert \initialized(&str2_16[i]);
[eva:loop-unroll:partial] unittests/test_strcmpfld_s.c:160: 
  loop not completely unrolled
[eva] unittests/test_strcmpfld_s.c:160: starting to merge loop iterations
[eva:alarm] unittests/test_strcmpfld_s.c:170: Warning: 
  function strlen: precondition 'valid_string_s' got status unknown.
[eva:alarm] unittests/test_strcmpfld_s.c:185: Warning: 
  accessing uninitialized left-value. assert \initialized(&str1_17[i]);
[eva:alarm] unittests/test_strcmpfld_s.c:185: Warning: 
  accessing uninitialized left-value. assert \initialized(&str2_16[i]);
[eva:loop-unroll:partial] unittests/test_strcmpfld_s.c:184: 
  loop not completely unrolled
[eva] unittests/test_strcmpfld_s.c:184: starting to merge loop iterations
[eva:alarm] unittests/test_strcmpfld_s.c:194: Warning: 
  function strlen: precondition 'valid_string_s' got status unknown.
[eva:loop-unroll:partial] unittests/test_strcmpfld_s.c:206: 
  loop not completely unrolled
[eva:alarm] unittests/test_strcmpfld_s.c:207: Warning: 
  accessing uninitialized left-value. assert \initialized(&str1_17[i]);
[eva:alarm] unittests/test_strcmpfld_s.c:207: Warning: 
  accessing uninitialized left-value. assert \initialized(&str2_16[i]);
[eva] unittests/test_strcmpfld_s.c:206: starting to merge loop iterations
[eva:alarm] unittests/test_strcmpfld_s.c:216: Warning: 
  function strlen: precondition 'valid_string_s' got status unknown.
[eva:loop-unroll:partial] unittests/test_strcmpfld_s.c:230: 
  loop not completely unrolled
[eva:alarm] unittests/test_strcmpfld_s.c:231: Warning: 
  accessing uninitialized left-value. assert \initialized(&str1_17[i]);
[eva:alarm] unittests/test_strcmpfld_s.c:231: Warning: 
  accessing uninitialized left-value. assert \initialized(&str2_16[i]);
[eva] unittests/test_strcmpfld_s.c:230: starting to merge loop iterations
[eva:alarm] safeclib/strcpy_s.c:138: Warning: 
  pointer comparison. assert \pointer_comparable((void *)dest_0, (void *)src);
[eva:loop-unroll:partial] safeclib/strcpy_s.c:160: loop not completely unrolled
[eva:loop-unroll:partial] safeclib/strcpy_s.c:185: loop not completely unrolled
[eva:loop-unroll:auto] safeclib/strcpy_s.c:141: Automatic loop unrolling.
[eva:loop-unroll:auto] safeclib/strcpy_s.c:166: Automatic loop unrolling.
[eva:loop-unroll:auto] safeclib/strcpyfld_s.c:119: Automatic loop unrolling.
[eva:loop-unroll:auto] unittests/test_strcpyfld_s.c:45: 
  Automatic loop unrolling.
[eva:loop-unroll:auto] safeclib/strcpyfld_s.c:128: Automatic loop unrolling.
[eva:alarm] safeclib/strcpyfld_s.c:149: Warning: 
  pointer comparison. assert \pointer_comparable((void *)dest_0, (void *)src);
[eva:loop-unroll:auto] safeclib/strcpyfld_s.c:152: Automatic loop unrolling.
[eva:loop-unroll:auto] safeclib/strcpyfld_s.c:175: Automatic loop unrolling.
[eva:loop-unroll:auto] safeclib/strcpyfld_s.c:197: Automatic loop unrolling.
[eva:loop-unroll:auto] unittests/test_strcpyfld_s.c:108: 
  Automatic loop unrolling.
[eva:alarm] safeclib/strcpyfld_s.c:167: Warning: 
  accessing uninitialized left-value.
  assert \initialized(tmp_0);
  (tmp_0 from src++)
[eva:alarm] safeclib/strcpyfld_s.c:190: Warning: 
  accessing uninitialized left-value.
  assert \initialized(tmp_2);
  (tmp_2 from src++)
[eva:loop-unroll:auto] unittests/test_strcpyfld_s.c:130: 
  Automatic loop unrolling.
[eva:loop-unroll:auto] unittests/test_strcpyfld_s.c:152: 
  Automatic loop unrolling.
[eva:alarm] unittests/test_strcpyfld_s.c:162: Warning: 
  function strlen: precondition 'valid_string_s' got status unknown.
[eva:alarm] unittests/test_strcpyfld_s.c:165: Warning: 
  function strlen: precondition 'valid_string_s' got status unknown.
[eva:loop-unroll:partial] safeclib/strcpyfld_s.c:128: 
  loop not completely unrolled
[eva] safeclib/strcpyfld_s.c:128: starting to merge loop iterations
[eva:alarm] safeclib/strcpyfld_s.c:128: Warning: 
  out of bounds write. assert \valid(dest_0);
[eva:loop-unroll:partial] safeclib/strcpyfld_s.c:137: 
  loop not completely unrolled
[eva] safeclib/strcpyfld_s.c:137: starting to merge loop iterations
[eva:alarm] safeclib/strcpyfld_s.c:137: Warning: 
  out of bounds write. assert \valid(dest_0);
[eva:loop-unroll:partial] safeclib/strcpyfld_s.c:169: 
  loop not completely unrolled
[eva] safeclib/strcpyfld_s.c:152: starting to merge loop iterations
[eva:alarm] safeclib/strcpyfld_s.c:154: Warning: 
  pointer comparison.
  assert \pointer_comparable((void *)dest_0, (void *)overlap_bumper);
[eva:alarm] safeclib/strcpyfld_s.c:167: Warning: 
  out of bounds write. assert \valid(tmp);
                       (tmp from dest++)
[eva:alarm] safeclib/strcpyfld_s.c:167: Warning: 
  out of bounds read. assert \valid_read(tmp_0);
                      (tmp_0 from src++)
[eva:loop-unroll:partial] safeclib/strcpyfld_s.c:192: 
  loop not completely unrolled
[eva] safeclib/strcpyfld_s.c:175: starting to merge loop iterations
[eva:alarm] safeclib/strcpyfld_s.c:177: Warning: 
  pointer comparison.
  assert \pointer_comparable((void *)src, (void *)overlap_bumper);
[eva:alarm] safeclib/strcpyfld_s.c:190: Warning: 
  out of bounds write. assert \valid(tmp_1);
                       (tmp_1 from dest++)
[eva:alarm] safeclib/strcpyfld_s.c:190: Warning: 
  out of bounds read. assert \valid_read(tmp_2);
                      (tmp_2 from src++)
[eva:alarm] safeclib/strcpyfld_s.c:197: Warning: 
  out of bounds write. assert \valid(dest_0);
[eva:loop-unroll:partial] safeclib/strcpyfld_s.c:197: 
  loop not completely unrolled
[eva] safeclib/strcpyfld_s.c:197: starting to merge loop iterations
[eva:loop-unroll:auto] unittests/test_strcpyfld_s.c:174: 
  Automatic loop unrolling.
[eva:alarm] unittests/test_strcpyfld_s.c:175: Warning: 
  accessing uninitialized left-value. assert \initialized(&str2_16[i]);
[eva:loop-unroll:partial] unittests/test_strcpyfld_s.c:174: 
  loop not completely unrolled
[eva:alarm] unittests/test_strcpyfld_s.c:175: Warning: 
  accessing uninitialized left-value. assert \initialized(&str1_17[i]);
[eva] unittests/test_strcpyfld_s.c:174: starting to merge loop iterations
[eva:alarm] unittests/test_strcpyfld_s.c:184: Warning: 
  function strlen: precondition 'valid_string_s' got status unknown.
[eva:alarm] unittests/test_strcpyfld_s.c:188: Warning: 
  function strlen: precondition 'valid_string_s' got status unknown.
[eva:alarm] unittests/test_strcpyfld_s.c:199: Warning: 
  accessing uninitialized left-value. assert \initialized(&str2_16[i]);
[eva:loop-unroll:partial] unittests/test_strcpyfld_s.c:198: 
  loop not completely unrolled
[eva:alarm] unittests/test_strcpyfld_s.c:199: Warning: 
  accessing uninitialized left-value. assert \initialized(&str1_17[i]);
[eva] unittests/test_strcpyfld_s.c:198: starting to merge loop iterations
[eva:loop-unroll:auto] safeclib/strcpyfldin_s.c:121: Automatic loop unrolling.
[eva:loop-unroll:auto] unittests/test_strcpyfldin_s.c:42: 
  Automatic loop unrolling.
[eva:alarm] unittests/test_strcpyfldin_s.c:71: Warning: 
  function strlen: precondition 'valid_string_s' got status unknown.
[eva:alarm] unittests/test_strcpyfldin_s.c:72: Warning: 
  function strlen: precondition 'valid_string_s' got status unknown.
[eva:loop-unroll:partial] safeclib/strcpyfldin_s.c:130: 
  loop not completely unrolled
[eva:loop-unroll:partial] safeclib/strcpyfldin_s.c:139: 
  loop not completely unrolled
[eva:alarm] safeclib/strcpyfldin_s.c:151: Warning: 
  pointer comparison. assert \pointer_comparable((void *)dest_0, (void *)src);
[eva:alarm] safeclib/strcpyfldin_s.c:154: Warning: 
  accessing uninitialized left-value. assert \initialized(src);
[eva:loop-unroll:partial] safeclib/strcpyfldin_s.c:170: 
  loop not completely unrolled
[eva:alarm] safeclib/strcpyfldin_s.c:176: Warning: 
  accessing uninitialized left-value. assert \initialized(src);
[eva:loop-unroll:partial] safeclib/strcpyfldin_s.c:192: 
  loop not completely unrolled
[eva:loop-unroll:auto] safeclib/strcpyfldin_s.c:199: Automatic loop unrolling.
[eva:loop-unroll:partial] safeclib/strcpyfldin_s.c:199: 
  loop not completely unrolled
[eva] safeclib/strcpyfldin_s.c:199: starting to merge loop iterations
[eva:alarm] safeclib/strcpyfldin_s.c:199: Warning: 
  out of bounds write. assert \valid(dest_0);
[eva:loop-unroll:auto] unittests/test_strcpyfldin_s.c:80: 
  Automatic loop unrolling.
[eva:loop-unroll:partial] unittests/test_strcpyfldin_s.c:80: 
  loop not completely unrolled
[eva:alarm] unittests/test_strcpyfldin_s.c:81: Warning: 
  accessing uninitialized left-value. assert \initialized(&str1_17[i]);
[eva] unittests/test_strcpyfldin_s.c:80: starting to merge loop iterations
[eva:loop-unroll:auto] safeclib/strcpyfldin_s.c:154: Automatic loop unrolling.
[eva:loop-unroll:auto] safeclib/strcpyfldin_s.c:176: Automatic loop unrolling.
[eva:loop-unroll:auto] unittests/test_strcpyfldin_s.c:99: 
  Automatic loop unrolling.
[eva:loop-unroll:auto] unittests/test_strcpyfldin_s.c:118: 
  Automatic loop unrolling.
[eva:alarm] unittests/test_strcpyfldin_s.c:119: Warning: 
  accessing uninitialized left-value. assert \initialized(&str2_16[i]);
[eva:loop-unroll:auto] unittests/test_strcpyfldin_s.c:137: 
  Automatic loop unrolling.
[eva:alarm] unittests/test_strcpyfldin_s.c:138: Warning: 
  accessing uninitialized left-value. assert \initialized(&str2_16[i]);
[eva:loop-unroll:partial] safeclib/strcpyfldin_s.c:183: 
  loop not completely unrolled
[eva] safeclib/strcpyfldin_s.c:183: starting to merge loop iterations
[eva:loop-unroll:partial] unittests/test_strcpyfldin_s.c:157: 
  loop not completely unrolled
[eva] unittests/test_strcpyfldin_s.c:157: starting to merge loop iterations
[eva:alarm] unittests/test_strcpyfldin_s.c:158: Warning: 
  accessing uninitialized left-value. assert \initialized(&str1_17[i]);
[eva:alarm] unittests/test_strcpyfldin_s.c:167: Warning: 
  function strlen: precondition 'valid_string_s' got status unknown.
[eva:loop-unroll:partial] safeclib/strcpyfldin_s.c:161: 
  loop not completely unrolled
[eva] safeclib/strcpyfldin_s.c:161: starting to merge loop iterations
[eva:alarm] safeclib/strcpyfldin_s.c:161: Warning: 
  out of bounds write. assert \valid(dest_0);
[eva:loop-unroll:auto] unittests/test_strcpyfldin_s.c:176: 
  Automatic loop unrolling.
[eva:loop-unroll:partial] unittests/test_strcpyfldin_s.c:176: 
  loop not completely unrolled
[eva] unittests/test_strcpyfldin_s.c:176: starting to merge loop iterations
[eva:alarm] unittests/test_strcpyfldin_s.c:177: Warning: 
  accessing uninitialized left-value. assert \initialized(&str1_17[i]);
[eva:loop-unroll:partial] unittests/test_strcpyfldin_s.c:195: 
  loop not completely unrolled
[eva] unittests/test_strcpyfldin_s.c:195: starting to merge loop iterations
[eva:alarm] unittests/test_strcpyfldin_s.c:196: Warning: 
  accessing uninitialized left-value. assert \initialized(&str1_17[i]);
[eva:alarm] unittests/test_strcpyfldin_s.c:205: Warning: 
  function strlen: precondition 'valid_string_s' got status unknown.
[eva] safeclib/strcpyfldin_s.c:154: starting to merge loop iterations
[eva:alarm] safeclib/strcpyfldin_s.c:170: Warning: 
  accessing uninitialized left-value.
  assert \initialized(tmp_0);
  (tmp_0 from src++)
[eva] safeclib/strcpyfldin_s.c:176: starting to merge loop iterations
[eva:alarm] safeclib/strcpyfldin_s.c:192: Warning: 
  accessing uninitialized left-value.
  assert \initialized(tmp_2);
  (tmp_2 from src++)
[eva:loop-unroll:auto] unittests/test_strcpyfldin_s.c:215: 
  Automatic loop unrolling.
[eva:alarm] unittests/test_strcpyfldin_s.c:216: Warning: 
  accessing uninitialized left-value. assert \initialized(&str2_16[i]);
[eva:loop-unroll:partial] unittests/test_strcpyfldin_s.c:215: 
  loop not completely unrolled
[eva] unittests/test_strcpyfldin_s.c:215: starting to merge loop iterations
[eva:alarm] unittests/test_strcpyfldin_s.c:216: Warning: 
  accessing uninitialized left-value. assert \initialized(&str1_17[i]);
[eva:alarm] unittests/test_strcpyfldin_s.c:225: Warning: 
  function strlen: precondition 'valid_string_s' got status unknown.
[eva:alarm] unittests/test_strcpyfldin_s.c:228: Warning: 
  function strlen: precondition 'valid_string_s' got status unknown.
[eva] safeclib/strcpyfldin_s.c:130: starting to merge loop iterations
[eva:alarm] safeclib/strcpyfldin_s.c:130: Warning: 
  out of bounds write. assert \valid(dest_0);
[eva] safeclib/strcpyfldin_s.c:139: starting to merge loop iterations
[eva:alarm] safeclib/strcpyfldin_s.c:139: Warning: 
  out of bounds write. assert \valid(dest_0);
[eva:alarm] unittests/test_strcpyfldin_s.c:237: Warning: 
  accessing uninitialized left-value. assert \initialized(&str2_16[i]);
[eva:loop-unroll:partial] unittests/test_strcpyfldin_s.c:236: 
  loop not completely unrolled
[eva] unittests/test_strcpyfldin_s.c:236: starting to merge loop iterations
[eva:alarm] unittests/test_strcpyfldin_s.c:237: Warning: 
  accessing uninitialized left-value. assert \initialized(&str1_17[i]);
[eva:loop-unroll:auto] safeclib/strcpyfldout_s.c:123: Automatic loop unrolling.
[eva:loop-unroll:auto] unittests/test_strcpyfldout_s.c:42: 
  Automatic loop unrolling.
[eva:loop-unroll:auto] safeclib/strcpyfldout_s.c:132: Automatic loop unrolling.
[eva:loop-unroll:auto] safeclib/strcpyfldout_s.c:141: Automatic loop unrolling.
[eva:alarm] safeclib/strcpyfldout_s.c:153: Warning: 
  pointer comparison. assert \pointer_comparable((void *)dest_0, (void *)src);
[eva:loop-unroll:auto] safeclib/strcpyfldout_s.c:156: Automatic loop unrolling.
[eva:loop-unroll:auto] safeclib/strcpyfldout_s.c:179: Automatic loop unrolling.
[eva:loop-unroll:auto] safeclib/strcpyfldout_s.c:201: Automatic loop unrolling.
[eva:loop-unroll:auto] unittests/test_strcpyfldout_s.c:100: 
  Automatic loop unrolling.
[eva:alarm] safeclib/strcpyfldout_s.c:173: Warning: 
  accessing uninitialized left-value.
  assert \initialized(tmp_0);
  (tmp_0 from src++)
[eva:alarm] safeclib/strcpyfldout_s.c:196: Warning: 
  accessing uninitialized left-value.
  assert \initialized(tmp_2);
  (tmp_2 from src++)
[eva:loop-unroll:auto] unittests/test_strcpyfldout_s.c:120: 
  Automatic loop unrolling.
[eva:loop-unroll:auto] unittests/test_strcpyfldout_s.c:140: 
  Automatic loop unrolling.
[eva:loop-unroll:partial] safeclib/strcpyfldout_s.c:186: 
  loop not completely unrolled
[eva] safeclib/strcpyfldout_s.c:186: starting to merge loop iterations
[eva:loop-unroll:partial] unittests/test_strcpyfldout_s.c:160: 
  loop not completely unrolled
[eva:alarm] unittests/test_strcpyfldout_s.c:161: Warning: 
  accessing uninitialized left-value. assert \initialized(&str1_17[i]);
[eva] unittests/test_strcpyfldout_s.c:160: starting to merge loop iterations
[eva:alarm] unittests/test_strcpyfldout_s.c:170: Warning: 
  function strlen: precondition 'valid_string_s' got status unknown.
[eva:loop-unroll:partial] safeclib/strcpyfldout_s.c:173: 
  loop not completely unrolled
[eva:loop-unroll:partial] safeclib/strcpyfldout_s.c:163: 
  loop not completely unrolled
[eva] safeclib/strcpyfldout_s.c:163: starting to merge loop iterations
[eva:alarm] safeclib/strcpyfldout_s.c:163: Warning: 
  out of bounds write. assert \valid(dest_0);
[eva:loop-unroll:auto] unittests/test_strcpyfldout_s.c:179: 
  Automatic loop unrolling.
[eva:loop-unroll:partial] unittests/test_strcpyfldout_s.c:179: 
  loop not completely unrolled
[eva] unittests/test_strcpyfldout_s.c:179: starting to merge loop iterations
[eva:alarm] unittests/test_strcpyfldout_s.c:180: Warning: 
  accessing uninitialized left-value. assert \initialized(&str1_17[i]);
[eva:loop-unroll:partial] safeclib/strcpyfldout_s.c:196: 
  loop not completely unrolled
[eva:loop-unroll:partial] unittests/test_strcpyfldout_s.c:198: 
  loop not completely unrolled
[eva] unittests/test_strcpyfldout_s.c:198: starting to merge loop iterations
[eva:alarm] unittests/test_strcpyfldout_s.c:211: Warning: 
  function strlen: precondition 'valid_string_s' got status unknown.
[eva:loop-unroll:partial] safeclib/strcpyfldout_s.c:132: 
  loop not completely unrolled
[eva:loop-unroll:partial] safeclib/strcpyfldout_s.c:141: 
  loop not completely unrolled
[eva:loop-unroll:partial] safeclib/strcpyfldout_s.c:201: 
  loop not completely unrolled
[eva] safeclib/strcpyfldout_s.c:201: starting to merge loop iterations
[eva:alarm] safeclib/strcpyfldout_s.c:201: Warning: 
  out of bounds write. assert \valid(dest_0);
[eva:alarm] unittests/test_strcpyfldout_s.c:220: Warning: 
  accessing uninitialized left-value. assert \initialized(&str2_16[i]);
[eva:loop-unroll:partial] unittests/test_strcpyfldout_s.c:219: 
  loop not completely unrolled
[eva] unittests/test_strcpyfldout_s.c:219: starting to merge loop iterations
[eva:alarm] unittests/test_strcpyfldout_s.c:220: Warning: 
  accessing uninitialized left-value. assert \initialized(&str1_17[i]);
[eva:alarm] unittests/test_strcpyfldout_s.c:232: Warning: 
  function strlen: precondition 'valid_string_s' got status unknown.
[eva] safeclib/strcpyfldout_s.c:132: starting to merge loop iterations
[eva:alarm] safeclib/strcpyfldout_s.c:132: Warning: 
  out of bounds write. assert \valid(dest_0);
[eva] safeclib/strcpyfldout_s.c:141: starting to merge loop iterations
[eva:alarm] safeclib/strcpyfldout_s.c:141: Warning: 
  out of bounds write. assert \valid(dest_0);
[eva] safeclib/strcpyfldout_s.c:156: starting to merge loop iterations
[eva:alarm] safeclib/strcpyfldout_s.c:158: Warning: 
  pointer comparison.
  assert \pointer_comparable((void *)dest_0, (void *)overlap_bumper);
[eva:alarm] safeclib/strcpyfldout_s.c:173: Warning: 
  out of bounds write. assert \valid(tmp);
                       (tmp from dest++)
[eva:alarm] safeclib/strcpyfldout_s.c:173: Warning: 
  out of bounds read. assert \valid_read(tmp_0);
                      (tmp_0 from src++)
[eva] safeclib/strcpyfldout_s.c:179: starting to merge loop iterations
[eva:alarm] safeclib/strcpyfldout_s.c:181: Warning: 
  pointer comparison.
  assert \pointer_comparable((void *)src, (void *)overlap_bumper);
[eva:alarm] safeclib/strcpyfldout_s.c:196: Warning: 
  out of bounds write. assert \valid(tmp_1);
                       (tmp_1 from dest++)
[eva:alarm] safeclib/strcpyfldout_s.c:196: Warning: 
  out of bounds read. assert \valid_read(tmp_2);
                      (tmp_2 from src++)
[eva:alarm] unittests/test_strcpyfldout_s.c:241: Warning: 
  accessing uninitialized left-value. assert \initialized(&str2_16[i]);
[eva:loop-unroll:partial] unittests/test_strcpyfldout_s.c:240: 
  loop not completely unrolled
[eva] unittests/test_strcpyfldout_s.c:240: starting to merge loop iterations
[eva] using specification for function printf_va_344
[eva] using specification for function printf_va_347
[eva] using specification for function printf_va_350
[eva] using specification for function printf_va_352
[eva] using specification for function printf_va_355
[eva] using specification for function printf_va_358
[eva] using specification for function printf_va_361
[eva] using specification for function printf_va_364
[eva] using specification for function strcspn
[eva] using specification for function printf_va_368
[eva:loop-unroll:auto] safeclib/strcspn_s.c:141: Automatic loop unrolling.
[eva:loop-unroll:partial] safeclib/strcspn_s.c:155: loop not completely unrolled
[eva] using specification for function printf_va_370
[eva] using specification for function printf_va_371
[eva] safeclib/strcspn_s.c:149: starting to merge loop iterations
[eva] using specification for function printf_va_373
[eva] using specification for function printf_va_374
[eva] using specification for function printf_va_376
[eva] using specification for function printf_va_377
[eva] using specification for function printf_va_379
[eva] using specification for function printf_va_380
[eva:loop-unroll:auto] safeclib/strcspn_s.c:149: Automatic loop unrolling.
[eva] using specification for function printf_va_382
[eva] using specification for function printf_va_383
[eva:loop-unroll:partial] safeclib/strcspn_s.c:160: loop not completely unrolled
[eva] safeclib/strcspn_s.c:141: starting to merge loop iterations
[eva] safeclib/strcspn_s.c:149: Trace partitioning superposing up to 100 states
[eva] using specification for function printf_va_385
[eva] using specification for function printf_va_386
[eva] using specification for function printf_va_388
[eva] using specification for function printf_va_389
[eva] using specification for function printf_va_391
[eva:alarm] safeclib/strfirstchar_s.c:116: Warning: 
  accessing uninitialized left-value. assert \initialized(dest_0);
[eva:loop-unroll:partial] safeclib/strfirstchar_s.c:123: 
  loop not completely unrolled
[eva] using specification for function printf_va_401
[eva] using specification for function printf_va_402
[eva] using specification for function printf_va_403
[eva] using specification for function printf_va_404
[eva:alarm] unittests/test_strfirstchar_s.c:117: Warning: 
  function strlen: precondition 'valid_string_s' got status unknown.
[eva] using specification for function printf_va_405
[eva] using specification for function printf_va_406
[eva] using specification for function printf_va_407
[eva] using specification for function printf_va_408
[eva:locals-escaping] unittests/Safe_String_UnitTestMain.c:124: Warning: 
  locals {str1_17} escaping the scope of test_strfirstchar_s through S___fc_stdout
[eva:alarm] safeclib/strfirstdiff_s.c:130: Warning: 
  accessing uninitialized left-value. assert \initialized(dest_0);
[eva:alarm] safeclib/strfirstdiff_s.c:130: Warning: 
  accessing uninitialized left-value. assert \initialized(src);
[eva:loop-unroll:partial] safeclib/strfirstdiff_s.c:138: 
  loop not completely unrolled
[eva] using specification for function printf_va_420
[eva] using specification for function printf_va_421
[eva] using specification for function printf_va_422
[eva] using specification for function printf_va_423
[eva] using specification for function printf_va_424
[eva] using specification for function printf_va_425
[eva] using specification for function printf_va_426
[eva] using specification for function printf_va_427
[eva:loop-unroll:auto] safeclib/strfirstdiff_s.c:130: Automatic loop unrolling.
[eva] using specification for function printf_va_428
[eva] using specification for function printf_va_430
[eva] using specification for function printf_va_431
[eva] using specification for function printf_va_432
[eva] using specification for function printf_va_433
[eva] using specification for function printf_va_434
[eva] using specification for function printf_va_435
[eva:alarm] safeclib/strfirstsame_s.c:132: Warning: 
  accessing uninitialized left-value. assert \initialized(dest_0);
[eva:alarm] safeclib/strfirstsame_s.c:132: Warning: 
  accessing uninitialized left-value. assert \initialized(src);
[eva:loop-unroll:partial] safeclib/strfirstsame_s.c:141: 
  loop not completely unrolled
[eva] using specification for function printf_va_447
[eva] using specification for function printf_va_448
[eva] using specification for function printf_va_449
[eva] using specification for function printf_va_450
[eva] using specification for function printf_va_451
[eva] using specification for function printf_va_452
[eva] using specification for function printf_va_453
[eva] using specification for function printf_va_454
[eva] using specification for function printf_va_455
[eva] using specification for function printf_va_456
[eva] using specification for function printf_va_457
[eva] using specification for function printf_va_458
[eva:loop-unroll:auto] safeclib/strfirstsame_s.c:132: Automatic loop unrolling.
[eva] using specification for function printf_va_459
[eva] using specification for function printf_va_461
[eva] using specification for function printf_va_462
[eva] using specification for function printf_va_463
[eva] using specification for function printf_va_464
[eva:alarm] safeclib/strisalphanumeric_s.c:102: Warning: 
  accessing uninitialized left-value. assert \initialized(dest_0);
[eva:loop-unroll:auto] safeclib/strisalphanumeric_s.c:106: 
  Automatic loop unrolling.
[eva:alarm] safeclib/strisalphanumeric_s.c:106: Warning: 
  accessing uninitialized left-value. assert \initialized(dest_0);
[eva] using specification for function printf_va_469
[eva] using specification for function printf_va_470
[eva:alarm] unittests/test_strisalphanumeric_s.c:83: Warning: 
  function strlen: precondition 'valid_string_s' got status unknown.
[eva:loop-unroll:partial] safeclib/strisalphanumeric_s.c:108: 
  loop not completely unrolled
[eva] safeclib/strisalphanumeric_s.c:106: starting to merge loop iterations
[eva:alarm] safeclib/strisalphanumeric_s.c:109: Warning: 
  accessing uninitialized left-value. assert \initialized(dest_0);
[eva:alarm] safeclib/strisalphanumeric_s.c:110: Warning: 
  accessing uninitialized left-value. assert \initialized(dest_0);
[eva] using specification for function printf_va_471
[eva:alarm] unittests/test_strisalphanumeric_s.c:94: Warning: 
  function strlen: precondition 'valid_string_s' got status unknown.
[eva] using specification for function printf_va_472
[eva:alarm] unittests/test_strisalphanumeric_s.c:105: Warning: 
  function strlen: precondition 'valid_string_s' got status unknown.
[eva] using specification for function printf_va_473
[eva:alarm] unittests/test_strisalphanumeric_s.c:117: Warning: 
  function strlen: precondition 'valid_string_s' got status unknown.
[eva] using specification for function printf_va_474
[eva:alarm] unittests/test_strisalphanumeric_s.c:129: Warning: 
  function strlen: precondition 'valid_string_s' got status unknown.
[eva] using specification for function printf_va_475
[eva:loop-unroll:auto] safeclib/strisascii_s.c:101: Automatic loop unrolling.
[eva:alarm] safeclib/strisascii_s.c:101: Warning: 
  accessing uninitialized left-value. assert \initialized(dest_0);
[eva] using specification for function printf_va_480
[eva:alarm] unittests/test_strisascii_s.c:70: Warning: 
  function strlen: precondition 'valid_string_s' got status unknown.
[eva] using specification for function printf_va_481
[eva:alarm] unittests/test_strisascii_s.c:81: Warning: 
  function strlen: precondition 'valid_string_s' got status unknown.
[eva] using specification for function printf_va_482
[eva:alarm] unittests/test_strisascii_s.c:92: Warning: 
  function strlen: precondition 'valid_string_s' got status unknown.
[eva:loop-unroll:partial] safeclib/strisascii_s.c:106: 
  loop not completely unrolled
[eva] using specification for function printf_va_483
[eva] using specification for function printf_va_484
[eva:alarm] unittests/test_strisascii_s.c:114: Warning: 
  function strlen: precondition 'valid_string_s' got status unknown.
[eva] using specification for function printf_va_485
[eva:alarm] safeclib/strisdigit_s.c:98: Warning: 
  accessing uninitialized left-value. assert \initialized(dest_0);
[eva:alarm] safeclib/strisdigit_s.c:102: Warning: 
  accessing uninitialized left-value. assert \initialized(dest_0);
[eva:loop-unroll:partial] safeclib/strisdigit_s.c:108: 
  loop not completely unrolled
[eva] using specification for function printf_va_490
[eva:alarm] unittests/test_strisdigit_s.c:70: Warning: 
  function strlen: precondition 'valid_string_s' got status unknown.
[eva] using specification for function printf_va_491
[eva:alarm] unittests/test_strisdigit_s.c:81: Warning: 
  function strlen: precondition 'valid_string_s' got status unknown.
[eva] using specification for function printf_va_492
[eva:alarm] unittests/test_strisdigit_s.c:92: Warning: 
  function strlen: precondition 'valid_string_s' got status unknown.
[eva] using specification for function printf_va_493
[eva:alarm] unittests/test_strisdigit_s.c:103: Warning: 
  function strlen: precondition 'valid_string_s' got status unknown.
[eva] using specification for function printf_va_494
[eva:loop-unroll:auto] safeclib/strishex_s.c:104: Automatic loop unrolling.
[eva:alarm] safeclib/strishex_s.c:104: Warning: 
  accessing uninitialized left-value. assert \initialized(dest_0);
[eva] using specification for function printf_va_500
[eva:alarm] unittests/test_strishex_s.c:79: Warning: 
  function strlen: precondition 'valid_string_s' got status unknown.
[eva:loop-unroll:partial] safeclib/strishex_s.c:106: 
  loop not completely unrolled
[eva] safeclib/strishex_s.c:104: starting to merge loop iterations
[eva:alarm] safeclib/strishex_s.c:107: Warning: 
  accessing uninitialized left-value. assert \initialized(dest_0);
[eva:alarm] safeclib/strishex_s.c:108: Warning: 
  accessing uninitialized left-value. assert \initialized(dest_0);
[eva] using specification for function printf_va_501
[eva:alarm] unittests/test_strishex_s.c:90: Warning: 
  function strlen: precondition 'valid_string_s' got status unknown.
[eva] using specification for function printf_va_502
[eva:alarm] unittests/test_strishex_s.c:101: Warning: 
  function strlen: precondition 'valid_string_s' got status unknown.
[eva] using specification for function printf_va_503
[eva:alarm] unittests/test_strishex_s.c:112: Warning: 
  function strlen: precondition 'valid_string_s' got status unknown.
[eva] using specification for function printf_va_504
[eva:alarm] unittests/test_strishex_s.c:123: Warning: 
  function strlen: precondition 'valid_string_s' got status unknown.
[eva] using specification for function printf_va_505
[eva:loop-unroll:auto] safeclib/strislowercase_s.c:108: 
  Automatic loop unrolling.
[eva:alarm] safeclib/strislowercase_s.c:108: Warning: 
  accessing uninitialized left-value. assert \initialized(dest_0);
[eva] using specification for function printf_va_510
[eva:alarm] unittests/test_strislowercase_s.c:70: Warning: 
  function strlen: precondition 'valid_string_s' got status unknown.
[eva:loop-unroll:partial] safeclib/strislowercase_s.c:114: 
  loop not completely unrolled
[eva] using specification for function printf_va_511
[eva:alarm] unittests/test_strislowercase_s.c:81: Warning: 
  function strlen: precondition 'valid_string_s' got status unknown.
[eva] using specification for function printf_va_512
[eva:alarm] unittests/test_strislowercase_s.c:92: Warning: 
  function strlen: precondition 'valid_string_s' got status unknown.
[eva] using specification for function printf_va_513
[eva:alarm] safeclib/strismixedcase_s.c:103: Warning: 
  accessing uninitialized left-value. assert \initialized(dest_0);
[eva:alarm] safeclib/strismixedcase_s.c:107: Warning: 
  accessing uninitialized left-value. assert \initialized(dest_0);
[eva:loop-unroll:partial] safeclib/strismixedcase_s.c:109: 
  loop not completely unrolled
[eva:alarm] safeclib/strismixedcase_s.c:110: Warning: 
  accessing uninitialized left-value. assert \initialized(dest_0);
[eva] safeclib/strismixedcase_s.c:107: starting to merge loop iterations
[eva] using specification for function printf_va_518
[eva:alarm] unittests/test_strismixed_s.c:70: Warning: 
  function strlen: precondition 'valid_string_s' got status unknown.
[eva] using specification for function printf_va_519
[eva:alarm] unittests/test_strismixed_s.c:81: Warning: 
  function strlen: precondition 'valid_string_s' got status unknown.
[eva] using specification for function printf_va_520
[eva:alarm] unittests/test_strismixed_s.c:92: Warning: 
  function strlen: precondition 'valid_string_s' got status unknown.
[eva] using specification for function printf_va_521
[eva:alarm] unittests/test_strismixed_s.c:103: Warning: 
  function strlen: precondition 'valid_string_s' got status unknown.
[eva] using specification for function printf_va_522
[eva:alarm] safeclib/strispassword_s.c:112: Warning: 
  accessing uninitialized left-value. assert \initialized(dest_0);
[eva:loop-unroll:auto] safeclib/strispassword_s.c:119: Automatic loop unrolling.
[eva:alarm] safeclib/strispassword_s.c:119: Warning: 
  accessing uninitialized left-value. assert \initialized(dest_0);
[eva] using specification for function printf_va_528
[eva:alarm] unittests/test_strispassword_s.c:74: Warning: 
  function strlen: precondition 'valid_string_s' got status unknown.
[eva:loop-unroll:partial] safeclib/strispassword_s.c:156: 
  loop not completely unrolled
[eva:alarm] safeclib/strispassword_s.c:134: Warning: 
  accessing uninitialized left-value. assert \initialized(dest_0);
[eva] safeclib/strispassword_s.c:119: starting to merge loop iterations
[eva] safeclib/strispassword_s.c:156: 
  Trace partitioning superposing up to 100 states
[eva] using specification for function printf_va_529
[eva:alarm] unittests/test_strispassword_s.c:85: Warning: 
  function strlen: precondition 'valid_string_s' got status unknown.
[eva] using specification for function printf_va_530
[eva:alarm] unittests/test_strispassword_s.c:96: Warning: 
  function strlen: precondition 'valid_string_s' got status unknown.
[eva] using specification for function printf_va_531
[eva:alarm] unittests/test_strispassword_s.c:107: Warning: 
  function strlen: precondition 'valid_string_s' got status unknown.
[eva] using specification for function printf_va_532
[eva:alarm] unittests/test_strispassword_s.c:118: Warning: 
  function strlen: precondition 'valid_string_s' got status unknown.
[eva] using specification for function printf_va_533
[eva:alarm] safeclib/strisuppercase_s.c:107: Warning: 
  accessing uninitialized left-value. assert \initialized(dest_0);
[eva:loop-unroll:partial] safeclib/strisuppercase_s.c:113: 
  loop not completely unrolled
[eva] using specification for function printf_va_538
[eva:alarm] unittests/test_strisuppercase_s.c:70: Warning: 
  function strlen: precondition 'valid_string_s' got status unknown.
[eva] using specification for function printf_va_539
[eva:alarm] unittests/test_strisuppercase_s.c:81: Warning: 
  function strlen: precondition 'valid_string_s' got status unknown.
[eva] using specification for function printf_va_540
[eva:alarm] unittests/test_strisuppercase_s.c:92: Warning: 
  function strlen: precondition 'valid_string_s' got status unknown.
[eva] using specification for function printf_va_541
[eva:alarm] unittests/test_strisuppercase_s.c:103: Warning: 
  function strlen: precondition 'valid_string_s' got status unknown.
[eva] using specification for function printf_va_542
[eva:loop-unroll:auto] safeclib/strlastchar_s.c:116: Automatic loop unrolling.
[eva:alarm] safeclib/strlastchar_s.c:116: Warning: 
  accessing uninitialized left-value. assert \initialized(dest_0);
[eva] using specification for function printf_va_552
[eva] using specification for function printf_va_553
[eva:loop-unroll:partial] safeclib/strlastchar_s.c:123: 
  loop not completely unrolled
[eva] safeclib/strlastchar_s.c:116: starting to merge loop iterations
[eva] using specification for function printf_va_554
[eva] using specification for function printf_va_555
[eva] using specification for function printf_va_556
[eva] using specification for function printf_va_557
[eva] using specification for function printf_va_558
[eva] using specification for function printf_va_559
[eva] using specification for function printf_va_560
[eva] using specification for function printf_va_561
[eva:locals-escaping] unittests/Safe_String_UnitTestMain.c:136: Warning: 
  locals {str1_17} escaping the scope of test_strlastchar_s through S___fc_stdout
[eva:alarm] safeclib/strlastdiff_s.c:134: Warning: 
  accessing uninitialized left-value. assert \initialized(dest_0);
[eva:alarm] safeclib/strlastdiff_s.c:134: Warning: 
  accessing uninitialized left-value. assert \initialized(src);
[eva:loop-unroll:partial] safeclib/strlastdiff_s.c:143: 
  loop not completely unrolled
[eva] safeclib/strlastdiff_s.c:134: starting to merge loop iterations
[eva] using specification for function printf_va_573
[eva] using specification for function printf_va_574
[eva] using specification for function printf_va_575
[eva] using specification for function printf_va_576
[eva] using specification for function printf_va_577
[eva] using specification for function printf_va_578
[eva] using specification for function printf_va_579
[eva] using specification for function printf_va_580
[eva:loop-unroll:auto] safeclib/strlastdiff_s.c:134: Automatic loop unrolling.
[eva] using specification for function printf_va_581
[eva] using specification for function printf_va_583
[eva] using specification for function printf_va_584
[eva:alarm] safeclib/strlastsame_s.c:135: Warning: 
  accessing uninitialized left-value. assert \initialized(dest_0);
[eva:alarm] safeclib/strlastsame_s.c:135: Warning: 
  accessing uninitialized left-value. assert \initialized(src);
[eva:loop-unroll:partial] safeclib/strlastsame_s.c:144: 
  loop not completely unrolled
[eva] safeclib/strlastsame_s.c:135: starting to merge loop iterations
[eva] using specification for function printf_va_596
[eva] using specification for function printf_va_597
[eva] using specification for function printf_va_598
[eva] using specification for function printf_va_599
[eva] using specification for function printf_va_600
[eva] using specification for function printf_va_601
[eva] using specification for function printf_va_602
[eva] using specification for function printf_va_603
[eva] using specification for function printf_va_604
[eva] using specification for function printf_va_605
[eva:loop-unroll:auto] safeclib/strlastsame_s.c:135: Automatic loop unrolling.
[eva] using specification for function printf_va_606
[eva] using specification for function printf_va_608
[eva] using specification for function printf_va_610
[eva] using specification for function printf_va_611
[eva] using specification for function printf_va_612
[eva] using specification for function printf_va_613
[eva:loop-unroll:partial] safeclib/strzero_s.c:98: loop not completely unrolled
[eva] safeclib/strzero_s.c:95: starting to merge loop iterations
[eva:loop-unroll:auto] safeclib/strljustify_s.c:126: Automatic loop unrolling.
[eva:loop-unroll:auto] safeclib/strljustify_s.c:128: Automatic loop unrolling.
[eva] using specification for function printf_va_618
[eva] using specification for function printf_va_619
[eva:loop-unroll:partial] safeclib/strljustify_s.c:144: 
  loop not completely unrolled
[eva] safeclib/strljustify_s.c:143: starting to merge loop iterations
[eva:alarm] safeclib/strljustify_s.c:143: Warning: 
  accessing uninitialized left-value. assert \initialized(dest_0);
[eva:alarm] safeclib/strljustify_s.c:143: Warning: 
  accessing uninitialized left-value. assert \initialized(dest_0);
[eva:alarm] safeclib/strljustify_s.c:150: Warning: 
  accessing uninitialized left-value. assert \initialized(dest_0);
[eva:alarm] safeclib/strljustify_s.c:151: Warning: 
  accessing uninitialized left-value. assert \initialized(dest_0);
[eva:loop-unroll:partial] safeclib/strljustify_s.c:153: 
  loop not completely unrolled
[eva] safeclib/strljustify_s.c:151: starting to merge loop iterations
[eva] using specification for function printf_va_620
[eva] using specification for function printf_va_621
[eva:alarm] unittests/test_strljustify_s.c:90: Warning: 
  function printf_va_621: precondition valid_read_string(param2) got status unknown.
[eva] using specification for function printf_va_624
[eva] using specification for function printf_va_625
[eva] using specification for function printf_va_627
[eva:loop-unroll:partial] safeclib/strljustify_s.c:136: 
  loop not completely unrolled
[eva] using specification for function printf_va_628
[eva:alarm] unittests/test_strljustify_s.c:161: Warning: 
  function strcmp: precondition 'valid_string_s1' got status unknown.
[eva] using specification for function printf_va_629
[eva:alarm] unittests/test_strljustify_s.c:163: Warning: 
  function printf_va_629: precondition valid_read_string(param2) got status unknown.
[eva] using specification for function printf_va_630
[eva:alarm] unittests/test_strljustify_s.c:179: Warning: 
  function strcmp: precondition 'valid_string_s1' got status unknown.
[eva] using specification for function printf_va_631
[eva:alarm] unittests/test_strljustify_s.c:181: Warning: 
  function printf_va_631: precondition valid_read_string(param2) got status unknown.
[eva] using specification for function printf_va_632
[eva:alarm] unittests/test_strljustify_s.c:197: Warning: 
  function strcmp: precondition 'valid_string_s1' got status unknown.
[eva] using specification for function printf_va_633
[eva:alarm] unittests/test_strljustify_s.c:199: Warning: 
  function printf_va_633: precondition valid_read_string(param2) got status unknown.
[eva:alarm] unittests/test_strljustify_s.c:207: Warning: 
  function strlen: precondition 'valid_string_s' got status unknown.
[eva:alarm] safeclib/strljustify_s.c:126: Warning: 
  accessing uninitialized left-value. assert \initialized(dest_0);
[eva] safeclib/strljustify_s.c:126: starting to merge loop iterations
[eva:loop-unroll:partial] safeclib/strljustify_s.c:128: 
  loop not completely unrolled
[eva] safeclib/strljustify_s.c:128: starting to merge loop iterations
[eva:alarm] safeclib/strljustify_s.c:128: Warning: 
  out of bounds write. assert \valid(tmp);
                       (tmp from orig_dest++)
[eva] using specification for function printf_va_634
[eva:alarm] unittests/test_strljustify_s.c:215: Warning: 
  function strcmp: precondition 'valid_string_s1' got status unknown.
[eva] using specification for function printf_va_635
[eva:alarm] unittests/test_strljustify_s.c:217: Warning: 
  function printf_va_635: precondition valid_read_string(param2) got status unknown.
[eva] using specification for function printf_va_636
[eva] using specification for function printf_va_637
[eva:alarm] safeclib/strncat_s.c:141: Warning: 
  pointer comparison. assert \pointer_comparable((void *)dest_0, (void *)src);
[eva:loop-unroll:auto] safeclib/strncat_s.c:145: Automatic loop unrolling.
[eva:loop-unroll:auto] safeclib/strncat_s.c:164: Automatic loop unrolling.
[eva:loop-unroll:auto] safeclib/strncat_s.c:204: Automatic loop unrolling.
[eva:loop-unroll:auto] safeclib/strncat_s.c:220: Automatic loop unrolling.
[eva:loop-unroll:partial] safeclib/strncat_s.c:156: loop not completely unrolled
[eva:loop-unroll:partial] safeclib/strncat_s.c:197: loop not completely unrolled
[eva] safeclib/strncat_s.c:164: starting to merge loop iterations
[eva:alarm] safeclib/strncat_s.c:165: Warning: 
  pointer comparison.
  assert \pointer_comparable((void *)dest_0, (void *)overlap_bumper);
[eva:alarm] safeclib/strncat_s.c:185: Warning: 
  out of bounds write. assert \valid(dest_0);
[eva:alarm] safeclib/strncat_s.c:180: Warning: 
  out of bounds write. assert \valid(dest_0);
[kernel] safeclib/strncat_s.c:180: Warning: 
  all target addresses were invalid. This path is assumed to be dead.
[eva:loop-unroll:partial] safeclib/strncat_s.c:212: loop not completely unrolled
[eva:loop-unroll:partial] safeclib/strncat_s.c:253: loop not completely unrolled
[eva] safeclib/strncat_s.c:220: starting to merge loop iterations
[eva:alarm] safeclib/strncat_s.c:221: Warning: 
  pointer comparison.
  assert \pointer_comparable((void *)src, (void *)overlap_bumper);
[eva:alarm] safeclib/strncat_s.c:241: Warning: 
  out of bounds write. assert \valid(dest_0);
[eva:alarm] safeclib/strncat_s.c:236: Warning: 
  out of bounds write. assert \valid(dest_0);
[kernel] safeclib/strncat_s.c:236: Warning: 
  all target addresses were invalid. This path is assumed to be dead.
[eva:alarm] unittests/test_strncat_s.c:137: Warning: 
  function strcmp: precondition 'valid_string_s1' got status unknown.
[eva] safeclib/strncat_s.c:145: starting to merge loop iterations
[eva:alarm] safeclib/strncat_s.c:145: Warning: 
  out of bounds read. assert \valid_read(dest_0);
[eva] safeclib/strncat_s.c:204: starting to merge loop iterations
[eva:alarm] safeclib/strncat_s.c:204: Warning: 
  out of bounds read. assert \valid_read(dest_0);
[eva:alarm] unittests/test_strncat_s.c:156: Warning: 
  function strcmp: precondition 'valid_string_s1' got status unknown.
[eva:alarm] unittests/test_strncat_s.c:173: Warning: 
  function strcmp: precondition 'valid_string_s1' got status unknown.
[eva:alarm] unittests/test_strncat_s.c:206: Warning: 
  function strcmp: precondition 'valid_string_s1' got status unknown.
[eva:alarm] safeclib/strncpy_s.c:151: Warning: 
  pointer comparison. assert \pointer_comparable((void *)dest_0, (void *)src);
[eva:loop-unroll:auto] safeclib/strncpy_s.c:154: Automatic loop unrolling.
[eva:loop-unroll:auto] safeclib/strncpy_s.c:193: Automatic loop unrolling.
[eva:loop-unroll:partial] safeclib/strncpy_s.c:187: loop not completely unrolled
[eva] safeclib/strncpy_s.c:154: starting to merge loop iterations
[eva:loop-unroll:partial] safeclib/strncpy_s.c:226: loop not completely unrolled
[eva] safeclib/strncpy_s.c:193: starting to merge loop iterations
[eva:loop-unroll:auto] safeclib/strnlen_s.c:104: Automatic loop unrolling.
[eva:alarm] unittests/test_strnterminate_s.c:55: Warning: 
  function strlen: precondition 'valid_string_s' got status unknown.
[eva:alarm] safeclib/strnterminate_s.c:101: Warning: 
  accessing uninitialized left-value. assert \initialized(dest_0);
[eva:loop-unroll:partial] safeclib/strnterminate_s.c:101: 
  loop not completely unrolled
[eva] using specification for function printf_va_651
[eva:loop-unroll:auto] safeclib/strnterminate_s.c:100: Automatic loop unrolling.
[eva] using specification for function printf_va_653
[eva] using specification for function printf_va_654
[eva] using specification for function printf_va_655
[eva] using specification for function printf_va_656
[eva] using specification for function printf_va_658
[eva] using specification for function printf_va_659
[eva:alarm] unittests/test_strnterminate_s.c:158: Warning: 
  function strlen: precondition 'valid_string_s' got status unknown.
[eva] using specification for function printf_va_660
[eva] safeclib/strnterminate_s.c:100: starting to merge loop iterations
[eva] safeclib/strnterminate_s.c:111: cannot properly split on \result == 2
[eva:alarm] unittests/test_strnterminate_s.c:171: Warning: 
  function strlen: precondition 'valid_string_s' got status unknown.
[eva] using specification for function printf_va_661
[eva] safeclib/strnterminate_s.c:111: cannot properly split on \result == 1
[eva:loop-unroll:partial] unittests/test_strnterminate_s.c:171: 
  loop not completely unrolled
[eva] unittests/test_strnterminate_s.c:168: starting to merge loop iterations
[eva] using specification for function strpbrk
[eva:garbled-mix:write] unittests/test_strpbrk_s.c:121: 
  Assigning imprecise value to std_first.
  The imprecision originates from Library function
  {unittests/test_strpbrk_s.c:121}
[eva:alarm] unittests/test_strpbrk_s.c:122: Warning: 
  pointer comparison.
  assert \pointer_comparable((void *)first, (void *)std_first);
[eva] using specification for function printf_va_676
[eva:loop-unroll:auto] safeclib/strpbrk_s.c:143: Automatic loop unrolling.
[eva:loop-unroll:partial] safeclib/strpbrk_s.c:155: loop not completely unrolled
[eva] safeclib/strpbrk_s.c:147: starting to merge loop iterations
[eva] using specification for function printf_va_677
[eva:garbled-mix:write] unittests/test_strpbrk_s.c:138: 
  Assigning imprecise value to std_first.
  The imprecision originates from Library function
  {unittests/test_strpbrk_s.c:138}
[eva:alarm] unittests/test_strpbrk_s.c:139: Warning: 
  pointer comparison.
  assert \pointer_comparable((void *)first, (void *)std_first);
[eva] using specification for function printf_va_678
[eva] using specification for function printf_va_679
[eva:garbled-mix:write] unittests/test_strpbrk_s.c:155: 
  Assigning imprecise value to std_first.
  The imprecision originates from Library function
  {unittests/test_strpbrk_s.c:155}
[eva:alarm] unittests/test_strpbrk_s.c:156: Warning: 
  pointer comparison.
  assert \pointer_comparable((void *)first, (void *)std_first);
[eva] using specification for function printf_va_680
[eva:loop-unroll:partial] safeclib/strpbrk_s.c:158: loop not completely unrolled
[eva] safeclib/strpbrk_s.c:143: starting to merge loop iterations
[eva] using specification for function printf_va_681
[eva:garbled-mix:write] unittests/test_strpbrk_s.c:172: 
  Assigning imprecise value to std_first.
  The imprecision originates from Library function
  {unittests/test_strpbrk_s.c:172}
[eva:alarm] unittests/test_strpbrk_s.c:173: Warning: 
  pointer comparison.
  assert \pointer_comparable((void *)first, (void *)std_first);
[eva] using specification for function printf_va_682
[eva] using specification for function printf_va_683
[eva] using specification for function printf_va_684
[eva] using specification for function printf_va_685
[eva] using specification for function printf_va_686
[eva] using specification for function printf_va_687
[eva:garbled-mix:write] unittests/test_strpbrk_s.c:221: 
  Assigning imprecise value to std_first.
  The imprecision originates from Library function
  {unittests/test_strpbrk_s.c:221}
[eva:alarm] unittests/test_strpbrk_s.c:222: Warning: 
  pointer comparison.
  assert \pointer_comparable((void *)first, (void *)std_first);
[eva] using specification for function printf_va_688
[eva] using specification for function printf_va_689
[eva:garbled-mix:write] unittests/test_strpbrk_s.c:238: 
  Assigning imprecise value to std_first.
  The imprecision originates from Library function
  {unittests/test_strpbrk_s.c:238}
[eva:alarm] unittests/test_strpbrk_s.c:239: Warning: 
  pointer comparison.
  assert \pointer_comparable((void *)first, (void *)std_first);
[eva] using specification for function printf_va_690
[eva] using specification for function printf_va_691
[eva:garbled-mix:write] unittests/test_strpbrk_s.c:255: 
  Assigning imprecise value to std_first.
  The imprecision originates from Library function
  {unittests/test_strpbrk_s.c:255}
[eva:alarm] unittests/test_strpbrk_s.c:256: Warning: 
  pointer comparison.
  assert \pointer_comparable((void *)first, (void *)std_first);
[eva] using specification for function printf_va_692
[eva] using specification for function printf_va_693
[eva:garbled-mix:write] unittests/test_strpbrk_s.c:272: 
  Assigning imprecise value to std_first.
  The imprecision originates from Library function
  {unittests/test_strpbrk_s.c:272}
[eva:alarm] unittests/test_strpbrk_s.c:273: Warning: 
  pointer comparison.
  assert \pointer_comparable((void *)first, (void *)std_first);
[eva] using specification for function printf_va_694
[eva:alarm] safeclib/strprefix_s.c:115: Warning: 
  accessing uninitialized left-value. assert \initialized(src);
[eva:alarm] safeclib/strprefix_s.c:117: Warning: 
  accessing uninitialized left-value. assert \initialized(dest_0);
[eva:loop-unroll:partial] safeclib/strprefix_s.c:123: 
  loop not completely unrolled
[eva] using specification for function printf_va_700
[eva] using specification for function printf_va_701
[eva:loop-unroll:auto] safeclib/strprefix_s.c:115: Automatic loop unrolling.
[eva] using specification for function printf_va_702
[eva] using specification for function printf_va_703
[eva] using specification for function printf_va_704
[eva:alarm] unittests/test_strprefix_s.c:136: Warning: 
  function strlen: precondition 'valid_string_s' got status unknown.
[eva] using specification for function printf_va_706
[eva:alarm] unittests/test_strprefix_s.c:149: Warning: 
  function strlen: precondition 'valid_string_s' got status unknown.
[eva] using specification for function printf_va_707
[eva:loop-unroll:auto] safeclib/strremovews_s.c:120: Automatic loop unrolling.
[eva:loop-unroll:auto] safeclib/strremovews_s.c:122: Automatic loop unrolling.
[eva:alarm] safeclib/strremovews_s.c:157: Warning: 
  out of bounds read. assert \valid_read(dest_0);
[eva] using specification for function printf_va_713
[eva:loop-unroll:partial] safeclib/strremovews_s.c:139: 
  loop not completely unrolled
[eva] safeclib/strremovews_s.c:138: starting to merge loop iterations
[eva:alarm] safeclib/strremovews_s.c:138: Warning: 
  accessing uninitialized left-value. assert \initialized(dest_0);
[eva:alarm] safeclib/strremovews_s.c:146: Warning: 
  accessing uninitialized left-value. assert \initialized(dest_0);
[eva:loop-unroll:partial] safeclib/strremovews_s.c:148: 
  loop not completely unrolled
[eva] safeclib/strremovews_s.c:146: starting to merge loop iterations
[eva] using specification for function printf_va_714
[eva:alarm] unittests/test_strremovews_s.c:85: Warning: 
  function printf_va_714: precondition valid_read_string(param3) got status unknown.
[eva] using specification for function printf_va_715
[eva:alarm] unittests/test_strremovews_s.c:90: Warning: 
  function printf_va_715: precondition valid_read_string(param3) got status unknown.
[eva:alarm] safeclib/strremovews_s.c:138: Warning: 
  accessing uninitialized left-value. assert \initialized(dest_0);
[eva:alarm] safeclib/strremovews_s.c:145: Warning: 
  accessing uninitialized left-value. assert \initialized(dest_0);
[eva:loop-unroll:partial] safeclib/strremovews_s.c:159: 
  loop not completely unrolled
[eva] safeclib/strremovews_s.c:157: starting to merge loop iterations
[eva] using specification for function printf_va_716
[eva:alarm] unittests/test_strremovews_s.c:102: Warning: 
  function printf_va_716: precondition valid_read_string(param3) got status unknown.
[eva] using specification for function printf_va_720
[eva:loop-unroll:partial] safeclib/strremovews_s.c:130: 
  loop not completely unrolled
[eva] using specification for function printf_va_721
[eva] using specification for function printf_va_722
[eva:loop-unroll:partial] safeclib/strremovews_s.c:122: 
  loop not completely unrolled
[eva] safeclib/strremovews_s.c:122: starting to merge loop iterations
[eva] using specification for function printf_va_723
[eva:alarm] unittests/test_strremovews_s.c:170: Warning: 
  function strcmp: precondition 'valid_string_s1' got status unknown.
[eva] using specification for function printf_va_724
[eva:alarm] unittests/test_strremovews_s.c:172: Warning: 
  function printf_va_724: precondition valid_read_string(param2) got status unknown.
[eva:alarm] unittests/test_strremovews_s.c:180: Warning: 
  function strlen: precondition 'valid_string_s' got status unknown.
[eva:alarm] safeclib/strremovews_s.c:120: Warning: 
  accessing uninitialized left-value. assert \initialized(dest_0);
[eva] safeclib/strremovews_s.c:120: starting to merge loop iterations
[eva:alarm] safeclib/strremovews_s.c:122: Warning: 
  out of bounds write. assert \valid(tmp);
                       (tmp from orig_dest++)
[eva:alarm] safeclib/strremovews_s.c:157: Warning: 
  accessing uninitialized left-value. assert \initialized(dest_0);
[eva] using specification for function printf_va_725
[eva:alarm] unittests/test_strremovews_s.c:188: Warning: 
  function strcmp: precondition 'valid_string_s1' got status unknown.
[eva] using specification for function printf_va_726
[eva:alarm] unittests/test_strremovews_s.c:190: Warning: 
  function printf_va_726: precondition valid_read_string(param2) got status unknown.
[eva] using specification for function printf_va_727
[eva:alarm] unittests/test_strremovews_s.c:206: Warning: 
  function strcmp: precondition 'valid_string_s1' got status unknown.
[eva] using specification for function printf_va_728
[eva:alarm] unittests/test_strremovews_s.c:208: Warning: 
  function printf_va_728: precondition valid_read_string(param2) got status unknown.
[eva] using specification for function printf_va_729
[eva:alarm] unittests/test_strremovews_s.c:224: Warning: 
  function strcmp: precondition 'valid_string_s1' got status unknown.
[eva] using specification for function printf_va_730
[eva:alarm] unittests/test_strremovews_s.c:226: Warning: 
  function printf_va_730: precondition valid_read_string(param2) got status unknown.
[eva:loop-unroll:auto] safeclib/strspn_s.c:139: Automatic loop unrolling.
[eva:loop-unroll:partial] safeclib/strspn_s.c:155: loop not completely unrolled
[eva] using specification for function printf_va_747
[eva] using specification for function printf_va_749
[eva] safeclib/strspn_s.c:148: starting to merge loop iterations
[eva] using specification for function printf_va_751
[eva:loop-unroll:auto] safeclib/strspn_s.c:148: Automatic loop unrolling.
[eva:loop-unroll:partial] safeclib/strspn_s.c:165: loop not completely unrolled
[eva] safeclib/strspn_s.c:139: starting to merge loop iterations
[eva] using specification for function strspn
[eva] using specification for function printf_va_753
[eva] safeclib/strspn_s.c:158: Trace partitioning superposing up to 100 states
[eva] using specification for function printf_va_755
[eva] using specification for function printf_va_757
[eva] using specification for function printf_va_759
[eva] using specification for function printf_va_761
[eva] using specification for function printf_va_763
[eva:loop-unroll:partial] safeclib/strstr_s.c:170: loop not completely unrolled
[eva] safeclib/strstr_s.c:152: starting to merge loop iterations
[eva] safeclib/strstr_s.c:147: starting to merge loop iterations
[eva] using specification for function printf_va_781
[eva] using specification for function printf_va_782
[eva:loop-unroll:partial] safeclib/strstr_s.c:164: loop not completely unrolled
[eva:alarm] safeclib/strstr_s.c:152: Warning: 
  out of bounds read. assert \valid_read(src + i);
[eva:alarm] safeclib/strstr_s.c:155: Warning: 
  out of bounds read. assert \valid_read(dest_0 + i);
[eva] using specification for function printf_va_783
[eva] using specification for function printf_va_784
[eva] using specification for function printf_va_785
[eva] using specification for function printf_va_786
[eva] using specification for function printf_va_787
[eva] using specification for function printf_va_788
[eva:alarm] unittests/test_strstr_s.c:210: Warning: 
  function printf_va_788: precondition valid_read_string(param3) got status unknown.
[eva] unittests/test_strstr_s.c:223: 
  Trace partitioning superposing up to 100 states
[eva] using specification for function printf_va_789
[eva] using specification for function printf_va_790
[eva:alarm] unittests/test_strstr_s.c:229: Warning: 
  function printf_va_790: precondition valid_read_string(param3) got status unknown.
[eva:loop-unroll:auto] safeclib/strstr_s.c:147: Automatic loop unrolling.
[eva:loop-unroll:auto] safeclib/strstr_s.c:152: Automatic loop unrolling.
[eva] using specification for function printf_va_791
[eva] using specification for function printf_va_792
[eva] using specification for function printf_va_793
[eva] using specification for function printf_va_794
[eva] using specification for function printf_va_795
[eva] using specification for function printf_va_796
[eva] using specification for function printf_va_797
[eva] using specification for function printf_va_798
[eva] using specification for function strstr
[eva] FRAMAC_SHARE/libc/string.h:243: 
  cannot evaluate ACSL term, unsupported ACSL construct: logic function memcmp
[eva] using specification for function printf_va_799
[eva:alarm] unittests/test_strtok_s.c:78: Warning: 
  function strlen: precondition 'valid_string_s' got status unknown.
[eva:alarm] safeclib/strtok_s.c:227: Warning: 
  accessing uninitialized left-value. assert \initialized(dest_0);
[eva:alarm] safeclib/strtok_s.c:243: Warning: 
  accessing uninitialized left-value. assert \initialized(pt);
[eva:loop-unroll:partial] safeclib/strtok_s.c:254: loop not completely unrolled
[eva] safeclib/strtok_s.c:243: starting to merge loop iterations
[eva:alarm] safeclib/strtok_s.c:254: Warning: 
  accessing uninitialized left-value. assert \initialized(pt);
[eva:loop-unroll:partial] safeclib/strtok_s.c:263: loop not completely unrolled
[eva] safeclib/strtok_s.c:227: starting to merge loop iterations
[eva:alarm] safeclib/strtok_s.c:254: Warning: 
  accessing uninitialized left-value. assert \initialized(dest_0);
[eva:alarm] safeclib/strtok_s.c:278: Warning: 
  accessing uninitialized left-value. assert \initialized(dest_0);
[eva:alarm] safeclib/strtok_s.c:290: Warning: 
  accessing uninitialized left-value. assert \initialized(pt);
[eva:alarm] safeclib/strtok_s.c:301: Warning: 
  accessing uninitialized left-value. assert \initialized(dest_0);
[eva:loop-unroll:partial] safeclib/strtok_s.c:301: loop not completely unrolled
[eva] safeclib/strtok_s.c:290: starting to merge loop iterations
[eva:alarm] safeclib/strtok_s.c:301: Warning: 
  accessing uninitialized left-value. assert \initialized(pt);
[eva:loop-unroll:partial] safeclib/strtok_s.c:318: loop not completely unrolled
[eva] safeclib/strtok_s.c:278: starting to merge loop iterations
[eva] using specification for function printf_va_805
[eva:alarm] unittests/test_strtok_s.c:84: Warning: 
  function printf_va_805: precondition valid_read_string(param2) got status unknown.
[eva:alarm] unittests/test_strtok_s.c:84: Warning: 
  function printf_va_805: precondition valid_read_string(param3) got status unknown.
[eva:alarm] unittests/test_strtok_s.c:84: Warning: 
  accessing uninitialized left-value. assert \initialized(&p2str);
[eva:alarm] unittests/test_strtok_s.c:92: Warning: 
  function strlen: precondition 'valid_string_s' got status unknown.
[eva:alarm] unittests/test_strtok_s.c:98: Warning: 
  accessing uninitialized left-value. assert \initialized(&p2str);
[eva] using specification for function printf_va_806
[eva:alarm] unittests/test_strtok_s.c:98: Warning: 
  function printf_va_806: precondition valid_read_string(param2) got status unknown.
[eva:alarm] unittests/test_strtok_s.c:98: Warning: 
  function printf_va_806: precondition valid_read_string(param3) got status unknown.
[eva] using specification for function printf_va_807
[eva:alarm] unittests/test_strtok_s.c:103: Warning: 
  function printf_va_807: precondition valid_read_string(param0) got status unknown.
[eva:alarm] unittests/test_strtok_s.c:103: Warning: 
  function printf_va_807: precondition valid_read_string(param1) got status unknown.
[eva:alarm] unittests/test_strtok_s.c:110: Warning: 
  function strlen: precondition 'valid_string_s' got status unknown.
[eva:alarm] unittests/test_strtok_s.c:116: Warning: 
  accessing uninitialized left-value. assert \initialized(&p2str);
[eva] using specification for function printf_va_808
[eva:alarm] unittests/test_strtok_s.c:116: Warning: 
  function printf_va_808: precondition valid_read_string(param2) got status invalid.
[eva:alarm] unittests/test_strtok_s.c:125: Warning: 
  function strlen: precondition 'valid_string_s' got status unknown.
[eva:alarm] unittests/test_strtok_s.c:131: Warning: 
  accessing uninitialized left-value. assert \initialized(&p2str);
[eva] using specification for function printf_va_809
[eva:alarm] unittests/test_strtok_s.c:131: Warning: 
  function printf_va_809: precondition valid_read_string(param2) got status invalid.
[eva:alarm] unittests/test_strtok_s.c:135: Warning: 
  function strcmp: precondition 'valid_string_s1' got status unknown.
[eva:alarm] unittests/test_strtok_s.c:136: Warning: 
  accessing uninitialized left-value. assert \initialized(&p2str);
[eva] using specification for function printf_va_810
[eva:alarm] unittests/test_strtok_s.c:136: Warning: 
  function printf_va_810: precondition valid_read_string(param2) got status unknown.
[eva:alarm] unittests/test_strtok_s.c:136: Warning: 
  function printf_va_810: precondition valid_read_string(param3) got status unknown.
[eva:alarm] unittests/test_strtok_s.c:145: Warning: 
  accessing uninitialized left-value. assert \initialized(&p2str);
[eva:alarm] safeclib/strtok_s.c:227: Warning: 
  out of bounds read. assert \valid_read(dest_0);
[eva] using specification for function printf_va_811
[eva:alarm] unittests/test_strtok_s.c:147: Warning: 
  function printf_va_811: precondition valid_read_string(param2) got status unknown.
[eva:alarm] unittests/test_strtok_s.c:147: Warning: 
  function printf_va_811: precondition valid_read_string(param3) got status unknown.
[eva:alarm] unittests/test_strtok_s.c:159: Warning: 
  function strlen: precondition 'valid_string_s' got status unknown.
[eva:alarm] unittests/test_strtok_s.c:165: Warning: 
  function strcmp: precondition 'valid_string_s1' got status unknown.
[eva] using specification for function printf_va_812
[eva:alarm] unittests/test_strtok_s.c:166: Warning: 
  function printf_va_812: precondition valid_read_string(param2) got status unknown.
[eva:alarm] unittests/test_strtok_s.c:166: Warning: 
  function printf_va_812: precondition valid_read_string(param3) got status unknown.
[eva:alarm] unittests/test_strtok_s.c:175: Warning: 
  function strlen: precondition 'valid_string_s' got status unknown.
[eva:alarm] unittests/test_strtok_s.c:182: Warning: 
  function strcmp: precondition 'valid_string_s1' got status unknown.
[eva] using specification for function printf_va_813
[eva:alarm] unittests/test_strtok_s.c:183: Warning: 
  function printf_va_813: precondition valid_read_string(param2) got status unknown.
[eva:alarm] unittests/test_strtok_s.c:183: Warning: 
  function printf_va_813: precondition valid_read_string(param3) got status unknown.
[eva:alarm] unittests/test_strtolowercase_s.c:50: Warning: 
  function strlen: precondition 'valid_string_s' got status unknown.
[eva:loop-unroll:auto] safeclib/strtolowercase_s.c:104: 
  Automatic loop unrolling.
[eva:alarm] safeclib/strtolowercase_s.c:104: Warning: 
  accessing uninitialized left-value. assert \initialized(dest_0);
[eva] using specification for function printf_va_817
[eva:alarm] unittests/test_strtolowercase_s.c:58: Warning: 
  function strcmp: precondition 'valid_string_s1' got status unknown.
[eva] using specification for function printf_va_818
[eva:alarm] unittests/test_strtolowercase_s.c:59: Warning: 
  function printf_va_818: precondition valid_read_string(param2) got status unknown.
[eva:alarm] unittests/test_strtolowercase_s.c:66: Warning: 
  function strlen: precondition 'valid_string_s' got status unknown.
[eva] using specification for function printf_va_819
[eva:alarm] unittests/test_strtolowercase_s.c:74: Warning: 
  function strcmp: precondition 'valid_string_s1' got status unknown.
[eva] using specification for function printf_va_820
[eva:alarm] unittests/test_strtolowercase_s.c:75: Warning: 
  function printf_va_820: precondition valid_read_string(param2) got status unknown.
[eva:loop-unroll:partial] safeclib/strtolowercase_s.c:110: 
  loop not completely unrolled
[eva] safeclib/strtolowercase_s.c:104: starting to merge loop iterations
[eva:alarm] safeclib/strtolowercase_s.c:106: Warning: 
  accessing uninitialized left-value. assert \initialized(dest_0);
[eva:alarm] safeclib/strtolowercase_s.c:106: Warning: 
  accessing uninitialized left-value. assert \initialized(dest_0);
[eva:alarm] safeclib/strtolowercase_s.c:107: Warning: 
  accessing uninitialized left-value. assert \initialized(dest_0);
[eva:alarm] unittests/test_strtolowercase_s.c:89: Warning: 
  function strcmp: precondition 'valid_string_s1' got status unknown.
[eva] using specification for function printf_va_822
[eva:alarm] unittests/test_strtolowercase_s.c:90: Warning: 
  function printf_va_822: precondition valid_read_string(param2) got status unknown.
[eva:alarm] unittests/test_strtolowercase_s.c:97: Warning: 
  function strlen: precondition 'valid_string_s' got status unknown.
[eva] using specification for function printf_va_823
[eva:alarm] unittests/test_strtolowercase_s.c:105: Warning: 
  function strcmp: precondition 'valid_string_s1' got status unknown.
[eva] using specification for function printf_va_824
[eva:alarm] unittests/test_strtolowercase_s.c:106: Warning: 
  function printf_va_824: precondition valid_read_string(param2) got status unknown.
[eva:alarm] unittests/test_strtolowercase_s.c:113: Warning: 
  function strlen: precondition 'valid_string_s' got status unknown.
[eva] using specification for function printf_va_825
[eva:alarm] unittests/test_strtolowercase_s.c:121: Warning: 
  function strcmp: precondition 'valid_string_s1' got status unknown.
[eva] using specification for function printf_va_826
[eva:alarm] unittests/test_strtolowercase_s.c:122: Warning: 
  function printf_va_826: precondition valid_read_string(param2) got status unknown.
[eva:alarm] unittests/test_strtolowercase_s.c:129: Warning: 
  function strlen: precondition 'valid_string_s' got status unknown.
[eva:loop-unroll:auto] safeclib/strtouppercase_s.c:104: 
  Automatic loop unrolling.
[eva:alarm] unittests/test_strtouppercase_s.c:66: Warning: 
  function strlen: precondition 'valid_string_s' got status unknown.
[eva:alarm] safeclib/strtouppercase_s.c:104: Warning: 
  accessing uninitialized left-value. assert \initialized(dest_0);
[eva] using specification for function printf_va_832
[eva:alarm] unittests/test_strtouppercase_s.c:76: Warning: 
  function strcmp: precondition 'valid_string_s1' got status unknown.
[eva] using specification for function printf_va_833
[eva:alarm] unittests/test_strtouppercase_s.c:77: Warning: 
  function printf_va_833: precondition valid_read_string(param2) got status unknown.
[eva:alarm] unittests/test_strtouppercase_s.c:84: Warning: 
  function strlen: precondition 'valid_string_s' got status unknown.
[eva] using specification for function printf_va_834
[eva:alarm] unittests/test_strtouppercase_s.c:94: Warning: 
  function strcmp: precondition 'valid_string_s1' got status unknown.
[eva] using specification for function printf_va_835
[eva:alarm] unittests/test_strtouppercase_s.c:95: Warning: 
  function printf_va_835: precondition valid_read_string(param2) got status unknown.
[eva:alarm] unittests/test_strtouppercase_s.c:102: Warning: 
  function strlen: precondition 'valid_string_s' got status unknown.
[eva:loop-unroll:partial] safeclib/strtouppercase_s.c:110: 
  loop not completely unrolled
[eva] safeclib/strtouppercase_s.c:104: starting to merge loop iterations
[eva:alarm] safeclib/strtouppercase_s.c:106: Warning: 
  accessing uninitialized left-value. assert \initialized(dest_0);
[eva:alarm] safeclib/strtouppercase_s.c:106: Warning: 
  accessing uninitialized left-value. assert \initialized(dest_0);
[eva:alarm] safeclib/strtouppercase_s.c:107: Warning: 
  accessing uninitialized left-value. assert \initialized(dest_0);
[eva] using specification for function printf_va_836
[eva:alarm] unittests/test_strtouppercase_s.c:112: Warning: 
  function strcmp: precondition 'valid_string_s1' got status unknown.
[eva] using specification for function printf_va_837
[eva:alarm] unittests/test_strtouppercase_s.c:113: Warning: 
  function printf_va_837: precondition valid_read_string(param2) got status unknown.
[eva:alarm] unittests/test_strtouppercase_s.c:120: Warning: 
  function strlen: precondition 'valid_string_s' got status unknown.
[eva] using specification for function printf_va_838
[eva:alarm] unittests/test_strtouppercase_s.c:130: Warning: 
  function strcmp: precondition 'valid_string_s1' got status unknown.
[eva] using specification for function printf_va_839
[eva:alarm] unittests/test_strtouppercase_s.c:131: Warning: 
  function printf_va_839: precondition valid_read_string(param2) got status unknown.
[eva:alarm] unittests/test_strtouppercase_s.c:138: Warning: 
  function strlen: precondition 'valid_string_s' got status unknown.
[eva:loop-unroll:auto] safeclib/strzero_s.c:95: Automatic loop unrolling.
[eva:loop-unroll:auto] unittests/test_strzero_s.c:55: Automatic loop unrolling.
[eva:loop-unroll:auto] unittests/test_strzero_s.c:71: Automatic loop unrolling.
[eva:loop-unroll:auto] unittests/test_strzero_s.c:87: Automatic loop unrolling.
[eva:loop-unroll:partial] unittests/test_strzero_s.c:103: 
  loop not completely unrolled
[eva:alarm] unittests/test_strzero_s.c:104: Warning: 
  accessing uninitialized left-value. assert \initialized(&str1_17[i]);
[eva] unittests/test_strzero_s.c:103: starting to merge loop iterations
[eva:alarm] unittests/test_strzero_s.c:121: Warning: 
  function strcmp: precondition 'valid_string_s1' got status unknown.
[eva] using specification for function printf_va_853
[eva:alarm] unittests/test_strzero_s.c:122: Warning: 
  function printf_va_853: precondition valid_read_string(param2) got status unknown.
[eva] using specification for function printf_va_854
[eva] using specification for function printf_va_855
[eva] using specification for function printf_va_858
[eva] using specification for function printf_va_861
[eva] using specification for function printf_va_864
[eva:alarm] safeclib/wcscpy_s.c:147: Warning: 
  pointer comparison. assert \pointer_comparable((void *)dest_0, (void *)src);
[eva:loop-unroll:partial] safeclib/wcscpy_s.c:169: loop not completely unrolled
[eva] safeclib/wcscpy_s.c:150: starting to merge loop iterations
[eva:alarm] safeclib/wcscpy_s.c:158: Warning: 
  out of bounds read. assert \valid_read(src);
[eva:alarm] safeclib/wcscpy_s.c:176: Warning: 
  pointer comparison.
  assert \pointer_comparable((void *)src, (void *)overlap_bumper);
[eva:loop-unroll:partial] safeclib/wcscpy_s.c:194: loop not completely unrolled
[eva] safeclib/wcscpy_s.c:175: starting to merge loop iterations
[eva:alarm] safeclib/wcscpy_s.c:183: Warning: 
  out of bounds read. assert \valid_read(src);
[eva] using specification for function printf_va_868
[eva:loop-unroll:auto] safeclib/wcpcpy_s.c:142: Automatic loop unrolling.
[eva] using specification for function printf_va_871
[eva:loop-unroll:partial] safeclib/wcpcpy_s.c:142: loop not completely unrolled
[eva] safeclib/wcpcpy_s.c:142: starting to merge loop iterations
[eva:alarm] safeclib/wcpcpy_s.c:143: Warning: 
  out of bounds read. assert \valid_read(dest_0);
[eva:loop-unroll:partial] safeclib/wcsnlen_s.c:108: loop not completely unrolled
[eva] safeclib/wcsnlen_s.c:105: starting to merge loop iterations
[eva:alarm] safeclib/wcsnlen_s.c:105: Warning: 
  out of bounds read. assert \valid_read(dest_0);
[eva] using specification for function printf_va_873
[eva] using specification for function printf_va_874
[eva:loop-unroll:partial] safeclib/wcpcpy_s.c:180: loop not completely unrolled
[eva] using specification for function printf_va_878
[eva:loop-unroll:partial] safeclib/wcpcpy_s.c:206: loop not completely unrolled
[eva] using specification for function printf_va_882
[eva:alarm] safeclib/wcpcpy_s.c:157: Warning: 
  pointer comparison. assert \pointer_comparable((void *)dest_0, (void *)src);
[eva] using specification for function printf_va_886
[eva] using specification for function printf_va_889
[eva] using specification for function printf_va_890
[eva] using specification for function printf_va_892
[eva] using specification for function printf_va_894
[eva] using specification for function printf_va_899
[eva] using specification for function printf_va_903
[eva:loop-unroll:auto] safeclib/wcpcpy_s.c:160: Automatic loop unrolling.
[eva:loop-unroll:auto] safeclib/wcpcpy_s.c:186: Automatic loop unrolling.
[eva] using specification for function printf_va_907
[eva] using specification for function printf_va_911
[eva] using specification for function printf_va_915
[eva] using specification for function printf_va_919
[eva] using specification for function printf_va_920
[eva] using specification for function printf_va_922
[eva] using specification for function printf_va_924
[eva] using specification for function printf_va_926
[eva] using specification for function printf_va_928
[eva:loop-unroll:auto] safeclib/wcscat_s.c:139: Automatic loop unrolling.
[eva] using specification for function printf_va_931
[eva:alarm] safeclib/wcscat_s.c:135: Warning: 
  pointer comparison. assert \pointer_comparable((void *)dest_0, (void *)src);
[eva:loop-unroll:auto] safeclib/wcscat_s.c:181: Automatic loop unrolling.
[eva] using specification for function printf_va_934
[eva:loop-unroll:partial] safeclib/wcscat_s.c:149: loop not completely unrolled
[eva:loop-unroll:partial] safeclib/wcscat_s.c:189: loop not completely unrolled
[eva] using specification for function printf_va_937
[eva:loop-unroll:partial] safeclib/wcscat_s.c:174: loop not completely unrolled
[eva] using specification for function printf_va_940
[eva:loop-unroll:partial] safeclib/wcscat_s.c:214: loop not completely unrolled
[eva] using specification for function printf_va_942
[eva] using specification for function printf_va_943
[eva:loop-unroll:auto] safeclib/wcscat_s.c:156: Automatic loop unrolling.
[eva:loop-unroll:auto] safeclib/wcscat_s.c:196: Automatic loop unrolling.
[eva] using specification for function printf_va_946
[eva] using specification for function printf_va_949
[eva] using specification for function printf_va_951
[eva] using specification for function printf_va_952
[eva] using specification for function printf_va_955
[eva] using specification for function printf_va_957
[eva] using specification for function printf_va_958
[eva] using specification for function printf_va_960
[eva] using specification for function printf_va_961
[eva] using specification for function printf_va_963
[eva] using specification for function printf_va_965
[eva] using specification for function printf_va_966
[eva] safeclib/wcscat_s.c:181: starting to merge loop iterations
[eva:alarm] safeclib/wcscat_s.c:181: Warning: 
  out of bounds read. assert \valid_read(dest_0);
[eva:alarm] safeclib/wcscat_s.c:203: Warning: 
  out of bounds write. assert \valid(dest_0);
[eva] using specification for function printf_va_969
[eva] using specification for function printf_va_971
[eva] using specification for function printf_va_972
[eva] using specification for function printf_va_974
[eva] using specification for function printf_va_975
[eva] using specification for function printf_va_978
[eva] using specification for function printf_va_979
[eva] using specification for function printf_va_981
[eva] using specification for function printf_va_983
[eva] using specification for function printf_va_985
[eva:alarm] safeclib/wmemcpy_s.c:143: Warning: 
  pointer comparison. assert \pointer_comparable((void *)dp, (void *)sp);
[eva:alarm] safeclib/wmemcpy_s.c:143: Warning: 
  pointer comparison.
  assert \pointer_comparable((void *)dp, (void *)(sp + smax));
[eva:alarm] safeclib/wmemcpy_s.c:144: Warning: 
  pointer comparison. assert \pointer_comparable((void *)sp, (void *)dp);
[eva:alarm] safeclib/wmemcpy_s.c:144: Warning: 
  pointer comparison.
  assert \pointer_comparable((void *)sp, (void *)(dp + dmax));
[eva] using specification for function printf_va_988
[eva:loop-unroll:auto] safeclib/wcscpy_s.c:134: Automatic loop unrolling.
[eva] using specification for function printf_va_989
[eva] using specification for function printf_va_990
[eva:loop-unroll:partial] safeclib/wcscpy_s.c:134: loop not completely unrolled
[eva] safeclib/wcscpy_s.c:134: starting to merge loop iterations
[eva:alarm] safeclib/wcscpy_s.c:134: Warning: 
  out of bounds read. assert \valid_read(src);
[eva] using specification for function printf_va_992
[eva] using specification for function printf_va_993
[eva] using specification for function printf_va_994
[eva] using specification for function printf_va_995
[eva] safeclib/wcsnlen_s.c:111: cannot properly split on \result == 2
[eva] using specification for function printf_va_996
[eva] using specification for function printf_va_997
[eva] using specification for function printf_va_998
[eva] using specification for function printf_va_1001
[eva] using specification for function printf_va_1002
[eva] using specification for function printf_va_1003
[eva:alarm] unittests/test_wcscpy_s.c:284: Warning: 
  function printf_va_1003: precondition valid_read_wstring(param2) got status unknown.
[eva:alarm] unittests/test_wcscpy_s.c:284: Warning: 
  function printf_va_1003: precondition valid_read_wstring(param3) got status unknown.
[eva] using specification for function printf_va_1004
[eva] using specification for function printf_va_1005
[eva] using specification for function printf_va_1006
[eva:alarm] unittests/test_wcscpy_s.c:305: Warning: 
  function printf_va_1006: precondition valid_read_wstring(param2) got status unknown.
[eva:alarm] unittests/test_wcscpy_s.c:305: Warning: 
  function printf_va_1006: precondition valid_read_wstring(param3) got status unknown.
[eva] using specification for function printf_va_1007
[eva] using specification for function printf_va_1008
[eva] using specification for function printf_va_1009
[eva] using specification for function printf_va_1010
[eva:alarm] unittests/test_wcscpy_s.c:330: Warning: 
  function printf_va_1010: precondition valid_read_wstring(param2) got status unknown.
[eva:alarm] unittests/test_wcscpy_s.c:330: Warning: 
  function printf_va_1010: precondition valid_read_wstring(param3) got status unknown.
[eva] using specification for function printf_va_1011
[eva] using specification for function printf_va_1012
[eva] using specification for function printf_va_1013
[eva:alarm] unittests/test_wcscpy_s.c:350: Warning: 
  function printf_va_1013: precondition valid_read_wstring(param2) got status unknown.
[eva] using specification for function printf_va_1014
[eva:loop-unroll:auto] safeclib/wcscpy_s.c:150: Automatic loop unrolling.
[eva:loop-unroll:auto] safeclib/wcscpy_s.c:175: Automatic loop unrolling.
[eva] using specification for function printf_va_1017
[eva] using specification for function printf_va_1019
[eva:alarm] unittests/test_wcscpy_s.c:388: Warning: 
  function printf_va_1019: precondition valid_read_wstring(param2) got status unknown.
[eva] using specification for function printf_va_1020
[eva] using specification for function printf_va_1021
[eva] using specification for function printf_va_1022
[eva:alarm] unittests/test_wcscpy_s.c:409: Warning: 
  function printf_va_1022: precondition valid_read_wstring(param2) got status unknown.
[eva] using specification for function printf_va_1023
[eva] using specification for function printf_va_1024
[eva] using specification for function printf_va_1025
[eva:alarm] unittests/test_wcscpy_s.c:430: Warning: 
  function printf_va_1025: precondition valid_read_wstring(param2) got status unknown.
[eva] using specification for function printf_va_1026
[eva] using specification for function printf_va_1027
[eva] using specification for function printf_va_1029
[eva] using specification for function printf_va_1031
[eva] using specification for function printf_va_1033
[eva] using specification for function printf_va_1035
[eva] using specification for function printf_va_1037
[eva:loop-unroll:partial] safeclib/wcsncat_s.c:160: loop not completely unrolled
[eva] using specification for function printf_va_1040
[eva:loop-unroll:auto] safeclib/wcsncat_s.c:149: Automatic loop unrolling.
[eva] using specification for function printf_va_1043
[eva:loop-unroll:partial] safeclib/wcsncat_s.c:202: loop not completely unrolled
[eva] using specification for function printf_va_1046
[eva:alarm] safeclib/wcsncat_s.c:145: Warning: 
  pointer comparison. assert \pointer_comparable((void *)dest_0, (void *)src);
[eva:loop-unroll:partial] safeclib/wcsncat_s.c:217: loop not completely unrolled
[eva:loop-unroll:partial] safeclib/wcsncat_s.c:258: loop not completely unrolled
[eva] using specification for function printf_va_1048
[eva:alarm] safeclib/memcmp_s.c:159: Warning: 
  out of bounds read. assert \valid_read(sp);
[eva] using specification for function printf_va_1049
[eva] using specification for function printf_va_1050
[eva] using specification for function printf_va_1052
[eva] using specification for function printf_va_1053
[eva] using specification for function printf_va_1054
[eva:loop-unroll:auto] safeclib/wcsncat_s.c:168: Automatic loop unrolling.
[eva:loop-unroll:auto] safeclib/wcsncat_s.c:209: Automatic loop unrolling.
[eva:loop-unroll:auto] safeclib/wcsncat_s.c:225: Automatic loop unrolling.
[eva] using specification for function printf_va_1057
[eva] using specification for function printf_va_1060
[eva] using specification for function printf_va_1062
[eva] using specification for function printf_va_1063
[eva] using specification for function printf_va_1066
[eva] using specification for function printf_va_1068
[eva] using specification for function printf_va_1069
[eva] using specification for function printf_va_1071
[eva] using specification for function printf_va_1072
[eva] using specification for function printf_va_1075
[eva] using specification for function printf_va_1078
[eva] safeclib/wcsncat_s.c:225: starting to merge loop iterations
[eva] using specification for function printf_va_1081
[eva] using specification for function printf_va_1083
[eva] using specification for function printf_va_1084
[eva] using specification for function printf_va_1086
[eva] using specification for function printf_va_1087
[eva] using specification for function printf_va_1090
[eva] using specification for function printf_va_1091
[eva] using specification for function printf_va_1093
[eva] using specification for function printf_va_1095
[eva] using specification for function printf_va_1097
[eva] using specification for function printf_va_1100
[eva] using specification for function printf_va_1103
[eva] using specification for function printf_va_1106
[eva:loop-unroll:auto] safeclib/wcsncpy_s.c:198: Automatic loop unrolling.
[eva] using specification for function printf_va_1109
[eva:loop-unroll:partial] safeclib/wcsncpy_s.c:192: loop not completely unrolled
[eva] using specification for function printf_va_1110
[eva] using specification for function printf_va_1111
[eva] using specification for function printf_va_1112
[eva:alarm] safeclib/wcsncpy_s.c:157: Warning: 
  pointer comparison. assert \pointer_comparable((void *)dest_0, (void *)src);
[eva:loop-unroll:partial] safeclib/wcsncpy_s.c:230: loop not completely unrolled
[eva] using specification for function printf_va_1114
[eva] using specification for function printf_va_1115
[eva:alarm] unittests/test_wcsncpy_s.c:270: Warning: 
  function printf_va_1115: precondition valid_read_wstring(param3) got status unknown.
[eva] using specification for function printf_va_1116
[eva] safeclib/wcsncpy_s.c:160: starting to merge loop iterations
[eva] safeclib/wcsncpy_s.c:198: starting to merge loop iterations
[eva] using specification for function printf_va_1117
[eva] using specification for function printf_va_1118
[eva] using specification for function printf_va_1119
[eva:alarm] unittests/test_wcsncpy_s.c:296: Warning: 
  function printf_va_1119: precondition valid_read_wstring(param2) got status unknown.
[eva:alarm] unittests/test_wcsncpy_s.c:296: Warning: 
  function printf_va_1119: precondition valid_read_wstring(param3) got status unknown.
[eva] using specification for function printf_va_1120
[eva:alarm] safeclib/wcsncpy_s.c:161: Warning: 
  pointer comparison.
  assert \pointer_comparable((void *)dest_0, (void *)overlap_bumper);
[eva:alarm] safeclib/wcsncpy_s.c:175: Warning: 
  out of bounds write. assert \valid(dest_0);
[kernel] safeclib/wcsncpy_s.c:175: Warning: 
  all target addresses were invalid. This path is assumed to be dead.
[eva:alarm] safeclib/wcsncpy_s.c:199: Warning: 
  pointer comparison.
  assert \pointer_comparable((void *)src, (void *)overlap_bumper);
[eva:alarm] safeclib/wcsncpy_s.c:213: Warning: 
  out of bounds write. assert \valid(dest_0);
[kernel] safeclib/wcsncpy_s.c:213: Warning: 
  all target addresses were invalid. This path is assumed to be dead.
[eva] using specification for function printf_va_1121
[eva] using specification for function printf_va_1122
[eva] using specification for function printf_va_1123
[eva] using specification for function printf_va_1124
[eva] using specification for function printf_va_1125
[eva] using specification for function printf_va_1126
[eva] using specification for function printf_va_1129
[eva:alarm] unittests/test_wcsncpy_s.c:374: Warning: 
  function printf_va_1129: precondition valid_read_wstring(param2) got status unknown.
[eva] using specification for function printf_va_1130
[eva] using specification for function printf_va_1131
[eva] using specification for function printf_va_1132
[eva] using specification for function printf_va_1133
[eva:alarm] unittests/test_wcsncpy_s.c:400: Warning: 
  function printf_va_1133: precondition valid_read_wstring(param2) got status unknown.
[eva:alarm] unittests/test_wcsncpy_s.c:400: Warning: 
  function printf_va_1133: precondition valid_read_wstring(param3) got status unknown.
[eva] using specification for function printf_va_1134
[eva] using specification for function printf_va_1135
[eva] using specification for function printf_va_1136
[eva] using specification for function printf_va_1137
[eva] using specification for function printf_va_1138
[eva] using specification for function printf_va_1139
[eva] using specification for function printf_va_1140
[eva:alarm] unittests/test_wcsncpy_s.c:454: Warning: 
  function printf_va_1140: precondition valid_read_wstring(param2) got status unknown.
[eva:alarm] unittests/test_wcsncpy_s.c:454: Warning: 
  function printf_va_1140: precondition valid_read_wstring(param3) got status unknown.
[eva] using specification for function printf_va_1141
[eva:loop-unroll:auto] safeclib/wcsncpy_s.c:160: Automatic loop unrolling.
[eva] using specification for function printf_va_1142
[eva] using specification for function printf_va_1143
[eva:alarm] unittests/test_wcsncpy_s.c:476: Warning: 
  function printf_va_1143: precondition valid_read_wstring(param2) got status unknown.
[eva] using specification for function printf_va_1144
[eva] using specification for function printf_va_1145
[eva] using specification for function printf_va_1146
[eva:alarm] unittests/test_wcsncpy_s.c:498: Warning: 
  function printf_va_1146: precondition valid_read_wstring(param2) got status unknown.
[eva] using specification for function printf_va_1147
[eva] using specification for function printf_va_1148
[eva] using specification for function printf_va_1150
[eva] using specification for function printf_va_1152
[eva] using specification for function printf_va_1153
[eva] using specification for function printf_va_1154
[eva] using specification for function printf_va_1155
[eva] using specification for function printf_va_1156
[eva] using specification for function printf_va_1158
[eva] using specification for function printf_va_1160
[eva] using specification for function printf_va_1161
[eva] using specification for function printf_va_1207
[eva] using specification for function printf_va_1208
[eva] using specification for function printf_va_1210
[eva] using specification for function printf_va_1212
[eva] using specification for function printf_va_1214
[eva] using specification for function printf_va_1216
[eva] using specification for function printf_va_1218
[eva] using specification for function printf_va_1220
[eva] using specification for function printf_va_1222
[eva:alarm] safeclib/mem_primitives_lib.c:89: Warning: 
  out of bounds write. assert \valid(tmp);
                       (tmp from dp++)
[eva] using specification for function printf_va_1224
[eva:loop-unroll:partial] unittests/test_wmemcpy_s.c:164: 
  loop not completely unrolled
[eva:loop-unroll:partial] unittests/test_wmemcpy_s.c:166: 
  loop not completely unrolled
[eva] unittests/test_wmemcpy_s.c:166: starting to merge loop iterations
[eva:loop-unroll:auto] unittests/test_wmemcpy_s.c:178: Automatic loop unrolling.
[eva] using specification for function printf_va_1227
[eva] using specification for function printf_va_1228
[eva:loop-unroll:partial] unittests/test_wmemcpy_s.c:190: 
  loop not completely unrolled
[eva] unittests/test_wmemcpy_s.c:190: starting to merge loop iterations
[eva:loop-unroll:partial] unittests/test_wmemcpy_s.c:191: 
  loop not completely unrolled
[eva] unittests/test_wmemcpy_s.c:191: starting to merge loop iterations
[eva] using specification for function printf_va_1230
[eva:loop-unroll:partial] unittests/test_wmemcpy_s.c:201: 
  loop not completely unrolled
[eva] unittests/test_wmemcpy_s.c:201: starting to merge loop iterations
[eva] using specification for function printf_va_1231
[eva] using specification for function printf_va_1232
[eva:loop-unroll:partial] unittests/test_wmemcpy_s.c:219: 
  loop not completely unrolled
[eva] unittests/test_wmemcpy_s.c:219: starting to merge loop iterations
[eva:loop-unroll:partial] unittests/test_wmemcpy_s.c:220: 
  loop not completely unrolled
[eva] unittests/test_wmemcpy_s.c:220: starting to merge loop iterations
[eva] using specification for function printf_va_1234
[eva:loop-unroll:partial] unittests/test_wmemcpy_s.c:230: 
  loop not completely unrolled
[eva] unittests/test_wmemcpy_s.c:230: starting to merge loop iterations
[eva] using specification for function printf_va_1235
[eva] using specification for function printf_va_1236
[eva:loop-unroll:partial] unittests/test_wmemcpy_s.c:247: 
  loop not completely unrolled
[eva] unittests/test_wmemcpy_s.c:247: starting to merge loop iterations
[eva:loop-unroll:partial] unittests/test_wmemcpy_s.c:248: 
  loop not completely unrolled
[eva] unittests/test_wmemcpy_s.c:248: starting to merge loop iterations
[eva] using specification for function printf_va_1238
[eva:loop-unroll:partial] unittests/test_wmemcpy_s.c:259: 
  loop not completely unrolled
[eva] unittests/test_wmemcpy_s.c:259: starting to merge loop iterations
[eva] using specification for function printf_va_1239
[eva] using specification for function printf_va_1240
[eva:loop-unroll:partial] unittests/test_wmemcpy_s.c:277: 
  loop not completely unrolled
[eva] unittests/test_wmemcpy_s.c:277: starting to merge loop iterations
[eva:loop-unroll:partial] unittests/test_wmemcpy_s.c:278: 
  loop not completely unrolled
[eva] unittests/test_wmemcpy_s.c:278: starting to merge loop iterations
[eva] using specification for function printf_va_1242
[eva:loop-unroll:partial] unittests/test_wmemcpy_s.c:288: 
  loop not completely unrolled
[eva] unittests/test_wmemcpy_s.c:288: starting to merge loop iterations
[eva] using specification for function printf_va_1243
[eva] using specification for function printf_va_1244
[eva:loop-unroll:partial] unittests/test_wmemcpy_s.c:306: 
  loop not completely unrolled
[eva] unittests/test_wmemcpy_s.c:306: starting to merge loop iterations
[eva] using specification for function printf_va_1246
[eva:loop-unroll:partial] unittests/test_wmemcpy_s.c:319: 
  loop not completely unrolled
[eva] unittests/test_wmemcpy_s.c:319: starting to merge loop iterations
[eva:loop-unroll:partial] unittests/test_wmemcpy_s.c:320: 
  loop not completely unrolled
[eva] unittests/test_wmemcpy_s.c:320: starting to merge loop iterations
[eva] using specification for function printf_va_1248
[eva:loop-unroll:partial] unittests/test_wmemcpy_s.c:330: 
  loop not completely unrolled
[eva] unittests/test_wmemcpy_s.c:330: starting to merge loop iterations
[eva] using specification for function printf_va_1249
[eva] using specification for function printf_va_1250
[eva:loop-unroll:partial] unittests/test_wmemcpy_s.c:348: 
  loop not completely unrolled
[eva] unittests/test_wmemcpy_s.c:348: starting to merge loop iterations
[eva:loop-unroll:partial] unittests/test_wmemcpy_s.c:349: 
  loop not completely unrolled
[eva] unittests/test_wmemcpy_s.c:349: starting to merge loop iterations
[eva] using specification for function printf_va_1252
[eva:loop-unroll:partial] unittests/test_wmemcpy_s.c:359: 
  loop not completely unrolled
[eva] unittests/test_wmemcpy_s.c:359: starting to merge loop iterations
[eva] using specification for function printf_va_1253
[eva:loop-unroll:partial] unittests/test_wmemcpy_s.c:372: 
  loop not completely unrolled
[eva] unittests/test_wmemcpy_s.c:372: starting to merge loop iterations
[eva:loop-unroll:partial] unittests/test_wmemcpy_s.c:373: 
  loop not completely unrolled
[eva] unittests/test_wmemcpy_s.c:373: starting to merge loop iterations
[eva] using specification for function printf_va_1254
[eva:loop-unroll:auto] unittests/test_wmemcpy_s.c:382: Automatic loop unrolling.
[eva] using specification for function printf_va_1255
[eva] using specification for function printf_va_1256
[eva:loop-unroll:partial] unittests/test_wmemcpy_s.c:395: 
  loop not completely unrolled
[eva] unittests/test_wmemcpy_s.c:395: starting to merge loop iterations
[eva:loop-unroll:partial] unittests/test_wmemcpy_s.c:396: 
  loop not completely unrolled
[eva] unittests/test_wmemcpy_s.c:396: starting to merge loop iterations
[eva] using specification for function printf_va_1257
[eva] using specification for function printf_va_1258
[eva:loop-unroll:partial] unittests/test_wmemcpy_s.c:404: 
  loop not completely unrolled
[eva] unittests/test_wmemcpy_s.c:404: starting to merge loop iterations
[eva] using specification for function printf_va_1259
[eva] using specification for function printf_va_1260
[eva] using specification for function printf_va_1262
[eva] using specification for function printf_va_1264
[eva] using specification for function printf_va_1266
[eva] using specification for function printf_va_1268
[eva] using specification for function printf_va_1270
[eva] using specification for function printf_va_1272
[eva] using specification for function printf_va_1274
[eva] using specification for function printf_va_1276
[eva:loop-unroll:partial] unittests/test_wmemmove_s.c:173: 
  loop not completely unrolled
[eva:loop-unroll:partial] unittests/test_wmemmove_s.c:175: 
  loop not completely unrolled
[eva] unittests/test_wmemmove_s.c:175: starting to merge loop iterations
[eva:loop-unroll:auto] unittests/test_wmemmove_s.c:187: 
  Automatic loop unrolling.
[eva] using specification for function printf_va_1279
[eva] using specification for function printf_va_1280
[eva:loop-unroll:partial] unittests/test_wmemmove_s.c:199: 
  loop not completely unrolled
[eva] unittests/test_wmemmove_s.c:199: starting to merge loop iterations
[eva:loop-unroll:partial] unittests/test_wmemmove_s.c:200: 
  loop not completely unrolled
[eva] unittests/test_wmemmove_s.c:200: starting to merge loop iterations
[eva] using specification for function printf_va_1282
[eva:loop-unroll:partial] unittests/test_wmemmove_s.c:210: 
  loop not completely unrolled
[eva] unittests/test_wmemmove_s.c:210: starting to merge loop iterations
[eva] using specification for function printf_va_1283
[eva] using specification for function printf_va_1284
[eva:loop-unroll:partial] unittests/test_wmemmove_s.c:228: 
  loop not completely unrolled
[eva] unittests/test_wmemmove_s.c:228: starting to merge loop iterations
[eva:loop-unroll:partial] unittests/test_wmemmove_s.c:229: 
  loop not completely unrolled
[eva] unittests/test_wmemmove_s.c:229: starting to merge loop iterations
[eva] using specification for function printf_va_1286
[eva:loop-unroll:partial] unittests/test_wmemmove_s.c:239: 
  loop not completely unrolled
[eva] unittests/test_wmemmove_s.c:239: starting to merge loop iterations
[eva] using specification for function printf_va_1287
[eva] using specification for function printf_va_1288
[eva:loop-unroll:partial] unittests/test_wmemmove_s.c:256: 
  loop not completely unrolled
[eva] unittests/test_wmemmove_s.c:256: starting to merge loop iterations
[eva:loop-unroll:partial] unittests/test_wmemmove_s.c:257: 
  loop not completely unrolled
[eva] unittests/test_wmemmove_s.c:257: starting to merge loop iterations
[eva] using specification for function printf_va_1290
[eva:loop-unroll:partial] unittests/test_wmemmove_s.c:268: 
  loop not completely unrolled
[eva] unittests/test_wmemmove_s.c:268: starting to merge loop iterations
[eva] using specification for function printf_va_1291
[eva] using specification for function printf_va_1292
[eva:loop-unroll:partial] unittests/test_wmemmove_s.c:286: 
  loop not completely unrolled
[eva] unittests/test_wmemmove_s.c:286: starting to merge loop iterations
[eva:loop-unroll:partial] unittests/test_wmemmove_s.c:287: 
  loop not completely unrolled
[eva] unittests/test_wmemmove_s.c:287: starting to merge loop iterations
[eva] using specification for function printf_va_1294
[eva:loop-unroll:partial] unittests/test_wmemmove_s.c:297: 
  loop not completely unrolled
[eva] unittests/test_wmemmove_s.c:297: starting to merge loop iterations
[eva] using specification for function printf_va_1295
[eva:loop-unroll:partial] unittests/test_wmemmove_s.c:311: 
  loop not completely unrolled
[eva] unittests/test_wmemmove_s.c:311: starting to merge loop iterations
[eva:loop-unroll:partial] unittests/test_wmemmove_s.c:321: 
  loop not completely unrolled
[eva] using specification for function printf_va_1297
[eva] using specification for function printf_va_1298
[eva:loop-unroll:partial] unittests/test_wmemmove_s.c:327: 
  loop not completely unrolled
[eva] unittests/test_wmemmove_s.c:327: starting to merge loop iterations
[eva] using specification for function printf_va_1299
[eva] using specification for function printf_va_1300
[eva:loop-unroll:partial] unittests/test_wmemmove_s.c:345: 
  loop not completely unrolled
[eva] unittests/test_wmemmove_s.c:345: starting to merge loop iterations
[eva] using specification for function printf_va_1302
[eva:loop-unroll:partial] unittests/test_wmemmove_s.c:359: 
  loop not completely unrolled
[eva] unittests/test_wmemmove_s.c:359: starting to merge loop iterations
[eva:loop-unroll:partial] unittests/test_wmemmove_s.c:360: 
  loop not completely unrolled
[eva] unittests/test_wmemmove_s.c:360: starting to merge loop iterations
[eva:loop-unroll:auto] unittests/test_wmemmove_s.c:369: 
  Automatic loop unrolling.
[eva] using specification for function printf_va_1304
[eva] using specification for function printf_va_1305
[eva:loop-unroll:partial] unittests/test_wmemmove_s.c:382: 
  loop not completely unrolled
[eva] unittests/test_wmemmove_s.c:382: starting to merge loop iterations
[eva:loop-unroll:partial] unittests/test_wmemmove_s.c:383: 
  loop not completely unrolled
[eva] unittests/test_wmemmove_s.c:383: starting to merge loop iterations
[eva] using specification for function printf_va_1307
[eva:loop-unroll:partial] unittests/test_wmemmove_s.c:391: 
  loop not completely unrolled
[eva] unittests/test_wmemmove_s.c:391: starting to merge loop iterations
[eva] using specification for function printf_va_1308
[eva:loop-unroll:partial] unittests/test_wmemmove_s.c:404: 
  loop not completely unrolled
[eva] unittests/test_wmemmove_s.c:404: starting to merge loop iterations
[eva:loop-unroll:partial] unittests/test_wmemmove_s.c:405: 
  loop not completely unrolled
[eva] unittests/test_wmemmove_s.c:405: starting to merge loop iterations
[eva] using specification for function printf_va_1310
[eva:loop-unroll:auto] unittests/test_wmemmove_s.c:417: 
  Automatic loop unrolling.
[eva] using specification for function printf_va_1311
[eva] using specification for function printf_va_1312
[eva:loop-unroll:partial] unittests/test_wmemmove_s.c:430: 
  loop not completely unrolled
[eva] unittests/test_wmemmove_s.c:430: starting to merge loop iterations
[eva:loop-unroll:partial] unittests/test_wmemmove_s.c:431: 
  loop not completely unrolled
[eva] unittests/test_wmemmove_s.c:431: starting to merge loop iterations
[eva] using specification for function printf_va_1314
[eva:loop-unroll:auto] unittests/test_wmemmove_s.c:443: 
  Automatic loop unrolling.
[eva] using specification for function printf_va_1315
[eva] using specification for function printf_va_1316
[eva] using specification for function printf_va_1317
[eva] using specification for function printf_va_1319
[eva] using specification for function printf_va_1321
[eva] using specification for function printf_va_1323
[eva:loop-unroll:partial] unittests/test_wmemset_s.c:114: 
  loop not completely unrolled
[eva] unittests/test_wmemset_s.c:114: starting to merge loop iterations
[eva:loop-unroll:partial] unittests/test_wmemset_s.c:129: 
  loop not completely unrolled
[eva] using specification for function printf_va_1326
[eva] unittests/test_wmemset_s.c:129: starting to merge loop iterations
[eva] using specification for function printf_va_1327
[eva:loop-unroll:partial] unittests/test_wmemset_s.c:140: 
  loop not completely unrolled
[eva] unittests/test_wmemset_s.c:140: starting to merge loop iterations
[eva:loop-unroll:partial] unittests/test_wmemset_s.c:155: 
  loop not completely unrolled
[eva] using specification for function printf_va_1330
[eva] unittests/test_wmemset_s.c:155: starting to merge loop iterations
[eva] using specification for function printf_va_1331
[eva:loop-unroll:partial] unittests/test_wmemset_s.c:167: 
  loop not completely unrolled
[eva] unittests/test_wmemset_s.c:167: starting to merge loop iterations
[eva:loop-unroll:partial] unittests/test_wmemset_s.c:178: 
  loop not completely unrolled
[eva:loop-unroll:partial] unittests/test_wmemset_s.c:184: 
  loop not completely unrolled
[eva] using specification for function printf_va_1334
[eva] unittests/test_wmemset_s.c:184: starting to merge loop iterations
[eva] using specification for function printf_va_1335
[eva:loop-unroll:partial] unittests/test_wmemset_s.c:195: 
  loop not completely unrolled
[eva] unittests/test_wmemset_s.c:195: starting to merge loop iterations
[eva:loop-unroll:partial] unittests/test_wmemset_s.c:206: 
  loop not completely unrolled
[eva] unittests/test_wmemset_s.c:206: starting to merge loop iterations
[eva] using specification for function printf_va_1338
[eva:loop-unroll:partial] unittests/test_wmemset_s.c:217: 
  loop not completely unrolled
[eva] unittests/test_wmemset_s.c:217: starting to merge loop iterations
[eva:loop-unroll:partial] unittests/test_wmemset_s.c:228: 
  loop not completely unrolled
[eva] unittests/test_wmemset_s.c:228: starting to merge loop iterations
[eva] using specification for function printf_va_1162
[eva] using specification for function printf_va_1163
[eva] using specification for function printf_va_1165
[eva] using specification for function printf_va_1167
[eva] using specification for function printf_va_1169
[eva] using specification for function printf_va_1171
[eva] using specification for function printf_va_1173
[eva] using specification for function printf_va_1175
[eva] using specification for function printf_va_1177
[eva:loop-unroll:partial] unittests/test_wmemcmp_s.c:160: 
  loop not completely unrolled
[eva] unittests/test_wmemcmp_s.c:160: starting to merge loop iterations
[eva:loop-unroll:partial] unittests/test_wmemcmp_s.c:161: 
  loop not completely unrolled
[eva] unittests/test_wmemcmp_s.c:161: starting to merge loop iterations
[eva:loop-unroll:auto] safeclib/wmemcmp_s.c:154: Automatic loop unrolling.
[eva] using specification for function printf_va_1180
[eva] using specification for function printf_va_1181
[eva:loop-unroll:partial] unittests/test_wmemcmp_s.c:185: 
  loop not completely unrolled
[eva] unittests/test_wmemcmp_s.c:185: starting to merge loop iterations
[eva:loop-unroll:partial] unittests/test_wmemcmp_s.c:186: 
  loop not completely unrolled
[eva] unittests/test_wmemcmp_s.c:186: starting to merge loop iterations
[eva] using specification for function printf_va_1184
[eva] using specification for function printf_va_1185
[eva:loop-unroll:partial] unittests/test_wmemcmp_s.c:210: 
  loop not completely unrolled
[eva] unittests/test_wmemcmp_s.c:210: starting to merge loop iterations
[eva:loop-unroll:partial] unittests/test_wmemcmp_s.c:211: 
  loop not completely unrolled
[eva] unittests/test_wmemcmp_s.c:211: starting to merge loop iterations
[eva:loop-unroll:partial] safeclib/wmemcmp_s.c:164: loop not completely unrolled
[eva:alarm] safeclib/wmemcmp_s.c:155: Warning: 
  accessing uninitialized left-value. assert \initialized(dest_0);
[eva:alarm] safeclib/wmemcmp_s.c:155: Warning: 
  accessing uninitialized left-value. assert \initialized(src);
[eva] safeclib/wmemcmp_s.c:154: starting to merge loop iterations
[eva] using specification for function printf_va_1187
[eva:alarm] unittests/test_wmemcmp_s.c:224: Warning: 
  function memcmp: precondition 'initialization,s1' got status unknown.
[eva:alarm] unittests/test_wmemcmp_s.c:224: Warning: 
  function memcmp: precondition 'initialization,s2' got status unknown.
[eva] using specification for function printf_va_1188
[eva] using specification for function printf_va_1189
[eva:loop-unroll:partial] unittests/test_wmemcmp_s.c:234: 
  loop not completely unrolled
[eva] unittests/test_wmemcmp_s.c:234: starting to merge loop iterations
[eva:loop-unroll:partial] unittests/test_wmemcmp_s.c:235: 
  loop not completely unrolled
[eva] unittests/test_wmemcmp_s.c:235: starting to merge loop iterations
[eva:loop-unroll:partial] unittests/test_wmemcmp_s.c:237: 
  loop not completely unrolled
[eva] unittests/test_wmemcmp_s.c:237: starting to merge loop iterations
[eva] using specification for function printf_va_1192
[eva:loop-unroll:partial] unittests/test_wmemcmp_s.c:255: 
  loop not completely unrolled
[eva] unittests/test_wmemcmp_s.c:255: starting to merge loop iterations
[eva:loop-unroll:partial] unittests/test_wmemcmp_s.c:256: 
  loop not completely unrolled
[eva] unittests/test_wmemcmp_s.c:256: starting to merge loop iterations
[eva:loop-unroll:partial] unittests/test_wmemcmp_s.c:258: 
  loop not completely unrolled
[eva] unittests/test_wmemcmp_s.c:258: starting to merge loop iterations
[eva] using specification for function printf_va_1195
[eva:loop-unroll:partial] unittests/test_wmemcmp_s.c:275: 
  loop not completely unrolled
[eva] unittests/test_wmemcmp_s.c:275: starting to merge loop iterations
[eva:loop-unroll:partial] unittests/test_wmemcmp_s.c:276: 
  loop not completely unrolled
[eva] unittests/test_wmemcmp_s.c:276: starting to merge loop iterations
[eva] using specification for function printf_va_1198
[eva:loop-unroll:partial] unittests/test_wmemcmp_s.c:295: 
  loop not completely unrolled
[eva] unittests/test_wmemcmp_s.c:295: starting to merge loop iterations
[eva:loop-unroll:partial] unittests/test_wmemcmp_s.c:296: 
  loop not completely unrolled
[eva] unittests/test_wmemcmp_s.c:296: starting to merge loop iterations
[eva] using specification for function printf_va_1201
[eva:loop-unroll:partial] unittests/test_wmemcmp_s.c:315: 
  loop not completely unrolled
[eva] unittests/test_wmemcmp_s.c:315: starting to merge loop iterations
[eva:loop-unroll:partial] unittests/test_wmemcmp_s.c:316: 
  loop not completely unrolled
[eva] unittests/test_wmemcmp_s.c:316: starting to merge loop iterations
[eva] using specification for function printf_va_1203
[eva] using specification for function printf_va_1204
[eva:loop-unroll:partial] unittests/test_wmemcmp_s.c:335: 
  loop not completely unrolled
[eva] unittests/test_wmemcmp_s.c:335: starting to merge loop iterations
[eva:loop-unroll:partial] unittests/test_wmemcmp_s.c:336: 
  loop not completely unrolled
[eva] unittests/test_wmemcmp_s.c:336: starting to merge loop iterations
[eva] using specification for function printf_va_1206
[eva] safeclib/strcpy_s.c:141: starting to merge loop iterations
[eva:alarm] safeclib/strcpy_s.c:150: Warning: 
  accessing uninitialized left-value. assert \initialized(dest_0);
[eva:alarm] safeclib/strcpy_s.c:149: Warning: 
  out of bounds read. assert \valid_read(src);
[eva] safeclib/strcpy_s.c:166: starting to merge loop iterations
[eva:alarm] safeclib/strcpy_s.c:175: Warning: 
  accessing uninitialized left-value. assert \initialized(dest_0);
[eva:alarm] safeclib/strcpy_s.c:167: Warning: 
  pointer comparison.
  assert \pointer_comparable((void *)src, (void *)overlap_bumper);
[eva:alarm] safeclib/strcpy_s.c:174: Warning: 
  out of bounds read. assert \valid_read(src);
[eva] safeclib/stpcpy_s.c:172: starting to merge loop iterations
[eva:alarm] safeclib/stpcpy_s.c:182: Warning: 
  accessing uninitialized left-value. assert \initialized(dest_0);
[eva:alarm] safeclib/stpcpy_s.c:181: Warning: 
  out of bounds read. assert \valid_read(src);
[eva] safeclib/stpcpy_s.c:199: starting to merge loop iterations
[eva:alarm] safeclib/stpcpy_s.c:210: Warning: 
  accessing uninitialized left-value. assert \initialized(dest_0);
[eva:alarm] safeclib/stpcpy_s.c:201: Warning: 
  pointer comparison.
  assert \pointer_comparable((void *)src, (void *)overlap_bumper);
[eva:alarm] safeclib/stpcpy_s.c:209: Warning: 
  out of bounds read. assert \valid_read(src);
[eva:loop-unroll:partial] safeclib/snprintf_support.c:68: 
  loop not completely unrolled
[eva] safeclib/snprintf_support.c:66: starting to merge loop iterations
[eva:alarm] safeclib/snprintf_support.c:66: Warning: 
  out of bounds read. assert \valid_read(format + index_0);
[eva] using specification for function printf_va_1
[eva] using specification for function printf_va_2
[eva:loop-unroll:partial] safeclib/snprintf_support.c:193: 
  loop not completely unrolled
[eva] safeclib/snprintf_support.c:193: starting to merge loop iterations
[eva:loop-unroll:partial] safeclib/snprintf_support.c:73: 
  loop not completely unrolled
[eva:loop-unroll:partial] safeclib/snprintf_support.c:143: 
  loop not completely unrolled
[eva:loop-unroll:partial] safeclib/snprintf_support.c:156: 
  loop not completely unrolled
[eva:loop-unroll:partial] safeclib/snprintf_support.c:166: 
  loop not completely unrolled
[eva:loop-unroll:partial] safeclib/snprintf_support.c:172: 
  loop not completely unrolled
[eva:loop-unroll:partial] safeclib/snprintf_support.c:186: 
  loop not completely unrolled
[eva:loop-unroll:partial] safeclib/snprintf_support.c:190: 
  loop not completely unrolled
[eva:loop-unroll:partial] safeclib/snprintf_support.c:195: 
  loop not completely unrolled
[eva] safeclib/snprintf_support.c:66: 
  Trace partitioning superposing up to 100 states
[eva] safeclib/snprintf_support.c:83: starting to merge loop iterations
[eva] safeclib/snprintf_support.c:66: 
  Trace partitioning superposing up to 200 states
[eva] safeclib/snprintf_support.c:66: 
  Trace partitioning superposing up to 300 states
[eva] safeclib/snprintf_support.c:66: 
  Trace partitioning superposing up to 400 states
[eva] safeclib/snprintf_support.c:202: cannot properly split on \result == 1
[eva:alarm] safeclib/snprintf_support.c:284: Warning: 
  accessing uninitialized left-value.
  assert \initialized(&pformatList[index_0]);
[eva:alarm] safeclib/snprintf_support.c:291: Warning: 
  accessing uninitialized left-value.
  assert \initialized(&pformatList[index_0]);
[eva] using specification for function snprintf_va_3
[eva:alarm] safeclib/snprintf_support.c:297: Warning: 
  function snprintf_va_3: precondition valid_read_string(param0) got status unknown.
[eva] safeclib/snprintf_support.c:297: cannot properly split on \result == -411
[eva] using specification for function printf_va_3
[eva:alarm] safeclib/strcmp_s.c:126: Warning: 
  accessing uninitialized left-value. assert \initialized(dest_0);
[eva:alarm] safeclib/strcmp_s.c:128: Warning: 
  accessing uninitialized left-value. assert \initialized(dest_0);
[eva:alarm] safeclib/strcmp_s.c:137: Warning: 
  accessing uninitialized left-value. assert \initialized(dest_0);
[eva:alarm] unittests/Safe_String_UnitTestMain.c:187: Warning: 
  function puts: precondition 'valid_string_s' got status unknown.
[kernel] safeclib/mem_primitives_lib.c:655: 
  more than 48(64) elements to enumerate. Approximating.
[kernel] safeclib/mem_primitives_lib.c:655: 
  more than 48(64) elements to enumerate. Approximating.
[kernel] safeclib/mem_primitives_lib.c:655: 
  more than 48(64) elements to enumerate. Approximating.
[kernel] safeclib/mem_primitives_lib.c:656: 
  more than 48(64) elements to enumerate. Approximating.
[kernel] safeclib/mem_primitives_lib.c:656: 
  more than 48(64) elements to enumerate. Approximating.
[kernel] safeclib/mem_primitives_lib.c:656: 
  more than 48(64) elements to enumerate. Approximating.
[kernel] safeclib/mem_primitives_lib.c:657: 
  more than 48(64) elements to enumerate. Approximating.
[kernel] safeclib/mem_primitives_lib.c:657: 
  more than 48(64) elements to enumerate. Approximating.
[kernel] safeclib/mem_primitives_lib.c:658: 
  more than 48(64) elements to enumerate. Approximating.
[kernel] safeclib/mem_primitives_lib.c:658: 
  more than 48(64) elements to enumerate. Approximating.
[kernel] safeclib/mem_primitives_lib.c:704: 
  more than 48(505) elements to enumerate. Approximating.
[kernel] safeclib/mem_primitives_lib.c:704: 
  more than 48(505) elements to enumerate. Approximating.
[kernel] safeclib/mem_primitives_lib.c:704: 
  more than 48(505) elements to enumerate. Approximating.
[kernel] safeclib/mem_primitives_lib.c:704: 
  more than 48(505) elements to enumerate. Approximating.
[kernel] safeclib/mem_primitives_lib.c:705: 
  more than 48(505) elements to enumerate. Approximating.
[kernel] safeclib/mem_primitives_lib.c:705: 
  more than 48(505) elements to enumerate. Approximating.
[kernel] safeclib/mem_primitives_lib.c:705: 
  more than 48(505) elements to enumerate. Approximating.
[kernel] safeclib/mem_primitives_lib.c:705: 
  more than 48(505) elements to enumerate. Approximating.
[kernel] safeclib/mem_primitives_lib.c:706: 
  more than 48(505) elements to enumerate. Approximating.
[kernel] safeclib/mem_primitives_lib.c:706: 
  more than 48(505) elements to enumerate. Approximating.
[kernel] safeclib/mem_primitives_lib.c:706: 
  more than 48(505) elements to enumerate. Approximating.
[kernel] safeclib/mem_primitives_lib.c:706: 
  more than 48(505) elements to enumerate. Approximating.
[kernel] safeclib/mem_primitives_lib.c:707: 
  more than 48(505) elements to enumerate. Approximating.
[kernel] safeclib/mem_primitives_lib.c:707: 
  more than 48(505) elements to enumerate. Approximating.
[kernel] safeclib/mem_primitives_lib.c:707: 
  more than 48(505) elements to enumerate. Approximating.
[kernel] safeclib/mem_primitives_lib.c:707: 
  more than 48(505) elements to enumerate. Approximating.
[kernel] safeclib/mem_primitives_lib.c:704: 
  more than 48(253) elements to enumerate. Approximating.
[kernel] safeclib/mem_primitives_lib.c:704: 
  more than 48(253) elements to enumerate. Approximating.
[kernel] safeclib/mem_primitives_lib.c:704: 
  more than 48(253) elements to enumerate. Approximating.
[kernel] safeclib/mem_primitives_lib.c:704: 
  more than 48(253) elements to enumerate. Approximating.
[kernel] safeclib/mem_primitives_lib.c:705: 
  more than 48(253) elements to enumerate. Approximating.
[kernel] safeclib/mem_primitives_lib.c:705: 
  more than 48(253) elements to enumerate. Approximating.
[kernel] safeclib/mem_primitives_lib.c:705: 
  more than 48(253) elements to enumerate. Approximating.
[kernel] safeclib/mem_primitives_lib.c:705: 
  more than 48(253) elements to enumerate. Approximating.
[kernel] safeclib/mem_primitives_lib.c:706: 
  more than 48(253) elements to enumerate. Approximating.
[kernel] safeclib/mem_primitives_lib.c:706: 
  more than 48(253) elements to enumerate. Approximating.
[kernel] safeclib/mem_primitives_lib.c:706: 
  more than 48(253) elements to enumerate. Approximating.
[kernel] safeclib/mem_primitives_lib.c:706: 
  more than 48(253) elements to enumerate. Approximating.
[kernel] safeclib/mem_primitives_lib.c:707: 
  more than 48(253) elements to enumerate. Approximating.
[kernel] safeclib/mem_primitives_lib.c:707: 
  more than 48(253) elements to enumerate. Approximating.
[kernel] safeclib/mem_primitives_lib.c:707: 
  more than 48(253) elements to enumerate. Approximating.
[kernel] safeclib/mem_primitives_lib.c:707: 
  more than 48(253) elements to enumerate. Approximating.
[kernel] safeclib/mem_primitives_lib.c:785: 
  more than 48(64) elements to enumerate. Approximating.
[kernel] safeclib/mem_primitives_lib.c:785: 
  more than 48(64) elements to enumerate. Approximating.
[kernel] safeclib/mem_primitives_lib.c:786: 
  more than 48(64) elements to enumerate. Approximating.
[kernel] safeclib/mem_primitives_lib.c:786: 
  more than 48(64) elements to enumerate. Approximating.
[kernel] safeclib/mem_primitives_lib.c:786: 
  more than 48(64) elements to enumerate. Approximating.
[kernel] safeclib/mem_primitives_lib.c:788: 
  more than 48(64) elements to enumerate. Approximating.
[kernel] safeclib/mem_primitives_lib.c:833: 
  more than 48(505) elements to enumerate. Approximating.
[kernel] safeclib/mem_primitives_lib.c:833: 
  more than 48(505) elements to enumerate. Approximating.
[kernel] safeclib/mem_primitives_lib.c:833: 
  more than 48(505) elements to enumerate. Approximating.
[kernel] safeclib/mem_primitives_lib.c:833: 
  more than 48(505) elements to enumerate. Approximating.
[kernel] safeclib/mem_primitives_lib.c:834: 
  more than 48(505) elements to enumerate. Approximating.
[kernel] safeclib/mem_primitives_lib.c:834: 
  more than 48(505) elements to enumerate. Approximating.
[kernel] safeclib/mem_primitives_lib.c:834: 
  more than 48(505) elements to enumerate. Approximating.
[kernel] safeclib/mem_primitives_lib.c:834: 
  more than 48(505) elements to enumerate. Approximating.
[kernel] safeclib/mem_primitives_lib.c:835: 
  more than 48(505) elements to enumerate. Approximating.
[kernel] safeclib/mem_primitives_lib.c:835: 
  more than 48(505) elements to enumerate. Approximating.
[kernel] safeclib/mem_primitives_lib.c:835: 
  more than 48(505) elements to enumerate. Approximating.
[kernel] safeclib/mem_primitives_lib.c:835: 
  more than 48(505) elements to enumerate. Approximating.
[kernel] safeclib/mem_primitives_lib.c:836: 
  more than 48(505) elements to enumerate. Approximating.
[kernel] safeclib/mem_primitives_lib.c:836: 
  more than 48(505) elements to enumerate. Approximating.
[kernel] safeclib/mem_primitives_lib.c:836: 
  more than 48(505) elements to enumerate. Approximating.
[kernel] safeclib/mem_primitives_lib.c:836: 
  more than 48(505) elements to enumerate. Approximating.
[kernel] safeclib/mem_primitives_lib.c:833: 
  more than 48(64) elements to enumerate. Approximating.
[kernel] safeclib/mem_primitives_lib.c:833: 
  more than 48(253) elements to enumerate. Approximating.
[kernel] safeclib/mem_primitives_lib.c:833: 
  more than 48(253) elements to enumerate. Approximating.
[kernel] safeclib/mem_primitives_lib.c:833: 
  more than 48(253) elements to enumerate. Approximating.
[kernel] safeclib/mem_primitives_lib.c:833: 
  more than 48(253) elements to enumerate. Approximating.
[kernel] safeclib/mem_primitives_lib.c:834: 
  more than 48(253) elements to enumerate. Approximating.
[kernel] safeclib/mem_primitives_lib.c:834: 
  more than 48(253) elements to enumerate. Approximating.
[kernel] safeclib/mem_primitives_lib.c:834: 
  more than 48(253) elements to enumerate. Approximating.
[kernel] safeclib/mem_primitives_lib.c:834: 
  more than 48(253) elements to enumerate. Approximating.
[kernel] safeclib/mem_primitives_lib.c:835: 
  more than 48(253) elements to enumerate. Approximating.
[kernel] safeclib/mem_primitives_lib.c:835: 
  more than 48(253) elements to enumerate. Approximating.
[kernel] safeclib/mem_primitives_lib.c:835: 
  more than 48(253) elements to enumerate. Approximating.
[kernel] safeclib/mem_primitives_lib.c:835: 
  more than 48(253) elements to enumerate. Approximating.
[kernel] safeclib/mem_primitives_lib.c:836: 
  more than 48(253) elements to enumerate. Approximating.
[kernel] safeclib/mem_primitives_lib.c:836: 
  more than 48(253) elements to enumerate. Approximating.
[kernel] safeclib/mem_primitives_lib.c:836: 
  more than 48(253) elements to enumerate. Approximating.
[kernel] safeclib/mem_primitives_lib.c:836: 
  more than 48(253) elements to enumerate. Approximating.
[scope:rm_asserts] removing 24 assertion(s)
[eva] ====== VALUES COMPUTED ======
[eva:final-states] Values at end of function check_integer_format:
  retValue ∈ {0; 1}
[eva:final-states] Values at end of function ignore_handler_s:
  
[eva:final-states] Values at end of function invoke_safe_mem_constraint_handler:
  
[eva:final-states] Values at end of function invoke_safe_str_constraint_handler:
  
[eva:final-states] Values at end of function handle_error_1:
  str1[0..40] ∈ [--..--]
      [41..127] ∈ {0}
  str2[0..16] ∈ [--..--]
      [17..127] ∈ {0}
[eva:final-states] Values at end of function handle_error_2:
  str1_0[0] ∈ {0}
        [1..127] ∈ [--..--]
[eva:final-states] Values at end of function handle_error_28:
  str1_6[0] ∈ {0}
        [1..127] ∈ [--..--]
[eva:final-states] Values at end of function handle_error_29:
  str1_7[0..40] ∈ [--..--]
        [41..127] ∈ {0}
  dest[0] ∈ {0}
      [1..28] ∈ [--..--]
      [29..127] ∈ {0}
[eva:final-states] Values at end of function handle_error_5:
  str1_2[0..127] ∈ [--..--]
  str2_2[0..127] ∈ [--..--]
[eva:final-states] Values at end of function handle_error_8:
  str1_4[0] ∈ {0}
        [1..40] ∈ [--..--]
        [41..127] ∈ {0}
[eva:final-states] Values at end of function handle_wc_error_41:
  str1_11[0] ∈ {0; 105; 107; 113}
         [1] ∈ {101; 113; 116}
         [2] ∈ {0; 32; 101; 119}
         [3] ∈ {50; 101; 112; 115}
         [4] ∈ {32; 51; 105; 113}
         [5] ∈ {0; 52; 101; 105}
         [6] ∈ {53; 101; 113; 116}
         [7] ∈ {32; 101; 119}
         [8] ∈ {101; 112; 113; 115}
         [9] ∈ {32; 101; 105; 113}
         [10] ∈ {101; 109; 113}
         [11] ∈ {0; 112; 113}
         [12] ∈ {101; 108}
         [13] ∈ {101; 113}
         [14] ∈ {0; 101}
         [15] ∈ {97; 113}
         [16..127] ∈ {0; 97}
  str2_11[0] ∈ {0; 107}
         [1] ∈ {0; 101; 113; 116}
         [2] ∈ {0; 101; 119}
         [3] ∈ {0; 101; 112}
         [4] ∈ {0; 32; 113}
         [5] ∈ {0; 101; 105}
         [6] ∈ {0; 113; 116}
         [7] ∈ {0; 32; 101}
         [8] ∈ {0; 113; 115}
         [9] ∈ {0; 101; 105}
         [10] ∈ {0; 109; 113}
         [11] ∈ {0; 112}
         [12] ∈ {0; 108}
         [13] ∈ {0; 101}
         [14..127] ∈ {0}
[eva:final-states] Values at end of function handle_wc_error_42:
  str1_12[0] ∈ {0; 49; 53}
         [1] ∈ {50; 54; 97; 101}
         [2] ∈ {51; 55; 97; 101}
         [3] ∈ {52; 56; 97; 112}
         [4] ∈ {0; 32; 53; 57; 97}
         [5] ∈ {0; 54; 97; 105; 113}
         [6] ∈ {55; 97; 107; 116}
         [7] ∈ {32; 56; 97; 101}
         [8] ∈ {57; 97; 101; 115}
         [9] ∈ {48; 49; 97; 105; 112}
         [10] ∈ {0; 32; 49; 50; 107; 109}
         [11] ∈ {50; 51; 101; 105; 112}
         [12] ∈ {51; 52; 101; 108; 116}
         [13] ∈ {0; 32; 52; 101; 112}
         [14] ∈ {0; 32; 53; 66; 97; 115}
         [15] ∈ {54; 67; 97; 105}
         [16] ∈ {55; 68; 97; 109; 116}
         [17] ∈ {0; 32; 48; 56; 57; 69; 97; 112}
         [18] ∈ {0; 48; 56; 57; 70; 97; 108; 115}
         [19] ∈ {0; 48; 56; 57; 71; 97; 101; 105}
         [20] ∈ {0; 48; 56; 57; 72; 97; 109}
         [21] ∈ {0; 48; 56; 57; 73; 97; 112}
         [22] ∈ {0; 74; 97; 108}
         [23] ∈ {0; 75; 97; 101}
         [24] ∈ {0; 76; 97}
         [25] ∈ {0; 77; 97}
         [26] ∈ {0; 78; 97}
         [27] ∈ {0; 79; 97}
         [28] ∈ {0; 80; 97}
         [29] ∈ {0; 49; 97}
         [30..33] ∈ [0..97]
         [34..38] ∈ {0} ∪ [49..57] ∪ {97}
         [39] ∈ [0..97]
         [40..41] ∈ {0} ∪ [49..57] ∪ {97}
         [42..127] ∈ {0} ∪ [49..57]
  str2_12[0] ∈ {0; 107}
         [1] ∈ {0; 50; 101}
         [2] ∈ {0; 51; 101}
         [3] ∈ {0; 52; 112}
         [4] ∈ {0; 32; 53}
         [5] ∈ {0; 54; 105}
         [6] ∈ {0; 55; 116}
         [7] ∈ {0; 32; 56}
         [8] ∈ {0; 57; 115}
         [9] ∈ {0; 105}
         [10] ∈ {0; 32; 109}
         [11] ∈ {0; 112; 115}
         [12] ∈ {0; 105; 108}
         [13] ∈ {0; 101; 109}
         [14] ∈ {0; 49; 112}
         [15] ∈ {0; 50; 108}
         [16] ∈ {0; 51; 101}
         [17] ∈ {0; 52}
         [18..127] ∈ {0}
[eva:final-states] Values at end of function handle_wc_error_43:
  str1_13[0..511] ∈ [--..--]
  str2_13[0..511] ∈ [--..--]
[eva:final-states] Values at end of function handle_wc_error_44:
  str1_14[0] ∈ {0; 49; 53}
         [1] ∈ {50; 54; 97; 101}
         [2] ∈ {51; 55; 97; 101}
         [3] ∈ {52; 56; 97; 112}
         [4] ∈ {0; 32; 53; 57; 97}
         [5] ∈ {0; 54; 97; 105}
         [6] ∈ {55; 97; 116}
         [7] ∈ {0; 32; 97}
         [8] ∈ {57; 97; 115}
         [9] ∈ {48; 97; 105}
         [10] ∈ {32; 49; 107; 109}
         [11] ∈ {50; 101; 107; 112}
         [12] ∈ {51; 101; 108}
         [13] ∈ {52; 101; 112}
         [14] ∈ {0; 32; 53; 97; 112}
         [15] ∈ {32; 54; 97; 105}
         [16] ∈ {55; 97; 105; 116}
         [17..20] ∈ [0..116]
         [21] ∈
         {0; 32} ∪ [48..57] ∪ {97; 101; 105; 108; 109; 112; 115; 116}
         [22] ∈
         {0; 32} ∪ [50..55] ∪ {97; 101; 105; 108; 109; 112; 115; 116}
         [23] ∈
         {0; 32} ∪ [51..55] ∪ {97; 101; 105; 108; 109; 112; 115; 116}
         [24] ∈
         {0; 32; 49} ∪ [52..55] ∪ {97; 101; 105; 108; 109; 112; 115; 116}
         [25] ∈
         {0; 32; 50} ∪ [52..55] ∪ {97; 101; 105; 108; 109; 112; 115; 116}
         [26] ∈
         {0; 32} ∪ [51..55] ∪ {97; 101; 105; 108; 109; 112; 115; 116}
         [27..30] ∈
         {0; 32} ∪ [52..55] ∪ {97; 101; 105; 108; 109; 112; 115; 116}
         [31..40] ∈ {0; 32; 97; 101; 105; 108; 109; 112; 115; 116}
         [41] ∈ [0..116]
         [42..127] ∈ {0; 32; 101; 105; 108; 109; 112; 115; 116}
  str2_14[0] ∈ {0; 107}
         [1] ∈ {0; 50; 101}
         [2] ∈ {0; 51; 101}
         [3] ∈ {0; 52; 112}
         [4] ∈ {0; 32; 53}
         [5] ∈ {0; 54; 105}
         [6] ∈ {0; 55; 116}
         [7] ∈ {0; 32; 56}
         [8] ∈ {0; 57; 115}
         [9] ∈ {0; 105; 107}
         [10] ∈ {0; 101; 109}
         [11] ∈ {0; 101; 112}
         [12] ∈ {0; 108; 112}
         [13] ∈ {0; 32; 101}
         [14] ∈ {0; 49; 105}
         [15] ∈ {0; 50; 105; 116}
         [16] ∈ {0; 109}
         [17] ∈ {0; 52; 112}
         [18] ∈ {0; 108}
         [19] ∈ {0; 101}
         [20..127] ∈ {0}
[eva:final-states] Values at end of function handle_wc_error_45:
  str1_15[0..511] ∈ [--..--]
  str2_15[0..511] ∈ [--..--]
[eva:final-states] Values at end of function mem_prim_move:
  Frama_C_entropy_source ∈ [--..--]
  len ∈ [0..4096]
  dp ∈
    {{ &mem1_0 + [0..--] ; &mem1_1 + [0..--] ; &str1_13 + [0..--] ;
       &str2_13 + [0..--] ; &str1_15 + [0..--] ; &str2_15 + [0..--] ;
       &str1_16 + [0..168] ; &mem1_3 + [0..--] ; &mem1_4 + [0..--] }}
  sp ∈
    {{ &mem1_0 + [0..1015] ; &mem2_0 + [0..--] ; &mem1_1 + [0..--] ;
       &mem2_1 + [0..--] ; &mem1_3 + [0..--] ; &mem2_2 + [0..--] ;
       &mem1_4 + [0..--] ; &mem2_3 + [0..--] ; L"aaaaa" + [0..--] ;
       L"aaaaaaaaaaaaaaaaaaaaaaaaaaaaaaaaaaaaaaaa" + [16..164] ;
       L"aaaaaaaaaaaaaaaaaaaaaaaaaaaaaaaaaaaaaaaa" + [16..164] ;
       L"keep it simple--keep it simple--keep it simple" + [0..--] ;
       L"keep it simple--keep it simple--keep it simple" + [0..--] ;
       L"aaaaaaaaaaaaaaaaaaaaaaaaaaaaaaaaaaaaaaaa" + [0..--] ;
       L"keep it simple--keep it simple--keep it simple" + [0..--] ;
       L"keep it simple--keep it simple--keep it simple" + [0..--] ;
       L"keep it simple" + [0..--] ; L"keep it simple" + [0..--] ;
       L"keep it simple" + [0..--] ; L"it" + {0; 1; 2; 3; 9; 10; 11; 12} ;
       L"qqweqeqeqeq" + [0..--] ; L"qq12345weqeqeqeq" + [0..--] ;
       L"it" + {0; 1; 2; 3; 9; 10; 11; 12} ;
       L"it" + {0; 1; 2; 3; 9; 10; 11; 12} ; L"qqweqeqeqeq" + [0..--] ;
       L"aaaaa" + [0..--] ;
       L"aaaaaaaaaaaaaaaaaaaaaaaaaaaaaaaaaaaaaaaa" + [16..164] ;
       L"aaaaaaaaaaaaaaaaaaaaaaaaaaaaaaaaaaaaaaaa" + [16..164] ;
       L"keep it simple--keep it simple--keep it simple" + [0..--] ;
       L"keep it simple--keep it simple--keep it simple" + [0..--] ;
       L"keep it simple--keep it simple--keep it simple" + [0..--] ;
       L"aaaaaaaaaaaaaaaaaaaaaaaaaaaaaaaaaaaaaaaa" + [16..164] ;
       L"keep it simple--keep it simple--keep it simple" + [0..--] ;
       L"keep it simple--keep it simple--keep it simple" + [0..--] ;
       L"keep it simple--keep it simple--keep it simple" + [0..--] ;
       L"keep it simple" + [0..--] ; L"it" + {0; 1; 2; 3; 9; 10; 11; 12} ;
       L"qqweqeqeqeq" + [0..--] ; L"it" + {0; 1; 2; 3; 9; 10; 11; 12} ;
       L"qqweqeqeqeq" + [0..--] ;
       L"aaaaaaaaaaaaaaaaaaaaaaaaaaaaaaaaaaaaaaaa" + [16..164] ;
       L"aaaaaaaaaaaaaaaaaaaaaaaaaaaaaaaaaaaaaaaa" + [16..164] ;
       L"12" + {0; 1; 2; 3; 9; 10; 11; 12} }}
  tsp ∈ {0}
  mem1_0[0..1025] ∈ [--..--]
  mem1_1[0..1023] ∈ [--..--]
  str1_13[0..511] ∈ [--..--]
  str2_13[0..511] ∈ [--..--]
  str1_15[0..511] ∈ [--..--]
  str2_15[0..511] ∈ [--..--]
  str1_16[0] ∈ [--..--]
         [1][bits 0 to 7] ∈ {0; 50; 97}
         [1][bits 8 to 15]# ∈ {0; 416611827809}%64, bits 8 to 15 
         [1][bits 16 to 23]# ∈ {0; 12800}%32, bits 24 to 31 
         [1][bits 24 to 31]# ∈ {0; 50}%32, bits 24 to 31 
         [2]# ∈ {0; 416611827809}%64, bits 32 to 63 
         [3..511] ∈ [--..--]
  mem1_3[0..1025] ∈ [--..--]
  mem1_4[0..1025] ∈ [--..--]
[eva:final-states] Values at end of function mem_prim_move16:
  dp ∈ {{ &mem1_6 + [0..2016],0%2 ; &mem1_6 + [0..2048],0%4 }}
  sp ∈
    {{ &mem1_6 + [0..1504],0%32 ; &mem2_4 + [0..2016],0%2 ;
       &mem1_6 + [0..1504],0%4 ; &mem2_4 + [0..2048],0%32 }}
  len ∈ {0}
  mem1_6[0..159] ∈ {0; 33; 44; 55; 65}
        [160..175] ∈ [0..32767]
        [176..271] ∈ {0; 33; 44; 55; 65}
        [272..335] ∈ {0; 33; 44; 55; 65} or UNINITIALIZED
        [336..351] ∈ [0..32767] or UNINITIALIZED
        [352..511] ∈ {0; 33; 44; 55; 65} or UNINITIALIZED
        [512..1023] ∈ {0; 33; 55} or UNINITIALIZED
  mem1_6[0..271] ∈ [0..32758]
        [272..751] ∈ [0..32758] or UNINITIALIZED
        [752..1013] ∈ {0; 25; 33; 35; 44} or UNINITIALIZED
        [1014..1023] ∈ {0; 25; 33; 44} or UNINITIALIZED
[eva:final-states] Values at end of function mem_prim_move32:
  dp ∈ {{ &mem1_6 + [0..4032],0%4 ; &mem1_6 + [0..4096],0%8 }}
  sp ∈
    {{ &mem1_6 + [0..3008],0%64 ; &mem2_4 + [0..4032],0%4 ;
       &mem1_6 + [0..3008],0%8 ; &mem2_4 + [0..4096],0%64 }}
  len ∈ {0}
  mem1_6[0..159] ∈ {0; 25; 33; 35; 44; 65; 75}
        [160..175] ∈ [0..2147483647]
        [176..239] ∈ {0; 25; 33; 35; 44; 65; 75}
        [240..271] ∈ {0; 25; 33; 35; 44; 75}
        [272..335] ∈ {0; 25; 33; 35; 44; 65; 75} or UNINITIALIZED
        [336..351] ∈ [0..2147483647] or UNINITIALIZED
        [352..511] ∈ {0; 25; 33; 35; 44; 65; 75} or UNINITIALIZED
        [512..1023] ∈ {0; 25; 33; 65} or UNINITIALIZED
  mem1_6[0..271] ∈ [0..2147483646]
        [272..751] ∈ [0..2147483646] or UNINITIALIZED
        [752..1013] ∈ {0; 25; 33; 35; 44} or UNINITIALIZED
        [1014..1023] ∈ {0; 25; 33; 44} or UNINITIALIZED
[eva:final-states] Values at end of function mem_prim_set:
  dp ∈
    {{ &mem1_6 + [1..--] ; &mem1_0 + [2..--] ; &mem1_1 + [2..--] ;
       &mem1_2 + [1..264] ; &str1_13 + [2..--] ; &str2_13 + [2..--] ;
       &str1_15 + [2..--] ; &str2_15 + [2..--] ; &str1_16 + [2..--] ;
       &mem1_3 + [2..--] ; &mem1_4 + [2..--] }}
  count ∈ {0}
  lcount ∈ {0}
  lp ∈
    {{ &mem1_6 + [0..--] ; &mem1_0 + [2..--] ; &mem1_1 + [2..--] ;
       &mem1_2 + [0..264] ; &str1_13 + [2..--] ; &str2_13 + [2..--] ;
       &str1_15 + [2..--] ; &str2_15 + [2..--] ; &str1_16 + [2..--] ;
       &mem1_3 + [2..--] ; &mem1_4 + [2..--] }}
  value32 ∈ {0; 572662306}
  mem1_6[0] ∈ {0}
        [1..16] ∈ {0; 33}
        [17..511] ∈ {0; 33} or UNINITIALIZED
  mem1_0[0..1025] ∈ [--..--]
  mem1_1[0..1] ∈ {0; 25}
        [2..8] ∈ {0; 25; 33}
        [9..12] ∈ {0; 25; 33; 35}
        [bits 104 to 135] ∈ [0..589505315]
        [17..1023] ∈ [--..--]
  mem1_2[0] ∈ {0; 34}
        [1] ∈ {0; 34; 99}
        [2..255] ∈ [--..--]
  str1_13[0..511] ∈ [--..--]
  str2_13[0..511] ∈ [--..--]
  str1_15[0..511] ∈ [--..--]
  str2_15[0..511] ∈ [--..--]
  str1_16[0] ∈ [--..--]
         [1][bits 0 to 7] ∈ {0; 50; 97}
         [1][bits 8 to 15]# ∈ {0; 416611827809}%64, bits 8 to 15 
         [1][bits 16 to 23]# ∈ {0; 12800}%32, bits 24 to 31 
         [1][bits 24 to 31]# ∈ {0; 50}%32, bits 24 to 31 
         [2][bits 0 to 7]# ∈ {0; 416611827809}%64, bits 32 to 39 
         [2][bits 8 to 15]# ∈ {0; 416611827809}%64, bits 40 to 47 
         [2][bits 16 to 23]# ∈ {0; 416611827809}%64, bits 48 to 55 
         [2][bits 24 to 31]# ∈ {0; 416611827809}%64, bits 56 to 63 
         [3..511] ∈ [--..--]
  mem1_3[0..1025] ∈ [--..--]
  mem1_4[0][bits 0 to 15] ∈ {0}
        [0][bits 16 to 23]# ∈ {0; 33}%32, bits 16 to 23 
        [bits 24 to 39]# ∈ {0; 33} repeated %32, bits 24 to 39 
        [1][bits 8 to 15]# ∈ {0; 33}%32, bits 8 to 15 
        [1][bits 16 to 23]# ∈ {0; 33}%32, bits 16 to 23 
        [bits 56 to 71]# ∈ {0; 33} repeated %32, bits 24 to 39 
        [2][bits 8 to 15]# ∈ {0; 33}%32, bits 8 to 15 
        [2][bits 16 to 23]# ∈ {0; 33}%32, bits 16 to 23 
        [bits 88 to 103]# ∈ {0; 33} repeated %32, bits 24 to 39 
        [3][bits 8 to 15]# ∈ {0; 33}%32, bits 8 to 15 
        [3][bits 16 to 23]# ∈ {0; 33}%32, bits 16 to 23 
        [bits 120 to 135]# ∈ {0; 33} repeated %32, bits 24 to 39 
        [4][bits 8 to 15]# ∈ {0; 33}%32, bits 8 to 15 
        [4][bits 16 to 23]# ∈ {0; 33}%32, bits 16 to 23 
        [bits 152 to 175]# ∈ {0; 33} repeated %32, bits 24 to 47 
        [bits 176 to 207]# ∈ {0; 33} repeated %32, bits 16 to 47 
        [bits 208 to 239]# ∈ {0; 33} repeated %32, bits 16 to 47 
        [bits 240 to 271]# ∈ {0; 33} repeated %32, bits 16 to 47 
        [bits 272 to 303]# ∈ {0; 33} repeated %32, bits 16 to 47 
        [bits 304 to 335]# ∈ {0; 33} repeated %32, bits 16 to 47 
        [bits 336 to 367]# ∈ {0; 33} repeated %32, bits 16 to 47 
        [bits 368 to 399]# ∈ {0; 33} repeated %32, bits 16 to 47 
        [bits 400 to 431]# ∈ {0; 33} repeated %32, bits 16 to 47 
        [bits 432 to 463]# ∈ {0; 33} repeated %32, bits 16 to 47 
        [bits 464 to 495]# ∈ {0; 33} repeated %32, bits 16 to 47 
        [bits 496 to 519]# ∈ {0; 33} repeated %32, bits 16 to 39 
        [16][bits 8 to 31]# ∈ {0; 33}%32, bits 8 to 31 
        [17..1025] ∈ [--..--]
[kernel] safeclib/mem_primitives_lib.c:195: 
  more than 48(505) elements to enumerate. Approximating.
[kernel] safeclib/mem_primitives_lib.c:195: 
  more than 48(505) elements to enumerate. Approximating.
[eva:final-states] Values at end of function mem_prim_set16:
  dp ∈
    {{ &mem1_6 + [2..2048],0%2 ; &mem1_6 + [20..2048],0%4 ;
       &mem1_6{[1], [2], [12], [31], [133]} ;
       &mem1_6{[1], [2], [3], [272], [288], [304], [320], [336], [352],
               [368], [384], [400], [416], [432], [448], [464], [480], [496],
               [512]} }}
  len ∈ {0}
  mem1_6[0] ∈ {0; 25}
        [1..9] ∈ {0; 25; 33}
        [10..99] ∈ {0; 33}
        [100..271] ∈ {0; 33; 55}
        [272..1023] ∈ {0; 33; 55} or UNINITIALIZED
  mem1_6[0..271] ∈ {0}
        [272..335] ∈ {0; 33; 44} or UNINITIALIZED
        [336..351] ∈ [0..32758],0%11 or UNINITIALIZED
        [352..671] ∈ {0; 33; 44} or UNINITIALIZED
        [672..687] ∈ [0..32758],0%11 or UNINITIALIZED
        [688..1023] ∈ {0; 33; 44} or UNINITIALIZED
  mem1_6[0] ∈ {34}
        [1..16] ∈ {34; 99}
        [17..132] ∈ {34; 99} or UNINITIALIZED
        [133..255] ∈ {99} or UNINITIALIZED
  mem1_6[0] ∈ {0}
        [1..16] ∈ {0; 33}
        [17..511] ∈ {0; 33} or UNINITIALIZED
[kernel] safeclib/mem_primitives_lib.c:265: 
  more than 48(505) elements to enumerate. Approximating.
[eva:final-states] Values at end of function mem_prim_set32:
  dp ∈
    {{ &mem1_6 + [4..4096],0%4 ; &mem1_6 + [40..4096],0%8 ;
       &mem1_6{[1], [2], [12], [31], [133]} ;
       &mem1_6{[1], [2], [3], [272], [288], [304], [320], [336], [352],
               [368], [384], [400], [416], [432], [448], [464], [480], [496],
               [512]} ; (uint32_t *)&str1_13[20] ; (uint32_t *)&str1_15[20] ;
       (uint32_t *)&str2_15[20] ; (uint32_t *)&str1_16[42] ;
       (uint32_t *)&mem1_5{[1], [2], [12], [31], [133]} }}
  len ∈ {0}
  mem1_6[0] ∈ {0; 65}
        [1..9] ∈ {0; 33; 65}
        [10..99] ∈ {0; 33}
        [100..109] ∈ {0; 25; 33}
        [110..271] ∈ {0; 25; 33; 65}
        [272..1023] ∈ {0; 25; 33; 65} or UNINITIALIZED
  mem1_6[0..271] ∈ {0}
        [272..335] ∈ {0; 33; 44} or UNINITIALIZED
        [336..351] ∈ [0..2147483646],0%11 or UNINITIALIZED
        [352..671] ∈ {0; 33; 44} or UNINITIALIZED
        [672..687] ∈ [0..2147483646],0%11 or UNINITIALIZED
        [688..1023] ∈ {0; 33; 44} or UNINITIALIZED
  mem1_6[0] ∈ {34}
        [1..16] ∈ {34; 99}
        [17..132] ∈ {34; 99} or UNINITIALIZED
        [133..255] ∈ {99} or UNINITIALIZED
  mem1_6[0] ∈ {0}
        [1..16] ∈ {0; 33}
        [17..511] ∈ {0; 33} or UNINITIALIZED
  str1_13[0..511] ∈ [--..--]
  str1_15[0..511] ∈ [--..--]
  str2_15[0..511] ∈ [--..--]
  str1_16[0] ∈ [--..--]
         [1][bits 0 to 7] ∈ {0; 50}
         [1][bits 8 to 15] ∈ {0}
         [1][bits 16 to 23]# ∈ {0; 12800}%32, bits 24 to 31 
         [1][bits 24 to 31]# ∈ {0; 50}%32, bits 24 to 31 
         [2..41] ∈ {0}
         [42..511] ∈ [--..--]
  mem1_5[0] ∈ {0; 3; 34; 65}
        [1..11] ∈ {0; 3; 34; 65; 99}
        [12..30] ∈ {0; 3; 65; 99}
        [31..132] ∈ {0; 65; 99}
        [133..255] ∈ {0; 99}
[eva:final-states] Values at end of function memcmp16_s:
  dmax ∈ [0..268435457]
  smax ∈ [0..268435457]
  dp ∈ {{ NULL ; &mem1_6 + [0..256],0%2 }}
  sp ∈ {{ NULL ; &mem2_4 + [0..256],0%2 }}
  ind ∈ [-110..110]
  __retres ∈ {0; 400; 401; 403}
[eva:final-states] Values at end of function memcmp32_s:
  dest_0 ∈ {{ NULL ; &mem1_6 + [0..512],0%4 }}
  dmax ∈ [0..268435457]
  src ∈ {{ NULL ; &mem2_4 + [0..512],0%4 }}
  smax ∈ [0..268435457]
  ind ∈ [--..--]
  __retres ∈ {0; 400; 401; 403}
[eva:final-states] Values at end of function memcmp_s:
  dmax ∈ [0..268435457]
  smax ∈ [0..268435457]
  dp ∈
    {{ NULL ; &mem1 + [0..127] ; &str1_11 + [12..511] ;
       &str2_11 + [17..511] ; &str1_12 + [17..511] ; &str2_12 + [17..511] ;
       &str1_13 + [0..2047] ; &str2_13 + [0..2047] ; &str1_14 + [0..511] ;
       &str2_14 + [17..511] ; &str1_15 + [0..2047] ; &str2_15 + [0..2047] }}
  sp ∈
    {{ NULL ; &mem2 + [0..127] ; &str2_11 + [12..511] ;
       &str2_12 + [17..511] ; &str1_13 + [0..2047] ; &str2_13 + [0..2047] ;
       &str2_14 + [17..511] ; &str1_15 + [0..2047] ; &str2_15 + [0..2047] ;
       L"keep it simple" + [17..60] ; L"keep it simple" + [17..60] ;
       L"qqweqqkeep it simple" + [17..83] ;
       L"keep it simple1234" + [17..76] ; L"123keep it simple" + [17..71] ;
       L"123456789" + [17..39] ; L"aaaaaaaaaakeep it si" + [0..84] ;
       L"aaaaaaaaaakeep it simple" + [0..100] ;
       L"keep it simple" + [17..60] ; L"qqweqqkeep it simple" + [17..83] ;
       L"keep it simple1234" + [17..76] ; L"123456789keep it" + [17..68] }}
  ind ∈ {-1; 0; 1}
  ind ∈ {-1; 0; 1}
  ind ∈ {-1; 0; 1}
  ind ∈ {-1; 0; 1}
  ind ∈ {-1; 0; 1}
  ind ∈ {-1; 0; 1}
  __retres ∈ {0; 400; 401; 403}
[eva:final-states] Values at end of function memcpy16_s:
  mem1_6[0..9] ∈ {0; 25; 33; 44; 55; 65} or UNINITIALIZED
        [10..159] ∈ {0; 33; 44; 55; 65} or UNINITIALIZED
        [160..175] ∈ [0..32767] or UNINITIALIZED
        [176..335] ∈ {0; 33; 44; 55; 65} or UNINITIALIZED
        [336..351] ∈ [0..32767] or UNINITIALIZED
        [352..511] ∈ {0; 33; 44; 55; 65} or UNINITIALIZED
        [512..1023] ∈ {0; 33; 55} or UNINITIALIZED
  __retres ∈ {0; 400; 401; 403; 404}
[eva:final-states] Values at end of function memcpy32_s:
  mem1_6[0..159] ∈ {0; 25; 33; 35; 44; 65; 75} or UNINITIALIZED
        [160..175] ∈ [0..2147483647] or UNINITIALIZED
        [176..335] ∈ {0; 25; 33; 35; 44; 65; 75} or UNINITIALIZED
        [336..351] ∈ [0..2147483647] or UNINITIALIZED
        [352..511] ∈ {0; 25; 33; 35; 44; 65; 75} or UNINITIALIZED
        [512..1023] ∈ {0; 25; 33; 65} or UNINITIALIZED
  __retres ∈ {0; 400; 401; 403; 404}
[eva:final-states] Values at end of function memcpy_s:
  Frama_C_entropy_source ∈ [--..--]
  dp ∈ {{ NULL ; &mem1_0{[0], [10]} }}
  sp ∈ {{ NULL ; &mem1_0{[0], [10]} ; &mem2_0[0] }}
  mem1_0[0..1025] ∈ [--..--]
  __retres ∈ {0; 400; 401; 403; 404}
[eva:final-states] Values at end of function memmove16_s:
  dp ∈ {{ NULL ; &mem1_6{[0], [10]} }}
  sp ∈ {{ NULL ; &mem1_6{[0], [10]} ; &mem2_4[0] }}
  mem1_6[0..751] ∈ [0..32758] or UNINITIALIZED
        [752..1013] ∈ {0; 25; 33; 35; 44} or UNINITIALIZED
        [1014..1023] ∈ {0; 25; 33; 44} or UNINITIALIZED
  __retres ∈ {0; 400; 401; 403}
[eva:final-states] Values at end of function memmove32_s:
  dp ∈ {{ NULL ; &mem1_6{[0], [10]} }}
  sp ∈ {{ NULL ; &mem1_6{[0], [10]} ; &mem2_4[0] }}
  mem1_6[0..751] ∈ [0..2147483646] or UNINITIALIZED
        [752..1013] ∈ {0; 25; 33; 35; 44} or UNINITIALIZED
        [1014..1023] ∈ {0; 25; 33; 44} or UNINITIALIZED
  __retres ∈ {0; 400; 401; 403}
[eva:final-states] Values at end of function memmove_s:
  Frama_C_entropy_source ∈ [--..--]
  dp ∈ {{ NULL ; &mem1_1{[0], [10]} }}
  sp ∈ {{ NULL ; &mem1_1{[0], [10]} ; &mem2_1[0] }}
  mem1_1[0..1023] ∈ [--..--]
  __retres ∈ {0; 400; 401; 403}
[eva:final-states] Values at end of function memset16_s:
  mem1_6[0] ∈ {34} or UNINITIALIZED
        [1..132] ∈ {34; 99} or UNINITIALIZED
        [133..255] ∈ {99} or UNINITIALIZED
  __retres ∈ {0; 400; 401}
[eva:final-states] Values at end of function memset32_s:
  mem1_6[0..132] ∈ {34; 99} or UNINITIALIZED
        [133..255] ∈ {99} or UNINITIALIZED
  __retres ∈ {0; 400; 401}
[eva:final-states] Values at end of function memset_s:
  mem1_2[0] ∈ {0; 34}
        [1] ∈ {0; 34; 99}
        [2..255] ∈ [--..--]
  __retres ∈ {0; 400; 401}
[eva:final-states] Values at end of function memzero16_s:
  mem1_6[0] ∈ {0} or UNINITIALIZED
        [1..511] ∈ {0; 33} or UNINITIALIZED
  __retres ∈ {0; 400; 401; 403}
[eva:final-states] Values at end of function memzero32_s:
  mem1_6[0] ∈ {0} or UNINITIALIZED
        [1..511] ∈ {0; 33} or UNINITIALIZED
  __retres ∈ {0; 400; 401; 403}
[eva:final-states] Values at end of function memzero_s:
  mem1_6[0] ∈ {0} or UNINITIALIZED
        [1..511] ∈ {0; 33} or UNINITIALIZED
  __retres ∈ {0; 400; 401; 403}
[eva:final-states] Values at end of function parse_format:
  numFormats ∈ [0..2147483647]
  index_0 ∈ [17..57]
  start ∈ [0..55]
  lmod ∈ {0; 32; 72; 100; 104; 108}
  pformatList[0..3] ∈
             [49..52] ∪ {83; 99; 100; 103; 104; 108; 112; 115} or UNINITIALIZED
             [4..15] ∈ [1..127] or UNINITIALIZED
  S___fc_stdout[0].__fc_FILE_id ∈
               {{ garbled mix of &{str1_8}
                (origin: Misaligned {safeclib/snprintf_support.c:194}) }}
               [0].__fc_FILE_data ∈
               {{ garbled mix of &{str1_8}
                (origin: Misaligned {safeclib/snprintf_support.c:194}) }} or ESCAPINGADDR
               [1] ∈ [--..--]
[eva:final-states] Values at end of function snprintf_s_si:
  pformatList[0..3] ∈
             [49..52] ∪ {83; 99; 100; 103; 104; 108; 112; 115} or UNINITIALIZED
             [4..15] ∈ [1..127] or UNINITIALIZED
  index_0 ∈ {0; 1; 2}
  nfo ∈ [0..2147483647]
  src[0..127] ∈ [--..--] or UNINITIALIZED
  __retres ∈ [--..--]
  S___fc_stdout[0].__fc_FILE_id ∈
               {{ garbled mix of &{str1_8}
                (origin: Misaligned {safeclib/snprintf_support.c:194}) }}
               [0].__fc_FILE_data ∈
               {{ garbled mix of &{str1_8}
                (origin: Misaligned {safeclib/snprintf_support.c:194}) }} or ESCAPINGADDR
               [1] ∈ [--..--]
[eva:final-states] Values at end of function stpcpy_s:
  dest_0 ∈
        {{ NULL ; &dest_0{[37], [38], [39]} ; &str1 + [0..127] ;
           &str2{[0], [1], [2], [3], [4], [5], [6], [7], [8], [9], [10]} }}
  dmax ∈ [0..4097]
  src ∈
     {{ NULL ; &str2_16{[17], [18], [19]} ;
        &str1{[0], [1], [2], [3], [4], [5], [6], [7], [8], [9], [10]} ;
        &str2{[0], [1], [2], [3], [4], [5], [6], [7], [8], [9], [10], [11],
              [12], [13], [14], [15]} }}
  orig_dmax ∈ {1; 2; 3; 5; 10; 64; 108; 128} or UNINITIALIZED
  orig_dest ∈
           {{ &dest_0[20] ; &str1{[0], [5]} ; &str2[0] }} or UNINITIALIZED
  overlap_bumper ∈
                {{ &dest_0[20] ; &str2_16[0] ; &str1{[0], [5]} ; &str2[0] }} or UNINITIALIZED
  dest_0[0] ∈ {84} or UNINITIALIZED
        [1] ∈ {104} or UNINITIALIZED
        [2] ∈ {105} or UNINITIALIZED
        [3] ∈ {115} or UNINITIALIZED
        [4] ∈ {32} or UNINITIALIZED
        [5] ∈ {105} or UNINITIALIZED
        [6] ∈ {115} or UNINITIALIZED
        [7] ∈ {32} or UNINITIALIZED
        [8] ∈ {97} or UNINITIALIZED
        [9] ∈ {32} or UNINITIALIZED
        [10] ∈ {99} or UNINITIALIZED
        [11] ∈ {104} or UNINITIALIZED
        [12] ∈ {97} or UNINITIALIZED
        [13] ∈ {114} or UNINITIALIZED
        [14] ∈ {32} or UNINITIALIZED
        [15] ∈ {97} or UNINITIALIZED
        [16] ∈ {114} or UNINITIALIZED
        [17..19] ∈ {0; 97; 114; 121} or UNINITIALIZED
        [20..22] ∈ {46} or UNINITIALIZED
        [23] ∈ {65} or UNINITIALIZED
        [24] ∈ {110} or UNINITIALIZED
        [25] ∈ {100} or UNINITIALIZED
        [26] ∈ {32} or UNINITIALIZED
        [27] ∈ {97} or UNINITIALIZED
        [28] ∈ {110} or UNINITIALIZED
        [29] ∈ {111} or UNINITIALIZED
        [30] ∈ {116} or UNINITIALIZED
        [31] ∈ {104} or UNINITIALIZED
        [32] ∈ {101} or UNINITIALIZED
        [33] ∈ {114} or UNINITIALIZED
        [34] ∈ {32} or UNINITIALIZED
        [35] ∈ {111} or UNINITIALIZED
        [36] ∈ {110} or UNINITIALIZED
        [37..40] ∈ {0; 46; 101} or UNINITIALIZED
        [41..127] ∈ UNINITIALIZED
  err ∈ {0} or UNINITIALIZED
  rc ∈ {0; 400; 401; 403; 404; 406}
  str1[0..40] ∈ [--..--]
      [41..127] ∈ {0}
  str2[0..16] ∈ [--..--]
      [17..127] ∈ {0}
  __retres ∈
          {{ NULL ; &dest_0{[37], [38], [39]} ; &str1 + [0..127] ;
             &str2{[0], [1], [2], [3], [4], [5], [6], [7], [8], [9]} }}
[eva:final-states] Values at end of function stpncpy_s:
  dest_0 ∈ {{ NULL ; &str1_0 + [0..128] ; &str2_0[0] }}
  dmax ∈ [--..--]
  src ∈
     {{ NULL ; &str1_0{[0], [1], [2], [3], [4], [5], [6], [7], [8], [9]} ;
        &str2_0 + [0..128] }}
  smax ∈ [--..--]
  orig_dmax ∈ {1; 3; 5; 10; 14; 64; 128} or UNINITIALIZED
  orig_dest ∈ {{ &str1_0{[0], [5]} ; &str2_0[0] }} or UNINITIALIZED
  rc ∈ {0; 400; 401; 403; 404; 406}
  str1_0[0..127] ∈ [--..--]
  str2_0[0..14] ∈ [--..--]
        [15..127] ∈ {0}
  __retres ∈ {{ NULL ; &str1_0 + [0..127] ; &str2_0[0] }}
[eva:final-states] Values at end of function strcat_s:
  dest_0 ∈ {{ NULL ; &str1_2 + [0..--] ; &str2_2 + [0..--] }}
  dmax ∈ [0..4097]
  src ∈ {{ NULL ; &str1_2 + [0..--] ; &str2_2 + [0..--] }}
  orig_dmax ∈ {1; 2; 8; 9; 10; 12; 20; 31; 50; 52; 128} or UNINITIALIZED
  orig_dest ∈ {{ &str1_2[0] ; &str2_2[0] }} or UNINITIALIZED
  overlap_bumper ∈
                {{ &str1_2{[0], [7], [8]} ; &str2_2[0] }} or UNINITIALIZED
  str1_2[0..127] ∈ [--..--]
  str2_2[0..127] ∈ [--..--]
  __retres ∈ {0; 400; 401; 403; 404; 406; 407}
[eva:final-states] Values at end of function strcmp_s:
  dest_0 ∈
        {{ NULL ; &src + [0..127] ;
           &str1_3{[0], [1], [2], [3], [4], [5], [6], [7], [8], [9], [10],
                   [11], [12], [13], [14], [15], [16], [17], [18], [19]} }}
  dmax ∈ [0..4097]
  src ∈
     {{ NULL ;
        &str1_3{[0], [1], [2], [3], [4], [5], [6], [7], [8], [9], [10], [11],
                [12], [13], [14], [15]} ;
        &str2_3{[0], [1], [2], [3], [4], [5], [6], [7], [8], [9], [10], [11],
                [12], [13], [14], [15], [16], [17], [18], [19]} ;
        "Test sprintf_s_si() with simple format string [This is a char array...And another one.] and 55" +
        [0..94] }}
  indicator ∈ [-249..127] or UNINITIALIZED
  ind ∈ [-255..255]
  __retres ∈ {0; 400; 401; 403}
[eva:final-states] Values at end of function strcmpfld_s:
  dest_0 ∈ {{ NULL ; &str1_17 + [0..127] }}
  dmax ∈ [0..4097]
  src ∈ {{ NULL ; &str2_16 + [0..127] }}
  ind ∈ [-255..255]
  __retres ∈ {0; 400; 401; 403}
[eva:final-states] Values at end of function strcpy_s:
  dest_0 ∈
        {{ NULL ; &dest_0{[17], [18], [19], [20]} ;
           &str1_4{[0], [1], [2], [3], [4], [5], [6], [7], [8], [9], [10],
                   [11], [12], [13], [14], [15]} }}
  dmax ∈ [0..4097]
  src ∈
     {{ NULL ; &str{[17], [18], [19], [20]} ;
        &str1_4{[0], [5], [6], [7], [8], [9], [10]} ;
        &str2_4{[0], [1], [2], [3], [4], [5], [6], [7], [8], [9], [10], [11],
                [12], [13], [14], [15]} }}
  orig_dmax ∈ {1; 2; 3; 10; 64; 128} or UNINITIALIZED
  orig_dest ∈ {{ &dest_0[0] ; &str1_4[0] }} or UNINITIALIZED
  overlap_bumper ∈
                {{ &dest_0[0] ; &str[0] ; &str1_4{[0], [5]} ; &str2_4[0] }} or UNINITIALIZED
  dest_0[0] ∈ {84} or UNINITIALIZED
        [1] ∈ {104} or UNINITIALIZED
        [2] ∈ {105} or UNINITIALIZED
        [3] ∈ {115} or UNINITIALIZED
        [4] ∈ {32} or UNINITIALIZED
        [5] ∈ {105} or UNINITIALIZED
        [6] ∈ {115} or UNINITIALIZED
        [7] ∈ {32} or UNINITIALIZED
        [8] ∈ {97} or UNINITIALIZED
        [9] ∈ {32} or UNINITIALIZED
        [10] ∈ {99} or UNINITIALIZED
        [11] ∈ {104} or UNINITIALIZED
        [12] ∈ {97} or UNINITIALIZED
        [13] ∈ {114} or UNINITIALIZED
        [14] ∈ {32} or UNINITIALIZED
        [15] ∈ {97} or UNINITIALIZED
        [16] ∈ {114} or UNINITIALIZED
        [17..21] ∈ {0; 97; 114; 121} or UNINITIALIZED
        [22..127] ∈ UNINITIALIZED
  str1_4[0..40] ∈ [--..--]
        [41..127] ∈ {0}
  __retres ∈ {0; 400; 401; 403; 404; 406}
[eva:final-states] Values at end of function strcpyfld_s:
  dest_0 ∈ {{ NULL ; &str1_17 + [0..--] }}
  dmax ∈ {0; 128; 4097}
  src ∈ {{ NULL ; &str2_16 + [0..--] }}
  slen ∈ [0..40]
  orig_dmax ∈ [1..129] or UNINITIALIZED
  orig_dest ∈ {{ &str1_17[0] }} or UNINITIALIZED
  overlap_bumper ∈ {{ &str1_17[0] ; &str2_16[0] }} or UNINITIALIZED
  str1_17[0..127] ∈ [--..--] or UNINITIALIZED
  __retres ∈ {0; 400; 401; 403}
[eva:final-states] Values at end of function strcpyfldin_s:
  dest_0 ∈ {{ NULL ; &str1_17 + [0..128] }}
  dmax ∈ {0; 128; 4097}
  src ∈
     {{ NULL ;
        &str1_17{[0], [1], [2], [3], [4], [5], [6], [7], [8], [9], [10]} ;
        &str2_16 + [0..127] }}
  orig_dmax ∈ [1..128] or UNINITIALIZED
  orig_dest ∈ {{ &str1_17{[0], [10]} }} or UNINITIALIZED
  overlap_bumper ∈
                {{ &str1_17{[0], [5], [10]} ; &str2_16[0] }} or UNINITIALIZED
  str1_17[0..126] ∈ [--..--] or UNINITIALIZED
         [127] ∈ {0} or UNINITIALIZED
  __retres ∈ {0; 400; 401; 403; 404}
[eva:final-states] Values at end of function strcpyfldout_s:
  dest_0 ∈ {{ NULL ; &str1_17 + [0..128] }}
  dmax ∈ {0; 128; 4097}
  src ∈
     {{ NULL ; &str1_17{[0], [5], [6], [7], [8], [9], [10]} ;
        &str2_16 + [0..--] }}
  slen ∈ [0..128]
  orig_dmax ∈ [1..128] or UNINITIALIZED
  orig_dest ∈ {{ &str1_17{[0], [10]} }} or UNINITIALIZED
  overlap_bumper ∈
                {{ &str1_17{[0], [5], [10]} ; &str2_16[0] }} or UNINITIALIZED
  str1_17[0..127] ∈ [--..--] or UNINITIALIZED
  __retres ∈ {0; 400; 401; 403; 404}
[eva:final-states] Values at end of function strcspn_s:
  dest_0 ∈ {{ NULL ; &str1_5 + [0..127] }}
  dmax ∈ [0..4097]
  scan2 ∈ {{ &str2_5 + [0..127] }} or UNINITIALIZED
  smax ∈ [0..128] or UNINITIALIZED
  count ∈ [--..--]
  __retres ∈ {0; 400; 401; 403}
[eva:final-states] Values at end of function strfirstchar_s:
  dest_0 ∈
        {{ NULL ;
           &str1_17{[0], [1], [2], [3], [4], [5], [6], [7], [8], [9], [10],
                    [11], [12], [13], [14], [15], [16]} }}
  dmax ∈ [0..4097]
  first ∈
       {{ NULL ;
          &str1_17{[0], [1], [2], [3], [4], [5], [6], [7], [8], [9], [10],
                   [11], [12], [13], [14], [15], [16]} }}
  __retres ∈ {0; 400; 401; 403; 409}
[eva:final-states] Values at end of function strfirstdiff_s:
  dest_0 ∈
        {{ NULL ;
           &str1_17{[0], [1], [2], [3], [4], [5], [6], [7], [8], [9], [10],
                    [11], [12], [13], [14]} }}
  dmax ∈ [0..4097]
  src ∈
     {{ NULL ;
        &str1_17{[0], [1], [2], [3], [4], [5], [6], [7], [8], [9], [10],
                 [11], [12], [13], [14]} ;
        &str2_16{[0], [1], [2], [3], [4], [5], [6], [7], [8], [9], [10],
                 [11], [12], [13], [14]} }}
  rp ∈ {{ &str1_17[0] }} or UNINITIALIZED
  ind ∈ [0..14]
  __retres ∈ {0; 400; 401; 403; 408}
[eva:final-states] Values at end of function strfirstsame_s:
  dest_0 ∈
        {{ NULL ;
           &str1_17{[0], [1], [2], [3], [4], [5], [6], [7], [8], [9], [10],
                    [11], [12], [13], [14]} }}
  dmax ∈ [0..4097]
  src ∈
     {{ NULL ;
        &str1_17{[0], [1], [2], [3], [4], [5], [6], [7], [8], [9], [10],
                 [11], [12], [13], [14]} ;
        &str2_16{[0], [1], [2], [3], [4], [5], [6], [7], [8], [9], [10],
                 [11], [12], [13], [14]} }}
  rp ∈ {{ NULL ; &str1_17[0] }}
  ind ∈ [0..14]
  __retres ∈ {0; 400; 401; 403; 409}
[eva:final-states] Values at end of function strisalphanumeric_s:
  dest_0 ∈ {{ NULL ; &str + [0..126] ; "test" ; "test" ; "" }}
  dmax ∈ [0..24] ∪ {128; 99999}
  __retres ∈ {0; 1}
[eva:final-states] Values at end of function strisascii_s:
  dest_0 ∈
        {{ NULL ;
           &str{[0], [1], [2], [3], [4], [5], [6], [7], [8], [9], [10], [11],
                [12]} ; "test" ; "test" ; "" }}
  dmax ∈ [0..12] ∪ [21..33] ∪ {99999}
  __retres ∈ {0; 1}
[eva:final-states] Values at end of function strisdigit_s:
  dest_0 ∈
        {{ NULL ; &str{[0], [1], [2], [3], [4], [5], [6], [7], [8], [9]} ;
           "1234" ; "1234" ; "" }}
  dmax ∈
      [0..9] ∪ {99999} ∪ [18446744073709551608..18446744073709551615]
  __retres ∈ {0; 1}
[eva:final-states] Values at end of function strishex_s:
  dest_0 ∈ {{ NULL ; &str + [0..126] ; "1234" ; "1234" ; "" }}
  dmax ∈ [0..9] ∪ {99999}
  __retres ∈ {0; 1}
[eva:final-states] Values at end of function strislowercase_s:
  dest_0 ∈
        {{ NULL ;
           &str{[0], [1], [2], [3], [4], [5], [6], [7], [8], [9], [10], [11]} ;
           "test" ; "test" }}
  dmax ∈ [0..11] ∪ {99999}
  __retres ∈ {0; 1}
[eva:final-states] Values at end of function strismixedcase_s:
  dest_0 ∈ {{ NULL ; &str + [0..126] ; "test" ; "test" ; "" }}
  dmax ∈ [--..--]
  __retres ∈ {0; 1}
[eva:final-states] Values at end of function strispassword_s:
  dest_0 ∈
        {{ NULL ; &str + [0..62] ; "" ; "Test4You&" ; "Test4You&" ; "" }}
  dmax ∈ [0..999]
  cnt_all ∈ [0..2147483647] or UNINITIALIZED
  cnt_lowercase ∈ [0..2147483647] or UNINITIALIZED
  cnt_uppercase ∈ [0..2147483647] or UNINITIALIZED
  cnt_numbers ∈ [0..2147483647] or UNINITIALIZED
  cnt_specials ∈ [0..2147483647] or UNINITIALIZED
  __retres ∈ {0; 1}
[eva:final-states] Values at end of function strisuppercase_s:
  dest_0 ∈
        {{ NULL ;
           &str{[0], [1], [2], [3], [4], [5], [6], [7], [8], [9], [10], [11],
                [12], [13]} ; "test" ; "test" }}
  dmax ∈
      [0..13] ∪ {99999} ∪ [18446744073709551604..18446744073709551615]
  __retres ∈ {0; 1}
[eva:final-states] Values at end of function strlastchar_s:
  dest_0 ∈ {{ NULL ; &str1_17 + [0..126] }}
  dmax ∈ [0..4097]
  last ∈ {{ NULL ; &str1_17 + [0..127] }}
  __retres ∈ {0; 400; 401; 403; 409}
[eva:final-states] Values at end of function strlastdiff_s:
  dest_0 ∈ {{ NULL ; &str1_17 + [0..126] }}
  dmax ∈ [0..4097]
  src ∈ {{ NULL ; &str1_17 + [0..127] ; &str2_16 + [0..127] }}
  rp ∈ {{ &str1_17[0] }} or UNINITIALIZED
  there_is_a_diff ∈ {0; 1}
  ind ∈ [0..9223372036854775807]
  __retres ∈ {0; 400; 401; 403; 408}
[eva:final-states] Values at end of function strlastsame_s:
  dest_0 ∈ {{ NULL ; &str1_17 + [0..126] }}
  dmax ∈ [0..4097]
  src ∈ {{ NULL ; &str1_17 + [0..127] ; &str2_16 + [0..127] }}
  rp ∈ {{ &str1_17[0] }} or UNINITIALIZED
  similarity ∈ {0; 1} or UNINITIALIZED
  ind ∈ [0..9223372036854775807]
  __retres ∈ {0; 400; 401; 403; 409}
[eva:final-states] Values at end of function strljustify_s:
  dest_0 ∈ {{ NULL ; &str + [0..127] ; "test" ; "test" ; " " + {1} }}
  dmax ∈ [0..99999]
  orig_dest ∈ {{ &str + [0..--] ; " " }} or UNINITIALIZED
  orig_dmax ∈ [0..126] or UNINITIALIZED
  str[0..124] ∈ [--..--] or UNINITIALIZED
     [125] ∈ {0; 32} or UNINITIALIZED
     [126..127] ∈ {0} or UNINITIALIZED
  __retres ∈ {0; 400; 401; 403; 407}
[eva:final-states] Values at end of function strncat_s:
  dest_0 ∈ {{ NULL ; &str1_6 + [0..--] }}
  dmax ∈ [0..4097]
  src ∈
     {{ NULL ; &str2_6 + [0..--] ; "" ; "X" + {0; 1} ;
        "defghijklmn" + {0; 1; 2; 3} }}
  slen ∈ [0..4097]
  orig_dmax ∈ {1; 2; 3; 6; 7; 50; 100} or UNINITIALIZED
  orig_dest ∈ {{ &str1_6[0] }} or UNINITIALIZED
  overlap_bumper ∈
                {{ &str1_6[0] ; &str2_6[0] ; "" ; "X" ; "defghijklmn" }} or UNINITIALIZED
  str1_6[0..127] ∈ [--..--]
  __retres ∈ {0; 400; 401; 403; 406; 407}
[eva:final-states] Values at end of function strncpy_s:
  dest_0 ∈
        {{ NULL ; &str1_7 + [0..32] ;
           &dest{[0], [1], [2], [3], [4], [5], [6]} }}
  dmax ∈ [0..4097]
  src ∈
     {{ NULL ;
        &str1_7{[0], [1], [2], [3], [4], [5], [6], [7], [8], [9], [10]} ;
        &str2_7 + [0..127] }}
  slen ∈ [0..4097]
  orig_dmax ∈ {1; 2; 5; 6; 10; 64; 128} or UNINITIALIZED
  orig_dest ∈ {{ &str1_7[0] ; &dest[0] }} or UNINITIALIZED
  overlap_bumper ∈
                {{ &str1_7{[0], [5]} ; &str2_7[0] ; &dest[0] }} or UNINITIALIZED
  str1_7[0..40] ∈ [--..--]
        [41..127] ∈ {0}
  dest[0..28] ∈ [--..--]
      [29..127] ∈ {0}
  __retres ∈ {0; 400; 401; 403; 404; 406}
[eva:final-states] Values at end of function strnlen_s:
  dest_0 ∈
        {{ NULL ; &str1 + [0..127] ;
           &str2{[0], [1], [2], [3], [4], [5], [6], [7], [8], [9], [10],
                 [11], [12], [13], [14], [15], [16], [17]} ;
           &str1_0 + [0..127] ;
           &str2_0{[0], [1], [2], [3], [4], [5], [6], [7], [8], [9], [10],
                   [11], [12], [13], [14], [15]} ; "test" ; "test" ; 
           "" ; "t" + {1} ; "to" + {2} ; "testing" + {7} ; "testing" + {1} ;
           "testing" + {2} ; "testing" + {3} }}
  dmax ∈ [0..4097]
  count ∈ [0..127] or UNINITIALIZED
  __retres ∈ [0..127]
[eva:final-states] Values at end of function strnterminate_s:
  dest_0 ∈ {{ NULL ; &dest_0 + [0..127] }}
  dmax ∈ [0..9223372036854775807]
  count ∈ [0..9223372036854775807] or UNINITIALIZED
  dest_0[0..21] ∈ [--..--] or UNINITIALIZED
        [22..127] ∈ {0} or UNINITIALIZED
  __retres ∈ [0..9223372036854775807]
[eva:final-states] Values at end of function strpbrk_s:
  dest_0 ∈ {{ NULL ; &str1_8 + [0..127] }}
  dmax ∈ [0..4097]
  ps ∈ {{ &str2_8 + [0..127] }} or UNINITIALIZED
  len ∈ [--..--] or UNINITIALIZED
  first ∈ {{ NULL ; &str1_8 + [0..126] }} or UNINITIALIZED
  __retres ∈ {0; 400; 401; 403; 409}
[eva:final-states] Values at end of function strprefix_s:
  dest_0 ∈
        {{ NULL ;
           &str1_17{[0], [1], [2], [3], [4], [5], [6], [7], [8], [9], [10],
                    [11], [12], [13], [14]} }}
  dmax ∈ [0..14] ∪ [51..55] ∪ {128; 4097}
  src ∈
     {{ NULL ;
        &str2_16{[0], [1], [2], [3], [4], [5], [6], [7], [8], [9], [10],
                 [11], [12], [13], [14]} ; "" }}
  __retres ∈ {0; 400; 401; 403; 409}
[eva:final-states] Values at end of function strremovews_s:
  dest_0 ∈ {{ NULL ; &str + [0..126] ; "test" ; "test" }}
  dmax ∈ [0..99999]
  orig_dest ∈ {{ &str + [0..--] }} or UNINITIALIZED
  orig_end ∈ {{ &str + [0..126] }} or UNINITIALIZED
  orig_dmax ∈ [0..126] or UNINITIALIZED
  str[0..124] ∈ [--..--] or UNINITIALIZED
     [125] ∈ {0; 32} or UNINITIALIZED
     [126..127] ∈ {0} or UNINITIALIZED
  __retres ∈ {0; 400; 401; 403; 407}
[eva:final-states] Values at end of function strspn_s:
  dest_0 ∈ {{ NULL ; &str1_9 + [0..127] }}
  dmax ∈ [0..4097]
  scan2 ∈ {{ &str2_9 + [0..127] }} or UNINITIALIZED
  smax ∈ [0..128] or UNINITIALIZED
  match_found ∈ {0; 1} or UNINITIALIZED
  count ∈ [--..--]
  __retres ∈ {0; 400; 401; 403}
[eva:final-states] Values at end of function strstr_s:
  dest_0 ∈ {{ NULL ; &str1_10 + [0..127] }}
  dmax ∈ [0..4097]
  len ∈ [0..7] ∪ [121..128] or UNINITIALIZED
  dlen ∈ [0..333] or UNINITIALIZED
  i ∈ [0..127] or UNINITIALIZED
  sub ∈ {{ NULL ; &str1_10 + [0..126] }}
  __retres ∈ {0; 400; 401; 403; 409}
[eva:final-states] Values at end of function strtok_s:
  dest_0 ∈ {{ NULL ; &str1_17 + [0..126] }}
  pt ∈ {{ &str2_16 + [0..126] }} or UNINITIALIZED
  ptoken ∈ {{ NULL ; &str1_17 + [0..127] }} or UNINITIALIZED
  dlen ∈ [0..18] or UNINITIALIZED
  slen ∈ [0..16] or UNINITIALIZED
  p2str ∈ {{ NULL ; &str1_17 + [2..126] }} or UNINITIALIZED
  len ∈
     [0..18] ∪ {4097; 18446744073709551614; 18446744073709551615} or UNINITIALIZED
  str1_17[0..17] ∈ [--..--] or UNINITIALIZED
         [18..125] ∈ {0} or UNINITIALIZED
         [126..127] ∈ UNINITIALIZED
  __retres ∈ {{ NULL ; &str1_17 + [0..127] }}
[eva:final-states] Values at end of function strtolowercase_s:
  dest_0 ∈ {{ NULL ; &str + [0..126] ; "test" ; "test" }}
  dmax ∈ [0..99999]
  str[0..124] ∈ [--..--] or UNINITIALIZED
     [125..127] ∈ UNINITIALIZED
  __retres ∈ {0; 400; 401; 403}
[eva:final-states] Values at end of function strtouppercase_s:
  dest_0 ∈ {{ NULL ; &str + [0..126] ; "test" ; "" ; "test" }}
  dmax ∈ [0..99999]
  str[0..124] ∈ [--..--] or UNINITIALIZED
     [125..127] ∈ UNINITIALIZED
  __retres ∈ {0; 400; 401; 403}
[eva:final-states] Values at end of function strzero_s:
  dest_0 ∈
        {{ NULL ; &str + [17..128] ; &str + [17..128] ;
           &str1_17 + [0..128] }}
  dmax ∈ {0; 5; 4097}
  str[0..16] ∈ {0}
     [17..124] ∈ [--..--] or UNINITIALIZED
     [125] ∈ {0; 32} or UNINITIALIZED
     [126..127] ∈ {0} or UNINITIALIZED
  str[0..16] ∈ {0}
     [17..124] ∈ [--..--] or UNINITIALIZED
     [125] ∈ {0; 32} or UNINITIALIZED
     [126..127] ∈ {0} or UNINITIALIZED
  str1_17[0..10] ∈ {0} or UNINITIALIZED
         [11..41] ∈ [--..--] or UNINITIALIZED
         [42..127] ∈ {0} or UNINITIALIZED
  __retres ∈ {0; 400; 401; 403}
[eva:final-states] Values at end of function test_memcmp16_s:
  rc ∈ {0}
  len ∈ {2}
  ind ∈ {5}
  std_ind ∈ [--..--]
  i ∈ {118}
  mem1_6[0] ∈ {0}
        [1] ∈ {1}
        [2] ∈ {2}
        [3] ∈ {3}
        [4] ∈ {4}
        [5] ∈ {5}
        [6] ∈ {6}
        [7] ∈ {7}
        [8] ∈ {8}
        [9] ∈ {9}
        [10] ∈ {10}
        [11] ∈ {11}
        [12] ∈ {12}
        [13] ∈ {13}
        [14] ∈ {14}
        [15] ∈ {15}
        [16] ∈ {16}
        [17..127] ∈ [17..127]
  mem2_4[0] ∈ {0}
        [1] ∈ {1}
        [2] ∈ {2}
        [3] ∈ {3}
        [4] ∈ {4}
        [5] ∈ {5}
        [6] ∈ {6}
        [7] ∈ {7}
        [8] ∈ {8}
        [9] ∈ {9}
        [10..26] ∈ {5}
        [27..117] ∈ [5..127]
        [118..127] ∈ [17..127]
  __retres ∈ {0}
[eva:final-states] Values at end of function test_memcmp32_s:
  rc ∈ {0}
  len ∈ {2}
  ind ∈ {5}
  std_ind ∈ [--..--]
  i ∈ {118}
  mem1_6[0] ∈ {0}
        [1] ∈ {1}
        [2] ∈ {2}
        [3] ∈ {3}
        [4] ∈ {4}
        [5] ∈ {5}
        [6] ∈ {6}
        [7] ∈ {7}
        [8] ∈ {8}
        [9] ∈ {9}
        [10] ∈ {10}
        [11] ∈ {11}
        [12] ∈ {12}
        [13] ∈ {13}
        [14] ∈ {14}
        [15] ∈ {15}
        [16] ∈ {16}
        [17..127] ∈ [17..127]
  mem2_4[0] ∈ {0}
        [1] ∈ {1}
        [2] ∈ {2}
        [3] ∈ {3}
        [4] ∈ {4}
        [5] ∈ {5}
        [6] ∈ {6}
        [7] ∈ {7}
        [8] ∈ {8}
        [9] ∈ {9}
        [10..26] ∈ {5}
        [27..117] ∈ [5..127]
        [118..127] ∈ [17..127]
  __retres ∈ {0}
[eva:final-states] Values at end of function test_memcmp_s:
  rc ∈ {0}
  ind ∈ {0}
  std_ind ∈ [--..--]
  len ∈ {3}
  mem1[0..127] ∈ {55}
  mem2[0..15] ∈ {55}
      [16..47] ∈ {65}
      [48..127] ∈ {55}
  __retres ∈ {0}
[eva:final-states] Values at end of function test_memcpy16_s:
  rc ∈ {0; 404}
  len ∈ {2}
  i ∈ {512}
  mem1_6[0..109] ∈ {0; 33; 44; 65}
        [110..159] ∈ {0; 33; 44; 55; 65}
        [160..175] ∈ [0..32767]
        [176..239] ∈ {0; 33; 44; 55; 65}
        [240..271] ∈ {0; 44; 65}
        [272..335] ∈ {0; 33; 44; 55; 65} or UNINITIALIZED
        [336..351] ∈ [0..32767] or UNINITIALIZED
        [352..511] ∈ {0; 33; 44; 55; 65} or UNINITIALIZED
        [512..751] ∈ {0; 33; 55} or UNINITIALIZED
        [752..1023] ∈ {0; 33; 55}
  mem2_4[0..16] ∈ {44}
        [17..1023] ∈ {44; 65} or UNINITIALIZED
  __retres ∈ {0}
  S___fc_stdout[0..1] ∈ [--..--]
[eva:final-states] Values at end of function test_memcpy32_s:
  rc ∈ {0; 404}
  len ∈ {2}
  i ∈ {512}
  mem1_6[0..109] ∈ {0; 35; 44; 65; 75}
        [110..159] ∈ {0; 25; 33; 35; 44; 65; 75}
        [160..175] ∈ [0..2147483647]
        [176..239] ∈ {0; 25; 33; 35; 44; 65; 75}
        [240..271] ∈ {0; 35; 44; 75}
        [272..335] ∈ {0; 25; 33; 35; 44; 65; 75} or UNINITIALIZED
        [336..351] ∈ [0..2147483647] or UNINITIALIZED
        [352..511] ∈ {0; 25; 33; 35; 44; 65; 75} or UNINITIALIZED
        [512..751] ∈ {0; 25; 33; 65} or UNINITIALIZED
        [752..1023] ∈ {0; 25; 33; 65}
  mem2_4[0..16] ∈ {75}
        [17..1023] ∈ {35; 44; 75} or UNINITIALIZED
  __retres ∈ {0}
  S___fc_stdout[0..1] ∈ [--..--]
[eva:final-states] Values at end of function test_memcpy_s:
  Frama_C_entropy_source ∈ [--..--]
  rc ∈ {0; 404}
  i ∈ {512; 1024}
  len ∈ {5}
  mem1_0[0..1025] ∈ [--..--]
  mem2_0[0..16] ∈ {55}
        [17..1023] ∈ {0; 44; 55; 65}
        [1024..1025] ∈ {0}
  __retres ∈ {0}
  S___fc_stdout[0..1] ∈ [--..--]
[eva:final-states] Values at end of function test_memmove16_s:
  rc ∈ {0}
  i ∈ {10}
  len ∈ {20}
  mem1_6[0..19] ∈ {25}
        [20..29] ∈ {35}
        [30..271] ∈ [0..32758]
        [272..751] ∈ [0..32758] or UNINITIALIZED
        [752..1013] ∈ {0; 25; 33; 35; 44}
        [1014..1023] ∈ {0; 25; 33; 44}
  mem2_4[0..16] ∈ {44}
        [17..1023] ∈ {44} or UNINITIALIZED
  __retres ∈ {0}
  S___fc_stdout[0..1] ∈ [--..--]
[eva:final-states] Values at end of function test_memmove32_s:
  rc ∈ {0}
  i ∈ {10}
  len ∈ {20}
  mem1_6[0..19] ∈ {25}
        [20..29] ∈ {35}
        [30..271] ∈ [0..2147483646]
        [272..751] ∈ [0..2147483646] or UNINITIALIZED
        [752..1013] ∈ {0; 25; 33; 35; 44}
        [1014..1023] ∈ {0; 25; 33; 44}
  mem2_4[0..16] ∈ {44}
        [17..1023] ∈ {44} or UNINITIALIZED
  __retres ∈ {0}
  S___fc_stdout[0..1] ∈ [--..--]
[eva:final-states] Values at end of function test_memmove_s:
  Frama_C_entropy_source ∈ [--..--]
  rc ∈ {0}
  i ∈ {10}
  len ∈ {20}
  mem1_1[0..8] ∈ {25}
        [9..12] ∈ {25; 35}
        [bits 104 to 135] ∈
        {421075225; 421075235; 421077785; 421077795; 421730585; 421730595;
         421733145; 421733155; 588847385; 588847395; 588849945; 588849955;
         589502745; 589502755; 589505305; 589505315}
        [bits 136 to 151] ∈ {6425; 6435; 8985; 8995}
        [19..21] ∈ {25; 35}
        [22] ∈ {35}
        [bits 184 to 215] ∈ {589505315}
        [27..29] ∈ {35}
        [30..1023] ∈ [--..--]
  mem2_1[0..9] ∈ {25}
        [10..26] ∈ {35}
        [27..1013] ∈ {0; 25; 35; 44}
        [1014..1023] ∈ {0; 25; 44}
  __retres ∈ {0}
  S___fc_stdout[0..1] ∈ [--..--]
[eva:final-states] Values at end of function test_memset16_s:
  rc ∈ {0}
  len ∈ {133}
  i ∈ [133..255]
  value ∈ {34}
  mem1_6[0..132] ∈ {34}
        [133..255] ∈ {99} or UNINITIALIZED
  __retres ∈ {0}
[eva:final-states] Values at end of function test_memset32_s:
  rc ∈ {0}
  len ∈ {133}
  i ∈ [133..255]
  value ∈ {34}
  mem1_6[0..132] ∈ {34}
        [133..255] ∈ {99} or UNINITIALIZED
  __retres ∈ {0}
[eva:final-states] Values at end of function test_memset_s:
  rc ∈ {0}
  len ∈ {133}
  i ∈ [133..255]
  value ∈ {34}
  mem1_2[0..1] ∈ {34}
        [2..255] ∈ [--..--]
  __retres ∈ {0}
  S___fc_stdout[0..1] ∈ [--..--]
[eva:final-states] Values at end of function test_memzero16_s:
  rc ∈ {0}
  i ∈ {512}
  len ∈ {512}
  mem1_6[0..271] ∈ {0}
        [272..511] ∈ {0; 33} or UNINITIALIZED
  __retres ∈ {0}
  S___fc_stdout[0..1] ∈ [--..--]
[eva:final-states] Values at end of function test_memzero32_s:
  rc ∈ {0}
  i ∈ {512}
  len ∈ {512}
  mem1_6[0..271] ∈ {0}
        [272..511] ∈ {0; 33} or UNINITIALIZED
  __retres ∈ {0}
  S___fc_stdout[0..1] ∈ [--..--]
[eva:final-states] Values at end of function test_memzero_s:
  rc ∈ {0}
  i ∈ {512}
  len ∈ {512}
  mem1_6[0..1] ∈ {0}
        [2..16] ∈ {0; 33}
        [17..511] ∈ {0; 33} or UNINITIALIZED
  __retres ∈ {0}
  S___fc_stdout[0..1] ∈ [--..--]
[eva:final-states] Values at end of function test_stpcpy_s:
  ret ∈
     {{ NULL ; &str2{[0], [1], [2], [3], [4], [5], [6], [7], [8], [9]} }}
  rc ∈ {0; 406}
  ind ∈ [--..--]
  testno ∈ {16}
  str1[0..40] ∈ [--..--]
      [41..127] ∈ {0}
  str2[0..16] ∈ [--..--]
      [17..127] ∈ {0}
  __retres ∈ {0}
  S___fc_stdout[0..1] ∈ [--..--]
[eva:final-states] Values at end of function test_stpncpy_s:
  ret ∈ {{ NULL ; &str1_0{[0], [1], [2]} }}
  rc ∈ {0; 404}
  i ∈ {5; 6; 15} or UNINITIALIZED
  ind ∈ [--..--]
  sz ∈ [0..15]
  testno ∈ {19}
  str1_0[0..127] ∈ [--..--]
  str2_0[0..14] ∈ [--..--]
        [15..127] ∈ {0}
  __retres ∈ {0}
  S___fc_stdout[0..1] ∈ [--..--]
[eva:final-states] Values at end of function test_strcat_s:
  rc ∈ {0; 406; 407}
  ind ∈ [--..--]
  len1 ∈ [0..11]
  len2 ∈ [0..15]
  len3 ∈ [0..127]
  str1_2[0..127] ∈ [--..--]
  str2_2[0..127] ∈ [--..--]
  __retres ∈ {0}
[eva:final-states] Values at end of function test_strcmp_s:
  rc ∈ {0}
  ind ∈ [-255..255]
  std_ind ∈ [--..--]
  str1_3[0..18] ∈ [--..--]
        [19..127] ∈ {0}
  str2_3[0..18] ∈ [--..--]
        [19..127] ∈ {0}
  __retres ∈ {0}
  S___fc_stdout[0].__fc_FILE_id ∈ [--..--]
               [0].__fc_FILE_data ∈ [--..--] or ESCAPINGADDR
               [1] ∈ [--..--]
[eva:final-states] Values at end of function test_strcmpfld_s:
  rc ∈ {0; 401}
  i ∈ [0..127]
  len ∈ [0..40]
  ind ∈ [-255..255]
  str1_17[0] ∈ [--..--]
         [1] ∈ {0}
         [2..3] ∈ [--..--]
         [4..9] ∈ [--..--] or UNINITIALIZED
         [10] ∈ [--..--]
         [11..14] ∈ [--..--] or UNINITIALIZED
         [15] ∈ [--..--]
         [16..19] ∈ [--..--] or UNINITIALIZED
         [20] ∈ {0}
         [21..40] ∈ [--..--] or UNINITIALIZED
         [41..127] ∈ UNINITIALIZED
  str2_16[0] ∈ [--..--]
         [1] ∈ {0}
         [2..3] ∈ [--..--]
         [4..9] ∈ [--..--] or UNINITIALIZED
         [10] ∈ [--..--]
         [11..14] ∈ [--..--] or UNINITIALIZED
         [15] ∈ [--..--]
         [16..19] ∈ [--..--] or UNINITIALIZED
         [20] ∈ {0}
         [21..40] ∈ [--..--] or UNINITIALIZED
         [41..127] ∈ UNINITIALIZED
  __retres ∈ {0}
[eva:final-states] Values at end of function test_strcpy_s:
  rc ∈ {0; 406}
  ind ∈ [--..--]
  str1_4[0..40] ∈ [--..--]
        [41..127] ∈ {0}
  str2_4[0..14] ∈ [--..--]
        [15..127] ∈ {0}
  __retres ∈ {0}
[eva:final-states] Values at end of function test_strcpyfld_s:
  rc ∈ {0; 401; 403}
  i ∈ [0..127]
  len ∈ [2..129]
  slen ∈ [0..20]
  str1_17[0] ∈ {0}
         [1..4] ∈ [--..--]
         [5..19] ∈ [--..--] or UNINITIALIZED
         [20] ∈ [--..--]
         [21..127] ∈ [--..--] or UNINITIALIZED
  str2_16[0] ∈ {0}
         [1..2] ∈ [--..--]
         [3..19] ∈ [--..--] or UNINITIALIZED
         [20] ∈ {0}
         [21..40] ∈ [--..--] or UNINITIALIZED
         [41..127] ∈ UNINITIALIZED
  __retres ∈ {0}
[eva:final-states] Values at end of function test_strcpyfldin_s:
  rc ∈ {0; 401; 403}
  i ∈ [0..127]
  len ∈ [0..127]
  slen ∈ [0..21]
  str1_17[0..16] ∈ [--..--]
         [17..126] ∈ [--..--] or UNINITIALIZED
         [127] ∈ {0} or UNINITIALIZED
  str2_16[0..2] ∈ [--..--]
         [3..21] ∈ [--..--] or UNINITIALIZED
         [22..127] ∈ UNINITIALIZED
  __retres ∈ {0}
[eva:final-states] Values at end of function test_strcpyfldout_s:
  rc ∈ {0; 401; 403}
  i ∈ [0..127]
  len ∈ [0..22]
  slen ∈ [0..20]
  str1_17[0..26] ∈ [--..--]
         [27..127] ∈ [--..--] or UNINITIALIZED
  str2_16[0..1] ∈ [--..--]
         [2..20] ∈ [--..--] or UNINITIALIZED
         [21..127] ∈ UNINITIALIZED
  __retres ∈ {0}
[eva:final-states] Values at end of function test_strcspn_s:
  rc ∈ {0}
  count ∈ [--..--]
  std_count ∈ [0..15]
  testno ∈ {16}
  str1_5[0..14] ∈ [--..--]
        [15..127] ∈ {0}
  str2_5[0..11] ∈ [--..--]
        [12..127] ∈ {0}
  __retres ∈ {0}
  S___fc_stdout[0].__fc_FILE_id ∈ [--..--]
               [0].__fc_FILE_data ∈ [--..--] or ESCAPINGADDR
               [1] ∈ [--..--]
[eva:final-states] Values at end of function test_strfirstchar_s:
  rc ∈ {0; 409}
  len ∈ [0..15]
  first ∈
       {{ NULL ;
          &str1_17{[0], [1], [2], [3], [4], [5], [6], [7], [8], [9], [10],
                   [11], [12], [13], [14], [15], [16]} }}
  str1_17[0] ∈ [--..--]
         [1..16] ∈ [--..--] or UNINITIALIZED
         [17..127] ∈ UNINITIALIZED
  __retres ∈ {0}
  S___fc_stdout[0].__fc_FILE_id ∈ [--..--]
               [0].__fc_FILE_data ∈
               {{ garbled mix of &{str1_17}
                (origin: Library function) }} or ESCAPINGADDR
               [1] ∈ [--..--]
[eva:final-states] Values at end of function test_strfirstdiff_s:
  rc ∈ {0; 408}
  ind ∈ [0..14]
  str1_17[0] ∈ [--..--]
         [1..14] ∈ [--..--] or UNINITIALIZED
         [15..127] ∈ UNINITIALIZED
  str2_16[0] ∈ [--..--]
         [1..14] ∈ [--..--] or UNINITIALIZED
         [15..127] ∈ UNINITIALIZED
  __retres ∈ {0}
  S___fc_stdout[0].__fc_FILE_id ∈ [--..--]
               [0].__fc_FILE_data ∈ [--..--] or ESCAPINGADDR
               [1] ∈ [--..--]
[eva:final-states] Values at end of function test_strfirstsame_s:
  rc ∈ {0; 409}
  ind ∈ [0..14]
  str1_17[0] ∈ [--..--]
         [1..14] ∈ [--..--] or UNINITIALIZED
         [15..127] ∈ UNINITIALIZED
  str2_16[0] ∈ [--..--]
         [1..14] ∈ [--..--] or UNINITIALIZED
         [15..127] ∈ UNINITIALIZED
  __retres ∈ {0}
  S___fc_stdout[0].__fc_FILE_id ∈ [--..--]
               [0].__fc_FILE_data ∈ [--..--] or ESCAPINGADDR
               [1] ∈ [--..--]
[eva:final-states] Values at end of function test_strisalphanumeric_s:
  rc ∈ {0; 1}
  len ∈ [0..24]
  str[0] ∈ [--..--]
     [1] ∈ [--..--] or UNINITIALIZED
     [2] ∈ [--..--]
     [3..24] ∈ [--..--] or UNINITIALIZED
     [25..127] ∈ UNINITIALIZED
  __retres ∈ {0}
  S___fc_stdout[0].__fc_FILE_id ∈ [--..--]
               [0].__fc_FILE_data ∈ [--..--] or ESCAPINGADDR
               [1] ∈ [--..--]
[eva:final-states] Values at end of function test_strisascii_s:
  rc ∈ {0; 1}
  len ∈ {0; 1} ∪ [3..12]
  str[0] ∈ [--..--]
     [1] ∈ [--..--] or UNINITIALIZED
     [2] ∈ {-124}
     [3..12] ∈ [--..--] or UNINITIALIZED
     [13..127] ∈ UNINITIALIZED
  __retres ∈ {0}
  S___fc_stdout[0].__fc_FILE_id ∈ [--..--]
               [0].__fc_FILE_data ∈ [--..--] or ESCAPINGADDR
               [1] ∈ [--..--]
[eva:final-states] Values at end of function test_strisdigit_s:
  rc ∈ {0; 1}
  len ∈ [0..9]
  str[0] ∈ [--..--]
     [1..9] ∈ [--..--] or UNINITIALIZED
     [10..127] ∈ UNINITIALIZED
  __retres ∈ {0}
  S___fc_stdout[0].__fc_FILE_id ∈ [--..--]
               [0].__fc_FILE_data ∈ [--..--] or ESCAPINGADDR
               [1] ∈ [--..--]
[eva:final-states] Values at end of function test_strishex_s:
  rc ∈ {0; 1}
  len ∈ [0..9]
  str[0] ∈ [--..--]
     [1..9] ∈ [--..--] or UNINITIALIZED
     [10..127] ∈ UNINITIALIZED
  __retres ∈ {0}
  S___fc_stdout[0].__fc_FILE_id ∈ [--..--]
               [0].__fc_FILE_data ∈ [--..--] or ESCAPINGADDR
               [1] ∈ [--..--]
[eva:final-states] Values at end of function test_strislowercase_s:
  rc ∈ {0; 1}
  len ∈ [0..11]
  str[0] ∈ [--..--]
     [1..11] ∈ [--..--] or UNINITIALIZED
     [12..127] ∈ UNINITIALIZED
  __retres ∈ {0}
  S___fc_stdout[0].__fc_FILE_id ∈ [--..--]
               [0].__fc_FILE_data ∈ [--..--] or ESCAPINGADDR
               [1] ∈ [--..--]
[eva:final-states] Values at end of function test_strismixed_s:
  rc ∈ {0; 1}
  len ∈ [0..12]
  str[0] ∈ [--..--]
     [1..12] ∈ [--..--] or UNINITIALIZED
     [13..127] ∈ UNINITIALIZED
  __retres ∈ {0}
  S___fc_stdout[0].__fc_FILE_id ∈ [--..--]
               [0].__fc_FILE_data ∈ [--..--] or ESCAPINGADDR
               [1] ∈ [--..--]
[eva:final-states] Values at end of function test_strispassword_s:
  rc ∈ {0; 1}
  len ∈ [0..27]
  str[0] ∈ [--..--]
     [1..27] ∈ [--..--] or UNINITIALIZED
     [28..63] ∈ UNINITIALIZED
  __retres ∈ {0}
  S___fc_stdout[0].__fc_FILE_id ∈ [--..--]
               [0].__fc_FILE_data ∈ [--..--] or ESCAPINGADDR
               [1] ∈ [--..--]
[eva:final-states] Values at end of function test_strisuppercase_s:
  rc ∈ {0; 1}
  len ∈ [0..13]
  str[0] ∈ [--..--]
     [1..13] ∈ [--..--] or UNINITIALIZED
     [14..127] ∈ UNINITIALIZED
  __retres ∈ {0}
  S___fc_stdout[0].__fc_FILE_id ∈ [--..--]
               [0].__fc_FILE_data ∈ [--..--] or ESCAPINGADDR
               [1] ∈ [--..--]
[eva:final-states] Values at end of function test_strlastchar_s:
  rc ∈ {0; 409}
  last ∈ {{ NULL ; &str1_17 + [0..127] }}
  str1_17[0] ∈ [--..--]
         [1..16] ∈ [--..--] or UNINITIALIZED
         [17..127] ∈ UNINITIALIZED
  __retres ∈ {0}
  S___fc_stdout[0].__fc_FILE_id ∈ [--..--]
               [0].__fc_FILE_data ∈
               {{ garbled mix of &{str1_17}
                (origin: Library function) }} or ESCAPINGADDR
               [1] ∈ [--..--]
[eva:final-states] Values at end of function test_strlastdiff_s:
  rc ∈ {0; 408}
  ind ∈ [0..9223372036854775807]
  str1_17[0] ∈ [--..--]
         [1..14] ∈ [--..--] or UNINITIALIZED
         [15..127] ∈ UNINITIALIZED
  str2_16[0] ∈ [--..--]
         [1..14] ∈ [--..--] or UNINITIALIZED
         [15..127] ∈ UNINITIALIZED
  __retres ∈ {0}
  S___fc_stdout[0].__fc_FILE_id ∈ [--..--]
               [0].__fc_FILE_data ∈ [--..--] or ESCAPINGADDR
               [1] ∈ [--..--]
[eva:final-states] Values at end of function test_strlastsame_s:
  rc ∈ {0; 409}
  ind ∈ [0..9223372036854775807]
  str1_17[0] ∈ [--..--]
         [1..15] ∈ [--..--] or UNINITIALIZED
         [16..127] ∈ UNINITIALIZED
  str2_16[0] ∈ [--..--]
         [1..19] ∈ [--..--] or UNINITIALIZED
         [20..127] ∈ UNINITIALIZED
  __retres ∈ {0}
  S___fc_stdout[0].__fc_FILE_id ∈ [--..--]
               [0].__fc_FILE_data ∈ [--..--] or ESCAPINGADDR
               [1] ∈ [--..--]
[eva:final-states] Values at end of function test_strljustify_s:
  rc ∈ {0; 401; 407}
  ind ∈ [--..--]
  len ∈ [0..11]
  str[0..16] ∈ [--..--]
     [17..124] ∈ [--..--] or UNINITIALIZED
     [125] ∈ {0; 32} or UNINITIALIZED
     [126..127] ∈ {0} or UNINITIALIZED
  __retres ∈ {0}
  S___fc_stdout[0].__fc_FILE_id ∈ [--..--]
               [0].__fc_FILE_data ∈ [--..--] or ESCAPINGADDR
               [1] ∈ [--..--]
[eva:final-states] Values at end of function test_strncat_s:
  rc ∈ {0; 406; 407}
  ind ∈ [--..--]
  str1_6[0..127] ∈ [--..--]
  str2_6[0..14] ∈ [--..--]
        [15..127] ∈ {0}
  __retres ∈ {0}
[eva:final-states] Values at end of function test_strncpy_s:
  rc ∈ {0; 406}
  nlen ∈ {10}
  ind ∈ [--..--]
  str1_7[0..40] ∈ [--..--]
        [41..127] ∈ {0}
  str2_7[0..39] ∈ [--..--]
        [40..127] ∈ {0}
  dest[0..28] ∈ [--..--]
      [29..127] ∈ {0}
  __retres ∈ {0}
[eva:final-states] Values at end of function test_strnlen_s:
  len ∈ {3}
  std_len ∈ {7}
  max_len ∈ {3}
  __retres ∈ {0}
[eva:final-states] Values at end of function test_strnterminate_s:
  len ∈ {0}
  std_len ∈ {0; 1; 2; 3; 4}
  max_len ∈ {33}
  dest_0[0] ∈ [--..--]
        [1..21] ∈ [--..--] or UNINITIALIZED
        [22..127] ∈ {0} or UNINITIALIZED
  __retres ∈ {0}
  S___fc_stdout[0].__fc_FILE_id ∈ [--..--]
               [0].__fc_FILE_data ∈ [--..--] or ESCAPINGADDR
               [1] ∈ [--..--]
[eva:final-states] Values at end of function test_strpbrk_s:
  rc ∈ {0; 409}
  first ∈ {{ NULL ; &str1_8 + [0..126] }}
  std_first ∈
           {{ garbled mix of &{str1_8}
            (origin: Library function {unittests/test_strpbrk_s.c:272}) }}
  str1_8[0..15] ∈ [--..--]
        [16..127] ∈ {0}
  str2_8[0..6] ∈ [--..--]
        [7..127] ∈ {0}
  __retres ∈ {0}
  S___fc_stdout[0].__fc_FILE_id ∈ [--..--]
               [0].__fc_FILE_data ∈
               {{ garbled mix of &{str1_8}
                (origin: Library function) }} or ESCAPINGADDR
               [1] ∈ [--..--]
[eva:final-states] Values at end of function test_strprefix_s:
  rc ∈ {0; 401; 409}
  len ∈ [0..14]
  str1_17[0] ∈ [--..--]
         [1..14] ∈ [--..--] or UNINITIALIZED
         [15..127] ∈ UNINITIALIZED
  str2_16[0] ∈ [--..--]
         [1..28] ∈ [--..--] or UNINITIALIZED
         [29..127] ∈ UNINITIALIZED
  __retres ∈ {0}
  S___fc_stdout[0].__fc_FILE_id ∈ [--..--]
               [0].__fc_FILE_data ∈
               {{ garbled mix of &{str1_8}
                (origin: Library function) }} or ESCAPINGADDR
               [1] ∈ [--..--]
[eva:final-states] Values at end of function test_strremovews_s:
  rc ∈ {0; 401; 407}
  ind ∈ [--..--]
  len ∈ [0..13]
  str[0..16] ∈ [--..--]
     [17..124] ∈ [--..--] or UNINITIALIZED
     [125] ∈ {0; 32} or UNINITIALIZED
     [126..127] ∈ {0} or UNINITIALIZED
  __retres ∈ {0}
  S___fc_stdout[0].__fc_FILE_id ∈ [--..--]
               [0].__fc_FILE_data ∈
               {{ garbled mix of &{str1_8}
                (origin: Library function) }} or ESCAPINGADDR
               [1] ∈ [--..--]
[eva:final-states] Values at end of function test_strspn_s:
  rc ∈ {0}
  count ∈ [--..--]
  std_count ∈ [0..15]
  str1_9[0..14] ∈ [--..--]
        [15..127] ∈ {0}
  str2_9[0..11] ∈ [--..--]
        [12..127] ∈ {0}
  __retres ∈ {0}
  S___fc_stdout[0].__fc_FILE_id ∈ [--..--]
               [0].__fc_FILE_data ∈
               {{ garbled mix of &{str1_8}
                (origin: Library function) }} or ESCAPINGADDR
               [1] ∈ [--..--]
[eva:final-states] Values at end of function test_strstr_s:
  rc ∈ {0; 409}
  sub ∈ {{ NULL ; &str1_10 + [0..126] }}
  std_sub ∈ {{ NULL ; &str1_10 + [0..127] }}
  len1 ∈ [0..21]
  len2 ∈ {0; 1; 2; 3; 4; 5; 6; 7}
  str1_10[0..20] ∈ [--..--]
         [21..127] ∈ {0}
  str2_10[0..6] ∈ [--..--]
         [7..127] ∈ {0}
  __retres ∈ {0}
  S___fc_stdout[0].__fc_FILE_id ∈ [--..--]
               [0].__fc_FILE_data ∈
               {{ garbled mix of &{str1_8}
                (origin: Library function) }} or ESCAPINGADDR
               [1] ∈ [--..--]
[eva:final-states] Values at end of function test_strtok_s:
  p2str ∈ {{ NULL ; &str1_17 + [2..126] }}
  p2tok ∈ {{ NULL ; &str1_17 + [2..125] }}
  len ∈ [0..18]
  str1_17[0..17] ∈ [--..--] or UNINITIALIZED
         [18..125] ∈ {0} or UNINITIALIZED
         [126..127] ∈ UNINITIALIZED
  str2_16[0..6] ∈ [--..--] or UNINITIALIZED
         [7..127] ∈ UNINITIALIZED
  __retres ∈ {0}
  S___fc_stdout[0].__fc_FILE_id ∈ [--..--]
               [0].__fc_FILE_data ∈
               {{ garbled mix of &{str1_8}
                (origin: Library function) }} or ESCAPINGADDR
               [1] ∈ [--..--]
[eva:final-states] Values at end of function test_strtolowercase_s:
  rc ∈ {0}
  len ∈ [0..124]
  str[0] ∈ [--..--]
     [1..124] ∈ [--..--] or UNINITIALIZED
     [125..127] ∈ UNINITIALIZED
  __retres ∈ {0}
  S___fc_stdout[0].__fc_FILE_id ∈ [--..--]
               [0].__fc_FILE_data ∈
               {{ garbled mix of &{str1_8}
                (origin: Library function) }} or ESCAPINGADDR
               [1] ∈ [--..--]
[eva:final-states] Values at end of function test_strtouppercase_s:
  rc ∈ {0}
  len ∈ [0..124]
  str[0] ∈ [--..--]
     [1..124] ∈ [--..--] or UNINITIALIZED
     [125..127] ∈ UNINITIALIZED
  __retres ∈ {0}
  S___fc_stdout[0].__fc_FILE_id ∈ [--..--]
               [0].__fc_FILE_data ∈
               {{ garbled mix of &{str1_8}
                (origin: Library function) }} or ESCAPINGADDR
               [1] ∈ [--..--]
[eva:final-states] Values at end of function test_strzero_s:
  rc ∈ {0}
  max_len ∈ {11}
  str1_17[0..10] ∈ {0}
         [11..16] ∈ [--..--]
         [17..41] ∈ [--..--] or UNINITIALIZED
         [42..127] ∈ {0} or UNINITIALIZED
  i ∈ {128}
  __retres ∈ {0}
  S___fc_stdout[0].__fc_FILE_id ∈ [--..--]
               [0].__fc_FILE_data ∈
               {{ garbled mix of &{str1_8}
                (origin: Library function) }} or ESCAPINGADDR
               [1] ∈ [--..--]
[eva:final-states] Values at end of function strcasecmp_s:
  dmax ∈ [0..4] ∪ [113..128] ∪ {4097}
  udest ∈
       {{ NULL ;
          (unsigned char const *)&str1_1{[0], [1], [2], [3], [4], [5], [6],
                                         [7], [8], [9], [10], [11], [12],
                                         [13], [14], [15]} }}
  usrc ∈
      {{ NULL ;
         (unsigned char const *)&str1_1{[0], [1], [2], [3], [4], [5], [6],
                                        [7], [8], [9], [10], [11], [12],
                                        [13], [14], [15]} ;
         (unsigned char const *)&str2_1{[0], [1], [2], [3], [4], [5], [6],
                                        [7], [8], [9], [10], [11], [12],
                                        [13], [14], [15]} }}
  ind ∈ [-256..256]
  __retres ∈ {0; 400; 401; 403}
[eva:final-states] Values at end of function strcasestr_s:
  dest_0 ∈ {{ NULL ; &str1_17 + [0..126] }}
  dmax ∈ [0..4097]
  len ∈ [0..6] ∪ [121..128] or UNINITIALIZED
  dlen ∈ [0..128] or UNINITIALIZED
  i ∈ [0..125] or UNINITIALIZED
  sub ∈ {{ NULL ; &str1_17 + [0..125] }}
  __retres ∈ {0; 400; 401; 403; 409}
[eva:final-states] Values at end of function test_strcasecmp_s:
  rc ∈ {0}
  ind ∈ [-256..256]
  std_ind ∈ [--..--]
  str1_1[0..18] ∈ [--..--]
        [19..127] ∈ {0}
  str2_1[0..14] ∈ [--..--]
        [15..127] ∈ {0}
  __retres ∈ {0}
  S___fc_stdout[0..1] ∈ [--..--]
[eva:final-states] Values at end of function test_strcasestr_s:
  rc ∈ {0; 409}
  sub ∈ {{ NULL ; &str1_17 + [0..125] }}
  std_sub ∈ {{ NULL ; &str1_17 + [0..127] }}
  len1 ∈ [0..20]
  len2 ∈ {0; 1; 2; 3; 4; 5; 6}
  str1_17[0] ∈ [--..--]
         [1..20] ∈ [--..--] or UNINITIALIZED
         [21..127] ∈ UNINITIALIZED
  str2_16[0] ∈ [--..--]
         [1..6] ∈ [--..--] or UNINITIALIZED
         [7..127] ∈ UNINITIALIZED
  __retres ∈ {0}
  S___fc_stdout[0].__fc_FILE_id ∈ [--..--]
               [0].__fc_FILE_data ∈
               {{ garbled mix of &{str1_17} (origin: Library function) }}
               [1] ∈ [--..--]
[eva:final-states] Values at end of function wcpcpy_s:
  dest_0 ∈ {{ NULL ; &str1_11 + [0..508],0%4 ; &str2_11{[2], [6], [14]} }}
  dmax ∈ [0..4097]
  src ∈
     {{ NULL ; &str1_11{[0], [2], [5], [6], [10], [14]} ;
        &str2_11{[0], [2], [5], [14]} }}
  orig_dmax ∈ {2; 3; 6; 10; 14; 64; 128} or UNINITIALIZED
  orig_dest ∈ {{ &str1_11{[0], [5]} ; &str2_11[0] }} or UNINITIALIZED
  overlap_bumper ∈ {{ &str1_11{[0], [5]} ; &str2_11[0] }} or UNINITIALIZED
  rc ∈ {0; 400; 401; 403; 404; 406}
  str1_11[0] ∈ {0; 97; 105; 107; 113}
         [1] ∈ {0; 97; 98; 101; 113; 116}
         [2] ∈ {0; 32; 97; 99; 101; 119}
         [3] ∈ {0; 50; 97; 100; 101; 112; 115}
         [4] ∈ {0; 32; 51; 97; 101; 105; 113}
         [5] ∈ {0; 52; 97; 101; 105}
         [6] ∈ {0; 53; 97; 101; 113; 116; 120}
         [7] ∈ {0; 32; 97; 101; 119; 120}
         [8] ∈ {0; 97; 101; 112; 113; 115; 120}
         [9] ∈ {0; 32; 97; 101; 105; 113; 120}
         [10] ∈ {0; 97; 101; 109; 113}
         [11] ∈ {0; 97; 112; 113}
         [12] ∈ {0; 97; 101; 108}
         [13] ∈ {0; 97; 101; 113}
         [14] ∈ {0; 97; 101}
         [15] ∈ {0; 97; 113}
         [16..127] ∈ {0; 97}
  str2_11[0] ∈ {0; 97; 105; 107}
         [1] ∈ {0; 98; 101; 113; 116}
         [2] ∈ {0; 99; 101; 119}
         [3] ∈ {0; 100; 101; 112}
         [4] ∈ {0; 32; 101; 113}
         [5] ∈ {0; 101; 105}
         [6] ∈ {0; 113; 116}
         [7] ∈ {0; 32; 101}
         [8] ∈ {0; 113; 115}
         [9] ∈ {0; 101; 105}
         [10] ∈ {0; 109; 113}
         [11] ∈ {0; 112}
         [12] ∈ {0; 108}
         [13] ∈ {0; 101}
         [14..127] ∈ {0}
  __retres ∈ {{ NULL ; &str1_11 + [0..508],0%4 ; &str2_11{[2], [14]} }}
[eva:final-states] Values at end of function wcscat_s:
  dest_0 ∈
        {{ NULL ; &str1_12 + [0..512],0%4 ;
           &str2_12{[9], [14], [16], [17], [18]} }}
  dmax ∈ [0..4097]
  src ∈
     {{ NULL ; &str1_12{[0], [2], [4], [5], [7], [13], [14], [26]} ;
        &str2_12{[0], [1], [11], [14]} }}
  orig_dmax ∈
           {1} ∪ [8..11] ∪ {16; 19; 20; 30; 31; 50; 128} or UNINITIALIZED
  orig_dest ∈ {{ &str1_12{[0], [13]} ; &str2_12[0] }} or UNINITIALIZED
  overlap_bumper ∈
                {{ &str1_12{[0], [7], [13], [20]} ; &str2_12[0] }} or UNINITIALIZED
  str1_12[0] ∈ {0; 49; 53; 97; 107; 113}
         [1] ∈ {0; 50; 54; 97; 101; 113}
         [2] ∈ {0; 51; 55; 97; 101; 119}
         [3] ∈ {0; 52; 56; 97; 101; 112}
         [4] ∈ {0; 32; 53; 57; 97; 113}
         [5] ∈ {0; 54; 97; 105; 113}
         [6] ∈ {0; 55; 97; 107; 116}
         [7] ∈ {0; 32; 56; 97; 101}
         [8] ∈ {0; 57; 97; 101; 115}
         [9] ∈ {0; 48; 49; 97; 105; 112}
         [10] ∈ {0; 32; 49; 50; 107; 109}
         [11] ∈ {0; 50; 51; 101; 105; 112}
         [12] ∈ {0; 51; 52; 101; 108; 116}
         [13] ∈ {0; 32; 52; 101; 112}
         [14] ∈ {0; 32; 53; 66; 97; 115}
         [15] ∈ {0; 54; 67; 97; 105}
         [16] ∈ {0; 55; 68; 97; 109; 116}
         [17] ∈ {0; 32; 48; 56; 57; 69; 97; 112}
         [18] ∈ {0; 48; 56; 57; 70; 97; 108; 115}
         [19] ∈ {0; 48; 56; 57; 71; 97; 101; 105}
         [20] ∈ {0; 48; 56; 57; 72; 97; 109}
         [21] ∈ {0; 48; 56; 57; 73; 97; 112}
         [22] ∈ {0; 74; 97; 108}
         [23] ∈ {0; 75; 97; 101}
         [24] ∈ {0; 76; 97}
         [25] ∈ {0; 77; 97}
         [26] ∈ {0; 78; 97}
         [27] ∈ {0; 79; 97}
         [28] ∈ {0; 80; 97}
         [29] ∈ {0; 49; 97}
         [30..33] ∈ [0..97]
         [34..38] ∈ {0} ∪ [49..57] ∪ {97}
         [39] ∈ [0..97]
         [40..41] ∈ {0} ∪ [49..57] ∪ {97}
         [42..127] ∈ {0} ∪ [49..57]
  str2_12[0] ∈ {0; 49; 107}
         [1] ∈ {0; 50; 101}
         [2] ∈ {0; 51; 101}
         [3] ∈ {0; 52; 107; 112}
         [4] ∈ {0; 32; 53; 101}
         [5] ∈ {0; 54; 101; 105}
         [6] ∈ {0; 55; 112; 116}
         [7] ∈ {0; 32; 56}
         [8] ∈ {0; 57; 105; 115}
         [9] ∈ {0; 105; 116}
         [10] ∈ {0; 32; 109}
         [11] ∈ {0; 112; 115}
         [12] ∈ {0; 105; 108}
         [13] ∈ {0; 101; 109}
         [14] ∈ {0; 49; 112}
         [15] ∈ {0; 50; 108}
         [16] ∈ {0; 51; 101}
         [17] ∈ {0; 52}
         [18..127] ∈ {0}
  __retres ∈ {0; 400; 401; 403; 404; 406; 407}
[eva:final-states] Values at end of function wcscpy_s:
  dest_0 ∈
        {{ NULL ;
           &str1_11{[2], [10], [11], [14], [16], [17], [18], [19], [20],
                    [21], [22], [23], [24], [25], [26], [27], [28], [29],
                    [30], [31], [32], [33], [34], [35], [36], [37], [38],
                    [39], [40]} ; &str2_11{[2], [5], [11], [14]} ;
           &str1_12{[4], [5], [6], [10], [14], [17], [18], [19], [20], [30],
                    [31], [32], [33], [34], [35], [36], [37], [38], [39],
                    [40]} ; &str2_12{[3], [4], [14]} ;
           &str1_13 + [0..2048],0%4 ; &str2_13 + [0..2048],0%4 ;
           &str1_14{[4], [5], [10], [14], [17], [18], [19], [20], [21], [22],
                    [23], [24], [25], [37], [38], [39], [40]} ;
           &str2_14{[4], [6], [9], [14]} }}
  dmax ∈ [0..4097]
  src ∈
     {{ NULL ; &str1_13 + [0..2048],0%4 ; &str2_13 + [0..2048],0%4 ;
        L"aaaaaaaaaaaaaaaaaaaaaaaaaaaaaaaaaaaaaaaa" +
        {68; 72; 76; 80; 84; 88; 92; 96; 100; 104; 108; 112; 116; 120; 124;
         128; 132; 136; 140; 144; 148; 152; 156; 160} ;
        L"aaaaaaaaaaaaaaaaaaaaaaaaaaaaaaaaaaaaaaaa" +
        {68; 72; 76; 80; 84; 88; 92; 96; 100; 104; 108; 112; 116; 120; 124;
         128; 132; 136; 140; 144; 148; 152; 156; 160} ;
        L"aaaaaaaaaaaaaaaaaaaaaaaaaaaaaaaaaaaaaaaa" +
        {68; 72; 76; 80; 84; 88; 92; 96; 100; 104; 108; 112; 116; 120; 124;
         128; 132; 136; 140; 144; 148; 152; 156; 160} ;
        L"keep it simple" + {56} ; L"keep it simple" + {56} ;
        L"aaaaaaaaaaaaaaaaaaaaaaaaaaaaaaaaaaaaaaaa" +
        {68; 72; 76; 80; 84; 88; 92; 96; 100; 104; 108; 112; 116; 120; 124;
         128; 132; 136; 140; 144; 148; 152; 156; 160} ;
        L"keep it simple" + {56} ; L"keep it simple" + {56} ;
        L"xxxxxxxxxx" + {40} ; L"abcde" + {20} ; L"qqweqeqeqeq" + {44} ;
        L"keep it simple" + {56} ; L"qqweqeqeqeq" + {44} ;
        L"keep it simple" + {56} ; L"qqweqeqeqeq" + {44} ; L"it" + {8} ;
        L"qq12345weqeqeqeq" + {64} ; L"it" + {8} ; L"qqweqeqeqeq" + {44} ;
        L"it" + {8} ; L"12345678901234567890" + {68; 72; 76; 80} ;
        L"aaaaaaaaaa" + {40} ; L"keep it simple" + {56} ;
        L"aaaaaaaaaa" + {40} ; L"keep it simple" + {56} ;
        L"keep it simple" + {56} ;
        L"aaaaaaaaaaaaaaaaaaaa" + {68; 72; 76; 80} ; L"aaaaaaaaaa" + {40} ;
        L"keep it simple" + {56} ; L"keep it simple" + {56} ;
        L"keep it simple" + {56} ; L"keep it simple" + {56} ;
        L"keep it simple" + {56} ; L"qqweqq" + {24} ;
        L"keep it simple" + {56} ; L"1234" + {16} ;
        L"keep it simple" + {56} ; L"1234" + {16} ;
        L"keep it simple" + {56} ; L"123456789123456789" + {68; 72} ;
        L"ABCDEFGHIJKLMNOP123456789" + {68; 72; 76; 80; 84; 88; 92; 96; 100} ;
        L"123" + {12} ; L"keep it simple" + {56} ; L"1234" + {16} ;
        L"56789" + {20} ; L"1234" + {16} ; L"56789" + {20} ;
        L"aaaaaaaaaa keep it simple" + {68; 72; 76; 80; 84; 88; 92; 96; 100} ;
        L"keep it simple" + {56} ; L"keep it simple" + {56} ;
        L"aaaaaaaaaaaaaaaaaaaa" + {68; 72; 76; 80} ; L"aaaaaaaaaa" + {40} ;
        L"keep it simple" + {56} ; L"aaaaaaaaaa" + {40} ;
        L"keep it simple" + {56} ; L"keep it simple" + {56} ;
        L"keep it simple" + {56} ; L"keep it simple" + {56} ;
        L"keep it simple" + {56} ; L"qqweqq" + {24} ;
        L"keep it simple" + {56} ; L"1234" + {16} ;
        L"keep it simple" + {56} ; L"1234" + {16} ;
        L"keep it simple" + {56} ;
        L"12345678901234567890" + {68; 72; 76; 80} ; L"1234" + {16} ;
        L"keep it simple" + {56} ; L"123456789" + {36} ;
        L"keep it simple" + {56} ; L"1234" + {16} ; L"56789" + {20} }}
  orig_dmax ∈ {2; 3; 6; 10; 14; 128; 256; 512} or UNINITIALIZED
  orig_dest ∈
           {{ &str1_11[0] ; &str2_11[0] ; &str1_12{[0], [13], [20]} ;
              &str2_12[0] ; &str1_13{[0], [8]} ; &str2_13[0] ;
              &str1_14{[0], [20]} ; &str2_14[0] }} or UNINITIALIZED
  overlap_bumper ∈
                {{ &str1_11[0] ; &str2_11[0] ; &str1_12{[0], [13], [20]} ;
                   &str2_12[0] ; &str1_13{[0], [5], [8]} ; &str2_13[0] ;
                   &str1_14{[0], [20]} ; &str2_14[0] ;
                   L"aaaaaaaaaaaaaaaaaaaaaaaaaaaaaaaaaaaaaaaa" ;
                   L"aaaaaaaaaaaaaaaaaaaaaaaaaaaaaaaaaaaaaaaa" ;
                   L"aaaaaaaaaaaaaaaaaaaaaaaaaaaaaaaaaaaaaaaa" ;
                   L"keep it simple" ; L"keep it simple" ;
                   L"aaaaaaaaaaaaaaaaaaaaaaaaaaaaaaaaaaaaaaaa" ;
                   L"keep it simple" ; L"keep it simple" ; L"xxxxxxxxxx" ;
                   L"abcde" ; L"qqweqeqeqeq" ; L"keep it simple" ;
                   L"qqweqeqeqeq" ; L"keep it simple" ; L"qqweqeqeqeq" ;
                   L"it" ; L"qq12345weqeqeqeq" ; L"it" ; L"qqweqeqeqeq" ;
                   L"it" ; L"12345678901234567890" ; L"aaaaaaaaaa" ;
                   L"keep it simple" ; L"aaaaaaaaaa" ; L"keep it simple" ;
                   L"keep it simple" ; L"aaaaaaaaaaaaaaaaaaaa" ;
                   L"aaaaaaaaaa" ; L"keep it simple" ; L"keep it simple" ;
                   L"keep it simple" ; L"keep it simple" ;
                   L"keep it simple" ; L"qqweqq" ; L"keep it simple" ;
                   L"1234" ; L"keep it simple" ; L"1234" ;
                   L"keep it simple" ; L"123456789123456789" ;
                   L"ABCDEFGHIJKLMNOP123456789" ; L"123" ;
                   L"keep it simple" ; L"1234" ; L"56789" ; L"1234" ;
                   L"56789" ; L"aaaaaaaaaa keep it simple" ;
                   L"keep it simple" ; L"keep it simple" ;
                   L"aaaaaaaaaaaaaaaaaaaa" ; L"aaaaaaaaaa" ;
                   L"keep it simple" ; L"aaaaaaaaaa" ; L"keep it simple" ;
                   L"keep it simple" ; L"keep it simple" ;
                   L"keep it simple" ; L"keep it simple" ; L"qqweqq" ;
                   L"keep it simple" ; L"1234" ; L"keep it simple" ;
                   L"1234" ; L"keep it simple" ; L"12345678901234567890" ;
                   L"1234" ; L"keep it simple" ; L"123456789" ;
                   L"keep it simple" ; L"1234" ; L"56789" }} or UNINITIALIZED
  str1_11[0] ∈ {97; 105; 107; 113; 120}
         [1] ∈ {97; 101; 113; 116; 120}
         [2] ∈ {0; 49; 97; 101; 119; 120}
         [3] ∈ {50; 97; 101; 112; 120}
         [4] ∈ {32; 51; 97; 113; 120}
         [5] ∈ {52; 97; 101; 105; 120}
         [6] ∈ {53; 97; 113; 116; 120}
         [7] ∈ {32; 97; 101; 119; 120}
         [8] ∈ {97; 101; 113; 115; 120}
         [9] ∈ {97; 101; 105; 113; 120}
         [10] ∈ {0; 97; 101; 109; 113}
         [11] ∈ {0; 97; 112; 113}
         [12] ∈ {97; 101; 108}
         [13] ∈ {97; 101; 113}
         [14] ∈ {0; 97; 101}
         [15] ∈ {97; 113}
         [16..127] ∈ {0; 97}
  str2_11[0] ∈ {0; 97; 105; 107; 113}
         [1] ∈ {0; 98; 101; 113; 116}
         [2] ∈ {0; 99; 101; 119}
         [3] ∈ {0; 100; 101; 112}
         [4] ∈ {0; 32; 101; 113}
         [5] ∈ {0; 101; 105}
         [6] ∈ {0; 113; 116}
         [7] ∈ {0; 32; 101}
         [8] ∈ {0; 113; 115}
         [9] ∈ {0; 101; 105}
         [10] ∈ {0; 109; 113}
         [11] ∈ {0; 112}
         [12] ∈ {0; 108}
         [13] ∈ {0; 101}
         [14..127] ∈ {0}
  str1_12[0] ∈ {0; 49; 53; 97; 107; 113}
         [1] ∈ {0; 50; 54; 97; 101; 113}
         [2] ∈ {0; 51; 55; 97; 101; 119}
         [3] ∈ {0; 52; 56; 97; 101; 112}
         [4] ∈ {0; 32; 53; 57; 97; 113}
         [5] ∈ {0; 54; 97; 105; 113}
         [6] ∈ {0; 55; 97; 107; 116}
         [7] ∈ {0; 32; 56; 97; 101}
         [8] ∈ {0; 57; 97; 101; 115}
         [9] ∈ {0; 48; 49; 97; 105; 112}
         [10] ∈ {0; 32; 49; 50; 107; 109}
         [11] ∈ {0; 50; 51; 101; 105; 112}
         [12] ∈ {0; 51; 52; 101; 108; 116}
         [13] ∈ {0; 32; 52; 53; 65; 101; 112}
         [14] ∈ {0; 32; 53; 54; 66; 97; 115}
         [15] ∈ {0; 54; 55; 67; 97; 105}
         [16] ∈ {0; 55; 56; 68; 97; 109; 116}
         [17] ∈ {0; 32; 48; 56; 57; 69; 97; 112}
         [18] ∈ {0; 48; 56; 57; 70; 97; 108; 115}
         [19] ∈ {0; 48; 56; 57; 71; 97; 101; 105}
         [20] ∈ {0; 48; 56; 57; 72; 97; 109}
         [21] ∈ {0; 48; 56; 57; 73; 97; 112}
         [22] ∈ {0; 74; 97; 108}
         [23] ∈ {0; 75; 97; 101}
         [24] ∈ {0; 76; 97}
         [25] ∈ {0; 77; 97}
         [26] ∈ {0; 78; 97}
         [27] ∈ {0; 79; 97}
         [28] ∈ {0; 80; 97}
         [29] ∈ {0; 49; 97}
         [30..33] ∈ [0..97]
         [34..38] ∈ {0} ∪ [49..57] ∪ {97}
         [39] ∈ [0..97]
         [40..41] ∈ {0} ∪ [49..57] ∪ {97}
         [42..127] ∈ {0} ∪ [49..57]
  str2_12[0] ∈ {0; 49; 107}
         [1] ∈ {0; 50; 101}
         [2] ∈ {0; 51; 101}
         [3] ∈ {0; 52; 112}
         [4] ∈ {0; 32; 53}
         [5] ∈ {0; 54; 101; 105}
         [6] ∈ {0; 55; 112; 116}
         [7] ∈ {0; 32; 56}
         [8] ∈ {0; 57; 105; 115}
         [9] ∈ {0; 105; 116}
         [10] ∈ {0; 32; 109}
         [11] ∈ {0; 112; 115}
         [12] ∈ {0; 105; 108}
         [13] ∈ {0; 101; 109}
         [14] ∈ {0; 49; 112}
         [15] ∈ {0; 50; 108}
         [16] ∈ {0; 51; 101}
         [17] ∈ {0; 52}
         [18..127] ∈ {0}
  str1_13[0..511] ∈ [--..--]
  str2_13[0..511] ∈ [--..--]
  str1_14[0] ∈ {0; 49; 53; 97; 107}
         [1] ∈ {0; 50; 54; 97; 101}
         [2] ∈ {0; 51; 55; 97; 101}
         [3] ∈ {0; 52; 56; 97; 112}
         [4] ∈ {0; 32; 53; 57; 97}
         [5] ∈ {0; 54; 97; 105}
         [6] ∈ {0; 55; 97; 116}
         [7] ∈ {0; 32; 56; 97}
         [8] ∈ {0; 57; 97; 115}
         [9] ∈ {0; 48; 97; 105}
         [10] ∈ {0; 32; 49; 107; 109}
         [11] ∈ {0; 50; 101; 107; 112}
         [12] ∈ {0; 51; 101; 108}
         [13] ∈ {0; 52; 101; 112}
         [14] ∈ {0; 32; 53; 97; 112}
         [15] ∈ {0; 32; 54; 97; 105}
         [16] ∈ {0; 55; 97; 105; 116}
         [17..20] ∈ [0..116]
         [21] ∈
         {0; 32} ∪ [48..57] ∪ {97; 101; 105; 108; 109; 112; 115; 116}
         [22] ∈
         {0; 32} ∪ [50..55] ∪ {97; 101; 105; 108; 109; 112; 115; 116}
         [23] ∈
         {0; 32} ∪ [51..55] ∪ {97; 101; 105; 108; 109; 112; 115; 116}
         [24] ∈
         {0; 32; 49} ∪ [52..55] ∪ {97; 101; 105; 108; 109; 112; 115; 116}
         [25] ∈
         {0; 32; 50} ∪ [52..55] ∪ {97; 101; 105; 108; 109; 112; 115; 116}
         [26] ∈
         {0; 32} ∪ [51..55] ∪ {97; 101; 105; 108; 109; 112; 115; 116}
         [27..30] ∈
         {0; 32} ∪ [52..55] ∪ {97; 101; 105; 108; 109; 112; 115; 116}
         [31..40] ∈ {0; 32; 97; 101; 105; 108; 109; 112; 115; 116}
         [41] ∈ [0..116]
         [42..127] ∈ {0; 32; 101; 105; 108; 109; 112; 115; 116}
  str2_14[0] ∈ {0; 49; 107; 113}
         [1] ∈ {0; 50; 101; 113}
         [2] ∈ {0; 51; 101; 119}
         [3] ∈ {0; 52; 101; 112}
         [4] ∈ {0; 32; 53; 113}
         [5] ∈ {0; 54; 105; 113}
         [6] ∈ {0; 55; 107; 116}
         [7] ∈ {0; 32; 56; 101}
         [8] ∈ {0; 57; 101; 115}
         [9] ∈ {0; 105; 107; 112}
         [10] ∈ {0; 32; 101; 109}
         [11] ∈ {0; 101; 105; 112}
         [12] ∈ {0; 108; 112; 116}
         [13] ∈ {0; 32; 101}
         [14] ∈ {0; 49; 105; 115}
         [15] ∈ {0; 50; 105; 116}
         [16] ∈ {0; 51; 109}
         [17] ∈ {0; 52; 112}
         [18] ∈ {0; 108}
         [19] ∈ {0; 101}
         [20..127] ∈ {0}
  __retres ∈ {0; 400; 401; 403; 404; 406}
[eva:final-states] Values at end of function wcsncat_s:
  dest_0 ∈
        {{ NULL ;
           &str1_14{[0], [1], [2], [11], [14], [20], [21], [22], [23], [24],
                    [25], [26], [27], [28], [29], [30], [31]} ;
           &str2_14{[9], [12], [14], [16], [18], [20]} }}
  dmax ∈ {0; 1; 6; 10; 26; 30} ∪ [104..115] ∪ {117; 128; 4097}
  src ∈
     {{ NULL ; &str1_14{[0], [2], [4], [5], [7], [11], [14], [20], [26]} ;
        &str2_14{[0], [1], [10], [14]} }}
  slen ∈ {0; 114} ∪ [121..128] ∪ {4097}
  orig_dmax ∈ {1; 2; 9; 12; 14; 16; 19; 20; 30; 50; 128} or UNINITIALIZED
  orig_dest ∈ {{ &str1_14{[0], [7]} ; &str2_14[0] }} or UNINITIALIZED
  overlap_bumper ∈
                {{ &str1_14{[0], [7], [11], [20]} ; &str2_14[0] }} or UNINITIALIZED
  str1_14[0] ∈ {0; 49; 53; 97; 107}
         [1] ∈ {0; 50; 54; 97; 101}
         [2] ∈ {0; 51; 55; 97; 101}
         [3] ∈ {0; 52; 56; 97; 112}
         [4] ∈ {0; 32; 53; 57; 97}
         [5] ∈ {0; 54; 97; 105}
         [6] ∈ {0; 55; 97; 116}
         [7] ∈ {0; 32; 97}
         [8] ∈ {0; 57; 97; 115}
         [9] ∈ {0; 48; 97; 105}
         [10] ∈ {0; 32; 49; 107; 109}
         [11] ∈ {0; 50; 101; 107; 112}
         [12] ∈ {0; 51; 101; 108}
         [13] ∈ {0; 52; 101; 112}
         [14] ∈ {0; 32; 53; 97; 112}
         [15] ∈ {0; 32; 54; 97; 105}
         [16] ∈ {0; 55; 97; 105; 116}
         [17..20] ∈ [0..116]
         [21] ∈
         {0; 32} ∪ [48..57] ∪ {97; 101; 105; 108; 109; 112; 115; 116}
         [22] ∈
         {0; 32} ∪ [50..55] ∪ {97; 101; 105; 108; 109; 112; 115; 116}
         [23] ∈
         {0; 32} ∪ [51..55] ∪ {97; 101; 105; 108; 109; 112; 115; 116}
         [24] ∈
         {0; 32; 49} ∪ [52..55] ∪ {97; 101; 105; 108; 109; 112; 115; 116}
         [25] ∈
         {0; 32; 50} ∪ [52..55] ∪ {97; 101; 105; 108; 109; 112; 115; 116}
         [26] ∈
         {0; 32} ∪ [51..55] ∪ {97; 101; 105; 108; 109; 112; 115; 116}
         [27..30] ∈
         {0; 32} ∪ [52..55] ∪ {97; 101; 105; 108; 109; 112; 115; 116}
         [31..40] ∈ {0; 32; 97; 101; 105; 108; 109; 112; 115; 116}
         [41] ∈ [0..116]
         [42..127] ∈ {0; 32; 101; 105; 108; 109; 112; 115; 116}
  str2_14[0] ∈ {0; 49; 107; 113}
         [1] ∈ {0; 50; 101; 113}
         [2] ∈ {0; 51; 101; 119}
         [3] ∈ {0; 52; 101; 112}
         [4] ∈ {0; 32; 53; 113}
         [5] ∈ {0; 54; 105; 113}
         [6] ∈ {0; 55; 107; 116}
         [7] ∈ {0; 32; 56; 101}
         [8] ∈ {0; 57; 101; 115}
         [9] ∈ {0; 105; 107; 112}
         [10] ∈ {0; 32; 101; 109}
         [11] ∈ {0; 101; 105; 112}
         [12] ∈ {0; 108; 112; 116}
         [13] ∈ {0; 32; 101}
         [14] ∈ {0; 49; 105; 115}
         [15] ∈ {0; 50; 105; 116}
         [16] ∈ {0; 51; 109}
         [17] ∈ {0; 52; 112}
         [18] ∈ {0; 108}
         [19] ∈ {0; 101}
         [20..127] ∈ {0}
  __retres ∈ {0; 400; 401; 403; 404; 406; 407}
[eva:final-states] Values at end of function wcsncpy_s:
  dest_0 ∈ {{ NULL ; &str1_15 + [0..2048],0%4 ; &str2_15 + [0..2048],0%4 }}
  dmax ∈ [--..--]
  src ∈ {{ NULL ; &str1_15 + [0..2048],0%4 ; &str2_15 + [0..2048],0%4 }}
  slen ∈ [0..4097]
  orig_dmax ∈ [1..18446744073709551614] or UNINITIALIZED
  orig_dest ∈ {{ &str1_15{[0], [5]} ; &str2_15[0] }} or UNINITIALIZED
  overlap_bumper ∈ {{ &str1_15{[0], [5]} ; &str2_15[0] }} or UNINITIALIZED
  str1_15[0..511] ∈ [--..--]
  str2_15[0..511] ∈ [--..--]
  __retres ∈ {0; 400; 401; 403; 404; 406}
[eva:final-states] Values at end of function wcsnlen_s:
  dest_0 ∈
        {{ NULL ; &str1_11 + [8..508],0%4 ; &str2_11{[2], [11], [14]} ;
           &str1_12 + [40..508],0%4 ; &str2_12[14] ;
           &str1_13 + [0..2044],0%4 ; &str2_13 + [0..2044],0%4 ;
           &str1_14 + [40..508],0%4 ; &str2_14[14] ;
           &str1_15 + [0..2044],0%4 ; &str2_15 + [0..2044],0%4 ;
           &str1_16 + [0..2044],0%4 }}
  dmax ∈ [0..4097]
  count ∈ [0..511] or UNINITIALIZED
  __retres ∈ [0..511]
[eva:final-states] Values at end of function test_wcpcpy_s:
  ret ∈ {0}
  rc ∈ {406}
  ind ∈ {0}
  sz ∈ {11}
  testno ∈ {17}
  str1_11[0] ∈ {105}
         [1] ∈ {116}
         [2] ∈ {0}
         [3] ∈ {50}
         [4] ∈ {51}
         [5] ∈ {52}
         [6] ∈ {53}
         [7] ∈ {119}
         [8] ∈ {101}
         [9] ∈ {113}
         [10] ∈ {101}
         [11] ∈ {113}
         [12] ∈ {101}
         [13] ∈ {113}
         [14] ∈ {101}
         [15] ∈ {113}
         [16] ∈ {0}
         [17..127] ∈ {0; 97}
  str2_11[0] ∈ {0}
         [1] ∈ {116}
         [2] ∈ {119}
         [3] ∈ {101}
         [4] ∈ {113}
         [5] ∈ {101}
         [6] ∈ {113}
         [7] ∈ {101}
         [8] ∈ {113}
         [9] ∈ {101}
         [10] ∈ {113}
         [11] ∈ {0}
         [12] ∈ {108}
         [13] ∈ {101}
         [14..127] ∈ {0}
  __retres ∈ {0}
  S___fc_stdout[0].__fc_FILE_id ∈ [--..--]
               [0].__fc_FILE_data ∈
               {{ garbled mix of &{str1_8}
                (origin: Library function) }} or ESCAPINGADDR
               [1] ∈ [--..--]
[eva:final-states] Values at end of function test_wcscat_s:
  rc ∈ {406}
  ind ∈ {-1; 0; 1}
  len1 ∈ {10}
  len2 ∈ {14}
  len3 ∈ [18..127]
  testno ∈ {21}
  str1_12[0] ∈ {53}
         [1] ∈ {54}
         [2] ∈ {55}
         [3] ∈ {56}
         [4] ∈ {57}
         [5] ∈ {0}
         [6] ∈ {116}
         [7] ∈ {32}
         [8] ∈ {115}
         [9] ∈ {105}
         [10] ∈ {109}
         [11] ∈ {112}
         [12] ∈ {108}
         [13] ∈ {101}
         [14] ∈ {0}
         [15] ∈ {67}
         [16] ∈ {68}
         [17] ∈ {69}
         [18] ∈ {70}
         [19] ∈ {71}
         [20] ∈ {72}
         [21] ∈ {73}
         [22] ∈ {74}
         [23] ∈ {75}
         [24] ∈ {76}
         [25] ∈ {77}
         [26] ∈ {78}
         [27] ∈ {79}
         [28] ∈ {80}
         [29] ∈ {49}
         [30..33] ∈ [0..97]
         [34..38] ∈ {0} ∪ [49..57] ∪ {97}
         [39] ∈ [0..97]
         [40..41] ∈ {0} ∪ [49..57] ∪ {97}
         [42..127] ∈ {0} ∪ [49..57]
  str2_12[0] ∈ {0}
         [1] ∈ {50}
         [2] ∈ {51}
         [3] ∈ {52}
         [4] ∈ {53}
         [5] ∈ {54}
         [6] ∈ {55}
         [7] ∈ {56}
         [8] ∈ {57}
         [9] ∈ {0}
         [10] ∈ {32}
         [11] ∈ {115}
         [12] ∈ {105}
         [13] ∈ {109}
         [14] ∈ {112}
         [15] ∈ {108}
         [16] ∈ {101}
         [17..127] ∈ {0}
  __retres ∈ {0}
  S___fc_stdout[0].__fc_FILE_id ∈ [--..--]
               [0].__fc_FILE_data ∈
               {{ garbled mix of &{str1_8}
                (origin: Library function) }} or ESCAPINGADDR
               [1] ∈ [--..--]
[eva:final-states] Values at end of function test_wcsncat_s:
  rc ∈ {406}
  ind ∈ {-1; 0; 1}
  len1 ∈ {10}
  len2 ∈ {14}
  len3 ∈ [18..127]
  testno ∈ {22}
  str1_14[0] ∈ {53}
         [1] ∈ {54}
         [2] ∈ {55}
         [3] ∈ {56}
         [4] ∈ {57}
         [5] ∈ {0}
         [6] ∈ {116}
         [7] ∈ {32}
         [8] ∈ {115}
         [9] ∈ {105}
         [10] ∈ {109}
         [11] ∈ {112}
         [12] ∈ {108}
         [13] ∈ {101}
         [14] ∈ {0}
         [15] ∈ {54}
         [16] ∈ {55}
         [17] ∈ {32; 48; 49; 56; 57}
         [18] ∈ {48; 49; 50; 56; 57; 115}
         [19] ∈ {0; 48; 49; 50; 51; 56; 57; 105}
         [20] ∈ {0} ∪ [48..57] ∪ {109}
         [21] ∈ {0} ∪ [48..57] ∪ {112}
         [22] ∈ {50; 51; 52; 53; 54; 55; 108}
         [23] ∈ {51; 52; 53; 54; 55; 101}
         [24] ∈ {0; 49; 52; 53; 54; 55}
         [25] ∈ {50; 52; 53; 54; 55; 97}
         [26] ∈ {51; 52; 53; 54; 55; 97}
         [27..30] ∈ {52; 53; 54; 55; 97}
         [31..36] ∈ {97}
         [37..40] ∈ {0; 32; 97; 101; 105; 108; 109; 112; 115; 116}
         [41] ∈ [0..116]
         [42..127] ∈ {0; 32; 101; 105; 108; 109; 112; 115; 116}
  str2_14[0] ∈ {0}
         [1] ∈ {50}
         [2] ∈ {51}
         [3] ∈ {52}
         [4] ∈ {53}
         [5] ∈ {54}
         [6] ∈ {55}
         [7] ∈ {56}
         [8] ∈ {57}
         [9] ∈ {107}
         [10..11] ∈ {101}
         [12] ∈ {112}
         [13] ∈ {32}
         [14] ∈ {105}
         [15] ∈ {116}
         [16] ∈ {0}
         [17] ∈ {52}
         [18] ∈ {0}
         [19] ∈ {101}
         [20..127] ∈ {0}
  __retres ∈ {0}
  S___fc_stdout[0].__fc_FILE_id ∈ [--..--]
               [0].__fc_FILE_data ∈
               {{ garbled mix of &{str1_8}
                (origin: Library function) }} or ESCAPINGADDR
               [1] ∈ [--..--]
[eva:final-states] Values at end of function wmemcmp_s:
  dest_0 ∈ {{ NULL ; &mem1_6 + [0..512],0%4 ; &mem2_4[10] }}
  dmax ∈ [0..268435457]
  src ∈ {{ NULL ; &mem1_6[10] ; &mem2_4 + [0..512],0%4 }}
  smax ∈ [0..268435457]
  ind ∈ [-119..122]
  __retres ∈ {0; 400; 401; 403}
[eva:final-states] Values at end of function test_wmemcmp_s:
  rc ∈ {0}
  len ∈ {2}
  ind ∈ [-119..122]
  i ∈ {128}
  mem1_6[0] ∈ {0}
        [1] ∈ {1}
        [2] ∈ {2}
        [3] ∈ {3}
        [4] ∈ {4}
        [5] ∈ {5}
        [6] ∈ {6}
        [7] ∈ {7}
        [8..127] ∈ [8..127]
  mem2_4[0] ∈ {0}
        [1] ∈ {1}
        [2] ∈ {2}
        [3] ∈ {3}
        [4] ∈ {4}
        [5] ∈ {5}
        [6] ∈ {6}
        [7] ∈ {7}
        [8] ∈ {8}
        [9] ∈ {9}
        [10] ∈ {10}
        [11] ∈ {11}
        [12] ∈ {12}
        [13] ∈ {13}
        [14] ∈ {14}
        [15] ∈ {15}
        [16] ∈ {16}
        [17..117] ∈ [5..127]
        [118..126] ∈ [17..127]
        [127] ∈ [16..127]
  testno ∈ {16}
  __retres ∈ {0}
  S___fc_stdout[0].__fc_FILE_id ∈ [--..--]
               [0].__fc_FILE_data ∈
               {{ garbled mix of &{str1_8}
                (origin: Library function) }} or ESCAPINGADDR
               [1] ∈ [--..--]
[eva:final-states] Values at end of function wmemcpy_s:
  Frama_C_entropy_source ∈ [--..--]
  dp ∈
    {{ NULL ; &str1_13[0] ; &str2_13[0] ; &str1_15[0] ; &str2_15[0] ;
       &str1_16[0] ; &mem1_3{[0], [10], [25]} }}
  sp ∈
    {{ NULL ; &mem1_3{[0], [10], [20]} ; &mem2_2[0] ; L"aaaaa" ;
       L"aaaaaaaaaaaaaaaaaaaaaaaaaaaaaaaaaaaaaaaa" ;
       L"aaaaaaaaaaaaaaaaaaaaaaaaaaaaaaaaaaaaaaaa" ;
       L"keep it simple--keep it simple--keep it simple" ;
       L"keep it simple--keep it simple--keep it simple" ;
       L"aaaaaaaaaaaaaaaaaaaaaaaaaaaaaaaaaaaaaaaa" ;
       L"keep it simple--keep it simple--keep it simple" ;
       L"keep it simple--keep it simple--keep it simple" ;
       L"keep it simple" ; L"keep it simple" ; L"keep it simple" ; L"it" ;
       L"qqweqeqeqeq" ; L"qq12345weqeqeqeq" ; L"it" ; L"it" ;
       L"qqweqeqeqeq" ; L"aaaaa" ;
       L"aaaaaaaaaaaaaaaaaaaaaaaaaaaaaaaaaaaaaaaa" ;
       L"aaaaaaaaaaaaaaaaaaaaaaaaaaaaaaaaaaaaaaaa" ;
       L"keep it simple--keep it simple--keep it simple" ;
       L"keep it simple--keep it simple--keep it simple" ;
       L"keep it simple--keep it simple--keep it simple" ;
       L"aaaaaaaaaaaaaaaaaaaaaaaaaaaaaaaaaaaaaaaa" ;
       L"keep it simple--keep it simple--keep it simple" ;
       L"keep it simple--keep it simple--keep it simple" ;
       L"keep it simple--keep it simple--keep it simple" ;
       L"keep it simple" ; L"it" ; L"qqweqeqeqeq" ; L"it" ; L"qqweqeqeqeq" ;
       L"aaaaaaaaaaaaaaaaaaaaaaaaaaaaaaaaaaaaaaaa" ;
       L"aaaaaaaaaaaaaaaaaaaaaaaaaaaaaaaaaaaaaaaa" ; L"12" }}
  str1_13[0..511] ∈ [--..--]
  str2_13[0..511] ∈ [--..--]
  str1_15[0..511] ∈ [--..--]
  str2_15[0..511] ∈ [--..--]
  str1_16[0] ∈ [--..--]
         [1][bits 0 to 7] ∈ {0; 50; 97}
         [1][bits 8 to 15]# ∈ {0; 416611827809}%64, bits 8 to 15 
         [1][bits 16 to 23]# ∈ {0; 12800}%32, bits 24 to 31 
         [1][bits 24 to 31]# ∈ {0; 50}%32, bits 24 to 31 
         [2][bits 0 to 7]# ∈ {0; 416611827809}%64, bits 32 to 39 
         [2][bits 8 to 15]# ∈ {0; 416611827809}%64, bits 40 to 47 
         [2][bits 16 to 23]# ∈ {0; 416611827809}%64, bits 48 to 55 
         [2][bits 24 to 31]# ∈ {0; 416611827809}%64, bits 56 to 63 
         [3..511] ∈ [--..--]
  mem1_3[0..1025] ∈ [--..--]
  __retres ∈ {0; 400; 401; 403; 404}
[eva:final-states] Values at end of function test_wmemcpy_s:
  Frama_C_entropy_source ∈ [--..--]
  rc ∈ {0; 404}
  i ∈ {512; 1024}
  len ∈ {5}
  testno ∈ {18}
  mem1_3[0..1025] ∈ [--..--]
  mem2_2[0..16] ∈ {55}
        [17..1023] ∈ {0; 44; 55; 65}
        [1024..1025] ∈ {0}
  __retres ∈ {0}
  S___fc_stdout[0].__fc_FILE_id ∈ [--..--]
               [0].__fc_FILE_data ∈
               {{ garbled mix of &{str1_8}
                (origin: Library function) }} or ESCAPINGADDR
               [1] ∈ [--..--]
[eva:final-states] Values at end of function wmemmove_s:
  Frama_C_entropy_source ∈ [--..--]
  dp ∈ {{ NULL ; &mem1_4 + {0; 1; 2; 40; 100} }}
  sp ∈ {{ NULL ; &mem1_4{[0], [10], [20]} ; &mem2_3[0] }}
  mem1_4[0..1025] ∈ [--..--]
  __retres ∈ {0; 400; 401; 403}
[eva:final-states] Values at end of function test_wmemmove_s:
  Frama_C_entropy_source ∈ [--..--]
  rc ∈ {0}
  i ∈ {10}
  len ∈ {5}
  testno ∈ {19}
  mem1_4[0..1025] ∈ [--..--]
  mem2_3[0..16] ∈ {55}
        [17..1023] ∈ {0; 44; 55}
        [1024..1025] ∈ {0}
  __retres ∈ {0}
  S___fc_stdout[0].__fc_FILE_id ∈ [--..--]
               [0].__fc_FILE_data ∈
               {{ garbled mix of &{str1_8}
                (origin: Library function) }} or ESCAPINGADDR
               [1] ∈ [--..--]
[eva:final-states] Values at end of function wmemset_s:
  str1_13[0..511] ∈ [--..--]
  str1_15[0..511] ∈ [--..--]
  str2_15[0..511] ∈ [--..--]
  str1_16[0] ∈ [--..--]
         [1][bits 0 to 7] ∈ {0; 50}
         [1][bits 8 to 15] ∈ {0}
         [1][bits 16 to 23]# ∈ {0; 12800}%32, bits 24 to 31 
         [1][bits 24 to 31]# ∈ {0; 50}%32, bits 24 to 31 
         [2..41] ∈ {0}
         [42..511] ∈ [--..--]
  mem1_5[0] ∈ {0; 3; 34; 65}
        [1..11] ∈ {0; 3; 34; 65; 99}
        [12..30] ∈ {0; 3; 65; 99}
        [31..132] ∈ {0; 65; 99}
        [133..255] ∈ {0; 99}
  __retres ∈ {0; 400; 401; 403}
[eva:final-states] Values at end of function test_wcscpy_s:
  Frama_C_entropy_source ∈ [--..--]
  rc ∈ {0; 406}
  ind ∈ {-1; 0; 1}
  sz ∈ [0..511]
  sz_orig ∈ [0..511]
  testno ∈ {17}
  str1_13[0..511] ∈ [--..--]
  str2_13[0..511] ∈ [--..--]
  __retres ∈ {0}
  S___fc_stdout[0].__fc_FILE_id ∈ [--..--]
               [0].__fc_FILE_data ∈
               {{ garbled mix of &{str1_8}
                (origin: Library function) }} or ESCAPINGADDR
               [1] ∈ [--..--]
[eva:final-states] Values at end of function test_wcsncpy_s:
  Frama_C_entropy_source ∈ [--..--]
  rc ∈ {0; 406}
  ind ∈ {-1; 0; 1}
  sz ∈ [0..511]
  sz_orig ∈ [0..511]
  testno ∈ {18}
  str1_15[0..511] ∈ [--..--]
  str2_15[0..511] ∈ [--..--]
  __retres ∈ {0}
  S___fc_stdout[0].__fc_FILE_id ∈ [--..--]
               [0].__fc_FILE_data ∈
               {{ garbled mix of &{str1_8}
                (origin: Library function) }} or ESCAPINGADDR
               [1] ∈ [--..--]
[eva:final-states] Values at end of function test_wcsnlen_s:
  Frama_C_entropy_source ∈ [--..--]
  rc ∈ {0; 2}
  testno ∈ {7}
  str1_16[0] ∈ [--..--]
         [1][bits 0 to 7] ∈ {0; 50}
         [1][bits 8 to 15] ∈ {0}
         [1][bits 16 to 23]# ∈ {0; 12800}%32, bits 24 to 31 
         [1][bits 24 to 31]# ∈ {0; 50}%32, bits 24 to 31 
         [2..41] ∈ {0}
         [42..511] ∈ [--..--]
  __retres ∈ {0}
  S___fc_stdout[0].__fc_FILE_id ∈ [--..--]
               [0].__fc_FILE_data ∈
               {{ garbled mix of &{str1_8}
                (origin: Library function) }} or ESCAPINGADDR
               [1] ∈ [--..--]
[eva:final-states] Values at end of function test_wmemset_s:
  rc ∈ {0}
  len ∈ {133}
  i ∈ [133..255]
  testno ∈ {8}
  value ∈ {65}
  mem1_5[0..132] ∈ {65}
        [133..255] ∈ {0; 99}
  __retres ∈ {0}
  S___fc_stdout[0].__fc_FILE_id ∈ [--..--]
               [0].__fc_FILE_data ∈
               {{ garbled mix of &{str1_8}
                (origin: Library function) }} or ESCAPINGADDR
               [1] ∈ [--..--]
[eva:final-states] Values at end of function main:
  Frama_C_entropy_source ∈ [--..--]
  dest_0[0] ∈ {84}
        [1] ∈ {104}
        [2] ∈ {105}
        [3] ∈ {115}
        [4] ∈ {32}
        [5] ∈ {105}
        [6] ∈ {115}
        [7] ∈ {32}
        [8] ∈ {97}
        [9] ∈ {32}
        [10] ∈ {99}
        [11] ∈ {104}
        [12] ∈ {97}
        [13] ∈ {114}
        [14] ∈ {32}
        [15] ∈ {97}
        [16] ∈ {114}
        [17..19] ∈ {0; 97; 114; 121} or UNINITIALIZED
        [20..22] ∈ {46}
        [23] ∈ {65}
        [24] ∈ {110}
        [25] ∈ {100}
        [26] ∈ {32}
        [27] ∈ {97}
        [28] ∈ {110}
        [29] ∈ {111}
        [30] ∈ {116}
        [31] ∈ {104}
        [32] ∈ {101}
        [33] ∈ {114}
        [34] ∈ {32}
        [35] ∈ {111}
        [36] ∈ {110}
        [37..40] ∈ {0; 46; 101} or UNINITIALIZED
        [41..127] ∈ UNINITIALIZED
  src[0..127] ∈ [--..--] or UNINITIALIZED
  dmax ∈ {128}
  smax ∈ {21}
  err ∈ [--..--]
  str[0] ∈ {84}
     [1] ∈ {104}
     [2] ∈ {105}
     [3] ∈ {115}
     [4] ∈ {32}
     [5] ∈ {105}
     [6] ∈ {115}
     [7] ∈ {32}
     [8] ∈ {97}
     [9] ∈ {32}
     [10] ∈ {99}
     [11] ∈ {104}
     [12] ∈ {97}
     [13] ∈ {114}
     [14] ∈ {32}
     [15] ∈ {97}
     [16..17] ∈ {114}
     [18] ∈ {97}
     [19] ∈ {121}
     [20] ∈ {0}
  str2_16[0..2] ∈ {46}
         [3] ∈ {65}
         [4] ∈ {110}
         [5] ∈ {100}
         [6] ∈ {32}
         [7] ∈ {97}
         [8] ∈ {110}
         [9] ∈ {111}
         [10] ∈ {116}
         [11] ∈ {104}
         [12] ∈ {101}
         [13] ∈ {114}
         [14] ∈ {32}
         [15] ∈ {111}
         [16] ∈ {110}
         [17] ∈ {101}
         [18] ∈ {46}
         [19] ∈ {0}
  indicator ∈ [-249..127]
  ret ∈ {{ &dest_0{[37], [38], [39]} }}
  val ∈ {55}
  mem1[0..127] ∈ {55}
  mem2[0..15] ∈ {55}
      [16..47] ∈ {65}
      [48..127] ∈ {55}
  mem1_0[0..1025] ∈ [--..--]
  mem2_0[0..16] ∈ {55}
        [17..1023] ∈ {0; 44; 55; 65}
        [1024..1025] ∈ {0}
  mem1_1[0..8] ∈ {25}
        [9..12] ∈ {25; 35}
        [bits 104 to 135] ∈
        {421075225; 421075235; 421077785; 421077795; 421730585; 421730595;
         421733145; 421733155; 588847385; 588847395; 588849945; 588849955;
         589502745; 589502755; 589505305; 589505315}
        [bits 136 to 151] ∈ {6425; 6435; 8985; 8995}
        [19..21] ∈ {25; 35}
        [22] ∈ {35}
        [bits 184 to 215] ∈ {589505315}
        [27..29] ∈ {35}
        [30..1023] ∈ [--..--]
  mem2_1[0..9] ∈ {25}
        [10..26] ∈ {35}
        [27..1013] ∈ {0; 25; 35; 44}
        [1014..1023] ∈ {0; 25; 44}
  mem1_2[0..1] ∈ {34}
        [2..255] ∈ [--..--]
  str1[0..40] ∈ [--..--]
      [41..127] ∈ {0}
  str2[0..16] ∈ [--..--]
      [17..127] ∈ {0}
  str1_0[0..127] ∈ [--..--]
  str2_0[0..14] ∈ [--..--]
        [15..127] ∈ {0}
  str1_1[0..18] ∈ [--..--]
        [19..127] ∈ {0}
  str2_1[0..14] ∈ [--..--]
        [15..127] ∈ {0}
  str1_2[0..127] ∈ [--..--]
  str2_2[0..127] ∈ [--..--]
  str1_3[0..18] ∈ [--..--]
        [19..127] ∈ {0}
  str2_3[0..18] ∈ [--..--]
        [19..127] ∈ {0}
  str1_4[0..40] ∈ [--..--]
        [41..127] ∈ {0}
  str2_4[0..14] ∈ [--..--]
        [15..127] ∈ {0}
  str1_5[0..14] ∈ [--..--]
        [15..127] ∈ {0}
  str2_5[0..11] ∈ [--..--]
        [12..127] ∈ {0}
  str1_6[0..127] ∈ [--..--]
  str2_6[0..14] ∈ [--..--]
        [15..127] ∈ {0}
  str1_7[0..40] ∈ [--..--]
        [41..127] ∈ {0}
  str2_7[0..39] ∈ [--..--]
        [40..127] ∈ {0}
  dest[0..28] ∈ [--..--]
      [29..127] ∈ {0}
  str1_8[0..15] ∈ [--..--]
        [16..127] ∈ {0}
  str2_8[0..6] ∈ [--..--]
        [7..127] ∈ {0}
  str1_9[0..14] ∈ [--..--]
        [15..127] ∈ {0}
  str2_9[0..11] ∈ [--..--]
        [12..127] ∈ {0}
  str1_10[0..20] ∈ [--..--]
         [21..127] ∈ {0}
  str2_10[0..6] ∈ [--..--]
         [7..127] ∈ {0}
  str1_11[0] ∈ {105}
         [1] ∈ {116}
         [2] ∈ {0}
         [3] ∈ {50}
         [4] ∈ {51}
         [5] ∈ {52}
         [6] ∈ {53}
         [7] ∈ {119}
         [8] ∈ {101}
         [9] ∈ {113}
         [10] ∈ {101}
         [11] ∈ {113}
         [12] ∈ {101}
         [13] ∈ {113}
         [14] ∈ {101}
         [15] ∈ {113}
         [16] ∈ {0}
         [17..127] ∈ {0; 97}
  str2_11[0] ∈ {0}
         [1] ∈ {116}
         [2] ∈ {119}
         [3] ∈ {101}
         [4] ∈ {113}
         [5] ∈ {101}
         [6] ∈ {113}
         [7] ∈ {101}
         [8] ∈ {113}
         [9] ∈ {101}
         [10] ∈ {113}
         [11] ∈ {0}
         [12] ∈ {108}
         [13] ∈ {101}
         [14..127] ∈ {0}
  str1_12[0] ∈ {53}
         [1] ∈ {54}
         [2] ∈ {55}
         [3] ∈ {56}
         [4] ∈ {57}
         [5] ∈ {0}
         [6] ∈ {116}
         [7] ∈ {32}
         [8] ∈ {115}
         [9] ∈ {105}
         [10] ∈ {109}
         [11] ∈ {112}
         [12] ∈ {108}
         [13] ∈ {101}
         [14] ∈ {0}
         [15] ∈ {67}
         [16] ∈ {68}
         [17] ∈ {69}
         [18] ∈ {70}
         [19] ∈ {71}
         [20] ∈ {72}
         [21] ∈ {73}
         [22] ∈ {74}
         [23] ∈ {75}
         [24] ∈ {76}
         [25] ∈ {77}
         [26] ∈ {78}
         [27] ∈ {79}
         [28] ∈ {80}
         [29] ∈ {49}
         [30..33] ∈ [0..97]
         [34..38] ∈ {0} ∪ [49..57] ∪ {97}
         [39] ∈ [0..97]
         [40..41] ∈ {0} ∪ [49..57] ∪ {97}
         [42..127] ∈ {0} ∪ [49..57]
  str2_12[0] ∈ {0}
         [1] ∈ {50}
         [2] ∈ {51}
         [3] ∈ {52}
         [4] ∈ {53}
         [5] ∈ {54}
         [6] ∈ {55}
         [7] ∈ {56}
         [8] ∈ {57}
         [9] ∈ {0}
         [10] ∈ {32}
         [11] ∈ {115}
         [12] ∈ {105}
         [13] ∈ {109}
         [14] ∈ {112}
         [15] ∈ {108}
         [16] ∈ {101}
         [17..127] ∈ {0}
  str1_13[0..511] ∈ [--..--]
  str2_13[0..511] ∈ [--..--]
  str1_14[0] ∈ {53}
         [1] ∈ {54}
         [2] ∈ {55}
         [3] ∈ {56}
         [4] ∈ {57}
         [5] ∈ {0}
         [6] ∈ {116}
         [7] ∈ {32}
         [8] ∈ {115}
         [9] ∈ {105}
         [10] ∈ {109}
         [11] ∈ {112}
         [12] ∈ {108}
         [13] ∈ {101}
         [14] ∈ {0}
         [15] ∈ {54}
         [16] ∈ {55}
         [17] ∈ {32; 48; 49; 56; 57}
         [18] ∈ {48; 49; 50; 56; 57; 115}
         [19] ∈ {0; 48; 49; 50; 51; 56; 57; 105}
         [20] ∈ {0} ∪ [48..57] ∪ {109}
         [21] ∈ {0} ∪ [48..57] ∪ {112}
         [22] ∈ {50; 51; 52; 53; 54; 55; 108}
         [23] ∈ {51; 52; 53; 54; 55; 101}
         [24] ∈ {0; 49; 52; 53; 54; 55}
         [25] ∈ {50; 52; 53; 54; 55; 97}
         [26] ∈ {51; 52; 53; 54; 55; 97}
         [27..30] ∈ {52; 53; 54; 55; 97}
         [31..36] ∈ {97}
         [37..40] ∈ {0; 32; 97; 101; 105; 108; 109; 112; 115; 116}
         [41] ∈ [0..116]
         [42..127] ∈ {0; 32; 101; 105; 108; 109; 112; 115; 116}
  str2_14[0] ∈ {0}
         [1] ∈ {50}
         [2] ∈ {51}
         [3] ∈ {52}
         [4] ∈ {53}
         [5] ∈ {54}
         [6] ∈ {55}
         [7] ∈ {56}
         [8] ∈ {57}
         [9] ∈ {107}
         [10..11] ∈ {101}
         [12] ∈ {112}
         [13] ∈ {32}
         [14] ∈ {105}
         [15] ∈ {116}
         [16] ∈ {0}
         [17] ∈ {52}
         [18] ∈ {0}
         [19] ∈ {101}
         [20..127] ∈ {0}
  str1_15[0..511] ∈ [--..--]
  str2_15[0..511] ∈ [--..--]
  str1_16[0] ∈ [--..--]
         [1][bits 0 to 7] ∈ {0; 50}
         [1][bits 8 to 15] ∈ {0}
         [1][bits 16 to 23]# ∈ {0; 12800}%32, bits 24 to 31 
         [1][bits 24 to 31]# ∈ {0; 50}%32, bits 24 to 31 
         [2..41] ∈ {0}
         [42..511] ∈ [--..--]
  mem1_3[0..1025] ∈ [--..--]
  mem2_2[0..16] ∈ {55}
        [17..1023] ∈ {0; 44; 55; 65}
        [1024..1025] ∈ {0}
  mem1_4[0..1025] ∈ [--..--]
  mem2_3[0..16] ∈ {55}
        [17..1023] ∈ {0; 44; 55}
        [1024..1025] ∈ {0}
  mem1_5[0..132] ∈ {65}
        [133..255] ∈ {0; 99}
  __retres ∈ {0}
  S___fc_stdout[0].__fc_FILE_id ∈
               {{ garbled mix of &{str1_8} (origin: Misaligned) }}
               [0].__fc_FILE_data ∈
               {{ garbled mix of &{str1_8}
                (origin: Misaligned) }} or ESCAPINGADDR
               [1] ∈ [--..--]
[eva:summary] ====== ANALYSIS SUMMARY ======
  ----------------------------------------------------------------------------
  154 functions analyzed (out of 246): 62% coverage.
  In these functions, 12071 statements reached (out of 13029): 92% coverage.
  ----------------------------------------------------------------------------
  Some errors and warnings have been raised during the analysis:
    by the Eva analyzer:      0 errors    3 warnings
    by the Frama-C kernel:    0 errors    9 warnings
  ----------------------------------------------------------------------------
  393 alarms generated by the analysis:
     223 accesses to uninitialized left-values
     102 invalid memory accesses
      12 integer overflows
      56 others
  ----------------------------------------------------------------------------
  Evaluation of the logical properties reached by the analysis:
    Assertions        0 valid     0 unknown     0 invalid      0 total
    Preconditions  2980 valid   209 unknown     2 invalid   3191 total
  93% of the logical properties reached have been proven.
  ----------------------------------------------------------------------------
120.96user 5.28system 2:06.25elapsed 99%CPU (0avgtext+0avgdata 2643268maxresident)k
0inputs+309504outputs (0major+994724minor)pagefaults 0swaps
