[kernel] Parsing stubs.c (with preprocessing)
[kernel] Parsing examples/example1.c (with preprocessing)
[kernel] Parsing miniz.c (with preprocessing)
[kernel] Parsing miniz_tdef.c (with preprocessing)
[kernel] Parsing miniz_tinfl.c (with preprocessing)
[eva] Splitting return states on:
  \return(Frama_C_nondet_ptr) == 0 (auto)
  \return(Frama_C_malloc_fresh) == 0 (auto)
  \return(tmpfile) == 0 (auto)
  \return(tmpnam) == 0 (auto)
  \return(fopen) == 0 (auto)
  \return(fdopen) == 0 (auto)
  \return(freopen) == 0 (auto)
  \return(fgets) == 0 (auto)
  \return(gets) == 0 (auto)
  \return(popen) == 0 (auto)
  \return(fmemopen) == 0 (auto)
  \return(signal) == 0 (auto)
  \return(asctime) == 0 (auto)
  \return(ctime) == 0 (auto)
  \return(gmtime) == 0 (auto)
  \return(localtime) == 0 (auto)
  \return(gmtime_r) == 0 (auto)
  \return(localtime_r) == 0 (auto)
  \return(mz_version) == 0 (auto)
  \return(mz_deflateInit) == 0, 1 (auto)
  \return(mz_deflate) == 0, 1 (auto)
  \return(mz_compress) == 0 (auto)
  \return(mz_inflateInit) == -5, 0, 1 (auto)
  \return(mz_inflate) == -5, 0, 1 (auto)
  \return(mz_uncompress) == 0 (auto)
  \return(mz_error) == 0 (auto)
  \return(seed48) == 0 (auto)
  \return(calloc) == 0 (auto)
  \return(malloc) == 0 (auto)
  \return(realloc) == 0 (auto)
  \return(reallocarray) == 0 (auto)
  \return(getenv) == 0 (auto)
  \return(bsearch) == 0 (auto)
  \return(memcmp) == 0 (auto)
  \return(memchr) == 0 (auto)
  \return(memcpy) == 0 (auto)
  \return(mempcpy) == 0 (auto)
  \return(memmove) == 0 (auto)
  \return(memset) == 0 (auto)
  \return(strchr) == 0 (auto)
  \return(strchrnul) == 0 (auto)
  \return(strrchr) == 0 (auto)
  \return(strpbrk) == 0 (auto)
  \return(strstr) == 0 (auto)
  \return(strcasestr) == 0 (auto)
  \return(strtok) == 0 (auto)
  \return(strtok_r) == 0 (auto)
  \return(strsep) == 0 (auto)
  \return(strerror) == 0 (auto)
  \return(strcpy) == 0 (auto)
  \return(strncpy) == 0 (auto)
  \return(stpcpy) == 0 (auto)
  \return(strcat) == 0 (auto)
  \return(strncat) == 0 (auto)
  \return(strdup) == 0 (auto)
  \return(strndup) == 0 (auto)
  \return(strsignal) == 0 (auto)
  \return(miniz_def_alloc_func) == 0 (auto)
  \return(miniz_def_realloc_func) == 0 (auto)
  \return(tdefl_compress_mem_to_heap) == 0 (auto)
  \return(tdefl_write_image_to_png_file_in_memory_ex) == 0 (auto)
  \return(tdefl_write_image_to_png_file_in_memory) == 0 (auto)
  \return(tdefl_compress_mem_to_output) == 0 (auto)
  \return(tdefl_compress) == 1 (auto)
  \return(tdefl_compressor_alloc) == 0 (auto)
  \return(tinfl_decompress_mem_to_heap) == 0 (auto)
  \return(tinfl_decompressor_alloc) == 0 (auto)
  \return(tinfl_decompress) == 0, 1, 2 (auto)
  \return(tdefl_radix_sort_syms) == 0 (auto)
  \return(tdefl_compress_block) == 0 (auto)
  \return(tdefl_flush_block) == 0 (auto)
  \return(tdefl_compress_fast) == 0 (auto)
  \return(tdefl_compress_normal) == 0 (auto)
  \return(tdefl_output_buffer_putter) == 0 (auto)
[eva] Analyzing a complete application starting at eva_main
[eva:initial-state] Values of globals at initialization
  s_pStr ∈
        {{ "Good morning Dr. Chandra. This is Hal. I am ready for my first lesson.Good morning Dr. Chandra. This is Hal. I am ready for my first lesson.Good morning Dr. Chandra. This is Hal. I am ready for my first lesson.Good morning Dr. Chandra. This is Hal. I am ready for my first lesson.Good morning Dr. Chandra. This is Hal. I am ready for my first lesson.Good morning Dr. Chandra. This is Hal. I am ready for my first lesson.Good morning Dr. Chandra. This is Hal. I am ready for my first lesson." }}
  mz_crc32_s_crc_table[0] ∈ {0}
                      [1] ∈ {1996959894}
                      [2] ∈ {3993919788}
                      [3] ∈ {2567524794}
                      [4] ∈ {124634137}
                      [5] ∈ {1886057615}
                      [6] ∈ {3915621685}
                      [7] ∈ {2657392035}
                      [8] ∈ {249268274}
                      [9] ∈ {2044508324}
                      [10] ∈ {3772115230}
                      [11] ∈ {2547177864}
                      [12] ∈ {162941995}
                      [13] ∈ {2125561021}
                      [14] ∈ {3887607047}
                      [15] ∈ {2428444049}
                      [16] ∈ {498536548}
                      [17] ∈ {1789927666}
                      [18] ∈ {4089016648}
                      [19] ∈ {2227061214}
                      [20] ∈ {450548861}
                      [21] ∈ {1843258603}
                      [22] ∈ {4107580753}
                      [23] ∈ {2211677639}
                      [24] ∈ {325883990}
                      [25] ∈ {1684777152}
                      [26] ∈ {4251122042}
                      [27] ∈ {2321926636}
                      [28] ∈ {335633487}
                      [29] ∈ {1661365465}
                      [30] ∈ {4195302755}
                      [31] ∈ {2366115317}
                      [32] ∈ {997073096}
                      [33] ∈ {1281953886}
                      [34] ∈ {3579855332}
                      [35] ∈ {2724688242}
                      [36] ∈ {1006888145}
                      [37] ∈ {1258607687}
                      [38] ∈ {3524101629}
                      [39] ∈ {2768942443}
                      [40] ∈ {901097722}
                      [41] ∈ {1119000684}
                      [42] ∈ {3686517206}
                      [43] ∈ {2898065728}
                      [44] ∈ {853044451}
                      [45] ∈ {1172266101}
                      [46] ∈ {3705015759}
                      [47] ∈ {2882616665}
                      [48] ∈ {651767980}
                      [49] ∈ {1373503546}
                      [50] ∈ {3369554304}
                      [51] ∈ {3218104598}
                      [52] ∈ {565507253}
                      [53] ∈ {1454621731}
                      [54] ∈ {3485111705}
                      [55] ∈ {3099436303}
                      [56] ∈ {671266974}
                      [57] ∈ {1594198024}
                      [58] ∈ {3322730930}
                      [59] ∈ {2970347812}
                      [60] ∈ {795835527}
                      [61] ∈ {1483230225}
                      [62] ∈ {3244367275}
                      [63] ∈ {3060149565}
                      [64] ∈ {1994146192}
                      [65] ∈ {31158534}
                      [66] ∈ {2563907772}
                      [67] ∈ {4023717930}
                      [68] ∈ {1907459465}
                      [69] ∈ {112637215}
                      [70] ∈ {2680153253}
                      [71] ∈ {3904427059}
                      [72] ∈ {2013776290}
                      [73] ∈ {251722036}
                      [74] ∈ {2517215374}
                      [75] ∈ {3775830040}
                      [76] ∈ {2137656763}
                      [77] ∈ {141376813}
                      [78] ∈ {2439277719}
                      [79] ∈ {3865271297}
                      [80] ∈ {1802195444}
                      [81] ∈ {476864866}
                      [82] ∈ {2238001368}
                      [83] ∈ {4066508878}
                      [84] ∈ {1812370925}
                      [85] ∈ {453092731}
                      [86] ∈ {2181625025}
                      [87] ∈ {4111451223}
                      [88] ∈ {1706088902}
                      [89] ∈ {314042704}
                      [90] ∈ {2344532202}
                      [91] ∈ {4240017532}
                      [92] ∈ {1658658271}
                      [93] ∈ {366619977}
                      [94] ∈ {2362670323}
                      [95] ∈ {4224994405}
                      [96] ∈ {1303535960}
                      [97] ∈ {984961486}
                      [98] ∈ {2747007092}
                      [99] ∈ {3569037538}
                      [100] ∈ {1256170817}
                      [101] ∈ {1037604311}
                      [102] ∈ {2765210733}
                      [103] ∈ {3554079995}
                      [104] ∈ {1131014506}
                      [105] ∈ {879679996}
                      [106] ∈ {2909243462}
                      [107] ∈ {3663771856}
                      [108] ∈ {1141124467}
                      [109] ∈ {855842277}
                      [110] ∈ {2852801631}
                      [111] ∈ {3708648649}
                      [112] ∈ {1342533948}
                      [113] ∈ {654459306}
                      [114] ∈ {3188396048}
                      [115] ∈ {3373015174}
                      [116] ∈ {1466479909}
                      [117] ∈ {544179635}
                      [118] ∈ {3110523913}
                      [119] ∈ {3462522015}
                      [120] ∈ {1591671054}
                      [121] ∈ {702138776}
                      [122] ∈ {2966460450}
                      [123] ∈ {3352799412}
                      [124] ∈ {1504918807}
                      [125] ∈ {783551873}
                      [126] ∈ {3082640443}
                      [127] ∈ {3233442989}
                      [128] ∈ {3988292384}
                      [129] ∈ {2596254646}
                      [130] ∈ {62317068}
                      [131] ∈ {1957810842}
                      [132] ∈ {3939845945}
                      [133] ∈ {2647816111}
                      [134] ∈ {81470997}
                      [135] ∈ {1943803523}
                      [136] ∈ {3814918930}
                      [137] ∈ {2489596804}
                      [138] ∈ {225274430}
                      [139] ∈ {2053790376}
                      [140] ∈ {3826175755}
                      [141] ∈ {2466906013}
                      [142] ∈ {167816743}
                      [143] ∈ {2097651377}
                      [144] ∈ {4027552580}
                      [145] ∈ {2265490386}
                      [146] ∈ {503444072}
                      [147] ∈ {1762050814}
                      [148] ∈ {4150417245}
                      [149] ∈ {2154129355}
                      [150] ∈ {426522225}
                      [151] ∈ {1852507879}
                      [152] ∈ {4275313526}
                      [153] ∈ {2312317920}
                      [154] ∈ {282753626}
                      [155] ∈ {1742555852}
                      [156] ∈ {4189708143}
                      [157] ∈ {2394877945}
                      [158] ∈ {397917763}
                      [159] ∈ {1622183637}
                      [160] ∈ {3604390888}
                      [161] ∈ {2714866558}
                      [162] ∈ {953729732}
                      [163] ∈ {1340076626}
                      [164] ∈ {3518719985}
                      [165] ∈ {2797360999}
                      [166] ∈ {1068828381}
                      [167] ∈ {1219638859}
                      [168] ∈ {3624741850}
                      [169] ∈ {2936675148}
                      [170] ∈ {906185462}
                      [171] ∈ {1090812512}
                      [172] ∈ {3747672003}
                      [173] ∈ {2825379669}
                      [174] ∈ {829329135}
                      [175] ∈ {1181335161}
                      [176] ∈ {3412177804}
                      [177] ∈ {3160834842}
                      [178] ∈ {628085408}
                      [179] ∈ {1382605366}
                      [180] ∈ {3423369109}
                      [181] ∈ {3138078467}
                      [182] ∈ {570562233}
                      [183] ∈ {1426400815}
                      [184] ∈ {3317316542}
                      [185] ∈ {2998733608}
                      [186] ∈ {733239954}
                      [187] ∈ {1555261956}
                      [188] ∈ {3268935591}
                      [189] ∈ {3050360625}
                      [190] ∈ {752459403}
                      [191] ∈ {1541320221}
                      [192] ∈ {2607071920}
                      [193] ∈ {3965973030}
                      [194] ∈ {1969922972}
                      [195] ∈ {40735498}
                      [196] ∈ {2617837225}
                      [197] ∈ {3943577151}
                      [198] ∈ {1913087877}
                      [199] ∈ {83908371}
                      [200] ∈ {2512341634}
                      [201] ∈ {3803740692}
                      [202] ∈ {2075208622}
                      [203] ∈ {213261112}
                      [204] ∈ {2463272603}
                      [205] ∈ {3855990285}
                      [206] ∈ {2094854071}
                      [207] ∈ {198958881}
                      [208] ∈ {2262029012}
                      [209] ∈ {4057260610}
                      [210] ∈ {1759359992}
                      [211] ∈ {534414190}
                      [212] ∈ {2176718541}
                      [213] ∈ {4139329115}
                      [214] ∈ {1873836001}
                      [215] ∈ {414664567}
                      [216] ∈ {2282248934}
                      [217] ∈ {4279200368}
                      [218] ∈ {1711684554}
                      [219] ∈ {285281116}
                      [220] ∈ {2405801727}
                      [221] ∈ {4167216745}
                      [222] ∈ {1634467795}
                      [223] ∈ {376229701}
                      [224] ∈ {2685067896}
                      [225] ∈ {3608007406}
                      [226] ∈ {1308918612}
                      [227] ∈ {956543938}
                      [228] ∈ {2808555105}
                      [229] ∈ {3495958263}
                      [230] ∈ {1231636301}
                      [231] ∈ {1047427035}
                      [232] ∈ {2932959818}
                      [233] ∈ {3654703836}
                      [234] ∈ {1088359270}
                      [235] ∈ {936918000}
                      [236] ∈ {2847714899}
                      [237] ∈ {3736837829}
                      [238] ∈ {1202900863}
                      [239] ∈ {817233897}
                      [240] ∈ {3183342108}
                      [241] ∈ {3401237130}
                      [242] ∈ {1404277552}
                      [243] ∈ {615818150}
                      [244] ∈ {3134207493}
                      [245] ∈ {3453421203}
                      [246] ∈ {1423857449}
                      [247] ∈ {601450431}
                      [248] ∈ {3009837614}
                      [249] ∈ {3294710456}
                      [250] ∈ {1567103746}
                      [251] ∈ {711928724}
                      [252] ∈ {3020668471}
                      [253] ∈ {3272380065}
                      [254] ∈ {1510334235}
                      [255] ∈ {755167117}
  mz_error_s_error_descs[0]{.m_err; .[bits 32 to 63]} ∈ {0}
                        [0].m_pDesc ∈ {{ "" }}
                        [1].m_err ∈ {1}
                        [1].[bits 32 to 63] ∈ {0}
                        [1].m_pDesc ∈ {{ "stream end" }}
                        [2].m_err ∈ {2}
                        [2].[bits 32 to 63] ∈ {0}
                        [2].m_pDesc ∈ {{ "need dictionary" }}
                        [3].m_err ∈ {-1}
                        [3].[bits 32 to 63] ∈ {0}
                        [3].m_pDesc ∈ {{ "file error" }}
                        [4].m_err ∈ {-2}
                        [4].[bits 32 to 63] ∈ {0}
                        [4].m_pDesc ∈ {{ "stream error" }}
                        [5].m_err ∈ {-3}
                        [5].[bits 32 to 63] ∈ {0}
                        [5].m_pDesc ∈ {{ "data error" }}
                        [6].m_err ∈ {-4}
                        [6].[bits 32 to 63] ∈ {0}
                        [6].m_pDesc ∈ {{ "out of memory" }}
                        [7].m_err ∈ {-5}
                        [7].[bits 32 to 63] ∈ {0}
                        [7].m_pDesc ∈ {{ "buf error" }}
                        [8].m_err ∈ {-6}
                        [8].[bits 32 to 63] ∈ {0}
                        [8].m_pDesc ∈ {{ "version error" }}
                        [9].m_err ∈ {-10000}
                        [9].[bits 32 to 63] ∈ {0}
                        [9].m_pDesc ∈ {{ "parameter error" }}
  s_tdefl_len_sym[0] ∈ {257}
                 [1] ∈ {258}
                 [2] ∈ {259}
                 [3] ∈ {260}
                 [4] ∈ {261}
                 [5] ∈ {262}
                 [6] ∈ {263}
                 [7] ∈ {264}
                 [8..9] ∈ {265}
                 [10..11] ∈ {266}
                 [12..13] ∈ {267}
                 [14..15] ∈ {268}
                 [16..19] ∈ {269}
                 [20..23] ∈ {270}
                 [24..27] ∈ {271}
                 [28..31] ∈ {272}
                 [32..39] ∈ {273}
                 [40..47] ∈ {274}
                 [48..55] ∈ {275}
                 [56..63] ∈ {276}
                 [64..79] ∈ {277}
                 [80..95] ∈ {278}
                 [96..111] ∈ {279}
                 [112..127] ∈ {280}
                 [128..159] ∈ {281}
                 [160..191] ∈ {282}
                 [192..223] ∈ {283}
                 [224..254] ∈ {284}
                 [255] ∈ {285}
  s_tdefl_len_extra[0..7] ∈ {0}
                   [8..15] ∈ {1}
                   [16..31] ∈ {2}
                   [32..63] ∈ {3}
                   [64..127] ∈ {4}
                   [128..254] ∈ {5}
                   [255] ∈ {0}
  s_tdefl_small_dist_sym[0] ∈ {0}
                        [1] ∈ {1}
                        [2] ∈ {2}
                        [3] ∈ {3}
                        [4..5] ∈ {4}
                        [6..7] ∈ {5}
                        [8..11] ∈ {6}
                        [12..15] ∈ {7}
                        [16..23] ∈ {8}
                        [24..31] ∈ {9}
                        [32..47] ∈ {10}
                        [48..63] ∈ {11}
                        [64..95] ∈ {12}
                        [96..127] ∈ {13}
                        [128..191] ∈ {14}
                        [192..255] ∈ {15}
                        [256..383] ∈ {16}
                        [384..511] ∈ {17}
  s_tdefl_small_dist_extra[0..3] ∈ {0}
                          [4..7] ∈ {1}
                          [8..15] ∈ {2}
                          [16..31] ∈ {3}
                          [32..63] ∈ {4}
                          [64..127] ∈ {5}
                          [128..255] ∈ {6}
                          [256..511] ∈ {7}
  s_tdefl_large_dist_sym[0..1] ∈ {0}
                        [2] ∈ {18}
                        [3] ∈ {19}
                        [4..5] ∈ {20}
                        [6..7] ∈ {21}
                        [8..11] ∈ {22}
                        [12..15] ∈ {23}
                        [16..23] ∈ {24}
                        [24..31] ∈ {25}
                        [32..47] ∈ {26}
                        [48..63] ∈ {27}
                        [64..95] ∈ {28}
                        [96..127] ∈ {29}
  s_tdefl_large_dist_extra[0..1] ∈ {0}
                          [2..3] ∈ {8}
                          [4..7] ∈ {9}
                          [8..15] ∈ {10}
                          [16..31] ∈ {11}
                          [32..63] ∈ {12}
                          [64..127] ∈ {13}
  s_tdefl_packed_code_size_syms_swizzle[0] ∈ {16}
                                       [1] ∈ {17}
                                       [2] ∈ {18}
                                       [3] ∈ {0}
                                       [4] ∈ {8}
                                       [5] ∈ {7}
                                       [6] ∈ {9}
                                       [7] ∈ {6}
                                       [8] ∈ {10}
                                       [9] ∈ {5}
                                       [10] ∈ {11}
                                       [11] ∈ {4}
                                       [12] ∈ {12}
                                       [13] ∈ {3}
                                       [14] ∈ {13}
                                       [15] ∈ {2}
                                       [16] ∈ {14}
                                       [17] ∈ {1}
                                       [18] ∈ {15}
  mz_bitmasks[0] ∈ {0}
             [1] ∈ {1}
             [2] ∈ {3}
             [3] ∈ {7}
             [4] ∈ {15}
             [5] ∈ {31}
             [6] ∈ {63}
             [7] ∈ {127}
             [8] ∈ {255}
             [9] ∈ {511}
             [10] ∈ {1023}
             [11] ∈ {2047}
             [12] ∈ {4095}
             [13] ∈ {8191}
             [14] ∈ {16383}
             [15] ∈ {32767}
             [16] ∈ {65535}
  s_tdefl_num_probes[0] ∈ {0}
                    [1] ∈ {1}
                    [2] ∈ {6}
                    [3] ∈ {32}
                    [4] ∈ {16}
                    [5] ∈ {32}
                    [6] ∈ {128}
                    [7] ∈ {256}
                    [8] ∈ {512}
                    [9] ∈ {768}
                    [10] ∈ {1500}
  tdefl_write_image_to_png_file_in_memory_ex_s_tdefl_png_num_probes[0] ∈
                                                                   {0}
                                                                   [1] ∈
                                                                   {1}
                                                                   [2] ∈
                                                                   {6}
                                                                   [3] ∈
                                                                   {32}
                                                                   [4] ∈
                                                                   {16}
                                                                   [5] ∈
                                                                   {32}
                                                                   [6] ∈
                                                                   {128}
                                                                   [7] ∈
                                                                   {256}
                                                                   [8] ∈
                                                                   {512}
                                                                   [9] ∈
                                                                   {768}
                                                                   [10] ∈
                                                                   {1500}
  tdefl_write_image_to_png_file_in_memory_ex_chans[0..1] ∈ {0}
                                                  [2] ∈ {4}
                                                  [3] ∈ {2}
                                                  [4] ∈ {6}
  tinfl_decompress_s_length_base[0] ∈ {3}
                                [1] ∈ {4}
                                [2] ∈ {5}
                                [3] ∈ {6}
                                [4] ∈ {7}
                                [5] ∈ {8}
                                [6] ∈ {9}
                                [7] ∈ {10}
                                [8] ∈ {11}
                                [9] ∈ {13}
                                [10] ∈ {15}
                                [11] ∈ {17}
                                [12] ∈ {19}
                                [13] ∈ {23}
                                [14] ∈ {27}
                                [15] ∈ {31}
                                [16] ∈ {35}
                                [17] ∈ {43}
                                [18] ∈ {51}
                                [19] ∈ {59}
                                [20] ∈ {67}
                                [21] ∈ {83}
                                [22] ∈ {99}
                                [23] ∈ {115}
                                [24] ∈ {131}
                                [25] ∈ {163}
                                [26] ∈ {195}
                                [27] ∈ {227}
                                [28] ∈ {258}
                                [29..30] ∈ {0}
  tinfl_decompress_s_length_extra[0..7] ∈ {0}
                                 [8..11] ∈ {1}
                                 [12..15] ∈ {2}
                                 [16..19] ∈ {3}
                                 [20..23] ∈ {4}
                                 [24..27] ∈ {5}
                                 [28..30] ∈ {0}
  tinfl_decompress_s_dist_base[0] ∈ {1}
                              [1] ∈ {2}
                              [2] ∈ {3}
                              [3] ∈ {4}
                              [4] ∈ {5}
                              [5] ∈ {7}
                              [6] ∈ {9}
                              [7] ∈ {13}
                              [8] ∈ {17}
                              [9] ∈ {25}
                              [10] ∈ {33}
                              [11] ∈ {49}
                              [12] ∈ {65}
                              [13] ∈ {97}
                              [14] ∈ {129}
                              [15] ∈ {193}
                              [16] ∈ {257}
                              [17] ∈ {385}
                              [18] ∈ {513}
                              [19] ∈ {769}
                              [20] ∈ {1025}
                              [21] ∈ {1537}
                              [22] ∈ {2049}
                              [23] ∈ {3073}
                              [24] ∈ {4097}
                              [25] ∈ {6145}
                              [26] ∈ {8193}
                              [27] ∈ {12289}
                              [28] ∈ {16385}
                              [29] ∈ {24577}
                              [30..31] ∈ {0}
  tinfl_decompress_s_dist_extra[0..3] ∈ {0}
                               [4..5] ∈ {1}
                               [6..7] ∈ {2}
                               [8..9] ∈ {3}
                               [10..11] ∈ {4}
                               [12..13] ∈ {5}
                               [14..15] ∈ {6}
                               [16..17] ∈ {7}
                               [18..19] ∈ {8}
                               [20..21] ∈ {9}
                               [22..23] ∈ {10}
                               [24..25] ∈ {11}
                               [26..27] ∈ {12}
                               [28..29] ∈ {13}
                               [30..31] ∈ {0}
  tinfl_decompress_s_length_dezigzag[0] ∈ {16}
                                    [1] ∈ {17}
                                    [2] ∈ {18}
                                    [3] ∈ {0}
                                    [4] ∈ {8}
                                    [5] ∈ {7}
                                    [6] ∈ {9}
                                    [7] ∈ {6}
                                    [8] ∈ {10}
                                    [9] ∈ {5}
                                    [10] ∈ {11}
                                    [11] ∈ {4}
                                    [12] ∈ {12}
                                    [13] ∈ {3}
                                    [14] ∈ {13}
                                    [15] ∈ {2}
                                    [16] ∈ {14}
                                    [17] ∈ {1}
                                    [18] ∈ {15}
  tinfl_decompress_s_min_table_sizes[0] ∈ {257}
                                    [1] ∈ {1}
                                    [2] ∈ {4}
[eva] using specification for function Frama_C_interval
[eva] using specification for function Frama_C_make_unknown
[eva] using specification for function printf_va_1
[eva] examples/example1.c:34: allocating variable __malloc_main_l34
[eva] examples/example1.c:35: allocating variable __malloc_main_l35
[eva] FRAMAC_SHARE/libc/string.h:134: 
  cannot evaluate ACSL term, unsupported ACSL construct: logic function memset
[eva] miniz.c:169: allocating variable __malloc_miniz_def_alloc_func_l169
[eva] miniz.c:191: cannot properly split on \result == 0
[eva] miniz_tdef.c:1115: starting to merge loop iterations
[eva:alarm] miniz_tdef.c:1117: Warning: 
  out of bounds read. assert \valid_read(tmp_1);
                      (tmp_1 from pSrc++)
[eva] FRAMAC_SHARE/libc/string.h:101: 
  cannot evaluate ACSL term, unsupported ACSL construct: logic function memcmp
[eva] using specification for function __FC_assert
[eva:alarm] miniz_tdef.c:762: Warning: 
  function __FC_assert: precondition 'nonnull_c' got status unknown.
[eva:alarm] miniz_tdef.c:1100: Warning: 
  pointer comparison.
  assert \pointer_comparable((void *)pSrc, (void *)pSrc_end);
[eva:alarm] miniz_tdef.c:1102: Warning: 
  out of bounds read. assert \valid_read(tmp_0);
                      (tmp_0 from pSrc++)
[eva] miniz_tdef.c:1100: starting to merge loop iterations
[eva:alarm] miniz_tdef.c:779: Warning: 
  accessing uninitialized left-value.
  assert \initialized(&d->m_next[probe_pos]);
[eva:alarm] miniz_tdef.c:780: Warning: 
  accessing uninitialized left-value.
  assert \initialized(&d->m_next[probe_pos]);
[eva:alarm] miniz_tdef.c:778: Warning: 
  accessing uninitialized left-value.
  assert \initialized(&d->m_next[probe_pos]);
[eva] miniz_tdef.c:767: starting to merge loop iterations
[eva] miniz_tdef.c:789: starting to merge loop iterations
[kernel] miniz_tdef.c:749: 
  more than 20(39890) elements to enumerate. Approximating.
[eva:alarm] miniz_tdef.c:750: Warning: 
  accessing uninitialized left-value. assert \initialized(&ret);
[eva:alarm] miniz_tdef.c:749: Warning: 
  function memcpy: precondition 'valid_src' got status unknown.
[kernel] miniz_tdef.c:749: 
  more than 20(39889) elements to enumerate. Approximating.
[eva:alarm] miniz_tdef.c:799: Warning: 
  signed overflow. assert p - s ≤ 9223372036854775807;
[eva:alarm] miniz_tdef.c:799: Warning: 
  accessing uninitialized left-value. assert \initialized((mz_uint8 const *)p);
[eva:alarm] miniz_tdef.c:799: Warning: 
  accessing uninitialized left-value. assert \initialized((mz_uint8 const *)q);
[eva:alarm] miniz_tdef.c:799: Warning: 
  out of bounds read. assert \valid_read((mz_uint8 const *)p);
[eva:alarm] miniz_tdef.c:799: Warning: 
  out of bounds read. assert \valid_read((mz_uint8 const *)q);
[kernel] miniz_tdef.c:799: 
  more than 20(159575) elements to enumerate. Approximating.
[eva:alarm] miniz_tdef.c:744: Warning: 
  accessing uninitialized left-value. assert \initialized(&ret);
[kernel] miniz_tdef.c:749: 
  more than 20(39894) elements to enumerate. Approximating.
[kernel] miniz_tdef.c:749: 
  more than 20(39893) elements to enumerate. Approximating.
[eva:alarm] miniz_tdef.c:1056: Warning: 
  function __FC_assert: precondition 'nonnull_c' got status invalid.
[eva:alarm] miniz_tdef.c:1207: Warning: 
  function __FC_assert: precondition 'nonnull_c' got status unknown.
[eva] miniz_tdef.c:1088: starting to merge loop iterations
[eva:alarm] miniz_tdef.c:1043: Warning: 
  out of bounds write. assert \valid(d->m_pLZ_flags);
[eva:alarm] miniz_tdef.c:1043: Warning: 
  accessing uninitialized left-value. assert \initialized(d->m_pLZ_flags);
[eva:garbled-mix:write] miniz_tdef.c:1043: 
  Assigning imprecise value to *(d->m_pLZ_flags)
  (pointing to __malloc_miniz_def_alloc_func_l169 with offsets [0..2554808]).
  The imprecision originates from Merge {miniz_tdef.c:1042}
[eva:garbled-mix:write] miniz_tdef.c:1044: 
  Assigning imprecise value to d->m_num_flags_left
  (pointing to __malloc_miniz_def_alloc_func_l169 with offsets {640}).
  The imprecision originates from Misaligned {miniz_tdef.c:1043}
[eva:garbled-mix:write] miniz_tdef.c:1047: 
  Assigning imprecise value to tmp_0.
  The imprecision originates from Misaligned {miniz_tdef.c:1043}
[eva:garbled-mix:write] miniz_tdef.c:1047: 
  Assigning imprecise value to d->m_pLZ_code_buf
  (pointing to __malloc_miniz_def_alloc_func_l169 with offsets {384}).
  The imprecision originates from Misaligned {miniz_tdef.c:1043}
[eva:garbled-mix:write] miniz_tdef.c:1047: 
  Assigning imprecise value to d->m_pLZ_flags
  (pointing to __malloc_miniz_def_alloc_func_l169 with offsets {448}).
  The imprecision originates from Misaligned {miniz_tdef.c:1043}
[eva:alarm] miniz_tdef.c:1049: Warning: 
  signed overflow. assert -2147483648 ≤ (int)d->m_huff_count[0][lit] + 1;
[eva:alarm] miniz_tdef.c:1049: Warning: 
  signed overflow. assert (int)d->m_huff_count[0][lit] + 1 ≤ 2147483647;
[eva:garbled-mix:write] miniz_tdef.c:1049: 
  Assigning imprecise value to d->m_huff_count[0][lit]
  (pointing to __malloc_miniz_def_alloc_func_l169 with offsets [265808..267840],0%16).
  The imprecision originates from Misaligned {miniz_tdef.c:1043}
[eva:alarm] miniz_tdef.c:1063: Warning: 
  out of bounds write. assert \valid(d->m_pLZ_code_buf + 1);
[eva:alarm] miniz_tdef.c:1064: Warning: 
  out of bounds write. assert \valid(d->m_pLZ_code_buf + 2);
[eva:garbled-mix:write] miniz_tdef.c:1065: 
  Assigning imprecise value to d->m_pLZ_code_buf
  (pointing to __malloc_miniz_def_alloc_func_l169 with offsets {384}).
  The imprecision originates from Merge {miniz_tdef.c:1064}
[eva:alarm] miniz_tdef.c:1067: Warning: 
  out of bounds write. assert \valid(d->m_pLZ_flags);
[eva:alarm] miniz_tdef.c:1067: Warning: 
  accessing uninitialized left-value. assert \initialized(d->m_pLZ_flags);
[eva:garbled-mix:write] miniz_tdef.c:1067: 
  Assigning imprecise value to *(d->m_pLZ_flags)
  (pointing to __malloc_miniz_def_alloc_func_l169 with offsets [0..2554808]).
  The imprecision originates from Merge {miniz_tdef.c:1064}
[eva:garbled-mix:write] miniz_tdef.c:1068: 
  Assigning imprecise value to d->m_num_flags_left
  (pointing to __malloc_miniz_def_alloc_func_l169 with offsets {640}).
  The imprecision originates from Misaligned {miniz_tdef.c:1067}
[eva:garbled-mix:write] miniz_tdef.c:1071: 
  Assigning imprecise value to tmp_0.
  The imprecision originates from Misaligned {miniz_tdef.c:1067}
[eva:garbled-mix:write] miniz_tdef.c:1071: 
  Assigning imprecise value to d->m_pLZ_code_buf
  (pointing to __malloc_miniz_def_alloc_func_l169 with offsets {384}).
  The imprecision originates from Misaligned {miniz_tdef.c:1067}
[eva:garbled-mix:write] miniz_tdef.c:1071: 
  Assigning imprecise value to d->m_pLZ_flags
  (pointing to __malloc_miniz_def_alloc_func_l169 with offsets {448}).
  The imprecision originates from Misaligned {miniz_tdef.c:1067}
[eva:alarm] miniz_tdef.c:1076: Warning: 
  signed overflow.
  assert -2147483648 ≤ (int)d->m_huff_count[1][tmp_1] + 1;
  (tmp_1 from (match_dist < 512)?s0:s1)
[eva:alarm] miniz_tdef.c:1076: Warning: 
  signed overflow.
  assert (int)d->m_huff_count[1][tmp_1] + 1 ≤ 2147483647;
  (tmp_1 from (match_dist < 512)?s0:s1)
[eva:garbled-mix:write] miniz_tdef.c:1076: 
  Assigning imprecise value to d->m_huff_count[1][tmp_1]
  (pointing to __malloc_miniz_def_alloc_func_l169 with offsets [270416..270688],0%16).
  The imprecision originates from Misaligned {miniz_tdef.c:1067}
[eva:garbled-mix:write] miniz_tdef.c:1076: 
  Assigning imprecise value to d->m_huff_count[1][tmp_1]
  (pointing to __malloc_miniz_def_alloc_func_l169 with offsets {270416; 270704;
                                                                270720; 270736;
                                                                270752; 270768;
                                                                270784; 270800;
                                                                270816; 270832;
                                                                270848; 270864;
                                                                270880}).
  The imprecision originates from Misaligned {miniz_tdef.c:1067}
[eva:alarm] miniz_tdef.c:1079: Warning: 
  signed overflow.
  assert
  -2147483648 ≤
  (int)d->m_huff_count[0][s_tdefl_len_sym[(mz_uint)(match_len -
                                                    TDEFL_MIN_MATCH_LEN)]]
  + 1;
[eva:alarm] miniz_tdef.c:1079: Warning: 
  signed overflow.
  assert
  (int)d->m_huff_count[0][s_tdefl_len_sym[(mz_uint)(match_len -
                                                    TDEFL_MIN_MATCH_LEN)]]
  + 1 ≤ 2147483647;
[eva:garbled-mix:write] miniz_tdef.c:1079: 
  Assigning imprecise value to d->m_huff_count[0][s_tdefl_len_sym[match_len - (mz_uint)TDEFL_MIN_MATCH_LEN]]
  (pointing to __malloc_miniz_def_alloc_func_l169 with offsets [269920..270368],0%16).
  The imprecision originates from Misaligned {miniz_tdef.c:1067}
[eva:garbled-mix:write] miniz_tdef.c:1206: 
  Assigning imprecise value to d->m_lookahead_pos
  (pointing to __malloc_miniz_def_alloc_func_l169 with offsets {288}).
  The imprecision originates from Misaligned
[eva:garbled-mix:write] miniz_tdef.c:1208: 
  Assigning imprecise value to d->m_lookahead_size
  (pointing to __malloc_miniz_def_alloc_func_l169 with offsets {320}).
  The imprecision originates from Misaligned
[eva:garbled-mix:write] miniz_tdef.c:1209: 
  Assigning imprecise value to d->m_dict_size
  (pointing to __malloc_miniz_def_alloc_func_l169 with offsets {352}).
  The imprecision originates from Misaligned
[eva:alarm] miniz_tdef.c:1211: Warning: 
  pointer comparison.
  assert
  \pointer_comparable((void *)d->m_pLZ_code_buf,
                     (void *)(&d->m_lz_code_buf[(int)(TDEFL_LZ_CODE_BUF_SIZE -
                                                      8)]));
[eva:alarm] miniz_tdef.c:1212: Warning: 
  pointer subtraction.
  assert
  \base_addr(d->m_pLZ_code_buf) ≡ \base_addr((mz_uint8 *)d->m_lz_code_buf);
[eva:alarm] miniz_tdef.c:1212: Warning: 
  signed overflow.
  assert
  -9223372036854775808 ≤ d->m_pLZ_code_buf - (mz_uint8 *)d->m_lz_code_buf;
[eva:alarm] miniz_tdef.c:1212: Warning: 
  signed overflow.
  assert
  d->m_pLZ_code_buf - (mz_uint8 *)d->m_lz_code_buf ≤ 9223372036854775807;
[eva:alarm] miniz_tdef.c:609: Warning: 
  pointer comparison.
  assert \pointer_comparable((void (*)())d->m_pPut_buf_func, (void (*)())0);
[eva:alarm] miniz_tdef.c:609: Warning: 
  accessing uninitialized left-value. assert \initialized(d->m_pOut_buf_size);
[eva:alarm] miniz_tdef.c:609: Warning: 
  out of bounds read. assert \valid_read(d->m_pOut_buf_size);
[eva:garbled-mix:write] miniz_tdef.c:609: 
  Assigning imprecise value to tmp_0.
  The imprecision originates from Misaligned
[eva:garbled-mix:write] miniz_tdef.c:609: 
  Assigning imprecise value to pOutput_buf_start.
  The imprecision originates from Misaligned
[eva:garbled-mix:write] miniz_tdef.c:611: 
  Assigning imprecise value to d->m_pOutput_buf
  (pointing to __malloc_miniz_def_alloc_func_l169 with offsets {512}).
  The imprecision originates from Misaligned
[eva:garbled-mix:write] miniz_tdef.c:612: 
  Assigning imprecise value to d->m_pOutput_buf_end
  (pointing to __malloc_miniz_def_alloc_func_l169 with offsets {576}).
  The imprecision originates from Misaligned
[eva:alarm] miniz_tdef.c:614: Warning: 
  function __FC_assert: precondition 'nonnull_c' got status unknown.
[eva:alarm] miniz_tdef.c:618: Warning: 
  out of bounds write. assert \valid(d->m_pLZ_flags);
[eva:alarm] miniz_tdef.c:618: Warning: 
  invalid RHS operand for shift. assert 0 ≤ d->m_num_flags_left < 32;
[eva:alarm] miniz_tdef.c:618: Warning: 
  accessing uninitialized left-value. assert \initialized(d->m_pLZ_flags);
[eva:garbled-mix:write] miniz_tdef.c:618: 
  Assigning imprecise value to *(d->m_pLZ_flags)
  (pointing to in_bytes with offsets {0; 8; 16; 24; 32; 40; 48; 56};
  out_bytes with offsets {0; 8; 16; 24; 32; 40; 48; 56};
  __malloc_main_l34 with offsets [0..5328];
  __malloc_miniz_def_alloc_func_l169 with offsets [0..2554808]).
  The imprecision originates from Misaligned
[eva:garbled-mix:write] miniz_tdef.c:619: 
  Assigning imprecise value to d->m_pLZ_code_buf
  (pointing to __malloc_miniz_def_alloc_func_l169 with offsets {384}).
  The imprecision originates from Misaligned
[eva:alarm] miniz_tdef.c:623: Warning: 
  invalid RHS operand for shift. assert 0 ≤ d->m_bits_in < 32;
[eva:garbled-mix:write] miniz_tdef.c:623: 
  Assigning imprecise value to d->m_bit_buffer
  (pointing to __malloc_miniz_def_alloc_func_l169 with offsets {768}).
  The imprecision originates from Misaligned
[eva:garbled-mix:write] miniz_tdef.c:623: 
  Assigning imprecise value to d->m_bits_in
  (pointing to __malloc_miniz_def_alloc_func_l169 with offsets {736}).
  The imprecision originates from Misaligned
[eva:alarm] miniz_tdef.c:623: Warning: 
  pointer comparison.
  assert
  \pointer_comparable((void *)d->m_pOutput_buf, (void *)d->m_pOutput_buf_end);
[eva:garbled-mix:write] miniz_tdef.c:623: 
  Assigning imprecise value to tmp_1.
  The imprecision originates from Misaligned
[eva:garbled-mix:write] miniz_tdef.c:623: 
  Assigning imprecise value to d->m_pOutput_buf
  (pointing to __malloc_miniz_def_alloc_func_l169 with offsets {512}).
  The imprecision originates from Misaligned
[eva:alarm] miniz_tdef.c:623: Warning: 
  out of bounds write. assert \valid(tmp_1);
                       (tmp_1 from d->m_pOutput_buf++)
[eva:garbled-mix:write] miniz_tdef.c:623: 
  Assigning imprecise value to *tmp_1
  (pointing to in_bytes with offsets {0; 8; 16; 24; 32; 40; 48; 56};
  out_bytes with offsets {0; 8; 16; 24; 32; 40; 48; 56};
  __malloc_main_l34 with offsets [0..5328];
  __malloc_miniz_def_alloc_func_l169 with offsets [0..2554808]).
  The imprecision originates from Misaligned
[eva:garbled-mix:write] miniz_tdef.c:623: 
  Assigning imprecise value to d->m_bit_buffer
  (pointing to __malloc_miniz_def_alloc_func_l169 with offsets {768}).
  The imprecision originates from Misaligned
[eva:garbled-mix:write] miniz_tdef.c:623: 
  Assigning imprecise value to d->m_bits_in
  (pointing to __malloc_miniz_def_alloc_func_l169 with offsets {736}).
  The imprecision originates from Misaligned
[eva:alarm] miniz_tdef.c:624: Warning: 
  invalid RHS operand for shift. assert 0 ≤ d->m_bits_in < 32;
[eva:garbled-mix:write] miniz_tdef.c:624: 
  Assigning imprecise value to d->m_bit_buffer
  (pointing to __malloc_miniz_def_alloc_func_l169 with offsets {768}).
  The imprecision originates from Misaligned
[eva:garbled-mix:write] miniz_tdef.c:624: 
  Assigning imprecise value to d->m_bits_in
  (pointing to __malloc_miniz_def_alloc_func_l169 with offsets {736}).
  The imprecision originates from Misaligned
[eva:alarm] miniz_tdef.c:624: Warning: 
  pointer comparison.
  assert
  \pointer_comparable((void *)d->m_pOutput_buf, (void *)d->m_pOutput_buf_end);
[eva:garbled-mix:write] miniz_tdef.c:624: 
  Assigning imprecise value to tmp_2.
  The imprecision originates from Misaligned
[eva:garbled-mix:write] miniz_tdef.c:624: 
  Assigning imprecise value to d->m_pOutput_buf
  (pointing to __malloc_miniz_def_alloc_func_l169 with offsets {512}).
  The imprecision originates from Misaligned
[eva:alarm] miniz_tdef.c:624: Warning: 
  out of bounds write. assert \valid(tmp_2);
                       (tmp_2 from d->m_pOutput_buf++)
[eva:garbled-mix:write] miniz_tdef.c:624: 
  Assigning imprecise value to *tmp_2
  (pointing to in_bytes with offsets {0; 8; 16; 24; 32; 40; 48; 56};
  out_bytes with offsets {0; 8; 16; 24; 32; 40; 48; 56};
  __malloc_main_l34 with offsets [0..5328];
  __malloc_miniz_def_alloc_func_l169 with offsets [0..2554808]).
  The imprecision originates from Misaligned
[eva:garbled-mix:write] miniz_tdef.c:624: 
  Assigning imprecise value to d->m_bit_buffer
  (pointing to __malloc_miniz_def_alloc_func_l169 with offsets {768}).
  The imprecision originates from Misaligned
[eva:garbled-mix:write] miniz_tdef.c:624: 
  Assigning imprecise value to d->m_bits_in
  (pointing to __malloc_miniz_def_alloc_func_l169 with offsets {736}).
  The imprecision originates from Misaligned
[eva:alarm] miniz_tdef.c:627: Warning: 
  invalid RHS operand for shift. assert 0 ≤ d->m_bits_in < 32;
[eva:garbled-mix:write] miniz_tdef.c:627: 
  Assigning imprecise value to d->m_bit_buffer
  (pointing to __malloc_miniz_def_alloc_func_l169 with offsets {768}).
  The imprecision originates from Misaligned
[eva:garbled-mix:write] miniz_tdef.c:627: 
  Assigning imprecise value to d->m_bits_in
  (pointing to __malloc_miniz_def_alloc_func_l169 with offsets {736}).
  The imprecision originates from Misaligned
[eva:alarm] miniz_tdef.c:627: Warning: 
  pointer comparison.
  assert
  \pointer_comparable((void *)d->m_pOutput_buf, (void *)d->m_pOutput_buf_end);
[eva:garbled-mix:write] miniz_tdef.c:627: 
  Assigning imprecise value to tmp_3.
  The imprecision originates from Misaligned
[eva:garbled-mix:write] miniz_tdef.c:627: 
  Assigning imprecise value to d->m_pOutput_buf
  (pointing to __malloc_miniz_def_alloc_func_l169 with offsets {512}).
  The imprecision originates from Misaligned
[eva:alarm] miniz_tdef.c:627: Warning: 
  out of bounds write. assert \valid(tmp_3);
                       (tmp_3 from d->m_pOutput_buf++)
[eva:garbled-mix:write] miniz_tdef.c:627: 
  Assigning imprecise value to *tmp_3
  (pointing to in_bytes with offsets {0; 8; 16; 24; 32; 40; 48; 56};
  out_bytes with offsets {0; 8; 16; 24; 32; 40; 48; 56};
  __malloc_main_l34 with offsets [0..5328];
  __malloc_miniz_def_alloc_func_l169 with offsets [0..2554808]).
  The imprecision originates from Misaligned
[eva:garbled-mix:write] miniz_tdef.c:627: 
  Assigning imprecise value to d->m_bit_buffer
  (pointing to __malloc_miniz_def_alloc_func_l169 with offsets {768}).
  The imprecision originates from Misaligned
[eva:garbled-mix:write] miniz_tdef.c:627: 
  Assigning imprecise value to d->m_bits_in
  (pointing to __malloc_miniz_def_alloc_func_l169 with offsets {736}).
  The imprecision originates from Misaligned
[eva:garbled-mix:write] miniz_tdef.c:629: 
  Assigning imprecise value to pSaved_output_buf.
  The imprecision originates from Misaligned
[eva:garbled-mix:write] miniz_tdef.c:630: 
  Assigning imprecise value to saved_bit_buf.
  The imprecision originates from Misaligned
[eva:garbled-mix:write] miniz_tdef.c:631: 
  Assigning imprecise value to saved_bits_in.
  The imprecision originates from Misaligned
[eva] miniz_tdef.c:432: starting to merge loop iterations
[eva:alarm] miniz_tdef.c:433: Warning: 
  out of bounds write. assert \valid(tmp);
                       (tmp from p++)
[eva:alarm] miniz_tdef.c:435: Warning: 
  out of bounds write. assert \valid(tmp_0);
                       (tmp_0 from p++)
[eva] miniz_tdef.c:434: starting to merge loop iterations
[eva:alarm] miniz_tdef.c:437: Warning: 
  out of bounds write. assert \valid(tmp_1);
                       (tmp_1 from p++)
[eva] miniz_tdef.c:436: starting to merge loop iterations
[eva:alarm] miniz_tdef.c:439: Warning: 
  out of bounds write. assert \valid(tmp_2);
                       (tmp_2 from p++)
[eva] miniz_tdef.c:438: starting to merge loop iterations
[eva:alarm] miniz_tdef.c:229: Warning: 
  accessing uninitialized left-value.
  assert \initialized(&d->m_huff_code_sizes[table_num][i]);
[eva:alarm] miniz_tdef.c:229: Warning: 
  accessing out of bounds index.
  assert 0 ≤ d->m_huff_code_sizes[table_num][i];
[eva:alarm] miniz_tdef.c:229: Warning: 
  accessing out of bounds index.
  assert
  d->m_huff_code_sizes[table_num][i] <
  (int)(1 + TDEFL_MAX_SUPPORTED_HUFF_CODESIZE);
[eva:alarm] miniz_tdef.c:229: Warning: 
  out of bounds write.
  assert \valid(&num_codes[d->m_huff_code_sizes[table_num][i]]);
[eva:alarm] miniz_tdef.c:229: Warning: 
  accessing uninitialized left-value.
  assert \initialized(&num_codes[d->m_huff_code_sizes[table_num][i]]);
[eva:alarm] miniz_tdef.c:229: Warning: 
  signed overflow.
  assert -2147483648 ≤ num_codes[d->m_huff_code_sizes[table_num][i]] + 1;
[eva:alarm] miniz_tdef.c:229: Warning: 
  signed overflow.
  assert num_codes[d->m_huff_code_sizes[table_num][i]] + 1 ≤ 2147483647;
[eva:garbled-mix:write] miniz_tdef.c:229: 
  Assigning imprecise value to num_codes[d->m_huff_code_sizes[table_num][i]].
  The imprecision originates from Misaligned
[eva] miniz_tdef.c:228: starting to merge loop iterations
[eva:alarm] miniz_tdef.c:260: Warning: 
  invalid LHS operand for left shift.
  assert 0 ≤ (int)(j + num_codes[(int)(i - 1)]);
[eva:alarm] miniz_tdef.c:260: Warning: 
  signed overflow. assert -2147483648 ≤ j + num_codes[(int)(i - 1)];
[eva:alarm] miniz_tdef.c:260: Warning: 
  signed overflow. assert j + num_codes[(int)(i - 1)] ≤ 2147483647;
[eva:alarm] miniz_tdef.c:260: Warning: 
  signed overflow.
  assert -2147483648 ≤ (int)(j + num_codes[(int)(i - 1)]) << 1;
[eva:alarm] miniz_tdef.c:260: Warning: 
  signed overflow.
  assert (int)(j + num_codes[(int)(i - 1)]) << 1 ≤ 2147483647;
[eva:garbled-mix:write] miniz_tdef.c:260: 
  Assigning imprecise value to j.
  The imprecision originates from Misaligned
[eva:garbled-mix:write] miniz_tdef.c:260: 
  Assigning imprecise value to next_code[i].
  The imprecision originates from Misaligned
[eva] miniz_tdef.c:259: starting to merge loop iterations
[eva:garbled-mix:write] miniz_tdef.c:265: 
  Assigning imprecise value to code_size.
  The imprecision originates from Misaligned
[eva:alarm] miniz_tdef.c:267: Warning: 
  accessing out of bounds index. assert 0 ≤ code_size;
[eva:alarm] miniz_tdef.c:267: Warning: 
  accessing out of bounds index.
  assert code_size < (int)(TDEFL_MAX_SUPPORTED_HUFF_CODESIZE + 1);
[eva:alarm] miniz_tdef.c:267: Warning: 
  accessing uninitialized left-value.
  assert \initialized(&next_code[code_size]);
[eva:alarm] miniz_tdef.c:267: Warning: 
  out of bounds read. assert \valid_read(&next_code[code_size]);
[eva:garbled-mix:write] miniz_tdef.c:267: 
  Assigning imprecise value to tmp_0.
  The imprecision originates from Misaligned
[eva:alarm] miniz_tdef.c:267: Warning: 
  accessing out of bounds index. assert 0 ≤ code_size;
[eva:alarm] miniz_tdef.c:267: Warning: 
  accessing out of bounds index.
  assert code_size < (int)(TDEFL_MAX_SUPPORTED_HUFF_CODESIZE + 1);
[eva:alarm] miniz_tdef.c:267: Warning: 
  out of bounds write. assert \valid(&next_code[code_size]);
[eva:garbled-mix:write] miniz_tdef.c:267: 
  Assigning imprecise value to next_code[code_size].
  The imprecision originates from Misaligned
[eva:garbled-mix:write] miniz_tdef.c:267: 
  Assigning imprecise value to code.
  The imprecision originates from Misaligned
[eva:garbled-mix:write] miniz_tdef.c:268: 
  Assigning imprecise value to l.
  The imprecision originates from Misaligned
[eva:garbled-mix:write] miniz_tdef.c:269: 
  Assigning imprecise value to rev_code.
  The imprecision originates from Misaligned
[eva:alarm] miniz_tdef.c:268: Warning: 
  signed overflow. assert -2147483648 ≤ l - 1;
[eva:alarm] miniz_tdef.c:268: Warning: 
  signed overflow. assert l - 1 ≤ 2147483647;
[eva:garbled-mix:write] miniz_tdef.c:268: 
  Assigning imprecise value to l.
  The imprecision originates from Misaligned
[eva:garbled-mix:write] miniz_tdef.c:268: 
  Assigning imprecise value to code.
  The imprecision originates from Misaligned
[eva:garbled-mix:write] miniz_tdef.c:270: 
  Assigning imprecise value to d->m_huff_codes[table_num][i]
  (pointing to __malloc_miniz_def_alloc_func_l169 with offsets {279632}).
  The imprecision originates from Misaligned
[eva] miniz_tdef.c:268: starting to merge loop iterations
[eva:garbled-mix:write] miniz_tdef.c:270: 
  Assigning imprecise value to d->m_huff_codes[table_num][i]
  (pointing to __malloc_miniz_def_alloc_func_l169 with offsets {279648}).
  The imprecision originates from Misaligned
[eva:garbled-mix:write] miniz_tdef.c:270: 
  Assigning imprecise value to d->m_huff_codes[table_num][i]
  (pointing to __malloc_miniz_def_alloc_func_l169 with offsets {279648; 279664}).
  The imprecision originates from Misaligned
[eva] miniz_tdef.c:262: starting to merge loop iterations
[eva:garbled-mix:write] miniz_tdef.c:270: 
  Assigning imprecise value to d->m_huff_codes[table_num][i]
  (pointing to __malloc_miniz_def_alloc_func_l169 with offsets {279648; 279664;
                                                                279680}).
  The imprecision originates from Misaligned
[eva:alarm] miniz_tdef.c:265: Warning: 
  accessing uninitialized left-value.
  assert \initialized(&d->m_huff_code_sizes[table_num][i]);
[eva:garbled-mix:write] miniz_tdef.c:270: 
  Assigning imprecise value to d->m_huff_codes[table_num][i]
  (pointing to __malloc_miniz_def_alloc_func_l169 with offsets [279648..280144],0%16).
  The imprecision originates from Misaligned
[eva:garbled-mix:write] miniz_tdef.c:270: 
  Assigning imprecise value to d->m_huff_codes[table_num][i]
  (pointing to __malloc_miniz_def_alloc_func_l169 with offsets [279648..280160],0%16).
  The imprecision originates from Misaligned
[eva:garbled-mix:write] miniz_tdef.c:270: 
  Assigning imprecise value to d->m_huff_codes[table_num][i]
  (pointing to __malloc_miniz_def_alloc_func_l169 with offsets [279648..280176],0%16).
  The imprecision originates from Misaligned
[eva:garbled-mix:write] miniz_tdef.c:270: 
  Assigning imprecise value to d->m_huff_codes[table_num][i]
  (pointing to __malloc_miniz_def_alloc_func_l169 with offsets [279648..280192],0%16).
  The imprecision originates from Misaligned
[eva:garbled-mix:write] miniz_tdef.c:270: 
  Assigning imprecise value to d->m_huff_codes[table_num][i]
  (pointing to __malloc_miniz_def_alloc_func_l169 with offsets [279648..284224],0%16).
  The imprecision originates from Misaligned
[eva:garbled-mix:write] miniz_tdef.c:270: 
  Assigning imprecise value to d->m_huff_codes[table_num][i]
  (pointing to __malloc_miniz_def_alloc_func_l169 with offsets {284240}).
  The imprecision originates from Misaligned
[eva:garbled-mix:write] miniz_tdef.c:270: 
  Assigning imprecise value to d->m_huff_codes[table_num][i]
  (pointing to __malloc_miniz_def_alloc_func_l169 with offsets {284256}).
  The imprecision originates from Misaligned
[eva:garbled-mix:write] miniz_tdef.c:270: 
  Assigning imprecise value to d->m_huff_codes[table_num][i]
  (pointing to __malloc_miniz_def_alloc_func_l169 with offsets {284256; 284272}).
  The imprecision originates from Misaligned
[eva:garbled-mix:write] miniz_tdef.c:270: 
  Assigning imprecise value to d->m_huff_codes[table_num][i]
  (pointing to __malloc_miniz_def_alloc_func_l169 with offsets {284256; 284272;
                                                                284288}).
  The imprecision originates from Misaligned
[eva:garbled-mix:write] miniz_tdef.c:270: 
  Assigning imprecise value to d->m_huff_codes[table_num][i]
  (pointing to __malloc_miniz_def_alloc_func_l169 with offsets [284256..284736],0%16).
  The imprecision originates from Misaligned
[eva:alarm] miniz_tdef.c:446: Warning: 
  invalid RHS operand for shift. assert 0 ≤ d->m_bits_in < 32;
[eva:garbled-mix:write] miniz_tdef.c:446: 
  Assigning imprecise value to d->m_bit_buffer
  (pointing to __malloc_miniz_def_alloc_func_l169 with offsets {768}).
  The imprecision originates from Misaligned
[eva:garbled-mix:write] miniz_tdef.c:446: 
  Assigning imprecise value to d->m_bits_in
  (pointing to __malloc_miniz_def_alloc_func_l169 with offsets {736}).
  The imprecision originates from Misaligned
[eva:alarm] miniz_tdef.c:446: Warning: 
  pointer comparison.
  assert
  \pointer_comparable((void *)d->m_pOutput_buf, (void *)d->m_pOutput_buf_end);
[eva:garbled-mix:write] miniz_tdef.c:446: 
  Assigning imprecise value to tmp_3.
  The imprecision originates from Misaligned
[eva:garbled-mix:write] miniz_tdef.c:446: 
  Assigning imprecise value to d->m_pOutput_buf
  (pointing to __malloc_miniz_def_alloc_func_l169 with offsets {512}).
  The imprecision originates from Misaligned
[eva:alarm] miniz_tdef.c:446: Warning: 
  out of bounds write. assert \valid(tmp_3);
                       (tmp_3 from d->m_pOutput_buf++)
[eva:garbled-mix:write] miniz_tdef.c:446: 
  Assigning imprecise value to *tmp_3
  (pointing to in_bytes with offsets {0; 8; 16; 24; 32; 40; 48; 56};
  out_bytes with offsets {0; 8; 16; 24; 32; 40; 48; 56};
  __malloc_main_l34 with offsets [0..5328];
  __malloc_miniz_def_alloc_func_l169 with offsets [0..2554808]).
  The imprecision originates from Misaligned
[eva:garbled-mix:write] miniz_tdef.c:446: 
  Assigning imprecise value to d->m_bit_buffer
  (pointing to __malloc_miniz_def_alloc_func_l169 with offsets {768}).
  The imprecision originates from Misaligned
[eva:garbled-mix:write] miniz_tdef.c:446: 
  Assigning imprecise value to d->m_bits_in
  (pointing to __malloc_miniz_def_alloc_func_l169 with offsets {736}).
  The imprecision originates from Misaligned
[eva:garbled-mix:write] miniz_tdef.c:456: 
  Assigning imprecise value to pOutput_buf.
  The imprecision originates from Misaligned
[eva:garbled-mix:write] miniz_tdef.c:457: 
  Assigning imprecise value to pLZ_code_buf_end.
  The imprecision originates from Misaligned
[eva:garbled-mix:write] miniz_tdef.c:458: 
  Assigning imprecise value to bit_buffer.
  The imprecision originates from Misaligned
[eva:garbled-mix:write] miniz_tdef.c:459: 
  Assigning imprecise value to bits_in.
  The imprecision originates from Misaligned
[eva:alarm] miniz_tdef.c:468: Warning: 
  pointer comparison.
  assert \pointer_comparable((void *)pLZ_codes, (void *)pLZ_code_buf_end);
[eva:garbled-mix:write] miniz_tdef.c:471: 
  Assigning imprecise value to flags.
  The imprecision originates from Misaligned
[eva:alarm] miniz_tdef.c:476: Warning: 
  accessing uninitialized left-value. assert \initialized(pLZ_codes + 0);
[eva:garbled-mix:write] miniz_tdef.c:476: 
  Assigning imprecise value to match_len.
  The imprecision originates from Misaligned
[eva:alarm] miniz_tdef.c:476: Warning: 
  accessing uninitialized left-value.
  assert \initialized((mz_uint16 const *)(pLZ_codes + 1));
[eva:garbled-mix:write] miniz_tdef.c:476: 
  Assigning imprecise value to match_dist.
  The imprecision originates from Misaligned
[eva:alarm] miniz_tdef.c:479: Warning: 
  accessing out of bounds index. assert 0 ≤ match_len;
[eva:alarm] miniz_tdef.c:479: Warning: 
  accessing out of bounds index. assert match_len < 256;
[eva:alarm] miniz_tdef.c:479: Warning: 
  accessing uninitialized left-value.
  assert \initialized(&s_tdefl_len_sym[match_len]);
[eva:alarm] miniz_tdef.c:479: Warning: 
  out of bounds read. assert \valid_read(&s_tdefl_len_sym[match_len]);
[eva:alarm] miniz_tdef.c:479: Warning: 
  accessing out of bounds index. assert 0 ≤ s_tdefl_len_sym[match_len];
[eva:alarm] miniz_tdef.c:479: Warning: 
  accessing out of bounds index.
  assert s_tdefl_len_sym[match_len] < TDEFL_MAX_HUFF_SYMBOLS;
[eva:alarm] miniz_tdef.c:479: Warning: 
  accessing uninitialized left-value.
  assert \initialized(&d->m_huff_code_sizes[0][s_tdefl_len_sym[match_len]]);
[eva:alarm] miniz_tdef.c:479: Warning: 
  out of bounds read.
  assert \valid_read(&d->m_huff_code_sizes[0][s_tdefl_len_sym[match_len]]);
[eva:alarm] miniz_tdef.c:479: Warning: 
  function __FC_assert: precondition 'nonnull_c' got status unknown.
[eva:alarm] miniz_tdef.c:480: Warning: 
  accessing out of bounds index. assert 0 ≤ match_len;
[eva:alarm] miniz_tdef.c:480: Warning: 
  accessing out of bounds index. assert match_len < 256;
[eva:alarm] miniz_tdef.c:480: Warning: 
  invalid RHS operand for shift. assert 0 ≤ bits_in < 64;
[eva:alarm] miniz_tdef.c:480: Warning: 
  accessing uninitialized left-value.
  assert \initialized(&s_tdefl_len_sym[match_len]);
[eva:alarm] miniz_tdef.c:480: Warning: 
  out of bounds read. assert \valid_read(&s_tdefl_len_sym[match_len]);
[eva:alarm] miniz_tdef.c:480: Warning: 
  accessing out of bounds index. assert 0 ≤ s_tdefl_len_sym[match_len];
[eva:alarm] miniz_tdef.c:480: Warning: 
  accessing out of bounds index.
  assert s_tdefl_len_sym[match_len] < TDEFL_MAX_HUFF_SYMBOLS;
[eva:alarm] miniz_tdef.c:480: Warning: 
  accessing uninitialized left-value.
  assert \initialized(&d->m_huff_codes[0][s_tdefl_len_sym[match_len]]);
[eva:alarm] miniz_tdef.c:480: Warning: 
  out of bounds read.
  assert \valid_read(&d->m_huff_codes[0][s_tdefl_len_sym[match_len]]);
[eva:garbled-mix:write] miniz_tdef.c:480: 
  Assigning imprecise value to bit_buffer.
  The imprecision originates from Misaligned
[eva:alarm] miniz_tdef.c:480: Warning: 
  accessing out of bounds index. assert 0 ≤ match_len;
[eva:alarm] miniz_tdef.c:480: Warning: 
  accessing out of bounds index. assert match_len < 256;
[eva:alarm] miniz_tdef.c:480: Warning: 
  accessing uninitialized left-value.
  assert \initialized(&s_tdefl_len_sym[match_len]);
[eva:alarm] miniz_tdef.c:480: Warning: 
  out of bounds read. assert \valid_read(&s_tdefl_len_sym[match_len]);
[eva:alarm] miniz_tdef.c:480: Warning: 
  accessing out of bounds index. assert 0 ≤ s_tdefl_len_sym[match_len];
[eva:alarm] miniz_tdef.c:480: Warning: 
  accessing out of bounds index.
  assert s_tdefl_len_sym[match_len] < TDEFL_MAX_HUFF_SYMBOLS;
[eva:alarm] miniz_tdef.c:480: Warning: 
  accessing uninitialized left-value.
  assert \initialized(&d->m_huff_code_sizes[0][s_tdefl_len_sym[match_len]]);
[eva:alarm] miniz_tdef.c:480: Warning: 
  out of bounds read.
  assert \valid_read(&d->m_huff_code_sizes[0][s_tdefl_len_sym[match_len]]);
[eva:garbled-mix:write] miniz_tdef.c:480: 
  Assigning imprecise value to bits_in.
  The imprecision originates from Misaligned
[eva:alarm] miniz_tdef.c:481: Warning: 
  accessing out of bounds index. assert 0 ≤ match_len;
[eva:alarm] miniz_tdef.c:481: Warning: 
  accessing out of bounds index. assert match_len < 256;
[eva:alarm] miniz_tdef.c:481: Warning: 
  invalid RHS operand for shift. assert 0 ≤ bits_in < 64;
[eva:alarm] miniz_tdef.c:481: Warning: 
  accessing uninitialized left-value.
  assert \initialized(&s_tdefl_len_extra[match_len]);
[eva:alarm] miniz_tdef.c:481: Warning: 
  out of bounds read. assert \valid_read(&s_tdefl_len_extra[match_len]);
[eva:alarm] miniz_tdef.c:481: Warning: 
  accessing out of bounds index. assert 0 ≤ s_tdefl_len_extra[match_len];
[eva:alarm] miniz_tdef.c:481: Warning: 
  accessing out of bounds index. assert s_tdefl_len_extra[match_len] < 17;
[eva:alarm] miniz_tdef.c:481: Warning: 
  accessing uninitialized left-value.
  assert \initialized(&mz_bitmasks[s_tdefl_len_extra[match_len]]);
[eva:alarm] miniz_tdef.c:481: Warning: 
  out of bounds read.
  assert \valid_read(&mz_bitmasks[s_tdefl_len_extra[match_len]]);
[eva:garbled-mix:write] miniz_tdef.c:481: 
  Assigning imprecise value to bit_buffer.
  The imprecision originates from Misaligned
[eva:alarm] miniz_tdef.c:481: Warning: 
  accessing out of bounds index. assert 0 ≤ match_len;
[eva:alarm] miniz_tdef.c:481: Warning: 
  accessing out of bounds index. assert match_len < 256;
[eva:alarm] miniz_tdef.c:481: Warning: 
  accessing uninitialized left-value.
  assert \initialized(&s_tdefl_len_extra[match_len]);
[eva:alarm] miniz_tdef.c:481: Warning: 
  out of bounds read. assert \valid_read(&s_tdefl_len_extra[match_len]);
[eva:garbled-mix:write] miniz_tdef.c:481: 
  Assigning imprecise value to bits_in.
  The imprecision originates from Misaligned
[eva:alarm] miniz_tdef.c:484: Warning: 
  accessing out of bounds index. assert 0 ≤ (unsigned int)(match_dist & 511);
[eva:alarm] miniz_tdef.c:484: Warning: 
  accessing out of bounds index. assert (unsigned int)(match_dist & 511) < 512;
[eva:alarm] miniz_tdef.c:484: Warning: 
  accessing uninitialized left-value.
  assert
  \initialized(&s_tdefl_small_dist_sym[(unsigned int)(match_dist & 511)]);
[eva:alarm] miniz_tdef.c:484: Warning: 
  out of bounds read.
  assert
  \valid_read(&s_tdefl_small_dist_sym[(unsigned int)(match_dist & 511)]);
[eva:garbled-mix:write] miniz_tdef.c:484: 
  Assigning imprecise value to s0.
  The imprecision originates from Misaligned
[eva:alarm] miniz_tdef.c:485: Warning: 
  accessing out of bounds index. assert 0 ≤ (unsigned int)(match_dist & 511);
[eva:alarm] miniz_tdef.c:485: Warning: 
  accessing out of bounds index. assert (unsigned int)(match_dist & 511) < 512;
[eva:alarm] miniz_tdef.c:485: Warning: 
  accessing uninitialized left-value.
  assert
  \initialized(&s_tdefl_small_dist_extra[(unsigned int)(match_dist & 511)]);
[eva:alarm] miniz_tdef.c:485: Warning: 
  out of bounds read.
  assert
  \valid_read(&s_tdefl_small_dist_extra[(unsigned int)(match_dist & 511)]);
[eva:garbled-mix:write] miniz_tdef.c:485: 
  Assigning imprecise value to n0.
  The imprecision originates from Misaligned
[eva:alarm] miniz_tdef.c:486: Warning: 
  accessing out of bounds index. assert 0 ≤ (mz_uint)(match_dist >> 8);
[eva:alarm] miniz_tdef.c:486: Warning: 
  accessing out of bounds index. assert (mz_uint)(match_dist >> 8) < 128;
[eva:alarm] miniz_tdef.c:486: Warning: 
  accessing uninitialized left-value.
  assert \initialized(&s_tdefl_large_dist_sym[(mz_uint)(match_dist >> 8)]);
[eva:alarm] miniz_tdef.c:486: Warning: 
  out of bounds read.
  assert \valid_read(&s_tdefl_large_dist_sym[(mz_uint)(match_dist >> 8)]);
[eva:garbled-mix:write] miniz_tdef.c:486: 
  Assigning imprecise value to s1.
  The imprecision originates from Misaligned
[eva:alarm] miniz_tdef.c:487: Warning: 
  accessing out of bounds index. assert 0 ≤ (mz_uint)(match_dist >> 8);
[eva:alarm] miniz_tdef.c:487: Warning: 
  accessing out of bounds index. assert (mz_uint)(match_dist >> 8) < 128;
[eva:alarm] miniz_tdef.c:487: Warning: 
  accessing uninitialized left-value.
  assert \initialized(&s_tdefl_large_dist_extra[(mz_uint)(match_dist >> 8)]);
[eva:alarm] miniz_tdef.c:487: Warning: 
  out of bounds read.
  assert \valid_read(&s_tdefl_large_dist_extra[(mz_uint)(match_dist >> 8)]);
[eva:garbled-mix:write] miniz_tdef.c:487: 
  Assigning imprecise value to n1.
  The imprecision originates from Misaligned
[eva:garbled-mix:write] miniz_tdef.c:488: 
  Assigning imprecise value to sym.
  The imprecision originates from Misaligned
[eva:garbled-mix:write] miniz_tdef.c:489: 
  Assigning imprecise value to num_extra_bits.
  The imprecision originates from Misaligned
[eva:alarm] miniz_tdef.c:491: Warning: 
  accessing out of bounds index. assert 0 ≤ sym;
[eva:alarm] miniz_tdef.c:491: Warning: 
  accessing out of bounds index. assert sym < TDEFL_MAX_HUFF_SYMBOLS;
[eva:alarm] miniz_tdef.c:491: Warning: 
  accessing uninitialized left-value.
  assert \initialized(&d->m_huff_code_sizes[1][sym]);
[eva:alarm] miniz_tdef.c:491: Warning: 
  out of bounds read. assert \valid_read(&d->m_huff_code_sizes[1][sym]);
[eva:alarm] miniz_tdef.c:491: Warning: 
  function __FC_assert: precondition 'nonnull_c' got status unknown.
[eva:alarm] miniz_tdef.c:492: Warning: 
  accessing out of bounds index. assert 0 ≤ sym;
[eva:alarm] miniz_tdef.c:492: Warning: 
  accessing out of bounds index. assert sym < TDEFL_MAX_HUFF_SYMBOLS;
[eva:alarm] miniz_tdef.c:492: Warning: 
  invalid RHS operand for shift. assert 0 ≤ bits_in < 64;
[eva:alarm] miniz_tdef.c:492: Warning: 
  accessing uninitialized left-value.
  assert \initialized(&d->m_huff_codes[1][sym]);
[eva:alarm] miniz_tdef.c:492: Warning: 
  out of bounds read. assert \valid_read(&d->m_huff_codes[1][sym]);
[eva:garbled-mix:write] miniz_tdef.c:492: 
  Assigning imprecise value to bit_buffer.
  The imprecision originates from Misaligned
[eva:alarm] miniz_tdef.c:492: Warning: 
  accessing out of bounds index. assert 0 ≤ sym;
[eva:alarm] miniz_tdef.c:492: Warning: 
  accessing out of bounds index. assert sym < TDEFL_MAX_HUFF_SYMBOLS;
[eva:alarm] miniz_tdef.c:492: Warning: 
  accessing uninitialized left-value.
  assert \initialized(&d->m_huff_code_sizes[1][sym]);
[eva:alarm] miniz_tdef.c:492: Warning: 
  out of bounds read. assert \valid_read(&d->m_huff_code_sizes[1][sym]);
[eva:garbled-mix:write] miniz_tdef.c:492: 
  Assigning imprecise value to bits_in.
  The imprecision originates from Misaligned
[eva:alarm] miniz_tdef.c:493: Warning: 
  accessing out of bounds index. assert 0 ≤ num_extra_bits;
[eva:alarm] miniz_tdef.c:493: Warning: 
  accessing out of bounds index. assert num_extra_bits < 17;
[eva:alarm] miniz_tdef.c:493: Warning: 
  invalid RHS operand for shift. assert 0 ≤ bits_in < 64;
[eva:alarm] miniz_tdef.c:493: Warning: 
  accessing uninitialized left-value.
  assert \initialized(&mz_bitmasks[num_extra_bits]);
[eva:alarm] miniz_tdef.c:493: Warning: 
  out of bounds read. assert \valid_read(&mz_bitmasks[num_extra_bits]);
[eva:garbled-mix:write] miniz_tdef.c:493: 
  Assigning imprecise value to bit_buffer.
  The imprecision originates from Misaligned
[eva:garbled-mix:write] miniz_tdef.c:493: 
  Assigning imprecise value to bits_in.
  The imprecision originates from Misaligned
[eva:alarm] miniz_tdef.c:497: Warning: 
  accessing uninitialized left-value.
  assert \initialized(tmp_0);
  (tmp_0 from pLZ_codes++)
[eva:garbled-mix:write] miniz_tdef.c:497: 
  Assigning imprecise value to lit.
  The imprecision originates from Misaligned
[eva:alarm] miniz_tdef.c:498: Warning: 
  accessing out of bounds index. assert 0 ≤ lit;
[eva:alarm] miniz_tdef.c:498: Warning: 
  accessing out of bounds index. assert lit < TDEFL_MAX_HUFF_SYMBOLS;
[eva:alarm] miniz_tdef.c:498: Warning: 
  accessing uninitialized left-value.
  assert \initialized(&d->m_huff_code_sizes[0][lit]);
[eva:alarm] miniz_tdef.c:498: Warning: 
  out of bounds read. assert \valid_read(&d->m_huff_code_sizes[0][lit]);
[eva:alarm] miniz_tdef.c:498: Warning: 
  function __FC_assert: precondition 'nonnull_c' got status unknown.
[eva:alarm] miniz_tdef.c:499: Warning: 
  accessing out of bounds index. assert 0 ≤ lit;
[eva:alarm] miniz_tdef.c:499: Warning: 
  accessing out of bounds index. assert lit < TDEFL_MAX_HUFF_SYMBOLS;
[eva:alarm] miniz_tdef.c:499: Warning: 
  invalid RHS operand for shift. assert 0 ≤ bits_in < 64;
[eva:alarm] miniz_tdef.c:499: Warning: 
  accessing uninitialized left-value.
  assert \initialized(&d->m_huff_codes[0][lit]);
[eva:alarm] miniz_tdef.c:499: Warning: 
  out of bounds read. assert \valid_read(&d->m_huff_codes[0][lit]);
[eva:garbled-mix:write] miniz_tdef.c:499: 
  Assigning imprecise value to bit_buffer.
  The imprecision originates from Misaligned
[eva:alarm] miniz_tdef.c:499: Warning: 
  accessing out of bounds index. assert 0 ≤ lit;
[eva:alarm] miniz_tdef.c:499: Warning: 
  accessing out of bounds index. assert lit < TDEFL_MAX_HUFF_SYMBOLS;
[eva:alarm] miniz_tdef.c:499: Warning: 
  accessing uninitialized left-value.
  assert \initialized(&d->m_huff_code_sizes[0][lit]);
[eva:alarm] miniz_tdef.c:499: Warning: 
  out of bounds read. assert \valid_read(&d->m_huff_code_sizes[0][lit]);
[eva:garbled-mix:write] miniz_tdef.c:499: 
  Assigning imprecise value to bits_in.
  The imprecision originates from Misaligned
[eva:alarm] miniz_tdef.c:501: Warning: 
  pointer comparison.
  assert \pointer_comparable((void *)pLZ_codes, (void *)pLZ_code_buf_end);
[eva:garbled-mix:write] miniz_tdef.c:503: 
  Assigning imprecise value to flags.
  The imprecision originates from Misaligned
[eva:alarm] miniz_tdef.c:504: Warning: 
  accessing uninitialized left-value.
  assert \initialized(tmp_1);
  (tmp_1 from pLZ_codes++)
[eva:garbled-mix:write] miniz_tdef.c:504: 
  Assigning imprecise value to lit.
  The imprecision originates from Misaligned
[eva:alarm] miniz_tdef.c:505: Warning: 
  accessing out of bounds index. assert 0 ≤ lit;
[eva:alarm] miniz_tdef.c:505: Warning: 
  accessing out of bounds index. assert lit < TDEFL_MAX_HUFF_SYMBOLS;
[eva:alarm] miniz_tdef.c:505: Warning: 
  accessing uninitialized left-value.
  assert \initialized(&d->m_huff_code_sizes[0][lit]);
[eva:alarm] miniz_tdef.c:505: Warning: 
  out of bounds read. assert \valid_read(&d->m_huff_code_sizes[0][lit]);
[eva:alarm] miniz_tdef.c:505: Warning: 
  function __FC_assert: precondition 'nonnull_c' got status unknown.
[eva:alarm] miniz_tdef.c:506: Warning: 
  accessing out of bounds index. assert 0 ≤ lit;
[eva:alarm] miniz_tdef.c:506: Warning: 
  accessing out of bounds index. assert lit < TDEFL_MAX_HUFF_SYMBOLS;
[eva:alarm] miniz_tdef.c:506: Warning: 
  invalid RHS operand for shift. assert 0 ≤ bits_in < 64;
[eva:alarm] miniz_tdef.c:506: Warning: 
  accessing uninitialized left-value.
  assert \initialized(&d->m_huff_codes[0][lit]);
[eva:alarm] miniz_tdef.c:506: Warning: 
  out of bounds read. assert \valid_read(&d->m_huff_codes[0][lit]);
[eva:garbled-mix:write] miniz_tdef.c:506: 
  Assigning imprecise value to bit_buffer.
  The imprecision originates from Misaligned
[eva:alarm] miniz_tdef.c:506: Warning: 
  accessing out of bounds index. assert 0 ≤ lit;
[eva:alarm] miniz_tdef.c:506: Warning: 
  accessing out of bounds index. assert lit < TDEFL_MAX_HUFF_SYMBOLS;
[eva:alarm] miniz_tdef.c:506: Warning: 
  accessing uninitialized left-value.
  assert \initialized(&d->m_huff_code_sizes[0][lit]);
[eva:alarm] miniz_tdef.c:506: Warning: 
  out of bounds read. assert \valid_read(&d->m_huff_code_sizes[0][lit]);
[eva:garbled-mix:write] miniz_tdef.c:506: 
  Assigning imprecise value to bits_in.
  The imprecision originates from Misaligned
[eva:alarm] miniz_tdef.c:508: Warning: 
  pointer comparison.
  assert \pointer_comparable((void *)pLZ_codes, (void *)pLZ_code_buf_end);
[eva:garbled-mix:write] miniz_tdef.c:510: 
  Assigning imprecise value to flags.
  The imprecision originates from Misaligned
[eva:alarm] miniz_tdef.c:511: Warning: 
  accessing uninitialized left-value.
  assert \initialized(tmp_2);
  (tmp_2 from pLZ_codes++)
[eva:garbled-mix:write] miniz_tdef.c:511: 
  Assigning imprecise value to lit.
  The imprecision originates from Misaligned
[eva:alarm] miniz_tdef.c:512: Warning: 
  accessing out of bounds index. assert 0 ≤ lit;
[eva:alarm] miniz_tdef.c:512: Warning: 
  accessing out of bounds index. assert lit < TDEFL_MAX_HUFF_SYMBOLS;
[eva:alarm] miniz_tdef.c:512: Warning: 
  accessing uninitialized left-value.
  assert \initialized(&d->m_huff_code_sizes[0][lit]);
[eva:alarm] miniz_tdef.c:512: Warning: 
  out of bounds read. assert \valid_read(&d->m_huff_code_sizes[0][lit]);
[eva:alarm] miniz_tdef.c:512: Warning: 
  function __FC_assert: precondition 'nonnull_c' got status unknown.
[eva:alarm] miniz_tdef.c:513: Warning: 
  accessing out of bounds index. assert 0 ≤ lit;
[eva:alarm] miniz_tdef.c:513: Warning: 
  accessing out of bounds index. assert lit < TDEFL_MAX_HUFF_SYMBOLS;
[eva:alarm] miniz_tdef.c:513: Warning: 
  invalid RHS operand for shift. assert 0 ≤ bits_in < 64;
[eva:alarm] miniz_tdef.c:513: Warning: 
  accessing uninitialized left-value.
  assert \initialized(&d->m_huff_codes[0][lit]);
[eva:alarm] miniz_tdef.c:513: Warning: 
  out of bounds read. assert \valid_read(&d->m_huff_codes[0][lit]);
[eva:garbled-mix:write] miniz_tdef.c:513: 
  Assigning imprecise value to bit_buffer.
  The imprecision originates from Misaligned
[eva:alarm] miniz_tdef.c:513: Warning: 
  accessing out of bounds index. assert 0 ≤ lit;
[eva:alarm] miniz_tdef.c:513: Warning: 
  accessing out of bounds index. assert lit < TDEFL_MAX_HUFF_SYMBOLS;
[eva:alarm] miniz_tdef.c:513: Warning: 
  accessing uninitialized left-value.
  assert \initialized(&d->m_huff_code_sizes[0][lit]);
[eva:alarm] miniz_tdef.c:513: Warning: 
  out of bounds read. assert \valid_read(&d->m_huff_code_sizes[0][lit]);
[eva:garbled-mix:write] miniz_tdef.c:513: 
  Assigning imprecise value to bits_in.
  The imprecision originates from Misaligned
[eva:alarm] miniz_tdef.c:518: Warning: 
  pointer comparison.
  assert
  \pointer_comparable((void *)pOutput_buf, (void *)d->m_pOutput_buf_end);
[eva:alarm] miniz_tdef.c:521: Warning: 
  out of bounds write. assert \valid((mz_uint64 *)pOutput_buf);
[eva:garbled-mix:write] miniz_tdef.c:521: 
  Assigning imprecise value to *((mz_uint64 *)pOutput_buf)
  (pointing to in_bytes; out_bytes; __malloc_main_l34 with offsets [0..5272];
  __malloc_miniz_def_alloc_func_l169 with offsets [0..2554752]).
  The imprecision originates from Misaligned
[eva:garbled-mix:write] miniz_tdef.c:522: 
  Assigning imprecise value to pOutput_buf.
  The imprecision originates from Misaligned
[eva:alarm] miniz_tdef.c:523: Warning: 
  invalid RHS operand for shift.
  assert 0 ≤ (unsigned int)(bits_in & (unsigned int)((int)(~7))) < 64;
[eva:garbled-mix:write] miniz_tdef.c:523: 
  Assigning imprecise value to bit_buffer.
  The imprecision originates from Misaligned
[eva:garbled-mix:write] miniz_tdef.c:524: 
  Assigning imprecise value to bits_in.
  The imprecision originates from Misaligned
[eva:garbled-mix:write] miniz_tdef.c:468: 
  Assigning imprecise value to flags.
  The imprecision originates from Misaligned
[eva:alarm] miniz_tdef.c:471: Warning: 
  accessing uninitialized left-value.
  assert \initialized(tmp);
  (tmp from pLZ_codes++)
[eva] miniz_tdef.c:468: starting to merge loop iterations
[eva:alarm] miniz_tdef.c:476: Warning: 
  out of bounds read. assert \valid_read(pLZ_codes + 0);
[eva:alarm] miniz_tdef.c:476: Warning: 
  out of bounds read. assert \valid_read((mz_uint16 const *)(pLZ_codes + 1));
[eva:alarm] miniz_tdef.c:497: Warning: 
  out of bounds read. assert \valid_read(tmp_0);
                      (tmp_0 from pLZ_codes++)
[eva:alarm] miniz_tdef.c:504: Warning: 
  out of bounds read. assert \valid_read(tmp_1);
                      (tmp_1 from pLZ_codes++)
[eva:alarm] miniz_tdef.c:511: Warning: 
  out of bounds read. assert \valid_read(tmp_2);
                      (tmp_2 from pLZ_codes++)
[eva:alarm] miniz_tdef.c:471: Warning: 
  out of bounds read. assert \valid_read(tmp);
                      (tmp from pLZ_codes++)
[eva:garbled-mix:write] miniz_tdef.c:529: 
  Assigning imprecise value to d->m_pOutput_buf
  (pointing to __malloc_miniz_def_alloc_func_l169 with offsets {512}).
  The imprecision originates from Misaligned
[eva:garbled-mix:write] miniz_tdef.c:535: 
  Assigning imprecise value to tmp_3.
  The imprecision originates from Misaligned
[eva:garbled-mix:write] miniz_tdef.c:535: 
  Assigning imprecise value to n.
  The imprecision originates from Misaligned
[eva:alarm] miniz_tdef.c:536: Warning: 
  accessing out of bounds index. assert 0 ≤ n;
[eva:alarm] miniz_tdef.c:536: Warning: 
  accessing out of bounds index. assert n < 17;
[eva:alarm] miniz_tdef.c:536: Warning: 
  accessing uninitialized left-value. assert \initialized(&mz_bitmasks[n]);
[eva:alarm] miniz_tdef.c:536: Warning: 
  out of bounds read. assert \valid_read(&mz_bitmasks[n]);
[eva:garbled-mix:write] miniz_tdef.c:536: 
  Assigning imprecise value to bits.
  The imprecision originates from Misaligned
[eva:garbled-mix:write] miniz_tdef.c:536: 
  Assigning imprecise value to len.
  The imprecision originates from Misaligned
[eva:alarm] miniz_tdef.c:536: Warning: 
  invalid RHS operand for shift. assert 0 ≤ len < 32;
[eva:alarm] miniz_tdef.c:536: Warning: 
  function __FC_assert: precondition 'nonnull_c' got status unknown.
[eva:garbled-mix:write] miniz_tdef.c:536: 
  Assigning imprecise value to d->m_bit_buffer
  (pointing to __malloc_miniz_def_alloc_func_l169 with offsets {768}).
  The imprecision originates from Misaligned
[eva:garbled-mix:write] miniz_tdef.c:536: 
  Assigning imprecise value to d->m_bits_in
  (pointing to __malloc_miniz_def_alloc_func_l169 with offsets {736}).
  The imprecision originates from Misaligned
[eva:alarm] miniz_tdef.c:536: Warning: 
  pointer comparison.
  assert
  \pointer_comparable((void *)d->m_pOutput_buf, (void *)d->m_pOutput_buf_end);
[eva:garbled-mix:write] miniz_tdef.c:536: 
  Assigning imprecise value to tmp_4.
  The imprecision originates from Misaligned
[eva:garbled-mix:write] miniz_tdef.c:536: 
  Assigning imprecise value to d->m_pOutput_buf
  (pointing to __malloc_miniz_def_alloc_func_l169 with offsets {512}).
  The imprecision originates from Misaligned
[eva:alarm] miniz_tdef.c:536: Warning: 
  out of bounds write. assert \valid(tmp_4);
                       (tmp_4 from d->m_pOutput_buf++)
[eva:garbled-mix:write] miniz_tdef.c:536: 
  Assigning imprecise value to *tmp_4
  (pointing to in_bytes with offsets {0; 8; 16; 24; 32; 40; 48; 56};
  out_bytes with offsets {0; 8; 16; 24; 32; 40; 48; 56};
  __malloc_main_l34 with offsets [0..5328];
  __malloc_miniz_def_alloc_func_l169 with offsets [0..2554808]).
  The imprecision originates from Misaligned
[eva:garbled-mix:write] miniz_tdef.c:536: 
  Assigning imprecise value to d->m_bit_buffer
  (pointing to __malloc_miniz_def_alloc_func_l169 with offsets {768}).
  The imprecision originates from Misaligned
[eva:garbled-mix:write] miniz_tdef.c:536: 
  Assigning imprecise value to d->m_bits_in
  (pointing to __malloc_miniz_def_alloc_func_l169 with offsets {736}).
  The imprecision originates from Misaligned
[eva:alarm] miniz_tdef.c:537: Warning: 
  invalid RHS operand for shift. assert 0 ≤ n < 64;
[eva:garbled-mix:write] miniz_tdef.c:537: 
  Assigning imprecise value to bit_buffer.
  The imprecision originates from Misaligned
[eva:garbled-mix:write] miniz_tdef.c:538: 
  Assigning imprecise value to bits_in.
  The imprecision originates from Misaligned
[eva:alarm] miniz_tdef.c:536: Warning: 
  invalid RHS operand for shift. assert 0 ≤ d->m_bits_in < 32;
[eva:alarm] miniz_tdef.c:541: Warning: 
  accessing uninitialized left-value.
  assert \initialized(&d->m_huff_codes[0][256]);
[eva:garbled-mix:write] miniz_tdef.c:541: 
  Assigning imprecise value to bits_0.
  The imprecision originates from Misaligned
[eva:alarm] miniz_tdef.c:541: Warning: 
  accessing uninitialized left-value.
  assert \initialized(&d->m_huff_code_sizes[0][256]);
[eva:garbled-mix:write] miniz_tdef.c:541: 
  Assigning imprecise value to len_0.
  The imprecision originates from Misaligned
[eva:alarm] miniz_tdef.c:541: Warning: 
  invalid RHS operand for shift. assert 0 ≤ len_0 < 32;
[eva:alarm] miniz_tdef.c:541: Warning: 
  function __FC_assert: precondition 'nonnull_c' got status unknown.
[eva:garbled-mix:write] miniz_tdef.c:541: 
  Assigning imprecise value to d->m_bit_buffer
  (pointing to __malloc_miniz_def_alloc_func_l169 with offsets {768}).
  The imprecision originates from Misaligned
[eva:alarm] miniz_tdef.c:541: Warning: 
  invalid RHS operand for shift. assert 0 ≤ d->m_bits_in < 32;
[eva:garbled-mix:write] miniz_tdef.c:541: 
  Assigning imprecise value to d->m_bits_in
  (pointing to __malloc_miniz_def_alloc_func_l169 with offsets {736}).
  The imprecision originates from Misaligned
[eva:alarm] miniz_tdef.c:541: Warning: 
  pointer comparison.
  assert
  \pointer_comparable((void *)d->m_pOutput_buf, (void *)d->m_pOutput_buf_end);
[eva:garbled-mix:write] miniz_tdef.c:541: 
  Assigning imprecise value to tmp_5.
  The imprecision originates from Misaligned
[eva:garbled-mix:write] miniz_tdef.c:541: 
  Assigning imprecise value to d->m_pOutput_buf
  (pointing to __malloc_miniz_def_alloc_func_l169 with offsets {512}).
  The imprecision originates from Misaligned
[eva:alarm] miniz_tdef.c:541: Warning: 
  out of bounds write. assert \valid(tmp_5);
                       (tmp_5 from d->m_pOutput_buf++)
[eva:garbled-mix:write] miniz_tdef.c:541: 
  Assigning imprecise value to *tmp_5
  (pointing to in_bytes with offsets {0; 8; 16; 24; 32; 40; 48; 56};
  out_bytes with offsets {0; 8; 16; 24; 32; 40; 48; 56};
  __malloc_main_l34 with offsets [0..5328];
  __malloc_miniz_def_alloc_func_l169 with offsets [0..2554808]).
  The imprecision originates from Misaligned
[eva:garbled-mix:write] miniz_tdef.c:541: 
  Assigning imprecise value to d->m_bit_buffer
  (pointing to __malloc_miniz_def_alloc_func_l169 with offsets {768}).
  The imprecision originates from Misaligned
[eva:garbled-mix:write] miniz_tdef.c:541: 
  Assigning imprecise value to d->m_bits_in
  (pointing to __malloc_miniz_def_alloc_func_l169 with offsets {736}).
  The imprecision originates from Misaligned
[eva:alarm] miniz_tdef.c:543: Warning: 
  pointer comparison.
  assert
  \pointer_comparable((void *)d->m_pOutput_buf, (void *)d->m_pOutput_buf_end);
[eva] miniz_tdef.c:600: cannot properly split on \result == 0
[eva:garbled-mix:write] miniz_tdef.c:239: 
  Assigning imprecise value to syms0[num_used_syms].m_key.
  The imprecision originates from Misaligned
[eva] miniz_tdef.c:236: starting to merge loop iterations
[kernel] miniz_tdef.c:239: 
  more than 20(288) locations to update in array. Approximating.
[kernel] miniz_tdef.c:239: 
  more than 20(288) elements to enumerate. Approximating.
[kernel] miniz_tdef.c:240: 
  more than 20(288) locations to update in array. Approximating.
[kernel] miniz_tdef.c:240: 
  more than 20(288) elements to enumerate. Approximating.
[eva:alarm] miniz_tdef.c:239: Warning: 
  accessing out of bounds index. assert num_used_syms < TDEFL_MAX_HUFF_SYMBOLS;
[eva:alarm] miniz_tdef.c:110: Warning: 
  accessing uninitialized left-value.
  assert \initialized(&(pSyms0 + i)->m_key);
[eva:garbled-mix:write] miniz_tdef.c:110: 
  Assigning imprecise value to freq.
  The imprecision originates from Misaligned
[eva:alarm] miniz_tdef.c:111: Warning: 
  accessing out of bounds index. assert 0 ≤ (unsigned int)(freq & 0xFF);
[eva:alarm] miniz_tdef.c:111: Warning: 
  accessing out of bounds index.
  assert (unsigned int)(freq & 0xFF) < (int)(256 * 2);
[eva:alarm] miniz_tdef.c:111: Warning: 
  out of bounds write. assert \valid(&hist[(unsigned int)(freq & 0xFF)]);
[eva:alarm] miniz_tdef.c:111: Warning: 
  accessing uninitialized left-value.
  assert \initialized(&hist[(unsigned int)(freq & 0xFF)]);
[eva:garbled-mix:write] miniz_tdef.c:111: 
  Assigning imprecise value to hist[freq & (unsigned int)0xFF].
  The imprecision originates from Misaligned
[eva:alarm] miniz_tdef.c:112: Warning: 
  accessing out of bounds index.
  assert
  0 ≤ (unsigned int)(256 + (unsigned int)((mz_uint)(freq >> 8) & 0xFF));
[eva:alarm] miniz_tdef.c:112: Warning: 
  accessing out of bounds index.
  assert
  (unsigned int)(256 + (unsigned int)((mz_uint)(freq >> 8) & 0xFF)) <
  (int)(256 * 2);
[eva:alarm] miniz_tdef.c:112: Warning: 
  out of bounds write.
  assert
  \valid(&hist[(unsigned int)(256 + (unsigned int)((mz_uint)(freq >> 8) & 0xFF))]);
[eva:alarm] miniz_tdef.c:112: Warning: 
  accessing uninitialized left-value.
  assert
  \initialized(&hist[(unsigned int)(256 +
                                    (unsigned int)((mz_uint)(freq >> 8) & 0xFF))]);
[eva:garbled-mix:write] miniz_tdef.c:112: 
  Assigning imprecise value to hist[(unsigned int)256 + ((freq >> 8) & (unsigned int)0xFF)].
  The imprecision originates from Misaligned
[eva] miniz_tdef.c:108: starting to merge loop iterations
[kernel] miniz_tdef.c:110: 
  more than 20(252) elements to enumerate. Approximating.
[kernel] miniz_tdef.c:110: 
  more than 20(253) elements to enumerate. Approximating.
[kernel] miniz_tdef.c:110: 
  more than 20(284) elements to enumerate. Approximating.
[eva:loop-unroll:auto] miniz_tdef.c:114: Automatic loop unrolling.
[eva:loop-unroll:auto] miniz_tdef.c:116: Automatic loop unrolling.
[eva:garbled-mix:write] miniz_tdef.c:123: 
  Assigning imprecise value to cur_ofs.
  The imprecision originates from Misaligned
[eva:garbled-mix:write] miniz_tdef.c:122: 
  Assigning imprecise value to offsets[i].
  The imprecision originates from Misaligned
[eva] miniz_tdef.c:120: starting to merge loop iterations
[eva:alarm] miniz_tdef.c:126: Warning: 
  accessing uninitialized left-value.
  assert \initialized(&(pCur_syms + i)->m_key);
[eva:alarm] miniz_tdef.c:126: Warning: 
  accessing out of bounds index.
  assert 0 ≤ (int)((int)((int)(pCur_syms + i)->m_key >> pass_shift) & 0xFF);
[eva:alarm] miniz_tdef.c:126: Warning: 
  accessing out of bounds index.
  assert (int)((int)((int)(pCur_syms + i)->m_key >> pass_shift) & 0xFF) < 256;
[eva:alarm] miniz_tdef.c:126: Warning: 
  accessing uninitialized left-value.
  assert
  \initialized(&offsets[(int)((int)((int)(pCur_syms + i)->m_key >> pass_shift)
                              & 0xFF)]);
[eva:alarm] miniz_tdef.c:126: Warning: 
  out of bounds read.
  assert
  \valid_read(&offsets[(int)((int)((int)(pCur_syms + i)->m_key >> pass_shift) &
                             0xFF)]);
[eva:garbled-mix:write] miniz_tdef.c:126: 
  Assigning imprecise value to tmp.
  The imprecision originates from Misaligned
[eva:alarm] miniz_tdef.c:126: Warning: 
  accessing out of bounds index.
  assert 0 ≤ (int)((int)((int)(pCur_syms + i)->m_key >> pass_shift) & 0xFF);
[eva:alarm] miniz_tdef.c:126: Warning: 
  accessing out of bounds index.
  assert (int)((int)((int)(pCur_syms + i)->m_key >> pass_shift) & 0xFF) < 256;
[eva:alarm] miniz_tdef.c:126: Warning: 
  out of bounds write.
  assert
  \valid(&offsets[(int)((int)((int)(pCur_syms + i)->m_key >> pass_shift) & 0xFF)]);
[eva:garbled-mix:write] miniz_tdef.c:126: 
  Assigning imprecise value to offsets[((int)(pCur_syms + i)->m_key >> pass_shift) & 0xFF].
  The imprecision originates from Misaligned
[eva:alarm] miniz_tdef.c:126: Warning: 
  out of bounds write.
  assert \valid(pNew_syms + tmp);
  (tmp from offsets[((int)(pCur_syms + i)->m_key >> pass_shift) & 0xFF]++)
[eva:garbled-mix:write] miniz_tdef.c:126: 
  Assigning imprecise value to *(pNew_syms + tmp)
  (pointing to in_bytes with offsets {0; 8; 16; 24; 32};
  out_bytes with offsets {0; 8; 16; 24; 32}; syms1 with offsets [0..9184],0%8;
  __malloc_main_l34 with offsets [0..5304];
  __malloc_miniz_def_alloc_func_l169 with offsets [0..2554784]).
  The imprecision originates from Misaligned
[kernel] miniz_tdef.c:126: too many locations to update in array. Approximating.
[eva] miniz_tdef.c:125: starting to merge loop iterations
[eva:alarm] miniz_tdef.c:126: Warning: 
  accessing uninitialized left-value.
  assert \initialized(&(pCur_syms + i)->m_key);
[eva:garbled-mix:write] miniz_tdef.c:126: 
  Assigning imprecise value to *(pNew_syms + tmp)
  (pointing to in_bytes with offsets {0; 8; 16; 24; 32};
  out_bytes with offsets {0; 8; 16; 24; 32}; syms0 with offsets [0..9184],0%8;
  __malloc_main_l34 with offsets [0..5304];
  __malloc_miniz_def_alloc_func_l169 with offsets [0..2554784]).
  The imprecision originates from Misaligned
[kernel] miniz_tdef.c:126: 
  more than 20(256) elements to enumerate. Approximating.
[kernel] miniz_tdef.c:126: 
  more than 20(257) elements to enumerate. Approximating.
[eva:alarm] miniz_tdef.c:147: Warning: 
  accessing uninitialized left-value. assert \initialized(&(A + 0)->m_key);
[eva:alarm] miniz_tdef.c:147: Warning: 
  accessing uninitialized left-value. assert \initialized(&(A + 1)->m_key);
[eva:alarm] miniz_tdef.c:147: Warning: 
  signed overflow.
  assert -2147483648 ≤ (int)(A + 0)->m_key + (int)(A + 1)->m_key;
[eva:alarm] miniz_tdef.c:147: Warning: 
  signed overflow.
  assert (int)(A + 0)->m_key + (int)(A + 1)->m_key ≤ 2147483647;
[eva:garbled-mix:write] miniz_tdef.c:147: 
  Assigning imprecise value to (A + 0)->m_key
  (pointing to syms0 with offsets {0}; syms1 with offsets {0}).
  The imprecision originates from Misaligned
[eva:alarm] miniz_tdef.c:152: Warning: 
  accessing uninitialized left-value. assert \initialized(&(A + root)->m_key);
[eva:alarm] miniz_tdef.c:152: Warning: 
  accessing uninitialized left-value. assert \initialized(&(A + leaf)->m_key);
[eva:alarm] miniz_tdef.c:154: Warning: 
  accessing uninitialized left-value. assert \initialized(&(A + root)->m_key);
[eva:garbled-mix:write] miniz_tdef.c:154: 
  Assigning imprecise value to (A + next)->m_key
  (pointing to syms0 with offsets {32}; syms1 with offsets {32}).
  The imprecision originates from Misaligned
[eva:alarm] miniz_tdef.c:158: Warning: 
  accessing uninitialized left-value.
  assert \initialized(&(A + tmp_0)->m_key);
  (tmp_0 from leaf++)
[eva:garbled-mix:write] miniz_tdef.c:158: 
  Assigning imprecise value to (A + next)->m_key
  (pointing to syms0 with offsets {32}; syms1 with offsets {32}).
  The imprecision originates from Misaligned
[eva:alarm] miniz_tdef.c:159: Warning: 
  accessing uninitialized left-value. assert \initialized(&(A + root)->m_key);
[eva:alarm] miniz_tdef.c:159: Warning: 
  accessing uninitialized left-value. assert \initialized(&(A + leaf)->m_key);
[eva:alarm] miniz_tdef.c:161: Warning: 
  accessing uninitialized left-value. assert \initialized(&(A + next)->m_key);
[eva:alarm] miniz_tdef.c:161: Warning: 
  accessing uninitialized left-value. assert \initialized(&(A + root)->m_key);
[eva:alarm] miniz_tdef.c:161: Warning: 
  signed overflow.
  assert -2147483648 ≤ (int)(A + next)->m_key + (int)(A + root)->m_key;
[eva:alarm] miniz_tdef.c:161: Warning: 
  signed overflow.
  assert (int)(A + next)->m_key + (int)(A + root)->m_key ≤ 2147483647;
[eva:garbled-mix:write] miniz_tdef.c:161: 
  Assigning imprecise value to (A + next)->m_key
  (pointing to syms0 with offsets {32}; syms1 with offsets {32}).
  The imprecision originates from Misaligned
[eva:alarm] miniz_tdef.c:165: Warning: 
  accessing uninitialized left-value. assert \initialized(&(A + next)->m_key);
[eva:alarm] miniz_tdef.c:165: Warning: 
  accessing uninitialized left-value.
  assert \initialized(&(A + tmp_2)->m_key);
  (tmp_2 from leaf++)
[eva:alarm] miniz_tdef.c:165: Warning: 
  signed overflow.
  assert -2147483648 ≤ (int)(A + next)->m_key + (int)(A + tmp_2)->m_key;
  (tmp_2 from leaf++)
[eva:alarm] miniz_tdef.c:165: Warning: 
  signed overflow.
  assert (int)(A + next)->m_key + (int)(A + tmp_2)->m_key ≤ 2147483647;
  (tmp_2 from leaf++)
[eva:garbled-mix:write] miniz_tdef.c:165: 
  Assigning imprecise value to (A + next)->m_key
  (pointing to syms0 with offsets {32}; syms1 with offsets {32}).
  The imprecision originates from Misaligned
[eva:garbled-mix:write] miniz_tdef.c:154: 
  Assigning imprecise value to (A + next)->m_key
  (pointing to syms0 with offsets {64}; syms1 with offsets {64}).
  The imprecision originates from Misaligned
[eva:garbled-mix:write] miniz_tdef.c:158: 
  Assigning imprecise value to (A + next)->m_key
  (pointing to syms0 with offsets {64}; syms1 with offsets {64}).
  The imprecision originates from Misaligned
[eva:garbled-mix:write] miniz_tdef.c:161: 
  Assigning imprecise value to (A + next)->m_key
  (pointing to syms0 with offsets {64}; syms1 with offsets {64}).
  The imprecision originates from Misaligned
[eva:garbled-mix:write] miniz_tdef.c:165: 
  Assigning imprecise value to (A + next)->m_key
  (pointing to syms0 with offsets {64}; syms1 with offsets {64}).
  The imprecision originates from Misaligned
[eva] miniz_tdef.c:150: starting to merge loop iterations
[eva:garbled-mix:write] miniz_tdef.c:154: 
  Assigning imprecise value to (A + next)->m_key
  (pointing to syms0 with offsets {64; 96}; syms1 with offsets {64; 96}).
  The imprecision originates from Misaligned
[eva:garbled-mix:write] miniz_tdef.c:158: 
  Assigning imprecise value to (A + next)->m_key
  (pointing to syms0 with offsets {64; 96}; syms1 with offsets {64; 96}).
  The imprecision originates from Misaligned
[eva:garbled-mix:write] miniz_tdef.c:161: 
  Assigning imprecise value to (A + next)->m_key
  (pointing to syms0 with offsets {64; 96}; syms1 with offsets {64; 96}).
  The imprecision originates from Misaligned
[eva:garbled-mix:write] miniz_tdef.c:165: 
  Assigning imprecise value to (A + next)->m_key
  (pointing to syms0 with offsets {64; 96}; syms1 with offsets {64; 96}).
  The imprecision originates from Misaligned
[eva:garbled-mix:write] miniz_tdef.c:154: 
  Assigning imprecise value to (A + next)->m_key
  (pointing to syms0 with offsets [64..9152],0%32;
  syms1 with offsets [64..9152],0%32).
  The imprecision originates from Misaligned
[kernel] miniz_tdef.c:154: 
  more than 20(285) locations to update in array. Approximating.
[kernel] miniz_tdef.c:154: 
  more than 20(285) elements to enumerate. Approximating.
[eva:garbled-mix:write] miniz_tdef.c:158: 
  Assigning imprecise value to (A + next)->m_key
  (pointing to syms0 with offsets [64..9152],0%32;
  syms1 with offsets [64..9152],0%32).
  The imprecision originates from Misaligned
[kernel] miniz_tdef.c:158: 
  more than 20(285) locations to update in array. Approximating.
[eva:garbled-mix:write] miniz_tdef.c:161: 
  Assigning imprecise value to (A + next)->m_key
  (pointing to syms0 with offsets [64..9152],0%32;
  syms1 with offsets [64..9152],0%32).
  The imprecision originates from Misaligned
[kernel] miniz_tdef.c:161: 
  more than 20(285) locations to update in array. Approximating.
[eva:garbled-mix:write] miniz_tdef.c:165: 
  Assigning imprecise value to (A + next)->m_key
  (pointing to syms0 with offsets [64..9152],0%32;
  syms1 with offsets [64..9152],0%32).
  The imprecision originates from Misaligned
[kernel] miniz_tdef.c:165: 
  more than 20(285) locations to update in array. Approximating.
[eva:alarm] miniz_tdef.c:152: Warning: 
  out of bounds read. assert \valid_read(&(A + root)->m_key);
[eva:alarm] miniz_tdef.c:154: Warning: 
  out of bounds read. assert \valid_read(&(A + root)->m_key);
[kernel] miniz_tdef.c:155: 
  more than 20(288) locations to update in array. Approximating.
[kernel] miniz_tdef.c:158: 
  more than 20(285) elements to enumerate. Approximating.
[eva:alarm] miniz_tdef.c:161: Warning: 
  out of bounds read. assert \valid_read(&(A + root)->m_key);
[kernel] miniz_tdef.c:162: 
  more than 20(288) locations to update in array. Approximating.
[kernel] miniz_tdef.c:167: 
  more than 20(287) locations to update in array. Approximating.
[kernel] miniz_tdef.c:167: 
  more than 20(287) elements to enumerate. Approximating.
[eva:alarm] miniz_tdef.c:169: Warning: 
  accessing uninitialized left-value. assert \initialized(&(A + next)->m_key);
[eva:alarm] miniz_tdef.c:169: Warning: 
  accessing uninitialized left-value.
  assert \initialized(&(A + (A + next)->m_key)->m_key);
[eva:alarm] miniz_tdef.c:169: Warning: 
  out of bounds read. assert \valid_read(&(A + (A + next)->m_key)->m_key);
[eva:alarm] miniz_tdef.c:169: Warning: 
  signed overflow.
  assert -2147483648 ≤ (int)(A + (A + next)->m_key)->m_key + 1;
[eva:alarm] miniz_tdef.c:169: Warning: 
  signed overflow.
  assert (int)(A + (A + next)->m_key)->m_key + 1 ≤ 2147483647;
[eva:garbled-mix:write] miniz_tdef.c:169: 
  Assigning imprecise value to (A + next)->m_key
  (pointing to syms0 with offsets [0..9120],0%32;
  syms1 with offsets [0..9120],0%32).
  The imprecision originates from Misaligned
[kernel] miniz_tdef.c:169: 
  more than 20(286) locations to update in array. Approximating.
[kernel] miniz_tdef.c:169: 
  more than 20(286) elements to enumerate. Approximating.
[eva:garbled-mix:write] miniz_tdef.c:169: 
  Assigning imprecise value to (A + next)->m_key
  (pointing to syms0 with offsets [0..9088],0%32;
  syms1 with offsets [0..9088],0%32).
  The imprecision originates from Misaligned
[kernel] miniz_tdef.c:169: 
  more than 20(285) locations to update in array. Approximating.
[kernel] miniz_tdef.c:169: 
  more than 20(285) elements to enumerate. Approximating.
[eva:loop-unroll:auto] miniz_tdef.c:176: Automatic loop unrolling.
[eva:alarm] miniz_tdef.c:176: Warning: 
  accessing uninitialized left-value. assert \initialized(&(A + root)->m_key);
[eva] miniz_tdef.c:176: starting to merge loop iterations
[eva:alarm] miniz_tdef.c:178: Warning: 
  signed overflow. assert used + 1 ≤ 2147483647;
[eva:loop-unroll:auto] miniz_tdef.c:181: Automatic loop unrolling.
[kernel] miniz_tdef.c:183: 
  more than 20(287) locations to update in array. Approximating.
[kernel] miniz_tdef.c:183: 
  more than 20(287) elements to enumerate. Approximating.
[eva:alarm] miniz_tdef.c:186: Warning: 
  signed overflow. assert 2 * used ≤ 2147483647;
[kernel] miniz_tdef.c:183: 
  more than 20(288) locations to update in array. Approximating.
[eva] miniz_tdef.c:181: starting to merge loop iterations
[eva:alarm] miniz_tdef.c:183: Warning: 
  out of bounds write. assert \valid(&(A + tmp_3)->m_key);
                       (tmp_3 from next--)
[eva:alarm] miniz_tdef.c:183: Warning: 
  signed overflow. assert -2147483648 ≤ next - 1;
[eva] miniz_tdef.c:174: starting to merge loop iterations
[eva:alarm] miniz_tdef.c:187: Warning: 
  signed overflow. assert dpth + 1 ≤ 2147483647;
[kernel] miniz_tdef.c:152: 
  more than 20(286) elements to enumerate. Approximating.
[kernel] miniz_tdef.c:154: 
  more than 20(286) elements to enumerate. Approximating.
[eva:alarm] miniz_tdef.c:247: Warning: 
  accessing uninitialized left-value. assert \initialized(&(pSyms + i)->m_key);
[eva:alarm] miniz_tdef.c:247: Warning: 
  accessing out of bounds index. assert 0 ≤ (pSyms + i)->m_key;
[eva:alarm] miniz_tdef.c:247: Warning: 
  accessing out of bounds index.
  assert (pSyms + i)->m_key < (int)(1 + TDEFL_MAX_SUPPORTED_HUFF_CODESIZE);
[eva:alarm] miniz_tdef.c:247: Warning: 
  out of bounds write. assert \valid(&num_codes[(pSyms + i)->m_key]);
[eva:alarm] miniz_tdef.c:247: Warning: 
  accessing uninitialized left-value.
  assert \initialized(&num_codes[(pSyms + i)->m_key]);
[eva:alarm] miniz_tdef.c:247: Warning: 
  signed overflow. assert -2147483648 ≤ num_codes[(pSyms + i)->m_key] + 1;
[eva:alarm] miniz_tdef.c:247: Warning: 
  signed overflow. assert num_codes[(pSyms + i)->m_key] + 1 ≤ 2147483647;
[eva:garbled-mix:write] miniz_tdef.c:247: 
  Assigning imprecise value to num_codes[(pSyms + i)->m_key].
  The imprecision originates from Misaligned
[eva] miniz_tdef.c:246: starting to merge loop iterations
[kernel] miniz_tdef.c:247: 
  more than 20(29) elements to enumerate. Approximating.
[kernel] miniz_tdef.c:247: 
  more than 20(30) elements to enumerate. Approximating.
[kernel] miniz_tdef.c:247: 
  more than 20(31) elements to enumerate. Approximating.
[kernel] miniz_tdef.c:247: 
  more than 20(32) elements to enumerate. Approximating.
[eva:alarm] miniz_tdef.c:204: Warning: 
  signed overflow.
  assert -2147483648 ≤ *(pNum_codes + max_code_size) + *(pNum_codes + i);
[eva:alarm] miniz_tdef.c:204: Warning: 
  signed overflow.
  assert *(pNum_codes + max_code_size) + *(pNum_codes + i) ≤ 2147483647;
[eva:garbled-mix:write] miniz_tdef.c:204: 
  Assigning imprecise value to *(pNum_codes + max_code_size)
  (pointing to num_codes with offsets {480}).
  The imprecision originates from Misaligned
[eva] miniz_tdef.c:203: starting to merge loop iterations
[eva:garbled-mix:write] miniz_tdef.c:206: 
  Assigning imprecise value to total.
  The imprecision originates from Misaligned
[eva] miniz_tdef.c:205: starting to merge loop iterations
[eva:alarm] miniz_tdef.c:209: Warning: 
  signed overflow. assert -2147483648 ≤ *(pNum_codes + max_code_size) - 1;
[eva:alarm] miniz_tdef.c:209: Warning: 
  signed overflow. assert *(pNum_codes + max_code_size) - 1 ≤ 2147483647;
[eva:garbled-mix:write] miniz_tdef.c:209: 
  Assigning imprecise value to *(pNum_codes + max_code_size)
  (pointing to num_codes with offsets {480}).
  The imprecision originates from Misaligned
[eva] miniz_tdef.c:210: starting to merge loop iterations
[eva:alarm] miniz_tdef.c:213: Warning: 
  signed overflow. assert -2147483648 ≤ *(pNum_codes + i) - 1;
[eva:alarm] miniz_tdef.c:213: Warning: 
  signed overflow. assert *(pNum_codes + i) - 1 ≤ 2147483647;
[eva:garbled-mix:write] miniz_tdef.c:213: 
  Assigning imprecise value to *(pNum_codes + i)
  (pointing to num_codes with offsets {32; 64; 96; 128; 160; 192; 224; 256;
                                       288; 320; 352; 384; 416; 448}).
  The imprecision originates from Misaligned
[eva:alarm] miniz_tdef.c:214: Warning: 
  signed overflow. assert -2147483648 ≤ *(pNum_codes + (int)(i + 1)) + 2;
[eva:alarm] miniz_tdef.c:214: Warning: 
  signed overflow. assert *(pNum_codes + (int)(i + 1)) + 2 ≤ 2147483647;
[eva:garbled-mix:write] miniz_tdef.c:214: 
  Assigning imprecise value to *(pNum_codes + (i + 1))
  (pointing to num_codes with offsets {64; 96; 128; 160; 192; 224; 256; 288;
                                       320; 352; 384; 416; 448; 480}).
  The imprecision originates from Misaligned
[eva:garbled-mix:write] miniz_tdef.c:217: 
  Assigning imprecise value to total.
  The imprecision originates from Misaligned
[eva:garbled-mix:write] miniz_tdef.c:254: 
  Assigning imprecise value to l.
  The imprecision originates from Misaligned
[eva:alarm] miniz_tdef.c:255: Warning: 
  accessing uninitialized left-value.
  assert \initialized(&(pSyms + j)->m_sym_index);
[eva:alarm] miniz_tdef.c:255: Warning: 
  out of bounds read. assert \valid_read(&(pSyms + j)->m_sym_index);
[eva:alarm] miniz_tdef.c:255: Warning: 
  accessing out of bounds index. assert 0 ≤ (pSyms + j)->m_sym_index;
[eva:alarm] miniz_tdef.c:255: Warning: 
  accessing out of bounds index.
  assert (pSyms + j)->m_sym_index < TDEFL_MAX_HUFF_SYMBOLS;
[eva:alarm] miniz_tdef.c:255: Warning: 
  out of bounds write.
  assert \valid(&d->m_huff_code_sizes[table_num][(pSyms + j)->m_sym_index]);
[eva:alarm] miniz_tdef.c:254: Warning: 
  signed overflow. assert -2147483648 ≤ l - 1;
[eva:alarm] miniz_tdef.c:254: Warning: 
  signed overflow. assert l - 1 ≤ 2147483647;
[eva:garbled-mix:write] miniz_tdef.c:254: 
  Assigning imprecise value to l.
  The imprecision originates from Misaligned
[kernel] miniz_tdef.c:255: 
  more than 20(287) elements to enumerate. Approximating.
[eva] miniz_tdef.c:254: starting to merge loop iterations
[eva] miniz_tdef.c:253: starting to merge loop iterations
[eva:garbled-mix:write] miniz_tdef.c:270: 
  Assigning imprecise value to d->m_huff_codes[table_num][i]
  (pointing to __malloc_miniz_def_alloc_func_l169 with offsets {279648; 279664;
                                                                279680; 279696}).
  The imprecision originates from Misaligned
[eva:alarm] miniz_tdef.c:237: Warning: 
  accessing uninitialized left-value. assert \initialized(pSym_count + i);
[eva:alarm] miniz_tdef.c:239: Warning: 
  accessing uninitialized left-value. assert \initialized(pSym_count + i);
[eva:garbled-mix:write] miniz_tdef.c:270: 
  Assigning imprecise value to d->m_huff_codes[table_num][i]
  (pointing to __malloc_miniz_def_alloc_func_l169 with offsets {284256; 284272;
                                                                284288; 284304}).
  The imprecision originates from Misaligned
[eva:alarm] miniz_tdef.c:352: Warning: 
  accessing uninitialized left-value.
  assert \initialized(&d->m_huff_code_sizes[0][(int)(num_lit_codes - 1)]);
[eva] miniz_tdef.c:351: starting to merge loop iterations
[eva] miniz_tdef.c:354: starting to merge loop iterations
[kernel] miniz_tdef.c:359: too many locations to update in array. Approximating.
[eva:alarm] miniz_tdef.c:368: Warning: 
  accessing uninitialized left-value.
  assert \initialized(&code_sizes_to_pack[i]);
[eva:garbled-mix:write] miniz_tdef.c:368: 
  Assigning imprecise value to code_size.
  The imprecision originates from Misaligned
[eva:alarm] miniz_tdef.c:383: Warning: 
  accessing out of bounds index. assert 0 ≤ code_size;
[eva:alarm] miniz_tdef.c:383: Warning: 
  accessing out of bounds index. assert code_size < TDEFL_MAX_HUFF_SYMBOLS;
[eva:alarm] miniz_tdef.c:383: Warning: 
  out of bounds write. assert \valid(&d->m_huff_count[2][code_size]);
[eva:alarm] miniz_tdef.c:383: Warning: 
  accessing uninitialized left-value.
  assert \initialized(&d->m_huff_count[2][code_size]);
[eva:alarm] miniz_tdef.c:383: Warning: 
  signed overflow.
  assert -2147483648 ≤ (int)d->m_huff_count[2][code_size] + 1;
[eva:alarm] miniz_tdef.c:383: Warning: 
  signed overflow.
  assert (int)d->m_huff_count[2][code_size] + 1 ≤ 2147483647;
[eva:garbled-mix:write] miniz_tdef.c:383: 
  Assigning imprecise value to d->m_huff_count[2][code_size]
  (pointing to in_bytes with offsets {0; 8; 16; 24; 32; 40; 48};
  out_bytes with offsets {0; 8; 16; 24; 32; 40; 48};
  __malloc_main_l34 with offsets [0..5320];
  __malloc_miniz_def_alloc_func_l169 with offsets [0..2554800]).
  The imprecision originates from Misaligned
[eva:garbled-mix:write] miniz_tdef.c:384: 
  Assigning imprecise value to packed_code_sizes[tmp_19].
  The imprecision originates from Misaligned
[eva:garbled-mix:write] miniz_tdef.c:391: 
  Assigning imprecise value to prev_code_size.
  The imprecision originates from Misaligned
[eva:alarm] miniz_tdef.c:371: Warning: 
  accessing out of bounds index. assert 0 ≤ prev_code_size;
[eva:alarm] miniz_tdef.c:371: Warning: 
  accessing out of bounds index.
  assert prev_code_size < TDEFL_MAX_HUFF_SYMBOLS;
[eva:alarm] miniz_tdef.c:371: Warning: 
  out of bounds write. assert \valid(&d->m_huff_count[2][prev_code_size]);
[eva:alarm] miniz_tdef.c:371: Warning: 
  accessing uninitialized left-value.
  assert \initialized(&d->m_huff_count[2][prev_code_size]);
[eva:garbled-mix:write] miniz_tdef.c:371: 
  Assigning imprecise value to d->m_huff_count[2][prev_code_size]
  (pointing to in_bytes with offsets {0; 8; 16; 24; 32; 40; 48};
  out_bytes with offsets {0; 8; 16; 24; 32; 40; 48};
  __malloc_main_l34 with offsets [0..5320];
  __malloc_miniz_def_alloc_func_l169 with offsets [0..2554800]).
  The imprecision originates from Misaligned
[eva:loop-unroll:auto] miniz_tdef.c:371: Automatic loop unrolling.
[eva:garbled-mix:write] miniz_tdef.c:371: 
  Assigning imprecise value to packed_code_sizes[tmp].
  The imprecision originates from Misaligned
[eva:garbled-mix:write] miniz_tdef.c:379: 
  Assigning imprecise value to d->m_huff_count[2][0]
  (pointing to __malloc_miniz_def_alloc_func_l169 with offsets {275024}).
  The imprecision originates from Misaligned
[eva:loop-unroll:auto] miniz_tdef.c:379: Automatic loop unrolling.
[eva:alarm] miniz_tdef.c:382: Warning: 
  accessing out of bounds index. assert 0 ≤ prev_code_size;
[eva:alarm] miniz_tdef.c:382: Warning: 
  accessing out of bounds index.
  assert prev_code_size < TDEFL_MAX_HUFF_SYMBOLS;
[eva:alarm] miniz_tdef.c:382: Warning: 
  out of bounds write. assert \valid(&d->m_huff_count[2][prev_code_size]);
[eva:alarm] miniz_tdef.c:382: Warning: 
  accessing uninitialized left-value.
  assert \initialized(&d->m_huff_count[2][prev_code_size]);
[eva:garbled-mix:write] miniz_tdef.c:382: 
  Assigning imprecise value to d->m_huff_count[2][prev_code_size]
  (pointing to in_bytes with offsets {0; 8; 16; 24; 32; 40; 48};
  out_bytes with offsets {0; 8; 16; 24; 32; 40; 48};
  __malloc_main_l34 with offsets [0..5320];
  __malloc_miniz_def_alloc_func_l169 with offsets [0..2554800]).
  The imprecision originates from Misaligned
[eva:loop-unroll:auto] miniz_tdef.c:382: Automatic loop unrolling.
[eva:garbled-mix:write] miniz_tdef.c:382: 
  Assigning imprecise value to packed_code_sizes[tmp_15].
  The imprecision originates from Misaligned
[eva] miniz_tdef.c:371: starting to merge loop iterations
[eva:alarm] miniz_tdef.c:371: Warning: 
  accessing out of bounds index.
  assert tmp < (int)(TDEFL_MAX_HUFF_SYMBOLS_0 + TDEFL_MAX_HUFF_SYMBOLS_1);
  (tmp from num_packed_code_sizes++)
[eva] miniz_tdef.c:379: starting to merge loop iterations
[eva:alarm] miniz_tdef.c:379: Warning: 
  accessing out of bounds index.
  assert tmp_9 < (int)(TDEFL_MAX_HUFF_SYMBOLS_0 + TDEFL_MAX_HUFF_SYMBOLS_1);
  (tmp_9 from num_packed_code_sizes++)
[eva:alarm] miniz_tdef.c:382: Warning: 
  accessing out of bounds index.
  assert tmp_15 < (int)(TDEFL_MAX_HUFF_SYMBOLS_0 + TDEFL_MAX_HUFF_SYMBOLS_1);
  (tmp_15 from num_packed_code_sizes++)
[eva] miniz_tdef.c:382: starting to merge loop iterations
[eva:alarm] miniz_tdef.c:384: Warning: 
  accessing out of bounds index.
  assert tmp_19 < (int)(TDEFL_MAX_HUFF_SYMBOLS_0 + TDEFL_MAX_HUFF_SYMBOLS_1);
  (tmp_19 from num_packed_code_sizes++)
[eva:alarm] miniz_tdef.c:371: Warning: 
  signed overflow. assert -2147483648 ≤ (int)d->m_huff_count[2][16] + 1;
[eva:alarm] miniz_tdef.c:371: Warning: 
  signed overflow. assert (int)d->m_huff_count[2][16] + 1 ≤ 2147483647;
[eva:garbled-mix:write] miniz_tdef.c:371: 
  Assigning imprecise value to d->m_huff_count[2][16]
  (pointing to __malloc_miniz_def_alloc_func_l169 with offsets {275280}).
  The imprecision originates from Misaligned
[eva:alarm] miniz_tdef.c:371: Warning: 
  accessing out of bounds index.
  assert tmp_1 < (int)(TDEFL_MAX_HUFF_SYMBOLS_0 + TDEFL_MAX_HUFF_SYMBOLS_1);
  (tmp_1 from num_packed_code_sizes++)
[eva:alarm] miniz_tdef.c:371: Warning: 
  accessing out of bounds index.
  assert tmp_2 < (int)(TDEFL_MAX_HUFF_SYMBOLS_0 + TDEFL_MAX_HUFF_SYMBOLS_1);
  (tmp_2 from num_packed_code_sizes++)
[eva:alarm] miniz_tdef.c:379: Warning: 
  signed overflow. assert -2147483648 ≤ (int)d->m_huff_count[2][17] + 1;
[eva:alarm] miniz_tdef.c:379: Warning: 
  signed overflow. assert (int)d->m_huff_count[2][17] + 1 ≤ 2147483647;
[eva:garbled-mix:write] miniz_tdef.c:379: 
  Assigning imprecise value to d->m_huff_count[2][17]
  (pointing to __malloc_miniz_def_alloc_func_l169 with offsets {275296}).
  The imprecision originates from Misaligned
[eva:alarm] miniz_tdef.c:379: Warning: 
  accessing out of bounds index.
  assert tmp_11 < (int)(TDEFL_MAX_HUFF_SYMBOLS_0 + TDEFL_MAX_HUFF_SYMBOLS_1);
  (tmp_11 from num_packed_code_sizes++)
[eva:alarm] miniz_tdef.c:379: Warning: 
  accessing out of bounds index.
  assert tmp_12 < (int)(TDEFL_MAX_HUFF_SYMBOLS_0 + TDEFL_MAX_HUFF_SYMBOLS_1);
  (tmp_12 from num_packed_code_sizes++)
[eva:alarm] miniz_tdef.c:382: Warning: 
  signed overflow. assert -2147483648 ≤ (int)d->m_huff_count[2][16] + 1;
[eva:alarm] miniz_tdef.c:382: Warning: 
  signed overflow. assert (int)d->m_huff_count[2][16] + 1 ≤ 2147483647;
[eva:garbled-mix:write] miniz_tdef.c:382: 
  Assigning imprecise value to d->m_huff_count[2][16]
  (pointing to __malloc_miniz_def_alloc_func_l169 with offsets {275280}).
  The imprecision originates from Misaligned
[eva:alarm] miniz_tdef.c:382: Warning: 
  accessing out of bounds index.
  assert tmp_17 < (int)(TDEFL_MAX_HUFF_SYMBOLS_0 + TDEFL_MAX_HUFF_SYMBOLS_1);
  (tmp_17 from num_packed_code_sizes++)
[eva:alarm] miniz_tdef.c:382: Warning: 
  accessing out of bounds index.
  assert tmp_18 < (int)(TDEFL_MAX_HUFF_SYMBOLS_0 + TDEFL_MAX_HUFF_SYMBOLS_1);
  (tmp_18 from num_packed_code_sizes++)
[eva] miniz_tdef.c:366: starting to merge loop iterations
[eva:alarm] miniz_tdef.c:388: Warning: 
  signed overflow. assert -2147483648 ≤ (int)d->m_huff_count[2][16] + 1;
[eva:alarm] miniz_tdef.c:388: Warning: 
  signed overflow. assert (int)d->m_huff_count[2][16] + 1 ≤ 2147483647;
[eva:garbled-mix:write] miniz_tdef.c:388: 
  Assigning imprecise value to d->m_huff_count[2][16]
  (pointing to __malloc_miniz_def_alloc_func_l169 with offsets {275280}).
  The imprecision originates from Misaligned
[eva:alarm] miniz_tdef.c:388: Warning: 
  accessing out of bounds index.
  assert tmp_22 < (int)(TDEFL_MAX_HUFF_SYMBOLS_0 + TDEFL_MAX_HUFF_SYMBOLS_1);
  (tmp_22 from num_packed_code_sizes++)
[eva:alarm] miniz_tdef.c:388: Warning: 
  accessing out of bounds index.
  assert tmp_23 < (int)(TDEFL_MAX_HUFF_SYMBOLS_0 + TDEFL_MAX_HUFF_SYMBOLS_1);
  (tmp_23 from num_packed_code_sizes++)
[eva:alarm] miniz_tdef.c:379: Warning: 
  signed overflow. assert -2147483648 ≤ (int)d->m_huff_count[2][18] + 1;
[eva:alarm] miniz_tdef.c:379: Warning: 
  signed overflow. assert (int)d->m_huff_count[2][18] + 1 ≤ 2147483647;
[eva:garbled-mix:write] miniz_tdef.c:379: 
  Assigning imprecise value to d->m_huff_count[2][18]
  (pointing to __malloc_miniz_def_alloc_func_l169 with offsets {275312}).
  The imprecision originates from Misaligned
[eva:alarm] miniz_tdef.c:379: Warning: 
  accessing out of bounds index.
  assert tmp_13 < (int)(TDEFL_MAX_HUFF_SYMBOLS_0 + TDEFL_MAX_HUFF_SYMBOLS_1);
  (tmp_13 from num_packed_code_sizes++)
[eva:alarm] miniz_tdef.c:379: Warning: 
  accessing out of bounds index.
  assert tmp_14 < (int)(TDEFL_MAX_HUFF_SYMBOLS_0 + TDEFL_MAX_HUFF_SYMBOLS_1);
  (tmp_14 from num_packed_code_sizes++)
[eva:alarm] miniz_tdef.c:374: Warning: 
  signed overflow. assert -2147483648 ≤ (int)d->m_huff_count[2][18] + 1;
[eva:alarm] miniz_tdef.c:374: Warning: 
  signed overflow. assert (int)d->m_huff_count[2][18] + 1 ≤ 2147483647;
[eva:garbled-mix:write] miniz_tdef.c:374: 
  Assigning imprecise value to d->m_huff_count[2][18]
  (pointing to __malloc_miniz_def_alloc_func_l169 with offsets {275312}).
  The imprecision originates from Misaligned
[eva:alarm] miniz_tdef.c:374: Warning: 
  accessing out of bounds index.
  assert tmp_7 < (int)(TDEFL_MAX_HUFF_SYMBOLS_0 + TDEFL_MAX_HUFF_SYMBOLS_1);
  (tmp_7 from num_packed_code_sizes++)
[eva:alarm] miniz_tdef.c:374: Warning: 
  accessing out of bounds index.
  assert tmp_8 < (int)(TDEFL_MAX_HUFF_SYMBOLS_0 + TDEFL_MAX_HUFF_SYMBOLS_1);
  (tmp_8 from num_packed_code_sizes++)
[eva:alarm] miniz_tdef.c:395: Warning: 
  accessing out of bounds index. assert 0 ≤ prev_code_size;
[eva:alarm] miniz_tdef.c:395: Warning: 
  accessing out of bounds index.
  assert prev_code_size < TDEFL_MAX_HUFF_SYMBOLS;
[eva:alarm] miniz_tdef.c:395: Warning: 
  out of bounds write. assert \valid(&d->m_huff_count[2][prev_code_size]);
[eva:alarm] miniz_tdef.c:395: Warning: 
  accessing uninitialized left-value.
  assert \initialized(&d->m_huff_count[2][prev_code_size]);
[eva:garbled-mix:write] miniz_tdef.c:395: 
  Assigning imprecise value to d->m_huff_count[2][prev_code_size]
  (pointing to in_bytes with offsets {0; 8; 16; 24; 32; 40; 48};
  out_bytes with offsets {0; 8; 16; 24; 32; 40; 48};
  __malloc_main_l34 with offsets [0..5320];
  __malloc_miniz_def_alloc_func_l169 with offsets [0..2554800]).
  The imprecision originates from Misaligned
[eva:alarm] miniz_tdef.c:395: Warning: 
  accessing out of bounds index.
  assert tmp_24 < (int)(TDEFL_MAX_HUFF_SYMBOLS_0 + TDEFL_MAX_HUFF_SYMBOLS_1);
  (tmp_24 from num_packed_code_sizes++)
[eva:garbled-mix:write] miniz_tdef.c:395: 
  Assigning imprecise value to packed_code_sizes[tmp_24].
  The imprecision originates from Misaligned
[eva] miniz_tdef.c:395: starting to merge loop iterations
[eva:alarm] miniz_tdef.c:395: Warning: 
  signed overflow. assert -2147483648 ≤ (int)d->m_huff_count[2][16] + 1;
[eva:alarm] miniz_tdef.c:395: Warning: 
  signed overflow. assert (int)d->m_huff_count[2][16] + 1 ≤ 2147483647;
[eva:garbled-mix:write] miniz_tdef.c:395: 
  Assigning imprecise value to d->m_huff_count[2][16]
  (pointing to __malloc_miniz_def_alloc_func_l169 with offsets {275280}).
  The imprecision originates from Misaligned
[eva:alarm] miniz_tdef.c:395: Warning: 
  accessing out of bounds index.
  assert tmp_26 < (int)(TDEFL_MAX_HUFF_SYMBOLS_0 + TDEFL_MAX_HUFF_SYMBOLS_1);
  (tmp_26 from num_packed_code_sizes++)
[eva:alarm] miniz_tdef.c:395: Warning: 
  accessing out of bounds index.
  assert tmp_27 < (int)(TDEFL_MAX_HUFF_SYMBOLS_0 + TDEFL_MAX_HUFF_SYMBOLS_1);
  (tmp_27 from num_packed_code_sizes++)
[eva:garbled-mix:write] miniz_tdef.c:399: 
  Assigning imprecise value to d->m_huff_count[2][0]
  (pointing to __malloc_miniz_def_alloc_func_l169 with offsets {275024}).
  The imprecision originates from Misaligned
[eva:alarm] miniz_tdef.c:399: Warning: 
  accessing out of bounds index.
  assert tmp_28 < (int)(TDEFL_MAX_HUFF_SYMBOLS_0 + TDEFL_MAX_HUFF_SYMBOLS_1);
  (tmp_28 from num_packed_code_sizes++)
[eva] miniz_tdef.c:399: starting to merge loop iterations
[eva:alarm] miniz_tdef.c:399: Warning: 
  signed overflow. assert -2147483648 ≤ (int)d->m_huff_count[2][17] + 1;
[eva:alarm] miniz_tdef.c:399: Warning: 
  signed overflow. assert (int)d->m_huff_count[2][17] + 1 ≤ 2147483647;
[eva:garbled-mix:write] miniz_tdef.c:399: 
  Assigning imprecise value to d->m_huff_count[2][17]
  (pointing to __malloc_miniz_def_alloc_func_l169 with offsets {275296}).
  The imprecision originates from Misaligned
[eva:alarm] miniz_tdef.c:399: Warning: 
  accessing out of bounds index.
  assert tmp_30 < (int)(TDEFL_MAX_HUFF_SYMBOLS_0 + TDEFL_MAX_HUFF_SYMBOLS_1);
  (tmp_30 from num_packed_code_sizes++)
[eva:alarm] miniz_tdef.c:399: Warning: 
  accessing out of bounds index.
  assert tmp_31 < (int)(TDEFL_MAX_HUFF_SYMBOLS_0 + TDEFL_MAX_HUFF_SYMBOLS_1);
  (tmp_31 from num_packed_code_sizes++)
[eva:alarm] miniz_tdef.c:399: Warning: 
  signed overflow. assert -2147483648 ≤ (int)d->m_huff_count[2][18] + 1;
[eva:alarm] miniz_tdef.c:399: Warning: 
  signed overflow. assert (int)d->m_huff_count[2][18] + 1 ≤ 2147483647;
[eva:garbled-mix:write] miniz_tdef.c:399: 
  Assigning imprecise value to d->m_huff_count[2][18]
  (pointing to __malloc_miniz_def_alloc_func_l169 with offsets {275312}).
  The imprecision originates from Misaligned
[eva:alarm] miniz_tdef.c:399: Warning: 
  accessing out of bounds index.
  assert tmp_32 < (int)(TDEFL_MAX_HUFF_SYMBOLS_0 + TDEFL_MAX_HUFF_SYMBOLS_1);
  (tmp_32 from num_packed_code_sizes++)
[eva:alarm] miniz_tdef.c:399: Warning: 
  accessing out of bounds index.
  assert tmp_33 < (int)(TDEFL_MAX_HUFF_SYMBOLS_0 + TDEFL_MAX_HUFF_SYMBOLS_1);
  (tmp_33 from num_packed_code_sizes++)
[eva:garbled-mix:write] miniz_tdef.c:204: 
  Assigning imprecise value to *(pNum_codes + max_code_size)
  (pointing to num_codes with offsets {224}).
  The imprecision originates from Misaligned
[eva:garbled-mix:write] miniz_tdef.c:209: 
  Assigning imprecise value to *(pNum_codes + max_code_size)
  (pointing to num_codes with offsets {224}).
  The imprecision originates from Misaligned
[eva:garbled-mix:write] miniz_tdef.c:213: 
  Assigning imprecise value to *(pNum_codes + i)
  (pointing to num_codes with offsets {32; 64; 96; 128; 160; 192}).
  The imprecision originates from Misaligned
[eva:garbled-mix:write] miniz_tdef.c:214: 
  Assigning imprecise value to *(pNum_codes + (i + 1))
  (pointing to num_codes with offsets {64; 96; 128; 160; 192; 224}).
  The imprecision originates from Misaligned
[eva:garbled-mix:write] miniz_tdef.c:270: 
  Assigning imprecise value to d->m_huff_codes[table_num][i]
  (pointing to __malloc_miniz_def_alloc_func_l169 with offsets {288848}).
  The imprecision originates from Misaligned
[eva:garbled-mix:write] miniz_tdef.c:270: 
  Assigning imprecise value to d->m_huff_codes[table_num][i]
  (pointing to __malloc_miniz_def_alloc_func_l169 with offsets {288864}).
  The imprecision originates from Misaligned
[eva:garbled-mix:write] miniz_tdef.c:270: 
  Assigning imprecise value to d->m_huff_codes[table_num][i]
  (pointing to __malloc_miniz_def_alloc_func_l169 with offsets {288864; 288880}).
  The imprecision originates from Misaligned
[eva:garbled-mix:write] miniz_tdef.c:270: 
  Assigning imprecise value to d->m_huff_codes[table_num][i]
  (pointing to __malloc_miniz_def_alloc_func_l169 with offsets {288864; 288880;
                                                                288896}).
  The imprecision originates from Misaligned
[eva:garbled-mix:write] miniz_tdef.c:270: 
  Assigning imprecise value to d->m_huff_codes[table_num][i]
  (pointing to __malloc_miniz_def_alloc_func_l169 with offsets {288864; 288880;
                                                                288896; 288912}).
  The imprecision originates from Misaligned
[eva:garbled-mix:write] miniz_tdef.c:270: 
  Assigning imprecise value to d->m_huff_codes[table_num][i]
  (pointing to __malloc_miniz_def_alloc_func_l169 with offsets [288864..289136],0%16).
  The imprecision originates from Misaligned
[eva:alarm] miniz_tdef.c:404: Warning: 
  accessing uninitialized left-value. assert \initialized(&d->m_bit_buffer);
[eva:alarm] miniz_tdef.c:404: Warning: 
  accessing uninitialized left-value. assert \initialized(&d->m_bits_in);
[eva:alarm] miniz_tdef.c:404: Warning: 
  invalid RHS operand for shift. assert 0 ≤ d->m_bits_in < 32;
[eva:garbled-mix:write] miniz_tdef.c:404: 
  Assigning imprecise value to d->m_bit_buffer
  (pointing to __malloc_miniz_def_alloc_func_l169 with offsets {768}).
  The imprecision originates from Misaligned
[eva:garbled-mix:write] miniz_tdef.c:404: 
  Assigning imprecise value to d->m_bits_in
  (pointing to __malloc_miniz_def_alloc_func_l169 with offsets {736}).
  The imprecision originates from Misaligned
[eva:alarm] miniz_tdef.c:404: Warning: 
  accessing uninitialized left-value. assert \initialized(&d->m_pOutput_buf);
[eva:alarm] miniz_tdef.c:404: Warning: 
  accessing uninitialized left-value.
  assert \initialized(&d->m_pOutput_buf_end);
[eva:alarm] miniz_tdef.c:404: Warning: 
  pointer comparison.
  assert
  \pointer_comparable((void *)d->m_pOutput_buf, (void *)d->m_pOutput_buf_end);
[eva:garbled-mix:write] miniz_tdef.c:404: 
  Assigning imprecise value to tmp_34.
  The imprecision originates from Misaligned
[eva:garbled-mix:write] miniz_tdef.c:404: 
  Assigning imprecise value to d->m_pOutput_buf
  (pointing to __malloc_miniz_def_alloc_func_l169 with offsets {512}).
  The imprecision originates from Misaligned
[eva:alarm] miniz_tdef.c:404: Warning: 
  out of bounds write. assert \valid(tmp_34);
                       (tmp_34 from d->m_pOutput_buf++)
[eva:garbled-mix:write] miniz_tdef.c:404: 
  Assigning imprecise value to *tmp_34
  (pointing to in_bytes with offsets {0; 8; 16; 24; 32; 40; 48; 56};
  out_bytes with offsets {0; 8; 16; 24; 32; 40; 48; 56};
  __malloc_main_l34 with offsets [0..5328];
  __malloc_miniz_def_alloc_func_l169 with offsets [0..2554808]).
  The imprecision originates from Misaligned
[eva:garbled-mix:write] miniz_tdef.c:404: 
  Assigning imprecise value to d->m_bit_buffer
  (pointing to __malloc_miniz_def_alloc_func_l169 with offsets {768}).
  The imprecision originates from Misaligned
[eva:garbled-mix:write] miniz_tdef.c:404: 
  Assigning imprecise value to d->m_bits_in
  (pointing to __malloc_miniz_def_alloc_func_l169 with offsets {736}).
  The imprecision originates from Misaligned
[eva:alarm] miniz_tdef.c:406: Warning: 
  invalid RHS operand for shift. assert 0 ≤ d->m_bits_in < 32;
[eva:garbled-mix:write] miniz_tdef.c:406: 
  Assigning imprecise value to d->m_bit_buffer
  (pointing to __malloc_miniz_def_alloc_func_l169 with offsets {768}).
  The imprecision originates from Misaligned
[eva:garbled-mix:write] miniz_tdef.c:406: 
  Assigning imprecise value to d->m_bits_in
  (pointing to __malloc_miniz_def_alloc_func_l169 with offsets {736}).
  The imprecision originates from Misaligned
[eva:alarm] miniz_tdef.c:406: Warning: 
  pointer comparison.
  assert
  \pointer_comparable((void *)d->m_pOutput_buf, (void *)d->m_pOutput_buf_end);
[eva:alarm] miniz_tdef.c:406: Warning: 
  accessing uninitialized left-value. assert \initialized(&d->m_pOutput_buf);
[eva:alarm] miniz_tdef.c:406: Warning: 
  accessing uninitialized left-value.
  assert \initialized(&d->m_pOutput_buf_end);
[eva:garbled-mix:write] miniz_tdef.c:406: 
  Assigning imprecise value to tmp_35.
  The imprecision originates from Misaligned
[eva:garbled-mix:write] miniz_tdef.c:406: 
  Assigning imprecise value to d->m_pOutput_buf
  (pointing to __malloc_miniz_def_alloc_func_l169 with offsets {512}).
  The imprecision originates from Misaligned
[eva:alarm] miniz_tdef.c:406: Warning: 
  out of bounds write. assert \valid(tmp_35);
                       (tmp_35 from d->m_pOutput_buf++)
[eva:garbled-mix:write] miniz_tdef.c:406: 
  Assigning imprecise value to *tmp_35
  (pointing to in_bytes with offsets {0; 8; 16; 24; 32; 40; 48; 56};
  out_bytes with offsets {0; 8; 16; 24; 32; 40; 48; 56};
  __malloc_main_l34 with offsets [0..5328];
  __malloc_miniz_def_alloc_func_l169 with offsets [0..2554808]).
  The imprecision originates from Misaligned
[eva:garbled-mix:write] miniz_tdef.c:406: 
  Assigning imprecise value to d->m_bit_buffer
  (pointing to __malloc_miniz_def_alloc_func_l169 with offsets {768}).
  The imprecision originates from Misaligned
[eva:garbled-mix:write] miniz_tdef.c:406: 
  Assigning imprecise value to d->m_bits_in
  (pointing to __malloc_miniz_def_alloc_func_l169 with offsets {736}).
  The imprecision originates from Misaligned
[eva:alarm] miniz_tdef.c:407: Warning: 
  invalid RHS operand for shift. assert 0 ≤ d->m_bits_in < 32;
[eva:garbled-mix:write] miniz_tdef.c:407: 
  Assigning imprecise value to d->m_bit_buffer
  (pointing to __malloc_miniz_def_alloc_func_l169 with offsets {768}).
  The imprecision originates from Misaligned
[eva:garbled-mix:write] miniz_tdef.c:407: 
  Assigning imprecise value to d->m_bits_in
  (pointing to __malloc_miniz_def_alloc_func_l169 with offsets {736}).
  The imprecision originates from Misaligned
[eva:alarm] miniz_tdef.c:407: Warning: 
  pointer comparison.
  assert
  \pointer_comparable((void *)d->m_pOutput_buf, (void *)d->m_pOutput_buf_end);
[eva:alarm] miniz_tdef.c:407: Warning: 
  accessing uninitialized left-value. assert \initialized(&d->m_pOutput_buf);
[eva:alarm] miniz_tdef.c:407: Warning: 
  accessing uninitialized left-value.
  assert \initialized(&d->m_pOutput_buf_end);
[eva:garbled-mix:write] miniz_tdef.c:407: 
  Assigning imprecise value to tmp_36.
  The imprecision originates from Misaligned
[eva:garbled-mix:write] miniz_tdef.c:407: 
  Assigning imprecise value to d->m_pOutput_buf
  (pointing to __malloc_miniz_def_alloc_func_l169 with offsets {512}).
  The imprecision originates from Misaligned
[eva:alarm] miniz_tdef.c:407: Warning: 
  out of bounds write. assert \valid(tmp_36);
                       (tmp_36 from d->m_pOutput_buf++)
[eva:garbled-mix:write] miniz_tdef.c:407: 
  Assigning imprecise value to *tmp_36
  (pointing to in_bytes with offsets {0; 8; 16; 24; 32; 40; 48; 56};
  out_bytes with offsets {0; 8; 16; 24; 32; 40; 48; 56};
  __malloc_main_l34 with offsets [0..5328];
  __malloc_miniz_def_alloc_func_l169 with offsets [0..2554808]).
  The imprecision originates from Misaligned
[eva:garbled-mix:write] miniz_tdef.c:407: 
  Assigning imprecise value to d->m_bit_buffer
  (pointing to __malloc_miniz_def_alloc_func_l169 with offsets {768}).
  The imprecision originates from Misaligned
[eva:garbled-mix:write] miniz_tdef.c:407: 
  Assigning imprecise value to d->m_bits_in
  (pointing to __malloc_miniz_def_alloc_func_l169 with offsets {736}).
  The imprecision originates from Misaligned
[eva] miniz_tdef.c:409: starting to merge loop iterations
[eva:alarm] miniz_tdef.c:413: Warning: 
  invalid RHS operand for shift. assert 0 ≤ d->m_bits_in < 32;
[eva:garbled-mix:write] miniz_tdef.c:413: 
  Assigning imprecise value to d->m_bit_buffer
  (pointing to __malloc_miniz_def_alloc_func_l169 with offsets {768}).
  The imprecision originates from Misaligned
[eva:garbled-mix:write] miniz_tdef.c:413: 
  Assigning imprecise value to d->m_bits_in
  (pointing to __malloc_miniz_def_alloc_func_l169 with offsets {736}).
  The imprecision originates from Misaligned
[eva:alarm] miniz_tdef.c:413: Warning: 
  accessing uninitialized left-value. assert \initialized(&d->m_pOutput_buf);
[eva:alarm] miniz_tdef.c:413: Warning: 
  accessing uninitialized left-value.
  assert \initialized(&d->m_pOutput_buf_end);
[eva:alarm] miniz_tdef.c:413: Warning: 
  pointer comparison.
  assert
  \pointer_comparable((void *)d->m_pOutput_buf, (void *)d->m_pOutput_buf_end);
[eva:garbled-mix:write] miniz_tdef.c:413: 
  Assigning imprecise value to tmp_37.
  The imprecision originates from Misaligned
[eva:garbled-mix:write] miniz_tdef.c:413: 
  Assigning imprecise value to d->m_pOutput_buf
  (pointing to __malloc_miniz_def_alloc_func_l169 with offsets {512}).
  The imprecision originates from Misaligned
[eva:alarm] miniz_tdef.c:413: Warning: 
  out of bounds write. assert \valid(tmp_37);
                       (tmp_37 from d->m_pOutput_buf++)
[eva:garbled-mix:write] miniz_tdef.c:413: 
  Assigning imprecise value to *tmp_37
  (pointing to in_bytes with offsets {0; 8; 16; 24; 32; 40; 48; 56};
  out_bytes with offsets {0; 8; 16; 24; 32; 40; 48; 56};
  __malloc_main_l34 with offsets [0..5328];
  __malloc_miniz_def_alloc_func_l169 with offsets [0..2554808]).
  The imprecision originates from Misaligned
[eva:garbled-mix:write] miniz_tdef.c:413: 
  Assigning imprecise value to d->m_bit_buffer
  (pointing to __malloc_miniz_def_alloc_func_l169 with offsets {768}).
  The imprecision originates from Misaligned
[eva:garbled-mix:write] miniz_tdef.c:413: 
  Assigning imprecise value to d->m_bits_in
  (pointing to __malloc_miniz_def_alloc_func_l169 with offsets {736}).
  The imprecision originates from Misaligned
[eva:garbled-mix:write] miniz_tdef.c:415: 
  Assigning imprecise value to bits_3.
  The imprecision originates from Misaligned
[eva:alarm] miniz_tdef.c:415: Warning: 
  function __FC_assert: precondition 'nonnull_c' got status unknown.
[eva:alarm] miniz_tdef.c:415: Warning: 
  invalid RHS operand for shift. assert 0 ≤ d->m_bits_in < 32;
[eva:garbled-mix:write] miniz_tdef.c:415: 
  Assigning imprecise value to d->m_bit_buffer
  (pointing to __malloc_miniz_def_alloc_func_l169 with offsets {768}).
  The imprecision originates from Misaligned
[eva:garbled-mix:write] miniz_tdef.c:415: 
  Assigning imprecise value to d->m_bits_in
  (pointing to __malloc_miniz_def_alloc_func_l169 with offsets {736}).
  The imprecision originates from Misaligned
[eva:alarm] miniz_tdef.c:415: Warning: 
  accessing uninitialized left-value. assert \initialized(&d->m_pOutput_buf);
[eva:alarm] miniz_tdef.c:415: Warning: 
  accessing uninitialized left-value.
  assert \initialized(&d->m_pOutput_buf_end);
[eva:alarm] miniz_tdef.c:415: Warning: 
  pointer comparison.
  assert
  \pointer_comparable((void *)d->m_pOutput_buf, (void *)d->m_pOutput_buf_end);
[eva:garbled-mix:write] miniz_tdef.c:415: 
  Assigning imprecise value to tmp_38.
  The imprecision originates from Misaligned
[eva:garbled-mix:write] miniz_tdef.c:415: 
  Assigning imprecise value to d->m_pOutput_buf
  (pointing to __malloc_miniz_def_alloc_func_l169 with offsets {512}).
  The imprecision originates from Misaligned
[eva:alarm] miniz_tdef.c:415: Warning: 
  out of bounds write. assert \valid(tmp_38);
                       (tmp_38 from d->m_pOutput_buf++)
[eva:garbled-mix:write] miniz_tdef.c:415: 
  Assigning imprecise value to *tmp_38
  (pointing to in_bytes with offsets {0; 8; 16; 24; 32; 40; 48; 56};
  out_bytes with offsets {0; 8; 16; 24; 32; 40; 48; 56};
  __malloc_main_l34 with offsets [0..5328];
  __malloc_miniz_def_alloc_func_l169 with offsets [0..2554808]).
  The imprecision originates from Misaligned
[eva:garbled-mix:write] miniz_tdef.c:415: 
  Assigning imprecise value to d->m_bit_buffer
  (pointing to __malloc_miniz_def_alloc_func_l169 with offsets {768}).
  The imprecision originates from Misaligned
[eva:garbled-mix:write] miniz_tdef.c:415: 
  Assigning imprecise value to d->m_bits_in
  (pointing to __malloc_miniz_def_alloc_func_l169 with offsets {736}).
  The imprecision originates from Misaligned
[eva] miniz_tdef.c:415: starting to merge loop iterations
[eva] miniz_tdef.c:414: starting to merge loop iterations
[eva:alarm] miniz_tdef.c:419: Warning: 
  accessing uninitialized left-value.
  assert \initialized(&packed_code_sizes[tmp_39]);
  (tmp_39 from packed_code_sizes_index++)
[eva:garbled-mix:write] miniz_tdef.c:419: 
  Assigning imprecise value to code.
  The imprecision originates from Misaligned
[eva:alarm] miniz_tdef.c:420: Warning: 
  function __FC_assert: precondition 'nonnull_c' got status unknown.
[eva:alarm] miniz_tdef.c:421: Warning: 
  accessing out of bounds index. assert 0 ≤ code;
[eva:alarm] miniz_tdef.c:421: Warning: 
  accessing out of bounds index. assert code < TDEFL_MAX_HUFF_SYMBOLS;
[eva:alarm] miniz_tdef.c:421: Warning: 
  accessing uninitialized left-value.
  assert \initialized(&d->m_huff_codes[2][code]);
[eva:alarm] miniz_tdef.c:421: Warning: 
  out of bounds read. assert \valid_read(&d->m_huff_codes[2][code]);
[eva:garbled-mix:write] miniz_tdef.c:421: 
  Assigning imprecise value to bits_4.
  The imprecision originates from Misaligned
[eva:alarm] miniz_tdef.c:421: Warning: 
  accessing out of bounds index. assert 0 ≤ code;
[eva:alarm] miniz_tdef.c:421: Warning: 
  accessing out of bounds index. assert code < TDEFL_MAX_HUFF_SYMBOLS;
[eva:alarm] miniz_tdef.c:421: Warning: 
  accessing uninitialized left-value.
  assert \initialized(&d->m_huff_code_sizes[2][code]);
[eva:alarm] miniz_tdef.c:421: Warning: 
  out of bounds read. assert \valid_read(&d->m_huff_code_sizes[2][code]);
[eva:garbled-mix:write] miniz_tdef.c:421: 
  Assigning imprecise value to len_4.
  The imprecision originates from Misaligned
[eva:alarm] miniz_tdef.c:421: Warning: 
  invalid RHS operand for shift. assert 0 ≤ len_4 < 32;
[eva:alarm] miniz_tdef.c:421: Warning: 
  function __FC_assert: precondition 'nonnull_c' got status unknown.
[eva:alarm] miniz_tdef.c:421: Warning: 
  invalid RHS operand for shift. assert 0 ≤ d->m_bits_in < 32;
[eva:garbled-mix:write] miniz_tdef.c:421: 
  Assigning imprecise value to d->m_bit_buffer
  (pointing to __malloc_miniz_def_alloc_func_l169 with offsets {768}).
  The imprecision originates from Misaligned
[eva:garbled-mix:write] miniz_tdef.c:421: 
  Assigning imprecise value to d->m_bits_in
  (pointing to __malloc_miniz_def_alloc_func_l169 with offsets {736}).
  The imprecision originates from Misaligned
[eva:alarm] miniz_tdef.c:421: Warning: 
  accessing uninitialized left-value. assert \initialized(&d->m_pOutput_buf);
[eva:alarm] miniz_tdef.c:421: Warning: 
  accessing uninitialized left-value.
  assert \initialized(&d->m_pOutput_buf_end);
[eva:alarm] miniz_tdef.c:421: Warning: 
  pointer comparison.
  assert
  \pointer_comparable((void *)d->m_pOutput_buf, (void *)d->m_pOutput_buf_end);
[eva:garbled-mix:write] miniz_tdef.c:421: 
  Assigning imprecise value to tmp_40.
  The imprecision originates from Misaligned
[eva:garbled-mix:write] miniz_tdef.c:421: 
  Assigning imprecise value to d->m_pOutput_buf
  (pointing to __malloc_miniz_def_alloc_func_l169 with offsets {512}).
  The imprecision originates from Misaligned
[eva:alarm] miniz_tdef.c:421: Warning: 
  out of bounds write. assert \valid(tmp_40);
                       (tmp_40 from d->m_pOutput_buf++)
[eva:garbled-mix:write] miniz_tdef.c:421: 
  Assigning imprecise value to *tmp_40
  (pointing to in_bytes with offsets {0; 8; 16; 24; 32; 40; 48; 56};
  out_bytes with offsets {0; 8; 16; 24; 32; 40; 48; 56};
  __malloc_main_l34 with offsets [0..5328];
  __malloc_miniz_def_alloc_func_l169 with offsets [0..2554808]).
  The imprecision originates from Misaligned
[eva:garbled-mix:write] miniz_tdef.c:421: 
  Assigning imprecise value to d->m_bit_buffer
  (pointing to __malloc_miniz_def_alloc_func_l169 with offsets {768}).
  The imprecision originates from Misaligned
[eva:garbled-mix:write] miniz_tdef.c:421: 
  Assigning imprecise value to d->m_bits_in
  (pointing to __malloc_miniz_def_alloc_func_l169 with offsets {736}).
  The imprecision originates from Misaligned
[eva:alarm] miniz_tdef.c:423: Warning: 
  accessing uninitialized left-value.
  assert \initialized(&packed_code_sizes[tmp_41]);
  (tmp_41 from packed_code_sizes_index++)
[eva:garbled-mix:write] miniz_tdef.c:423: 
  Assigning imprecise value to bits_5.
  The imprecision originates from Misaligned
[eva:alarm] miniz_tdef.c:423: Warning: 
  accessing uninitialized left-value.
  assert \initialized("\002\003\a" + (mz_uint)(code - 16));
[eva:alarm] miniz_tdef.c:423: Warning: 
  out of bounds read. assert \valid_read("\002\003\a" + (mz_uint)(code - 16));
[eva:garbled-mix:write] miniz_tdef.c:423: 
  Assigning imprecise value to len_5.
  The imprecision originates from Misaligned
[eva:alarm] miniz_tdef.c:423: Warning: 
  invalid RHS operand for shift. assert 0 ≤ len_5 < 32;
[eva:alarm] miniz_tdef.c:423: Warning: 
  function __FC_assert: precondition 'nonnull_c' got status unknown.
[eva:alarm] miniz_tdef.c:423: Warning: 
  invalid RHS operand for shift. assert 0 ≤ d->m_bits_in < 32;
[eva:garbled-mix:write] miniz_tdef.c:423: 
  Assigning imprecise value to d->m_bit_buffer
  (pointing to __malloc_miniz_def_alloc_func_l169 with offsets {768}).
  The imprecision originates from Misaligned
[eva:garbled-mix:write] miniz_tdef.c:423: 
  Assigning imprecise value to d->m_bits_in
  (pointing to __malloc_miniz_def_alloc_func_l169 with offsets {736}).
  The imprecision originates from Misaligned
[eva:alarm] miniz_tdef.c:423: Warning: 
  accessing uninitialized left-value. assert \initialized(&d->m_pOutput_buf);
[eva:alarm] miniz_tdef.c:423: Warning: 
  accessing uninitialized left-value.
  assert \initialized(&d->m_pOutput_buf_end);
[eva:alarm] miniz_tdef.c:423: Warning: 
  pointer comparison.
  assert
  \pointer_comparable((void *)d->m_pOutput_buf, (void *)d->m_pOutput_buf_end);
[eva:garbled-mix:write] miniz_tdef.c:423: 
  Assigning imprecise value to tmp_42.
  The imprecision originates from Misaligned
[eva:garbled-mix:write] miniz_tdef.c:423: 
  Assigning imprecise value to d->m_pOutput_buf
  (pointing to __malloc_miniz_def_alloc_func_l169 with offsets {512}).
  The imprecision originates from Misaligned
[eva:alarm] miniz_tdef.c:423: Warning: 
  out of bounds write. assert \valid(tmp_42);
                       (tmp_42 from d->m_pOutput_buf++)
[eva:garbled-mix:write] miniz_tdef.c:423: 
  Assigning imprecise value to *tmp_42
  (pointing to in_bytes with offsets {0; 8; 16; 24; 32; 40; 48; 56};
  out_bytes with offsets {0; 8; 16; 24; 32; 40; 48; 56};
  __malloc_main_l34 with offsets [0..5328];
  __malloc_miniz_def_alloc_func_l169 with offsets [0..2554808]).
  The imprecision originates from Misaligned
[eva:garbled-mix:write] miniz_tdef.c:423: 
  Assigning imprecise value to d->m_bit_buffer
  (pointing to __malloc_miniz_def_alloc_func_l169 with offsets {768}).
  The imprecision originates from Misaligned
[eva:garbled-mix:write] miniz_tdef.c:423: 
  Assigning imprecise value to d->m_bits_in
  (pointing to __malloc_miniz_def_alloc_func_l169 with offsets {736}).
  The imprecision originates from Misaligned
[eva] miniz_tdef.c:421: starting to merge loop iterations
[eva] miniz_tdef.c:423: starting to merge loop iterations
[eva] miniz_tdef.c:417: starting to merge loop iterations
[eva:alarm] miniz_tdef.c:419: Warning: 
  accessing out of bounds index.
  assert tmp_39 < (int)(TDEFL_MAX_HUFF_SYMBOLS_0 + TDEFL_MAX_HUFF_SYMBOLS_1);
  (tmp_39 from packed_code_sizes_index++)
[eva:alarm] miniz_tdef.c:423: Warning: 
  accessing out of bounds index.
  assert tmp_41 < (int)(TDEFL_MAX_HUFF_SYMBOLS_0 + TDEFL_MAX_HUFF_SYMBOLS_1);
  (tmp_41 from packed_code_sizes_index++)
[eva:alarm] miniz_tdef.c:456: Warning: 
  accessing uninitialized left-value. assert \initialized(&d->m_pOutput_buf);
[eva:alarm] miniz_tdef.c:457: Warning: 
  accessing uninitialized left-value. assert \initialized(&d->m_pLZ_code_buf);
[eva:alarm] miniz_tdef.c:518: Warning: 
  accessing uninitialized left-value.
  assert \initialized(&d->m_pOutput_buf_end);
[eva:alarm] miniz_tdef.c:536: Warning: 
  accessing uninitialized left-value.
  assert \initialized(&d->m_pOutput_buf_end);
[eva] miniz_tdef.c:536: starting to merge loop iterations
[eva:alarm] miniz_tdef.c:541: Warning: 
  accessing uninitialized left-value.
  assert \initialized(&d->m_pOutput_buf_end);
[eva:alarm] miniz_tdef.c:543: Warning: 
  accessing uninitialized left-value.
  assert \initialized(&d->m_pOutput_buf_end);
[eva:alarm] miniz_tdef.c:637: Warning: 
  accessing uninitialized left-value.
  assert \initialized(&d->m_total_lz_bytes);
[eva:alarm] miniz_tdef.c:637: Warning: 
  pointer subtraction.
  assert \base_addr(d->m_pOutput_buf) ≡ \base_addr(pSaved_output_buf);
[eva:alarm] miniz_tdef.c:637: Warning: 
  signed overflow.
  assert -9223372036854775808 ≤ d->m_pOutput_buf - pSaved_output_buf;
[eva:alarm] miniz_tdef.c:637: Warning: 
  signed overflow.
  assert d->m_pOutput_buf - pSaved_output_buf ≤ 9223372036854775807;
[eva:alarm] miniz_tdef.c:637: Warning: 
  signed overflow.
  assert
  -9223372036854775808 ≤ (long)(d->m_pOutput_buf - pSaved_output_buf) + 1U;
[eva:alarm] miniz_tdef.c:637: Warning: 
  signed overflow.
  assert
  (long)(d->m_pOutput_buf - pSaved_output_buf) + 1U ≤ 9223372036854775807;
[eva:alarm] miniz_tdef.c:638: Warning: 
  accessing uninitialized left-value. assert \initialized(&d->m_lookahead_pos);
[eva:alarm] miniz_tdef.c:638: Warning: 
  accessing uninitialized left-value.
  assert \initialized(&d->m_lz_code_buf_dict_pos);
[eva:alarm] miniz_tdef.c:638: Warning: 
  accessing uninitialized left-value. assert \initialized(&d->m_dict_size);
[eva:garbled-mix:write] miniz_tdef.c:641: 
  Assigning imprecise value to d->m_pOutput_buf
  (pointing to __malloc_miniz_def_alloc_func_l169 with offsets {512}).
  The imprecision originates from Misaligned
[eva:garbled-mix:write] miniz_tdef.c:642: 
  Assigning imprecise value to d->m_bit_buffer
  (pointing to __malloc_miniz_def_alloc_func_l169 with offsets {768}).
  The imprecision originates from Misaligned
[eva:garbled-mix:write] miniz_tdef.c:642: 
  Assigning imprecise value to d->m_bits_in
  (pointing to __malloc_miniz_def_alloc_func_l169 with offsets {736}).
  The imprecision originates from Misaligned
[eva:alarm] miniz_tdef.c:643: Warning: 
  invalid RHS operand for shift. assert 0 ≤ d->m_bits_in < 32;
[eva:garbled-mix:write] miniz_tdef.c:643: 
  Assigning imprecise value to d->m_bit_buffer
  (pointing to __malloc_miniz_def_alloc_func_l169 with offsets {768}).
  The imprecision originates from Misaligned
[eva:garbled-mix:write] miniz_tdef.c:643: 
  Assigning imprecise value to d->m_bits_in
  (pointing to __malloc_miniz_def_alloc_func_l169 with offsets {736}).
  The imprecision originates from Misaligned
[eva:alarm] miniz_tdef.c:643: Warning: 
  pointer comparison.
  assert
  \pointer_comparable((void *)d->m_pOutput_buf, (void *)d->m_pOutput_buf_end);
[eva:garbled-mix:write] miniz_tdef.c:643: 
  Assigning imprecise value to tmp_5.
  The imprecision originates from Misaligned
[eva:garbled-mix:write] miniz_tdef.c:643: 
  Assigning imprecise value to d->m_pOutput_buf
  (pointing to __malloc_miniz_def_alloc_func_l169 with offsets {512}).
  The imprecision originates from Misaligned
[eva:alarm] miniz_tdef.c:643: Warning: 
  out of bounds write. assert \valid(tmp_5);
                       (tmp_5 from d->m_pOutput_buf++)
[eva:garbled-mix:write] miniz_tdef.c:643: 
  Assigning imprecise value to *tmp_5
  (pointing to in_bytes with offsets {0; 8; 16; 24; 32; 40; 48; 56};
  out_bytes with offsets {0; 8; 16; 24; 32; 40; 48; 56};
  __malloc_main_l34 with offsets [0..5328];
  __malloc_miniz_def_alloc_func_l169 with offsets [0..2554808]).
  The imprecision originates from Misaligned
[eva:garbled-mix:write] miniz_tdef.c:643: 
  Assigning imprecise value to d->m_bit_buffer
  (pointing to __malloc_miniz_def_alloc_func_l169 with offsets {768}).
  The imprecision originates from Misaligned
[eva:garbled-mix:write] miniz_tdef.c:643: 
  Assigning imprecise value to d->m_bits_in
  (pointing to __malloc_miniz_def_alloc_func_l169 with offsets {736}).
  The imprecision originates from Misaligned
[eva:garbled-mix:write] miniz_tdef.c:646: 
  Assigning imprecise value to len_3.
  The imprecision originates from Misaligned
[eva:alarm] miniz_tdef.c:646: Warning: 
  invalid RHS operand for shift. assert 0 ≤ len_3 < 32;
[eva:alarm] miniz_tdef.c:646: Warning: 
  function __FC_assert: precondition 'nonnull_c' got status unknown.
[eva:alarm] miniz_tdef.c:646: Warning: 
  invalid RHS operand for shift. assert 0 ≤ d->m_bits_in < 32;
[eva:garbled-mix:write] miniz_tdef.c:646: 
  Assigning imprecise value to d->m_bit_buffer
  (pointing to __malloc_miniz_def_alloc_func_l169 with offsets {768}).
  The imprecision originates from Misaligned
[eva:garbled-mix:write] miniz_tdef.c:646: 
  Assigning imprecise value to d->m_bits_in
  (pointing to __malloc_miniz_def_alloc_func_l169 with offsets {736}).
  The imprecision originates from Misaligned
[eva:alarm] miniz_tdef.c:646: Warning: 
  pointer comparison.
  assert
  \pointer_comparable((void *)d->m_pOutput_buf, (void *)d->m_pOutput_buf_end);
[eva:garbled-mix:write] miniz_tdef.c:646: 
  Assigning imprecise value to tmp_6.
  The imprecision originates from Misaligned
[eva:garbled-mix:write] miniz_tdef.c:646: 
  Assigning imprecise value to d->m_pOutput_buf
  (pointing to __malloc_miniz_def_alloc_func_l169 with offsets {512}).
  The imprecision originates from Misaligned
[eva:alarm] miniz_tdef.c:646: Warning: 
  out of bounds write. assert \valid(tmp_6);
                       (tmp_6 from d->m_pOutput_buf++)
[eva:garbled-mix:write] miniz_tdef.c:646: 
  Assigning imprecise value to *tmp_6
  (pointing to in_bytes with offsets {0; 8; 16; 24; 32; 40; 48; 56};
  out_bytes with offsets {0; 8; 16; 24; 32; 40; 48; 56};
  __malloc_main_l34 with offsets [0..5328];
  __malloc_miniz_def_alloc_func_l169 with offsets [0..2554808]).
  The imprecision originates from Misaligned
[eva:garbled-mix:write] miniz_tdef.c:646: 
  Assigning imprecise value to d->m_bit_buffer
  (pointing to __malloc_miniz_def_alloc_func_l169 with offsets {768}).
  The imprecision originates from Misaligned
[eva:garbled-mix:write] miniz_tdef.c:646: 
  Assigning imprecise value to d->m_bits_in
  (pointing to __malloc_miniz_def_alloc_func_l169 with offsets {736}).
  The imprecision originates from Misaligned
[eva:loop-unroll:auto] miniz_tdef.c:648: Automatic loop unrolling.
[eva:garbled-mix:write] miniz_tdef.c:650: 
  Assigning imprecise value to bits_4.
  The imprecision originates from Misaligned
[eva:alarm] miniz_tdef.c:650: Warning: 
  function __FC_assert: precondition 'nonnull_c' got status unknown.
[eva:alarm] miniz_tdef.c:650: Warning: 
  invalid RHS operand for shift. assert 0 ≤ d->m_bits_in < 32;
[eva:garbled-mix:write] miniz_tdef.c:650: 
  Assigning imprecise value to d->m_bit_buffer
  (pointing to __malloc_miniz_def_alloc_func_l169 with offsets {768}).
  The imprecision originates from Misaligned
[eva:garbled-mix:write] miniz_tdef.c:650: 
  Assigning imprecise value to d->m_bits_in
  (pointing to __malloc_miniz_def_alloc_func_l169 with offsets {736}).
  The imprecision originates from Misaligned
[eva:alarm] miniz_tdef.c:650: Warning: 
  pointer comparison.
  assert
  \pointer_comparable((void *)d->m_pOutput_buf, (void *)d->m_pOutput_buf_end);
[eva:garbled-mix:write] miniz_tdef.c:650: 
  Assigning imprecise value to tmp_7.
  The imprecision originates from Misaligned
[eva:garbled-mix:write] miniz_tdef.c:650: 
  Assigning imprecise value to d->m_pOutput_buf
  (pointing to __malloc_miniz_def_alloc_func_l169 with offsets {512}).
  The imprecision originates from Misaligned
[eva:alarm] miniz_tdef.c:650: Warning: 
  out of bounds write. assert \valid(tmp_7);
                       (tmp_7 from d->m_pOutput_buf++)
[eva:garbled-mix:write] miniz_tdef.c:650: 
  Assigning imprecise value to *tmp_7
  (pointing to in_bytes with offsets {0; 8; 16; 24; 32; 40; 48; 56};
  out_bytes with offsets {0; 8; 16; 24; 32; 40; 48; 56};
  __malloc_main_l34 with offsets [0..5328];
  __malloc_miniz_def_alloc_func_l169 with offsets [0..2554808]).
  The imprecision originates from Misaligned
[eva:garbled-mix:write] miniz_tdef.c:650: 
  Assigning imprecise value to d->m_bit_buffer
  (pointing to __malloc_miniz_def_alloc_func_l169 with offsets {768}).
  The imprecision originates from Misaligned
[eva:garbled-mix:write] miniz_tdef.c:650: 
  Assigning imprecise value to d->m_bits_in
  (pointing to __malloc_miniz_def_alloc_func_l169 with offsets {736}).
  The imprecision originates from Misaligned
[eva:garbled-mix:write] miniz_tdef.c:648: 
  Assigning imprecise value to d->m_total_lz_bytes
  (pointing to __malloc_miniz_def_alloc_func_l169 with offsets {672}).
  The imprecision originates from Misaligned
[eva:alarm] miniz_tdef.c:654: Warning: 
  accessing out of bounds index.
  assert
  0 ≤
  (unsigned int)((mz_uint)(d->m_lz_code_buf_dict_pos + i) &
                 TDEFL_LZ_DICT_SIZE_MASK);
[eva:alarm] miniz_tdef.c:654: Warning: 
  accessing out of bounds index.
  assert
  (unsigned int)((mz_uint)(d->m_lz_code_buf_dict_pos + i) &
                 TDEFL_LZ_DICT_SIZE_MASK)
  < (int)((int)(TDEFL_LZ_DICT_SIZE + TDEFL_MAX_MATCH_LEN) - 1);
[eva:alarm] miniz_tdef.c:654: Warning: 
  accessing uninitialized left-value.
  assert
  \initialized(&d->m_dict[(unsigned int)((mz_uint)(d->m_lz_code_buf_dict_pos +
                                                   i)
                                         & TDEFL_LZ_DICT_SIZE_MASK)]);
[eva:alarm] miniz_tdef.c:654: Warning: 
  out of bounds read.
  assert
  \valid_read(&d->m_dict[(unsigned int)((mz_uint)(d->m_lz_code_buf_dict_pos + i)
                                        & TDEFL_LZ_DICT_SIZE_MASK)]);
[eva:garbled-mix:write] miniz_tdef.c:654: 
  Assigning imprecise value to bits_5.
  The imprecision originates from Misaligned
[eva:alarm] miniz_tdef.c:654: Warning: 
  function __FC_assert: precondition 'nonnull_c' got status unknown.
[eva:alarm] miniz_tdef.c:654: Warning: 
  invalid RHS operand for shift. assert 0 ≤ d->m_bits_in < 32;
[eva:garbled-mix:write] miniz_tdef.c:654: 
  Assigning imprecise value to d->m_bit_buffer
  (pointing to __malloc_miniz_def_alloc_func_l169 with offsets {768}).
  The imprecision originates from Misaligned
[eva:garbled-mix:write] miniz_tdef.c:654: 
  Assigning imprecise value to d->m_bits_in
  (pointing to __malloc_miniz_def_alloc_func_l169 with offsets {736}).
  The imprecision originates from Misaligned
[eva:alarm] miniz_tdef.c:654: Warning: 
  pointer comparison.
  assert
  \pointer_comparable((void *)d->m_pOutput_buf, (void *)d->m_pOutput_buf_end);
[eva:garbled-mix:write] miniz_tdef.c:654: 
  Assigning imprecise value to tmp_8.
  The imprecision originates from Misaligned
[eva:garbled-mix:write] miniz_tdef.c:654: 
  Assigning imprecise value to d->m_pOutput_buf
  (pointing to __malloc_miniz_def_alloc_func_l169 with offsets {512}).
  The imprecision originates from Misaligned
[eva:alarm] miniz_tdef.c:654: Warning: 
  out of bounds write. assert \valid(tmp_8);
                       (tmp_8 from d->m_pOutput_buf++)
[eva:garbled-mix:write] miniz_tdef.c:654: 
  Assigning imprecise value to *tmp_8
  (pointing to in_bytes with offsets {0; 8; 16; 24; 32; 40; 48; 56};
  out_bytes with offsets {0; 8; 16; 24; 32; 40; 48; 56};
  __malloc_main_l34 with offsets [0..5328];
  __malloc_miniz_def_alloc_func_l169 with offsets [0..2554808]).
  The imprecision originates from Misaligned
[eva:garbled-mix:write] miniz_tdef.c:654: 
  Assigning imprecise value to d->m_bit_buffer
  (pointing to __malloc_miniz_def_alloc_func_l169 with offsets {768}).
  The imprecision originates from Misaligned
[eva:garbled-mix:write] miniz_tdef.c:654: 
  Assigning imprecise value to d->m_bits_in
  (pointing to __malloc_miniz_def_alloc_func_l169 with offsets {736}).
  The imprecision originates from Misaligned
[eva] miniz_tdef.c:654: starting to merge loop iterations
[eva] miniz_tdef.c:652: starting to merge loop iterations
[eva:garbled-mix:write] miniz_tdef.c:660: 
  Assigning imprecise value to d->m_pOutput_buf
  (pointing to __malloc_miniz_def_alloc_func_l169 with offsets {512}).
  The imprecision originates from Misaligned
[eva:garbled-mix:write] miniz_tdef.c:661: 
  Assigning imprecise value to d->m_bit_buffer
  (pointing to __malloc_miniz_def_alloc_func_l169 with offsets {768}).
  The imprecision originates from Misaligned
[eva:garbled-mix:write] miniz_tdef.c:661: 
  Assigning imprecise value to d->m_bits_in
  (pointing to __malloc_miniz_def_alloc_func_l169 with offsets {736}).
  The imprecision originates from Misaligned
[eva:alarm] miniz_tdef.c:698: Warning: 
  pointer comparison.
  assert
  \pointer_comparable((void *)d->m_pOutput_buf, (void *)d->m_pOutput_buf_end);
[eva:alarm] miniz_tdef.c:698: Warning: 
  function __FC_assert: precondition 'nonnull_c' got status unknown.
[eva:alarm] miniz_tdef.c:706: Warning: 
  accessing uninitialized left-value.
  assert \initialized(&d->m_lz_code_buf_dict_pos);
[eva:garbled-mix:write] miniz_tdef.c:706: 
  Assigning imprecise value to d->m_lz_code_buf_dict_pos
  (pointing to __malloc_miniz_def_alloc_func_l169 with offsets {704}).
  The imprecision originates from Misaligned
[eva:alarm] miniz_tdef.c:708: Warning: 
  accessing uninitialized left-value. assert \initialized(&d->m_block_index);
[eva:garbled-mix:write] miniz_tdef.c:708: 
  Assigning imprecise value to d->m_block_index
  (pointing to __malloc_miniz_def_alloc_func_l169 with offsets {992}).
  The imprecision originates from Misaligned
[eva:alarm] miniz_tdef.c:710: Warning: 
  pointer subtraction.
  assert \base_addr(d->m_pOutput_buf) ≡ \base_addr(pOutput_buf_start);
[eva:alarm] miniz_tdef.c:710: Warning: 
  signed overflow.
  assert -9223372036854775808 ≤ d->m_pOutput_buf - pOutput_buf_start;
[eva:alarm] miniz_tdef.c:710: Warning: 
  signed overflow.
  assert d->m_pOutput_buf - pOutput_buf_start ≤ 9223372036854775807;
[eva:garbled-mix:write] miniz_tdef.c:710: 
  Assigning imprecise value to n.
  The imprecision originates from Misaligned
[eva:alarm] miniz_tdef.c:712: Warning: 
  accessing uninitialized left-value. assert \initialized(&d->m_pPut_buf_func);
[eva:alarm] miniz_tdef.c:712: Warning: 
  pointer comparison.
  assert \pointer_comparable((void (*)())0, (void (*)())d->m_pPut_buf_func);
[eva:alarm] miniz_tdef.c:714: Warning: 
  accessing uninitialized left-value. assert \initialized(&d->m_pIn_buf_size);
[eva:alarm] miniz_tdef.c:714: Warning: 
  out of bounds write. assert \valid(d->m_pIn_buf_size);
[eva:alarm] miniz_tdef.c:714: Warning: 
  accessing uninitialized left-value. assert \initialized(&d->m_pSrc);
[eva:alarm] miniz_tdef.c:714: Warning: 
  accessing uninitialized left-value. assert \initialized(&d->m_pIn_buf);
[eva:alarm] miniz_tdef.c:714: Warning: 
  pointer subtraction.
  assert \base_addr(d->m_pSrc) ≡ \base_addr((mz_uint8 const *)d->m_pIn_buf);
[eva:alarm] miniz_tdef.c:714: Warning: 
  signed overflow.
  assert -9223372036854775808 ≤ d->m_pSrc - (mz_uint8 const *)d->m_pIn_buf;
[eva:alarm] miniz_tdef.c:714: Warning: 
  signed overflow.
  assert d->m_pSrc - (mz_uint8 const *)d->m_pIn_buf ≤ 9223372036854775807;
[eva:garbled-mix:write] miniz_tdef.c:714: 
  Assigning imprecise value to *(d->m_pIn_buf_size) (pointing to in_bytes;
  out_bytes; __malloc_main_l34 with offsets [0..5272];
  __malloc_miniz_def_alloc_func_l169 with offsets [0..2554752]).
  The imprecision originates from Misaligned
[eva:alarm] miniz_tdef.c:715: Warning: 
  pointer to function with incompatible type.
  assert \valid_function(d->m_pPut_buf_func);
[eva:alarm] miniz_tdef.c:718: Warning: 
  pointer comparison.
  assert
  \pointer_comparable((void *)pOutput_buf_start,
                     (void *)((mz_uint8 *)d->m_output_buf));
[eva:alarm] miniz_tdef.c:720: Warning: 
  accessing uninitialized left-value. assert \initialized(&d->m_pOut_buf_size);
[eva:alarm] miniz_tdef.c:720: Warning: 
  accessing uninitialized left-value. assert \initialized(&d->m_out_buf_ofs);
[eva:alarm] miniz_tdef.c:720: Warning: 
  accessing uninitialized left-value. assert \initialized(d->m_pOut_buf_size);
[eva:alarm] miniz_tdef.c:720: Warning: 
  out of bounds read. assert \valid_read(d->m_pOut_buf_size);
[eva:garbled-mix:write] miniz_tdef.c:720: 
  Assigning imprecise value to tmp_16.
  The imprecision originates from Misaligned
[eva:alarm] miniz_tdef.c:720: Warning: 
  accessing uninitialized left-value. assert \initialized(d->m_pOut_buf_size);
[eva:garbled-mix:write] miniz_tdef.c:720: 
  Assigning imprecise value to bytes_to_copy.
  The imprecision originates from Misaligned
[eva:alarm] miniz_tdef.c:721: Warning: 
  accessing uninitialized left-value. assert \initialized(&d->m_pOut_buf);
[eva:alarm] miniz_tdef.c:721: Warning: 
  function memcpy: precondition 'valid_dest' got status unknown.
[eva:alarm] miniz_tdef.c:721: Warning: 
  function memcpy: precondition 'valid_src' got status unknown.
[eva:alarm] miniz_tdef.c:721: Warning: 
  function memcpy: precondition 'separation' got status unknown.
[eva:alarm] miniz_tdef.c:722: Warning: 
  accessing uninitialized left-value. assert \initialized(&d->m_out_buf_ofs);
[eva:garbled-mix:write] miniz_tdef.c:722: 
  Assigning imprecise value to d->m_out_buf_ofs
  (pointing to __malloc_miniz_def_alloc_func_l169 with offsets {1536}).
  The imprecision originates from Misaligned
[eva:alarm] miniz_tdef.c:723: Warning: 
  signed overflow. assert -2147483648 ≤ n - bytes_to_copy;
[eva:alarm] miniz_tdef.c:723: Warning: 
  signed overflow. assert n - bytes_to_copy ≤ 2147483647;
[eva:garbled-mix:write] miniz_tdef.c:723: 
  Assigning imprecise value to n.
  The imprecision originates from Misaligned
[eva:garbled-mix:write] miniz_tdef.c:725: 
  Assigning imprecise value to d->m_output_flush_ofs
  (pointing to __malloc_miniz_def_alloc_func_l169 with offsets {896}).
  The imprecision originates from Misaligned
[eva:garbled-mix:write] miniz_tdef.c:726: 
  Assigning imprecise value to d->m_output_flush_remaining
  (pointing to __malloc_miniz_def_alloc_func_l169 with offsets {928}).
  The imprecision originates from Misaligned
[eva:alarm] miniz_tdef.c:731: Warning: 
  accessing uninitialized left-value. assert \initialized(&d->m_out_buf_ofs);
[eva:garbled-mix:write] miniz_tdef.c:731: 
  Assigning imprecise value to d->m_out_buf_ofs
  (pointing to __malloc_miniz_def_alloc_func_l169 with offsets {1536}).
  The imprecision originates from Misaligned
[eva:alarm] miniz_tdef.c:735: Warning: 
  accessing uninitialized left-value.
  assert \initialized(&d->m_output_flush_remaining);
[eva:garbled-mix:write] miniz_tdef.c:735: 
  Assigning imprecise value to __retres.
  The imprecision originates from Misaligned
[eva:garbled-mix:write] miniz_tdef.c:735: 
  Assigning imprecise value to \result<tdefl_flush_block>.
  The imprecision originates from Misaligned
[eva] miniz_tdef.c:735: cannot properly split on \result == 0
[eva:garbled-mix:write] miniz_tdef.c:1217: 
  Assigning imprecise value to n.
  The imprecision originates from Misaligned
[eva:alarm] miniz_tdef.c:1088: Warning: 
  accessing uninitialized left-value.
  assert \initialized(&d->m_lookahead_size);
[eva:alarm] miniz_tdef.c:1092: Warning: 
  accessing uninitialized left-value.
  assert \initialized(&d->m_lookahead_size);
[eva:alarm] miniz_tdef.c:1092: Warning: 
  accessing uninitialized left-value. assert \initialized(&d->m_dict_size);
[eva:alarm] miniz_tdef.c:1094: Warning: 
  accessing uninitialized left-value. assert \initialized(&d->m_lookahead_pos);
[eva:garbled-mix:write] miniz_tdef.c:1094: 
  Assigning imprecise value to dst_pos.
  The imprecision originates from Misaligned
[eva:garbled-mix:write] miniz_tdef.c:1094: 
  Assigning imprecise value to ins_pos.
  The imprecision originates from Misaligned
[eva:alarm] miniz_tdef.c:1095: Warning: 
  accessing out of bounds index.
  assert 0 ≤ (unsigned int)(ins_pos & TDEFL_LZ_DICT_SIZE_MASK);
[eva:alarm] miniz_tdef.c:1095: Warning: 
  accessing out of bounds index.
  assert
  (unsigned int)(ins_pos & TDEFL_LZ_DICT_SIZE_MASK) <
  (int)((int)(TDEFL_LZ_DICT_SIZE + TDEFL_MAX_MATCH_LEN) - 1);
[eva:alarm] miniz_tdef.c:1095: Warning: 
  accessing out of bounds index.
  assert
  0 ≤ (unsigned int)((mz_uint)(ins_pos + 1) & TDEFL_LZ_DICT_SIZE_MASK);
[eva:alarm] miniz_tdef.c:1095: Warning: 
  accessing out of bounds index.
  assert
  (unsigned int)((mz_uint)(ins_pos + 1) & TDEFL_LZ_DICT_SIZE_MASK) <
  (int)((int)(TDEFL_LZ_DICT_SIZE + TDEFL_MAX_MATCH_LEN) - 1);
[eva:alarm] miniz_tdef.c:1095: Warning: 
  accessing uninitialized left-value.
  assert
  \initialized(&d->m_dict[(unsigned int)(ins_pos & TDEFL_LZ_DICT_SIZE_MASK)]);
[eva:alarm] miniz_tdef.c:1095: Warning: 
  out of bounds read.
  assert
  \valid_read(&d->m_dict[(unsigned int)(ins_pos & TDEFL_LZ_DICT_SIZE_MASK)]);
[eva:alarm] miniz_tdef.c:1095: Warning: 
  accessing uninitialized left-value.
  assert
  \initialized(&d->m_dict[(unsigned int)((mz_uint)(ins_pos + 1) &
                                         TDEFL_LZ_DICT_SIZE_MASK)]);
[eva:alarm] miniz_tdef.c:1095: Warning: 
  out of bounds read.
  assert
  \valid_read(&d->m_dict[(unsigned int)((mz_uint)(ins_pos + 1) &
                                        TDEFL_LZ_DICT_SIZE_MASK)]);
[eva:alarm] miniz_tdef.c:1095: Warning: 
  invalid LHS operand for left shift.
  assert
  0 ≤ (int)d->m_dict[(unsigned int)(ins_pos & TDEFL_LZ_DICT_SIZE_MASK)];
[eva:alarm] miniz_tdef.c:1095: Warning: 
  signed overflow.
  assert
  -2147483648 ≤
  (int)d->m_dict[(unsigned int)(ins_pos & TDEFL_LZ_DICT_SIZE_MASK)] <<
  TDEFL_LZ_HASH_SHIFT;
[eva:alarm] miniz_tdef.c:1095: Warning: 
  signed overflow.
  assert
  (int)d->m_dict[(unsigned int)(ins_pos & TDEFL_LZ_DICT_SIZE_MASK)] <<
  TDEFL_LZ_HASH_SHIFT ≤ 2147483647;
[eva:garbled-mix:write] miniz_tdef.c:1095: 
  Assigning imprecise value to hash.
  The imprecision originates from Misaligned
[eva:garbled-mix:write] miniz_tdef.c:1096: 
  Assigning imprecise value to tmp.
  The imprecision originates from Misaligned
[eva:garbled-mix:write] miniz_tdef.c:1096: 
  Assigning imprecise value to num_bytes_to_process.
  The imprecision originates from Misaligned
[eva:garbled-mix:write] miniz_tdef.c:1097: 
  Assigning imprecise value to pSrc_end.
  The imprecision originates from Misaligned
[eva:garbled-mix:write] miniz_tdef.c:1098: 
  Assigning imprecise value to src_buf_left.
  The imprecision originates from Misaligned
[eva:garbled-mix:write] miniz_tdef.c:1099: 
  Assigning imprecise value to d->m_lookahead_size
  (pointing to __malloc_miniz_def_alloc_func_l169 with offsets {320}).
  The imprecision originates from Misaligned
[eva:alarm] miniz_tdef.c:1103: Warning: 
  accessing out of bounds index. assert 0 ≤ dst_pos;
[eva:alarm] miniz_tdef.c:1103: Warning: 
  accessing out of bounds index.
  assert dst_pos < (int)((int)(TDEFL_LZ_DICT_SIZE + TDEFL_MAX_MATCH_LEN) - 1);
[eva:alarm] miniz_tdef.c:1103: Warning: 
  out of bounds write. assert \valid(&d->m_dict[dst_pos]);
[eva:alarm] miniz_tdef.c:1105: Warning: 
  accessing out of bounds index.
  assert 0 ≤ (mz_uint)(TDEFL_LZ_DICT_SIZE + dst_pos);
[eva:alarm] miniz_tdef.c:1105: Warning: 
  accessing out of bounds index.
  assert
  (mz_uint)(TDEFL_LZ_DICT_SIZE + dst_pos) <
  (int)((int)(TDEFL_LZ_DICT_SIZE + TDEFL_MAX_MATCH_LEN) - 1);
[eva:alarm] miniz_tdef.c:1105: Warning: 
  out of bounds write.
  assert \valid(&d->m_dict[(mz_uint)(TDEFL_LZ_DICT_SIZE + dst_pos)]);
[eva:garbled-mix:write] miniz_tdef.c:1106: 
  Assigning imprecise value to hash.
  The imprecision originates from Misaligned
[eva:alarm] miniz_tdef.c:1107: Warning: 
  accessing out of bounds index.
  assert 0 ≤ (unsigned int)(ins_pos & TDEFL_LZ_DICT_SIZE_MASK);
[eva:alarm] miniz_tdef.c:1107: Warning: 
  accessing out of bounds index.
  assert
  (unsigned int)(ins_pos & TDEFL_LZ_DICT_SIZE_MASK) < TDEFL_LZ_DICT_SIZE;
[eva:alarm] miniz_tdef.c:1107: Warning: 
  out of bounds write.
  assert \valid(&d->m_next[(unsigned int)(ins_pos & TDEFL_LZ_DICT_SIZE_MASK)]);
[eva:alarm] miniz_tdef.c:1107: Warning: 
  accessing out of bounds index. assert 0 ≤ hash;
[eva:alarm] miniz_tdef.c:1107: Warning: 
  accessing out of bounds index. assert hash < TDEFL_LZ_HASH_SIZE;
[eva:alarm] miniz_tdef.c:1107: Warning: 
  accessing uninitialized left-value. assert \initialized(&d->m_hash[hash]);
[eva:alarm] miniz_tdef.c:1107: Warning: 
  out of bounds read. assert \valid_read(&d->m_hash[hash]);
[eva:garbled-mix:write] miniz_tdef.c:1107: 
  Assigning imprecise value to d->m_next[ins_pos & (unsigned int)TDEFL_LZ_DICT_SIZE_MASK]
  (pointing to in_bytes with offsets {0; 8; 16; 24; 32; 40; 48};
  out_bytes with offsets {0; 8; 16; 24; 32; 40; 48};
  __malloc_main_l34 with offsets [0..5320];
  __malloc_miniz_def_alloc_func_l169 with offsets [0..2554800]).
  The imprecision originates from Misaligned
[eva:alarm] miniz_tdef.c:1108: Warning: 
  accessing out of bounds index. assert 0 ≤ hash;
[eva:alarm] miniz_tdef.c:1108: Warning: 
  accessing out of bounds index. assert hash < TDEFL_LZ_HASH_SIZE;
[eva:alarm] miniz_tdef.c:1108: Warning: 
  out of bounds write. assert \valid(&d->m_hash[hash]);
[eva:garbled-mix:write] miniz_tdef.c:1108: 
  Assigning imprecise value to d->m_hash[hash]
  (pointing to in_bytes with offsets {0; 8; 16; 24; 32; 40; 48};
  out_bytes with offsets {0; 8; 16; 24; 32; 40; 48};
  __malloc_main_l34 with offsets [0..5320];
  __malloc_miniz_def_alloc_func_l169 with offsets [0..2554800]).
  The imprecision originates from Misaligned
[eva:garbled-mix:write] miniz_tdef.c:1109: 
  Assigning imprecise value to dst_pos.
  The imprecision originates from Misaligned
[eva:garbled-mix:write] miniz_tdef.c:1110: 
  Assigning imprecise value to ins_pos.
  The imprecision originates from Misaligned
[eva:alarm] miniz_tdef.c:1118: Warning: 
  accessing uninitialized left-value. assert \initialized(&d->m_lookahead_pos);
[eva:garbled-mix:write] miniz_tdef.c:1118: 
  Assigning imprecise value to dst_pos_0.
  The imprecision originates from Misaligned
[eva:alarm] miniz_tdef.c:1120: Warning: 
  accessing out of bounds index. assert 0 ≤ dst_pos_0;
[eva:alarm] miniz_tdef.c:1120: Warning: 
  accessing out of bounds index.
  assert
  dst_pos_0 < (int)((int)(TDEFL_LZ_DICT_SIZE + TDEFL_MAX_MATCH_LEN) - 1);
[eva:alarm] miniz_tdef.c:1120: Warning: 
  out of bounds write. assert \valid(&d->m_dict[dst_pos_0]);
[eva:alarm] miniz_tdef.c:1122: Warning: 
  accessing out of bounds index.
  assert 0 ≤ (mz_uint)(TDEFL_LZ_DICT_SIZE + dst_pos_0);
[eva:alarm] miniz_tdef.c:1122: Warning: 
  accessing out of bounds index.
  assert
  (mz_uint)(TDEFL_LZ_DICT_SIZE + dst_pos_0) <
  (int)((int)(TDEFL_LZ_DICT_SIZE + TDEFL_MAX_MATCH_LEN) - 1);
[eva:alarm] miniz_tdef.c:1122: Warning: 
  out of bounds write.
  assert \valid(&d->m_dict[(mz_uint)(TDEFL_LZ_DICT_SIZE + dst_pos_0)]);
[eva:garbled-mix:write] miniz_tdef.c:1123: 
  Assigning imprecise value to d->m_lookahead_size
  (pointing to __malloc_miniz_def_alloc_func_l169 with offsets {320}).
  The imprecision originates from Misaligned
[eva:garbled-mix:write] miniz_tdef.c:1125: 
  Assigning imprecise value to ins_pos_0.
  The imprecision originates from Misaligned
[eva:alarm] miniz_tdef.c:1126: Warning: 
  accessing out of bounds index.
  assert 0 ≤ (unsigned int)(ins_pos_0 & TDEFL_LZ_DICT_SIZE_MASK);
[eva:alarm] miniz_tdef.c:1126: Warning: 
  accessing out of bounds index.
  assert
  (unsigned int)(ins_pos_0 & TDEFL_LZ_DICT_SIZE_MASK) <
  (int)((int)(TDEFL_LZ_DICT_SIZE + TDEFL_MAX_MATCH_LEN) - 1);
[eva:alarm] miniz_tdef.c:1126: Warning: 
  accessing out of bounds index.
  assert
  0 ≤ (unsigned int)((mz_uint)(ins_pos_0 + 1) & TDEFL_LZ_DICT_SIZE_MASK);
[eva:alarm] miniz_tdef.c:1126: Warning: 
  accessing out of bounds index.
  assert
  (unsigned int)((mz_uint)(ins_pos_0 + 1) & TDEFL_LZ_DICT_SIZE_MASK) <
  (int)((int)(TDEFL_LZ_DICT_SIZE + TDEFL_MAX_MATCH_LEN) - 1);
[eva:alarm] miniz_tdef.c:1126: Warning: 
  accessing uninitialized left-value.
  assert
  \initialized(&d->m_dict[(unsigned int)(ins_pos_0 & TDEFL_LZ_DICT_SIZE_MASK)]);
[eva:alarm] miniz_tdef.c:1126: Warning: 
  out of bounds read.
  assert
  \valid_read(&d->m_dict[(unsigned int)(ins_pos_0 & TDEFL_LZ_DICT_SIZE_MASK)]);
[eva:alarm] miniz_tdef.c:1126: Warning: 
  accessing uninitialized left-value.
  assert
  \initialized(&d->m_dict[(unsigned int)((mz_uint)(ins_pos_0 + 1) &
                                         TDEFL_LZ_DICT_SIZE_MASK)]);
[eva:alarm] miniz_tdef.c:1126: Warning: 
  out of bounds read.
  assert
  \valid_read(&d->m_dict[(unsigned int)((mz_uint)(ins_pos_0 + 1) &
                                        TDEFL_LZ_DICT_SIZE_MASK)]);
[eva:alarm] miniz_tdef.c:1126: Warning: 
  invalid LHS operand for left shift.
  assert
  0 ≤ (int)d->m_dict[(unsigned int)(ins_pos_0 & TDEFL_LZ_DICT_SIZE_MASK)];
[eva:alarm] miniz_tdef.c:1126: Warning: 
  invalid LHS operand for left shift.
  assert
  0 ≤
  (int)d->m_dict[(unsigned int)((mz_uint)(ins_pos_0 + 1) &
                                TDEFL_LZ_DICT_SIZE_MASK)];
[eva:alarm] miniz_tdef.c:1126: Warning: 
  signed overflow.
  assert
  -2147483648 ≤
  (int)d->m_dict[(unsigned int)(ins_pos_0 & TDEFL_LZ_DICT_SIZE_MASK)] <<
  (int)(TDEFL_LZ_HASH_SHIFT * 2);
[eva:alarm] miniz_tdef.c:1126: Warning: 
  signed overflow.
  assert
  (int)d->m_dict[(unsigned int)(ins_pos_0 & TDEFL_LZ_DICT_SIZE_MASK)] <<
  (int)(TDEFL_LZ_HASH_SHIFT * 2) ≤ 2147483647;
[eva:alarm] miniz_tdef.c:1126: Warning: 
  signed overflow.
  assert
  -2147483648 ≤
  (int)d->m_dict[(unsigned int)((mz_uint)(ins_pos_0 + 1) &
                                TDEFL_LZ_DICT_SIZE_MASK)]
  << TDEFL_LZ_HASH_SHIFT;
[eva:alarm] miniz_tdef.c:1126: Warning: 
  signed overflow.
  assert
  (int)d->m_dict[(unsigned int)((mz_uint)(ins_pos_0 + 1) &
                                TDEFL_LZ_DICT_SIZE_MASK)]
  << TDEFL_LZ_HASH_SHIFT ≤ 2147483647;
[eva:garbled-mix:write] miniz_tdef.c:1126: 
  Assigning imprecise value to hash_0.
  The imprecision originates from Misaligned
[eva:alarm] miniz_tdef.c:1127: Warning: 
  accessing out of bounds index.
  assert 0 ≤ (unsigned int)(ins_pos_0 & TDEFL_LZ_DICT_SIZE_MASK);
[eva:alarm] miniz_tdef.c:1127: Warning: 
  accessing out of bounds index.
  assert
  (unsigned int)(ins_pos_0 & TDEFL_LZ_DICT_SIZE_MASK) < TDEFL_LZ_DICT_SIZE;
[eva:alarm] miniz_tdef.c:1127: Warning: 
  out of bounds write.
  assert
  \valid(&d->m_next[(unsigned int)(ins_pos_0 & TDEFL_LZ_DICT_SIZE_MASK)]);
[eva:alarm] miniz_tdef.c:1127: Warning: 
  accessing out of bounds index. assert 0 ≤ hash_0;
[eva:alarm] miniz_tdef.c:1127: Warning: 
  accessing out of bounds index. assert hash_0 < TDEFL_LZ_HASH_SIZE;
[eva:alarm] miniz_tdef.c:1127: Warning: 
  accessing uninitialized left-value. assert \initialized(&d->m_hash[hash_0]);
[eva:alarm] miniz_tdef.c:1127: Warning: 
  out of bounds read. assert \valid_read(&d->m_hash[hash_0]);
[eva:garbled-mix:write] miniz_tdef.c:1127: 
  Assigning imprecise value to d->m_next[ins_pos_0 & (unsigned int)TDEFL_LZ_DICT_SIZE_MASK]
  (pointing to in_bytes with offsets {0; 8; 16; 24; 32; 40; 48};
  out_bytes with offsets {0; 8; 16; 24; 32; 40; 48};
  __malloc_main_l34 with offsets [0..5320];
  __malloc_miniz_def_alloc_func_l169 with offsets [0..2554800]).
  The imprecision originates from Misaligned
[eva:alarm] miniz_tdef.c:1128: Warning: 
  accessing out of bounds index. assert 0 ≤ hash_0;
[eva:alarm] miniz_tdef.c:1128: Warning: 
  accessing out of bounds index. assert hash_0 < TDEFL_LZ_HASH_SIZE;
[eva:alarm] miniz_tdef.c:1128: Warning: 
  out of bounds write. assert \valid(&d->m_hash[hash_0]);
[eva:garbled-mix:write] miniz_tdef.c:1128: 
  Assigning imprecise value to d->m_hash[hash_0]
  (pointing to in_bytes with offsets {0; 8; 16; 24; 32; 40; 48};
  out_bytes with offsets {0; 8; 16; 24; 32; 40; 48};
  __malloc_main_l34 with offsets [0..5320];
  __malloc_miniz_def_alloc_func_l169 with offsets [0..2554800]).
  The imprecision originates from Misaligned
[eva:garbled-mix:write] miniz_tdef.c:1132: 
  Assigning imprecise value to d->m_dict_size
  (pointing to __malloc_miniz_def_alloc_func_l169 with offsets {352}).
  The imprecision originates from Misaligned
[eva:alarm] miniz_tdef.c:1139: Warning: 
  accessing uninitialized left-value.
  assert \initialized(&d->m_saved_match_len);
[eva:garbled-mix:write] miniz_tdef.c:1139: 
  Assigning imprecise value to cur_match_len.
  The imprecision originates from Misaligned
[eva:alarm] miniz_tdef.c:1140: Warning: 
  accessing uninitialized left-value. assert \initialized(&d->m_lookahead_pos);
[eva:garbled-mix:write] miniz_tdef.c:1140: 
  Assigning imprecise value to cur_pos.
  The imprecision originates from Misaligned
[eva:alarm] miniz_tdef.c:1141: Warning: 
  accessing uninitialized left-value. assert \initialized(&d->m_flags);
[eva:alarm] miniz_tdef.c:1145: Warning: 
  accessing out of bounds index.
  assert
  0 ≤ (unsigned int)((mz_uint)(cur_pos - 1) & TDEFL_LZ_DICT_SIZE_MASK);
[eva:alarm] miniz_tdef.c:1145: Warning: 
  accessing out of bounds index.
  assert
  (unsigned int)((mz_uint)(cur_pos - 1) & TDEFL_LZ_DICT_SIZE_MASK) <
  (int)((int)(TDEFL_LZ_DICT_SIZE + TDEFL_MAX_MATCH_LEN) - 1);
[eva:alarm] miniz_tdef.c:1145: Warning: 
  accessing uninitialized left-value.
  assert
  \initialized(&d->m_dict[(unsigned int)((mz_uint)(cur_pos - 1) &
                                         TDEFL_LZ_DICT_SIZE_MASK)]);
[eva:alarm] miniz_tdef.c:1145: Warning: 
  out of bounds read.
  assert
  \valid_read(&d->m_dict[(unsigned int)((mz_uint)(cur_pos - 1) &
                                        TDEFL_LZ_DICT_SIZE_MASK)]);
[eva:garbled-mix:write] miniz_tdef.c:1145: 
  Assigning imprecise value to c_1.
  The imprecision originates from Misaligned
[eva:alarm] miniz_tdef.c:1149: Warning: 
  accessing out of bounds index.
  assert 0 ≤ (mz_uint)(cur_pos + cur_match_len);
[eva:alarm] miniz_tdef.c:1149: Warning: 
  accessing out of bounds index.
  assert
  (mz_uint)(cur_pos + cur_match_len) <
  (int)((int)(TDEFL_LZ_DICT_SIZE + TDEFL_MAX_MATCH_LEN) - 1);
[eva:alarm] miniz_tdef.c:1149: Warning: 
  accessing uninitialized left-value.
  assert \initialized(&d->m_dict[(mz_uint)(cur_pos + cur_match_len)]);
[eva:alarm] miniz_tdef.c:1149: Warning: 
  out of bounds read.
  assert \valid_read(&d->m_dict[(mz_uint)(cur_pos + cur_match_len)]);
[eva] miniz_tdef.c:1147: starting to merge loop iterations
[eva:garbled-mix:write] miniz_tdef.c:758: 
  Assigning imprecise value to pos.
  The imprecision originates from Misaligned
[eva:garbled-mix:write] miniz_tdef.c:758: 
  Assigning imprecise value to match_len.
  The imprecision originates from Misaligned
[eva:garbled-mix:write] miniz_tdef.c:758: 
  Assigning imprecise value to probe_pos.
  The imprecision originates from Misaligned
[eva:alarm] miniz_tdef.c:759: Warning: 
  accessing uninitialized left-value.
  assert \initialized(&d->m_max_probes[(int)(match_len ≥ 32? 1: 0)]);
[eva:garbled-mix:write] miniz_tdef.c:759: 
  Assigning imprecise value to num_probes_left.
  The imprecision originates from Misaligned
[eva:garbled-mix:write] miniz_tdef.c:760: 
  Assigning imprecise value to s.
  The imprecision originates from Misaligned
[eva:alarm] miniz_tdef.c:743: Warning: 
  function memcpy: precondition 'valid_src' got status unknown.
[eva:garbled-mix:write] miniz_tdef.c:744: 
  Assigning imprecise value to \result<TDEFL_READ_UNALIGNED_WORD>.
  The imprecision originates from Misaligned
[eva:garbled-mix:write] miniz_tdef.c:761: 
  Assigning imprecise value to c01.
  The imprecision originates from Misaligned
[eva:garbled-mix:write] miniz_tdef.c:750: 
  Assigning imprecise value to \result<TDEFL_READ_UNALIGNED_WORD2>.
  The imprecision originates from Misaligned
[eva:garbled-mix:write] miniz_tdef.c:761: 
  Assigning imprecise value to s01.
  The imprecision originates from Misaligned
[eva:garbled-mix:write] miniz_tdef.c:769: 
  Assigning imprecise value to num_probes_left.
  The imprecision originates from Misaligned
[eva:alarm] miniz_tdef.c:778: Warning: 
  accessing out of bounds index. assert 0 ≤ probe_pos;
[eva:alarm] miniz_tdef.c:778: Warning: 
  accessing out of bounds index. assert probe_pos < TDEFL_LZ_DICT_SIZE;
[eva:alarm] miniz_tdef.c:778: Warning: 
  out of bounds read. assert \valid_read(&d->m_next[probe_pos]);
[eva:garbled-mix:write] miniz_tdef.c:778: 
  Assigning imprecise value to next_probe_pos.
  The imprecision originates from Misaligned
[eva:garbled-mix:write] miniz_tdef.c:778: 
  Assigning imprecise value to dist.
  The imprecision originates from Misaligned
[eva:garbled-mix:write] miniz_tdef.c:778: 
  Assigning imprecise value to probe_pos.
  The imprecision originates from Misaligned
[eva:garbled-mix:write] miniz_tdef.c:778: 
  Assigning imprecise value to tmp_1.
  The imprecision originates from Misaligned
[eva:alarm] miniz_tdef.c:779: Warning: 
  accessing out of bounds index. assert 0 ≤ probe_pos;
[eva:alarm] miniz_tdef.c:779: Warning: 
  accessing out of bounds index. assert probe_pos < TDEFL_LZ_DICT_SIZE;
[eva:alarm] miniz_tdef.c:779: Warning: 
  out of bounds read. assert \valid_read(&d->m_next[probe_pos]);
[eva:garbled-mix:write] miniz_tdef.c:779: 
  Assigning imprecise value to next_probe_pos.
  The imprecision originates from Misaligned
[eva:garbled-mix:write] miniz_tdef.c:779: 
  Assigning imprecise value to dist.
  The imprecision originates from Misaligned
[eva:garbled-mix:write] miniz_tdef.c:779: 
  Assigning imprecise value to probe_pos.
  The imprecision originates from Misaligned
[eva:garbled-mix:write] miniz_tdef.c:779: 
  Assigning imprecise value to tmp_2.
  The imprecision originates from Misaligned
[eva:alarm] miniz_tdef.c:780: Warning: 
  accessing out of bounds index. assert 0 ≤ probe_pos;
[eva:alarm] miniz_tdef.c:780: Warning: 
  accessing out of bounds index. assert probe_pos < TDEFL_LZ_DICT_SIZE;
[eva:alarm] miniz_tdef.c:780: Warning: 
  out of bounds read. assert \valid_read(&d->m_next[probe_pos]);
[eva:garbled-mix:write] miniz_tdef.c:780: 
  Assigning imprecise value to next_probe_pos.
  The imprecision originates from Misaligned
[eva:garbled-mix:write] miniz_tdef.c:780: 
  Assigning imprecise value to dist.
  The imprecision originates from Misaligned
[eva:garbled-mix:write] miniz_tdef.c:780: 
  Assigning imprecise value to probe_pos.
  The imprecision originates from Misaligned
[eva:garbled-mix:write] miniz_tdef.c:780: 
  Assigning imprecise value to tmp_3.
  The imprecision originates from Misaligned
[eva:garbled-mix:write] miniz_tdef.c:784: 
  Assigning imprecise value to q.
  The imprecision originates from Misaligned
[eva:garbled-mix:write] miniz_tdef.c:785: 
  Assigning imprecise value to tmp_4.
  The imprecision originates from Misaligned
[eva:garbled-mix:write] miniz_tdef.c:787: 
  Assigning imprecise value to p.
  The imprecision originates from Misaligned
[eva:garbled-mix:write] miniz_tdef.c:791: 
  Assigning imprecise value to p.
  The imprecision originates from Misaligned
[eva:garbled-mix:write] miniz_tdef.c:791: 
  Assigning imprecise value to tmp_5.
  The imprecision originates from Misaligned
[eva:garbled-mix:write] miniz_tdef.c:791: 
  Assigning imprecise value to q.
  The imprecision originates from Misaligned
[eva:garbled-mix:write] miniz_tdef.c:791: 
  Assigning imprecise value to tmp_6.
  The imprecision originates from Misaligned
[eva:garbled-mix:write] miniz_tdef.c:791: 
  Assigning imprecise value to p.
  The imprecision originates from Misaligned
[eva:garbled-mix:write] miniz_tdef.c:791: 
  Assigning imprecise value to tmp_7.
  The imprecision originates from Misaligned
[eva:garbled-mix:write] miniz_tdef.c:791: 
  Assigning imprecise value to q.
  The imprecision originates from Misaligned
[eva:garbled-mix:write] miniz_tdef.c:791: 
  Assigning imprecise value to tmp_8.
  The imprecision originates from Misaligned
[eva:garbled-mix:write] miniz_tdef.c:792: 
  Assigning imprecise value to p.
  The imprecision originates from Misaligned
[eva:garbled-mix:write] miniz_tdef.c:792: 
  Assigning imprecise value to tmp_9.
  The imprecision originates from Misaligned
[eva:garbled-mix:write] miniz_tdef.c:792: 
  Assigning imprecise value to q.
  The imprecision originates from Misaligned
[eva:garbled-mix:write] miniz_tdef.c:792: 
  Assigning imprecise value to tmp_10.
  The imprecision originates from Misaligned
[eva:garbled-mix:write] miniz_tdef.c:792: 
  Assigning imprecise value to p.
  The imprecision originates from Misaligned
[eva:garbled-mix:write] miniz_tdef.c:792: 
  Assigning imprecise value to tmp_11.
  The imprecision originates from Misaligned
[eva:garbled-mix:write] miniz_tdef.c:792: 
  Assigning imprecise value to q.
  The imprecision originates from Misaligned
[eva:garbled-mix:write] miniz_tdef.c:792: 
  Assigning imprecise value to tmp_12.
  The imprecision originates from Misaligned
[eva:alarm] miniz_tdef.c:799: Warning: 
  pointer subtraction. assert \base_addr(p) ≡ \base_addr(s);
[eva:alarm] miniz_tdef.c:799: Warning: 
  signed overflow. assert -9223372036854775808 ≤ p - s;
[eva:garbled-mix:write] miniz_tdef.c:799: 
  Assigning imprecise value to probe_len.
  The imprecision originates from Misaligned
[eva:garbled-mix:write] miniz_tdef.c:801: 
  Assigning imprecise value to *pMatch_dist (pointing to cur_match_dist).
  The imprecision originates from Misaligned
[eva:garbled-mix:write] miniz_tdef.c:802: 
  Assigning imprecise value to match_len.
  The imprecision originates from Misaligned
[eva:garbled-mix:write] miniz_tdef.c:802: 
  Assigning imprecise value to tmp_13.
  The imprecision originates from Misaligned
[eva:garbled-mix:write] miniz_tdef.c:802: 
  Assigning imprecise value to *pMatch_len (pointing to cur_match_len).
  The imprecision originates from Misaligned
[eva:garbled-mix:write] miniz_tdef.c:804: 
  Assigning imprecise value to c01.
  The imprecision originates from Misaligned
[eva:garbled-mix:write] miniz_tdef.c:795: 
  Assigning imprecise value to *pMatch_dist (pointing to cur_match_dist).
  The imprecision originates from Misaligned
[eva:garbled-mix:write] miniz_tdef.c:796: 
  Assigning imprecise value to *pMatch_len (pointing to cur_match_len).
  The imprecision originates from Misaligned
[eva:alarm] miniz_tdef.c:1171: Warning: 
  accessing uninitialized left-value. assert \initialized(&d->m_saved_lit);
[eva:alarm] miniz_tdef.c:1041: Warning: 
  accessing uninitialized left-value.
  assert \initialized(&d->m_total_lz_bytes);
[eva:garbled-mix:write] miniz_tdef.c:1041: 
  Assigning imprecise value to d->m_total_lz_bytes
  (pointing to __malloc_miniz_def_alloc_func_l169 with offsets {672}).
  The imprecision originates from Misaligned
[eva:alarm] miniz_tdef.c:1042: Warning: 
  accessing uninitialized left-value. assert \initialized(&d->m_pLZ_code_buf);
[eva:garbled-mix:write] miniz_tdef.c:1042: 
  Assigning imprecise value to tmp.
  The imprecision originates from Misaligned
[eva:garbled-mix:write] miniz_tdef.c:1042: 
  Assigning imprecise value to d->m_pLZ_code_buf
  (pointing to __malloc_miniz_def_alloc_func_l169 with offsets {384}).
  The imprecision originates from Misaligned
[eva:alarm] miniz_tdef.c:1042: Warning: 
  out of bounds write. assert \valid(tmp);
                       (tmp from d->m_pLZ_code_buf++)
[eva:garbled-mix:write] miniz_tdef.c:1042: 
  Assigning imprecise value to *tmp
  (pointing to in_bytes with offsets {0; 8; 16; 24; 32; 40; 48; 56};
  out_bytes with offsets {0; 8; 16; 24; 32; 40; 48; 56};
  __malloc_main_l34 with offsets [0..5328];
  __malloc_miniz_def_alloc_func_l169 with offsets [0..2554808]).
  The imprecision originates from Misaligned
[eva:alarm] miniz_tdef.c:1043: Warning: 
  accessing uninitialized left-value. assert \initialized(&d->m_pLZ_flags);
[eva:garbled-mix:write] miniz_tdef.c:1043: 
  Assigning imprecise value to *(d->m_pLZ_flags)
  (pointing to in_bytes with offsets {0; 8; 16; 24; 32; 40; 48; 56};
  out_bytes with offsets {0; 8; 16; 24; 32; 40; 48; 56};
  __malloc_main_l34 with offsets [0..5328];
  __malloc_miniz_def_alloc_func_l169 with offsets [0..2554808]).
  The imprecision originates from Misaligned
[eva:alarm] miniz_tdef.c:1044: Warning: 
  accessing uninitialized left-value.
  assert \initialized(&d->m_num_flags_left);
[eva:garbled-mix:write] miniz_tdef.c:1044: 
  Assigning imprecise value to d->m_num_flags_left
  (pointing to __malloc_miniz_def_alloc_func_l169 with offsets {640}).
  The imprecision originates from Misaligned
[eva:garbled-mix:write] miniz_tdef.c:1047: 
  Assigning imprecise value to tmp_0.
  The imprecision originates from Misaligned
[eva:garbled-mix:write] miniz_tdef.c:1047: 
  Assigning imprecise value to d->m_pLZ_code_buf
  (pointing to __malloc_miniz_def_alloc_func_l169 with offsets {384}).
  The imprecision originates from Misaligned
[eva:garbled-mix:write] miniz_tdef.c:1047: 
  Assigning imprecise value to d->m_pLZ_flags
  (pointing to __malloc_miniz_def_alloc_func_l169 with offsets {448}).
  The imprecision originates from Misaligned
[eva:alarm] miniz_tdef.c:1049: Warning: 
  accessing out of bounds index. assert 0 ≤ lit;
[eva:alarm] miniz_tdef.c:1049: Warning: 
  accessing out of bounds index. assert lit < TDEFL_MAX_HUFF_SYMBOLS;
[eva:alarm] miniz_tdef.c:1049: Warning: 
  out of bounds write. assert \valid(&d->m_huff_count[0][lit]);
[eva:alarm] miniz_tdef.c:1049: Warning: 
  accessing uninitialized left-value.
  assert \initialized(&d->m_huff_count[0][lit]);
[eva:garbled-mix:write] miniz_tdef.c:1049: 
  Assigning imprecise value to d->m_huff_count[0][lit]
  (pointing to in_bytes with offsets {0; 8; 16; 24; 32; 40; 48};
  out_bytes with offsets {0; 8; 16; 24; 32; 40; 48};
  __malloc_main_l34 with offsets [0..5320];
  __malloc_miniz_def_alloc_func_l169 with offsets [0..2554800]).
  The imprecision originates from Misaligned
[eva:garbled-mix:write] miniz_tdef.c:1058: 
  Assigning imprecise value to d->m_total_lz_bytes
  (pointing to __malloc_miniz_def_alloc_func_l169 with offsets {672}).
  The imprecision originates from Misaligned
[eva:alarm] miniz_tdef.c:1060: Warning: 
  out of bounds write. assert \valid(d->m_pLZ_code_buf + 0);
[eva:garbled-mix:write] miniz_tdef.c:1060: 
  Assigning imprecise value to *(d->m_pLZ_code_buf + 0)
  (pointing to in_bytes with offsets {0; 8; 16; 24; 32; 40; 48; 56};
  out_bytes with offsets {0; 8; 16; 24; 32; 40; 48; 56};
  __malloc_main_l34 with offsets [0..5328];
  __malloc_miniz_def_alloc_func_l169 with offsets [0..2554808]).
  The imprecision originates from Misaligned
[eva:garbled-mix:write] miniz_tdef.c:1062: 
  Assigning imprecise value to match_dist.
  The imprecision originates from Misaligned
[eva:garbled-mix:write] miniz_tdef.c:1063: 
  Assigning imprecise value to *(d->m_pLZ_code_buf + 1)
  (pointing to in_bytes with offsets {0; 8; 16; 24; 32; 40; 48; 56};
  out_bytes with offsets {0; 8; 16; 24; 32; 40; 48; 56};
  __malloc_main_l34 with offsets [0..5328];
  __malloc_miniz_def_alloc_func_l169 with offsets [0..2554808]).
  The imprecision originates from Misaligned
[eva:garbled-mix:write] miniz_tdef.c:1064: 
  Assigning imprecise value to *(d->m_pLZ_code_buf + 2)
  (pointing to in_bytes with offsets {0; 8; 16; 24; 32; 40; 48; 56};
  out_bytes with offsets {0; 8; 16; 24; 32; 40; 48; 56};
  __malloc_main_l34 with offsets [0..5328];
  __malloc_miniz_def_alloc_func_l169 with offsets [0..2554808]).
  The imprecision originates from Misaligned
[eva:garbled-mix:write] miniz_tdef.c:1065: 
  Assigning imprecise value to d->m_pLZ_code_buf
  (pointing to __malloc_miniz_def_alloc_func_l169 with offsets {384}).
  The imprecision originates from Misaligned
[eva:garbled-mix:write] miniz_tdef.c:1067: 
  Assigning imprecise value to *(d->m_pLZ_flags)
  (pointing to in_bytes with offsets {0; 8; 16; 24; 32; 40; 48; 56};
  out_bytes with offsets {0; 8; 16; 24; 32; 40; 48; 56};
  __malloc_main_l34 with offsets [0..5328];
  __malloc_miniz_def_alloc_func_l169 with offsets [0..2554808]).
  The imprecision originates from Misaligned
[eva:garbled-mix:write] miniz_tdef.c:1068: 
  Assigning imprecise value to d->m_num_flags_left
  (pointing to __malloc_miniz_def_alloc_func_l169 with offsets {640}).
  The imprecision originates from Misaligned
[eva:garbled-mix:write] miniz_tdef.c:1071: 
  Assigning imprecise value to tmp_0.
  The imprecision originates from Misaligned
[eva:garbled-mix:write] miniz_tdef.c:1071: 
  Assigning imprecise value to d->m_pLZ_code_buf
  (pointing to __malloc_miniz_def_alloc_func_l169 with offsets {384}).
  The imprecision originates from Misaligned
[eva:garbled-mix:write] miniz_tdef.c:1071: 
  Assigning imprecise value to d->m_pLZ_flags
  (pointing to __malloc_miniz_def_alloc_func_l169 with offsets {448}).
  The imprecision originates from Misaligned
[eva:alarm] miniz_tdef.c:1074: Warning: 
  accessing out of bounds index. assert 0 ≤ (unsigned int)(match_dist & 511);
[eva:alarm] miniz_tdef.c:1074: Warning: 
  accessing out of bounds index. assert (unsigned int)(match_dist & 511) < 512;
[eva:alarm] miniz_tdef.c:1074: Warning: 
  accessing uninitialized left-value.
  assert
  \initialized(&s_tdefl_small_dist_sym[(unsigned int)(match_dist & 511)]);
[eva:alarm] miniz_tdef.c:1074: Warning: 
  out of bounds read.
  assert
  \valid_read(&s_tdefl_small_dist_sym[(unsigned int)(match_dist & 511)]);
[eva:garbled-mix:write] miniz_tdef.c:1074: 
  Assigning imprecise value to s0.
  The imprecision originates from Misaligned
[eva:alarm] miniz_tdef.c:1075: Warning: 
  accessing out of bounds index.
  assert 0 ≤ (unsigned int)((mz_uint)(match_dist >> 8) & 127);
[eva:alarm] miniz_tdef.c:1075: Warning: 
  accessing out of bounds index.
  assert (unsigned int)((mz_uint)(match_dist >> 8) & 127) < 128;
[eva:alarm] miniz_tdef.c:1075: Warning: 
  accessing uninitialized left-value.
  assert
  \initialized(&s_tdefl_large_dist_sym[(unsigned int)((mz_uint)(match_dist >> 8)
                                                      & 127)]);
[eva:alarm] miniz_tdef.c:1075: Warning: 
  out of bounds read.
  assert
  \valid_read(&s_tdefl_large_dist_sym[(unsigned int)((mz_uint)(match_dist >> 8)
                                                     & 127)]);
[eva:garbled-mix:write] miniz_tdef.c:1075: 
  Assigning imprecise value to s1.
  The imprecision originates from Misaligned
[eva:garbled-mix:write] miniz_tdef.c:1076: 
  Assigning imprecise value to tmp_1.
  The imprecision originates from Misaligned
[eva:alarm] miniz_tdef.c:1076: Warning: 
  accessing out of bounds index.
  assert 0 ≤ tmp_1;
  (tmp_1 from (match_dist < 512)?s0:s1)
[eva:alarm] miniz_tdef.c:1076: Warning: 
  accessing out of bounds index.
  assert tmp_1 < TDEFL_MAX_HUFF_SYMBOLS;
  (tmp_1 from (match_dist < 512)?s0:s1)
[eva:alarm] miniz_tdef.c:1076: Warning: 
  out of bounds write.
  assert \valid(&d->m_huff_count[1][tmp_1]);
  (tmp_1 from (match_dist < 512)?s0:s1)
[eva:alarm] miniz_tdef.c:1076: Warning: 
  accessing uninitialized left-value.
  assert \initialized(&d->m_huff_count[1][tmp_1]);
  (tmp_1 from (match_dist < 512)?s0:s1)
[eva:garbled-mix:write] miniz_tdef.c:1076: 
  Assigning imprecise value to d->m_huff_count[1][tmp_1]
  (pointing to in_bytes with offsets {0; 8; 16; 24; 32; 40; 48};
  out_bytes with offsets {0; 8; 16; 24; 32; 40; 48};
  __malloc_main_l34 with offsets [0..5320];
  __malloc_miniz_def_alloc_func_l169 with offsets [0..2554800]).
  The imprecision originates from Misaligned
[eva:alarm] miniz_tdef.c:1079: Warning: 
  accessing out of bounds index.
  assert 0 ≤ (mz_uint)(match_len - TDEFL_MIN_MATCH_LEN);
[eva:alarm] miniz_tdef.c:1079: Warning: 
  accessing out of bounds index.
  assert (mz_uint)(match_len - TDEFL_MIN_MATCH_LEN) < 256;
[eva:alarm] miniz_tdef.c:1079: Warning: 
  accessing uninitialized left-value.
  assert
  \initialized(&s_tdefl_len_sym[(mz_uint)(match_len - TDEFL_MIN_MATCH_LEN)]);
[eva:alarm] miniz_tdef.c:1079: Warning: 
  out of bounds read.
  assert
  \valid_read(&s_tdefl_len_sym[(mz_uint)(match_len - TDEFL_MIN_MATCH_LEN)]);
[eva:alarm] miniz_tdef.c:1079: Warning: 
  accessing out of bounds index.
  assert 0 ≤ s_tdefl_len_sym[(mz_uint)(match_len - TDEFL_MIN_MATCH_LEN)];
[eva:alarm] miniz_tdef.c:1079: Warning: 
  accessing out of bounds index.
  assert
  s_tdefl_len_sym[(mz_uint)(match_len - TDEFL_MIN_MATCH_LEN)] <
  TDEFL_MAX_HUFF_SYMBOLS;
[eva:alarm] miniz_tdef.c:1079: Warning: 
  out of bounds write.
  assert
  \valid(&d->m_huff_count[0][s_tdefl_len_sym[(mz_uint)(match_len -
                                                       TDEFL_MIN_MATCH_LEN)]]);
[eva:alarm] miniz_tdef.c:1079: Warning: 
  accessing uninitialized left-value.
  assert
  \initialized(&d->m_huff_count[0][s_tdefl_len_sym[(mz_uint)(match_len -
                                                             TDEFL_MIN_MATCH_LEN)]]);
[eva:garbled-mix:write] miniz_tdef.c:1079: 
  Assigning imprecise value to d->m_huff_count[0][s_tdefl_len_sym[match_len - (mz_uint)TDEFL_MIN_MATCH_LEN]]
  (pointing to in_bytes with offsets {0; 8; 16; 24; 32; 40; 48};
  out_bytes with offsets {0; 8; 16; 24; 32; 40; 48};
  __malloc_main_l34 with offsets [0..5320];
  __malloc_miniz_def_alloc_func_l169 with offsets [0..2554800]).
  The imprecision originates from Misaligned
[eva:garbled-mix:write] miniz_tdef.c:1176: 
  Assigning imprecise value to len_to_move.
  The imprecision originates from Misaligned
[eva:alarm] miniz_tdef.c:1180: Warning: 
  accessing out of bounds index. assert 0 ≤ cur_pos;
[eva:alarm] miniz_tdef.c:1180: Warning: 
  accessing out of bounds index.
  assert cur_pos < (int)((int)(TDEFL_LZ_DICT_SIZE + TDEFL_MAX_MATCH_LEN) - 1);
[eva:alarm] miniz_tdef.c:1180: Warning: 
  accessing uninitialized left-value. assert \initialized(&d->m_dict[cur_pos]);
[eva:alarm] miniz_tdef.c:1180: Warning: 
  out of bounds read. assert \valid_read(&d->m_dict[cur_pos]);
[eva:garbled-mix:write] miniz_tdef.c:1180: 
  Assigning imprecise value to d->m_saved_lit
  (pointing to __malloc_miniz_def_alloc_func_l169 with offsets {864}).
  The imprecision originates from Misaligned
[eva:garbled-mix:write] miniz_tdef.c:1181: 
  Assigning imprecise value to d->m_saved_match_dist
  (pointing to __malloc_miniz_def_alloc_func_l169 with offsets {800}).
  The imprecision originates from Misaligned
[eva:garbled-mix:write] miniz_tdef.c:1182: 
  Assigning imprecise value to d->m_saved_match_len
  (pointing to __malloc_miniz_def_alloc_func_l169 with offsets {832}).
  The imprecision originates from Misaligned
[eva:alarm] miniz_tdef.c:1187: Warning: 
  accessing uninitialized left-value.
  assert \initialized(&d->m_saved_match_dist);
[eva:alarm] miniz_tdef.c:1058: Warning: 
  accessing uninitialized left-value.
  assert \initialized(&d->m_total_lz_bytes);
[eva:alarm] miniz_tdef.c:1060: Warning: 
  accessing uninitialized left-value. assert \initialized(&d->m_pLZ_code_buf);
[eva:alarm] miniz_tdef.c:1067: Warning: 
  accessing uninitialized left-value. assert \initialized(&d->m_pLZ_flags);
[eva:alarm] miniz_tdef.c:1068: Warning: 
  accessing uninitialized left-value.
  assert \initialized(&d->m_num_flags_left);
[eva:garbled-mix:write] miniz_tdef.c:1188: 
  Assigning imprecise value to len_to_move.
  The imprecision originates from Misaligned
[eva:garbled-mix:write] miniz_tdef.c:1193: 
  Assigning imprecise value to tmp_2.
  The imprecision originates from Misaligned
[eva:alarm] miniz_tdef.c:1193: Warning: 
  accessing out of bounds index.
  assert 0 ≤ tmp_2;
  (tmp_2 from
  ((cur_pos) < (sizeof((d->m_dict)) - 1))?cur_pos:sizeof(d->m_dict) - (unsigned long)1)
[eva:alarm] miniz_tdef.c:1193: Warning: 
  accessing out of bounds index.
  assert tmp_2 < (int)((int)(TDEFL_LZ_DICT_SIZE + TDEFL_MAX_MATCH_LEN) - 1);
  (tmp_2 from
  ((cur_pos) < (sizeof((d->m_dict)) - 1))?cur_pos:sizeof(d->m_dict) - (unsigned long)1)
[eva:alarm] miniz_tdef.c:1193: Warning: 
  accessing uninitialized left-value.
  assert \initialized(&d->m_dict[tmp_2]);
  (tmp_2 from
  ((cur_pos) < (sizeof((d->m_dict)) - 1))?cur_pos:sizeof(d->m_dict) - (unsigned long)1)
[eva:alarm] miniz_tdef.c:1193: Warning: 
  out of bounds read.
  assert \valid_read(&d->m_dict[tmp_2]);
  (tmp_2 from
  ((cur_pos) < (sizeof((d->m_dict)) - 1))?cur_pos:sizeof(d->m_dict) - (unsigned long)1)
[eva:alarm] miniz_tdef.c:1194: Warning: 
  accessing uninitialized left-value.
  assert \initialized(&d->m_greedy_parsing);
[eva:garbled-mix:write] miniz_tdef.c:1197: 
  Assigning imprecise value to len_to_move.
  The imprecision originates from Misaligned
[eva:garbled-mix:write] miniz_tdef.c:1201: 
  Assigning imprecise value to tmp_3.
  The imprecision originates from Misaligned
[eva:alarm] miniz_tdef.c:1201: Warning: 
  accessing out of bounds index.
  assert 0 ≤ tmp_3;
  (tmp_3 from
  ((cur_pos) < (sizeof((d->m_dict)) - 1))?cur_pos:sizeof(d->m_dict) - (unsigned long)1)
[eva:alarm] miniz_tdef.c:1201: Warning: 
  accessing out of bounds index.
  assert tmp_3 < (int)((int)(TDEFL_LZ_DICT_SIZE + TDEFL_MAX_MATCH_LEN) - 1);
  (tmp_3 from
  ((cur_pos) < (sizeof((d->m_dict)) - 1))?cur_pos:sizeof(d->m_dict) - (unsigned long)1)
[eva:alarm] miniz_tdef.c:1201: Warning: 
  accessing uninitialized left-value.
  assert \initialized(&d->m_dict[tmp_3]);
  (tmp_3 from
  ((cur_pos) < (sizeof((d->m_dict)) - 1))?cur_pos:sizeof(d->m_dict) - (unsigned long)1)
[eva:alarm] miniz_tdef.c:1201: Warning: 
  out of bounds read.
  assert \valid_read(&d->m_dict[tmp_3]);
  (tmp_3 from
  ((cur_pos) < (sizeof((d->m_dict)) - 1))?cur_pos:sizeof(d->m_dict) - (unsigned long)1)
[eva:garbled-mix:write] miniz_tdef.c:1201: 
  Assigning imprecise value to d->m_saved_lit
  (pointing to __malloc_miniz_def_alloc_func_l169 with offsets {864}).
  The imprecision originates from Misaligned
[eva:garbled-mix:write] miniz_tdef.c:1202: 
  Assigning imprecise value to d->m_saved_match_dist
  (pointing to __malloc_miniz_def_alloc_func_l169 with offsets {800}).
  The imprecision originates from Misaligned
[eva:garbled-mix:write] miniz_tdef.c:1203: 
  Assigning imprecise value to d->m_saved_match_len
  (pointing to __malloc_miniz_def_alloc_func_l169 with offsets {832}).
  The imprecision originates from Misaligned
[eva:alarm] miniz_tdef.c:1211: Warning: 
  accessing uninitialized left-value. assert \initialized(&d->m_pLZ_code_buf);
[eva:alarm] miniz_tdef.c:1212: Warning: 
  accessing uninitialized left-value.
  assert \initialized(&d->m_total_lz_bytes);
[eva:garbled-mix:write] miniz_tdef.c:1216: 
  Assigning imprecise value to d->m_src_buf_left
  (pointing to __malloc_miniz_def_alloc_func_l169 with offsets {1472}).
  The imprecision originates from Misaligned
[eva:alarm] miniz_tdef.c:608: Warning: 
  accessing uninitialized left-value.
  assert \initialized(&d->m_lz_code_buf_dict_pos);
[eva:alarm] miniz_tdef.c:609: Warning: 
  accessing uninitialized left-value. assert \initialized(&d->m_pPut_buf_func);
[eva:alarm] miniz_tdef.c:609: Warning: 
  accessing uninitialized left-value. assert \initialized(&d->m_pOut_buf_size);
[eva:alarm] miniz_tdef.c:609: Warning: 
  accessing uninitialized left-value. assert \initialized(&d->m_out_buf_ofs);
[eva:alarm] miniz_tdef.c:609: Warning: 
  accessing uninitialized left-value. assert \initialized(&d->m_pOut_buf);
[eva:alarm] miniz_tdef.c:618: Warning: 
  accessing uninitialized left-value. assert \initialized(&d->m_pLZ_flags);
[eva:alarm] miniz_tdef.c:618: Warning: 
  accessing uninitialized left-value.
  assert \initialized(&d->m_num_flags_left);
[eva:alarm] miniz_tdef.c:621: Warning: 
  accessing uninitialized left-value. assert \initialized(&d->m_block_index);
[eva:alarm] miniz_tdef.c:623: Warning: 
  accessing uninitialized left-value. assert \initialized(&d->m_bit_buffer);
[eva:alarm] miniz_tdef.c:623: Warning: 
  accessing uninitialized left-value. assert \initialized(&d->m_bits_in);
[eva:alarm] miniz_tdef.c:627: Warning: 
  accessing uninitialized left-value. assert \initialized(&d->m_bit_buffer);
[eva:alarm] miniz_tdef.c:627: Warning: 
  accessing uninitialized left-value. assert \initialized(&d->m_bits_in);
[eva:alarm] miniz_tdef.c:634: Warning: 
  accessing uninitialized left-value.
  assert \initialized(&d->m_total_lz_bytes);
[eva:alarm] miniz_tdef.c:650: Warning: 
  accessing uninitialized left-value.
  assert \initialized(&d->m_total_lz_bytes);
[eva:alarm] miniz_tdef.c:706: Warning: 
  accessing uninitialized left-value.
  assert \initialized(&d->m_total_lz_bytes);
[eva:garbled-mix:write] miniz_tdef.c:1119: 
  Assigning imprecise value to src_buf_left.
  The imprecision originates from Misaligned
[eva:garbled-mix:write] miniz_tdef.c:1223: 
  Assigning imprecise value to d->m_src_buf_left
  (pointing to __malloc_miniz_def_alloc_func_l169 with offsets {1472}).
  The imprecision originates from Misaligned
[eva:alarm] miniz_tdef.c:1297: Warning: 
  accessing uninitialized left-value. assert \initialized(&d->m_flags);
[eva:alarm] miniz_tdef.c:1298: Warning: 
  accessing uninitialized left-value. assert \initialized(&d->m_pSrc);
[eva:alarm] miniz_tdef.c:1298: Warning: 
  accessing uninitialized left-value. assert \initialized(&d->m_adler32);
[eva:alarm] miniz_tdef.c:1298: Warning: 
  pointer subtraction.
  assert \base_addr(d->m_pSrc) ≡ \base_addr((mz_uint8 const *)pIn_buf);
[eva:alarm] miniz_tdef.c:1298: Warning: 
  signed overflow.
  assert -9223372036854775808 ≤ d->m_pSrc - (mz_uint8 const *)pIn_buf;
[eva:alarm] miniz_tdef.c:1298: Warning: 
  signed overflow.
  assert d->m_pSrc - (mz_uint8 const *)pIn_buf ≤ 9223372036854775807;
[eva:garbled-mix:write] miniz.c:41: 
  Assigning imprecise value to s1.
  The imprecision originates from Misaligned
[eva:garbled-mix:write] miniz.c:41: 
  Assigning imprecise value to s2.
  The imprecision originates from Misaligned
[eva:garbled-mix:write] miniz.c:42: 
  Assigning imprecise value to block_len.
  The imprecision originates from Misaligned
[eva:garbled-mix:write] miniz.c:49: 
  Assigning imprecise value to s1.
  The imprecision originates from Misaligned
[eva:garbled-mix:write] miniz.c:49: 
  Assigning imprecise value to s2.
  The imprecision originates from Misaligned
[eva:garbled-mix:write] miniz.c:50: 
  Assigning imprecise value to s1.
  The imprecision originates from Misaligned
[eva:garbled-mix:write] miniz.c:50: 
  Assigning imprecise value to s2.
  The imprecision originates from Misaligned
[eva:garbled-mix:write] miniz.c:51: 
  Assigning imprecise value to s1.
  The imprecision originates from Misaligned
[eva:garbled-mix:write] miniz.c:51: 
  Assigning imprecise value to s2.
  The imprecision originates from Misaligned
[eva:garbled-mix:write] miniz.c:52: 
  Assigning imprecise value to s1.
  The imprecision originates from Misaligned
[eva:garbled-mix:write] miniz.c:52: 
  Assigning imprecise value to s2.
  The imprecision originates from Misaligned
[eva:garbled-mix:write] miniz.c:53: 
  Assigning imprecise value to s1.
  The imprecision originates from Misaligned
[eva:garbled-mix:write] miniz.c:53: 
  Assigning imprecise value to s2.
  The imprecision originates from Misaligned
[eva:garbled-mix:write] miniz.c:54: 
  Assigning imprecise value to s1.
  The imprecision originates from Misaligned
[eva:garbled-mix:write] miniz.c:54: 
  Assigning imprecise value to s2.
  The imprecision originates from Misaligned
[eva:garbled-mix:write] miniz.c:55: 
  Assigning imprecise value to s1.
  The imprecision originates from Misaligned
[eva:garbled-mix:write] miniz.c:55: 
  Assigning imprecise value to s2.
  The imprecision originates from Misaligned
[eva:garbled-mix:write] miniz.c:56: 
  Assigning imprecise value to s1.
  The imprecision originates from Misaligned
[eva:garbled-mix:write] miniz.c:56: 
  Assigning imprecise value to s2.
  The imprecision originates from Misaligned
[eva] miniz.c:47: starting to merge loop iterations
[kernel] miniz.c:49: more than 20(58) elements to enumerate. Approximating.
[kernel] miniz.c:50: more than 20(58) elements to enumerate. Approximating.
[kernel] miniz.c:51: more than 20(58) elements to enumerate. Approximating.
[eva:alarm] miniz.c:52: Warning: 
  out of bounds read. assert \valid_read(ptr + 3);
[kernel] miniz.c:52: more than 20(57) elements to enumerate. Approximating.
[kernel] miniz.c:53: more than 20(57) elements to enumerate. Approximating.
[kernel] miniz.c:54: more than 20(57) elements to enumerate. Approximating.
[kernel] miniz.c:55: more than 20(57) elements to enumerate. Approximating.
[kernel] miniz.c:56: more than 20(57) elements to enumerate. Approximating.
[eva:garbled-mix:write] miniz.c:59: 
  Assigning imprecise value to s1.
  The imprecision originates from Misaligned
[kernel] miniz.c:59: more than 20(62) elements to enumerate. Approximating.
[eva:garbled-mix:write] miniz.c:59: 
  Assigning imprecise value to s2.
  The imprecision originates from Misaligned
[eva:alarm] miniz.c:59: Warning: 
  out of bounds read. assert \valid_read(tmp);
                      (tmp from ptr++)
[kernel] miniz.c:59: more than 20(61) elements to enumerate. Approximating.
[eva] miniz.c:58: starting to merge loop iterations
[eva:garbled-mix:write] miniz.c:60: 
  Assigning imprecise value to s1.
  The imprecision originates from Misaligned
[eva:garbled-mix:write] miniz.c:60: 
  Assigning imprecise value to s2.
  The imprecision originates from Misaligned
[eva:garbled-mix:write] miniz.c:61: 
  Assigning imprecise value to buf_len.
  The imprecision originates from Misaligned
[eva:alarm] miniz.c:49: Warning: 
  out of bounds read. assert \valid_read(ptr + 0);
[eva:alarm] miniz.c:50: Warning: 
  out of bounds read. assert \valid_read(ptr + 1);
[eva:alarm] miniz.c:51: Warning: 
  out of bounds read. assert \valid_read(ptr + 2);
[eva:alarm] miniz.c:53: Warning: 
  out of bounds read. assert \valid_read(ptr + 4);
[eva:alarm] miniz.c:54: Warning: 
  out of bounds read. assert \valid_read(ptr + 5);
[eva:alarm] miniz.c:55: Warning: 
  out of bounds read. assert \valid_read(ptr + 6);
[eva:alarm] miniz.c:56: Warning: 
  out of bounds read. assert \valid_read(ptr + 7);
[eva:garbled-mix:write] miniz.c:64: 
  Assigning imprecise value to __retres.
  The imprecision originates from Misaligned
[eva:garbled-mix:write] miniz.c:64: 
  Assigning imprecise value to \result<mz_adler32>.
  The imprecision originates from Misaligned
[eva:garbled-mix:write] miniz_tdef.c:1298: 
  Assigning imprecise value to tmp_4.
  The imprecision originates from Misaligned
[eva:garbled-mix:write] miniz_tdef.c:1298: 
  Assigning imprecise value to d->m_adler32
  (pointing to __malloc_miniz_def_alloc_func_l169 with offsets {256}).
  The imprecision originates from Misaligned
[eva:alarm] miniz_tdef.c:1300: Warning: 
  accessing uninitialized left-value.
  assert \initialized(&d->m_lookahead_size);
[eva:alarm] miniz_tdef.c:1300: Warning: 
  accessing uninitialized left-value. assert \initialized(&d->m_src_buf_left);
[eva:alarm] miniz_tdef.c:608: Warning: 
  accessing uninitialized left-value. assert \initialized(&d->m_lookahead_pos);
[eva:alarm] miniz_tdef.c:608: Warning: 
  accessing uninitialized left-value. assert \initialized(&d->m_dict_size);
[eva:alarm] miniz_tdef.c:619: Warning: 
  accessing uninitialized left-value. assert \initialized(&d->m_pLZ_code_buf);
[eva:garbled-mix:write] miniz_tdef.c:671: 
  Assigning imprecise value to len_6.
  The imprecision originates from Misaligned
[eva:alarm] miniz_tdef.c:671: Warning: 
  invalid RHS operand for shift. assert 0 ≤ len_6 < 32;
[eva:alarm] miniz_tdef.c:671: Warning: 
  function __FC_assert: precondition 'nonnull_c' got status unknown.
[eva:alarm] miniz_tdef.c:671: Warning: 
  invalid RHS operand for shift. assert 0 ≤ d->m_bits_in < 32;
[eva:garbled-mix:write] miniz_tdef.c:671: 
  Assigning imprecise value to d->m_bit_buffer
  (pointing to __malloc_miniz_def_alloc_func_l169 with offsets {768}).
  The imprecision originates from Misaligned
[eva:garbled-mix:write] miniz_tdef.c:671: 
  Assigning imprecise value to d->m_bits_in
  (pointing to __malloc_miniz_def_alloc_func_l169 with offsets {736}).
  The imprecision originates from Misaligned
[eva:alarm] miniz_tdef.c:671: Warning: 
  pointer comparison.
  assert
  \pointer_comparable((void *)d->m_pOutput_buf, (void *)d->m_pOutput_buf_end);
[eva:garbled-mix:write] miniz_tdef.c:671: 
  Assigning imprecise value to tmp_9.
  The imprecision originates from Misaligned
[eva:garbled-mix:write] miniz_tdef.c:671: 
  Assigning imprecise value to d->m_pOutput_buf
  (pointing to __malloc_miniz_def_alloc_func_l169 with offsets {512}).
  The imprecision originates from Misaligned
[eva:alarm] miniz_tdef.c:671: Warning: 
  out of bounds write. assert \valid(tmp_9);
                       (tmp_9 from d->m_pOutput_buf++)
[eva:garbled-mix:write] miniz_tdef.c:671: 
  Assigning imprecise value to *tmp_9
  (pointing to in_bytes with offsets {0; 8; 16; 24; 32; 40; 48; 56};
  out_bytes with offsets {0; 8; 16; 24; 32; 40; 48; 56};
  __malloc_main_l34 with offsets [0..5328];
  __malloc_miniz_def_alloc_func_l169 with offsets [0..2554808]).
  The imprecision originates from Misaligned
[eva:garbled-mix:write] miniz_tdef.c:671: 
  Assigning imprecise value to d->m_bit_buffer
  (pointing to __malloc_miniz_def_alloc_func_l169 with offsets {768}).
  The imprecision originates from Misaligned
[eva:garbled-mix:write] miniz_tdef.c:671: 
  Assigning imprecise value to d->m_bits_in
  (pointing to __malloc_miniz_def_alloc_func_l169 with offsets {736}).
  The imprecision originates from Misaligned
[eva:alarm] miniz_tdef.c:673: Warning: 
  accessing uninitialized left-value. assert \initialized(&d->m_flags);
[eva:alarm] miniz_tdef.c:675: Warning: 
  accessing uninitialized left-value. assert \initialized(&d->m_adler32);
[eva:garbled-mix:write] miniz_tdef.c:675: 
  Assigning imprecise value to a.
  The imprecision originates from Misaligned
[eva:loop-unroll:auto] miniz_tdef.c:676: Automatic loop unrolling.
[eva:garbled-mix:write] miniz_tdef.c:678: 
  Assigning imprecise value to bits_7.
  The imprecision originates from Misaligned
[eva:alarm] miniz_tdef.c:678: Warning: 
  function __FC_assert: precondition 'nonnull_c' got status unknown.
[eva:alarm] miniz_tdef.c:678: Warning: 
  invalid RHS operand for shift. assert 0 ≤ d->m_bits_in < 32;
[eva:garbled-mix:write] miniz_tdef.c:678: 
  Assigning imprecise value to d->m_bit_buffer
  (pointing to __malloc_miniz_def_alloc_func_l169 with offsets {768}).
  The imprecision originates from Misaligned
[eva:garbled-mix:write] miniz_tdef.c:678: 
  Assigning imprecise value to d->m_bits_in
  (pointing to __malloc_miniz_def_alloc_func_l169 with offsets {736}).
  The imprecision originates from Misaligned
[eva:alarm] miniz_tdef.c:678: Warning: 
  pointer comparison.
  assert
  \pointer_comparable((void *)d->m_pOutput_buf, (void *)d->m_pOutput_buf_end);
[eva:garbled-mix:write] miniz_tdef.c:678: 
  Assigning imprecise value to tmp_10.
  The imprecision originates from Misaligned
[eva:garbled-mix:write] miniz_tdef.c:678: 
  Assigning imprecise value to d->m_pOutput_buf
  (pointing to __malloc_miniz_def_alloc_func_l169 with offsets {512}).
  The imprecision originates from Misaligned
[eva:alarm] miniz_tdef.c:678: Warning: 
  out of bounds write. assert \valid(tmp_10);
                       (tmp_10 from d->m_pOutput_buf++)
[eva:garbled-mix:write] miniz_tdef.c:678: 
  Assigning imprecise value to *tmp_10
  (pointing to in_bytes with offsets {0; 8; 16; 24; 32; 40; 48; 56};
  out_bytes with offsets {0; 8; 16; 24; 32; 40; 48; 56};
  __malloc_main_l34 with offsets [0..5328];
  __malloc_miniz_def_alloc_func_l169 with offsets [0..2554808]).
  The imprecision originates from Misaligned
[eva:garbled-mix:write] miniz_tdef.c:678: 
  Assigning imprecise value to d->m_bit_buffer
  (pointing to __malloc_miniz_def_alloc_func_l169 with offsets {768}).
  The imprecision originates from Misaligned
[eva:garbled-mix:write] miniz_tdef.c:678: 
  Assigning imprecise value to d->m_bits_in
  (pointing to __malloc_miniz_def_alloc_func_l169 with offsets {736}).
  The imprecision originates from Misaligned
[eva:garbled-mix:write] miniz_tdef.c:679: 
  Assigning imprecise value to a.
  The imprecision originates from Misaligned
[eva:garbled-mix:write] miniz_tdef.c:1302: 
  Assigning imprecise value to tmp_5.
  The imprecision originates from Misaligned
[eva:alarm] miniz_tdef.c:1303: Warning: 
  accessing uninitialized left-value.
  assert \initialized(&d->m_prev_return_status);
[eva:garbled-mix:write] miniz_tdef.c:1303: 
  Assigning imprecise value to __retres.
  The imprecision originates from Misaligned
[eva:alarm] miniz_tdef.c:1229: Warning: 
  accessing uninitialized left-value. assert \initialized(&d->m_pIn_buf_size);
[eva:alarm] miniz_tdef.c:1229: Warning: 
  pointer comparison.
  assert \pointer_comparable((void *)0, (void *)d->m_pIn_buf_size);
[eva:alarm] miniz_tdef.c:1231: Warning: 
  out of bounds write. assert \valid(d->m_pIn_buf_size);
[eva:alarm] miniz_tdef.c:1231: Warning: 
  accessing uninitialized left-value. assert \initialized(&d->m_pSrc);
[eva:alarm] miniz_tdef.c:1231: Warning: 
  accessing uninitialized left-value. assert \initialized(&d->m_pIn_buf);
[eva:alarm] miniz_tdef.c:1231: Warning: 
  pointer subtraction.
  assert \base_addr(d->m_pSrc) ≡ \base_addr((mz_uint8 const *)d->m_pIn_buf);
[eva:alarm] miniz_tdef.c:1231: Warning: 
  signed overflow.
  assert -9223372036854775808 ≤ d->m_pSrc - (mz_uint8 const *)d->m_pIn_buf;
[eva:alarm] miniz_tdef.c:1231: Warning: 
  signed overflow.
  assert d->m_pSrc - (mz_uint8 const *)d->m_pIn_buf ≤ 9223372036854775807;
[eva:garbled-mix:write] miniz_tdef.c:1231: 
  Assigning imprecise value to *(d->m_pIn_buf_size) (pointing to in_bytes;
  out_bytes; __malloc_main_l34 with offsets [0..5272];
  __malloc_miniz_def_alloc_func_l169 with offsets [0..2554752]).
  The imprecision originates from Misaligned
[eva:alarm] miniz_tdef.c:1234: Warning: 
  accessing uninitialized left-value. assert \initialized(&d->m_pOut_buf_size);
[eva:alarm] miniz_tdef.c:1234: Warning: 
  pointer comparison.
  assert \pointer_comparable((void *)0, (void *)d->m_pOut_buf_size);
[eva:alarm] miniz_tdef.c:1236: Warning: 
  accessing uninitialized left-value. assert \initialized(&d->m_out_buf_ofs);
[eva:alarm] miniz_tdef.c:1236: Warning: 
  accessing uninitialized left-value. assert \initialized(d->m_pOut_buf_size);
[eva:alarm] miniz_tdef.c:1236: Warning: 
  out of bounds read. assert \valid_read(d->m_pOut_buf_size);
[eva:alarm] miniz_tdef.c:1236: Warning: 
  accessing uninitialized left-value. assert \initialized(d->m_pOut_buf_size);
[eva:garbled-mix:write] miniz_tdef.c:1236: 
  Assigning imprecise value to tmp.
  The imprecision originates from Misaligned
[eva:garbled-mix:write] miniz_tdef.c:1236: 
  Assigning imprecise value to n.
  The imprecision originates from Misaligned
[eva:alarm] miniz_tdef.c:1237: Warning: 
  accessing uninitialized left-value.
  assert \initialized(&d->m_output_flush_ofs);
[eva:alarm] miniz_tdef.c:1237: Warning: 
  accessing uninitialized left-value. assert \initialized(&d->m_pOut_buf);
[eva:alarm] miniz_tdef.c:1237: Warning: 
  function memcpy: precondition 'valid_dest' got status unknown.
[eva:alarm] miniz_tdef.c:1237: Warning: 
  function memcpy: precondition 'valid_src' got status unknown.
[eva:alarm] miniz_tdef.c:1237: Warning: 
  function memcpy: precondition 'separation' got status unknown.
[eva:alarm] miniz_tdef.c:1238: Warning: 
  accessing uninitialized left-value.
  assert \initialized(&d->m_output_flush_ofs);
[eva:garbled-mix:write] miniz_tdef.c:1238: 
  Assigning imprecise value to d->m_output_flush_ofs
  (pointing to __malloc_miniz_def_alloc_func_l169 with offsets {896}).
  The imprecision originates from Misaligned
[eva:alarm] miniz_tdef.c:1239: Warning: 
  accessing uninitialized left-value.
  assert \initialized(&d->m_output_flush_remaining);
[eva:garbled-mix:write] miniz_tdef.c:1239: 
  Assigning imprecise value to d->m_output_flush_remaining
  (pointing to __malloc_miniz_def_alloc_func_l169 with offsets {928}).
  The imprecision originates from Misaligned
[eva:alarm] miniz_tdef.c:1240: Warning: 
  accessing uninitialized left-value. assert \initialized(&d->m_out_buf_ofs);
[eva:garbled-mix:write] miniz_tdef.c:1240: 
  Assigning imprecise value to d->m_out_buf_ofs
  (pointing to __malloc_miniz_def_alloc_func_l169 with offsets {1536}).
  The imprecision originates from Misaligned
[eva:alarm] miniz_tdef.c:1242: Warning: 
  accessing uninitialized left-value. assert \initialized(&d->m_pOut_buf_size);
[eva:alarm] miniz_tdef.c:1242: Warning: 
  out of bounds write. assert \valid(d->m_pOut_buf_size);
[eva:garbled-mix:write] miniz_tdef.c:1242: 
  Assigning imprecise value to *(d->m_pOut_buf_size) (pointing to in_bytes;
  out_bytes; __malloc_main_l34 with offsets [0..5272];
  __malloc_miniz_def_alloc_func_l169 with offsets [0..2554752]).
  The imprecision originates from Misaligned
[eva:alarm] miniz_tdef.c:1245: Warning: 
  accessing uninitialized left-value. assert \initialized(&d->m_finished);
[eva:alarm] miniz_tdef.c:1294: Warning: 
  accessing uninitialized left-value.
  assert \initialized(&d->m_prev_return_status);
[eva:garbled-mix:write] miniz_tdef.c:1294: 
  Assigning imprecise value to __retres.
  The imprecision originates from Misaligned
[eva:garbled-mix:write] miniz_tdef.c:1313: 
  Assigning imprecise value to \result<tdefl_compress>.
  The imprecision originates from Misaligned
[eva] miniz_tdef.c:1313: cannot properly split on \result == 1
[eva:garbled-mix:write] miniz.c:264: 
  Assigning imprecise value to tmp_0.
  The imprecision originates from Misaligned
[eva:garbled-mix:write] miniz.c:264: 
  Assigning imprecise value to defl_status.
  The imprecision originates from Misaligned
[eva:alarm] miniz.c:265: Warning: 
  accessing uninitialized left-value. assert \initialized(&in_bytes);
[eva:garbled-mix:write] miniz.c:265: 
  Assigning imprecise value to pStream->next_in
  (pointing to stream with offsets {0}).
  The imprecision originates from Misaligned
[eva:garbled-mix:write] miniz.c:266: 
  Assigning imprecise value to pStream->avail_in
  (pointing to stream with offsets {64}).
  The imprecision originates from Misaligned
[eva:garbled-mix:write] miniz.c:267: 
  Assigning imprecise value to pStream->total_in
  (pointing to stream with offsets {128}).
  The imprecision originates from Misaligned
[eva:alarm] miniz_tdef.c:1365: Warning: 
  accessing uninitialized left-value. assert \initialized(&d->m_adler32);
[eva:garbled-mix:write] miniz_tdef.c:1365: 
  Assigning imprecise value to __retres.
  The imprecision originates from Misaligned
[eva:garbled-mix:write] miniz_tdef.c:1365: 
  Assigning imprecise value to \result<tdefl_get_adler32>.
  The imprecision originates from Misaligned
[eva:garbled-mix:write] miniz.c:268: 
  Assigning imprecise value to tmp_1.
  The imprecision originates from Misaligned
[eva:garbled-mix:write] miniz.c:268: 
  Assigning imprecise value to pStream->adler
  (pointing to stream with offsets {768}).
  The imprecision originates from Misaligned
[eva:alarm] miniz.c:270: Warning: 
  accessing uninitialized left-value. assert \initialized(&out_bytes);
[eva:garbled-mix:write] miniz.c:270: 
  Assigning imprecise value to pStream->next_out
  (pointing to stream with offsets {192}).
  The imprecision originates from Misaligned
[eva:garbled-mix:write] miniz.c:271: 
  Assigning imprecise value to pStream->avail_out
  (pointing to stream with offsets {256}).
  The imprecision originates from Misaligned
[eva:garbled-mix:write] miniz.c:272: 
  Assigning imprecise value to pStream->total_out
  (pointing to stream with offsets {320}).
  The imprecision originates from Misaligned
[eva:garbled-mix:write] miniz.c:261: 
  Assigning imprecise value to in_bytes.
  The imprecision originates from Misaligned
[eva:garbled-mix:write] miniz.c:262: 
  Assigning imprecise value to out_bytes.
  The imprecision originates from Misaligned
[eva:garbled-mix:write] miniz_tdef.c:1259: 
  Assigning imprecise value to d->m_pIn_buf
  (pointing to __malloc_miniz_def_alloc_func_l169 with offsets {1088}).
  The imprecision originates from Misaligned
[eva:garbled-mix:write] miniz_tdef.c:1261: 
  Assigning imprecise value to d->m_pOut_buf
  (pointing to __malloc_miniz_def_alloc_func_l169 with offsets {1152}).
  The imprecision originates from Misaligned
[eva:garbled-mix:write] miniz_tdef.c:1263: 
  Assigning imprecise value to d->m_pSrc
  (pointing to __malloc_miniz_def_alloc_func_l169 with offsets {1408}).
  The imprecision originates from Misaligned
[eva:garbled-mix:write] miniz_tdef.c:1264: 
  Assigning imprecise value to d->m_src_buf_left
  (pointing to __malloc_miniz_def_alloc_func_l169 with offsets {1472}).
  The imprecision originates from Misaligned
[eva:alarm] miniz_tdef.c:1268: Warning: 
  pointer comparison. assert \pointer_comparable(pOut_buf, (void *)0);
[eva:alarm] miniz_tdef.c:1268: Warning: 
  accessing uninitialized left-value. assert \initialized(&d->m_pPut_buf_func);
[eva:alarm] miniz_tdef.c:1268: Warning: 
  pointer comparison.
  assert \pointer_comparable((void (*)())d->m_pPut_buf_func, (void (*)())0);
[eva:alarm] miniz_tdef.c:1269: Warning: 
  accessing uninitialized left-value.
  assert \initialized(&d->m_wants_to_finish);
[eva:alarm] miniz_tdef.c:1269: Warning: 
  pointer comparison. assert \pointer_comparable((void *)0, pIn_buf);
[eva:alarm] miniz_tdef.c:1269: Warning: 
  pointer comparison. assert \pointer_comparable((void *)0, pOut_buf);
[eva:garbled-mix:write] miniz_tdef.c:1277: 
  Assigning imprecise value to d->m_wants_to_finish
  (pointing to __malloc_miniz_def_alloc_func_l169 with offsets {1024}).
  The imprecision originates from Misaligned
[eva:alarm] miniz_tdef.c:1279: Warning: 
  accessing uninitialized left-value. assert \initialized(&d->m_finished);
[eva:garbled-mix:write] miniz_tdef.c:1231: 
  Assigning imprecise value to *(d->m_pIn_buf_size) (pointing to in_bytes).
  The imprecision originates from Misaligned
[eva:alarm] miniz_tdef.c:1283: Warning: 
  accessing uninitialized left-value. assert \initialized(&d->m_flags);
[eva:alarm] miniz_tdef.c:868: Warning: 
  accessing uninitialized left-value. assert \initialized(&d->m_lookahead_pos);
[eva:garbled-mix:write] miniz_tdef.c:868: 
  Assigning imprecise value to lookahead_pos.
  The imprecision originates from Misaligned
[eva:alarm] miniz_tdef.c:868: Warning: 
  accessing uninitialized left-value.
  assert \initialized(&d->m_lookahead_size);
[eva:garbled-mix:write] miniz_tdef.c:868: 
  Assigning imprecise value to lookahead_size.
  The imprecision originates from Misaligned
[eva:alarm] miniz_tdef.c:868: Warning: 
  accessing uninitialized left-value. assert \initialized(&d->m_dict_size);
[eva:garbled-mix:write] miniz_tdef.c:868: 
  Assigning imprecise value to dict_size.
  The imprecision originates from Misaligned
[eva:alarm] miniz_tdef.c:868: Warning: 
  accessing uninitialized left-value.
  assert \initialized(&d->m_total_lz_bytes);
[eva:garbled-mix:write] miniz_tdef.c:868: 
  Assigning imprecise value to total_lz_bytes.
  The imprecision originates from Misaligned
[eva:alarm] miniz_tdef.c:868: Warning: 
  accessing uninitialized left-value.
  assert \initialized(&d->m_num_flags_left);
[eva:garbled-mix:write] miniz_tdef.c:868: 
  Assigning imprecise value to num_flags_left.
  The imprecision originates from Misaligned
[eva:alarm] miniz_tdef.c:869: Warning: 
  accessing uninitialized left-value. assert \initialized(&d->m_pLZ_code_buf);
[eva:garbled-mix:write] miniz_tdef.c:869: 
  Assigning imprecise value to pLZ_code_buf.
  The imprecision originates from Misaligned
[eva:alarm] miniz_tdef.c:869: Warning: 
  accessing uninitialized left-value. assert \initialized(&d->m_pLZ_flags);
[eva:garbled-mix:write] miniz_tdef.c:869: 
  Assigning imprecise value to pLZ_flags.
  The imprecision originates from Misaligned
[eva:garbled-mix:write] miniz_tdef.c:870: 
  Assigning imprecise value to cur_pos.
  The imprecision originates from Misaligned
[eva:garbled-mix:write] miniz_tdef.c:875: 
  Assigning imprecise value to dst_pos.
  The imprecision originates from Misaligned
[eva:garbled-mix:write] miniz_tdef.c:876: 
  Assigning imprecise value to tmp.
  The imprecision originates from Misaligned
[eva:garbled-mix:write] miniz_tdef.c:876: 
  Assigning imprecise value to num_bytes_to_process.
  The imprecision originates from Misaligned
[eva:garbled-mix:write] miniz_tdef.c:877: 
  Assigning imprecise value to d->m_src_buf_left
  (pointing to __malloc_miniz_def_alloc_func_l169 with offsets {1472}).
  The imprecision originates from Misaligned
[eva:garbled-mix:write] miniz_tdef.c:878: 
  Assigning imprecise value to lookahead_size.
  The imprecision originates from Misaligned
[eva:garbled-mix:write] miniz_tdef.c:882: 
  Assigning imprecise value to tmp_0.
  The imprecision originates from Misaligned
[eva:garbled-mix:write] miniz_tdef.c:882: 
  Assigning imprecise value to n.
  The imprecision originates from Misaligned
[eva:alarm] miniz_tdef.c:883: Warning: 
  function memcpy: precondition 'valid_dest' got status unknown.
[eva:alarm] miniz_tdef.c:883: Warning: 
  function memcpy: precondition 'valid_src' got status unknown.
[eva:alarm] miniz_tdef.c:883: Warning: 
  function memcpy: precondition 'separation' got status unknown.
[eva:garbled-mix:write] miniz_tdef.c:885: 
  Assigning imprecise value to tmp_1.
  The imprecision originates from Misaligned
[eva:alarm] miniz_tdef.c:885: Warning: 
  accessing uninitialized left-value. assert \initialized(&d->m_pSrc);
[eva:alarm] miniz_tdef.c:885: Warning: 
  function memcpy: precondition 'valid_dest' got status unknown.
[eva:alarm] miniz_tdef.c:885: Warning: 
  function memcpy: precondition 'valid_src' got status unknown.
[eva:alarm] miniz_tdef.c:885: Warning: 
  function memcpy: precondition 'separation' got status unknown.
[eva:alarm] miniz_tdef.c:886: Warning: 
  accessing uninitialized left-value. assert \initialized(&d->m_pSrc);
[eva:garbled-mix:write] miniz_tdef.c:886: 
  Assigning imprecise value to d->m_pSrc
  (pointing to __malloc_miniz_def_alloc_func_l169 with offsets {1408}).
  The imprecision originates from Misaligned
[eva:garbled-mix:write] miniz_tdef.c:887: 
  Assigning imprecise value to dst_pos.
  The imprecision originates from Misaligned
[eva:garbled-mix:write] miniz_tdef.c:888: 
  Assigning imprecise value to num_bytes_to_process.
  The imprecision originates from Misaligned
[eva:garbled-mix:write] miniz_tdef.c:891: 
  Assigning imprecise value to dict_size.
  The imprecision originates from Misaligned
[eva:alarm] miniz_tdef.c:892: Warning: 
  accessing uninitialized left-value. assert \initialized(&d->m_flush);
[eva:garbled-mix:write] miniz_tdef.c:898: 
  Assigning imprecise value to pCur_dict.
  The imprecision originates from Misaligned
[eva:alarm] miniz_tdef.c:859: Warning: 
  function memcpy: precondition 'valid_src' got status unknown.
[eva:alarm] miniz_tdef.c:860: Warning: 
  accessing uninitialized left-value. assert \initialized(&ret);
[eva:garbled-mix:write] miniz_tdef.c:860: 
  Assigning imprecise value to \result<TDEFL_READ_UNALIGNED_WORD32>.
  The imprecision originates from Misaligned
[eva:garbled-mix:write] miniz_tdef.c:899: 
  Assigning imprecise value to tmp_2.
  The imprecision originates from Misaligned
[eva:garbled-mix:write] miniz_tdef.c:899: 
  Assigning imprecise value to first_trigram.
  The imprecision originates from Misaligned
[eva:garbled-mix:write] miniz_tdef.c:900: 
  Assigning imprecise value to hash.
  The imprecision originates from Misaligned
[eva:alarm] miniz_tdef.c:901: Warning: 
  accessing out of bounds index. assert 0 ≤ hash;
[eva:alarm] miniz_tdef.c:901: Warning: 
  accessing out of bounds index. assert hash < TDEFL_LZ_HASH_SIZE;
[eva:alarm] miniz_tdef.c:901: Warning: 
  accessing uninitialized left-value. assert \initialized(&d->m_hash[hash]);
[eva:alarm] miniz_tdef.c:901: Warning: 
  out of bounds read. assert \valid_read(&d->m_hash[hash]);
[eva:garbled-mix:write] miniz_tdef.c:901: 
  Assigning imprecise value to probe_pos.
  The imprecision originates from Misaligned
[eva:alarm] miniz_tdef.c:902: Warning: 
  accessing out of bounds index. assert 0 ≤ hash;
[eva:alarm] miniz_tdef.c:902: Warning: 
  accessing out of bounds index. assert hash < TDEFL_LZ_HASH_SIZE;
[eva:alarm] miniz_tdef.c:902: Warning: 
  out of bounds write. assert \valid(&d->m_hash[hash]);
[eva:garbled-mix:write] miniz_tdef.c:902: 
  Assigning imprecise value to d->m_hash[hash]
  (pointing to in_bytes with offsets {0; 8; 16; 24; 32; 40; 48};
  out_bytes with offsets {0; 8; 16; 24; 32; 40; 48};
  __malloc_main_l34 with offsets [0..5320];
  __malloc_miniz_def_alloc_func_l169 with offsets [0..2554800]).
  The imprecision originates from Misaligned
[eva:garbled-mix:write] miniz_tdef.c:904: 
  Assigning imprecise value to cur_match_dist.
  The imprecision originates from Misaligned
[eva:garbled-mix:write] miniz_tdef.c:904: 
  Assigning imprecise value to probe_pos.
  The imprecision originates from Misaligned
[eva:garbled-mix:write] miniz_tdef.c:904: 
  Assigning imprecise value to tmp_15.
  The imprecision originates from Misaligned
[eva:garbled-mix:write] miniz_tdef.c:906: 
  Assigning imprecise value to p.
  The imprecision originates from Misaligned
[eva:garbled-mix:write] miniz_tdef.c:907: 
  Assigning imprecise value to q.
  The imprecision originates from Misaligned
[eva:garbled-mix:write] miniz_tdef.c:911: 
  Assigning imprecise value to p.
  The imprecision originates from Misaligned
[eva:garbled-mix:write] miniz_tdef.c:911: 
  Assigning imprecise value to tmp_3.
  The imprecision originates from Misaligned
[eva:garbled-mix:write] miniz_tdef.c:911: 
  Assigning imprecise value to q.
  The imprecision originates from Misaligned
[eva:garbled-mix:write] miniz_tdef.c:911: 
  Assigning imprecise value to tmp_4.
  The imprecision originates from Misaligned
[eva:garbled-mix:write] miniz_tdef.c:911: 
  Assigning imprecise value to p.
  The imprecision originates from Misaligned
[eva:garbled-mix:write] miniz_tdef.c:911: 
  Assigning imprecise value to tmp_5.
  The imprecision originates from Misaligned
[eva:garbled-mix:write] miniz_tdef.c:911: 
  Assigning imprecise value to q.
  The imprecision originates from Misaligned
[eva:garbled-mix:write] miniz_tdef.c:911: 
  Assigning imprecise value to tmp_6.
  The imprecision originates from Misaligned
[eva:garbled-mix:write] miniz_tdef.c:912: 
  Assigning imprecise value to p.
  The imprecision originates from Misaligned
[eva:garbled-mix:write] miniz_tdef.c:912: 
  Assigning imprecise value to tmp_7.
  The imprecision originates from Misaligned
[eva:garbled-mix:write] miniz_tdef.c:912: 
  Assigning imprecise value to q.
  The imprecision originates from Misaligned
[eva:garbled-mix:write] miniz_tdef.c:912: 
  Assigning imprecise value to tmp_8.
  The imprecision originates from Misaligned
[eva:garbled-mix:write] miniz_tdef.c:912: 
  Assigning imprecise value to p.
  The imprecision originates from Misaligned
[eva:garbled-mix:write] miniz_tdef.c:912: 
  Assigning imprecise value to tmp_9.
  The imprecision originates from Misaligned
[eva:garbled-mix:write] miniz_tdef.c:912: 
  Assigning imprecise value to q.
  The imprecision originates from Misaligned
[eva:garbled-mix:write] miniz_tdef.c:912: 
  Assigning imprecise value to tmp_10.
  The imprecision originates from Misaligned
[eva] miniz_tdef.c:909: starting to merge loop iterations
[eva:alarm] miniz_tdef.c:913: Warning: 
  pointer subtraction.
  assert \base_addr(p) ≡ \base_addr((mz_uint16 const *)pCur_dict);
[eva:alarm] miniz_tdef.c:913: Warning: 
  accessing uninitialized left-value. assert \initialized((mz_uint8 const *)p);
[eva:alarm] miniz_tdef.c:913: Warning: 
  accessing uninitialized left-value. assert \initialized((mz_uint8 const *)q);
[eva:alarm] miniz_tdef.c:913: Warning: 
  out of bounds read. assert \valid_read((mz_uint8 const *)p);
[eva:alarm] miniz_tdef.c:913: Warning: 
  out of bounds read. assert \valid_read((mz_uint8 const *)q);
[eva:alarm] miniz_tdef.c:913: Warning: 
  signed overflow.
  assert -9223372036854775808 ≤ p - (mz_uint16 const *)pCur_dict;
[eva:alarm] miniz_tdef.c:913: Warning: 
  signed overflow.
  assert p - (mz_uint16 const *)pCur_dict ≤ 9223372036854775807;
[eva:garbled-mix:write] miniz_tdef.c:913: 
  Assigning imprecise value to cur_match_len.
  The imprecision originates from Misaligned
[eva:garbled-mix:write] miniz_tdef.c:920: 
  Assigning imprecise value to tmp_11.
  The imprecision originates from Misaligned
[eva:garbled-mix:write] miniz_tdef.c:920: 
  Assigning imprecise value to pLZ_code_buf.
  The imprecision originates from Misaligned
[eva:alarm] miniz_tdef.c:920: Warning: 
  out of bounds write. assert \valid(tmp_11);
                       (tmp_11 from pLZ_code_buf++)
[eva:garbled-mix:write] miniz_tdef.c:920: 
  Assigning imprecise value to *tmp_11
  (pointing to in_bytes with offsets {0; 8; 16; 24; 32; 40; 48; 56};
  out_bytes with offsets {0; 8; 16; 24; 32; 40; 48; 56};
  __malloc_main_l34 with offsets [0..5328];
  __malloc_miniz_def_alloc_func_l169 with offsets [0..2554808]).
  The imprecision originates from Misaligned
[eva:alarm] miniz_tdef.c:921: Warning: 
  out of bounds write. assert \valid(pLZ_flags);
[eva:alarm] miniz_tdef.c:921: Warning: 
  accessing uninitialized left-value. assert \initialized(pLZ_flags);
[eva:garbled-mix:write] miniz_tdef.c:921: 
  Assigning imprecise value to *pLZ_flags
  (pointing to in_bytes with offsets {0; 8; 16; 24; 32; 40; 48; 56};
  out_bytes with offsets {0; 8; 16; 24; 32; 40; 48; 56};
  __malloc_main_l34 with offsets [0..5328];
  __malloc_miniz_def_alloc_func_l169 with offsets [0..2554808]).
  The imprecision originates from Misaligned
[eva:alarm] miniz_tdef.c:922: Warning: 
  accessing out of bounds index. assert 0 ≤ (mz_uint8)first_trigram;
[eva:alarm] miniz_tdef.c:922: Warning: 
  accessing out of bounds index.
  assert (mz_uint8)first_trigram < TDEFL_MAX_HUFF_SYMBOLS;
[eva:alarm] miniz_tdef.c:922: Warning: 
  out of bounds write.
  assert \valid(&d->m_huff_count[0][(mz_uint8)first_trigram]);
[eva:alarm] miniz_tdef.c:922: Warning: 
  accessing uninitialized left-value.
  assert \initialized(&d->m_huff_count[0][(mz_uint8)first_trigram]);
[eva:alarm] miniz_tdef.c:922: Warning: 
  signed overflow.
  assert -2147483648 ≤ (int)d->m_huff_count[0][(mz_uint8)first_trigram] + 1;
[eva:alarm] miniz_tdef.c:922: Warning: 
  signed overflow.
  assert (int)d->m_huff_count[0][(mz_uint8)first_trigram] + 1 ≤ 2147483647;
[eva:garbled-mix:write] miniz_tdef.c:922: 
  Assigning imprecise value to d->m_huff_count[0][(mz_uint8)first_trigram]
  (pointing to in_bytes with offsets {0; 8; 16; 24; 32; 40; 48};
  out_bytes with offsets {0; 8; 16; 24; 32; 40; 48};
  __malloc_main_l34 with offsets [0..5320];
  __malloc_miniz_def_alloc_func_l169 with offsets [0..2554800]).
  The imprecision originates from Misaligned
[eva:garbled-mix:write] miniz_tdef.c:927: 
  Assigning imprecise value to cur_match_len.
  The imprecision originates from Misaligned
[eva:alarm] miniz_tdef.c:929: Warning: 
  function __FC_assert: precondition 'nonnull_c' got status unknown.
[eva:garbled-mix:write] miniz_tdef.c:931: 
  Assigning imprecise value to cur_match_dist.
  The imprecision originates from Misaligned
[eva:alarm] miniz_tdef.c:933: Warning: 
  out of bounds write. assert \valid(pLZ_code_buf + 0);
[eva:garbled-mix:write] miniz_tdef.c:933: 
  Assigning imprecise value to *(pLZ_code_buf + 0)
  (pointing to in_bytes with offsets {0; 8; 16; 24; 32; 40; 48; 56};
  out_bytes with offsets {0; 8; 16; 24; 32; 40; 48; 56};
  __malloc_main_l34 with offsets [0..5328];
  __malloc_miniz_def_alloc_func_l169 with offsets [0..2554808]).
  The imprecision originates from Misaligned
[eva:alarm] miniz_tdef.c:935: Warning: 
  function memcpy: precondition 'valid_dest' got status unknown.
[eva:alarm] miniz_tdef.c:940: Warning: 
  out of bounds write. assert \valid(pLZ_flags);
[eva:alarm] miniz_tdef.c:940: Warning: 
  accessing uninitialized left-value. assert \initialized(pLZ_flags);
[eva:garbled-mix:write] miniz_tdef.c:940: 
  Assigning imprecise value to *pLZ_flags
  (pointing to in_bytes with offsets {0; 8; 16; 24; 32; 40; 48; 56};
  out_bytes with offsets {0; 8; 16; 24; 32; 40; 48; 56};
  __malloc_main_l34 with offsets [0..5328];
  __malloc_miniz_def_alloc_func_l169 with offsets [0..2554808]).
  The imprecision originates from Misaligned
[eva:alarm] miniz_tdef.c:942: Warning: 
  accessing out of bounds index.
  assert 0 ≤ (unsigned int)(cur_match_dist & 511);
[eva:alarm] miniz_tdef.c:942: Warning: 
  accessing out of bounds index.
  assert (unsigned int)(cur_match_dist & 511) < 512;
[eva:alarm] miniz_tdef.c:942: Warning: 
  accessing uninitialized left-value.
  assert
  \initialized(&s_tdefl_small_dist_sym[(unsigned int)(cur_match_dist & 511)]);
[eva:alarm] miniz_tdef.c:942: Warning: 
  out of bounds read.
  assert
  \valid_read(&s_tdefl_small_dist_sym[(unsigned int)(cur_match_dist & 511)]);
[eva:garbled-mix:write] miniz_tdef.c:942: 
  Assigning imprecise value to s0.
  The imprecision originates from Misaligned
[eva:alarm] miniz_tdef.c:943: Warning: 
  accessing out of bounds index. assert 0 ≤ (mz_uint)(cur_match_dist >> 8);
[eva:alarm] miniz_tdef.c:943: Warning: 
  accessing out of bounds index. assert (mz_uint)(cur_match_dist >> 8) < 128;
[eva:alarm] miniz_tdef.c:943: Warning: 
  accessing uninitialized left-value.
  assert \initialized(&s_tdefl_large_dist_sym[(mz_uint)(cur_match_dist >> 8)]);
[eva:alarm] miniz_tdef.c:943: Warning: 
  out of bounds read.
  assert \valid_read(&s_tdefl_large_dist_sym[(mz_uint)(cur_match_dist >> 8)]);
[eva:garbled-mix:write] miniz_tdef.c:943: 
  Assigning imprecise value to s1.
  The imprecision originates from Misaligned
[eva:garbled-mix:write] miniz_tdef.c:944: 
  Assigning imprecise value to tmp_13.
  The imprecision originates from Misaligned
[eva:alarm] miniz_tdef.c:944: Warning: 
  accessing out of bounds index.
  assert 0 ≤ tmp_13;
  (tmp_13 from (cur_match_dist < 512)?s0:s1)
[eva:alarm] miniz_tdef.c:944: Warning: 
  accessing out of bounds index.
  assert tmp_13 < TDEFL_MAX_HUFF_SYMBOLS;
  (tmp_13 from (cur_match_dist < 512)?s0:s1)
[eva:alarm] miniz_tdef.c:944: Warning: 
  out of bounds write.
  assert \valid(&d->m_huff_count[1][tmp_13]);
  (tmp_13 from (cur_match_dist < 512)?s0:s1)
[eva:alarm] miniz_tdef.c:944: Warning: 
  accessing uninitialized left-value.
  assert \initialized(&d->m_huff_count[1][tmp_13]);
  (tmp_13 from (cur_match_dist < 512)?s0:s1)
[eva:alarm] miniz_tdef.c:944: Warning: 
  signed overflow.
  assert -2147483648 ≤ (int)d->m_huff_count[1][tmp_13] + 1;
  (tmp_13 from (cur_match_dist < 512)?s0:s1)
[eva:alarm] miniz_tdef.c:944: Warning: 
  signed overflow.
  assert (int)d->m_huff_count[1][tmp_13] + 1 ≤ 2147483647;
  (tmp_13 from (cur_match_dist < 512)?s0:s1)
[eva:garbled-mix:write] miniz_tdef.c:944: 
  Assigning imprecise value to d->m_huff_count[1][tmp_13]
  (pointing to in_bytes with offsets {0; 8; 16; 24; 32; 40; 48};
  out_bytes with offsets {0; 8; 16; 24; 32; 40; 48};
  __malloc_main_l34 with offsets [0..5320];
  __malloc_miniz_def_alloc_func_l169 with offsets [0..2554800]).
  The imprecision originates from Misaligned
[eva:alarm] miniz_tdef.c:946: Warning: 
  accessing out of bounds index.
  assert 0 ≤ (mz_uint)(cur_match_len - TDEFL_MIN_MATCH_LEN);
[eva:alarm] miniz_tdef.c:946: Warning: 
  accessing out of bounds index.
  assert (mz_uint)(cur_match_len - TDEFL_MIN_MATCH_LEN) < 256;
[eva:alarm] miniz_tdef.c:946: Warning: 
  accessing uninitialized left-value.
  assert
  \initialized(&s_tdefl_len_sym[(mz_uint)(cur_match_len - TDEFL_MIN_MATCH_LEN)]);
[eva:alarm] miniz_tdef.c:946: Warning: 
  out of bounds read.
  assert
  \valid_read(&s_tdefl_len_sym[(mz_uint)(cur_match_len - TDEFL_MIN_MATCH_LEN)]);
[eva:alarm] miniz_tdef.c:946: Warning: 
  accessing out of bounds index.
  assert 0 ≤ s_tdefl_len_sym[(mz_uint)(cur_match_len - TDEFL_MIN_MATCH_LEN)];
[eva:alarm] miniz_tdef.c:946: Warning: 
  accessing out of bounds index.
  assert
  s_tdefl_len_sym[(mz_uint)(cur_match_len - TDEFL_MIN_MATCH_LEN)] <
  TDEFL_MAX_HUFF_SYMBOLS;
[eva:alarm] miniz_tdef.c:946: Warning: 
  out of bounds write.
  assert
  \valid(&d->m_huff_count[0][s_tdefl_len_sym[(mz_uint)(cur_match_len -
                                                       TDEFL_MIN_MATCH_LEN)]]);
[eva:alarm] miniz_tdef.c:946: Warning: 
  accessing uninitialized left-value.
  assert
  \initialized(&d->m_huff_count[0][s_tdefl_len_sym[(mz_uint)(cur_match_len -
                                                             TDEFL_MIN_MATCH_LEN)]]);
[eva:alarm] miniz_tdef.c:946: Warning: 
  signed overflow.
  assert
  -2147483648 ≤
  (int)d->m_huff_count[0][s_tdefl_len_sym[(mz_uint)(cur_match_len -
                                                    TDEFL_MIN_MATCH_LEN)]]
  + 1;
[eva:alarm] miniz_tdef.c:946: Warning: 
  signed overflow.
  assert
  (int)d->m_huff_count[0][s_tdefl_len_sym[(mz_uint)(cur_match_len -
                                                    TDEFL_MIN_MATCH_LEN)]]
  + 1 ≤ 2147483647;
[eva:garbled-mix:write] miniz_tdef.c:946: 
  Assigning imprecise value to d->m_huff_count[0][s_tdefl_len_sym[cur_match_len - (mz_uint)TDEFL_MIN_MATCH_LEN]]
  (pointing to in_bytes with offsets {0; 8; 16; 24; 32; 40; 48};
  out_bytes with offsets {0; 8; 16; 24; 32; 40; 48};
  __malloc_main_l34 with offsets [0..5320];
  __malloc_miniz_def_alloc_func_l169 with offsets [0..2554800]).
  The imprecision originates from Misaligned
[eva:garbled-mix:write] miniz_tdef.c:951: 
  Assigning imprecise value to tmp_14.
  The imprecision originates from Misaligned
[eva:garbled-mix:write] miniz_tdef.c:951: 
  Assigning imprecise value to pLZ_code_buf.
  The imprecision originates from Misaligned
[eva:alarm] miniz_tdef.c:951: Warning: 
  out of bounds write. assert \valid(tmp_14);
                       (tmp_14 from pLZ_code_buf++)
[eva:garbled-mix:write] miniz_tdef.c:951: 
  Assigning imprecise value to *tmp_14
  (pointing to in_bytes with offsets {0; 8; 16; 24; 32; 40; 48; 56};
  out_bytes with offsets {0; 8; 16; 24; 32; 40; 48; 56};
  __malloc_main_l34 with offsets [0..5328];
  __malloc_miniz_def_alloc_func_l169 with offsets [0..2554808]).
  The imprecision originates from Misaligned
[eva:alarm] miniz_tdef.c:952: Warning: 
  out of bounds write. assert \valid(pLZ_flags);
[eva:alarm] miniz_tdef.c:952: Warning: 
  accessing uninitialized left-value. assert \initialized(pLZ_flags);
[eva:garbled-mix:write] miniz_tdef.c:952: 
  Assigning imprecise value to *pLZ_flags
  (pointing to in_bytes with offsets {0; 8; 16; 24; 32; 40; 48; 56};
  out_bytes with offsets {0; 8; 16; 24; 32; 40; 48; 56};
  __malloc_main_l34 with offsets [0..5328];
  __malloc_miniz_def_alloc_func_l169 with offsets [0..2554808]).
  The imprecision originates from Misaligned
[eva:alarm] miniz_tdef.c:953: Warning: 
  accessing out of bounds index. assert 0 ≤ (mz_uint8)first_trigram;
[eva:alarm] miniz_tdef.c:953: Warning: 
  accessing out of bounds index.
  assert (mz_uint8)first_trigram < TDEFL_MAX_HUFF_SYMBOLS;
[eva:alarm] miniz_tdef.c:953: Warning: 
  out of bounds write.
  assert \valid(&d->m_huff_count[0][(mz_uint8)first_trigram]);
[eva:alarm] miniz_tdef.c:953: Warning: 
  accessing uninitialized left-value.
  assert \initialized(&d->m_huff_count[0][(mz_uint8)first_trigram]);
[eva:alarm] miniz_tdef.c:953: Warning: 
  signed overflow.
  assert -2147483648 ≤ (int)d->m_huff_count[0][(mz_uint8)first_trigram] + 1;
[eva:alarm] miniz_tdef.c:953: Warning: 
  signed overflow.
  assert (int)d->m_huff_count[0][(mz_uint8)first_trigram] + 1 ≤ 2147483647;
[eva:garbled-mix:write] miniz_tdef.c:953: 
  Assigning imprecise value to d->m_huff_count[0][(mz_uint8)first_trigram]
  (pointing to in_bytes with offsets {0; 8; 16; 24; 32; 40; 48};
  out_bytes with offsets {0; 8; 16; 24; 32; 40; 48};
  __malloc_main_l34 with offsets [0..5320];
  __malloc_miniz_def_alloc_func_l169 with offsets [0..2554800]).
  The imprecision originates from Misaligned
[eva:garbled-mix:write] miniz_tdef.c:956: 
  Assigning imprecise value to num_flags_left.
  The imprecision originates from Misaligned
[eva:garbled-mix:write] miniz_tdef.c:959: 
  Assigning imprecise value to tmp_16.
  The imprecision originates from Misaligned
[eva:garbled-mix:write] miniz_tdef.c:959: 
  Assigning imprecise value to pLZ_code_buf.
  The imprecision originates from Misaligned
[eva:garbled-mix:write] miniz_tdef.c:959: 
  Assigning imprecise value to pLZ_flags.
  The imprecision originates from Misaligned
[eva:garbled-mix:write] miniz_tdef.c:962: 
  Assigning imprecise value to total_lz_bytes.
  The imprecision originates from Misaligned
[eva:garbled-mix:write] miniz_tdef.c:963: 
  Assigning imprecise value to lookahead_pos.
  The imprecision originates from Misaligned
[eva:garbled-mix:write] miniz_tdef.c:964: 
  Assigning imprecise value to dict_size.
  The imprecision originates from Misaligned
[eva:garbled-mix:write] miniz_tdef.c:965: 
  Assigning imprecise value to cur_pos.
  The imprecision originates from Misaligned
[eva:alarm] miniz_tdef.c:966: Warning: 
  function __FC_assert: precondition 'nonnull_c' got status unknown.
[eva:garbled-mix:write] miniz_tdef.c:967: 
  Assigning imprecise value to lookahead_size.
  The imprecision originates from Misaligned
[eva:alarm] miniz_tdef.c:969: Warning: 
  pointer comparison.
  assert
  \pointer_comparable((void *)pLZ_code_buf,
                     (void *)(&d->m_lz_code_buf[(int)(TDEFL_LZ_CODE_BUF_SIZE -
                                                      8)]));
[eva:garbled-mix:write] miniz_tdef.c:972: 
  Assigning imprecise value to d->m_lookahead_pos
  (pointing to __malloc_miniz_def_alloc_func_l169 with offsets {288}).
  The imprecision originates from Misaligned
[eva:garbled-mix:write] miniz_tdef.c:973: 
  Assigning imprecise value to d->m_lookahead_size
  (pointing to __malloc_miniz_def_alloc_func_l169 with offsets {320}).
  The imprecision originates from Misaligned
[eva:garbled-mix:write] miniz_tdef.c:974: 
  Assigning imprecise value to d->m_dict_size
  (pointing to __malloc_miniz_def_alloc_func_l169 with offsets {352}).
  The imprecision originates from Misaligned
[eva:garbled-mix:write] miniz_tdef.c:975: 
  Assigning imprecise value to d->m_total_lz_bytes
  (pointing to __malloc_miniz_def_alloc_func_l169 with offsets {672}).
  The imprecision originates from Misaligned
[eva:garbled-mix:write] miniz_tdef.c:976: 
  Assigning imprecise value to d->m_pLZ_code_buf
  (pointing to __malloc_miniz_def_alloc_func_l169 with offsets {384}).
  The imprecision originates from Misaligned
[eva:garbled-mix:write] miniz_tdef.c:977: 
  Assigning imprecise value to d->m_pLZ_flags
  (pointing to __malloc_miniz_def_alloc_func_l169 with offsets {448}).
  The imprecision originates from Misaligned
[eva:garbled-mix:write] miniz_tdef.c:978: 
  Assigning imprecise value to d->m_num_flags_left
  (pointing to __malloc_miniz_def_alloc_func_l169 with offsets {640}).
  The imprecision originates from Misaligned
[eva:alarm] miniz_tdef.c:608: Warning: 
  accessing uninitialized left-value. assert \initialized(&d->m_flags);
[eva:alarm] miniz_tdef.c:614: Warning: 
  accessing uninitialized left-value.
  assert \initialized(&d->m_output_flush_remaining);
[eva:garbled-mix:write] miniz_tdef.c:618: 
  Assigning imprecise value to *(d->m_pLZ_flags)
  (pointing to in_bytes with offsets {0; 8; 16; 24; 32; 40; 48; 56};
  out_bytes with offsets {0; 8; 16; 24; 32; 40; 48; 56};
  __malloc_main_l34 with offsets [0..5328],0%8;
  __malloc_miniz_def_alloc_func_l169 with offsets [0..2554808],0%8).
  The imprecision originates from Misaligned
[eva:garbled-mix:write] miniz_tdef.c:979: 
  Assigning imprecise value to n_0.
  The imprecision originates from Misaligned
[eva:alarm] miniz_tdef.c:981: Warning: 
  accessing uninitialized left-value.
  assert \initialized(&d->m_total_lz_bytes);
[eva:garbled-mix:write] miniz_tdef.c:981: 
  Assigning imprecise value to total_lz_bytes.
  The imprecision originates from Misaligned
[eva:alarm] miniz_tdef.c:982: Warning: 
  accessing uninitialized left-value. assert \initialized(&d->m_pLZ_code_buf);
[eva:garbled-mix:write] miniz_tdef.c:982: 
  Assigning imprecise value to pLZ_code_buf.
  The imprecision originates from Misaligned
[eva:alarm] miniz_tdef.c:983: Warning: 
  accessing uninitialized left-value. assert \initialized(&d->m_pLZ_flags);
[eva:garbled-mix:write] miniz_tdef.c:983: 
  Assigning imprecise value to pLZ_flags.
  The imprecision originates from Misaligned
[eva:alarm] miniz_tdef.c:984: Warning: 
  accessing uninitialized left-value.
  assert \initialized(&d->m_num_flags_left);
[eva:garbled-mix:write] miniz_tdef.c:984: 
  Assigning imprecise value to num_flags_left.
  The imprecision originates from Misaligned
[eva] miniz_tdef.c:895: starting to merge loop iterations
[eva:alarm] miniz_tdef.c:990: Warning: 
  accessing out of bounds index. assert 0 ≤ cur_pos;
[eva:alarm] miniz_tdef.c:990: Warning: 
  accessing out of bounds index.
  assert cur_pos < (int)((int)(TDEFL_LZ_DICT_SIZE + TDEFL_MAX_MATCH_LEN) - 1);
[eva:alarm] miniz_tdef.c:990: Warning: 
  accessing uninitialized left-value. assert \initialized(&d->m_dict[cur_pos]);
[eva:alarm] miniz_tdef.c:990: Warning: 
  out of bounds read. assert \valid_read(&d->m_dict[cur_pos]);
[eva:garbled-mix:write] miniz_tdef.c:990: 
  Assigning imprecise value to lit.
  The imprecision originates from Misaligned
[eva:garbled-mix:write] miniz_tdef.c:992: 
  Assigning imprecise value to total_lz_bytes.
  The imprecision originates from Misaligned
[eva:garbled-mix:write] miniz_tdef.c:993: 
  Assigning imprecise value to tmp_18.
  The imprecision originates from Misaligned
[eva:garbled-mix:write] miniz_tdef.c:993: 
  Assigning imprecise value to pLZ_code_buf.
  The imprecision originates from Misaligned
[eva:alarm] miniz_tdef.c:993: Warning: 
  out of bounds write. assert \valid(tmp_18);
                       (tmp_18 from pLZ_code_buf++)
[eva:garbled-mix:write] miniz_tdef.c:993: 
  Assigning imprecise value to *tmp_18
  (pointing to in_bytes with offsets {0; 8; 16; 24; 32; 40; 48; 56};
  out_bytes with offsets {0; 8; 16; 24; 32; 40; 48; 56};
  __malloc_main_l34 with offsets [0..5328];
  __malloc_miniz_def_alloc_func_l169 with offsets [0..2554808]).
  The imprecision originates from Misaligned
[eva:alarm] miniz_tdef.c:994: Warning: 
  out of bounds write. assert \valid(pLZ_flags);
[eva:alarm] miniz_tdef.c:994: Warning: 
  accessing uninitialized left-value. assert \initialized(pLZ_flags);
[eva:garbled-mix:write] miniz_tdef.c:994: 
  Assigning imprecise value to *pLZ_flags
  (pointing to in_bytes with offsets {0; 8; 16; 24; 32; 40; 48; 56};
  out_bytes with offsets {0; 8; 16; 24; 32; 40; 48; 56};
  __malloc_main_l34 with offsets [0..5328];
  __malloc_miniz_def_alloc_func_l169 with offsets [0..2554808]).
  The imprecision originates from Misaligned
[eva:garbled-mix:write] miniz_tdef.c:995: 
  Assigning imprecise value to num_flags_left.
  The imprecision originates from Misaligned
[eva:garbled-mix:write] miniz_tdef.c:998: 
  Assigning imprecise value to tmp_19.
  The imprecision originates from Misaligned
[eva:garbled-mix:write] miniz_tdef.c:998: 
  Assigning imprecise value to pLZ_code_buf.
  The imprecision originates from Misaligned
[eva:garbled-mix:write] miniz_tdef.c:998: 
  Assigning imprecise value to pLZ_flags.
  The imprecision originates from Misaligned
[eva:alarm] miniz_tdef.c:1001: Warning: 
  accessing out of bounds index. assert 0 ≤ lit;
[eva:alarm] miniz_tdef.c:1001: Warning: 
  accessing out of bounds index. assert lit < TDEFL_MAX_HUFF_SYMBOLS;
[eva:alarm] miniz_tdef.c:1001: Warning: 
  out of bounds write. assert \valid(&d->m_huff_count[0][lit]);
[eva:alarm] miniz_tdef.c:1001: Warning: 
  accessing uninitialized left-value.
  assert \initialized(&d->m_huff_count[0][lit]);
[eva:alarm] miniz_tdef.c:1001: Warning: 
  signed overflow. assert -2147483648 ≤ (int)d->m_huff_count[0][lit] + 1;
[eva:alarm] miniz_tdef.c:1001: Warning: 
  signed overflow. assert (int)d->m_huff_count[0][lit] + 1 ≤ 2147483647;
[eva:garbled-mix:write] miniz_tdef.c:1001: 
  Assigning imprecise value to d->m_huff_count[0][lit]
  (pointing to in_bytes with offsets {0; 8; 16; 24; 32; 40; 48};
  out_bytes with offsets {0; 8; 16; 24; 32; 40; 48};
  __malloc_main_l34 with offsets [0..5320];
  __malloc_miniz_def_alloc_func_l169 with offsets [0..2554800]).
  The imprecision originates from Misaligned
[eva:garbled-mix:write] miniz_tdef.c:1003: 
  Assigning imprecise value to lookahead_pos.
  The imprecision originates from Misaligned
[eva:garbled-mix:write] miniz_tdef.c:1004: 
  Assigning imprecise value to dict_size.
  The imprecision originates from Misaligned
[eva:garbled-mix:write] miniz_tdef.c:1005: 
  Assigning imprecise value to cur_pos.
  The imprecision originates from Misaligned
[eva:garbled-mix:write] miniz_tdef.c:1006: 
  Assigning imprecise value to lookahead_size.
  The imprecision originates from Misaligned
[eva:alarm] miniz_tdef.c:1008: Warning: 
  pointer comparison.
  assert
  \pointer_comparable((void *)pLZ_code_buf,
                     (void *)(&d->m_lz_code_buf[(int)(TDEFL_LZ_CODE_BUF_SIZE -
                                                      8)]));
[eva:garbled-mix:write] miniz_tdef.c:1011: 
  Assigning imprecise value to d->m_lookahead_pos
  (pointing to __malloc_miniz_def_alloc_func_l169 with offsets {288}).
  The imprecision originates from Misaligned
[eva:garbled-mix:write] miniz_tdef.c:1012: 
  Assigning imprecise value to d->m_lookahead_size
  (pointing to __malloc_miniz_def_alloc_func_l169 with offsets {320}).
  The imprecision originates from Misaligned
[eva:garbled-mix:write] miniz_tdef.c:1013: 
  Assigning imprecise value to d->m_dict_size
  (pointing to __malloc_miniz_def_alloc_func_l169 with offsets {352}).
  The imprecision originates from Misaligned
[eva:garbled-mix:write] miniz_tdef.c:1014: 
  Assigning imprecise value to d->m_total_lz_bytes
  (pointing to __malloc_miniz_def_alloc_func_l169 with offsets {672}).
  The imprecision originates from Misaligned
[eva:garbled-mix:write] miniz_tdef.c:1015: 
  Assigning imprecise value to d->m_pLZ_code_buf
  (pointing to __malloc_miniz_def_alloc_func_l169 with offsets {384}).
  The imprecision originates from Misaligned
[eva:garbled-mix:write] miniz_tdef.c:1016: 
  Assigning imprecise value to d->m_pLZ_flags
  (pointing to __malloc_miniz_def_alloc_func_l169 with offsets {448}).
  The imprecision originates from Misaligned
[eva:garbled-mix:write] miniz_tdef.c:1017: 
  Assigning imprecise value to d->m_num_flags_left
  (pointing to __malloc_miniz_def_alloc_func_l169 with offsets {640}).
  The imprecision originates from Misaligned
[eva:garbled-mix:write] miniz_tdef.c:1018: 
  Assigning imprecise value to n_1.
  The imprecision originates from Misaligned
[eva:alarm] miniz_tdef.c:1020: Warning: 
  accessing uninitialized left-value.
  assert \initialized(&d->m_total_lz_bytes);
[eva:garbled-mix:write] miniz_tdef.c:1020: 
  Assigning imprecise value to total_lz_bytes.
  The imprecision originates from Misaligned
[eva:alarm] miniz_tdef.c:1021: Warning: 
  accessing uninitialized left-value. assert \initialized(&d->m_pLZ_code_buf);
[eva:garbled-mix:write] miniz_tdef.c:1021: 
  Assigning imprecise value to pLZ_code_buf.
  The imprecision originates from Misaligned
[eva:alarm] miniz_tdef.c:1022: Warning: 
  accessing uninitialized left-value. assert \initialized(&d->m_pLZ_flags);
[eva:garbled-mix:write] miniz_tdef.c:1022: 
  Assigning imprecise value to pLZ_flags.
  The imprecision originates from Misaligned
[eva:alarm] miniz_tdef.c:1023: Warning: 
  accessing uninitialized left-value.
  assert \initialized(&d->m_num_flags_left);
[eva:garbled-mix:write] miniz_tdef.c:1023: 
  Assigning imprecise value to num_flags_left.
  The imprecision originates from Misaligned
[eva:alarm] miniz_tdef.c:872: Warning: 
  accessing uninitialized left-value. assert \initialized(&d->m_src_buf_left);
[eva:alarm] miniz_tdef.c:872: Warning: 
  accessing uninitialized left-value. assert \initialized(&d->m_flush);
[eva:alarm] miniz_tdef.c:883: Warning: 
  accessing uninitialized left-value. assert \initialized(&d->m_pSrc);
[eva:garbled-mix:write] miniz_tdef.c:1028: 
  Assigning imprecise value to d->m_lookahead_pos
  (pointing to __malloc_miniz_def_alloc_func_l169 with offsets {288}).
  The imprecision originates from Misaligned
[eva:garbled-mix:write] miniz_tdef.c:1029: 
  Assigning imprecise value to d->m_lookahead_size
  (pointing to __malloc_miniz_def_alloc_func_l169 with offsets {320}).
  The imprecision originates from Misaligned
[eva:garbled-mix:write] miniz_tdef.c:1030: 
  Assigning imprecise value to d->m_dict_size
  (pointing to __malloc_miniz_def_alloc_func_l169 with offsets {352}).
  The imprecision originates from Misaligned
[eva:garbled-mix:write] miniz_tdef.c:1031: 
  Assigning imprecise value to d->m_total_lz_bytes
  (pointing to __malloc_miniz_def_alloc_func_l169 with offsets {672}).
  The imprecision originates from Misaligned
[eva:garbled-mix:write] miniz_tdef.c:1032: 
  Assigning imprecise value to d->m_pLZ_code_buf
  (pointing to __malloc_miniz_def_alloc_func_l169 with offsets {384}).
  The imprecision originates from Misaligned
[eva:garbled-mix:write] miniz_tdef.c:1033: 
  Assigning imprecise value to d->m_pLZ_flags
  (pointing to __malloc_miniz_def_alloc_func_l169 with offsets {448}).
  The imprecision originates from Misaligned
[eva:garbled-mix:write] miniz_tdef.c:1034: 
  Assigning imprecise value to d->m_num_flags_left
  (pointing to __malloc_miniz_def_alloc_func_l169 with offsets {640}).
  The imprecision originates from Misaligned
[eva:alarm] miniz_tdef.c:1288: Warning: 
  accessing uninitialized left-value.
  assert \initialized(&d->m_prev_return_status);
[eva:garbled-mix:write] miniz_tdef.c:1288: 
  Assigning imprecise value to __retres.
  The imprecision originates from Misaligned
[eva:garbled-mix:write] miniz_tdef.c:1084: 
  Assigning imprecise value to pSrc.
  The imprecision originates from Misaligned
[eva:garbled-mix:write] miniz_tdef.c:1085: 
  Assigning imprecise value to src_buf_left.
  The imprecision originates from Misaligned
[eva:garbled-mix:write] miniz_tdef.c:1102: 
  Assigning imprecise value to tmp_0.
  The imprecision originates from Misaligned
[eva:garbled-mix:write] miniz_tdef.c:1102: 
  Assigning imprecise value to pSrc.
  The imprecision originates from Misaligned
[eva:alarm] miniz_tdef.c:1102: Warning: 
  accessing uninitialized left-value.
  assert \initialized(tmp_0);
  (tmp_0 from pSrc++)
[eva:garbled-mix:write] miniz_tdef.c:1102: 
  Assigning imprecise value to c.
  The imprecision originates from Misaligned
[eva:garbled-mix:write] miniz_tdef.c:1103: 
  Assigning imprecise value to d->m_dict[dst_pos]
  (pointing to in_bytes with offsets {0; 8; 16; 24; 32; 40; 48; 56};
  out_bytes with offsets {0; 8; 16; 24; 32; 40; 48; 56};
  __malloc_main_l34 with offsets [0..5328];
  __malloc_miniz_def_alloc_func_l169 with offsets [0..2554808]).
  The imprecision originates from Misaligned
[eva:garbled-mix:write] miniz_tdef.c:1105: 
  Assigning imprecise value to d->m_dict[(mz_uint)TDEFL_LZ_DICT_SIZE + dst_pos]
  (pointing to in_bytes with offsets {0; 8; 16; 24; 32; 40; 48; 56};
  out_bytes with offsets {0; 8; 16; 24; 32; 40; 48; 56};
  __malloc_main_l34 with offsets [0..5328];
  __malloc_miniz_def_alloc_func_l169 with offsets [0..2554808]).
  The imprecision originates from Misaligned
[eva:garbled-mix:write] miniz_tdef.c:1117: 
  Assigning imprecise value to tmp_1.
  The imprecision originates from Misaligned
[eva:garbled-mix:write] miniz_tdef.c:1117: 
  Assigning imprecise value to pSrc.
  The imprecision originates from Misaligned
[eva:alarm] miniz_tdef.c:1117: Warning: 
  accessing uninitialized left-value.
  assert \initialized(tmp_1);
  (tmp_1 from pSrc++)
[eva:garbled-mix:write] miniz_tdef.c:1117: 
  Assigning imprecise value to c_0.
  The imprecision originates from Misaligned
[eva:garbled-mix:write] miniz_tdef.c:1120: 
  Assigning imprecise value to d->m_dict[dst_pos_0]
  (pointing to in_bytes with offsets {0; 8; 16; 24; 32; 40; 48; 56};
  out_bytes with offsets {0; 8; 16; 24; 32; 40; 48; 56};
  __malloc_main_l34 with offsets [0..5328];
  __malloc_miniz_def_alloc_func_l169 with offsets [0..2554808]).
  The imprecision originates from Misaligned
[eva:garbled-mix:write] miniz_tdef.c:1122: 
  Assigning imprecise value to d->m_dict[(mz_uint)TDEFL_LZ_DICT_SIZE + dst_pos_0]
  (pointing to in_bytes with offsets {0; 8; 16; 24; 32; 40; 48; 56};
  out_bytes with offsets {0; 8; 16; 24; 32; 40; 48; 56};
  __malloc_main_l34 with offsets [0..5328];
  __malloc_miniz_def_alloc_func_l169 with offsets [0..2554808]).
  The imprecision originates from Misaligned
[eva:garbled-mix:write] miniz_tdef.c:1215: 
  Assigning imprecise value to d->m_pSrc
  (pointing to __malloc_miniz_def_alloc_func_l169 with offsets {1408}).
  The imprecision originates from Misaligned
[eva:garbled-mix:write] miniz_tdef.c:1222: 
  Assigning imprecise value to d->m_pSrc
  (pointing to __malloc_miniz_def_alloc_func_l169 with offsets {1408}).
  The imprecision originates from Misaligned
[eva:alarm] miniz_tdef.c:1297: Warning: 
  pointer comparison. assert \pointer_comparable((void *)0, pIn_buf);
[eva:alarm] miniz.c:43: Warning: 
  pointer comparison. assert \pointer_comparable((void *)0, (void *)ptr);
[eva:alarm] miniz.c:49: Warning: 
  accessing uninitialized left-value. assert \initialized(ptr + 0);
[eva:alarm] miniz.c:50: Warning: 
  accessing uninitialized left-value. assert \initialized(ptr + 1);
[eva:alarm] miniz.c:51: Warning: 
  accessing uninitialized left-value. assert \initialized(ptr + 2);
[eva:alarm] miniz.c:52: Warning: 
  accessing uninitialized left-value. assert \initialized(ptr + 3);
[eva:alarm] miniz.c:53: Warning: 
  accessing uninitialized left-value. assert \initialized(ptr + 4);
[eva:alarm] miniz.c:54: Warning: 
  accessing uninitialized left-value. assert \initialized(ptr + 5);
[eva:alarm] miniz.c:55: Warning: 
  accessing uninitialized left-value. assert \initialized(ptr + 6);
[eva:alarm] miniz.c:56: Warning: 
  accessing uninitialized left-value. assert \initialized(ptr + 7);
[eva:garbled-mix:write] miniz.c:59: 
  Assigning imprecise value to tmp.
  The imprecision originates from Misaligned
[eva:garbled-mix:write] miniz.c:59: 
  Assigning imprecise value to ptr.
  The imprecision originates from Misaligned
[eva:alarm] miniz.c:59: Warning: 
  accessing uninitialized left-value.
  assert \initialized(tmp);
  (tmp from ptr++)
[eva:alarm] miniz_tdef.c:1300: Warning: 
  accessing uninitialized left-value.
  assert \initialized(&d->m_output_flush_remaining);
[eva:alarm] miniz_tdef.c:1236: Warning: 
  accessing uninitialized left-value.
  assert \initialized(&d->m_output_flush_remaining);
[eva:alarm] miniz_tdef.c:1245: Warning: 
  accessing uninitialized left-value.
  assert \initialized(&d->m_output_flush_remaining);
[eva:alarm] miniz_tdef.c:1279: Warning: 
  accessing uninitialized left-value.
  assert \initialized(&d->m_output_flush_remaining);
[eva] miniz.c:294: cannot properly split on \result == 0
[eva:locals-escaping] miniz.c:335: Warning: 
  locals {in_bytes, out_bytes} escaping the scope of mz_deflate through stream
[eva:locals-escaping] miniz.c:335: Warning: 
  locals {in_bytes, out_bytes} escaping the scope of mz_deflate through __malloc_main_l34
[eva:locals-escaping] miniz.c:335: Warning: 
  locals {in_bytes, out_bytes} escaping the scope of mz_deflate through __malloc_miniz_def_alloc_func_l169
[eva:alarm] miniz.c:342: Warning: 
  accessing left-value that contains escaping addresses.
  assert ¬\dangling(&stream.total_out);
[eva:garbled-mix:write] miniz.c:342: 
  Assigning imprecise value to *pDest_len (pointing to cmp_len).
  The imprecision originates from Misaligned
[eva] miniz.c:348: cannot properly split on \result == 0
[eva:alarm] examples/example1.c:52: Warning: 
  accessing left-value that contains escaping addresses.
  assert ¬\dangling(&cmp_len);
[eva] using specification for function printf_va_4
[eva:garbled-mix:write] miniz.c:566: 
  Assigning imprecise value to stream.avail_in.
  The imprecision originates from Misaligned
[eva] miniz.c:169: allocating variable __malloc_miniz_def_alloc_func_l169_0
[eva] miniz.c:403: cannot properly split on \result == 0
[eva:garbled-mix:write] miniz.c:449: 
  Assigning imprecise value to orig_avail_in.
  The imprecision originates from Misaligned
[eva:garbled-mix:write] miniz.c:464: 
  Assigning imprecise value to in_bytes.
  The imprecision originates from Misaligned
[eva:garbled-mix:write] miniz_tinfl.c:186: 
  Assigning imprecise value to pIn_buf_end.
  The imprecision originates from Misaligned
[eva:alarm] miniz_tinfl.c:209: Warning: 
  pointer comparison.
  assert \pointer_comparable((void *)pIn_buf_cur, (void *)pIn_buf_end);
[eva:alarm] miniz_tinfl.c:209: Warning: 
  accessing uninitialized left-value.
  assert \initialized(tmp_4);
  (tmp_4 from pIn_buf_cur++)
[eva:alarm] miniz_tinfl.c:209: Warning: 
  accessing left-value that contains escaping addresses.
  assert ¬\dangling(tmp_4);
  (tmp_4 from pIn_buf_cur++)
[eva:garbled-mix:write] miniz_tinfl.c:209: 
  Assigning imprecise value to r->m_zhdr0
  (pointing to __malloc_miniz_def_alloc_func_l169_0 with offsets {64}).
  The imprecision originates from Misaligned
[eva:alarm] miniz_tinfl.c:210: Warning: 
  pointer comparison.
  assert \pointer_comparable((void *)pIn_buf_cur, (void *)pIn_buf_end);
[eva:alarm] miniz_tinfl.c:210: Warning: 
  accessing uninitialized left-value.
  assert \initialized(tmp_5);
  (tmp_5 from pIn_buf_cur++)
[eva:alarm] miniz_tinfl.c:210: Warning: 
  accessing left-value that contains escaping addresses.
  assert ¬\dangling(tmp_5);
  (tmp_5 from pIn_buf_cur++)
[eva:garbled-mix:write] miniz_tinfl.c:210: 
  Assigning imprecise value to r->m_zhdr1
  (pointing to __malloc_miniz_def_alloc_func_l169_0 with offsets {96}).
  The imprecision originates from Misaligned
[eva:loop-unroll:auto] miniz_tinfl.c:222: Automatic loop unrolling.
[eva:alarm] miniz_tinfl.c:222: Warning: 
  pointer comparison.
  assert \pointer_comparable((void *)pIn_buf_cur, (void *)pIn_buf_end);
[eva:alarm] miniz_tinfl.c:222: Warning: 
  accessing uninitialized left-value.
  assert \initialized(tmp_8);
  (tmp_8 from pIn_buf_cur++)
[eva:alarm] miniz_tinfl.c:222: Warning: 
  accessing left-value that contains escaping addresses.
  assert ¬\dangling(tmp_8);
  (tmp_8 from pIn_buf_cur++)
[eva:garbled-mix:write] miniz_tinfl.c:222: 
  Assigning imprecise value to c.
  The imprecision originates from Misaligned
[eva:garbled-mix:write] miniz_tinfl.c:222: 
  Assigning imprecise value to bit_buf.
  The imprecision originates from Misaligned
[eva:garbled-mix:write] miniz_tinfl.c:222: 
  Assigning imprecise value to r->m_final
  (pointing to __malloc_miniz_def_alloc_func_l169_0 with offsets {160}).
  The imprecision originates from Misaligned
[eva:garbled-mix:write] miniz_tinfl.c:222: 
  Assigning imprecise value to bit_buf.
  The imprecision originates from Misaligned
[eva:garbled-mix:write] miniz_tinfl.c:223: 
  Assigning imprecise value to r->m_type
  (pointing to __malloc_miniz_def_alloc_func_l169_0 with offsets {192}).
  The imprecision originates from Misaligned
[eva:garbled-mix:write] miniz_tinfl.c:226: 
  Assigning imprecise value to bit_buf.
  The imprecision originates from Misaligned
[eva:loop-unroll:auto] miniz_tinfl.c:227: Automatic loop unrolling.
[eva:alarm] miniz_tinfl.c:232: Warning: 
  pointer comparison.
  assert \pointer_comparable((void *)pIn_buf_cur, (void *)pIn_buf_end);
[eva:alarm] miniz_tinfl.c:232: Warning: 
  accessing uninitialized left-value.
  assert \initialized(tmp_11);
  (tmp_11 from pIn_buf_cur++)
[eva:alarm] miniz_tinfl.c:232: Warning: 
  accessing left-value that contains escaping addresses.
  assert ¬\dangling(tmp_11);
  (tmp_11 from pIn_buf_cur++)
[eva:garbled-mix:write] miniz_tinfl.c:232: 
  Assigning imprecise value to r->m_raw_header[counter]
  (pointing to __malloc_miniz_def_alloc_func_l169_0 with offsets {84288}).
  The imprecision originates from Misaligned
[eva:garbled-mix:write] miniz_tinfl.c:232: 
  Assigning imprecise value to r->m_raw_header[counter]
  (pointing to __malloc_miniz_def_alloc_func_l169_0 with offsets {84296}).
  The imprecision originates from Misaligned
[eva:garbled-mix:write] miniz_tinfl.c:232: 
  Assigning imprecise value to r->m_raw_header[counter]
  (pointing to __malloc_miniz_def_alloc_func_l169_0 with offsets {84304}).
  The imprecision originates from Misaligned
[eva:garbled-mix:write] miniz_tinfl.c:232: 
  Assigning imprecise value to r->m_raw_header[counter]
  (pointing to __malloc_miniz_def_alloc_func_l169_0 with offsets {84312}).
  The imprecision originates from Misaligned
[eva:alarm] miniz_tinfl.c:234: Warning: 
  invalid LHS operand for left shift. assert 0 ≤ (int)r->m_raw_header[1];
[eva:alarm] miniz_tinfl.c:234: Warning: 
  signed overflow. assert -2147483648 ≤ (int)r->m_raw_header[1] << 8;
[eva:alarm] miniz_tinfl.c:234: Warning: 
  signed overflow. assert (int)r->m_raw_header[1] << 8 ≤ 2147483647;
[eva:garbled-mix:write] miniz_tinfl.c:234: 
  Assigning imprecise value to counter.
  The imprecision originates from Misaligned
[eva:alarm] miniz_tinfl.c:234: Warning: 
  invalid LHS operand for left shift. assert 0 ≤ (int)r->m_raw_header[3];
[eva:alarm] miniz_tinfl.c:234: Warning: 
  signed overflow. assert -2147483648 ≤ (int)r->m_raw_header[3] << 8;
[eva:alarm] miniz_tinfl.c:234: Warning: 
  signed overflow. assert (int)r->m_raw_header[3] << 8 ≤ 2147483647;
[eva:alarm] miniz_tinfl.c:255: Warning: 
  pointer comparison.
  assert \pointer_comparable((void *)pIn_buf_cur, (void *)pIn_buf_end);
[eva:alarm] miniz_tinfl.c:259: Warning: 
  pointer subtraction.
  assert \base_addr(pIn_buf_end) ≡ \base_addr(pIn_buf_cur);
[eva:alarm] miniz_tinfl.c:259: Warning: 
  signed overflow. assert -9223372036854775808 ≤ pIn_buf_end - pIn_buf_cur;
[eva:alarm] miniz_tinfl.c:259: Warning: 
  signed overflow. assert pIn_buf_end - pIn_buf_cur ≤ 9223372036854775807;
[eva:alarm] miniz_tinfl.c:259: Warning: 
  pointer subtraction.
  assert \base_addr(pIn_buf_end) ≡ \base_addr(pIn_buf_cur);
[eva:alarm] miniz_tinfl.c:259: Warning: 
  signed overflow. assert -9223372036854775808 ≤ pIn_buf_end - pIn_buf_cur;
[eva:alarm] miniz_tinfl.c:259: Warning: 
  signed overflow. assert pIn_buf_end - pIn_buf_cur ≤ 9223372036854775807;
[eva:garbled-mix:write] miniz_tinfl.c:259: 
  Assigning imprecise value to tmp_14.
  The imprecision originates from Misaligned
[eva:alarm] miniz_tinfl.c:259: Warning: 
  pointer subtraction.
  assert \base_addr(pIn_buf_end) ≡ \base_addr(pIn_buf_cur);
[eva:alarm] miniz_tinfl.c:259: Warning: 
  signed overflow. assert -9223372036854775808 ≤ pIn_buf_end - pIn_buf_cur;
[eva:alarm] miniz_tinfl.c:259: Warning: 
  signed overflow. assert pIn_buf_end - pIn_buf_cur ≤ 9223372036854775807;
[eva:alarm] miniz_tinfl.c:259: Warning: 
  pointer subtraction.
  assert \base_addr(pIn_buf_end) ≡ \base_addr(pIn_buf_cur);
[eva:alarm] miniz_tinfl.c:259: Warning: 
  signed overflow. assert -9223372036854775808 ≤ pIn_buf_end - pIn_buf_cur;
[eva:alarm] miniz_tinfl.c:259: Warning: 
  signed overflow. assert pIn_buf_end - pIn_buf_cur ≤ 9223372036854775807;
[eva:garbled-mix:write] miniz_tinfl.c:259: 
  Assigning imprecise value to tmp_15.
  The imprecision originates from Misaligned
[eva:garbled-mix:write] miniz_tinfl.c:259: 
  Assigning imprecise value to n.
  The imprecision originates from Misaligned
[eva:alarm] miniz_tinfl.c:260: Warning: 
  function memcpy: precondition 'valid_dest' got status unknown.
[eva:alarm] miniz_tinfl.c:260: Warning: 
  function memcpy: precondition 'valid_src' got status unknown.
[eva:garbled-mix:write] miniz_tinfl.c:261: 
  Assigning imprecise value to pIn_buf_cur.
  The imprecision originates from Misaligned
[eva:garbled-mix:write] miniz_tinfl.c:262: 
  Assigning imprecise value to pOut_buf_cur.
  The imprecision originates from Misaligned
[eva:garbled-mix:write] miniz_tinfl.c:263: 
  Assigning imprecise value to counter.
  The imprecision originates from Misaligned
[eva:alarm] miniz_tinfl.c:251: Warning: 
  pointer comparison.
  assert \pointer_comparable((void *)pOut_buf_cur, (void *)pOut_buf_end);
[eva:alarm] miniz_tinfl.c:259: Warning: 
  pointer subtraction.
  assert \base_addr(pOut_buf_end) ≡ \base_addr(pOut_buf_cur);
[eva:alarm] miniz_tinfl.c:259: Warning: 
  signed overflow. assert -9223372036854775808 ≤ pOut_buf_end - pOut_buf_cur;
[eva:alarm] miniz_tinfl.c:259: Warning: 
  signed overflow. assert pOut_buf_end - pOut_buf_cur ≤ 9223372036854775807;
[eva:alarm] miniz_tinfl.c:259: Warning: 
  pointer subtraction.
  assert \base_addr(pOut_buf_end) ≡ \base_addr(pOut_buf_cur);
[eva:alarm] miniz_tinfl.c:259: Warning: 
  signed overflow. assert -9223372036854775808 ≤ pOut_buf_end - pOut_buf_cur;
[eva:alarm] miniz_tinfl.c:259: Warning: 
  signed overflow. assert pOut_buf_end - pOut_buf_cur ≤ 9223372036854775807;
[eva:alarm] miniz_tinfl.c:259: Warning: 
  pointer subtraction.
  assert \base_addr(pOut_buf_end) ≡ \base_addr(pOut_buf_cur);
[eva:alarm] miniz_tinfl.c:259: Warning: 
  signed overflow. assert -9223372036854775808 ≤ pOut_buf_end - pOut_buf_cur;
[eva:alarm] miniz_tinfl.c:259: Warning: 
  signed overflow. assert pOut_buf_end - pOut_buf_cur ≤ 9223372036854775807;
[eva:alarm] miniz_tinfl.c:259: Warning: 
  pointer subtraction.
  assert \base_addr(pOut_buf_end) ≡ \base_addr(pOut_buf_cur);
[eva:alarm] miniz_tinfl.c:259: Warning: 
  signed overflow. assert -9223372036854775808 ≤ pOut_buf_end - pOut_buf_cur;
[eva:alarm] miniz_tinfl.c:259: Warning: 
  signed overflow. assert pOut_buf_end - pOut_buf_cur ≤ 9223372036854775807;
[eva:alarm] miniz_tinfl.c:260: Warning: 
  function memcpy: precondition 'separation' got status unknown.
[eva:garbled-mix:write] miniz_tinfl.c:222: 
  Assigning imprecise value to tmp_8.
  The imprecision originates from Misaligned
[eva:garbled-mix:write] miniz_tinfl.c:222: 
  Assigning imprecise value to pIn_buf_cur.
  The imprecision originates from Misaligned
[eva:alarm] miniz_tinfl.c:222: Warning: 
  out of bounds read. assert \valid_read(tmp_8);
                      (tmp_8 from pIn_buf_cur++)
[eva:garbled-mix:write] miniz_tinfl.c:232: 
  Assigning imprecise value to tmp_11.
  The imprecision originates from Misaligned
[eva:garbled-mix:write] miniz_tinfl.c:232: 
  Assigning imprecise value to pIn_buf_cur.
  The imprecision originates from Misaligned
[eva:alarm] miniz_tinfl.c:232: Warning: 
  out of bounds read. assert \valid_read(tmp_11);
                      (tmp_11 from pIn_buf_cur++)
[eva] miniz_tinfl.c:227: starting to merge loop iterations
[eva] miniz_tinfl.c:279: starting to merge loop iterations
[eva:alarm] miniz_tinfl.c:280: Warning: 
  out of bounds write. assert \valid(tmp_16);
                       (tmp_16 from p++)
[eva:alarm] miniz_tinfl.c:282: Warning: 
  out of bounds write. assert \valid(tmp_17);
                       (tmp_17 from p++)
[eva] miniz_tinfl.c:281: starting to merge loop iterations
[eva:alarm] miniz_tinfl.c:284: Warning: 
  out of bounds write. assert \valid(tmp_18);
                       (tmp_18 from p++)
[eva] miniz_tinfl.c:283: starting to merge loop iterations
[eva:alarm] miniz_tinfl.c:286: Warning: 
  out of bounds write. assert \valid(tmp_19);
                       (tmp_19 from p++)
[eva] miniz_tinfl.c:285: starting to merge loop iterations
[eva:loop-unroll:auto] miniz_tinfl.c:290: Automatic loop unrolling.
[eva:garbled-mix:write] miniz_tinfl.c:292: 
  Assigning imprecise value to r->m_table_sizes[counter]
  (pointing to __malloc_miniz_def_alloc_func_l169_0 with offsets {352}).
  The imprecision originates from Misaligned
[eva:garbled-mix:write] miniz_tinfl.c:292: 
  Assigning imprecise value to bit_buf.
  The imprecision originates from Misaligned
[eva:garbled-mix:write] miniz_tinfl.c:293: 
  Assigning imprecise value to r->m_table_sizes[counter]
  (pointing to __malloc_miniz_def_alloc_func_l169_0 with offsets {352}).
  The imprecision originates from Misaligned
[eva:alarm] miniz_tinfl.c:292: Warning: 
  pointer comparison.
  assert \pointer_comparable((void *)pIn_buf_cur, (void *)pIn_buf_end);
[eva:garbled-mix:write] miniz_tinfl.c:292: 
  Assigning imprecise value to tmp_20.
  The imprecision originates from Misaligned
[eva:garbled-mix:write] miniz_tinfl.c:292: 
  Assigning imprecise value to pIn_buf_cur.
  The imprecision originates from Misaligned
[eva:alarm] miniz_tinfl.c:292: Warning: 
  accessing uninitialized left-value.
  assert \initialized(tmp_20);
  (tmp_20 from pIn_buf_cur++)
[eva:alarm] miniz_tinfl.c:292: Warning: 
  out of bounds read. assert \valid_read(tmp_20);
                      (tmp_20 from pIn_buf_cur++)
[eva:alarm] miniz_tinfl.c:292: Warning: 
  accessing left-value that contains escaping addresses.
  assert ¬\dangling(tmp_20);
  (tmp_20 from pIn_buf_cur++)
[eva:garbled-mix:write] miniz_tinfl.c:292: 
  Assigning imprecise value to c_3.
  The imprecision originates from Misaligned
[eva:garbled-mix:write] miniz_tinfl.c:292: 
  Assigning imprecise value to bit_buf.
  The imprecision originates from Misaligned
[eva:garbled-mix:write] miniz_tinfl.c:292: 
  Assigning imprecise value to r->m_table_sizes[counter]
  (pointing to __malloc_miniz_def_alloc_func_l169_0 with offsets {384}).
  The imprecision originates from Misaligned
[eva:garbled-mix:write] miniz_tinfl.c:293: 
  Assigning imprecise value to r->m_table_sizes[counter]
  (pointing to __malloc_miniz_def_alloc_func_l169_0 with offsets {384}).
  The imprecision originates from Misaligned
[eva:garbled-mix:write] miniz_tinfl.c:292: 
  Assigning imprecise value to r->m_table_sizes[counter]
  (pointing to __malloc_miniz_def_alloc_func_l169_0 with offsets {416}).
  The imprecision originates from Misaligned
[eva:garbled-mix:write] miniz_tinfl.c:293: 
  Assigning imprecise value to r->m_table_sizes[counter]
  (pointing to __malloc_miniz_def_alloc_func_l169_0 with offsets {416}).
  The imprecision originates from Misaligned
[eva:garbled-mix:write] miniz_tinfl.c:299: 
  Assigning imprecise value to s.
  The imprecision originates from Misaligned
[eva:garbled-mix:write] miniz_tinfl.c:299: 
  Assigning imprecise value to bit_buf.
  The imprecision originates from Misaligned
[eva:garbled-mix:write] miniz_tinfl.c:300: 
  Assigning imprecise value to r->m_tables[2].m_code_size[tinfl_decompress_s_length_dezigzag[counter]]
  (pointing to __malloc_miniz_def_alloc_func_l169_0 with offsets {56512}).
  The imprecision originates from Misaligned
[eva:garbled-mix:write] miniz_tinfl.c:300: 
  Assigning imprecise value to r->m_tables[2].m_code_size[tinfl_decompress_s_length_dezigzag[counter]]
  (pointing to __malloc_miniz_def_alloc_func_l169_0 with offsets {56520}).
  The imprecision originates from Misaligned
[eva:loop-unroll:auto] miniz_tinfl.c:299: Automatic loop unrolling.
[eva:alarm] miniz_tinfl.c:299: Warning: 
  pointer comparison.
  assert \pointer_comparable((void *)pIn_buf_cur, (void *)pIn_buf_end);
[eva:garbled-mix:write] miniz_tinfl.c:299: 
  Assigning imprecise value to tmp_21.
  The imprecision originates from Misaligned
[eva:garbled-mix:write] miniz_tinfl.c:299: 
  Assigning imprecise value to pIn_buf_cur.
  The imprecision originates from Misaligned
[eva:alarm] miniz_tinfl.c:299: Warning: 
  accessing uninitialized left-value.
  assert \initialized(tmp_21);
  (tmp_21 from pIn_buf_cur++)
[eva:alarm] miniz_tinfl.c:299: Warning: 
  out of bounds read. assert \valid_read(tmp_21);
                      (tmp_21 from pIn_buf_cur++)
[eva:alarm] miniz_tinfl.c:299: Warning: 
  accessing left-value that contains escaping addresses.
  assert ¬\dangling(tmp_21);
  (tmp_21 from pIn_buf_cur++)
[eva:garbled-mix:write] miniz_tinfl.c:299: 
  Assigning imprecise value to c_4.
  The imprecision originates from Misaligned
[eva:garbled-mix:write] miniz_tinfl.c:299: 
  Assigning imprecise value to bit_buf.
  The imprecision originates from Misaligned
[eva:garbled-mix:write] miniz_tinfl.c:300: 
  Assigning imprecise value to r->m_tables[2].m_code_size[tinfl_decompress_s_length_dezigzag[counter]]
  (pointing to __malloc_miniz_def_alloc_func_l169_0 with offsets {56528}).
  The imprecision originates from Misaligned
[eva:garbled-mix:write] miniz_tinfl.c:300: 
  Assigning imprecise value to r->m_tables[2].m_code_size[tinfl_decompress_s_length_dezigzag[counter]]
  (pointing to __malloc_miniz_def_alloc_func_l169_0 with offsets {56384}).
  The imprecision originates from Misaligned
[eva:garbled-mix:write] miniz_tinfl.c:300: 
  Assigning imprecise value to r->m_tables[2].m_code_size[tinfl_decompress_s_length_dezigzag[counter]]
  (pointing to __malloc_miniz_def_alloc_func_l169_0 with offsets {56448}).
  The imprecision originates from Misaligned
[eva] miniz_tinfl.c:296: starting to merge loop iterations
[eva:garbled-mix:write] miniz_tinfl.c:300: 
  Assigning imprecise value to r->m_tables[2].m_code_size[tinfl_decompress_s_length_dezigzag[counter]]
  (pointing to __malloc_miniz_def_alloc_func_l169_0 with offsets {56440; 56448}).
  The imprecision originates from Misaligned
[eva:garbled-mix:write] miniz_tinfl.c:300: 
  Assigning imprecise value to r->m_tables[2].m_code_size[tinfl_decompress_s_length_dezigzag[counter]]
  (pointing to __malloc_miniz_def_alloc_func_l169_0 with offsets {56440; 56448;
                                                                  56456}).
  The imprecision originates from Misaligned
[eva:garbled-mix:write] miniz_tinfl.c:300: 
  Assigning imprecise value to r->m_tables[2].m_code_size[tinfl_decompress_s_length_dezigzag[counter]]
  (pointing to __malloc_miniz_def_alloc_func_l169_0 with offsets {56432; 56440;
                                                                  56448; 56456}).
  The imprecision originates from Misaligned
[eva:garbled-mix:write] miniz_tinfl.c:300: 
  Assigning imprecise value to r->m_tables[2].m_code_size[tinfl_decompress_s_length_dezigzag[counter]]
  (pointing to __malloc_miniz_def_alloc_func_l169_0 with offsets {56432; 56440;
                                                                  56448; 56456;
                                                                  56464}).
  The imprecision originates from Misaligned
[eva] miniz_tinfl.c:299: starting to merge loop iterations
[eva] miniz_tinfl.c:299: starting to merge loop iterations
[eva:garbled-mix:write] miniz_tinfl.c:300: 
  Assigning imprecise value to r->m_tables[2].m_code_size[tinfl_decompress_s_length_dezigzag[counter]]
  (pointing to __malloc_miniz_def_alloc_func_l169_0 with offsets {56424; 56432;
                                                                  56440; 56448;
                                                                  56456; 56464}).
  The imprecision originates from Misaligned
[eva:garbled-mix:write] miniz_tinfl.c:300: 
  Assigning imprecise value to r->m_tables[2].m_code_size[tinfl_decompress_s_length_dezigzag[counter]]
  (pointing to __malloc_miniz_def_alloc_func_l169_0 with offsets {56392; 56400;
                                                                  56408; 56416;
                                                                  56424; 56432;
                                                                  56440; 56448;
                                                                  56456; 56464;
                                                                  56472; 56480;
                                                                  56488; 56496;
                                                                  56504}).
  The imprecision originates from Misaligned
[eva:alarm] miniz_tinfl.c:300: Warning: 
  accessing out of bounds index. assert counter < 19;
[eva:garbled-mix:write] miniz_tinfl.c:309: 
  Assigning imprecise value to pTable.
  The imprecision originates from Misaligned
[eva:alarm] miniz_tinfl.c:311: Warning: 
  function memset: precondition 'valid_s' got status unknown.
[eva:alarm] miniz_tinfl.c:312: Warning: 
  function memset: precondition 'valid_s' got status unknown.
[eva:alarm] miniz_tinfl.c:313: Warning: 
  accessing out of bounds index. assert 0 ≤ r->m_type;
[eva:alarm] miniz_tinfl.c:313: Warning: 
  accessing out of bounds index. assert r->m_type < TINFL_MAX_HUFF_TABLES;
[eva:alarm] miniz_tinfl.c:313: Warning: 
  accessing uninitialized left-value.
  assert \initialized(&r->m_table_sizes[r->m_type]);
[eva:alarm] miniz_tinfl.c:313: Warning: 
  out of bounds read. assert \valid_read(&r->m_table_sizes[r->m_type]);
[eva:alarm] miniz_tinfl.c:313: Warning: 
  accessing left-value that contains escaping addresses.
  assert ¬\dangling(&r->m_table_sizes[r->m_type]);
[eva:alarm] miniz_tinfl.c:400: Warning: 
  pointer subtraction.
  assert \base_addr(pIn_buf_end) ≡ \base_addr(pIn_buf_cur);
[eva:alarm] miniz_tinfl.c:400: Warning: 
  signed overflow. assert -9223372036854775808 ≤ pIn_buf_end - pIn_buf_cur;
[eva:alarm] miniz_tinfl.c:400: Warning: 
  signed overflow. assert pIn_buf_end - pIn_buf_cur ≤ 9223372036854775807;
[eva:alarm] miniz_tinfl.c:400: Warning: 
  pointer subtraction.
  assert \base_addr(pOut_buf_end) ≡ \base_addr(pOut_buf_cur);
[eva:alarm] miniz_tinfl.c:400: Warning: 
  signed overflow. assert -9223372036854775808 ≤ pOut_buf_end - pOut_buf_cur;
[eva:alarm] miniz_tinfl.c:400: Warning: 
  signed overflow. assert pOut_buf_end - pOut_buf_cur ≤ 9223372036854775807;
[eva:alarm] miniz_tinfl.c:402: Warning: 
  pointer subtraction.
  assert \base_addr(pIn_buf_end) ≡ \base_addr(pIn_buf_cur);
[eva:alarm] miniz_tinfl.c:402: Warning: 
  signed overflow. assert -9223372036854775808 ≤ pIn_buf_end - pIn_buf_cur;
[eva:alarm] miniz_tinfl.c:402: Warning: 
  signed overflow. assert pIn_buf_end - pIn_buf_cur ≤ 9223372036854775807;
[eva:loop-unroll:auto] miniz_tinfl.c:402: Automatic loop unrolling.
[eva:alarm] miniz_tinfl.c:402: Warning: 
  accessing out of bounds index.
  assert
  0 ≤
  (unsigned long)(bit_buf & (unsigned long)((int)(TINFL_FAST_LOOKUP_SIZE - 1)));
[eva:alarm] miniz_tinfl.c:402: Warning: 
  accessing out of bounds index.
  assert
  (unsigned long)(bit_buf & (unsigned long)((int)(TINFL_FAST_LOOKUP_SIZE - 1)))
  < TINFL_FAST_LOOKUP_SIZE;
[eva:alarm] miniz_tinfl.c:402: Warning: 
  accessing uninitialized left-value.
  assert
  \initialized(&r->m_tables[0].m_look_up[(unsigned long)(bit_buf &
                                                         (unsigned long)
                                                         ((int)(TINFL_FAST_LOOKUP_SIZE
                                                                - 1)))]);
[eva:alarm] miniz_tinfl.c:402: Warning: 
  out of bounds read.
  assert
  \valid_read(&r->m_tables[0].m_look_up[(unsigned long)(bit_buf &
                                                        (unsigned long)
                                                        ((int)(TINFL_FAST_LOOKUP_SIZE
                                                               - 1)))]);
[eva:alarm] miniz_tinfl.c:402: Warning: 
  accessing left-value that contains escaping addresses.
  assert
  ¬\dangling(&r->m_tables[0].m_look_up[(unsigned long)(bit_buf &
                                                        (unsigned long)
                                                        ((int)(TINFL_FAST_LOOKUP_SIZE
                                                               - 1)))]);
[eva:alarm] miniz_tinfl.c:402: Warning: 
  accessing uninitialized left-value. assert \initialized(pIn_buf_cur + 0);
[eva:alarm] miniz_tinfl.c:402: Warning: 
  accessing uninitialized left-value. assert \initialized(pIn_buf_cur + 1);
[eva:alarm] miniz_tinfl.c:402: Warning: 
  out of bounds read. assert \valid_read(pIn_buf_cur + 0);
[eva:alarm] miniz_tinfl.c:402: Warning: 
  out of bounds read. assert \valid_read(pIn_buf_cur + 1);
[eva:alarm] miniz_tinfl.c:402: Warning: 
  accessing left-value that contains escaping addresses.
  assert ¬\dangling(pIn_buf_cur + 0);
[eva:alarm] miniz_tinfl.c:402: Warning: 
  accessing left-value that contains escaping addresses.
  assert ¬\dangling(pIn_buf_cur + 1);
[eva:garbled-mix:write] miniz_tinfl.c:402: 
  Assigning imprecise value to bit_buf.
  The imprecision originates from Misaligned
[eva:alarm] miniz_tinfl.c:402: Warning: 
  accessing out of bounds index.
  assert
  0 ≤
  (unsigned long)(bit_buf & (unsigned long)((int)(TINFL_FAST_LOOKUP_SIZE - 1)));
[eva:alarm] miniz_tinfl.c:402: Warning: 
  accessing out of bounds index.
  assert
  (unsigned long)(bit_buf & (unsigned long)((int)(TINFL_FAST_LOOKUP_SIZE - 1)))
  < TINFL_FAST_LOOKUP_SIZE;
[eva:alarm] miniz_tinfl.c:402: Warning: 
  accessing uninitialized left-value.
  assert
  \initialized(&r->m_tables[0].m_look_up[(unsigned long)(bit_buf &
                                                         (unsigned long)
                                                         ((int)(TINFL_FAST_LOOKUP_SIZE
                                                                - 1)))]);
[eva:alarm] miniz_tinfl.c:402: Warning: 
  out of bounds read.
  assert
  \valid_read(&r->m_tables[0].m_look_up[(unsigned long)(bit_buf &
                                                        (unsigned long)
                                                        ((int)(TINFL_FAST_LOOKUP_SIZE
                                                               - 1)))]);
[eva:alarm] miniz_tinfl.c:402: Warning: 
  accessing left-value that contains escaping addresses.
  assert
  ¬\dangling(&r->m_tables[0].m_look_up[(unsigned long)(bit_buf &
                                                        (unsigned long)
                                                        ((int)(TINFL_FAST_LOOKUP_SIZE
                                                               - 1)))]);
[eva:alarm] miniz_tinfl.c:418: Warning: 
  accessing uninitialized left-value.
  assert \initialized((mz_uint32 const *)pIn_buf_cur);
[eva:alarm] miniz_tinfl.c:418: Warning: 
  out of bounds read. assert \valid_read((mz_uint32 const *)pIn_buf_cur);
[eva:alarm] miniz_tinfl.c:418: Warning: 
  accessing left-value that contains escaping addresses.
  assert ¬\dangling((mz_uint32 const *)pIn_buf_cur);
[eva:garbled-mix:write] miniz_tinfl.c:418: 
  Assigning imprecise value to bit_buf.
  The imprecision originates from Misaligned
[eva:alarm] miniz_tinfl.c:430: Warning: 
  accessing out of bounds index.
  assert
  0 ≤
  (unsigned long)(bit_buf & (unsigned long)((int)(TINFL_FAST_LOOKUP_SIZE - 1)));
[eva:alarm] miniz_tinfl.c:430: Warning: 
  accessing out of bounds index.
  assert
  (unsigned long)(bit_buf & (unsigned long)((int)(TINFL_FAST_LOOKUP_SIZE - 1)))
  < TINFL_FAST_LOOKUP_SIZE;
[eva:alarm] miniz_tinfl.c:430: Warning: 
  accessing uninitialized left-value.
  assert
  \initialized(&r->m_tables[0].m_look_up[(unsigned long)(bit_buf &
                                                         (unsigned long)
                                                         ((int)(TINFL_FAST_LOOKUP_SIZE
                                                                - 1)))]);
[eva:alarm] miniz_tinfl.c:430: Warning: 
  out of bounds read.
  assert
  \valid_read(&r->m_tables[0].m_look_up[(unsigned long)(bit_buf &
                                                        (unsigned long)
                                                        ((int)(TINFL_FAST_LOOKUP_SIZE
                                                               - 1)))]);
[eva:alarm] miniz_tinfl.c:430: Warning: 
  accessing left-value that contains escaping addresses.
  assert
  ¬\dangling(&r->m_tables[0].m_look_up[(unsigned long)(bit_buf &
                                                        (unsigned long)
                                                        ((int)(TINFL_FAST_LOOKUP_SIZE
                                                               - 1)))]);
[eva:garbled-mix:write] miniz_tinfl.c:569: 
  Assigning imprecise value to bit_buf.
  The imprecision originates from Misaligned
[eva:loop-unroll:auto] miniz_tinfl.c:570: Automatic loop unrolling.
[eva:alarm] miniz_tinfl.c:570: Warning: 
  pointer comparison.
  assert \pointer_comparable((void *)pIn_buf_cur, (void *)pIn_buf_next);
[eva:garbled-mix:write] miniz_tinfl.c:575: 
  Assigning imprecise value to bit_buf.
  The imprecision originates from Misaligned
[eva:loop-unroll:auto] miniz_tinfl.c:587: Automatic loop unrolling.
[eva:alarm] miniz_tinfl.c:586: Warning: 
  pointer comparison.
  assert \pointer_comparable((void *)pIn_buf_cur, (void *)pIn_buf_end);
[eva:garbled-mix:write] miniz_tinfl.c:586: 
  Assigning imprecise value to tmp_46.
  The imprecision originates from Misaligned
[eva:garbled-mix:write] miniz_tinfl.c:586: 
  Assigning imprecise value to pIn_buf_cur.
  The imprecision originates from Misaligned
[eva:alarm] miniz_tinfl.c:586: Warning: 
  accessing uninitialized left-value.
  assert \initialized(tmp_46);
  (tmp_46 from pIn_buf_cur++)
[eva:alarm] miniz_tinfl.c:586: Warning: 
  out of bounds read. assert \valid_read(tmp_46);
                      (tmp_46 from pIn_buf_cur++)
[eva:alarm] miniz_tinfl.c:586: Warning: 
  accessing left-value that contains escaping addresses.
  assert ¬\dangling(tmp_46);
  (tmp_46 from pIn_buf_cur++)
[eva:garbled-mix:write] miniz_tinfl.c:586: 
  Assigning imprecise value to s_1.
  The imprecision originates from Misaligned
[eva:garbled-mix:write] miniz_tinfl.c:587: 
  Assigning imprecise value to r->m_z_adler32
  (pointing to __malloc_miniz_def_alloc_func_l169_0 with offsets {128}).
  The imprecision originates from Misaligned
[eva:loop-unroll:auto] miniz_tinfl.c:600: Automatic loop unrolling.
[eva:alarm] miniz_tinfl.c:600: Warning: 
  pointer comparison.
  assert \pointer_comparable((void *)pIn_buf_cur, (void *)pIn_buf_next);
[eva:garbled-mix:write] miniz_tinfl.c:607: 
  Assigning imprecise value to r->m_bit_buf
  (pointing to __malloc_miniz_def_alloc_func_l169_0 with offsets {448}).
  The imprecision originates from Misaligned
[eva:garbled-mix:write] miniz_tinfl.c:609: 
  Assigning imprecise value to r->m_counter
  (pointing to __malloc_miniz_def_alloc_func_l169_0 with offsets {288}).
  The imprecision originates from Misaligned
[eva:alarm] miniz_tinfl.c:612: Warning: 
  pointer subtraction.
  assert \base_addr(pIn_buf_cur) ≡ \base_addr(pIn_buf_next);
[eva:alarm] miniz_tinfl.c:612: Warning: 
  signed overflow. assert -9223372036854775808 ≤ pIn_buf_cur - pIn_buf_next;
[eva:alarm] miniz_tinfl.c:612: Warning: 
  signed overflow. assert pIn_buf_cur - pIn_buf_next ≤ 9223372036854775807;
[eva:garbled-mix:write] miniz_tinfl.c:612: 
  Assigning imprecise value to *pIn_buf_size (pointing to in_bytes).
  The imprecision originates from Misaligned
[eva:alarm] miniz_tinfl.c:613: Warning: 
  pointer subtraction.
  assert \base_addr(pOut_buf_cur) ≡ \base_addr(pOut_buf_next);
[eva:alarm] miniz_tinfl.c:613: Warning: 
  signed overflow.
  assert -9223372036854775808 ≤ pOut_buf_cur - pOut_buf_next;
[eva:alarm] miniz_tinfl.c:613: Warning: 
  signed overflow. assert pOut_buf_cur - pOut_buf_next ≤ 9223372036854775807;
[eva:garbled-mix:write] miniz_tinfl.c:613: 
  Assigning imprecise value to *pOut_buf_size (pointing to out_bytes).
  The imprecision originates from Misaligned
[eva:garbled-mix:write] miniz_tinfl.c:617: 
  Assigning imprecise value to buf_len.
  The imprecision originates from Misaligned
[eva:garbled-mix:write] miniz_tinfl.c:619: 
  Assigning imprecise value to block_len.
  The imprecision originates from Misaligned
[eva:alarm] miniz_tinfl.c:624: Warning: 
  accessing uninitialized left-value. assert \initialized(ptr + 0);
[eva:alarm] miniz_tinfl.c:624: Warning: 
  accessing left-value that contains escaping addresses.
  assert ¬\dangling(ptr + 0);
[eva:garbled-mix:write] miniz_tinfl.c:624: 
  Assigning imprecise value to s1.
  The imprecision originates from Misaligned
[eva:garbled-mix:write] miniz_tinfl.c:624: 
  Assigning imprecise value to s2.
  The imprecision originates from Misaligned
[eva:alarm] miniz_tinfl.c:625: Warning: 
  accessing uninitialized left-value. assert \initialized(ptr + 1);
[eva:alarm] miniz_tinfl.c:625: Warning: 
  accessing left-value that contains escaping addresses.
  assert ¬\dangling(ptr + 1);
[eva:garbled-mix:write] miniz_tinfl.c:625: 
  Assigning imprecise value to s1.
  The imprecision originates from Misaligned
[eva:garbled-mix:write] miniz_tinfl.c:625: 
  Assigning imprecise value to s2.
  The imprecision originates from Misaligned
[eva:alarm] miniz_tinfl.c:626: Warning: 
  accessing uninitialized left-value. assert \initialized(ptr + 2);
[eva:alarm] miniz_tinfl.c:626: Warning: 
  accessing left-value that contains escaping addresses.
  assert ¬\dangling(ptr + 2);
[eva:garbled-mix:write] miniz_tinfl.c:626: 
  Assigning imprecise value to s1.
  The imprecision originates from Misaligned
[eva:garbled-mix:write] miniz_tinfl.c:626: 
  Assigning imprecise value to s2.
  The imprecision originates from Misaligned
[eva:alarm] miniz_tinfl.c:627: Warning: 
  accessing uninitialized left-value. assert \initialized(ptr + 3);
[eva:alarm] miniz_tinfl.c:627: Warning: 
  accessing left-value that contains escaping addresses.
  assert ¬\dangling(ptr + 3);
[eva:garbled-mix:write] miniz_tinfl.c:627: 
  Assigning imprecise value to s1.
  The imprecision originates from Misaligned
[eva:garbled-mix:write] miniz_tinfl.c:627: 
  Assigning imprecise value to s2.
  The imprecision originates from Misaligned
[eva:alarm] miniz_tinfl.c:628: Warning: 
  accessing uninitialized left-value. assert \initialized(ptr + 4);
[eva:alarm] miniz_tinfl.c:628: Warning: 
  accessing left-value that contains escaping addresses.
  assert ¬\dangling(ptr + 4);
[eva:garbled-mix:write] miniz_tinfl.c:628: 
  Assigning imprecise value to s1.
  The imprecision originates from Misaligned
[eva:garbled-mix:write] miniz_tinfl.c:628: 
  Assigning imprecise value to s2.
  The imprecision originates from Misaligned
[eva:alarm] miniz_tinfl.c:629: Warning: 
  accessing uninitialized left-value. assert \initialized(ptr + 5);
[eva:alarm] miniz_tinfl.c:629: Warning: 
  accessing left-value that contains escaping addresses.
  assert ¬\dangling(ptr + 5);
[eva:garbled-mix:write] miniz_tinfl.c:629: 
  Assigning imprecise value to s1.
  The imprecision originates from Misaligned
[eva:garbled-mix:write] miniz_tinfl.c:629: 
  Assigning imprecise value to s2.
  The imprecision originates from Misaligned
[eva:alarm] miniz_tinfl.c:630: Warning: 
  accessing uninitialized left-value. assert \initialized(ptr + 6);
[eva:alarm] miniz_tinfl.c:630: Warning: 
  accessing left-value that contains escaping addresses.
  assert ¬\dangling(ptr + 6);
[eva:garbled-mix:write] miniz_tinfl.c:630: 
  Assigning imprecise value to s1.
  The imprecision originates from Misaligned
[eva:garbled-mix:write] miniz_tinfl.c:630: 
  Assigning imprecise value to s2.
  The imprecision originates from Misaligned
[eva:alarm] miniz_tinfl.c:631: Warning: 
  accessing uninitialized left-value. assert \initialized(ptr + 7);
[eva:alarm] miniz_tinfl.c:631: Warning: 
  accessing left-value that contains escaping addresses.
  assert ¬\dangling(ptr + 7);
[eva:garbled-mix:write] miniz_tinfl.c:631: 
  Assigning imprecise value to s1.
  The imprecision originates from Misaligned
[eva:garbled-mix:write] miniz_tinfl.c:631: 
  Assigning imprecise value to s2.
  The imprecision originates from Misaligned
[eva] miniz_tinfl.c:622: starting to merge loop iterations
[kernel] miniz_tinfl.c:625: 
  more than 20(58) elements to enumerate. Approximating.
[eva:alarm] miniz_tinfl.c:626: Warning: 
  out of bounds read. assert \valid_read(ptr + 2);
[kernel] miniz_tinfl.c:626: 
  more than 20(57) elements to enumerate. Approximating.
[kernel] miniz_tinfl.c:627: 
  more than 20(57) elements to enumerate. Approximating.
[kernel] miniz_tinfl.c:628: 
  more than 20(57) elements to enumerate. Approximating.
[kernel] miniz_tinfl.c:629: 
  more than 20(57) elements to enumerate. Approximating.
[kernel] miniz_tinfl.c:631: 
  more than 20(57) elements to enumerate. Approximating.
[eva:alarm] miniz_tinfl.c:634: Warning: 
  accessing uninitialized left-value.
  assert \initialized(tmp_47);
  (tmp_47 from ptr++)
[eva:alarm] miniz_tinfl.c:634: Warning: 
  accessing left-value that contains escaping addresses.
  assert ¬\dangling(tmp_47);
  (tmp_47 from ptr++)
[eva:garbled-mix:write] miniz_tinfl.c:634: 
  Assigning imprecise value to s1.
  The imprecision originates from Misaligned
[eva:garbled-mix:write] miniz_tinfl.c:634: 
  Assigning imprecise value to s2.
  The imprecision originates from Misaligned
[eva:alarm] miniz_tinfl.c:634: Warning: 
  out of bounds read. assert \valid_read(tmp_47);
                      (tmp_47 from ptr++)
[kernel] miniz_tinfl.c:634: 
  more than 20(61) elements to enumerate. Approximating.
[eva] miniz_tinfl.c:633: starting to merge loop iterations
[eva:garbled-mix:write] miniz_tinfl.c:635: 
  Assigning imprecise value to s1.
  The imprecision originates from Misaligned
[eva:garbled-mix:write] miniz_tinfl.c:635: 
  Assigning imprecise value to s2.
  The imprecision originates from Misaligned
[eva:garbled-mix:write] miniz_tinfl.c:636: 
  Assigning imprecise value to buf_len.
  The imprecision originates from Misaligned
[eva:alarm] miniz_tinfl.c:624: Warning: 
  out of bounds read. assert \valid_read(ptr + 0);
[eva:alarm] miniz_tinfl.c:625: Warning: 
  out of bounds read. assert \valid_read(ptr + 1);
[eva:alarm] miniz_tinfl.c:627: Warning: 
  out of bounds read. assert \valid_read(ptr + 3);
[eva:alarm] miniz_tinfl.c:628: Warning: 
  out of bounds read. assert \valid_read(ptr + 4);
[eva:alarm] miniz_tinfl.c:629: Warning: 
  out of bounds read. assert \valid_read(ptr + 5);
[eva:alarm] miniz_tinfl.c:630: Warning: 
  out of bounds read. assert \valid_read(ptr + 6);
[eva:alarm] miniz_tinfl.c:631: Warning: 
  out of bounds read. assert \valid_read(ptr + 7);
[eva:garbled-mix:write] miniz_tinfl.c:639: 
  Assigning imprecise value to r->m_check_adler32
  (pointing to __malloc_miniz_def_alloc_func_l169_0 with offsets {224}).
  The imprecision originates from Misaligned
[eva] miniz_tinfl.c:643: cannot properly split on \result == 0
[eva:garbled-mix:write] miniz.c:468: 
  Assigning imprecise value to pStream->next_in
  (pointing to stream with offsets {0}).
  The imprecision originates from Misaligned
[eva:garbled-mix:write] miniz.c:469: 
  Assigning imprecise value to pStream->avail_in
  (pointing to stream with offsets {64}).
  The imprecision originates from Misaligned
[eva:garbled-mix:write] miniz.c:470: 
  Assigning imprecise value to pStream->total_in
  (pointing to stream with offsets {128}).
  The imprecision originates from Misaligned
[eva:garbled-mix:write] miniz.c:471: 
  Assigning imprecise value to pStream->adler
  (pointing to stream with offsets {768}).
  The imprecision originates from Misaligned
[eva:garbled-mix:write] miniz.c:472: 
  Assigning imprecise value to pStream->next_out
  (pointing to stream with offsets {192}).
  The imprecision originates from Misaligned
[eva:garbled-mix:write] miniz.c:473: 
  Assigning imprecise value to pStream->avail_out
  (pointing to stream with offsets {256}).
  The imprecision originates from Misaligned
[eva:garbled-mix:write] miniz.c:474: 
  Assigning imprecise value to pStream->total_out
  (pointing to stream with offsets {320}).
  The imprecision originates from Misaligned
[eva:garbled-mix:write] miniz.c:575: 
  Assigning imprecise value to *pSource_len (pointing to source_len).
  The imprecision originates from Misaligned
[eva:garbled-mix:write] miniz.c:581: 
  Assigning imprecise value to *pDest_len (pointing to uncomp_len).
  The imprecision originates from Misaligned
[eva] miniz.c:588: cannot properly split on \result == 0
[eva] using specification for function printf_va_7
[eva] using specification for function memcmp
[eva:alarm] examples/example1.c:86: Warning: 
  function memcmp: precondition 'initialization,s1' got status unknown.
[eva:alarm] examples/example1.c:86: Warning: 
  function memcmp: precondition 'danglingness,s1' got status unknown.
[eva] FRAMAC_SHARE/libc/string.h:63: 
  cannot evaluate ACSL term, unsupported ACSL construct: logic function memcmp
[eva:alarm] examples/example1.c:34: Warning: 
  accessing left-value that contains escaping addresses.
  assert ¬\dangling(&cmp_len);
[eva:garbled-mix:write] miniz.c:329: 
  Assigning imprecise value to stream.avail_out.
  The imprecision originates from Misaligned
[eva:alarm] miniz.c:253: Warning: 
  accessing uninitialized left-value.
  assert
  \initialized(&((tdefl_compressor *)pStream->state)->m_prev_return_status);
[eva:alarm] miniz.c:253: Warning: 
  accessing left-value that contains escaping addresses.
  assert
  ¬\dangling(&((tdefl_compressor *)pStream->state)->m_prev_return_status);
[eva:alarm] miniz_tdef.c:1268: Warning: 
  accessing left-value that contains escaping addresses.
  assert ¬\dangling(&d->m_pPut_buf_func);
[eva:alarm] miniz_tdef.c:1268: Warning: 
  accessing uninitialized left-value.
  assert \initialized(&d->m_prev_return_status);
[eva:alarm] miniz_tdef.c:1268: Warning: 
  accessing left-value that contains escaping addresses.
  assert ¬\dangling(&d->m_prev_return_status);
[eva:alarm] miniz_tdef.c:1269: Warning: 
  accessing left-value that contains escaping addresses.
  assert ¬\dangling(&d->m_wants_to_finish);
[eva:alarm] miniz_tdef.c:1277: Warning: 
  accessing uninitialized left-value.
  assert \initialized(&d->m_wants_to_finish);
[eva:alarm] miniz_tdef.c:1277: Warning: 
  accessing left-value that contains escaping addresses.
  assert ¬\dangling(&d->m_wants_to_finish);
[eva:garbled-mix:write] miniz_tdef.c:1277: 
  Assigning imprecise value to d->m_wants_to_finish
  (pointing to __malloc_w_miniz_def_alloc_func_l169 with offsets {1024}).
  The imprecision originates from Misaligned
[eva:alarm] miniz_tdef.c:1279: Warning: 
  accessing left-value that contains escaping addresses.
  assert ¬\dangling(&d->m_output_flush_remaining);
[eva:alarm] miniz_tdef.c:1279: Warning: 
  accessing left-value that contains escaping addresses.
  assert ¬\dangling(&d->m_finished);
[eva:alarm] miniz_tdef.c:1229: Warning: 
  accessing left-value that contains escaping addresses.
  assert ¬\dangling(&d->m_pIn_buf_size);
[eva:alarm] miniz_tdef.c:1231: Warning: 
  accessing uninitialized left-value. assert \initialized(&d->m_pIn_buf_size);
[eva:alarm] miniz_tdef.c:1231: Warning: 
  accessing left-value that contains escaping addresses.
  assert ¬\dangling(&d->m_pIn_buf_size);
[eva:alarm] miniz_tdef.c:1231: Warning: 
  accessing left-value that contains escaping addresses.
  assert ¬\dangling(&d->m_pSrc);
[eva:alarm] miniz_tdef.c:1231: Warning: 
  accessing left-value that contains escaping addresses.
  assert ¬\dangling(&d->m_pIn_buf);
[eva:garbled-mix:write] miniz_tdef.c:1231: 
  Assigning imprecise value to *(d->m_pIn_buf_size) (pointing to in_bytes;
  __malloc_w_miniz_def_alloc_func_l169 with offsets [0..2554752]).
  The imprecision originates from Misaligned
[eva:alarm] miniz_tdef.c:1234: Warning: 
  accessing left-value that contains escaping addresses.
  assert ¬\dangling(&d->m_pOut_buf_size);
[eva:alarm] miniz_tdef.c:1236: Warning: 
  accessing uninitialized left-value. assert \initialized(&d->m_pOut_buf_size);
[eva:alarm] miniz_tdef.c:1236: Warning: 
  accessing left-value that contains escaping addresses.
  assert ¬\dangling(&d->m_pOut_buf_size);
[eva:alarm] miniz_tdef.c:1236: Warning: 
  accessing left-value that contains escaping addresses.
  assert ¬\dangling(&d->m_out_buf_ofs);
[eva:alarm] miniz_tdef.c:1236: Warning: 
  accessing left-value that contains escaping addresses.
  assert ¬\dangling(&d->m_output_flush_remaining);
[eva:alarm] miniz_tdef.c:1236: Warning: 
  accessing left-value that contains escaping addresses.
  assert ¬\dangling(d->m_pOut_buf_size);
[eva:alarm] miniz_tdef.c:1236: Warning: 
  accessing uninitialized left-value. assert \initialized(&d->m_pOut_buf_size);
[eva:alarm] miniz_tdef.c:1236: Warning: 
  accessing uninitialized left-value. assert \initialized(&d->m_out_buf_ofs);
[eva:alarm] miniz_tdef.c:1236: Warning: 
  accessing left-value that contains escaping addresses.
  assert ¬\dangling(&d->m_pOut_buf_size);
[eva:alarm] miniz_tdef.c:1236: Warning: 
  accessing left-value that contains escaping addresses.
  assert ¬\dangling(&d->m_out_buf_ofs);
[eva:alarm] miniz_tdef.c:1236: Warning: 
  out of bounds read. assert \valid_read(d->m_pOut_buf_size);
[eva:alarm] miniz_tdef.c:1236: Warning: 
  accessing left-value that contains escaping addresses.
  assert ¬\dangling(d->m_pOut_buf_size);
[eva:alarm] miniz_tdef.c:1236: Warning: 
  accessing uninitialized left-value.
  assert \initialized(&d->m_output_flush_remaining);
[eva:alarm] miniz_tdef.c:1236: Warning: 
  accessing left-value that contains escaping addresses.
  assert ¬\dangling(&d->m_output_flush_remaining);
[eva:alarm] miniz_tdef.c:1237: Warning: 
  accessing uninitialized left-value. assert \initialized(&d->m_out_buf_ofs);
[eva:alarm] miniz_tdef.c:1237: Warning: 
  accessing left-value that contains escaping addresses.
  assert ¬\dangling(&d->m_output_flush_ofs);
[eva:alarm] miniz_tdef.c:1237: Warning: 
  accessing left-value that contains escaping addresses.
  assert ¬\dangling(&d->m_pOut_buf);
[eva:alarm] miniz_tdef.c:1237: Warning: 
  accessing left-value that contains escaping addresses.
  assert ¬\dangling(&d->m_out_buf_ofs);
[eva:alarm] miniz_tdef.c:1237: Warning: 
  accessing uninitialized left-value. assert \initialized(&d->m_out_buf_ofs);
[eva:alarm] miniz_tdef.c:1237: Warning: 
  accessing left-value that contains escaping addresses.
  assert ¬\dangling(&d->m_out_buf_ofs);
[eva:alarm] miniz_tdef.c:1238: Warning: 
  accessing left-value that contains escaping addresses.
  assert ¬\dangling(&d->m_output_flush_ofs);
[eva:garbled-mix:write] miniz_tdef.c:1238: 
  Assigning imprecise value to d->m_output_flush_ofs
  (pointing to __malloc_w_miniz_def_alloc_func_l169 with offsets {896}).
  The imprecision originates from Misaligned
[eva:alarm] miniz_tdef.c:1239: Warning: 
  accessing left-value that contains escaping addresses.
  assert ¬\dangling(&d->m_output_flush_remaining);
[eva:garbled-mix:write] miniz_tdef.c:1239: 
  Assigning imprecise value to d->m_output_flush_remaining
  (pointing to __malloc_w_miniz_def_alloc_func_l169 with offsets {928}).
  The imprecision originates from Misaligned
[eva:alarm] miniz_tdef.c:1240: Warning: 
  accessing left-value that contains escaping addresses.
  assert ¬\dangling(&d->m_out_buf_ofs);
[eva:garbled-mix:write] miniz_tdef.c:1240: 
  Assigning imprecise value to d->m_out_buf_ofs
  (pointing to __malloc_w_miniz_def_alloc_func_l169 with offsets {1536}).
  The imprecision originates from Misaligned
[eva:alarm] miniz_tdef.c:1242: Warning: 
  accessing left-value that contains escaping addresses.
  assert ¬\dangling(&d->m_pOut_buf_size);
[eva:alarm] miniz_tdef.c:1242: Warning: 
  accessing uninitialized left-value. assert \initialized(&d->m_out_buf_ofs);
[eva:alarm] miniz_tdef.c:1242: Warning: 
  accessing left-value that contains escaping addresses.
  assert ¬\dangling(&d->m_out_buf_ofs);
[eva:garbled-mix:write] miniz_tdef.c:1242: 
  Assigning imprecise value to *(d->m_pOut_buf_size) (pointing to in_bytes;
  out_bytes; __malloc_main_l34 with offsets [0..147573952589676412864];
  __malloc_w_miniz_def_alloc_func_l169 with offsets [0..2554752]).
  The imprecision originates from Misaligned
[eva:alarm] miniz_tdef.c:1245: Warning: 
  accessing left-value that contains escaping addresses.
  assert ¬\dangling(&d->m_finished);
[eva:alarm] miniz_tdef.c:1245: Warning: 
  accessing left-value that contains escaping addresses.
  assert ¬\dangling(&d->m_output_flush_remaining);
[eva:alarm] miniz_tdef.c:1283: Warning: 
  accessing left-value that contains escaping addresses.
  assert ¬\dangling(&d->m_flags);
[eva:alarm] miniz_tdef.c:1284: Warning: 
  accessing uninitialized left-value. assert \initialized(&d->m_flags);
[eva:alarm] miniz_tdef.c:1284: Warning: 
  accessing left-value that contains escaping addresses.
  assert ¬\dangling(&d->m_flags);
[eva:alarm] miniz_tdef.c:1285: Warning: 
  accessing uninitialized left-value. assert \initialized(&d->m_flags);
[eva:alarm] miniz_tdef.c:1285: Warning: 
  accessing left-value that contains escaping addresses.
  assert ¬\dangling(&d->m_flags);
[eva:alarm] miniz_tdef.c:868: Warning: 
  accessing left-value that contains escaping addresses.
  assert ¬\dangling(&d->m_lookahead_pos);
[eva:alarm] miniz_tdef.c:868: Warning: 
  accessing left-value that contains escaping addresses.
  assert ¬\dangling(&d->m_lookahead_size);
[eva:alarm] miniz_tdef.c:868: Warning: 
  accessing left-value that contains escaping addresses.
  assert ¬\dangling(&d->m_dict_size);
[eva:alarm] miniz_tdef.c:868: Warning: 
  accessing left-value that contains escaping addresses.
  assert ¬\dangling(&d->m_total_lz_bytes);
[eva:alarm] miniz_tdef.c:868: Warning: 
  accessing left-value that contains escaping addresses.
  assert ¬\dangling(&d->m_num_flags_left);
[eva:alarm] miniz_tdef.c:869: Warning: 
  accessing left-value that contains escaping addresses.
  assert ¬\dangling(&d->m_pLZ_code_buf);
[eva:alarm] miniz_tdef.c:869: Warning: 
  accessing left-value that contains escaping addresses.
  assert ¬\dangling(&d->m_pLZ_flags);
[eva:alarm] miniz_tdef.c:872: Warning: 
  accessing left-value that contains escaping addresses.
  assert ¬\dangling(&d->m_src_buf_left);
[eva:alarm] miniz_tdef.c:872: Warning: 
  accessing left-value that contains escaping addresses.
  assert ¬\dangling(&d->m_flush);
[eva:alarm] miniz_tdef.c:876: Warning: 
  accessing uninitialized left-value. assert \initialized(&d->m_src_buf_left);
[eva:alarm] miniz_tdef.c:876: Warning: 
  accessing left-value that contains escaping addresses.
  assert ¬\dangling(&d->m_src_buf_left);
[eva:alarm] miniz_tdef.c:876: Warning: 
  accessing uninitialized left-value. assert \initialized(&d->m_src_buf_left);
[eva:alarm] miniz_tdef.c:876: Warning: 
  accessing left-value that contains escaping addresses.
  assert ¬\dangling(&d->m_src_buf_left);
[eva:garbled-mix:write] miniz_tdef.c:877: 
  Assigning imprecise value to d->m_src_buf_left
  (pointing to __malloc_w_miniz_def_alloc_func_l169 with offsets {1472}).
  The imprecision originates from Misaligned
[eva:alarm] miniz_tdef.c:877: Warning: 
  accessing uninitialized left-value. assert \initialized(&d->m_src_buf_left);
[eva:alarm] miniz_tdef.c:877: Warning: 
  accessing left-value that contains escaping addresses.
  assert ¬\dangling(&d->m_src_buf_left);
[eva:alarm] miniz_tdef.c:883: Warning: 
  accessing left-value that contains escaping addresses.
  assert ¬\dangling(&d->m_pSrc);
[eva:alarm] miniz_tdef.c:885: Warning: 
  accessing left-value that contains escaping addresses.
  assert ¬\dangling(&d->m_pSrc);
[eva:alarm] miniz_tdef.c:886: Warning: 
  accessing left-value that contains escaping addresses.
  assert ¬\dangling(&d->m_pSrc);
[eva:garbled-mix:write] miniz_tdef.c:886: 
  Assigning imprecise value to d->m_pSrc
  (pointing to __malloc_w_miniz_def_alloc_func_l169 with offsets {1408}).
  The imprecision originates from Misaligned
[eva:alarm] miniz_tdef.c:892: Warning: 
  accessing left-value that contains escaping addresses.
  assert ¬\dangling(&d->m_flush);
[eva:alarm] miniz_tdef.c:860: Warning: 
  accessing left-value that contains escaping addresses.
  assert ¬\dangling(&ret);
[eva:alarm] miniz_tdef.c:901: Warning: 
  accessing left-value that contains escaping addresses.
  assert ¬\dangling(&d->m_hash[hash]);
[eva:garbled-mix:write] miniz_tdef.c:902: 
  Assigning imprecise value to d->m_hash[hash]
  (pointing to in_bytes with offsets {0; 8; 16; 24; 32; 40; 48};
  out_bytes with offsets {0; 8; 16; 24; 32; 40; 48};
  __malloc_main_l34 with offsets [0..147573952589676412912];
  __malloc_w_miniz_def_alloc_func_l169 with offsets [0..2554800]).
  The imprecision originates from Misaligned
[eva:alarm] miniz_tdef.c:750: Warning: 
  accessing left-value that contains escaping addresses.
  assert ¬\dangling(&ret);
[eva:alarm] miniz_tdef.c:913: Warning: 
  accessing left-value that contains escaping addresses.
  assert ¬\dangling((mz_uint8 const *)p);
[eva:alarm] miniz_tdef.c:913: Warning: 
  accessing left-value that contains escaping addresses.
  assert ¬\dangling((mz_uint8 const *)q);
[eva:garbled-mix:write] miniz_tdef.c:920: 
  Assigning imprecise value to *tmp_11
  (pointing to __malloc_w_miniz_def_alloc_func_l169 with offsets [0..2554808]).
  The imprecision originates from Misaligned
[eva:alarm] miniz_tdef.c:921: Warning: 
  accessing left-value that contains escaping addresses.
  assert ¬\dangling(pLZ_flags);
[eva:garbled-mix:write] miniz_tdef.c:921: 
  Assigning imprecise value to *pLZ_flags
  (pointing to __malloc_w_miniz_def_alloc_func_l169 with offsets [0..2554808]).
  The imprecision originates from Misaligned
[eva:alarm] miniz_tdef.c:922: Warning: 
  accessing left-value that contains escaping addresses.
  assert ¬\dangling(&d->m_huff_count[0][(mz_uint8)first_trigram]);
[eva:garbled-mix:write] miniz_tdef.c:922: 
  Assigning imprecise value to d->m_huff_count[0][(mz_uint8)first_trigram]
  (pointing to in_bytes with offsets {0; 8; 16; 24; 32; 40; 48};
  out_bytes with offsets {0; 8; 16; 24; 32; 40; 48};
  __malloc_main_l34 with offsets [0..147573952589676412912];
  __malloc_w_miniz_def_alloc_func_l169 with offsets [0..2554800]).
  The imprecision originates from Misaligned
[eva:garbled-mix:write] miniz_tdef.c:933: 
  Assigning imprecise value to *(pLZ_code_buf + 0)
  (pointing to __malloc_w_miniz_def_alloc_func_l169 with offsets [0..2554808]).
  The imprecision originates from Misaligned
[eva:alarm] miniz_tdef.c:940: Warning: 
  accessing left-value that contains escaping addresses.
  assert ¬\dangling(pLZ_flags);
[eva:garbled-mix:write] miniz_tdef.c:940: 
  Assigning imprecise value to *pLZ_flags
  (pointing to __malloc_w_miniz_def_alloc_func_l169 with offsets [0..2554808]).
  The imprecision originates from Misaligned
[eva:alarm] miniz_tdef.c:942: Warning: 
  accessing left-value that contains escaping addresses.
  assert
  ¬\dangling(&s_tdefl_small_dist_sym[(unsigned int)(cur_match_dist & 511)]);
[eva:alarm] miniz_tdef.c:943: Warning: 
  accessing left-value that contains escaping addresses.
  assert ¬\dangling(&s_tdefl_large_dist_sym[(mz_uint)(cur_match_dist >> 8)]);
[eva:alarm] miniz_tdef.c:944: Warning: 
  accessing left-value that contains escaping addresses.
  assert ¬\dangling(&d->m_huff_count[1][tmp_13]);
  (tmp_13 from (cur_match_dist < 512)?s0:s1)
[eva:garbled-mix:write] miniz_tdef.c:944: 
  Assigning imprecise value to d->m_huff_count[1][tmp_13]
  (pointing to in_bytes with offsets {0; 8; 16; 24; 32; 40; 48};
  out_bytes with offsets {0; 8; 16; 24; 32; 40; 48};
  __malloc_main_l34 with offsets [0..147573952589676412912];
  __malloc_w_miniz_def_alloc_func_l169 with offsets [0..2554800]).
  The imprecision originates from Misaligned
[eva:alarm] miniz_tdef.c:946: Warning: 
  accessing left-value that contains escaping addresses.
  assert
  ¬\dangling(&s_tdefl_len_sym[(mz_uint)(cur_match_len - TDEFL_MIN_MATCH_LEN)]);
[eva:alarm] miniz_tdef.c:946: Warning: 
  accessing left-value that contains escaping addresses.
  assert
  ¬\dangling(&d->m_huff_count[0][s_tdefl_len_sym[(mz_uint)(cur_match_len -
                                                            TDEFL_MIN_MATCH_LEN)]]);
[eva:garbled-mix:write] miniz_tdef.c:946: 
  Assigning imprecise value to d->m_huff_count[0][s_tdefl_len_sym[cur_match_len - (mz_uint)TDEFL_MIN_MATCH_LEN]]
  (pointing to in_bytes with offsets {0; 8; 16; 24; 32; 40; 48};
  out_bytes with offsets {0; 8; 16; 24; 32; 40; 48};
  __malloc_main_l34 with offsets [0..147573952589676412912];
  __malloc_w_miniz_def_alloc_func_l169 with offsets [0..2554800]).
  The imprecision originates from Misaligned
[eva:garbled-mix:write] miniz_tdef.c:951: 
  Assigning imprecise value to *tmp_14
  (pointing to __malloc_w_miniz_def_alloc_func_l169 with offsets [0..2554808]).
  The imprecision originates from Misaligned
[eva:alarm] miniz_tdef.c:952: Warning: 
  accessing left-value that contains escaping addresses.
  assert ¬\dangling(pLZ_flags);
[eva:garbled-mix:write] miniz_tdef.c:952: 
  Assigning imprecise value to *pLZ_flags
  (pointing to __malloc_w_miniz_def_alloc_func_l169 with offsets [0..2554808]).
  The imprecision originates from Misaligned
[eva:alarm] miniz_tdef.c:953: Warning: 
  accessing left-value that contains escaping addresses.
  assert ¬\dangling(&d->m_huff_count[0][(mz_uint8)first_trigram]);
[eva:garbled-mix:write] miniz_tdef.c:953: 
  Assigning imprecise value to d->m_huff_count[0][(mz_uint8)first_trigram]
  (pointing to in_bytes with offsets {0; 8; 16; 24; 32; 40; 48};
  out_bytes with offsets {0; 8; 16; 24; 32; 40; 48};
  __malloc_main_l34 with offsets [0..147573952589676412912];
  __malloc_w_miniz_def_alloc_func_l169 with offsets [0..2554800]).
  The imprecision originates from Misaligned
[eva:garbled-mix:write] miniz_tdef.c:972: 
  Assigning imprecise value to d->m_lookahead_pos
  (pointing to __malloc_w_miniz_def_alloc_func_l169 with offsets {288}).
  The imprecision originates from Misaligned
[eva:garbled-mix:write] miniz_tdef.c:973: 
  Assigning imprecise value to d->m_lookahead_size
  (pointing to __malloc_w_miniz_def_alloc_func_l169 with offsets {320}).
  The imprecision originates from Misaligned
[eva:garbled-mix:write] miniz_tdef.c:974: 
  Assigning imprecise value to d->m_dict_size
  (pointing to __malloc_w_miniz_def_alloc_func_l169 with offsets {352}).
  The imprecision originates from Misaligned
[eva:garbled-mix:write] miniz_tdef.c:975: 
  Assigning imprecise value to d->m_total_lz_bytes
  (pointing to __malloc_w_miniz_def_alloc_func_l169 with offsets {672}).
  The imprecision originates from Misaligned
[eva:garbled-mix:write] miniz_tdef.c:976: 
  Assigning imprecise value to d->m_pLZ_code_buf
  (pointing to __malloc_w_miniz_def_alloc_func_l169 with offsets {384}).
  The imprecision originates from Misaligned
[eva:garbled-mix:write] miniz_tdef.c:977: 
  Assigning imprecise value to d->m_pLZ_flags
  (pointing to __malloc_w_miniz_def_alloc_func_l169 with offsets {448}).
  The imprecision originates from Misaligned
[eva:garbled-mix:write] miniz_tdef.c:978: 
  Assigning imprecise value to d->m_num_flags_left
  (pointing to __malloc_w_miniz_def_alloc_func_l169 with offsets {640}).
  The imprecision originates from Misaligned
[eva:alarm] miniz_tdef.c:608: Warning: 
  accessing left-value that contains escaping addresses.
  assert ¬\dangling(&d->m_flags);
[eva:alarm] miniz_tdef.c:608: Warning: 
  accessing left-value that contains escaping addresses.
  assert ¬\dangling(&d->m_lookahead_pos);
[eva:alarm] miniz_tdef.c:608: Warning: 
  accessing left-value that contains escaping addresses.
  assert ¬\dangling(&d->m_lz_code_buf_dict_pos);
[eva:alarm] miniz_tdef.c:608: Warning: 
  accessing left-value that contains escaping addresses.
  assert ¬\dangling(&d->m_dict_size);
[eva:alarm] miniz_tdef.c:609: Warning: 
  accessing left-value that contains escaping addresses.
  assert ¬\dangling(&d->m_pPut_buf_func);
[eva:alarm] miniz_tdef.c:609: Warning: 
  accessing left-value that contains escaping addresses.
  assert ¬\dangling(&d->m_pOut_buf_size);
[eva:alarm] miniz_tdef.c:609: Warning: 
  accessing left-value that contains escaping addresses.
  assert ¬\dangling(&d->m_out_buf_ofs);
[eva:alarm] miniz_tdef.c:609: Warning: 
  accessing left-value that contains escaping addresses.
  assert ¬\dangling(d->m_pOut_buf_size);
[eva:alarm] miniz_tdef.c:609: Warning: 
  accessing uninitialized left-value. assert \initialized(&d->m_out_buf_ofs);
[eva:alarm] miniz_tdef.c:609: Warning: 
  accessing left-value that contains escaping addresses.
  assert ¬\dangling(&d->m_pOut_buf);
[eva:alarm] miniz_tdef.c:609: Warning: 
  accessing left-value that contains escaping addresses.
  assert ¬\dangling(&d->m_out_buf_ofs);
[eva:garbled-mix:write] miniz_tdef.c:611: 
  Assigning imprecise value to d->m_pOutput_buf
  (pointing to __malloc_w_miniz_def_alloc_func_l169 with offsets {512}).
  The imprecision originates from Misaligned
[eva:garbled-mix:write] miniz_tdef.c:612: 
  Assigning imprecise value to d->m_pOutput_buf_end
  (pointing to __malloc_w_miniz_def_alloc_func_l169 with offsets {576}).
  The imprecision originates from Misaligned
[eva:alarm] miniz_tdef.c:614: Warning: 
  accessing left-value that contains escaping addresses.
  assert ¬\dangling(&d->m_output_flush_remaining);
[eva:alarm] miniz_tdef.c:618: Warning: 
  accessing left-value that contains escaping addresses.
  assert ¬\dangling(&d->m_pLZ_flags);
[eva:alarm] miniz_tdef.c:618: Warning: 
  accessing left-value that contains escaping addresses.
  assert ¬\dangling(&d->m_num_flags_left);
[eva:alarm] miniz_tdef.c:618: Warning: 
  accessing left-value that contains escaping addresses.
  assert ¬\dangling(d->m_pLZ_flags);
[eva:garbled-mix:write] miniz_tdef.c:618: 
  Assigning imprecise value to *(d->m_pLZ_flags)
  (pointing to in_bytes with offsets {0; 8; 16; 24; 32; 40; 48; 56};
  out_bytes with offsets {0; 8; 16; 24; 32; 40; 48; 56};
  __malloc_main_l34 with offsets [0..147573952589676412920];
  __malloc_w_miniz_def_alloc_func_l169 with offsets [0..2554808]).
  The imprecision originates from Misaligned
[eva:alarm] miniz_tdef.c:619: Warning: 
  accessing uninitialized left-value.
  assert \initialized(&d->m_num_flags_left);
[eva:alarm] miniz_tdef.c:619: Warning: 
  accessing left-value that contains escaping addresses.
  assert ¬\dangling(&d->m_pLZ_code_buf);
[eva:alarm] miniz_tdef.c:619: Warning: 
  accessing left-value that contains escaping addresses.
  assert ¬\dangling(&d->m_num_flags_left);
[eva:garbled-mix:write] miniz_tdef.c:619: 
  Assigning imprecise value to d->m_pLZ_code_buf
  (pointing to __malloc_w_miniz_def_alloc_func_l169 with offsets {384}).
  The imprecision originates from Misaligned
[eva:alarm] miniz_tdef.c:621: Warning: 
  accessing uninitialized left-value. assert \initialized(&d->m_flags);
[eva:alarm] miniz_tdef.c:621: Warning: 
  accessing left-value that contains escaping addresses.
  assert ¬\dangling(&d->m_flags);
[eva:alarm] miniz_tdef.c:621: Warning: 
  accessing left-value that contains escaping addresses.
  assert ¬\dangling(&d->m_block_index);
[eva:alarm] miniz_tdef.c:623: Warning: 
  accessing left-value that contains escaping addresses.
  assert ¬\dangling(&d->m_bit_buffer);
[eva:alarm] miniz_tdef.c:623: Warning: 
  accessing left-value that contains escaping addresses.
  assert ¬\dangling(&d->m_bits_in);
[eva:garbled-mix:write] miniz_tdef.c:623: 
  Assigning imprecise value to d->m_bit_buffer
  (pointing to __malloc_w_miniz_def_alloc_func_l169 with offsets {768}).
  The imprecision originates from Misaligned
[eva:alarm] miniz_tdef.c:623: Warning: 
  accessing uninitialized left-value. assert \initialized(&d->m_bits_in);
[eva:alarm] miniz_tdef.c:623: Warning: 
  accessing left-value that contains escaping addresses.
  assert ¬\dangling(&d->m_bits_in);
[eva:garbled-mix:write] miniz_tdef.c:623: 
  Assigning imprecise value to d->m_bits_in
  (pointing to __malloc_w_miniz_def_alloc_func_l169 with offsets {736}).
  The imprecision originates from Misaligned
[eva:alarm] miniz_tdef.c:623: Warning: 
  accessing uninitialized left-value. assert \initialized(&d->m_bits_in);
[eva:alarm] miniz_tdef.c:623: Warning: 
  accessing left-value that contains escaping addresses.
  assert ¬\dangling(&d->m_bits_in);
[eva:alarm] miniz_tdef.c:623: Warning: 
  accessing uninitialized left-value. assert \initialized(&d->m_pOutput_buf);
[eva:alarm] miniz_tdef.c:623: Warning: 
  accessing uninitialized left-value.
  assert \initialized(&d->m_pOutput_buf_end);
[eva:alarm] miniz_tdef.c:623: Warning: 
  accessing left-value that contains escaping addresses.
  assert ¬\dangling(&d->m_pOutput_buf);
[eva:alarm] miniz_tdef.c:623: Warning: 
  accessing left-value that contains escaping addresses.
  assert ¬\dangling(&d->m_pOutput_buf_end);
[eva:alarm] miniz_tdef.c:623: Warning: 
  accessing uninitialized left-value. assert \initialized(&d->m_pOutput_buf);
[eva:alarm] miniz_tdef.c:623: Warning: 
  accessing left-value that contains escaping addresses.
  assert ¬\dangling(&d->m_pOutput_buf);
[eva:garbled-mix:write] miniz_tdef.c:623: 
  Assigning imprecise value to d->m_pOutput_buf
  (pointing to __malloc_w_miniz_def_alloc_func_l169 with offsets {512}).
  The imprecision originates from Misaligned
[eva:alarm] miniz_tdef.c:623: Warning: 
  accessing uninitialized left-value. assert \initialized(&d->m_bit_buffer);
[eva:alarm] miniz_tdef.c:623: Warning: 
  accessing left-value that contains escaping addresses.
  assert ¬\dangling(&d->m_bit_buffer);
[eva:garbled-mix:write] miniz_tdef.c:623: 
  Assigning imprecise value to *tmp_1
  (pointing to in_bytes with offsets {0; 8; 16; 24; 32; 40; 48; 56};
  out_bytes with offsets {0; 8; 16; 24; 32; 40; 48; 56};
  __malloc_main_l34 with offsets [0..147573952589676412920];
  __malloc_w_miniz_def_alloc_func_l169 with offsets [0..2554808]).
  The imprecision originates from Misaligned
[eva:alarm] miniz_tdef.c:623: Warning: 
  accessing uninitialized left-value. assert \initialized(&d->m_bit_buffer);
[eva:alarm] miniz_tdef.c:623: Warning: 
  accessing left-value that contains escaping addresses.
  assert ¬\dangling(&d->m_bit_buffer);
[eva:garbled-mix:write] miniz_tdef.c:623: 
  Assigning imprecise value to d->m_bit_buffer
  (pointing to __malloc_w_miniz_def_alloc_func_l169 with offsets {768}).
  The imprecision originates from Misaligned
[eva:alarm] miniz_tdef.c:623: Warning: 
  accessing uninitialized left-value. assert \initialized(&d->m_bits_in);
[eva:alarm] miniz_tdef.c:623: Warning: 
  accessing left-value that contains escaping addresses.
  assert ¬\dangling(&d->m_bits_in);
[eva:garbled-mix:write] miniz_tdef.c:623: 
  Assigning imprecise value to d->m_bits_in
  (pointing to __malloc_w_miniz_def_alloc_func_l169 with offsets {736}).
  The imprecision originates from Misaligned
[eva:alarm] miniz_tdef.c:624: Warning: 
  accessing uninitialized left-value. assert \initialized(&d->m_bit_buffer);
[eva:alarm] miniz_tdef.c:624: Warning: 
  accessing uninitialized left-value. assert \initialized(&d->m_bits_in);
[eva:alarm] miniz_tdef.c:624: Warning: 
  accessing left-value that contains escaping addresses.
  assert ¬\dangling(&d->m_bit_buffer);
[eva:alarm] miniz_tdef.c:624: Warning: 
  accessing left-value that contains escaping addresses.
  assert ¬\dangling(&d->m_bits_in);
[eva:garbled-mix:write] miniz_tdef.c:624: 
  Assigning imprecise value to d->m_bit_buffer
  (pointing to __malloc_w_miniz_def_alloc_func_l169 with offsets {768}).
  The imprecision originates from Misaligned
[eva:alarm] miniz_tdef.c:624: Warning: 
  accessing uninitialized left-value. assert \initialized(&d->m_bits_in);
[eva:alarm] miniz_tdef.c:624: Warning: 
  accessing left-value that contains escaping addresses.
  assert ¬\dangling(&d->m_bits_in);
[eva:garbled-mix:write] miniz_tdef.c:624: 
  Assigning imprecise value to d->m_bits_in
  (pointing to __malloc_w_miniz_def_alloc_func_l169 with offsets {736}).
  The imprecision originates from Misaligned
[eva:alarm] miniz_tdef.c:624: Warning: 
  accessing uninitialized left-value. assert \initialized(&d->m_bits_in);
[eva:alarm] miniz_tdef.c:624: Warning: 
  accessing left-value that contains escaping addresses.
  assert ¬\dangling(&d->m_bits_in);
[eva:alarm] miniz_tdef.c:624: Warning: 
  accessing uninitialized left-value. assert \initialized(&d->m_pOutput_buf);
[eva:alarm] miniz_tdef.c:624: Warning: 
  accessing uninitialized left-value.
  assert \initialized(&d->m_pOutput_buf_end);
[eva:alarm] miniz_tdef.c:624: Warning: 
  accessing left-value that contains escaping addresses.
  assert ¬\dangling(&d->m_pOutput_buf);
[eva:alarm] miniz_tdef.c:624: Warning: 
  accessing left-value that contains escaping addresses.
  assert ¬\dangling(&d->m_pOutput_buf_end);
[eva:alarm] miniz_tdef.c:624: Warning: 
  accessing uninitialized left-value. assert \initialized(&d->m_pOutput_buf);
[eva:alarm] miniz_tdef.c:624: Warning: 
  accessing left-value that contains escaping addresses.
  assert ¬\dangling(&d->m_pOutput_buf);
[eva:garbled-mix:write] miniz_tdef.c:624: 
  Assigning imprecise value to d->m_pOutput_buf
  (pointing to __malloc_w_miniz_def_alloc_func_l169 with offsets {512}).
  The imprecision originates from Misaligned
[eva:alarm] miniz_tdef.c:624: Warning: 
  accessing uninitialized left-value. assert \initialized(&d->m_bit_buffer);
[eva:alarm] miniz_tdef.c:624: Warning: 
  accessing left-value that contains escaping addresses.
  assert ¬\dangling(&d->m_bit_buffer);
[eva:garbled-mix:write] miniz_tdef.c:624: 
  Assigning imprecise value to *tmp_2
  (pointing to in_bytes with offsets {0; 8; 16; 24; 32; 40; 48; 56};
  out_bytes with offsets {0; 8; 16; 24; 32; 40; 48; 56};
  __malloc_main_l34 with offsets [0..147573952589676412920];
  __malloc_w_miniz_def_alloc_func_l169 with offsets [0..2554808]).
  The imprecision originates from Misaligned
[eva:alarm] miniz_tdef.c:624: Warning: 
  accessing uninitialized left-value. assert \initialized(&d->m_bit_buffer);
[eva:alarm] miniz_tdef.c:624: Warning: 
  accessing left-value that contains escaping addresses.
  assert ¬\dangling(&d->m_bit_buffer);
[eva:garbled-mix:write] miniz_tdef.c:624: 
  Assigning imprecise value to d->m_bit_buffer
  (pointing to __malloc_w_miniz_def_alloc_func_l169 with offsets {768}).
  The imprecision originates from Misaligned
[eva:alarm] miniz_tdef.c:624: Warning: 
  accessing uninitialized left-value. assert \initialized(&d->m_bits_in);
[eva:alarm] miniz_tdef.c:624: Warning: 
  accessing left-value that contains escaping addresses.
  assert ¬\dangling(&d->m_bits_in);
[eva:garbled-mix:write] miniz_tdef.c:624: 
  Assigning imprecise value to d->m_bits_in
  (pointing to __malloc_w_miniz_def_alloc_func_l169 with offsets {736}).
  The imprecision originates from Misaligned
[eva:alarm] miniz_tdef.c:627: Warning: 
  accessing left-value that contains escaping addresses.
  assert ¬\dangling(&d->m_bit_buffer);
[eva:alarm] miniz_tdef.c:627: Warning: 
  accessing left-value that contains escaping addresses.
  assert ¬\dangling(&d->m_bits_in);
[eva:garbled-mix:write] miniz_tdef.c:627: 
  Assigning imprecise value to d->m_bit_buffer
  (pointing to __malloc_w_miniz_def_alloc_func_l169 with offsets {768}).
  The imprecision originates from Misaligned
[eva:alarm] miniz_tdef.c:627: Warning: 
  accessing uninitialized left-value. assert \initialized(&d->m_bits_in);
[eva:alarm] miniz_tdef.c:627: Warning: 
  accessing left-value that contains escaping addresses.
  assert ¬\dangling(&d->m_bits_in);
[eva:garbled-mix:write] miniz_tdef.c:627: 
  Assigning imprecise value to d->m_bits_in
  (pointing to __malloc_w_miniz_def_alloc_func_l169 with offsets {736}).
  The imprecision originates from Misaligned
[eva:alarm] miniz_tdef.c:627: Warning: 
  accessing uninitialized left-value. assert \initialized(&d->m_bits_in);
[eva:alarm] miniz_tdef.c:627: Warning: 
  accessing left-value that contains escaping addresses.
  assert ¬\dangling(&d->m_bits_in);
[eva:alarm] miniz_tdef.c:627: Warning: 
  accessing uninitialized left-value. assert \initialized(&d->m_pOutput_buf);
[eva:alarm] miniz_tdef.c:627: Warning: 
  accessing uninitialized left-value.
  assert \initialized(&d->m_pOutput_buf_end);
[eva:alarm] miniz_tdef.c:627: Warning: 
  accessing left-value that contains escaping addresses.
  assert ¬\dangling(&d->m_pOutput_buf);
[eva:alarm] miniz_tdef.c:627: Warning: 
  accessing left-value that contains escaping addresses.
  assert ¬\dangling(&d->m_pOutput_buf_end);
[eva:alarm] miniz_tdef.c:627: Warning: 
  accessing uninitialized left-value. assert \initialized(&d->m_pOutput_buf);
[eva:alarm] miniz_tdef.c:627: Warning: 
  accessing left-value that contains escaping addresses.
  assert ¬\dangling(&d->m_pOutput_buf);
[eva:garbled-mix:write] miniz_tdef.c:627: 
  Assigning imprecise value to d->m_pOutput_buf
  (pointing to __malloc_w_miniz_def_alloc_func_l169 with offsets {512}).
  The imprecision originates from Misaligned
[eva:alarm] miniz_tdef.c:627: Warning: 
  accessing uninitialized left-value. assert \initialized(&d->m_bit_buffer);
[eva:alarm] miniz_tdef.c:627: Warning: 
  accessing left-value that contains escaping addresses.
  assert ¬\dangling(&d->m_bit_buffer);
[eva:garbled-mix:write] miniz_tdef.c:627: 
  Assigning imprecise value to *tmp_3
  (pointing to in_bytes with offsets {0; 8; 16; 24; 32; 40; 48; 56};
  out_bytes with offsets {0; 8; 16; 24; 32; 40; 48; 56};
  __malloc_main_l34 with offsets [0..147573952589676412920];
  __malloc_w_miniz_def_alloc_func_l169 with offsets [0..2554808]).
  The imprecision originates from Misaligned
[eva:alarm] miniz_tdef.c:627: Warning: 
  accessing uninitialized left-value. assert \initialized(&d->m_bit_buffer);
[eva:alarm] miniz_tdef.c:627: Warning: 
  accessing left-value that contains escaping addresses.
  assert ¬\dangling(&d->m_bit_buffer);
[eva:garbled-mix:write] miniz_tdef.c:627: 
  Assigning imprecise value to d->m_bit_buffer
  (pointing to __malloc_w_miniz_def_alloc_func_l169 with offsets {768}).
  The imprecision originates from Misaligned
[eva:alarm] miniz_tdef.c:627: Warning: 
  accessing uninitialized left-value. assert \initialized(&d->m_bits_in);
[eva:alarm] miniz_tdef.c:627: Warning: 
  accessing left-value that contains escaping addresses.
  assert ¬\dangling(&d->m_bits_in);
[eva:garbled-mix:write] miniz_tdef.c:627: 
  Assigning imprecise value to d->m_bits_in
  (pointing to __malloc_w_miniz_def_alloc_func_l169 with offsets {736}).
  The imprecision originates from Misaligned
[eva:alarm] miniz_tdef.c:629: Warning: 
  accessing uninitialized left-value. assert \initialized(&d->m_pOutput_buf);
[eva:alarm] miniz_tdef.c:629: Warning: 
  accessing left-value that contains escaping addresses.
  assert ¬\dangling(&d->m_pOutput_buf);
[eva:alarm] miniz_tdef.c:630: Warning: 
  accessing uninitialized left-value. assert \initialized(&d->m_bit_buffer);
[eva:alarm] miniz_tdef.c:630: Warning: 
  accessing left-value that contains escaping addresses.
  assert ¬\dangling(&d->m_bit_buffer);
[eva:alarm] miniz_tdef.c:631: Warning: 
  accessing uninitialized left-value. assert \initialized(&d->m_bits_in);
[eva:alarm] miniz_tdef.c:631: Warning: 
  accessing left-value that contains escaping addresses.
  assert ¬\dangling(&d->m_bits_in);
[eva:alarm] miniz_tdef.c:634: Warning: 
  accessing uninitialized left-value. assert \initialized(&d->m_flags);
[eva:alarm] miniz_tdef.c:634: Warning: 
  accessing left-value that contains escaping addresses.
  assert ¬\dangling(&d->m_flags);
[eva:alarm] miniz_tdef.c:634: Warning: 
  accessing left-value that contains escaping addresses.
  assert ¬\dangling(&d->m_total_lz_bytes);
[eva:alarm] miniz_tdef.c:229: Warning: 
  accessing left-value that contains escaping addresses.
  assert ¬\dangling(&d->m_huff_code_sizes[table_num][i]);
[eva:alarm] miniz_tdef.c:229: Warning: 
  accessing left-value that contains escaping addresses.
  assert ¬\dangling(&num_codes[d->m_huff_code_sizes[table_num][i]]);
[eva:alarm] miniz_tdef.c:265: Warning: 
  accessing left-value that contains escaping addresses.
  assert ¬\dangling(&d->m_huff_code_sizes[table_num][i]);
[eva:alarm] miniz_tdef.c:267: Warning: 
  accessing left-value that contains escaping addresses.
  assert ¬\dangling(&next_code[code_size]);
[eva:garbled-mix:write] miniz_tdef.c:270: 
  Assigning imprecise value to d->m_huff_codes[table_num][i]
  (pointing to __malloc_w_miniz_def_alloc_func_l169 with offsets {279632}).
  The imprecision originates from Misaligned
[eva:garbled-mix:write] miniz_tdef.c:270: 
  Assigning imprecise value to d->m_huff_codes[table_num][i]
  (pointing to __malloc_w_miniz_def_alloc_func_l169 with offsets {279648}).
  The imprecision originates from Misaligned
[eva:garbled-mix:write] miniz_tdef.c:270: 
  Assigning imprecise value to d->m_huff_codes[table_num][i]
  (pointing to __malloc_w_miniz_def_alloc_func_l169 with offsets {279648;
                                                                  279664}).
  The imprecision originates from Misaligned
[eva:garbled-mix:write] miniz_tdef.c:270: 
  Assigning imprecise value to d->m_huff_codes[table_num][i]
  (pointing to __malloc_w_miniz_def_alloc_func_l169 with offsets {279648;
                                                                  279664;
                                                                  279680}).
  The imprecision originates from Misaligned
[eva:garbled-mix:write] miniz_tdef.c:270: 
  Assigning imprecise value to d->m_huff_codes[table_num][i]
  (pointing to __malloc_w_miniz_def_alloc_func_l169 with offsets {279648;
                                                                  279664;
                                                                  279680;
                                                                  279696}).
  The imprecision originates from Misaligned
[eva:garbled-mix:write] miniz_tdef.c:270: 
  Assigning imprecise value to d->m_huff_codes[table_num][i]
  (pointing to __malloc_w_miniz_def_alloc_func_l169 with offsets [279648..280144],0%16).
  The imprecision originates from Misaligned
[eva:garbled-mix:write] miniz_tdef.c:270: 
  Assigning imprecise value to d->m_huff_codes[table_num][i]
  (pointing to __malloc_w_miniz_def_alloc_func_l169 with offsets [279648..280160],0%16).
  The imprecision originates from Misaligned
[eva:garbled-mix:write] miniz_tdef.c:270: 
  Assigning imprecise value to d->m_huff_codes[table_num][i]
  (pointing to __malloc_w_miniz_def_alloc_func_l169 with offsets [279648..280176],0%16).
  The imprecision originates from Misaligned
[eva:garbled-mix:write] miniz_tdef.c:270: 
  Assigning imprecise value to d->m_huff_codes[table_num][i]
  (pointing to __malloc_w_miniz_def_alloc_func_l169 with offsets [279648..280192],0%16).
  The imprecision originates from Misaligned
[eva:garbled-mix:write] miniz_tdef.c:270: 
  Assigning imprecise value to d->m_huff_codes[table_num][i]
  (pointing to __malloc_w_miniz_def_alloc_func_l169 with offsets [279648..284224],0%16).
  The imprecision originates from Misaligned
[eva:garbled-mix:write] miniz_tdef.c:270: 
  Assigning imprecise value to d->m_huff_codes[table_num][i]
  (pointing to __malloc_w_miniz_def_alloc_func_l169 with offsets {284240}).
  The imprecision originates from Misaligned
[eva:garbled-mix:write] miniz_tdef.c:270: 
  Assigning imprecise value to d->m_huff_codes[table_num][i]
  (pointing to __malloc_w_miniz_def_alloc_func_l169 with offsets {284256}).
  The imprecision originates from Misaligned
[eva:garbled-mix:write] miniz_tdef.c:270: 
  Assigning imprecise value to d->m_huff_codes[table_num][i]
  (pointing to __malloc_w_miniz_def_alloc_func_l169 with offsets {284256;
                                                                  284272}).
  The imprecision originates from Misaligned
[eva:garbled-mix:write] miniz_tdef.c:270: 
  Assigning imprecise value to d->m_huff_codes[table_num][i]
  (pointing to __malloc_w_miniz_def_alloc_func_l169 with offsets {284256;
                                                                  284272;
                                                                  284288}).
  The imprecision originates from Misaligned
[eva:garbled-mix:write] miniz_tdef.c:270: 
  Assigning imprecise value to d->m_huff_codes[table_num][i]
  (pointing to __malloc_w_miniz_def_alloc_func_l169 with offsets {284256;
                                                                  284272;
                                                                  284288;
                                                                  284304}).
  The imprecision originates from Misaligned
[eva:garbled-mix:write] miniz_tdef.c:270: 
  Assigning imprecise value to d->m_huff_codes[table_num][i]
  (pointing to __malloc_w_miniz_def_alloc_func_l169 with offsets [284256..284736],0%16).
  The imprecision originates from Misaligned
[eva:alarm] miniz_tdef.c:446: Warning: 
  accessing uninitialized left-value. assert \initialized(&d->m_bit_buffer);
[eva:alarm] miniz_tdef.c:446: Warning: 
  accessing uninitialized left-value. assert \initialized(&d->m_bits_in);
[eva:alarm] miniz_tdef.c:446: Warning: 
  accessing left-value that contains escaping addresses.
  assert ¬\dangling(&d->m_bit_buffer);
[eva:alarm] miniz_tdef.c:446: Warning: 
  accessing left-value that contains escaping addresses.
  assert ¬\dangling(&d->m_bits_in);
[eva:garbled-mix:write] miniz_tdef.c:446: 
  Assigning imprecise value to d->m_bit_buffer
  (pointing to __malloc_w_miniz_def_alloc_func_l169 with offsets {768}).
  The imprecision originates from Misaligned
[eva:alarm] miniz_tdef.c:446: Warning: 
  accessing uninitialized left-value. assert \initialized(&d->m_bits_in);
[eva:alarm] miniz_tdef.c:446: Warning: 
  accessing left-value that contains escaping addresses.
  assert ¬\dangling(&d->m_bits_in);
[eva:garbled-mix:write] miniz_tdef.c:446: 
  Assigning imprecise value to d->m_bits_in
  (pointing to __malloc_w_miniz_def_alloc_func_l169 with offsets {736}).
  The imprecision originates from Misaligned
[eva:alarm] miniz_tdef.c:446: Warning: 
  accessing uninitialized left-value. assert \initialized(&d->m_bits_in);
[eva:alarm] miniz_tdef.c:446: Warning: 
  accessing left-value that contains escaping addresses.
  assert ¬\dangling(&d->m_bits_in);
[eva:alarm] miniz_tdef.c:446: Warning: 
  accessing uninitialized left-value. assert \initialized(&d->m_pOutput_buf);
[eva:alarm] miniz_tdef.c:446: Warning: 
  accessing uninitialized left-value.
  assert \initialized(&d->m_pOutput_buf_end);
[eva:alarm] miniz_tdef.c:446: Warning: 
  accessing left-value that contains escaping addresses.
  assert ¬\dangling(&d->m_pOutput_buf);
[eva:alarm] miniz_tdef.c:446: Warning: 
  accessing left-value that contains escaping addresses.
  assert ¬\dangling(&d->m_pOutput_buf_end);
[eva:alarm] miniz_tdef.c:446: Warning: 
  accessing uninitialized left-value. assert \initialized(&d->m_pOutput_buf);
[eva:alarm] miniz_tdef.c:446: Warning: 
  accessing left-value that contains escaping addresses.
  assert ¬\dangling(&d->m_pOutput_buf);
[eva:garbled-mix:write] miniz_tdef.c:446: 
  Assigning imprecise value to d->m_pOutput_buf
  (pointing to __malloc_w_miniz_def_alloc_func_l169 with offsets {512}).
  The imprecision originates from Misaligned
[eva:alarm] miniz_tdef.c:446: Warning: 
  accessing uninitialized left-value. assert \initialized(&d->m_bit_buffer);
[eva:alarm] miniz_tdef.c:446: Warning: 
  accessing left-value that contains escaping addresses.
  assert ¬\dangling(&d->m_bit_buffer);
[eva:garbled-mix:write] miniz_tdef.c:446: 
  Assigning imprecise value to *tmp_3
  (pointing to in_bytes with offsets {0; 8; 16; 24; 32; 40; 48; 56};
  out_bytes with offsets {0; 8; 16; 24; 32; 40; 48; 56};
  __malloc_main_l34 with offsets [0..147573952589676412920];
  __malloc_w_miniz_def_alloc_func_l169 with offsets [0..2554808]).
  The imprecision originates from Misaligned
[eva:alarm] miniz_tdef.c:446: Warning: 
  accessing uninitialized left-value. assert \initialized(&d->m_bit_buffer);
[eva:alarm] miniz_tdef.c:446: Warning: 
  accessing left-value that contains escaping addresses.
  assert ¬\dangling(&d->m_bit_buffer);
[eva:garbled-mix:write] miniz_tdef.c:446: 
  Assigning imprecise value to d->m_bit_buffer
  (pointing to __malloc_w_miniz_def_alloc_func_l169 with offsets {768}).
  The imprecision originates from Misaligned
[eva:alarm] miniz_tdef.c:446: Warning: 
  accessing uninitialized left-value. assert \initialized(&d->m_bits_in);
[eva:alarm] miniz_tdef.c:446: Warning: 
  accessing left-value that contains escaping addresses.
  assert ¬\dangling(&d->m_bits_in);
[eva:garbled-mix:write] miniz_tdef.c:446: 
  Assigning imprecise value to d->m_bits_in
  (pointing to __malloc_w_miniz_def_alloc_func_l169 with offsets {736}).
  The imprecision originates from Misaligned
[eva:alarm] miniz_tdef.c:456: Warning: 
  accessing left-value that contains escaping addresses.
  assert ¬\dangling(&d->m_pOutput_buf);
[eva:alarm] miniz_tdef.c:457: Warning: 
  accessing left-value that contains escaping addresses.
  assert ¬\dangling(&d->m_pLZ_code_buf);
[eva:alarm] miniz_tdef.c:458: Warning: 
  accessing uninitialized left-value. assert \initialized(&d->m_bit_buffer);
[eva:alarm] miniz_tdef.c:458: Warning: 
  accessing left-value that contains escaping addresses.
  assert ¬\dangling(&d->m_bit_buffer);
[eva:alarm] miniz_tdef.c:459: Warning: 
  accessing uninitialized left-value. assert \initialized(&d->m_bits_in);
[eva:alarm] miniz_tdef.c:459: Warning: 
  accessing left-value that contains escaping addresses.
  assert ¬\dangling(&d->m_bits_in);
[eva:alarm] miniz_tdef.c:471: Warning: 
  accessing left-value that contains escaping addresses.
  assert ¬\dangling(tmp);
  (tmp from pLZ_codes++)
[eva:alarm] miniz_tdef.c:476: Warning: 
  accessing left-value that contains escaping addresses.
  assert ¬\dangling(pLZ_codes + 0);
[eva:alarm] miniz_tdef.c:476: Warning: 
  accessing left-value that contains escaping addresses.
  assert ¬\dangling((mz_uint16 const *)(pLZ_codes + 1));
[eva:alarm] miniz_tdef.c:479: Warning: 
  accessing left-value that contains escaping addresses.
  assert ¬\dangling(&s_tdefl_len_sym[match_len]);
[eva:alarm] miniz_tdef.c:479: Warning: 
  accessing left-value that contains escaping addresses.
  assert ¬\dangling(&d->m_huff_code_sizes[0][s_tdefl_len_sym[match_len]]);
[eva:alarm] miniz_tdef.c:480: Warning: 
  accessing left-value that contains escaping addresses.
  assert ¬\dangling(&s_tdefl_len_sym[match_len]);
[eva:alarm] miniz_tdef.c:480: Warning: 
  accessing left-value that contains escaping addresses.
  assert ¬\dangling(&d->m_huff_codes[0][s_tdefl_len_sym[match_len]]);
[eva:alarm] miniz_tdef.c:480: Warning: 
  accessing left-value that contains escaping addresses.
  assert ¬\dangling(&s_tdefl_len_sym[match_len]);
[eva:alarm] miniz_tdef.c:480: Warning: 
  accessing left-value that contains escaping addresses.
  assert ¬\dangling(&d->m_huff_code_sizes[0][s_tdefl_len_sym[match_len]]);
[eva:alarm] miniz_tdef.c:481: Warning: 
  accessing left-value that contains escaping addresses.
  assert ¬\dangling(&s_tdefl_len_extra[match_len]);
[eva:alarm] miniz_tdef.c:481: Warning: 
  accessing left-value that contains escaping addresses.
  assert ¬\dangling(&mz_bitmasks[s_tdefl_len_extra[match_len]]);
[eva:alarm] miniz_tdef.c:481: Warning: 
  accessing left-value that contains escaping addresses.
  assert ¬\dangling(&s_tdefl_len_extra[match_len]);
[eva:alarm] miniz_tdef.c:484: Warning: 
  accessing left-value that contains escaping addresses.
  assert
  ¬\dangling(&s_tdefl_small_dist_sym[(unsigned int)(match_dist & 511)]);
[eva:alarm] miniz_tdef.c:485: Warning: 
  accessing left-value that contains escaping addresses.
  assert
  ¬\dangling(&s_tdefl_small_dist_extra[(unsigned int)(match_dist & 511)]);
[eva:alarm] miniz_tdef.c:486: Warning: 
  accessing left-value that contains escaping addresses.
  assert ¬\dangling(&s_tdefl_large_dist_sym[(mz_uint)(match_dist >> 8)]);
[eva:alarm] miniz_tdef.c:487: Warning: 
  accessing left-value that contains escaping addresses.
  assert ¬\dangling(&s_tdefl_large_dist_extra[(mz_uint)(match_dist >> 8)]);
[eva:alarm] miniz_tdef.c:491: Warning: 
  accessing left-value that contains escaping addresses.
  assert ¬\dangling(&d->m_huff_code_sizes[1][sym]);
[eva:alarm] miniz_tdef.c:492: Warning: 
  accessing left-value that contains escaping addresses.
  assert ¬\dangling(&d->m_huff_codes[1][sym]);
[eva:alarm] miniz_tdef.c:492: Warning: 
  accessing left-value that contains escaping addresses.
  assert ¬\dangling(&d->m_huff_code_sizes[1][sym]);
[eva:alarm] miniz_tdef.c:493: Warning: 
  accessing left-value that contains escaping addresses.
  assert ¬\dangling(&mz_bitmasks[num_extra_bits]);
[eva:alarm] miniz_tdef.c:497: Warning: 
  accessing left-value that contains escaping addresses.
  assert ¬\dangling(tmp_0);
  (tmp_0 from pLZ_codes++)
[eva:alarm] miniz_tdef.c:498: Warning: 
  accessing left-value that contains escaping addresses.
  assert ¬\dangling(&d->m_huff_code_sizes[0][lit]);
[eva:alarm] miniz_tdef.c:499: Warning: 
  accessing left-value that contains escaping addresses.
  assert ¬\dangling(&d->m_huff_codes[0][lit]);
[eva:alarm] miniz_tdef.c:499: Warning: 
  accessing left-value that contains escaping addresses.
  assert ¬\dangling(&d->m_huff_code_sizes[0][lit]);
[eva:alarm] miniz_tdef.c:504: Warning: 
  accessing left-value that contains escaping addresses.
  assert ¬\dangling(tmp_1);
  (tmp_1 from pLZ_codes++)
[eva:alarm] miniz_tdef.c:505: Warning: 
  accessing left-value that contains escaping addresses.
  assert ¬\dangling(&d->m_huff_code_sizes[0][lit]);
[eva:alarm] miniz_tdef.c:506: Warning: 
  accessing left-value that contains escaping addresses.
  assert ¬\dangling(&d->m_huff_codes[0][lit]);
[eva:alarm] miniz_tdef.c:506: Warning: 
  accessing left-value that contains escaping addresses.
  assert ¬\dangling(&d->m_huff_code_sizes[0][lit]);
[eva:alarm] miniz_tdef.c:511: Warning: 
  accessing left-value that contains escaping addresses.
  assert ¬\dangling(tmp_2);
  (tmp_2 from pLZ_codes++)
[eva:alarm] miniz_tdef.c:512: Warning: 
  accessing left-value that contains escaping addresses.
  assert ¬\dangling(&d->m_huff_code_sizes[0][lit]);
[eva:alarm] miniz_tdef.c:513: Warning: 
  accessing left-value that contains escaping addresses.
  assert ¬\dangling(&d->m_huff_codes[0][lit]);
[eva:alarm] miniz_tdef.c:513: Warning: 
  accessing left-value that contains escaping addresses.
  assert ¬\dangling(&d->m_huff_code_sizes[0][lit]);
[eva:alarm] miniz_tdef.c:518: Warning: 
  accessing left-value that contains escaping addresses.
  assert ¬\dangling(&d->m_pOutput_buf_end);
[eva:garbled-mix:write] miniz_tdef.c:521: 
  Assigning imprecise value to *((mz_uint64 *)pOutput_buf)
  (pointing to in_bytes; out_bytes;
  __malloc_main_l34 with offsets [0..147573952589676412864];
  __malloc_w_miniz_def_alloc_func_l169 with offsets [0..2554752]).
  The imprecision originates from Misaligned
[eva:garbled-mix:write] miniz_tdef.c:529: 
  Assigning imprecise value to d->m_pOutput_buf
  (pointing to __malloc_w_miniz_def_alloc_func_l169 with offsets {512}).
  The imprecision originates from Misaligned
[eva:alarm] miniz_tdef.c:536: Warning: 
  accessing left-value that contains escaping addresses.
  assert ¬\dangling(&mz_bitmasks[n]);
[eva:garbled-mix:write] miniz_tdef.c:536: 
  Assigning imprecise value to d->m_bit_buffer
  (pointing to __malloc_w_miniz_def_alloc_func_l169 with offsets {768}).
  The imprecision originates from Misaligned
[eva:garbled-mix:write] miniz_tdef.c:536: 
  Assigning imprecise value to d->m_bits_in
  (pointing to __malloc_w_miniz_def_alloc_func_l169 with offsets {736}).
  The imprecision originates from Misaligned
[eva:alarm] miniz_tdef.c:536: Warning: 
  accessing uninitialized left-value. assert \initialized(&d->m_bits_in);
[eva:alarm] miniz_tdef.c:536: Warning: 
  accessing left-value that contains escaping addresses.
  assert ¬\dangling(&d->m_bits_in);
[eva:alarm] miniz_tdef.c:536: Warning: 
  accessing left-value that contains escaping addresses.
  assert ¬\dangling(&d->m_pOutput_buf_end);
[eva:garbled-mix:write] miniz_tdef.c:536: 
  Assigning imprecise value to d->m_pOutput_buf
  (pointing to __malloc_w_miniz_def_alloc_func_l169 with offsets {512}).
  The imprecision originates from Misaligned
[eva:alarm] miniz_tdef.c:536: Warning: 
  accessing uninitialized left-value. assert \initialized(&d->m_bit_buffer);
[eva:alarm] miniz_tdef.c:536: Warning: 
  accessing left-value that contains escaping addresses.
  assert ¬\dangling(&d->m_bit_buffer);
[eva:garbled-mix:write] miniz_tdef.c:536: 
  Assigning imprecise value to *tmp_4
  (pointing to in_bytes with offsets {0; 8; 16; 24; 32; 40; 48; 56};
  out_bytes with offsets {0; 8; 16; 24; 32; 40; 48; 56};
  __malloc_main_l34 with offsets [0..147573952589676412920];
  __malloc_w_miniz_def_alloc_func_l169 with offsets [0..2554808]).
  The imprecision originates from Misaligned
[eva:alarm] miniz_tdef.c:536: Warning: 
  accessing uninitialized left-value. assert \initialized(&d->m_bit_buffer);
[eva:alarm] miniz_tdef.c:536: Warning: 
  accessing left-value that contains escaping addresses.
  assert ¬\dangling(&d->m_bit_buffer);
[eva:garbled-mix:write] miniz_tdef.c:536: 
  Assigning imprecise value to d->m_bit_buffer
  (pointing to __malloc_w_miniz_def_alloc_func_l169 with offsets {768}).
  The imprecision originates from Misaligned
[eva:alarm] miniz_tdef.c:536: Warning: 
  accessing uninitialized left-value. assert \initialized(&d->m_bits_in);
[eva:alarm] miniz_tdef.c:536: Warning: 
  accessing left-value that contains escaping addresses.
  assert ¬\dangling(&d->m_bits_in);
[eva:garbled-mix:write] miniz_tdef.c:536: 
  Assigning imprecise value to d->m_bits_in
  (pointing to __malloc_w_miniz_def_alloc_func_l169 with offsets {736}).
  The imprecision originates from Misaligned
[eva:alarm] miniz_tdef.c:536: Warning: 
  accessing uninitialized left-value. assert \initialized(&d->m_pOutput_buf);
[eva:alarm] miniz_tdef.c:536: Warning: 
  accessing left-value that contains escaping addresses.
  assert ¬\dangling(&d->m_pOutput_buf);
[eva:alarm] miniz_tdef.c:536: Warning: 
  accessing uninitialized left-value. assert \initialized(&d->m_pOutput_buf);
[eva:alarm] miniz_tdef.c:536: Warning: 
  accessing left-value that contains escaping addresses.
  assert ¬\dangling(&d->m_pOutput_buf);
[eva:alarm] miniz_tdef.c:536: Warning: 
  accessing uninitialized left-value. assert \initialized(&d->m_bit_buffer);
[eva:alarm] miniz_tdef.c:536: Warning: 
  accessing uninitialized left-value. assert \initialized(&d->m_bits_in);
[eva:alarm] miniz_tdef.c:536: Warning: 
  accessing left-value that contains escaping addresses.
  assert ¬\dangling(&d->m_bit_buffer);
[eva:alarm] miniz_tdef.c:536: Warning: 
  accessing left-value that contains escaping addresses.
  assert ¬\dangling(&d->m_bits_in);
[eva:alarm] miniz_tdef.c:536: Warning: 
  accessing uninitialized left-value. assert \initialized(&d->m_bits_in);
[eva:alarm] miniz_tdef.c:536: Warning: 
  accessing left-value that contains escaping addresses.
  assert ¬\dangling(&d->m_bits_in);
[eva:alarm] miniz_tdef.c:541: Warning: 
  accessing left-value that contains escaping addresses.
  assert ¬\dangling(&d->m_huff_codes[0][256]);
[eva:alarm] miniz_tdef.c:541: Warning: 
  accessing left-value that contains escaping addresses.
  assert ¬\dangling(&d->m_huff_code_sizes[0][256]);
[eva:garbled-mix:write] miniz_tdef.c:541: 
  Assigning imprecise value to d->m_bit_buffer
  (pointing to __malloc_w_miniz_def_alloc_func_l169 with offsets {768}).
  The imprecision originates from Misaligned
[eva:alarm] miniz_tdef.c:541: Warning: 
  accessing uninitialized left-value. assert \initialized(&d->m_bit_buffer);
[eva:alarm] miniz_tdef.c:541: Warning: 
  accessing uninitialized left-value. assert \initialized(&d->m_bits_in);
[eva:alarm] miniz_tdef.c:541: Warning: 
  accessing left-value that contains escaping addresses.
  assert ¬\dangling(&d->m_bit_buffer);
[eva:alarm] miniz_tdef.c:541: Warning: 
  accessing left-value that contains escaping addresses.
  assert ¬\dangling(&d->m_bits_in);
[eva:garbled-mix:write] miniz_tdef.c:541: 
  Assigning imprecise value to d->m_bits_in
  (pointing to __malloc_w_miniz_def_alloc_func_l169 with offsets {736}).
  The imprecision originates from Misaligned
[eva:alarm] miniz_tdef.c:541: Warning: 
  accessing uninitialized left-value. assert \initialized(&d->m_bits_in);
[eva:alarm] miniz_tdef.c:541: Warning: 
  accessing left-value that contains escaping addresses.
  assert ¬\dangling(&d->m_bits_in);
[eva:alarm] miniz_tdef.c:541: Warning: 
  accessing uninitialized left-value. assert \initialized(&d->m_bits_in);
[eva:alarm] miniz_tdef.c:541: Warning: 
  accessing left-value that contains escaping addresses.
  assert ¬\dangling(&d->m_bits_in);
[eva:alarm] miniz_tdef.c:541: Warning: 
  accessing uninitialized left-value. assert \initialized(&d->m_pOutput_buf);
[eva:alarm] miniz_tdef.c:541: Warning: 
  accessing left-value that contains escaping addresses.
  assert ¬\dangling(&d->m_pOutput_buf);
[eva:alarm] miniz_tdef.c:541: Warning: 
  accessing left-value that contains escaping addresses.
  assert ¬\dangling(&d->m_pOutput_buf_end);
[eva:alarm] miniz_tdef.c:541: Warning: 
  accessing uninitialized left-value. assert \initialized(&d->m_pOutput_buf);
[eva:alarm] miniz_tdef.c:541: Warning: 
  accessing left-value that contains escaping addresses.
  assert ¬\dangling(&d->m_pOutput_buf);
[eva:garbled-mix:write] miniz_tdef.c:541: 
  Assigning imprecise value to d->m_pOutput_buf
  (pointing to __malloc_w_miniz_def_alloc_func_l169 with offsets {512}).
  The imprecision originates from Misaligned
[eva:alarm] miniz_tdef.c:541: Warning: 
  accessing uninitialized left-value. assert \initialized(&d->m_bit_buffer);
[eva:alarm] miniz_tdef.c:541: Warning: 
  accessing left-value that contains escaping addresses.
  assert ¬\dangling(&d->m_bit_buffer);
[eva:garbled-mix:write] miniz_tdef.c:541: 
  Assigning imprecise value to *tmp_5
  (pointing to in_bytes with offsets {0; 8; 16; 24; 32; 40; 48; 56};
  out_bytes with offsets {0; 8; 16; 24; 32; 40; 48; 56};
  __malloc_main_l34 with offsets [0..147573952589676412920];
  __malloc_w_miniz_def_alloc_func_l169 with offsets [0..2554808]).
  The imprecision originates from Misaligned
[eva:alarm] miniz_tdef.c:541: Warning: 
  accessing uninitialized left-value. assert \initialized(&d->m_bit_buffer);
[eva:alarm] miniz_tdef.c:541: Warning: 
  accessing left-value that contains escaping addresses.
  assert ¬\dangling(&d->m_bit_buffer);
[eva:garbled-mix:write] miniz_tdef.c:541: 
  Assigning imprecise value to d->m_bit_buffer
  (pointing to __malloc_w_miniz_def_alloc_func_l169 with offsets {768}).
  The imprecision originates from Misaligned
[eva:alarm] miniz_tdef.c:541: Warning: 
  accessing uninitialized left-value. assert \initialized(&d->m_bits_in);
[eva:alarm] miniz_tdef.c:541: Warning: 
  accessing left-value that contains escaping addresses.
  assert ¬\dangling(&d->m_bits_in);
[eva:garbled-mix:write] miniz_tdef.c:541: 
  Assigning imprecise value to d->m_bits_in
  (pointing to __malloc_w_miniz_def_alloc_func_l169 with offsets {736}).
  The imprecision originates from Misaligned
[eva:alarm] miniz_tdef.c:543: Warning: 
  accessing uninitialized left-value. assert \initialized(&d->m_pOutput_buf);
[eva:alarm] miniz_tdef.c:543: Warning: 
  accessing left-value that contains escaping addresses.
  assert ¬\dangling(&d->m_pOutput_buf);
[eva:alarm] miniz_tdef.c:543: Warning: 
  accessing left-value that contains escaping addresses.
  assert ¬\dangling(&d->m_pOutput_buf_end);
[eva:alarm] miniz_tdef.c:237: Warning: 
  accessing left-value that contains escaping addresses.
  assert ¬\dangling(pSym_count + i);
[eva:alarm] miniz_tdef.c:239: Warning: 
  accessing left-value that contains escaping addresses.
  assert ¬\dangling(pSym_count + i);
[eva:alarm] miniz_tdef.c:111: Warning: 
  accessing left-value that contains escaping addresses.
  assert ¬\dangling(&hist[(unsigned int)(freq & 0xFF)]);
[eva:alarm] miniz_tdef.c:112: Warning: 
  accessing left-value that contains escaping addresses.
  assert
  ¬\dangling(&hist[(unsigned int)(256 +
                                   (unsigned int)((mz_uint)(freq >> 8) & 0xFF))]);
[eva:alarm] miniz_tdef.c:126: Warning: 
  accessing left-value that contains escaping addresses.
  assert
  ¬\dangling(&offsets[(int)((int)((int)(pCur_syms + i)->m_key >> pass_shift) &
                             0xFF)]);
[eva:garbled-mix:write] miniz_tdef.c:126: 
  Assigning imprecise value to *(pNew_syms + tmp)
  (pointing to in_bytes with offsets {0; 8; 16; 24; 32};
  out_bytes with offsets {0; 8; 16; 24; 32}; syms1 with offsets [0..9184],0%8;
  __malloc_main_l34 with offsets [0..147573952589676412896];
  __malloc_w_miniz_def_alloc_func_l169 with offsets [0..2554784]).
  The imprecision originates from Misaligned
[eva:garbled-mix:write] miniz_tdef.c:126: 
  Assigning imprecise value to *(pNew_syms + tmp)
  (pointing to in_bytes with offsets {0; 8; 16; 24; 32};
  out_bytes with offsets {0; 8; 16; 24; 32}; syms0 with offsets [0..9184],0%8;
  __malloc_main_l34 with offsets [0..147573952589676412896];
  __malloc_w_miniz_def_alloc_func_l169 with offsets [0..2554784]).
  The imprecision originates from Misaligned
[eva:alarm] miniz_tdef.c:169: Warning: 
  accessing left-value that contains escaping addresses.
  assert ¬\dangling(&(A + (A + next)->m_key)->m_key);
[eva:alarm] miniz_tdef.c:247: Warning: 
  accessing left-value that contains escaping addresses.
  assert ¬\dangling(&num_codes[(pSyms + i)->m_key]);
[eva:garbled-mix:write] miniz_tdef.c:270: 
  Assigning imprecise value to d->m_huff_codes[table_num][i]
  (pointing to __malloc_w_miniz_def_alloc_func_l169 with offsets {279648;
                                                                  279664;
                                                                  279680;
                                                                  279696;
                                                                  279712}).
  The imprecision originates from Misaligned
[eva:garbled-mix:write] miniz_tdef.c:270: 
  Assigning imprecise value to d->m_huff_codes[table_num][i]
  (pointing to __malloc_w_miniz_def_alloc_func_l169 with offsets {284256;
                                                                  284272;
                                                                  284288;
                                                                  284304;
                                                                  284320}).
  The imprecision originates from Misaligned
[eva:alarm] miniz_tdef.c:352: Warning: 
  accessing left-value that contains escaping addresses.
  assert ¬\dangling(&d->m_huff_code_sizes[0][(int)(num_lit_codes - 1)]);
[eva:alarm] miniz_tdef.c:355: Warning: 
  accessing uninitialized left-value.
  assert \initialized(&d->m_huff_code_sizes[1][(int)(num_dist_codes - 1)]);
[eva:alarm] miniz_tdef.c:355: Warning: 
  accessing left-value that contains escaping addresses.
  assert ¬\dangling(&d->m_huff_code_sizes[1][(int)(num_dist_codes - 1)]);
[eva:alarm] miniz_tdef.c:368: Warning: 
  accessing left-value that contains escaping addresses.
  assert ¬\dangling(&code_sizes_to_pack[i]);
[eva:alarm] miniz_tdef.c:383: Warning: 
  accessing left-value that contains escaping addresses.
  assert ¬\dangling(&d->m_huff_count[2][code_size]);
[eva:garbled-mix:write] miniz_tdef.c:383: 
  Assigning imprecise value to d->m_huff_count[2][code_size]
  (pointing to in_bytes with offsets {0; 8; 16; 24; 32; 40; 48};
  out_bytes with offsets {0; 8; 16; 24; 32; 40; 48};
  __malloc_main_l34 with offsets [0..147573952589676412912];
  __malloc_w_miniz_def_alloc_func_l169 with offsets [0..2554800]).
  The imprecision originates from Misaligned
[eva:alarm] miniz_tdef.c:371: Warning: 
  accessing left-value that contains escaping addresses.
  assert ¬\dangling(&d->m_huff_count[2][prev_code_size]);
[eva:garbled-mix:write] miniz_tdef.c:371: 
  Assigning imprecise value to d->m_huff_count[2][prev_code_size]
  (pointing to in_bytes with offsets {0; 8; 16; 24; 32; 40; 48};
  out_bytes with offsets {0; 8; 16; 24; 32; 40; 48};
  __malloc_main_l34 with offsets [0..147573952589676412912];
  __malloc_w_miniz_def_alloc_func_l169 with offsets [0..2554800]).
  The imprecision originates from Misaligned
[eva:alarm] miniz_tdef.c:379: Warning: 
  accessing uninitialized left-value.
  assert \initialized(&d->m_huff_count[2][0]);
[eva:alarm] miniz_tdef.c:379: Warning: 
  accessing left-value that contains escaping addresses.
  assert ¬\dangling(&d->m_huff_count[2][0]);
[eva:garbled-mix:write] miniz_tdef.c:379: 
  Assigning imprecise value to d->m_huff_count[2][0]
  (pointing to __malloc_w_miniz_def_alloc_func_l169 with offsets {275024}).
  The imprecision originates from Misaligned
[eva:alarm] miniz_tdef.c:382: Warning: 
  accessing left-value that contains escaping addresses.
  assert ¬\dangling(&d->m_huff_count[2][prev_code_size]);
[eva:garbled-mix:write] miniz_tdef.c:382: 
  Assigning imprecise value to d->m_huff_count[2][prev_code_size]
  (pointing to in_bytes with offsets {0; 8; 16; 24; 32; 40; 48};
  out_bytes with offsets {0; 8; 16; 24; 32; 40; 48};
  __malloc_main_l34 with offsets [0..147573952589676412912];
  __malloc_w_miniz_def_alloc_func_l169 with offsets [0..2554800]).
  The imprecision originates from Misaligned
[eva:alarm] miniz_tdef.c:371: Warning: 
  accessing uninitialized left-value.
  assert \initialized(&d->m_huff_count[2][16]);
[eva:alarm] miniz_tdef.c:371: Warning: 
  accessing left-value that contains escaping addresses.
  assert ¬\dangling(&d->m_huff_count[2][16]);
[eva:garbled-mix:write] miniz_tdef.c:371: 
  Assigning imprecise value to d->m_huff_count[2][16]
  (pointing to __malloc_w_miniz_def_alloc_func_l169 with offsets {275280}).
  The imprecision originates from Misaligned
[eva:alarm] miniz_tdef.c:379: Warning: 
  accessing uninitialized left-value.
  assert \initialized(&d->m_huff_count[2][17]);
[eva:alarm] miniz_tdef.c:379: Warning: 
  accessing left-value that contains escaping addresses.
  assert ¬\dangling(&d->m_huff_count[2][17]);
[eva:garbled-mix:write] miniz_tdef.c:379: 
  Assigning imprecise value to d->m_huff_count[2][17]
  (pointing to __malloc_w_miniz_def_alloc_func_l169 with offsets {275296}).
  The imprecision originates from Misaligned
[eva:alarm] miniz_tdef.c:382: Warning: 
  accessing uninitialized left-value.
  assert \initialized(&d->m_huff_count[2][16]);
[eva:alarm] miniz_tdef.c:382: Warning: 
  accessing left-value that contains escaping addresses.
  assert ¬\dangling(&d->m_huff_count[2][16]);
[eva:garbled-mix:write] miniz_tdef.c:382: 
  Assigning imprecise value to d->m_huff_count[2][16]
  (pointing to __malloc_w_miniz_def_alloc_func_l169 with offsets {275280}).
  The imprecision originates from Misaligned
[eva:alarm] miniz_tdef.c:388: Warning: 
  accessing uninitialized left-value.
  assert \initialized(&d->m_huff_count[2][16]);
[eva:alarm] miniz_tdef.c:388: Warning: 
  accessing left-value that contains escaping addresses.
  assert ¬\dangling(&d->m_huff_count[2][16]);
[eva:garbled-mix:write] miniz_tdef.c:388: 
  Assigning imprecise value to d->m_huff_count[2][16]
  (pointing to __malloc_w_miniz_def_alloc_func_l169 with offsets {275280}).
  The imprecision originates from Misaligned
[eva:alarm] miniz_tdef.c:379: Warning: 
  accessing uninitialized left-value.
  assert \initialized(&d->m_huff_count[2][18]);
[eva:alarm] miniz_tdef.c:379: Warning: 
  accessing left-value that contains escaping addresses.
  assert ¬\dangling(&d->m_huff_count[2][18]);
[eva:garbled-mix:write] miniz_tdef.c:379: 
  Assigning imprecise value to d->m_huff_count[2][18]
  (pointing to __malloc_w_miniz_def_alloc_func_l169 with offsets {275312}).
  The imprecision originates from Misaligned
[eva:alarm] miniz_tdef.c:374: Warning: 
  accessing uninitialized left-value.
  assert \initialized(&d->m_huff_count[2][18]);
[eva:alarm] miniz_tdef.c:374: Warning: 
  accessing left-value that contains escaping addresses.
  assert ¬\dangling(&d->m_huff_count[2][18]);
[eva:garbled-mix:write] miniz_tdef.c:374: 
  Assigning imprecise value to d->m_huff_count[2][18]
  (pointing to __malloc_w_miniz_def_alloc_func_l169 with offsets {275312}).
  The imprecision originates from Misaligned
[eva:alarm] miniz_tdef.c:395: Warning: 
  accessing left-value that contains escaping addresses.
  assert ¬\dangling(&d->m_huff_count[2][prev_code_size]);
[eva:garbled-mix:write] miniz_tdef.c:395: 
  Assigning imprecise value to d->m_huff_count[2][prev_code_size]
  (pointing to in_bytes with offsets {0; 8; 16; 24; 32; 40; 48};
  out_bytes with offsets {0; 8; 16; 24; 32; 40; 48};
  __malloc_main_l34 with offsets [0..147573952589676412912];
  __malloc_w_miniz_def_alloc_func_l169 with offsets [0..2554800]).
  The imprecision originates from Misaligned
[eva:alarm] miniz_tdef.c:395: Warning: 
  accessing uninitialized left-value.
  assert \initialized(&d->m_huff_count[2][16]);
[eva:alarm] miniz_tdef.c:395: Warning: 
  accessing left-value that contains escaping addresses.
  assert ¬\dangling(&d->m_huff_count[2][16]);
[eva:garbled-mix:write] miniz_tdef.c:395: 
  Assigning imprecise value to d->m_huff_count[2][16]
  (pointing to __malloc_w_miniz_def_alloc_func_l169 with offsets {275280}).
  The imprecision originates from Misaligned
[eva:alarm] miniz_tdef.c:399: Warning: 
  accessing uninitialized left-value.
  assert \initialized(&d->m_huff_count[2][0]);
[eva:alarm] miniz_tdef.c:399: Warning: 
  accessing left-value that contains escaping addresses.
  assert ¬\dangling(&d->m_huff_count[2][0]);
[eva:garbled-mix:write] miniz_tdef.c:399: 
  Assigning imprecise value to d->m_huff_count[2][0]
  (pointing to __malloc_w_miniz_def_alloc_func_l169 with offsets {275024}).
  The imprecision originates from Misaligned
[eva:alarm] miniz_tdef.c:399: Warning: 
  accessing uninitialized left-value.
  assert \initialized(&d->m_huff_count[2][17]);
[eva:alarm] miniz_tdef.c:399: Warning: 
  accessing left-value that contains escaping addresses.
  assert ¬\dangling(&d->m_huff_count[2][17]);
[eva:garbled-mix:write] miniz_tdef.c:399: 
  Assigning imprecise value to d->m_huff_count[2][17]
  (pointing to __malloc_w_miniz_def_alloc_func_l169 with offsets {275296}).
  The imprecision originates from Misaligned
[eva:alarm] miniz_tdef.c:399: Warning: 
  accessing uninitialized left-value.
  assert \initialized(&d->m_huff_count[2][18]);
[eva:alarm] miniz_tdef.c:399: Warning: 
  accessing left-value that contains escaping addresses.
  assert ¬\dangling(&d->m_huff_count[2][18]);
[eva:garbled-mix:write] miniz_tdef.c:399: 
  Assigning imprecise value to d->m_huff_count[2][18]
  (pointing to __malloc_w_miniz_def_alloc_func_l169 with offsets {275312}).
  The imprecision originates from Misaligned
[eva:garbled-mix:write] miniz_tdef.c:270: 
  Assigning imprecise value to d->m_huff_codes[table_num][i]
  (pointing to __malloc_w_miniz_def_alloc_func_l169 with offsets {288848}).
  The imprecision originates from Misaligned
[eva:garbled-mix:write] miniz_tdef.c:270: 
  Assigning imprecise value to d->m_huff_codes[table_num][i]
  (pointing to __malloc_w_miniz_def_alloc_func_l169 with offsets {288864}).
  The imprecision originates from Misaligned
[eva:garbled-mix:write] miniz_tdef.c:270: 
  Assigning imprecise value to d->m_huff_codes[table_num][i]
  (pointing to __malloc_w_miniz_def_alloc_func_l169 with offsets {288864;
                                                                  288880}).
  The imprecision originates from Misaligned
[eva:garbled-mix:write] miniz_tdef.c:270: 
  Assigning imprecise value to d->m_huff_codes[table_num][i]
  (pointing to __malloc_w_miniz_def_alloc_func_l169 with offsets {288864;
                                                                  288880;
                                                                  288896}).
  The imprecision originates from Misaligned
[eva:garbled-mix:write] miniz_tdef.c:270: 
  Assigning imprecise value to d->m_huff_codes[table_num][i]
  (pointing to __malloc_w_miniz_def_alloc_func_l169 with offsets {288864;
                                                                  288880;
                                                                  288896;
                                                                  288912}).
  The imprecision originates from Misaligned
[eva:garbled-mix:write] miniz_tdef.c:270: 
  Assigning imprecise value to d->m_huff_codes[table_num][i]
  (pointing to __malloc_w_miniz_def_alloc_func_l169 with offsets {288864;
                                                                  288880;
                                                                  288896;
                                                                  288912;
                                                                  288928}).
  The imprecision originates from Misaligned
[eva:garbled-mix:write] miniz_tdef.c:270: 
  Assigning imprecise value to d->m_huff_codes[table_num][i]
  (pointing to __malloc_w_miniz_def_alloc_func_l169 with offsets [288864..289136],0%16).
  The imprecision originates from Misaligned
[eva:alarm] miniz_tdef.c:404: Warning: 
  accessing left-value that contains escaping addresses.
  assert ¬\dangling(&d->m_bit_buffer);
[eva:alarm] miniz_tdef.c:404: Warning: 
  accessing left-value that contains escaping addresses.
  assert ¬\dangling(&d->m_bits_in);
[eva:garbled-mix:write] miniz_tdef.c:404: 
  Assigning imprecise value to d->m_bit_buffer
  (pointing to __malloc_w_miniz_def_alloc_func_l169 with offsets {768}).
  The imprecision originates from Misaligned
[eva:alarm] miniz_tdef.c:404: Warning: 
  accessing uninitialized left-value. assert \initialized(&d->m_bits_in);
[eva:alarm] miniz_tdef.c:404: Warning: 
  accessing left-value that contains escaping addresses.
  assert ¬\dangling(&d->m_bits_in);
[eva:garbled-mix:write] miniz_tdef.c:404: 
  Assigning imprecise value to d->m_bits_in
  (pointing to __malloc_w_miniz_def_alloc_func_l169 with offsets {736}).
  The imprecision originates from Misaligned
[eva:alarm] miniz_tdef.c:404: Warning: 
  accessing uninitialized left-value. assert \initialized(&d->m_bits_in);
[eva:alarm] miniz_tdef.c:404: Warning: 
  accessing left-value that contains escaping addresses.
  assert ¬\dangling(&d->m_bits_in);
[eva:alarm] miniz_tdef.c:404: Warning: 
  accessing left-value that contains escaping addresses.
  assert ¬\dangling(&d->m_pOutput_buf);
[eva:alarm] miniz_tdef.c:404: Warning: 
  accessing left-value that contains escaping addresses.
  assert ¬\dangling(&d->m_pOutput_buf_end);
[eva:alarm] miniz_tdef.c:404: Warning: 
  accessing uninitialized left-value. assert \initialized(&d->m_pOutput_buf);
[eva:alarm] miniz_tdef.c:404: Warning: 
  accessing left-value that contains escaping addresses.
  assert ¬\dangling(&d->m_pOutput_buf);
[eva:garbled-mix:write] miniz_tdef.c:404: 
  Assigning imprecise value to d->m_pOutput_buf
  (pointing to __malloc_w_miniz_def_alloc_func_l169 with offsets {512}).
  The imprecision originates from Misaligned
[eva:alarm] miniz_tdef.c:404: Warning: 
  accessing uninitialized left-value. assert \initialized(&d->m_bit_buffer);
[eva:alarm] miniz_tdef.c:404: Warning: 
  accessing left-value that contains escaping addresses.
  assert ¬\dangling(&d->m_bit_buffer);
[eva:garbled-mix:write] miniz_tdef.c:404: 
  Assigning imprecise value to *tmp_34
  (pointing to in_bytes with offsets {0; 8; 16; 24; 32; 40; 48; 56};
  out_bytes with offsets {0; 8; 16; 24; 32; 40; 48; 56};
  __malloc_main_l34 with offsets [0..147573952589676412920];
  __malloc_w_miniz_def_alloc_func_l169 with offsets [0..2554808]).
  The imprecision originates from Misaligned
[eva:alarm] miniz_tdef.c:404: Warning: 
  accessing uninitialized left-value. assert \initialized(&d->m_bit_buffer);
[eva:alarm] miniz_tdef.c:404: Warning: 
  accessing left-value that contains escaping addresses.
  assert ¬\dangling(&d->m_bit_buffer);
[eva:garbled-mix:write] miniz_tdef.c:404: 
  Assigning imprecise value to d->m_bit_buffer
  (pointing to __malloc_w_miniz_def_alloc_func_l169 with offsets {768}).
  The imprecision originates from Misaligned
[eva:alarm] miniz_tdef.c:404: Warning: 
  accessing uninitialized left-value. assert \initialized(&d->m_bits_in);
[eva:alarm] miniz_tdef.c:404: Warning: 
  accessing left-value that contains escaping addresses.
  assert ¬\dangling(&d->m_bits_in);
[eva:garbled-mix:write] miniz_tdef.c:404: 
  Assigning imprecise value to d->m_bits_in
  (pointing to __malloc_w_miniz_def_alloc_func_l169 with offsets {736}).
  The imprecision originates from Misaligned
[eva:alarm] miniz_tdef.c:406: Warning: 
  accessing uninitialized left-value. assert \initialized(&d->m_bit_buffer);
[eva:alarm] miniz_tdef.c:406: Warning: 
  accessing uninitialized left-value. assert \initialized(&d->m_bits_in);
[eva:alarm] miniz_tdef.c:406: Warning: 
  accessing left-value that contains escaping addresses.
  assert ¬\dangling(&d->m_bit_buffer);
[eva:alarm] miniz_tdef.c:406: Warning: 
  accessing left-value that contains escaping addresses.
  assert ¬\dangling(&d->m_bits_in);
[eva:garbled-mix:write] miniz_tdef.c:406: 
  Assigning imprecise value to d->m_bit_buffer
  (pointing to __malloc_w_miniz_def_alloc_func_l169 with offsets {768}).
  The imprecision originates from Misaligned
[eva:alarm] miniz_tdef.c:406: Warning: 
  accessing uninitialized left-value. assert \initialized(&d->m_bits_in);
[eva:alarm] miniz_tdef.c:406: Warning: 
  accessing left-value that contains escaping addresses.
  assert ¬\dangling(&d->m_bits_in);
[eva:garbled-mix:write] miniz_tdef.c:406: 
  Assigning imprecise value to d->m_bits_in
  (pointing to __malloc_w_miniz_def_alloc_func_l169 with offsets {736}).
  The imprecision originates from Misaligned
[eva:alarm] miniz_tdef.c:406: Warning: 
  accessing uninitialized left-value. assert \initialized(&d->m_bits_in);
[eva:alarm] miniz_tdef.c:406: Warning: 
  accessing left-value that contains escaping addresses.
  assert ¬\dangling(&d->m_bits_in);
[eva:alarm] miniz_tdef.c:406: Warning: 
  accessing left-value that contains escaping addresses.
  assert ¬\dangling(&d->m_pOutput_buf);
[eva:alarm] miniz_tdef.c:406: Warning: 
  accessing left-value that contains escaping addresses.
  assert ¬\dangling(&d->m_pOutput_buf_end);
[eva:alarm] miniz_tdef.c:406: Warning: 
  accessing uninitialized left-value. assert \initialized(&d->m_pOutput_buf);
[eva:alarm] miniz_tdef.c:406: Warning: 
  accessing left-value that contains escaping addresses.
  assert ¬\dangling(&d->m_pOutput_buf);
[eva:garbled-mix:write] miniz_tdef.c:406: 
  Assigning imprecise value to d->m_pOutput_buf
  (pointing to __malloc_w_miniz_def_alloc_func_l169 with offsets {512}).
  The imprecision originates from Misaligned
[eva:alarm] miniz_tdef.c:406: Warning: 
  accessing uninitialized left-value. assert \initialized(&d->m_bit_buffer);
[eva:alarm] miniz_tdef.c:406: Warning: 
  accessing left-value that contains escaping addresses.
  assert ¬\dangling(&d->m_bit_buffer);
[eva:garbled-mix:write] miniz_tdef.c:406: 
  Assigning imprecise value to *tmp_35
  (pointing to in_bytes with offsets {0; 8; 16; 24; 32; 40; 48; 56};
  out_bytes with offsets {0; 8; 16; 24; 32; 40; 48; 56};
  __malloc_main_l34 with offsets [0..147573952589676412920];
  __malloc_w_miniz_def_alloc_func_l169 with offsets [0..2554808]).
  The imprecision originates from Misaligned
[eva:alarm] miniz_tdef.c:406: Warning: 
  accessing uninitialized left-value. assert \initialized(&d->m_bit_buffer);
[eva:alarm] miniz_tdef.c:406: Warning: 
  accessing left-value that contains escaping addresses.
  assert ¬\dangling(&d->m_bit_buffer);
[eva:garbled-mix:write] miniz_tdef.c:406: 
  Assigning imprecise value to d->m_bit_buffer
  (pointing to __malloc_w_miniz_def_alloc_func_l169 with offsets {768}).
  The imprecision originates from Misaligned
[eva:alarm] miniz_tdef.c:406: Warning: 
  accessing uninitialized left-value. assert \initialized(&d->m_bits_in);
[eva:alarm] miniz_tdef.c:406: Warning: 
  accessing left-value that contains escaping addresses.
  assert ¬\dangling(&d->m_bits_in);
[eva:garbled-mix:write] miniz_tdef.c:406: 
  Assigning imprecise value to d->m_bits_in
  (pointing to __malloc_w_miniz_def_alloc_func_l169 with offsets {736}).
  The imprecision originates from Misaligned
[eva:alarm] miniz_tdef.c:407: Warning: 
  accessing uninitialized left-value. assert \initialized(&d->m_bit_buffer);
[eva:alarm] miniz_tdef.c:407: Warning: 
  accessing uninitialized left-value. assert \initialized(&d->m_bits_in);
[eva:alarm] miniz_tdef.c:407: Warning: 
  accessing left-value that contains escaping addresses.
  assert ¬\dangling(&d->m_bit_buffer);
[eva:alarm] miniz_tdef.c:407: Warning: 
  accessing left-value that contains escaping addresses.
  assert ¬\dangling(&d->m_bits_in);
[eva:garbled-mix:write] miniz_tdef.c:407: 
  Assigning imprecise value to d->m_bit_buffer
  (pointing to __malloc_w_miniz_def_alloc_func_l169 with offsets {768}).
  The imprecision originates from Misaligned
[eva:alarm] miniz_tdef.c:407: Warning: 
  accessing uninitialized left-value. assert \initialized(&d->m_bits_in);
[eva:alarm] miniz_tdef.c:407: Warning: 
  accessing left-value that contains escaping addresses.
  assert ¬\dangling(&d->m_bits_in);
[eva:garbled-mix:write] miniz_tdef.c:407: 
  Assigning imprecise value to d->m_bits_in
  (pointing to __malloc_w_miniz_def_alloc_func_l169 with offsets {736}).
  The imprecision originates from Misaligned
[eva:alarm] miniz_tdef.c:407: Warning: 
  accessing uninitialized left-value. assert \initialized(&d->m_bits_in);
[eva:alarm] miniz_tdef.c:407: Warning: 
  accessing left-value that contains escaping addresses.
  assert ¬\dangling(&d->m_bits_in);
[eva:alarm] miniz_tdef.c:407: Warning: 
  accessing left-value that contains escaping addresses.
  assert ¬\dangling(&d->m_pOutput_buf);
[eva:alarm] miniz_tdef.c:407: Warning: 
  accessing left-value that contains escaping addresses.
  assert ¬\dangling(&d->m_pOutput_buf_end);
[eva:alarm] miniz_tdef.c:407: Warning: 
  accessing uninitialized left-value. assert \initialized(&d->m_pOutput_buf);
[eva:alarm] miniz_tdef.c:407: Warning: 
  accessing left-value that contains escaping addresses.
  assert ¬\dangling(&d->m_pOutput_buf);
[eva:garbled-mix:write] miniz_tdef.c:407: 
  Assigning imprecise value to d->m_pOutput_buf
  (pointing to __malloc_w_miniz_def_alloc_func_l169 with offsets {512}).
  The imprecision originates from Misaligned
[eva:alarm] miniz_tdef.c:407: Warning: 
  accessing uninitialized left-value. assert \initialized(&d->m_bit_buffer);
[eva:alarm] miniz_tdef.c:407: Warning: 
  accessing left-value that contains escaping addresses.
  assert ¬\dangling(&d->m_bit_buffer);
[eva:garbled-mix:write] miniz_tdef.c:407: 
  Assigning imprecise value to *tmp_36
  (pointing to in_bytes with offsets {0; 8; 16; 24; 32; 40; 48; 56};
  out_bytes with offsets {0; 8; 16; 24; 32; 40; 48; 56};
  __malloc_main_l34 with offsets [0..147573952589676412920];
  __malloc_w_miniz_def_alloc_func_l169 with offsets [0..2554808]).
  The imprecision originates from Misaligned
[eva:alarm] miniz_tdef.c:407: Warning: 
  accessing uninitialized left-value. assert \initialized(&d->m_bit_buffer);
[eva:alarm] miniz_tdef.c:407: Warning: 
  accessing left-value that contains escaping addresses.
  assert ¬\dangling(&d->m_bit_buffer);
[eva:garbled-mix:write] miniz_tdef.c:407: 
  Assigning imprecise value to d->m_bit_buffer
  (pointing to __malloc_w_miniz_def_alloc_func_l169 with offsets {768}).
  The imprecision originates from Misaligned
[eva:alarm] miniz_tdef.c:407: Warning: 
  accessing uninitialized left-value. assert \initialized(&d->m_bits_in);
[eva:alarm] miniz_tdef.c:407: Warning: 
  accessing left-value that contains escaping addresses.
  assert ¬\dangling(&d->m_bits_in);
[eva:garbled-mix:write] miniz_tdef.c:407: 
  Assigning imprecise value to d->m_bits_in
  (pointing to __malloc_w_miniz_def_alloc_func_l169 with offsets {736}).
  The imprecision originates from Misaligned
[eva:alarm] miniz_tdef.c:410: Warning: 
  accessing uninitialized left-value.
  assert
  \initialized(&d->m_huff_code_sizes[2][s_tdefl_packed_code_size_syms_swizzle[num_bit_lengths]]);
[eva:alarm] miniz_tdef.c:410: Warning: 
  accessing left-value that contains escaping addresses.
  assert
  ¬\dangling(&d->m_huff_code_sizes[2][s_tdefl_packed_code_size_syms_swizzle[num_bit_lengths]]);
[eva:alarm] miniz_tdef.c:413: Warning: 
  accessing uninitialized left-value. assert \initialized(&d->m_bit_buffer);
[eva:alarm] miniz_tdef.c:413: Warning: 
  accessing uninitialized left-value. assert \initialized(&d->m_bits_in);
[eva:alarm] miniz_tdef.c:413: Warning: 
  accessing left-value that contains escaping addresses.
  assert ¬\dangling(&d->m_bit_buffer);
[eva:alarm] miniz_tdef.c:413: Warning: 
  accessing left-value that contains escaping addresses.
  assert ¬\dangling(&d->m_bits_in);
[eva:garbled-mix:write] miniz_tdef.c:413: 
  Assigning imprecise value to d->m_bit_buffer
  (pointing to __malloc_w_miniz_def_alloc_func_l169 with offsets {768}).
  The imprecision originates from Misaligned
[eva:alarm] miniz_tdef.c:413: Warning: 
  accessing uninitialized left-value. assert \initialized(&d->m_bits_in);
[eva:alarm] miniz_tdef.c:413: Warning: 
  accessing left-value that contains escaping addresses.
  assert ¬\dangling(&d->m_bits_in);
[eva:garbled-mix:write] miniz_tdef.c:413: 
  Assigning imprecise value to d->m_bits_in
  (pointing to __malloc_w_miniz_def_alloc_func_l169 with offsets {736}).
  The imprecision originates from Misaligned
[eva:alarm] miniz_tdef.c:413: Warning: 
  accessing uninitialized left-value. assert \initialized(&d->m_bits_in);
[eva:alarm] miniz_tdef.c:413: Warning: 
  accessing left-value that contains escaping addresses.
  assert ¬\dangling(&d->m_bits_in);
[eva:alarm] miniz_tdef.c:413: Warning: 
  accessing left-value that contains escaping addresses.
  assert ¬\dangling(&d->m_pOutput_buf);
[eva:alarm] miniz_tdef.c:413: Warning: 
  accessing left-value that contains escaping addresses.
  assert ¬\dangling(&d->m_pOutput_buf_end);
[eva:alarm] miniz_tdef.c:413: Warning: 
  accessing uninitialized left-value. assert \initialized(&d->m_pOutput_buf);
[eva:alarm] miniz_tdef.c:413: Warning: 
  accessing left-value that contains escaping addresses.
  assert ¬\dangling(&d->m_pOutput_buf);
[eva:garbled-mix:write] miniz_tdef.c:413: 
  Assigning imprecise value to d->m_pOutput_buf
  (pointing to __malloc_w_miniz_def_alloc_func_l169 with offsets {512}).
  The imprecision originates from Misaligned
[eva:alarm] miniz_tdef.c:413: Warning: 
  accessing uninitialized left-value. assert \initialized(&d->m_bit_buffer);
[eva:alarm] miniz_tdef.c:413: Warning: 
  accessing left-value that contains escaping addresses.
  assert ¬\dangling(&d->m_bit_buffer);
[eva:garbled-mix:write] miniz_tdef.c:413: 
  Assigning imprecise value to *tmp_37
  (pointing to in_bytes with offsets {0; 8; 16; 24; 32; 40; 48; 56};
  out_bytes with offsets {0; 8; 16; 24; 32; 40; 48; 56};
  __malloc_main_l34 with offsets [0..147573952589676412920];
  __malloc_w_miniz_def_alloc_func_l169 with offsets [0..2554808]).
  The imprecision originates from Misaligned
[eva:alarm] miniz_tdef.c:413: Warning: 
  accessing uninitialized left-value. assert \initialized(&d->m_bit_buffer);
[eva:alarm] miniz_tdef.c:413: Warning: 
  accessing left-value that contains escaping addresses.
  assert ¬\dangling(&d->m_bit_buffer);
[eva:garbled-mix:write] miniz_tdef.c:413: 
  Assigning imprecise value to d->m_bit_buffer
  (pointing to __malloc_w_miniz_def_alloc_func_l169 with offsets {768}).
  The imprecision originates from Misaligned
[eva:alarm] miniz_tdef.c:413: Warning: 
  accessing uninitialized left-value. assert \initialized(&d->m_bits_in);
[eva:alarm] miniz_tdef.c:413: Warning: 
  accessing left-value that contains escaping addresses.
  assert ¬\dangling(&d->m_bits_in);
[eva:garbled-mix:write] miniz_tdef.c:413: 
  Assigning imprecise value to d->m_bits_in
  (pointing to __malloc_w_miniz_def_alloc_func_l169 with offsets {736}).
  The imprecision originates from Misaligned
[eva:alarm] miniz_tdef.c:415: Warning: 
  accessing uninitialized left-value.
  assert
  \initialized(&d->m_huff_code_sizes[2][s_tdefl_packed_code_size_syms_swizzle[i]]);
[eva:alarm] miniz_tdef.c:415: Warning: 
  accessing left-value that contains escaping addresses.
  assert
  ¬\dangling(&d->m_huff_code_sizes[2][s_tdefl_packed_code_size_syms_swizzle[i]]);
[eva:alarm] miniz_tdef.c:415: Warning: 
  accessing uninitialized left-value. assert \initialized(&d->m_bit_buffer);
[eva:alarm] miniz_tdef.c:415: Warning: 
  accessing uninitialized left-value. assert \initialized(&d->m_bits_in);
[eva:alarm] miniz_tdef.c:415: Warning: 
  accessing left-value that contains escaping addresses.
  assert ¬\dangling(&d->m_bit_buffer);
[eva:alarm] miniz_tdef.c:415: Warning: 
  accessing left-value that contains escaping addresses.
  assert ¬\dangling(&d->m_bits_in);
[eva:garbled-mix:write] miniz_tdef.c:415: 
  Assigning imprecise value to d->m_bit_buffer
  (pointing to __malloc_w_miniz_def_alloc_func_l169 with offsets {768}).
  The imprecision originates from Misaligned
[eva:alarm] miniz_tdef.c:415: Warning: 
  accessing uninitialized left-value. assert \initialized(&d->m_bits_in);
[eva:alarm] miniz_tdef.c:415: Warning: 
  accessing left-value that contains escaping addresses.
  assert ¬\dangling(&d->m_bits_in);
[eva:garbled-mix:write] miniz_tdef.c:415: 
  Assigning imprecise value to d->m_bits_in
  (pointing to __malloc_w_miniz_def_alloc_func_l169 with offsets {736}).
  The imprecision originates from Misaligned
[eva:alarm] miniz_tdef.c:415: Warning: 
  accessing uninitialized left-value. assert \initialized(&d->m_bits_in);
[eva:alarm] miniz_tdef.c:415: Warning: 
  accessing left-value that contains escaping addresses.
  assert ¬\dangling(&d->m_bits_in);
[eva:alarm] miniz_tdef.c:415: Warning: 
  accessing left-value that contains escaping addresses.
  assert ¬\dangling(&d->m_pOutput_buf);
[eva:alarm] miniz_tdef.c:415: Warning: 
  accessing left-value that contains escaping addresses.
  assert ¬\dangling(&d->m_pOutput_buf_end);
[eva:alarm] miniz_tdef.c:415: Warning: 
  accessing uninitialized left-value. assert \initialized(&d->m_pOutput_buf);
[eva:alarm] miniz_tdef.c:415: Warning: 
  accessing left-value that contains escaping addresses.
  assert ¬\dangling(&d->m_pOutput_buf);
[eva:garbled-mix:write] miniz_tdef.c:415: 
  Assigning imprecise value to d->m_pOutput_buf
  (pointing to __malloc_w_miniz_def_alloc_func_l169 with offsets {512}).
  The imprecision originates from Misaligned
[eva:alarm] miniz_tdef.c:415: Warning: 
  accessing uninitialized left-value. assert \initialized(&d->m_bit_buffer);
[eva:alarm] miniz_tdef.c:415: Warning: 
  accessing left-value that contains escaping addresses.
  assert ¬\dangling(&d->m_bit_buffer);
[eva:garbled-mix:write] miniz_tdef.c:415: 
  Assigning imprecise value to *tmp_38
  (pointing to in_bytes with offsets {0; 8; 16; 24; 32; 40; 48; 56};
  out_bytes with offsets {0; 8; 16; 24; 32; 40; 48; 56};
  __malloc_main_l34 with offsets [0..147573952589676412920];
  __malloc_w_miniz_def_alloc_func_l169 with offsets [0..2554808]).
  The imprecision originates from Misaligned
[eva:alarm] miniz_tdef.c:415: Warning: 
  accessing uninitialized left-value. assert \initialized(&d->m_bit_buffer);
[eva:alarm] miniz_tdef.c:415: Warning: 
  accessing left-value that contains escaping addresses.
  assert ¬\dangling(&d->m_bit_buffer);
[eva:garbled-mix:write] miniz_tdef.c:415: 
  Assigning imprecise value to d->m_bit_buffer
  (pointing to __malloc_w_miniz_def_alloc_func_l169 with offsets {768}).
  The imprecision originates from Misaligned
[eva:alarm] miniz_tdef.c:415: Warning: 
  accessing uninitialized left-value. assert \initialized(&d->m_bits_in);
[eva:alarm] miniz_tdef.c:415: Warning: 
  accessing left-value that contains escaping addresses.
  assert ¬\dangling(&d->m_bits_in);
[eva:garbled-mix:write] miniz_tdef.c:415: 
  Assigning imprecise value to d->m_bits_in
  (pointing to __malloc_w_miniz_def_alloc_func_l169 with offsets {736}).
  The imprecision originates from Misaligned
[eva:alarm] miniz_tdef.c:421: Warning: 
  accessing left-value that contains escaping addresses.
  assert ¬\dangling(&d->m_huff_codes[2][code]);
[eva:alarm] miniz_tdef.c:421: Warning: 
  accessing left-value that contains escaping addresses.
  assert ¬\dangling(&d->m_huff_code_sizes[2][code]);
[eva:alarm] miniz_tdef.c:421: Warning: 
  accessing uninitialized left-value. assert \initialized(&d->m_bit_buffer);
[eva:alarm] miniz_tdef.c:421: Warning: 
  accessing uninitialized left-value. assert \initialized(&d->m_bits_in);
[eva:alarm] miniz_tdef.c:421: Warning: 
  accessing left-value that contains escaping addresses.
  assert ¬\dangling(&d->m_bit_buffer);
[eva:alarm] miniz_tdef.c:421: Warning: 
  accessing left-value that contains escaping addresses.
  assert ¬\dangling(&d->m_bits_in);
[eva:garbled-mix:write] miniz_tdef.c:421: 
  Assigning imprecise value to d->m_bit_buffer
  (pointing to __malloc_w_miniz_def_alloc_func_l169 with offsets {768}).
  The imprecision originates from Misaligned
[eva:alarm] miniz_tdef.c:421: Warning: 
  accessing uninitialized left-value. assert \initialized(&d->m_bits_in);
[eva:alarm] miniz_tdef.c:421: Warning: 
  accessing left-value that contains escaping addresses.
  assert ¬\dangling(&d->m_bits_in);
[eva:garbled-mix:write] miniz_tdef.c:421: 
  Assigning imprecise value to d->m_bits_in
  (pointing to __malloc_w_miniz_def_alloc_func_l169 with offsets {736}).
  The imprecision originates from Misaligned
[eva:alarm] miniz_tdef.c:421: Warning: 
  accessing uninitialized left-value. assert \initialized(&d->m_bits_in);
[eva:alarm] miniz_tdef.c:421: Warning: 
  accessing left-value that contains escaping addresses.
  assert ¬\dangling(&d->m_bits_in);
[eva:alarm] miniz_tdef.c:421: Warning: 
  accessing left-value that contains escaping addresses.
  assert ¬\dangling(&d->m_pOutput_buf);
[eva:alarm] miniz_tdef.c:421: Warning: 
  accessing left-value that contains escaping addresses.
  assert ¬\dangling(&d->m_pOutput_buf_end);
[eva:alarm] miniz_tdef.c:421: Warning: 
  accessing uninitialized left-value. assert \initialized(&d->m_pOutput_buf);
[eva:alarm] miniz_tdef.c:421: Warning: 
  accessing left-value that contains escaping addresses.
  assert ¬\dangling(&d->m_pOutput_buf);
[eva:garbled-mix:write] miniz_tdef.c:421: 
  Assigning imprecise value to d->m_pOutput_buf
  (pointing to __malloc_w_miniz_def_alloc_func_l169 with offsets {512}).
  The imprecision originates from Misaligned
[eva:alarm] miniz_tdef.c:421: Warning: 
  accessing uninitialized left-value. assert \initialized(&d->m_bit_buffer);
[eva:alarm] miniz_tdef.c:421: Warning: 
  accessing left-value that contains escaping addresses.
  assert ¬\dangling(&d->m_bit_buffer);
[eva:garbled-mix:write] miniz_tdef.c:421: 
  Assigning imprecise value to *tmp_40
  (pointing to in_bytes with offsets {0; 8; 16; 24; 32; 40; 48; 56};
  out_bytes with offsets {0; 8; 16; 24; 32; 40; 48; 56};
  __malloc_main_l34 with offsets [0..147573952589676412920];
  __malloc_w_miniz_def_alloc_func_l169 with offsets [0..2554808]).
  The imprecision originates from Misaligned
[eva:alarm] miniz_tdef.c:421: Warning: 
  accessing uninitialized left-value. assert \initialized(&d->m_bit_buffer);
[eva:alarm] miniz_tdef.c:421: Warning: 
  accessing left-value that contains escaping addresses.
  assert ¬\dangling(&d->m_bit_buffer);
[eva:garbled-mix:write] miniz_tdef.c:421: 
  Assigning imprecise value to d->m_bit_buffer
  (pointing to __malloc_w_miniz_def_alloc_func_l169 with offsets {768}).
  The imprecision originates from Misaligned
[eva:alarm] miniz_tdef.c:421: Warning: 
  accessing uninitialized left-value. assert \initialized(&d->m_bits_in);
[eva:alarm] miniz_tdef.c:421: Warning: 
  accessing left-value that contains escaping addresses.
  assert ¬\dangling(&d->m_bits_in);
[eva:garbled-mix:write] miniz_tdef.c:421: 
  Assigning imprecise value to d->m_bits_in
  (pointing to __malloc_w_miniz_def_alloc_func_l169 with offsets {736}).
  The imprecision originates from Misaligned
[eva:alarm] miniz_tdef.c:423: Warning: 
  accessing left-value that contains escaping addresses.
  assert ¬\dangling("\002\003\a" + (mz_uint)(code - 16));
[eva:alarm] miniz_tdef.c:423: Warning: 
  accessing uninitialized left-value. assert \initialized(&d->m_bit_buffer);
[eva:alarm] miniz_tdef.c:423: Warning: 
  accessing uninitialized left-value. assert \initialized(&d->m_bits_in);
[eva:alarm] miniz_tdef.c:423: Warning: 
  accessing left-value that contains escaping addresses.
  assert ¬\dangling(&d->m_bit_buffer);
[eva:alarm] miniz_tdef.c:423: Warning: 
  accessing left-value that contains escaping addresses.
  assert ¬\dangling(&d->m_bits_in);
[eva:garbled-mix:write] miniz_tdef.c:423: 
  Assigning imprecise value to d->m_bit_buffer
  (pointing to __malloc_w_miniz_def_alloc_func_l169 with offsets {768}).
  The imprecision originates from Misaligned
[eva:alarm] miniz_tdef.c:423: Warning: 
  accessing uninitialized left-value. assert \initialized(&d->m_bits_in);
[eva:alarm] miniz_tdef.c:423: Warning: 
  accessing left-value that contains escaping addresses.
  assert ¬\dangling(&d->m_bits_in);
[eva:garbled-mix:write] miniz_tdef.c:423: 
  Assigning imprecise value to d->m_bits_in
  (pointing to __malloc_w_miniz_def_alloc_func_l169 with offsets {736}).
  The imprecision originates from Misaligned
[eva:alarm] miniz_tdef.c:423: Warning: 
  accessing uninitialized left-value. assert \initialized(&d->m_bits_in);
[eva:alarm] miniz_tdef.c:423: Warning: 
  accessing left-value that contains escaping addresses.
  assert ¬\dangling(&d->m_bits_in);
[eva:alarm] miniz_tdef.c:423: Warning: 
  accessing left-value that contains escaping addresses.
  assert ¬\dangling(&d->m_pOutput_buf);
[eva:alarm] miniz_tdef.c:423: Warning: 
  accessing left-value that contains escaping addresses.
  assert ¬\dangling(&d->m_pOutput_buf_end);
[eva:alarm] miniz_tdef.c:423: Warning: 
  accessing uninitialized left-value. assert \initialized(&d->m_pOutput_buf);
[eva:alarm] miniz_tdef.c:423: Warning: 
  accessing left-value that contains escaping addresses.
  assert ¬\dangling(&d->m_pOutput_buf);
[eva:garbled-mix:write] miniz_tdef.c:423: 
  Assigning imprecise value to d->m_pOutput_buf
  (pointing to __malloc_w_miniz_def_alloc_func_l169 with offsets {512}).
  The imprecision originates from Misaligned
[eva:alarm] miniz_tdef.c:423: Warning: 
  accessing uninitialized left-value. assert \initialized(&d->m_bit_buffer);
[eva:alarm] miniz_tdef.c:423: Warning: 
  accessing left-value that contains escaping addresses.
  assert ¬\dangling(&d->m_bit_buffer);
[eva:garbled-mix:write] miniz_tdef.c:423: 
  Assigning imprecise value to *tmp_42
  (pointing to in_bytes with offsets {0; 8; 16; 24; 32; 40; 48; 56};
  out_bytes with offsets {0; 8; 16; 24; 32; 40; 48; 56};
  __malloc_main_l34 with offsets [0..147573952589676412920];
  __malloc_w_miniz_def_alloc_func_l169 with offsets [0..2554808]).
  The imprecision originates from Misaligned
[eva:alarm] miniz_tdef.c:423: Warning: 
  accessing uninitialized left-value. assert \initialized(&d->m_bit_buffer);
[eva:alarm] miniz_tdef.c:423: Warning: 
  accessing left-value that contains escaping addresses.
  assert ¬\dangling(&d->m_bit_buffer);
[eva:garbled-mix:write] miniz_tdef.c:423: 
  Assigning imprecise value to d->m_bit_buffer
  (pointing to __malloc_w_miniz_def_alloc_func_l169 with offsets {768}).
  The imprecision originates from Misaligned
[eva:alarm] miniz_tdef.c:423: Warning: 
  accessing uninitialized left-value. assert \initialized(&d->m_bits_in);
[eva:alarm] miniz_tdef.c:423: Warning: 
  accessing left-value that contains escaping addresses.
  assert ¬\dangling(&d->m_bits_in);
[eva:garbled-mix:write] miniz_tdef.c:423: 
  Assigning imprecise value to d->m_bits_in
  (pointing to __malloc_w_miniz_def_alloc_func_l169 with offsets {736}).
  The imprecision originates from Misaligned
[eva:alarm] miniz_tdef.c:637: Warning: 
  accessing left-value that contains escaping addresses.
  assert ¬\dangling(&d->m_total_lz_bytes);
[eva:alarm] miniz_tdef.c:637: Warning: 
  accessing uninitialized left-value. assert \initialized(&d->m_pOutput_buf);
[eva:alarm] miniz_tdef.c:637: Warning: 
  accessing uninitialized left-value.
  assert \initialized(&d->m_total_lz_bytes);
[eva:alarm] miniz_tdef.c:637: Warning: 
  accessing left-value that contains escaping addresses.
  assert ¬\dangling(&d->m_pOutput_buf);
[eva:alarm] miniz_tdef.c:637: Warning: 
  accessing left-value that contains escaping addresses.
  assert ¬\dangling(&d->m_total_lz_bytes);
[eva:alarm] miniz_tdef.c:638: Warning: 
  accessing left-value that contains escaping addresses.
  assert ¬\dangling(&d->m_lookahead_pos);
[eva:alarm] miniz_tdef.c:638: Warning: 
  accessing left-value that contains escaping addresses.
  assert ¬\dangling(&d->m_lz_code_buf_dict_pos);
[eva:alarm] miniz_tdef.c:638: Warning: 
  accessing left-value that contains escaping addresses.
  assert ¬\dangling(&d->m_dict_size);
[eva:garbled-mix:write] miniz_tdef.c:641: 
  Assigning imprecise value to d->m_pOutput_buf
  (pointing to __malloc_w_miniz_def_alloc_func_l169 with offsets {512}).
  The imprecision originates from Misaligned
[eva:garbled-mix:write] miniz_tdef.c:642: 
  Assigning imprecise value to d->m_bit_buffer
  (pointing to __malloc_w_miniz_def_alloc_func_l169 with offsets {768}).
  The imprecision originates from Misaligned
[eva:garbled-mix:write] miniz_tdef.c:642: 
  Assigning imprecise value to d->m_bits_in
  (pointing to __malloc_w_miniz_def_alloc_func_l169 with offsets {736}).
  The imprecision originates from Misaligned
[eva:garbled-mix:write] miniz_tdef.c:643: 
  Assigning imprecise value to d->m_bit_buffer
  (pointing to __malloc_w_miniz_def_alloc_func_l169 with offsets {768}).
  The imprecision originates from Misaligned
[eva:garbled-mix:write] miniz_tdef.c:643: 
  Assigning imprecise value to d->m_bits_in
  (pointing to __malloc_w_miniz_def_alloc_func_l169 with offsets {736}).
  The imprecision originates from Misaligned
[eva:alarm] miniz_tdef.c:643: Warning: 
  accessing uninitialized left-value. assert \initialized(&d->m_bits_in);
[eva:alarm] miniz_tdef.c:643: Warning: 
  accessing left-value that contains escaping addresses.
  assert ¬\dangling(&d->m_bits_in);
[eva:alarm] miniz_tdef.c:643: Warning: 
  accessing uninitialized left-value.
  assert \initialized(&d->m_pOutput_buf_end);
[eva:alarm] miniz_tdef.c:643: Warning: 
  accessing left-value that contains escaping addresses.
  assert ¬\dangling(&d->m_pOutput_buf_end);
[eva:garbled-mix:write] miniz_tdef.c:643: 
  Assigning imprecise value to d->m_pOutput_buf
  (pointing to __malloc_w_miniz_def_alloc_func_l169 with offsets {512}).
  The imprecision originates from Misaligned
[eva:alarm] miniz_tdef.c:643: Warning: 
  accessing uninitialized left-value. assert \initialized(&d->m_bit_buffer);
[eva:alarm] miniz_tdef.c:643: Warning: 
  accessing left-value that contains escaping addresses.
  assert ¬\dangling(&d->m_bit_buffer);
[eva:garbled-mix:write] miniz_tdef.c:643: 
  Assigning imprecise value to *tmp_5
  (pointing to in_bytes with offsets {0; 8; 16; 24; 32; 40; 48; 56};
  out_bytes with offsets {0; 8; 16; 24; 32; 40; 48; 56};
  __malloc_main_l34 with offsets [0..147573952589676412920];
  __malloc_w_miniz_def_alloc_func_l169 with offsets [0..2554808]).
  The imprecision originates from Misaligned
[eva:alarm] miniz_tdef.c:643: Warning: 
  accessing uninitialized left-value. assert \initialized(&d->m_bit_buffer);
[eva:alarm] miniz_tdef.c:643: Warning: 
  accessing left-value that contains escaping addresses.
  assert ¬\dangling(&d->m_bit_buffer);
[eva:garbled-mix:write] miniz_tdef.c:643: 
  Assigning imprecise value to d->m_bit_buffer
  (pointing to __malloc_w_miniz_def_alloc_func_l169 with offsets {768}).
  The imprecision originates from Misaligned
[eva:alarm] miniz_tdef.c:643: Warning: 
  accessing uninitialized left-value. assert \initialized(&d->m_bits_in);
[eva:alarm] miniz_tdef.c:643: Warning: 
  accessing left-value that contains escaping addresses.
  assert ¬\dangling(&d->m_bits_in);
[eva:garbled-mix:write] miniz_tdef.c:643: 
  Assigning imprecise value to d->m_bits_in
  (pointing to __malloc_w_miniz_def_alloc_func_l169 with offsets {736}).
  The imprecision originates from Misaligned
[eva:alarm] miniz_tdef.c:643: Warning: 
  accessing uninitialized left-value. assert \initialized(&d->m_pOutput_buf);
[eva:alarm] miniz_tdef.c:643: Warning: 
  accessing left-value that contains escaping addresses.
  assert ¬\dangling(&d->m_pOutput_buf);
[eva:alarm] miniz_tdef.c:643: Warning: 
  accessing uninitialized left-value. assert \initialized(&d->m_pOutput_buf);
[eva:alarm] miniz_tdef.c:643: Warning: 
  accessing left-value that contains escaping addresses.
  assert ¬\dangling(&d->m_pOutput_buf);
[eva:alarm] miniz_tdef.c:644: Warning: 
  accessing uninitialized left-value. assert \initialized(&d->m_bits_in);
[eva:alarm] miniz_tdef.c:644: Warning: 
  accessing left-value that contains escaping addresses.
  assert ¬\dangling(&d->m_bits_in);
[eva:alarm] miniz_tdef.c:646: Warning: 
  accessing uninitialized left-value. assert \initialized(&d->m_bits_in);
[eva:alarm] miniz_tdef.c:646: Warning: 
  accessing left-value that contains escaping addresses.
  assert ¬\dangling(&d->m_bits_in);
[eva:alarm] miniz_tdef.c:646: Warning: 
  accessing uninitialized left-value. assert \initialized(&d->m_bit_buffer);
[eva:alarm] miniz_tdef.c:646: Warning: 
  accessing uninitialized left-value. assert \initialized(&d->m_bits_in);
[eva:alarm] miniz_tdef.c:646: Warning: 
  accessing left-value that contains escaping addresses.
  assert ¬\dangling(&d->m_bit_buffer);
[eva:alarm] miniz_tdef.c:646: Warning: 
  accessing left-value that contains escaping addresses.
  assert ¬\dangling(&d->m_bits_in);
[eva:garbled-mix:write] miniz_tdef.c:646: 
  Assigning imprecise value to d->m_bit_buffer
  (pointing to __malloc_w_miniz_def_alloc_func_l169 with offsets {768}).
  The imprecision originates from Misaligned
[eva:alarm] miniz_tdef.c:646: Warning: 
  accessing uninitialized left-value. assert \initialized(&d->m_bits_in);
[eva:alarm] miniz_tdef.c:646: Warning: 
  accessing left-value that contains escaping addresses.
  assert ¬\dangling(&d->m_bits_in);
[eva:garbled-mix:write] miniz_tdef.c:646: 
  Assigning imprecise value to d->m_bits_in
  (pointing to __malloc_w_miniz_def_alloc_func_l169 with offsets {736}).
  The imprecision originates from Misaligned
[eva:alarm] miniz_tdef.c:646: Warning: 
  accessing uninitialized left-value. assert \initialized(&d->m_bits_in);
[eva:alarm] miniz_tdef.c:646: Warning: 
  accessing left-value that contains escaping addresses.
  assert ¬\dangling(&d->m_bits_in);
[eva:alarm] miniz_tdef.c:646: Warning: 
  accessing uninitialized left-value. assert \initialized(&d->m_pOutput_buf);
[eva:alarm] miniz_tdef.c:646: Warning: 
  accessing uninitialized left-value.
  assert \initialized(&d->m_pOutput_buf_end);
[eva:alarm] miniz_tdef.c:646: Warning: 
  accessing left-value that contains escaping addresses.
  assert ¬\dangling(&d->m_pOutput_buf);
[eva:alarm] miniz_tdef.c:646: Warning: 
  accessing left-value that contains escaping addresses.
  assert ¬\dangling(&d->m_pOutput_buf_end);
[eva:alarm] miniz_tdef.c:646: Warning: 
  accessing uninitialized left-value. assert \initialized(&d->m_pOutput_buf);
[eva:alarm] miniz_tdef.c:646: Warning: 
  accessing left-value that contains escaping addresses.
  assert ¬\dangling(&d->m_pOutput_buf);
[eva:garbled-mix:write] miniz_tdef.c:646: 
  Assigning imprecise value to d->m_pOutput_buf
  (pointing to __malloc_w_miniz_def_alloc_func_l169 with offsets {512}).
  The imprecision originates from Misaligned
[eva:alarm] miniz_tdef.c:646: Warning: 
  accessing uninitialized left-value. assert \initialized(&d->m_bit_buffer);
[eva:alarm] miniz_tdef.c:646: Warning: 
  accessing left-value that contains escaping addresses.
  assert ¬\dangling(&d->m_bit_buffer);
[eva:garbled-mix:write] miniz_tdef.c:646: 
  Assigning imprecise value to *tmp_6
  (pointing to in_bytes with offsets {0; 8; 16; 24; 32; 40; 48; 56};
  out_bytes with offsets {0; 8; 16; 24; 32; 40; 48; 56};
  __malloc_main_l34 with offsets [0..147573952589676412920];
  __malloc_w_miniz_def_alloc_func_l169 with offsets [0..2554808]).
  The imprecision originates from Misaligned
[eva:alarm] miniz_tdef.c:646: Warning: 
  accessing uninitialized left-value. assert \initialized(&d->m_bit_buffer);
[eva:alarm] miniz_tdef.c:646: Warning: 
  accessing left-value that contains escaping addresses.
  assert ¬\dangling(&d->m_bit_buffer);
[eva:garbled-mix:write] miniz_tdef.c:646: 
  Assigning imprecise value to d->m_bit_buffer
  (pointing to __malloc_w_miniz_def_alloc_func_l169 with offsets {768}).
  The imprecision originates from Misaligned
[eva:alarm] miniz_tdef.c:646: Warning: 
  accessing uninitialized left-value. assert \initialized(&d->m_bits_in);
[eva:alarm] miniz_tdef.c:646: Warning: 
  accessing left-value that contains escaping addresses.
  assert ¬\dangling(&d->m_bits_in);
[eva:garbled-mix:write] miniz_tdef.c:646: 
  Assigning imprecise value to d->m_bits_in
  (pointing to __malloc_w_miniz_def_alloc_func_l169 with offsets {736}).
  The imprecision originates from Misaligned
[eva:alarm] miniz_tdef.c:650: Warning: 
  accessing left-value that contains escaping addresses.
  assert ¬\dangling(&d->m_total_lz_bytes);
[eva:alarm] miniz_tdef.c:650: Warning: 
  accessing uninitialized left-value. assert \initialized(&d->m_bit_buffer);
[eva:alarm] miniz_tdef.c:650: Warning: 
  accessing uninitialized left-value. assert \initialized(&d->m_bits_in);
[eva:alarm] miniz_tdef.c:650: Warning: 
  accessing left-value that contains escaping addresses.
  assert ¬\dangling(&d->m_bit_buffer);
[eva:alarm] miniz_tdef.c:650: Warning: 
  accessing left-value that contains escaping addresses.
  assert ¬\dangling(&d->m_bits_in);
[eva:garbled-mix:write] miniz_tdef.c:650: 
  Assigning imprecise value to d->m_bit_buffer
  (pointing to __malloc_w_miniz_def_alloc_func_l169 with offsets {768}).
  The imprecision originates from Misaligned
[eva:alarm] miniz_tdef.c:650: Warning: 
  accessing uninitialized left-value. assert \initialized(&d->m_bits_in);
[eva:alarm] miniz_tdef.c:650: Warning: 
  accessing left-value that contains escaping addresses.
  assert ¬\dangling(&d->m_bits_in);
[eva:garbled-mix:write] miniz_tdef.c:650: 
  Assigning imprecise value to d->m_bits_in
  (pointing to __malloc_w_miniz_def_alloc_func_l169 with offsets {736}).
  The imprecision originates from Misaligned
[eva:alarm] miniz_tdef.c:650: Warning: 
  accessing uninitialized left-value. assert \initialized(&d->m_bits_in);
[eva:alarm] miniz_tdef.c:650: Warning: 
  accessing left-value that contains escaping addresses.
  assert ¬\dangling(&d->m_bits_in);
[eva:alarm] miniz_tdef.c:650: Warning: 
  accessing uninitialized left-value. assert \initialized(&d->m_pOutput_buf);
[eva:alarm] miniz_tdef.c:650: Warning: 
  accessing uninitialized left-value.
  assert \initialized(&d->m_pOutput_buf_end);
[eva:alarm] miniz_tdef.c:650: Warning: 
  accessing left-value that contains escaping addresses.
  assert ¬\dangling(&d->m_pOutput_buf);
[eva:alarm] miniz_tdef.c:650: Warning: 
  accessing left-value that contains escaping addresses.
  assert ¬\dangling(&d->m_pOutput_buf_end);
[eva:alarm] miniz_tdef.c:650: Warning: 
  accessing uninitialized left-value. assert \initialized(&d->m_pOutput_buf);
[eva:alarm] miniz_tdef.c:650: Warning: 
  accessing left-value that contains escaping addresses.
  assert ¬\dangling(&d->m_pOutput_buf);
[eva:garbled-mix:write] miniz_tdef.c:650: 
  Assigning imprecise value to d->m_pOutput_buf
  (pointing to __malloc_w_miniz_def_alloc_func_l169 with offsets {512}).
  The imprecision originates from Misaligned
[eva:alarm] miniz_tdef.c:650: Warning: 
  accessing uninitialized left-value. assert \initialized(&d->m_bit_buffer);
[eva:alarm] miniz_tdef.c:650: Warning: 
  accessing left-value that contains escaping addresses.
  assert ¬\dangling(&d->m_bit_buffer);
[eva:garbled-mix:write] miniz_tdef.c:650: 
  Assigning imprecise value to *tmp_7
  (pointing to in_bytes with offsets {0; 8; 16; 24; 32; 40; 48; 56};
  out_bytes with offsets {0; 8; 16; 24; 32; 40; 48; 56};
  __malloc_main_l34 with offsets [0..147573952589676412920];
  __malloc_w_miniz_def_alloc_func_l169 with offsets [0..2554808]).
  The imprecision originates from Misaligned
[eva:alarm] miniz_tdef.c:650: Warning: 
  accessing uninitialized left-value. assert \initialized(&d->m_bit_buffer);
[eva:alarm] miniz_tdef.c:650: Warning: 
  accessing left-value that contains escaping addresses.
  assert ¬\dangling(&d->m_bit_buffer);
[eva:garbled-mix:write] miniz_tdef.c:650: 
  Assigning imprecise value to d->m_bit_buffer
  (pointing to __malloc_w_miniz_def_alloc_func_l169 with offsets {768}).
  The imprecision originates from Misaligned
[eva:alarm] miniz_tdef.c:650: Warning: 
  accessing uninitialized left-value. assert \initialized(&d->m_bits_in);
[eva:alarm] miniz_tdef.c:650: Warning: 
  accessing left-value that contains escaping addresses.
  assert ¬\dangling(&d->m_bits_in);
[eva:garbled-mix:write] miniz_tdef.c:650: 
  Assigning imprecise value to d->m_bits_in
  (pointing to __malloc_w_miniz_def_alloc_func_l169 with offsets {736}).
  The imprecision originates from Misaligned
[eva:alarm] miniz_tdef.c:648: Warning: 
  accessing uninitialized left-value.
  assert \initialized(&d->m_total_lz_bytes);
[eva:alarm] miniz_tdef.c:648: Warning: 
  accessing left-value that contains escaping addresses.
  assert ¬\dangling(&d->m_total_lz_bytes);
[eva:garbled-mix:write] miniz_tdef.c:648: 
  Assigning imprecise value to d->m_total_lz_bytes
  (pointing to __malloc_w_miniz_def_alloc_func_l169 with offsets {672}).
  The imprecision originates from Misaligned
[eva:alarm] miniz_tdef.c:652: Warning: 
  accessing uninitialized left-value.
  assert \initialized(&d->m_total_lz_bytes);
[eva:alarm] miniz_tdef.c:652: Warning: 
  accessing left-value that contains escaping addresses.
  assert ¬\dangling(&d->m_total_lz_bytes);
[eva:alarm] miniz_tdef.c:654: Warning: 
  accessing uninitialized left-value.
  assert \initialized(&d->m_lz_code_buf_dict_pos);
[eva:alarm] miniz_tdef.c:654: Warning: 
  accessing left-value that contains escaping addresses.
  assert ¬\dangling(&d->m_lz_code_buf_dict_pos);
[eva:alarm] miniz_tdef.c:654: Warning: 
  accessing left-value that contains escaping addresses.
  assert
  ¬\dangling(&d->m_dict[(unsigned int)((mz_uint)(d->m_lz_code_buf_dict_pos + i)
                                        & TDEFL_LZ_DICT_SIZE_MASK)]);
[eva:alarm] miniz_tdef.c:654: Warning: 
  accessing uninitialized left-value. assert \initialized(&d->m_bit_buffer);
[eva:alarm] miniz_tdef.c:654: Warning: 
  accessing uninitialized left-value. assert \initialized(&d->m_bits_in);
[eva:alarm] miniz_tdef.c:654: Warning: 
  accessing left-value that contains escaping addresses.
  assert ¬\dangling(&d->m_bit_buffer);
[eva:alarm] miniz_tdef.c:654: Warning: 
  accessing left-value that contains escaping addresses.
  assert ¬\dangling(&d->m_bits_in);
[eva:garbled-mix:write] miniz_tdef.c:654: 
  Assigning imprecise value to d->m_bit_buffer
  (pointing to __malloc_w_miniz_def_alloc_func_l169 with offsets {768}).
  The imprecision originates from Misaligned
[eva:alarm] miniz_tdef.c:654: Warning: 
  accessing uninitialized left-value. assert \initialized(&d->m_bits_in);
[eva:alarm] miniz_tdef.c:654: Warning: 
  accessing left-value that contains escaping addresses.
  assert ¬\dangling(&d->m_bits_in);
[eva:garbled-mix:write] miniz_tdef.c:654: 
  Assigning imprecise value to d->m_bits_in
  (pointing to __malloc_w_miniz_def_alloc_func_l169 with offsets {736}).
  The imprecision originates from Misaligned
[eva:alarm] miniz_tdef.c:654: Warning: 
  accessing uninitialized left-value. assert \initialized(&d->m_bits_in);
[eva:alarm] miniz_tdef.c:654: Warning: 
  accessing left-value that contains escaping addresses.
  assert ¬\dangling(&d->m_bits_in);
[eva:alarm] miniz_tdef.c:654: Warning: 
  accessing uninitialized left-value. assert \initialized(&d->m_pOutput_buf);
[eva:alarm] miniz_tdef.c:654: Warning: 
  accessing uninitialized left-value.
  assert \initialized(&d->m_pOutput_buf_end);
[eva:alarm] miniz_tdef.c:654: Warning: 
  accessing left-value that contains escaping addresses.
  assert ¬\dangling(&d->m_pOutput_buf);
[eva:alarm] miniz_tdef.c:654: Warning: 
  accessing left-value that contains escaping addresses.
  assert ¬\dangling(&d->m_pOutput_buf_end);
[eva:alarm] miniz_tdef.c:654: Warning: 
  accessing uninitialized left-value. assert \initialized(&d->m_pOutput_buf);
[eva:alarm] miniz_tdef.c:654: Warning: 
  accessing left-value that contains escaping addresses.
  assert ¬\dangling(&d->m_pOutput_buf);
[eva:garbled-mix:write] miniz_tdef.c:654: 
  Assigning imprecise value to d->m_pOutput_buf
  (pointing to __malloc_w_miniz_def_alloc_func_l169 with offsets {512}).
  The imprecision originates from Misaligned
[eva:alarm] miniz_tdef.c:654: Warning: 
  accessing uninitialized left-value. assert \initialized(&d->m_bit_buffer);
[eva:alarm] miniz_tdef.c:654: Warning: 
  accessing left-value that contains escaping addresses.
  assert ¬\dangling(&d->m_bit_buffer);
[eva:garbled-mix:write] miniz_tdef.c:654: 
  Assigning imprecise value to *tmp_8
  (pointing to in_bytes with offsets {0; 8; 16; 24; 32; 40; 48; 56};
  out_bytes with offsets {0; 8; 16; 24; 32; 40; 48; 56};
  __malloc_main_l34 with offsets [0..147573952589676412920];
  __malloc_w_miniz_def_alloc_func_l169 with offsets [0..2554808]).
  The imprecision originates from Misaligned
[eva:alarm] miniz_tdef.c:654: Warning: 
  accessing uninitialized left-value. assert \initialized(&d->m_bit_buffer);
[eva:alarm] miniz_tdef.c:654: Warning: 
  accessing left-value that contains escaping addresses.
  assert ¬\dangling(&d->m_bit_buffer);
[eva:garbled-mix:write] miniz_tdef.c:654: 
  Assigning imprecise value to d->m_bit_buffer
  (pointing to __malloc_w_miniz_def_alloc_func_l169 with offsets {768}).
  The imprecision originates from Misaligned
[eva:alarm] miniz_tdef.c:654: Warning: 
  accessing uninitialized left-value. assert \initialized(&d->m_bits_in);
[eva:alarm] miniz_tdef.c:654: Warning: 
  accessing left-value that contains escaping addresses.
  assert ¬\dangling(&d->m_bits_in);
[eva:garbled-mix:write] miniz_tdef.c:654: 
  Assigning imprecise value to d->m_bits_in
  (pointing to __malloc_w_miniz_def_alloc_func_l169 with offsets {736}).
  The imprecision originates from Misaligned
[eva:garbled-mix:write] miniz_tdef.c:660: 
  Assigning imprecise value to d->m_pOutput_buf
  (pointing to __malloc_w_miniz_def_alloc_func_l169 with offsets {512}).
  The imprecision originates from Misaligned
[eva:garbled-mix:write] miniz_tdef.c:661: 
  Assigning imprecise value to d->m_bit_buffer
  (pointing to __malloc_w_miniz_def_alloc_func_l169 with offsets {768}).
  The imprecision originates from Misaligned
[eva:garbled-mix:write] miniz_tdef.c:661: 
  Assigning imprecise value to d->m_bits_in
  (pointing to __malloc_w_miniz_def_alloc_func_l169 with offsets {736}).
  The imprecision originates from Misaligned
[eva:alarm] miniz_tdef.c:698: Warning: 
  accessing uninitialized left-value. assert \initialized(&d->m_pOutput_buf);
[eva:alarm] miniz_tdef.c:698: Warning: 
  accessing uninitialized left-value.
  assert \initialized(&d->m_pOutput_buf_end);
[eva:alarm] miniz_tdef.c:698: Warning: 
  accessing left-value that contains escaping addresses.
  assert ¬\dangling(&d->m_pOutput_buf);
[eva:alarm] miniz_tdef.c:698: Warning: 
  accessing left-value that contains escaping addresses.
  assert ¬\dangling(&d->m_pOutput_buf_end);
[eva:alarm] miniz_tdef.c:706: Warning: 
  accessing left-value that contains escaping addresses.
  assert ¬\dangling(&d->m_lz_code_buf_dict_pos);
[eva:alarm] miniz_tdef.c:706: Warning: 
  accessing left-value that contains escaping addresses.
  assert ¬\dangling(&d->m_total_lz_bytes);
[eva:garbled-mix:write] miniz_tdef.c:706: 
  Assigning imprecise value to d->m_lz_code_buf_dict_pos
  (pointing to __malloc_w_miniz_def_alloc_func_l169 with offsets {704}).
  The imprecision originates from Misaligned
[eva:alarm] miniz_tdef.c:708: Warning: 
  accessing left-value that contains escaping addresses.
  assert ¬\dangling(&d->m_block_index);
[eva:garbled-mix:write] miniz_tdef.c:708: 
  Assigning imprecise value to d->m_block_index
  (pointing to __malloc_w_miniz_def_alloc_func_l169 with offsets {992}).
  The imprecision originates from Misaligned
[eva:alarm] miniz_tdef.c:710: Warning: 
  accessing uninitialized left-value. assert \initialized(&d->m_pOutput_buf);
[eva:alarm] miniz_tdef.c:710: Warning: 
  accessing left-value that contains escaping addresses.
  assert ¬\dangling(&d->m_pOutput_buf);
[eva:alarm] miniz_tdef.c:712: Warning: 
  accessing left-value that contains escaping addresses.
  assert ¬\dangling(&d->m_pPut_buf_func);
[eva:alarm] miniz_tdef.c:714: Warning: 
  accessing left-value that contains escaping addresses.
  assert ¬\dangling(&d->m_pIn_buf_size);
[eva:alarm] miniz_tdef.c:714: Warning: 
  accessing left-value that contains escaping addresses.
  assert ¬\dangling(&d->m_pSrc);
[eva:alarm] miniz_tdef.c:714: Warning: 
  accessing left-value that contains escaping addresses.
  assert ¬\dangling(&d->m_pIn_buf);
[eva:garbled-mix:write] miniz_tdef.c:714: 
  Assigning imprecise value to *(d->m_pIn_buf_size) (pointing to in_bytes;
  out_bytes; __malloc_main_l34 with offsets [0..147573952589676412864];
  __malloc_w_miniz_def_alloc_func_l169 with offsets [0..2554752]).
  The imprecision originates from Misaligned
[eva:alarm] miniz_tdef.c:715: Warning: 
  accessing uninitialized left-value. assert \initialized(&d->m_pPut_buf_func);
[eva:alarm] miniz_tdef.c:715: Warning: 
  accessing left-value that contains escaping addresses.
  assert ¬\dangling(&d->m_pPut_buf_func);
[eva:alarm] miniz_tdef.c:720: Warning: 
  accessing left-value that contains escaping addresses.
  assert ¬\dangling(&d->m_pOut_buf_size);
[eva:alarm] miniz_tdef.c:720: Warning: 
  accessing left-value that contains escaping addresses.
  assert ¬\dangling(&d->m_out_buf_ofs);
[eva:alarm] miniz_tdef.c:720: Warning: 
  accessing left-value that contains escaping addresses.
  assert ¬\dangling(d->m_pOut_buf_size);
[eva:alarm] miniz_tdef.c:720: Warning: 
  accessing uninitialized left-value. assert \initialized(&d->m_pOut_buf_size);
[eva:alarm] miniz_tdef.c:720: Warning: 
  accessing uninitialized left-value. assert \initialized(&d->m_out_buf_ofs);
[eva:alarm] miniz_tdef.c:720: Warning: 
  accessing left-value that contains escaping addresses.
  assert ¬\dangling(&d->m_pOut_buf_size);
[eva:alarm] miniz_tdef.c:720: Warning: 
  accessing left-value that contains escaping addresses.
  assert ¬\dangling(&d->m_out_buf_ofs);
[eva:alarm] miniz_tdef.c:720: Warning: 
  out of bounds read. assert \valid_read(d->m_pOut_buf_size);
[eva:alarm] miniz_tdef.c:720: Warning: 
  accessing left-value that contains escaping addresses.
  assert ¬\dangling(d->m_pOut_buf_size);
[eva:alarm] miniz_tdef.c:721: Warning: 
  accessing uninitialized left-value. assert \initialized(&d->m_out_buf_ofs);
[eva:alarm] miniz_tdef.c:721: Warning: 
  accessing left-value that contains escaping addresses.
  assert ¬\dangling(&d->m_pOut_buf);
[eva:alarm] miniz_tdef.c:721: Warning: 
  accessing left-value that contains escaping addresses.
  assert ¬\dangling(&d->m_out_buf_ofs);
[eva:alarm] miniz_tdef.c:722: Warning: 
  accessing left-value that contains escaping addresses.
  assert ¬\dangling(&d->m_out_buf_ofs);
[eva:garbled-mix:write] miniz_tdef.c:722: 
  Assigning imprecise value to d->m_out_buf_ofs
  (pointing to __malloc_w_miniz_def_alloc_func_l169 with offsets {1536}).
  The imprecision originates from Misaligned
[eva:garbled-mix:write] miniz_tdef.c:725: 
  Assigning imprecise value to d->m_output_flush_ofs
  (pointing to __malloc_w_miniz_def_alloc_func_l169 with offsets {896}).
  The imprecision originates from Misaligned
[eva:garbled-mix:write] miniz_tdef.c:726: 
  Assigning imprecise value to d->m_output_flush_remaining
  (pointing to __malloc_w_miniz_def_alloc_func_l169 with offsets {928}).
  The imprecision originates from Misaligned
[eva:alarm] miniz_tdef.c:731: Warning: 
  accessing left-value that contains escaping addresses.
  assert ¬\dangling(&d->m_out_buf_ofs);
[eva:garbled-mix:write] miniz_tdef.c:731: 
  Assigning imprecise value to d->m_out_buf_ofs
  (pointing to __malloc_w_miniz_def_alloc_func_l169 with offsets {1536}).
  The imprecision originates from Misaligned
[eva:alarm] miniz_tdef.c:735: Warning: 
  accessing left-value that contains escaping addresses.
  assert ¬\dangling(&d->m_output_flush_remaining);
[eva:alarm] miniz_tdef.c:981: Warning: 
  accessing left-value that contains escaping addresses.
  assert ¬\dangling(&d->m_total_lz_bytes);
[eva:alarm] miniz_tdef.c:982: Warning: 
  accessing left-value that contains escaping addresses.
  assert ¬\dangling(&d->m_pLZ_code_buf);
[eva:alarm] miniz_tdef.c:983: Warning: 
  accessing left-value that contains escaping addresses.
  assert ¬\dangling(&d->m_pLZ_flags);
[eva:alarm] miniz_tdef.c:984: Warning: 
  accessing left-value that contains escaping addresses.
  assert ¬\dangling(&d->m_num_flags_left);
[eva:garbled-mix:write] miniz_tdef.c:920: 
  Assigning imprecise value to *tmp_11
  (pointing to in_bytes with offsets {0; 8; 16; 24; 32; 40; 48; 56};
  out_bytes with offsets {0; 8; 16; 24; 32; 40; 48; 56};
  __malloc_main_l34 with offsets [0..147573952589676412920];
  __malloc_w_miniz_def_alloc_func_l169 with offsets [0..2554808]).
  The imprecision originates from Misaligned
[eva:garbled-mix:write] miniz_tdef.c:921: 
  Assigning imprecise value to *pLZ_flags
  (pointing to in_bytes with offsets {0; 8; 16; 24; 32; 40; 48; 56};
  out_bytes with offsets {0; 8; 16; 24; 32; 40; 48; 56};
  __malloc_main_l34 with offsets [0..147573952589676412920];
  __malloc_w_miniz_def_alloc_func_l169 with offsets [0..2554808]).
  The imprecision originates from Misaligned
[eva:garbled-mix:write] miniz_tdef.c:933: 
  Assigning imprecise value to *(pLZ_code_buf + 0)
  (pointing to in_bytes with offsets {0; 8; 16; 24; 32; 40; 48; 56};
  out_bytes with offsets {0; 8; 16; 24; 32; 40; 48; 56};
  __malloc_main_l34 with offsets [0..147573952589676412920];
  __malloc_w_miniz_def_alloc_func_l169 with offsets [0..2554808]).
  The imprecision originates from Misaligned
[eva:garbled-mix:write] miniz_tdef.c:940: 
  Assigning imprecise value to *pLZ_flags
  (pointing to in_bytes with offsets {0; 8; 16; 24; 32; 40; 48; 56};
  out_bytes with offsets {0; 8; 16; 24; 32; 40; 48; 56};
  __malloc_main_l34 with offsets [0..147573952589676412920];
  __malloc_w_miniz_def_alloc_func_l169 with offsets [0..2554808]).
  The imprecision originates from Misaligned
[eva:garbled-mix:write] miniz_tdef.c:951: 
  Assigning imprecise value to *tmp_14
  (pointing to in_bytes with offsets {0; 8; 16; 24; 32; 40; 48; 56};
  out_bytes with offsets {0; 8; 16; 24; 32; 40; 48; 56};
  __malloc_main_l34 with offsets [0..147573952589676412920];
  __malloc_w_miniz_def_alloc_func_l169 with offsets [0..2554808]).
  The imprecision originates from Misaligned
[eva:garbled-mix:write] miniz_tdef.c:952: 
  Assigning imprecise value to *pLZ_flags
  (pointing to in_bytes with offsets {0; 8; 16; 24; 32; 40; 48; 56};
  out_bytes with offsets {0; 8; 16; 24; 32; 40; 48; 56};
  __malloc_main_l34 with offsets [0..147573952589676412920];
  __malloc_w_miniz_def_alloc_func_l169 with offsets [0..2554808]).
  The imprecision originates from Misaligned
[eva:alarm] miniz_tdef.c:990: Warning: 
  accessing left-value that contains escaping addresses.
  assert ¬\dangling(&d->m_dict[cur_pos]);
[eva:garbled-mix:write] miniz_tdef.c:993: 
  Assigning imprecise value to *tmp_18
  (pointing to in_bytes with offsets {0; 8; 16; 24; 32; 40; 48; 56};
  out_bytes with offsets {0; 8; 16; 24; 32; 40; 48; 56};
  __malloc_main_l34 with offsets [0..147573952589676412920];
  __malloc_w_miniz_def_alloc_func_l169 with offsets [0..2554808]).
  The imprecision originates from Misaligned
[eva:alarm] miniz_tdef.c:994: Warning: 
  accessing left-value that contains escaping addresses.
  assert ¬\dangling(pLZ_flags);
[eva:garbled-mix:write] miniz_tdef.c:994: 
  Assigning imprecise value to *pLZ_flags
  (pointing to in_bytes with offsets {0; 8; 16; 24; 32; 40; 48; 56};
  out_bytes with offsets {0; 8; 16; 24; 32; 40; 48; 56};
  __malloc_main_l34 with offsets [0..147573952589676412920];
  __malloc_w_miniz_def_alloc_func_l169 with offsets [0..2554808]).
  The imprecision originates from Misaligned
[eva:alarm] miniz_tdef.c:1001: Warning: 
  accessing left-value that contains escaping addresses.
  assert ¬\dangling(&d->m_huff_count[0][lit]);
[eva:garbled-mix:write] miniz_tdef.c:1001: 
  Assigning imprecise value to d->m_huff_count[0][lit]
  (pointing to in_bytes with offsets {0; 8; 16; 24; 32; 40; 48};
  out_bytes with offsets {0; 8; 16; 24; 32; 40; 48};
  __malloc_main_l34 with offsets [0..147573952589676412912];
  __malloc_w_miniz_def_alloc_func_l169 with offsets [0..2554800]).
  The imprecision originates from Misaligned
[eva:garbled-mix:write] miniz_tdef.c:1011: 
  Assigning imprecise value to d->m_lookahead_pos
  (pointing to __malloc_w_miniz_def_alloc_func_l169 with offsets {288}).
  The imprecision originates from Misaligned
[eva:garbled-mix:write] miniz_tdef.c:1012: 
  Assigning imprecise value to d->m_lookahead_size
  (pointing to __malloc_w_miniz_def_alloc_func_l169 with offsets {320}).
  The imprecision originates from Misaligned
[eva:garbled-mix:write] miniz_tdef.c:1013: 
  Assigning imprecise value to d->m_dict_size
  (pointing to __malloc_w_miniz_def_alloc_func_l169 with offsets {352}).
  The imprecision originates from Misaligned
[eva:garbled-mix:write] miniz_tdef.c:1014: 
  Assigning imprecise value to d->m_total_lz_bytes
  (pointing to __malloc_w_miniz_def_alloc_func_l169 with offsets {672}).
  The imprecision originates from Misaligned
[eva:garbled-mix:write] miniz_tdef.c:1015: 
  Assigning imprecise value to d->m_pLZ_code_buf
  (pointing to __malloc_w_miniz_def_alloc_func_l169 with offsets {384}).
  The imprecision originates from Misaligned
[eva:garbled-mix:write] miniz_tdef.c:1016: 
  Assigning imprecise value to d->m_pLZ_flags
  (pointing to __malloc_w_miniz_def_alloc_func_l169 with offsets {448}).
  The imprecision originates from Misaligned
[eva:garbled-mix:write] miniz_tdef.c:1017: 
  Assigning imprecise value to d->m_num_flags_left
  (pointing to __malloc_w_miniz_def_alloc_func_l169 with offsets {640}).
  The imprecision originates from Misaligned
[eva:alarm] miniz_tdef.c:1020: Warning: 
  accessing left-value that contains escaping addresses.
  assert ¬\dangling(&d->m_total_lz_bytes);
[eva:alarm] miniz_tdef.c:1021: Warning: 
  accessing left-value that contains escaping addresses.
  assert ¬\dangling(&d->m_pLZ_code_buf);
[eva:alarm] miniz_tdef.c:1022: Warning: 
  accessing left-value that contains escaping addresses.
  assert ¬\dangling(&d->m_pLZ_flags);
[eva:alarm] miniz_tdef.c:1023: Warning: 
  accessing left-value that contains escaping addresses.
  assert ¬\dangling(&d->m_num_flags_left);
[eva] miniz_tdef.c:988: starting to merge loop iterations
[eva] miniz_tdef.c:880: starting to merge loop iterations
[eva:garbled-mix:write] miniz_tdef.c:1028: 
  Assigning imprecise value to d->m_lookahead_pos
  (pointing to __malloc_w_miniz_def_alloc_func_l169 with offsets {288}).
  The imprecision originates from Misaligned
[eva:garbled-mix:write] miniz_tdef.c:1029: 
  Assigning imprecise value to d->m_lookahead_size
  (pointing to __malloc_w_miniz_def_alloc_func_l169 with offsets {320}).
  The imprecision originates from Misaligned
[eva:garbled-mix:write] miniz_tdef.c:1030: 
  Assigning imprecise value to d->m_dict_size
  (pointing to __malloc_w_miniz_def_alloc_func_l169 with offsets {352}).
  The imprecision originates from Misaligned
[eva:garbled-mix:write] miniz_tdef.c:1031: 
  Assigning imprecise value to d->m_total_lz_bytes
  (pointing to __malloc_w_miniz_def_alloc_func_l169 with offsets {672}).
  The imprecision originates from Misaligned
[eva:garbled-mix:write] miniz_tdef.c:1032: 
  Assigning imprecise value to d->m_pLZ_code_buf
  (pointing to __malloc_w_miniz_def_alloc_func_l169 with offsets {384}).
  The imprecision originates from Misaligned
[eva:garbled-mix:write] miniz_tdef.c:1033: 
  Assigning imprecise value to d->m_pLZ_flags
  (pointing to __malloc_w_miniz_def_alloc_func_l169 with offsets {448}).
  The imprecision originates from Misaligned
[eva:garbled-mix:write] miniz_tdef.c:1034: 
  Assigning imprecise value to d->m_num_flags_left
  (pointing to __malloc_w_miniz_def_alloc_func_l169 with offsets {640}).
  The imprecision originates from Misaligned
[eva:alarm] miniz_tdef.c:1288: Warning: 
  accessing left-value that contains escaping addresses.
  assert ¬\dangling(&d->m_prev_return_status);
[eva:alarm] miniz_tdef.c:1084: Warning: 
  accessing uninitialized left-value. assert \initialized(&d->m_pSrc);
[eva:alarm] miniz_tdef.c:1084: Warning: 
  accessing left-value that contains escaping addresses.
  assert ¬\dangling(&d->m_pSrc);
[eva:alarm] miniz_tdef.c:1085: Warning: 
  accessing uninitialized left-value. assert \initialized(&d->m_src_buf_left);
[eva:alarm] miniz_tdef.c:1085: Warning: 
  accessing left-value that contains escaping addresses.
  assert ¬\dangling(&d->m_src_buf_left);
[eva:alarm] miniz_tdef.c:1086: Warning: 
  accessing uninitialized left-value. assert \initialized(&d->m_flush);
[eva:alarm] miniz_tdef.c:1086: Warning: 
  accessing left-value that contains escaping addresses.
  assert ¬\dangling(&d->m_flush);
[eva:garbled-mix:write] miniz_tdef.c:1086: 
  Assigning imprecise value to flush.
  The imprecision originates from Misaligned
[eva:alarm] miniz_tdef.c:1088: Warning: 
  accessing left-value that contains escaping addresses.
  assert ¬\dangling(&d->m_lookahead_size);
[eva:alarm] miniz_tdef.c:1092: Warning: 
  accessing left-value that contains escaping addresses.
  assert ¬\dangling(&d->m_lookahead_size);
[eva:alarm] miniz_tdef.c:1092: Warning: 
  accessing left-value that contains escaping addresses.
  assert ¬\dangling(&d->m_dict_size);
[eva:alarm] miniz_tdef.c:1094: Warning: 
  accessing uninitialized left-value.
  assert \initialized(&d->m_lookahead_size);
[eva:alarm] miniz_tdef.c:1094: Warning: 
  accessing left-value that contains escaping addresses.
  assert ¬\dangling(&d->m_lookahead_pos);
[eva:alarm] miniz_tdef.c:1094: Warning: 
  accessing left-value that contains escaping addresses.
  assert ¬\dangling(&d->m_lookahead_size);
[eva:alarm] miniz_tdef.c:1094: Warning: 
  accessing uninitialized left-value. assert \initialized(&d->m_lookahead_pos);
[eva:alarm] miniz_tdef.c:1094: Warning: 
  accessing uninitialized left-value.
  assert \initialized(&d->m_lookahead_size);
[eva:alarm] miniz_tdef.c:1094: Warning: 
  accessing left-value that contains escaping addresses.
  assert ¬\dangling(&d->m_lookahead_pos);
[eva:alarm] miniz_tdef.c:1094: Warning: 
  accessing left-value that contains escaping addresses.
  assert ¬\dangling(&d->m_lookahead_size);
[eva:alarm] miniz_tdef.c:1095: Warning: 
  accessing left-value that contains escaping addresses.
  assert
  ¬\dangling(&d->m_dict[(unsigned int)(ins_pos & TDEFL_LZ_DICT_SIZE_MASK)]);
[eva:alarm] miniz_tdef.c:1095: Warning: 
  accessing left-value that contains escaping addresses.
  assert
  ¬\dangling(&d->m_dict[(unsigned int)((mz_uint)(ins_pos + 1) &
                                        TDEFL_LZ_DICT_SIZE_MASK)]);
[eva:alarm] miniz_tdef.c:1096: Warning: 
  accessing uninitialized left-value.
  assert \initialized(&d->m_lookahead_size);
[eva:alarm] miniz_tdef.c:1096: Warning: 
  accessing left-value that contains escaping addresses.
  assert ¬\dangling(&d->m_lookahead_size);
[eva:alarm] miniz_tdef.c:1096: Warning: 
  accessing uninitialized left-value.
  assert \initialized(&d->m_lookahead_size);
[eva:alarm] miniz_tdef.c:1096: Warning: 
  accessing left-value that contains escaping addresses.
  assert ¬\dangling(&d->m_lookahead_size);
[eva:alarm] miniz_tdef.c:1099: Warning: 
  accessing uninitialized left-value.
  assert \initialized(&d->m_lookahead_size);
[eva:alarm] miniz_tdef.c:1099: Warning: 
  accessing left-value that contains escaping addresses.
  assert ¬\dangling(&d->m_lookahead_size);
[eva:garbled-mix:write] miniz_tdef.c:1099: 
  Assigning imprecise value to d->m_lookahead_size
  (pointing to __malloc_w_miniz_def_alloc_func_l169 with offsets {320}).
  The imprecision originates from Misaligned
[eva:alarm] miniz_tdef.c:1102: Warning: 
  accessing left-value that contains escaping addresses.
  assert ¬\dangling(tmp_0);
  (tmp_0 from pSrc++)
[eva:garbled-mix:write] miniz_tdef.c:1103: 
  Assigning imprecise value to d->m_dict[dst_pos]
  (pointing to __malloc_w_miniz_def_alloc_func_l169 with offsets [0..2554808]).
  The imprecision originates from Misaligned
[eva:garbled-mix:write] miniz_tdef.c:1105: 
  Assigning imprecise value to d->m_dict[(mz_uint)TDEFL_LZ_DICT_SIZE + dst_pos]
  (pointing to __malloc_w_miniz_def_alloc_func_l169 with offsets [0..2554808]).
  The imprecision originates from Misaligned
[eva:alarm] miniz_tdef.c:1107: Warning: 
  accessing left-value that contains escaping addresses.
  assert ¬\dangling(&d->m_hash[hash]);
[eva:garbled-mix:write] miniz_tdef.c:1107: 
  Assigning imprecise value to d->m_next[ins_pos & (unsigned int)TDEFL_LZ_DICT_SIZE_MASK]
  (pointing to __malloc_w_miniz_def_alloc_func_l169 with offsets [0..2554800]).
  The imprecision originates from Misaligned
[eva:garbled-mix:write] miniz_tdef.c:1108: 
  Assigning imprecise value to d->m_hash[hash]
  (pointing to in_bytes with offsets {0; 8; 16; 24; 32; 40; 48};
  out_bytes with offsets {0; 8; 16; 24; 32; 40; 48};
  __malloc_main_l34 with offsets [0..147573952589676412912];
  __malloc_w_miniz_def_alloc_func_l169 with offsets [0..2554800]).
  The imprecision originates from Misaligned
[eva:alarm] miniz_tdef.c:1115: Warning: 
  accessing uninitialized left-value.
  assert \initialized(&d->m_lookahead_size);
[eva:alarm] miniz_tdef.c:1115: Warning: 
  accessing left-value that contains escaping addresses.
  assert ¬\dangling(&d->m_lookahead_size);
[eva:alarm] miniz_tdef.c:1117: Warning: 
  accessing left-value that contains escaping addresses.
  assert ¬\dangling(tmp_1);
  (tmp_1 from pSrc++)
[eva:alarm] miniz_tdef.c:1118: Warning: 
  accessing uninitialized left-value.
  assert \initialized(&d->m_lookahead_size);
[eva:alarm] miniz_tdef.c:1118: Warning: 
  accessing left-value that contains escaping addresses.
  assert ¬\dangling(&d->m_lookahead_pos);
[eva:alarm] miniz_tdef.c:1118: Warning: 
  accessing left-value that contains escaping addresses.
  assert ¬\dangling(&d->m_lookahead_size);
[eva:garbled-mix:write] miniz_tdef.c:1120: 
  Assigning imprecise value to d->m_dict[dst_pos_0]
  (pointing to __malloc_w_miniz_def_alloc_func_l169 with offsets [0..2554808]).
  The imprecision originates from Misaligned
[eva:garbled-mix:write] miniz_tdef.c:1122: 
  Assigning imprecise value to d->m_dict[(mz_uint)TDEFL_LZ_DICT_SIZE + dst_pos_0]
  (pointing to __malloc_w_miniz_def_alloc_func_l169 with offsets [0..2554808]).
  The imprecision originates from Misaligned
[eva:alarm] miniz_tdef.c:1123: Warning: 
  accessing uninitialized left-value.
  assert \initialized(&d->m_lookahead_size);
[eva:alarm] miniz_tdef.c:1123: Warning: 
  accessing left-value that contains escaping addresses.
  assert ¬\dangling(&d->m_lookahead_size);
[eva:garbled-mix:write] miniz_tdef.c:1123: 
  Assigning imprecise value to d->m_lookahead_size
  (pointing to __malloc_w_miniz_def_alloc_func_l169 with offsets {320}).
  The imprecision originates from Misaligned
[eva:alarm] miniz_tdef.c:1123: Warning: 
  accessing uninitialized left-value.
  assert \initialized(&d->m_lookahead_size);
[eva:alarm] miniz_tdef.c:1123: Warning: 
  accessing uninitialized left-value. assert \initialized(&d->m_dict_size);
[eva:alarm] miniz_tdef.c:1123: Warning: 
  accessing left-value that contains escaping addresses.
  assert ¬\dangling(&d->m_lookahead_size);
[eva:alarm] miniz_tdef.c:1123: Warning: 
  accessing left-value that contains escaping addresses.
  assert ¬\dangling(&d->m_dict_size);
[eva:alarm] miniz_tdef.c:1125: Warning: 
  accessing uninitialized left-value. assert \initialized(&d->m_lookahead_pos);
[eva:alarm] miniz_tdef.c:1125: Warning: 
  accessing uninitialized left-value.
  assert \initialized(&d->m_lookahead_size);
[eva:alarm] miniz_tdef.c:1125: Warning: 
  accessing left-value that contains escaping addresses.
  assert ¬\dangling(&d->m_lookahead_pos);
[eva:alarm] miniz_tdef.c:1125: Warning: 
  accessing left-value that contains escaping addresses.
  assert ¬\dangling(&d->m_lookahead_size);
[eva:alarm] miniz_tdef.c:1126: Warning: 
  accessing left-value that contains escaping addresses.
  assert
  ¬\dangling(&d->m_dict[(unsigned int)(ins_pos_0 & TDEFL_LZ_DICT_SIZE_MASK)]);
[eva:alarm] miniz_tdef.c:1126: Warning: 
  accessing left-value that contains escaping addresses.
  assert
  ¬\dangling(&d->m_dict[(unsigned int)((mz_uint)(ins_pos_0 + 1) &
                                        TDEFL_LZ_DICT_SIZE_MASK)]);
[eva:alarm] miniz_tdef.c:1127: Warning: 
  accessing left-value that contains escaping addresses.
  assert ¬\dangling(&d->m_hash[hash_0]);
[eva:garbled-mix:write] miniz_tdef.c:1127: 
  Assigning imprecise value to d->m_next[ins_pos_0 & (unsigned int)TDEFL_LZ_DICT_SIZE_MASK]
  (pointing to in_bytes with offsets {0; 8; 16; 24; 32; 40; 48};
  out_bytes with offsets {0; 8; 16; 24; 32; 40; 48};
  __malloc_main_l34 with offsets [0..147573952589676412912];
  __malloc_w_miniz_def_alloc_func_l169 with offsets [0..2554800]).
  The imprecision originates from Misaligned
[eva:garbled-mix:write] miniz_tdef.c:1128: 
  Assigning imprecise value to d->m_hash[hash_0]
  (pointing to in_bytes with offsets {0; 8; 16; 24; 32; 40; 48};
  out_bytes with offsets {0; 8; 16; 24; 32; 40; 48};
  __malloc_main_l34 with offsets [0..147573952589676412912];
  __malloc_w_miniz_def_alloc_func_l169 with offsets [0..2554800]).
  The imprecision originates from Misaligned
[eva:garbled-mix:write] miniz_tdef.c:1120: 
  Assigning imprecise value to d->m_dict[dst_pos_0]
  (pointing to in_bytes with offsets {0; 8; 16; 24; 32; 40; 48; 56};
  out_bytes with offsets {0; 8; 16; 24; 32; 40; 48; 56};
  __malloc_main_l34 with offsets [0..147573952589676412920];
  __malloc_w_miniz_def_alloc_func_l169 with offsets [0..2554808]).
  The imprecision originates from Misaligned
[eva:garbled-mix:write] miniz_tdef.c:1122: 
  Assigning imprecise value to d->m_dict[(mz_uint)TDEFL_LZ_DICT_SIZE + dst_pos_0]
  (pointing to in_bytes with offsets {0; 8; 16; 24; 32; 40; 48; 56};
  out_bytes with offsets {0; 8; 16; 24; 32; 40; 48; 56};
  __malloc_main_l34 with offsets [0..147573952589676412920];
  __malloc_w_miniz_def_alloc_func_l169 with offsets [0..2554808]).
  The imprecision originates from Misaligned
[eva:alarm] miniz_tdef.c:1132: Warning: 
  accessing uninitialized left-value.
  assert \initialized(&d->m_lookahead_size);
[eva:alarm] miniz_tdef.c:1132: Warning: 
  accessing uninitialized left-value. assert \initialized(&d->m_dict_size);
[eva:alarm] miniz_tdef.c:1132: Warning: 
  accessing left-value that contains escaping addresses.
  assert ¬\dangling(&d->m_lookahead_size);
[eva:alarm] miniz_tdef.c:1132: Warning: 
  accessing left-value that contains escaping addresses.
  assert ¬\dangling(&d->m_dict_size);
[eva:alarm] miniz_tdef.c:1132: Warning: 
  accessing uninitialized left-value.
  assert \initialized(&d->m_lookahead_size);
[eva:alarm] miniz_tdef.c:1132: Warning: 
  accessing left-value that contains escaping addresses.
  assert ¬\dangling(&d->m_lookahead_size);
[eva:garbled-mix:write] miniz_tdef.c:1132: 
  Assigning imprecise value to d->m_dict_size
  (pointing to __malloc_w_miniz_def_alloc_func_l169 with offsets {352}).
  The imprecision originates from Misaligned
[eva:alarm] miniz_tdef.c:1132: Warning: 
  accessing uninitialized left-value. assert \initialized(&d->m_dict_size);
[eva:alarm] miniz_tdef.c:1132: Warning: 
  accessing left-value that contains escaping addresses.
  assert ¬\dangling(&d->m_dict_size);
[eva:alarm] miniz_tdef.c:1133: Warning: 
  accessing uninitialized left-value.
  assert \initialized(&d->m_lookahead_size);
[eva:alarm] miniz_tdef.c:1133: Warning: 
  accessing left-value that contains escaping addresses.
  assert ¬\dangling(&d->m_lookahead_size);
[eva:alarm] miniz_tdef.c:1139: Warning: 
  accessing left-value that contains escaping addresses.
  assert ¬\dangling(&d->m_saved_match_len);
[eva:alarm] miniz_tdef.c:1139: Warning: 
  accessing uninitialized left-value.
  assert \initialized(&d->m_saved_match_len);
[eva:alarm] miniz_tdef.c:1139: Warning: 
  accessing left-value that contains escaping addresses.
  assert ¬\dangling(&d->m_saved_match_len);
[eva:alarm] miniz_tdef.c:1140: Warning: 
  accessing left-value that contains escaping addresses.
  assert ¬\dangling(&d->m_lookahead_pos);
[eva:alarm] miniz_tdef.c:1141: Warning: 
  accessing left-value that contains escaping addresses.
  assert ¬\dangling(&d->m_flags);
[eva:alarm] miniz_tdef.c:1143: Warning: 
  accessing uninitialized left-value. assert \initialized(&d->m_dict_size);
[eva:alarm] miniz_tdef.c:1143: Warning: 
  accessing left-value that contains escaping addresses.
  assert ¬\dangling(&d->m_dict_size);
[eva:alarm] miniz_tdef.c:1143: Warning: 
  accessing uninitialized left-value. assert \initialized(&d->m_flags);
[eva:alarm] miniz_tdef.c:1143: Warning: 
  accessing left-value that contains escaping addresses.
  assert ¬\dangling(&d->m_flags);
[eva:alarm] miniz_tdef.c:1145: Warning: 
  accessing left-value that contains escaping addresses.
  assert
  ¬\dangling(&d->m_dict[(unsigned int)((mz_uint)(cur_pos - 1) &
                                        TDEFL_LZ_DICT_SIZE_MASK)]);
[eva:alarm] miniz_tdef.c:1147: Warning: 
  accessing uninitialized left-value.
  assert \initialized(&d->m_lookahead_size);
[eva:alarm] miniz_tdef.c:1147: Warning: 
  accessing left-value that contains escaping addresses.
  assert ¬\dangling(&d->m_lookahead_size);
[eva:alarm] miniz_tdef.c:1149: Warning: 
  accessing left-value that contains escaping addresses.
  assert ¬\dangling(&d->m_dict[(mz_uint)(cur_pos + cur_match_len)]);
[eva:alarm] miniz_tdef.c:1161: Warning: 
  accessing uninitialized left-value.
  assert \initialized(&d->m_lookahead_size);
[eva:alarm] miniz_tdef.c:1161: Warning: 
  accessing uninitialized left-value. assert \initialized(&d->m_lookahead_pos);
[eva:alarm] miniz_tdef.c:1161: Warning: 
  accessing left-value that contains escaping addresses.
  assert ¬\dangling(&d->m_lookahead_size);
[eva:alarm] miniz_tdef.c:1161: Warning: 
  accessing left-value that contains escaping addresses.
  assert ¬\dangling(&d->m_lookahead_pos);
[eva:alarm] miniz_tdef.c:759: Warning: 
  accessing left-value that contains escaping addresses.
  assert ¬\dangling(&d->m_max_probes[(int)(match_len ≥ 32? 1: 0)]);
[eva:alarm] miniz_tdef.c:744: Warning: 
  accessing left-value that contains escaping addresses.
  assert ¬\dangling(&ret);
[eva:alarm] miniz_tdef.c:778: Warning: 
  accessing left-value that contains escaping addresses.
  assert ¬\dangling(&d->m_next[probe_pos]);
[eva:alarm] miniz_tdef.c:779: Warning: 
  accessing left-value that contains escaping addresses.
  assert ¬\dangling(&d->m_next[probe_pos]);
[eva:alarm] miniz_tdef.c:780: Warning: 
  accessing left-value that contains escaping addresses.
  assert ¬\dangling(&d->m_next[probe_pos]);
[eva:alarm] miniz_tdef.c:799: Warning: 
  accessing left-value that contains escaping addresses.
  assert ¬\dangling((mz_uint8 const *)p);
[eva:alarm] miniz_tdef.c:799: Warning: 
  accessing left-value that contains escaping addresses.
  assert ¬\dangling((mz_uint8 const *)q);
[eva:alarm] miniz_tdef.c:1161: Warning: 
  accessing uninitialized left-value. assert \initialized(&d->m_dict_size);
[eva:alarm] miniz_tdef.c:1161: Warning: 
  accessing left-value that contains escaping addresses.
  assert ¬\dangling(&d->m_dict_size);
[eva:alarm] miniz_tdef.c:1163: Warning: 
  accessing uninitialized left-value. assert \initialized(&d->m_flags);
[eva:alarm] miniz_tdef.c:1163: Warning: 
  accessing left-value that contains escaping addresses.
  assert ¬\dangling(&d->m_flags);
[eva:alarm] miniz_tdef.c:1167: Warning: 
  accessing uninitialized left-value.
  assert \initialized(&d->m_saved_match_len);
[eva:alarm] miniz_tdef.c:1167: Warning: 
  accessing left-value that contains escaping addresses.
  assert ¬\dangling(&d->m_saved_match_len);
[eva:alarm] miniz_tdef.c:1169: Warning: 
  accessing uninitialized left-value.
  assert \initialized(&d->m_saved_match_len);
[eva:alarm] miniz_tdef.c:1169: Warning: 
  accessing left-value that contains escaping addresses.
  assert ¬\dangling(&d->m_saved_match_len);
[eva:alarm] miniz_tdef.c:1171: Warning: 
  accessing left-value that contains escaping addresses.
  assert ¬\dangling(&d->m_saved_lit);
[eva:alarm] miniz_tdef.c:1041: Warning: 
  accessing left-value that contains escaping addresses.
  assert ¬\dangling(&d->m_total_lz_bytes);
[eva:garbled-mix:write] miniz_tdef.c:1041: 
  Assigning imprecise value to d->m_total_lz_bytes
  (pointing to __malloc_w_miniz_def_alloc_func_l169 with offsets {672}).
  The imprecision originates from Misaligned
[eva:alarm] miniz_tdef.c:1042: Warning: 
  accessing left-value that contains escaping addresses.
  assert ¬\dangling(&d->m_pLZ_code_buf);
[eva:garbled-mix:write] miniz_tdef.c:1042: 
  Assigning imprecise value to d->m_pLZ_code_buf
  (pointing to __malloc_w_miniz_def_alloc_func_l169 with offsets {384}).
  The imprecision originates from Misaligned
[eva:garbled-mix:write] miniz_tdef.c:1042: 
  Assigning imprecise value to *tmp
  (pointing to in_bytes with offsets {0; 8; 16; 24; 32; 40; 48; 56};
  out_bytes with offsets {0; 8; 16; 24; 32; 40; 48; 56};
  __malloc_main_l34 with offsets [0..147573952589676412920];
  __malloc_w_miniz_def_alloc_func_l169 with offsets [0..2554808]).
  The imprecision originates from Misaligned
[eva:alarm] miniz_tdef.c:1043: Warning: 
  accessing left-value that contains escaping addresses.
  assert ¬\dangling(&d->m_pLZ_flags);
[eva:alarm] miniz_tdef.c:1043: Warning: 
  accessing left-value that contains escaping addresses.
  assert ¬\dangling(d->m_pLZ_flags);
[eva:garbled-mix:write] miniz_tdef.c:1043: 
  Assigning imprecise value to *(d->m_pLZ_flags)
  (pointing to in_bytes with offsets {0; 8; 16; 24; 32; 40; 48; 56};
  out_bytes with offsets {0; 8; 16; 24; 32; 40; 48; 56};
  __malloc_main_l34 with offsets [0..147573952589676412920];
  __malloc_w_miniz_def_alloc_func_l169 with offsets [0..2554808]).
  The imprecision originates from Misaligned
[eva:alarm] miniz_tdef.c:1044: Warning: 
  accessing left-value that contains escaping addresses.
  assert ¬\dangling(&d->m_num_flags_left);
[eva:garbled-mix:write] miniz_tdef.c:1044: 
  Assigning imprecise value to d->m_num_flags_left
  (pointing to __malloc_w_miniz_def_alloc_func_l169 with offsets {640}).
  The imprecision originates from Misaligned
[eva:alarm] miniz_tdef.c:1044: Warning: 
  accessing uninitialized left-value.
  assert \initialized(&d->m_num_flags_left);
[eva:alarm] miniz_tdef.c:1044: Warning: 
  accessing left-value that contains escaping addresses.
  assert ¬\dangling(&d->m_num_flags_left);
[eva:alarm] miniz_tdef.c:1047: Warning: 
  accessing uninitialized left-value. assert \initialized(&d->m_pLZ_code_buf);
[eva:alarm] miniz_tdef.c:1047: Warning: 
  accessing left-value that contains escaping addresses.
  assert ¬\dangling(&d->m_pLZ_code_buf);
[eva:garbled-mix:write] miniz_tdef.c:1047: 
  Assigning imprecise value to d->m_pLZ_code_buf
  (pointing to __malloc_w_miniz_def_alloc_func_l169 with offsets {384}).
  The imprecision originates from Misaligned
[eva:garbled-mix:write] miniz_tdef.c:1047: 
  Assigning imprecise value to d->m_pLZ_flags
  (pointing to __malloc_w_miniz_def_alloc_func_l169 with offsets {448}).
  The imprecision originates from Misaligned
[eva:alarm] miniz_tdef.c:1049: Warning: 
  accessing left-value that contains escaping addresses.
  assert ¬\dangling(&d->m_huff_count[0][lit]);
[eva:garbled-mix:write] miniz_tdef.c:1049: 
  Assigning imprecise value to d->m_huff_count[0][lit]
  (pointing to in_bytes with offsets {0; 8; 16; 24; 32; 40; 48};
  out_bytes with offsets {0; 8; 16; 24; 32; 40; 48};
  __malloc_main_l34 with offsets [0..147573952589676412912];
  __malloc_w_miniz_def_alloc_func_l169 with offsets [0..2554800]).
  The imprecision originates from Misaligned
[eva:alarm] miniz_tdef.c:1058: Warning: 
  accessing left-value that contains escaping addresses.
  assert ¬\dangling(&d->m_total_lz_bytes);
[eva:garbled-mix:write] miniz_tdef.c:1058: 
  Assigning imprecise value to d->m_total_lz_bytes
  (pointing to __malloc_w_miniz_def_alloc_func_l169 with offsets {672}).
  The imprecision originates from Misaligned
[eva:alarm] miniz_tdef.c:1060: Warning: 
  accessing left-value that contains escaping addresses.
  assert ¬\dangling(&d->m_pLZ_code_buf);
[eva:garbled-mix:write] miniz_tdef.c:1060: 
  Assigning imprecise value to *(d->m_pLZ_code_buf + 0)
  (pointing to in_bytes with offsets {0; 8; 16; 24; 32; 40; 48; 56};
  out_bytes with offsets {0; 8; 16; 24; 32; 40; 48; 56};
  __malloc_main_l34 with offsets [0..147573952589676412920];
  __malloc_w_miniz_def_alloc_func_l169 with offsets [0..2554808]).
  The imprecision originates from Misaligned
[eva:alarm] miniz_tdef.c:1063: Warning: 
  accessing uninitialized left-value. assert \initialized(&d->m_pLZ_code_buf);
[eva:alarm] miniz_tdef.c:1063: Warning: 
  accessing left-value that contains escaping addresses.
  assert ¬\dangling(&d->m_pLZ_code_buf);
[eva:garbled-mix:write] miniz_tdef.c:1063: 
  Assigning imprecise value to *(d->m_pLZ_code_buf + 1)
  (pointing to in_bytes with offsets {0; 8; 16; 24; 32; 40; 48; 56};
  out_bytes with offsets {0; 8; 16; 24; 32; 40; 48; 56};
  __malloc_main_l34 with offsets [0..147573952589676412920];
  __malloc_w_miniz_def_alloc_func_l169 with offsets [0..2554808]).
  The imprecision originates from Misaligned
[eva:alarm] miniz_tdef.c:1064: Warning: 
  accessing uninitialized left-value. assert \initialized(&d->m_pLZ_code_buf);
[eva:alarm] miniz_tdef.c:1064: Warning: 
  accessing left-value that contains escaping addresses.
  assert ¬\dangling(&d->m_pLZ_code_buf);
[eva:garbled-mix:write] miniz_tdef.c:1064: 
  Assigning imprecise value to *(d->m_pLZ_code_buf + 2)
  (pointing to in_bytes with offsets {0; 8; 16; 24; 32; 40; 48; 56};
  out_bytes with offsets {0; 8; 16; 24; 32; 40; 48; 56};
  __malloc_main_l34 with offsets [0..147573952589676412920];
  __malloc_w_miniz_def_alloc_func_l169 with offsets [0..2554808]).
  The imprecision originates from Misaligned
[eva:alarm] miniz_tdef.c:1065: Warning: 
  accessing uninitialized left-value. assert \initialized(&d->m_pLZ_code_buf);
[eva:alarm] miniz_tdef.c:1065: Warning: 
  accessing left-value that contains escaping addresses.
  assert ¬\dangling(&d->m_pLZ_code_buf);
[eva:garbled-mix:write] miniz_tdef.c:1065: 
  Assigning imprecise value to d->m_pLZ_code_buf
  (pointing to __malloc_w_miniz_def_alloc_func_l169 with offsets {384}).
  The imprecision originates from Misaligned
[eva:alarm] miniz_tdef.c:1067: Warning: 
  accessing left-value that contains escaping addresses.
  assert ¬\dangling(&d->m_pLZ_flags);
[eva:alarm] miniz_tdef.c:1067: Warning: 
  accessing left-value that contains escaping addresses.
  assert ¬\dangling(d->m_pLZ_flags);
[eva:garbled-mix:write] miniz_tdef.c:1067: 
  Assigning imprecise value to *(d->m_pLZ_flags)
  (pointing to in_bytes with offsets {0; 8; 16; 24; 32; 40; 48; 56};
  out_bytes with offsets {0; 8; 16; 24; 32; 40; 48; 56};
  __malloc_main_l34 with offsets [0..147573952589676412920];
  __malloc_w_miniz_def_alloc_func_l169 with offsets [0..2554808]).
  The imprecision originates from Misaligned
[eva:alarm] miniz_tdef.c:1068: Warning: 
  accessing left-value that contains escaping addresses.
  assert ¬\dangling(&d->m_num_flags_left);
[eva:garbled-mix:write] miniz_tdef.c:1068: 
  Assigning imprecise value to d->m_num_flags_left
  (pointing to __malloc_w_miniz_def_alloc_func_l169 with offsets {640}).
  The imprecision originates from Misaligned
[eva:alarm] miniz_tdef.c:1068: Warning: 
  accessing uninitialized left-value.
  assert \initialized(&d->m_num_flags_left);
[eva:alarm] miniz_tdef.c:1068: Warning: 
  accessing left-value that contains escaping addresses.
  assert ¬\dangling(&d->m_num_flags_left);
[eva:alarm] miniz_tdef.c:1071: Warning: 
  accessing uninitialized left-value. assert \initialized(&d->m_pLZ_code_buf);
[eva:alarm] miniz_tdef.c:1071: Warning: 
  accessing left-value that contains escaping addresses.
  assert ¬\dangling(&d->m_pLZ_code_buf);
[eva:garbled-mix:write] miniz_tdef.c:1071: 
  Assigning imprecise value to d->m_pLZ_code_buf
  (pointing to __malloc_w_miniz_def_alloc_func_l169 with offsets {384}).
  The imprecision originates from Misaligned
[eva:garbled-mix:write] miniz_tdef.c:1071: 
  Assigning imprecise value to d->m_pLZ_flags
  (pointing to __malloc_w_miniz_def_alloc_func_l169 with offsets {448}).
  The imprecision originates from Misaligned
[eva:alarm] miniz_tdef.c:1074: Warning: 
  accessing left-value that contains escaping addresses.
  assert
  ¬\dangling(&s_tdefl_small_dist_sym[(unsigned int)(match_dist & 511)]);
[eva:alarm] miniz_tdef.c:1075: Warning: 
  accessing left-value that contains escaping addresses.
  assert
  ¬\dangling(&s_tdefl_large_dist_sym[(unsigned int)((mz_uint)(match_dist >> 8)
                                                     & 127)]);
[eva:alarm] miniz_tdef.c:1076: Warning: 
  accessing left-value that contains escaping addresses.
  assert ¬\dangling(&d->m_huff_count[1][tmp_1]);
  (tmp_1 from (match_dist < 512)?s0:s1)
[eva:garbled-mix:write] miniz_tdef.c:1076: 
  Assigning imprecise value to d->m_huff_count[1][tmp_1]
  (pointing to in_bytes with offsets {0; 8; 16; 24; 32; 40; 48};
  out_bytes with offsets {0; 8; 16; 24; 32; 40; 48};
  __malloc_main_l34 with offsets [0..147573952589676412912];
  __malloc_w_miniz_def_alloc_func_l169 with offsets [0..2554800]).
  The imprecision originates from Misaligned
[eva:alarm] miniz_tdef.c:1079: Warning: 
  accessing left-value that contains escaping addresses.
  assert
  ¬\dangling(&s_tdefl_len_sym[(mz_uint)(match_len - TDEFL_MIN_MATCH_LEN)]);
[eva:alarm] miniz_tdef.c:1079: Warning: 
  accessing left-value that contains escaping addresses.
  assert
  ¬\dangling(&d->m_huff_count[0][s_tdefl_len_sym[(mz_uint)(match_len -
                                                            TDEFL_MIN_MATCH_LEN)]]);
[eva:garbled-mix:write] miniz_tdef.c:1079: 
  Assigning imprecise value to d->m_huff_count[0][s_tdefl_len_sym[match_len - (mz_uint)TDEFL_MIN_MATCH_LEN]]
  (pointing to in_bytes with offsets {0; 8; 16; 24; 32; 40; 48};
  out_bytes with offsets {0; 8; 16; 24; 32; 40; 48};
  __malloc_main_l34 with offsets [0..147573952589676412912];
  __malloc_w_miniz_def_alloc_func_l169 with offsets [0..2554800]).
  The imprecision originates from Misaligned
[eva:alarm] miniz_tdef.c:1180: Warning: 
  accessing left-value that contains escaping addresses.
  assert ¬\dangling(&d->m_dict[cur_pos]);
[eva:garbled-mix:write] miniz_tdef.c:1180: 
  Assigning imprecise value to d->m_saved_lit
  (pointing to __malloc_w_miniz_def_alloc_func_l169 with offsets {864}).
  The imprecision originates from Misaligned
[eva:garbled-mix:write] miniz_tdef.c:1181: 
  Assigning imprecise value to d->m_saved_match_dist
  (pointing to __malloc_w_miniz_def_alloc_func_l169 with offsets {800}).
  The imprecision originates from Misaligned
[eva:garbled-mix:write] miniz_tdef.c:1182: 
  Assigning imprecise value to d->m_saved_match_len
  (pointing to __malloc_w_miniz_def_alloc_func_l169 with offsets {832}).
  The imprecision originates from Misaligned
[eva:alarm] miniz_tdef.c:1187: Warning: 
  accessing uninitialized left-value.
  assert \initialized(&d->m_saved_match_len);
[eva:alarm] miniz_tdef.c:1187: Warning: 
  accessing left-value that contains escaping addresses.
  assert ¬\dangling(&d->m_saved_match_dist);
[eva:alarm] miniz_tdef.c:1187: Warning: 
  accessing left-value that contains escaping addresses.
  assert ¬\dangling(&d->m_saved_match_len);
[eva:alarm] miniz_tdef.c:1188: Warning: 
  accessing uninitialized left-value.
  assert \initialized(&d->m_saved_match_len);
[eva:alarm] miniz_tdef.c:1188: Warning: 
  accessing left-value that contains escaping addresses.
  assert ¬\dangling(&d->m_saved_match_len);
[eva:alarm] miniz_tdef.c:1193: Warning: 
  accessing left-value that contains escaping addresses.
  assert ¬\dangling(&d->m_dict[tmp_2]);
  (tmp_2 from
  ((cur_pos) < (sizeof((d->m_dict)) - 1))?cur_pos:sizeof(d->m_dict) - (unsigned long)1)
[eva:alarm] miniz_tdef.c:1194: Warning: 
  accessing left-value that contains escaping addresses.
  assert ¬\dangling(&d->m_greedy_parsing);
[eva:alarm] miniz_tdef.c:1194: Warning: 
  accessing uninitialized left-value. assert \initialized(&d->m_flags);
[eva:alarm] miniz_tdef.c:1194: Warning: 
  accessing left-value that contains escaping addresses.
  assert ¬\dangling(&d->m_flags);
[eva:alarm] miniz_tdef.c:1201: Warning: 
  accessing left-value that contains escaping addresses.
  assert ¬\dangling(&d->m_dict[tmp_3]);
  (tmp_3 from
  ((cur_pos) < (sizeof((d->m_dict)) - 1))?cur_pos:sizeof(d->m_dict) - (unsigned long)1)
[eva:garbled-mix:write] miniz_tdef.c:1201: 
  Assigning imprecise value to d->m_saved_lit
  (pointing to __malloc_w_miniz_def_alloc_func_l169 with offsets {864}).
  The imprecision originates from Misaligned
[eva:garbled-mix:write] miniz_tdef.c:1202: 
  Assigning imprecise value to d->m_saved_match_dist
  (pointing to __malloc_w_miniz_def_alloc_func_l169 with offsets {800}).
  The imprecision originates from Misaligned
[eva:garbled-mix:write] miniz_tdef.c:1203: 
  Assigning imprecise value to d->m_saved_match_len
  (pointing to __malloc_w_miniz_def_alloc_func_l169 with offsets {832}).
  The imprecision originates from Misaligned
[eva:alarm] miniz_tdef.c:1206: Warning: 
  accessing uninitialized left-value. assert \initialized(&d->m_lookahead_pos);
[eva:alarm] miniz_tdef.c:1206: Warning: 
  accessing left-value that contains escaping addresses.
  assert ¬\dangling(&d->m_lookahead_pos);
[eva:garbled-mix:write] miniz_tdef.c:1206: 
  Assigning imprecise value to d->m_lookahead_pos
  (pointing to __malloc_w_miniz_def_alloc_func_l169 with offsets {288}).
  The imprecision originates from Misaligned
[eva:alarm] miniz_tdef.c:1207: Warning: 
  accessing uninitialized left-value.
  assert \initialized(&d->m_lookahead_size);
[eva:alarm] miniz_tdef.c:1207: Warning: 
  accessing left-value that contains escaping addresses.
  assert ¬\dangling(&d->m_lookahead_size);
[eva:alarm] miniz_tdef.c:1208: Warning: 
  accessing uninitialized left-value.
  assert \initialized(&d->m_lookahead_size);
[eva:alarm] miniz_tdef.c:1208: Warning: 
  accessing left-value that contains escaping addresses.
  assert ¬\dangling(&d->m_lookahead_size);
[eva:garbled-mix:write] miniz_tdef.c:1208: 
  Assigning imprecise value to d->m_lookahead_size
  (pointing to __malloc_w_miniz_def_alloc_func_l169 with offsets {320}).
  The imprecision originates from Misaligned
[eva:alarm] miniz_tdef.c:1209: Warning: 
  accessing uninitialized left-value. assert \initialized(&d->m_dict_size);
[eva:alarm] miniz_tdef.c:1209: Warning: 
  accessing left-value that contains escaping addresses.
  assert ¬\dangling(&d->m_dict_size);
[eva:alarm] miniz_tdef.c:1209: Warning: 
  accessing uninitialized left-value. assert \initialized(&d->m_dict_size);
[eva:alarm] miniz_tdef.c:1209: Warning: 
  accessing left-value that contains escaping addresses.
  assert ¬\dangling(&d->m_dict_size);
[eva:garbled-mix:write] miniz_tdef.c:1209: 
  Assigning imprecise value to d->m_dict_size
  (pointing to __malloc_w_miniz_def_alloc_func_l169 with offsets {352}).
  The imprecision originates from Misaligned
[eva:alarm] miniz_tdef.c:1211: Warning: 
  accessing left-value that contains escaping addresses.
  assert ¬\dangling(&d->m_pLZ_code_buf);
[eva:alarm] miniz_tdef.c:1212: Warning: 
  accessing left-value that contains escaping addresses.
  assert ¬\dangling(&d->m_total_lz_bytes);
[eva:alarm] miniz_tdef.c:1212: Warning: 
  accessing uninitialized left-value. assert \initialized(&d->m_pLZ_code_buf);
[eva:alarm] miniz_tdef.c:1212: Warning: 
  accessing uninitialized left-value.
  assert \initialized(&d->m_total_lz_bytes);
[eva:alarm] miniz_tdef.c:1212: Warning: 
  accessing left-value that contains escaping addresses.
  assert ¬\dangling(&d->m_pLZ_code_buf);
[eva:alarm] miniz_tdef.c:1212: Warning: 
  accessing left-value that contains escaping addresses.
  assert ¬\dangling(&d->m_total_lz_bytes);
[eva:alarm] miniz_tdef.c:1212: Warning: 
  accessing uninitialized left-value. assert \initialized(&d->m_flags);
[eva:alarm] miniz_tdef.c:1212: Warning: 
  accessing left-value that contains escaping addresses.
  assert ¬\dangling(&d->m_flags);
[eva:garbled-mix:write] miniz_tdef.c:1215: 
  Assigning imprecise value to d->m_pSrc
  (pointing to __malloc_w_miniz_def_alloc_func_l169 with offsets {1408}).
  The imprecision originates from Misaligned
[eva:garbled-mix:write] miniz_tdef.c:1216: 
  Assigning imprecise value to d->m_src_buf_left
  (pointing to __malloc_w_miniz_def_alloc_func_l169 with offsets {1472}).
  The imprecision originates from Misaligned
[eva:garbled-mix:write] miniz_tdef.c:1103: 
  Assigning imprecise value to d->m_dict[dst_pos]
  (pointing to in_bytes with offsets {0; 8; 16; 24; 32; 40; 48; 56};
  out_bytes with offsets {0; 8; 16; 24; 32; 40; 48; 56};
  __malloc_main_l34 with offsets [0..147573952589676412920];
  __malloc_w_miniz_def_alloc_func_l169 with offsets [0..2554808]).
  The imprecision originates from Misaligned
[eva:garbled-mix:write] miniz_tdef.c:1105: 
  Assigning imprecise value to d->m_dict[(mz_uint)TDEFL_LZ_DICT_SIZE + dst_pos]
  (pointing to in_bytes with offsets {0; 8; 16; 24; 32; 40; 48; 56};
  out_bytes with offsets {0; 8; 16; 24; 32; 40; 48; 56};
  __malloc_main_l34 with offsets [0..147573952589676412920];
  __malloc_w_miniz_def_alloc_func_l169 with offsets [0..2554808]).
  The imprecision originates from Misaligned
[eva:garbled-mix:write] miniz_tdef.c:1107: 
  Assigning imprecise value to d->m_next[ins_pos & (unsigned int)TDEFL_LZ_DICT_SIZE_MASK]
  (pointing to in_bytes with offsets {0; 8; 16; 24; 32; 40; 48};
  out_bytes with offsets {0; 8; 16; 24; 32; 40; 48};
  __malloc_main_l34 with offsets [0..147573952589676412912];
  __malloc_w_miniz_def_alloc_func_l169 with offsets [0..2554800]).
  The imprecision originates from Misaligned
[eva:garbled-mix:write] miniz_tdef.c:1222: 
  Assigning imprecise value to d->m_pSrc
  (pointing to __malloc_w_miniz_def_alloc_func_l169 with offsets {1408}).
  The imprecision originates from Misaligned
[eva:garbled-mix:write] miniz_tdef.c:1223: 
  Assigning imprecise value to d->m_src_buf_left
  (pointing to __malloc_w_miniz_def_alloc_func_l169 with offsets {1472}).
  The imprecision originates from Misaligned
[eva:alarm] miniz_tdef.c:1297: Warning: 
  accessing left-value that contains escaping addresses.
  assert ¬\dangling(&d->m_flags);
[eva:alarm] miniz_tdef.c:1298: Warning: 
  accessing left-value that contains escaping addresses.
  assert ¬\dangling(&d->m_pSrc);
[eva:alarm] miniz_tdef.c:1298: Warning: 
  accessing left-value that contains escaping addresses.
  assert ¬\dangling(&d->m_adler32);
[eva:garbled-mix:write] miniz_tdef.c:1298: 
  Assigning imprecise value to d->m_adler32
  (pointing to __malloc_w_miniz_def_alloc_func_l169 with offsets {256}).
  The imprecision originates from Misaligned
[eva:alarm] miniz_tdef.c:1300: Warning: 
  accessing left-value that contains escaping addresses.
  assert ¬\dangling(&d->m_lookahead_size);
[eva:alarm] miniz_tdef.c:1300: Warning: 
  accessing left-value that contains escaping addresses.
  assert ¬\dangling(&d->m_src_buf_left);
[eva:alarm] miniz_tdef.c:1300: Warning: 
  accessing left-value that contains escaping addresses.
  assert ¬\dangling(&d->m_output_flush_remaining);
[eva:alarm] miniz_tdef.c:669: Warning: 
  accessing uninitialized left-value. assert \initialized(&d->m_bits_in);
[eva:alarm] miniz_tdef.c:669: Warning: 
  accessing left-value that contains escaping addresses.
  assert ¬\dangling(&d->m_bits_in);
[eva:alarm] miniz_tdef.c:671: Warning: 
  accessing uninitialized left-value. assert \initialized(&d->m_bits_in);
[eva:alarm] miniz_tdef.c:671: Warning: 
  accessing left-value that contains escaping addresses.
  assert ¬\dangling(&d->m_bits_in);
[eva:alarm] miniz_tdef.c:671: Warning: 
  accessing uninitialized left-value. assert \initialized(&d->m_bit_buffer);
[eva:alarm] miniz_tdef.c:671: Warning: 
  accessing uninitialized left-value. assert \initialized(&d->m_bits_in);
[eva:alarm] miniz_tdef.c:671: Warning: 
  accessing left-value that contains escaping addresses.
  assert ¬\dangling(&d->m_bit_buffer);
[eva:alarm] miniz_tdef.c:671: Warning: 
  accessing left-value that contains escaping addresses.
  assert ¬\dangling(&d->m_bits_in);
[eva:garbled-mix:write] miniz_tdef.c:671: 
  Assigning imprecise value to d->m_bit_buffer
  (pointing to __malloc_w_miniz_def_alloc_func_l169 with offsets {768}).
  The imprecision originates from Misaligned
[eva:alarm] miniz_tdef.c:671: Warning: 
  accessing uninitialized left-value. assert \initialized(&d->m_bits_in);
[eva:alarm] miniz_tdef.c:671: Warning: 
  accessing left-value that contains escaping addresses.
  assert ¬\dangling(&d->m_bits_in);
[eva:garbled-mix:write] miniz_tdef.c:671: 
  Assigning imprecise value to d->m_bits_in
  (pointing to __malloc_w_miniz_def_alloc_func_l169 with offsets {736}).
  The imprecision originates from Misaligned
[eva:alarm] miniz_tdef.c:671: Warning: 
  accessing uninitialized left-value. assert \initialized(&d->m_bits_in);
[eva:alarm] miniz_tdef.c:671: Warning: 
  accessing left-value that contains escaping addresses.
  assert ¬\dangling(&d->m_bits_in);
[eva:alarm] miniz_tdef.c:671: Warning: 
  accessing uninitialized left-value. assert \initialized(&d->m_pOutput_buf);
[eva:alarm] miniz_tdef.c:671: Warning: 
  accessing uninitialized left-value.
  assert \initialized(&d->m_pOutput_buf_end);
[eva:alarm] miniz_tdef.c:671: Warning: 
  accessing left-value that contains escaping addresses.
  assert ¬\dangling(&d->m_pOutput_buf);
[eva:alarm] miniz_tdef.c:671: Warning: 
  accessing left-value that contains escaping addresses.
  assert ¬\dangling(&d->m_pOutput_buf_end);
[eva:alarm] miniz_tdef.c:671: Warning: 
  accessing uninitialized left-value. assert \initialized(&d->m_pOutput_buf);
[eva:alarm] miniz_tdef.c:671: Warning: 
  accessing left-value that contains escaping addresses.
  assert ¬\dangling(&d->m_pOutput_buf);
[eva:garbled-mix:write] miniz_tdef.c:671: 
  Assigning imprecise value to d->m_pOutput_buf
  (pointing to __malloc_w_miniz_def_alloc_func_l169 with offsets {512}).
  The imprecision originates from Misaligned
[eva:alarm] miniz_tdef.c:671: Warning: 
  accessing uninitialized left-value. assert \initialized(&d->m_bit_buffer);
[eva:alarm] miniz_tdef.c:671: Warning: 
  accessing left-value that contains escaping addresses.
  assert ¬\dangling(&d->m_bit_buffer);
[eva:garbled-mix:write] miniz_tdef.c:671: 
  Assigning imprecise value to *tmp_9
  (pointing to in_bytes with offsets {0; 8; 16; 24; 32; 40; 48; 56};
  out_bytes with offsets {0; 8; 16; 24; 32; 40; 48; 56};
  __malloc_main_l34 with offsets [0..147573952589676412920];
  __malloc_w_miniz_def_alloc_func_l169 with offsets [0..2554808]).
  The imprecision originates from Misaligned
[eva:alarm] miniz_tdef.c:671: Warning: 
  accessing uninitialized left-value. assert \initialized(&d->m_bit_buffer);
[eva:alarm] miniz_tdef.c:671: Warning: 
  accessing left-value that contains escaping addresses.
  assert ¬\dangling(&d->m_bit_buffer);
[eva:garbled-mix:write] miniz_tdef.c:671: 
  Assigning imprecise value to d->m_bit_buffer
  (pointing to __malloc_w_miniz_def_alloc_func_l169 with offsets {768}).
  The imprecision originates from Misaligned
[eva:alarm] miniz_tdef.c:671: Warning: 
  accessing uninitialized left-value. assert \initialized(&d->m_bits_in);
[eva:alarm] miniz_tdef.c:671: Warning: 
  accessing left-value that contains escaping addresses.
  assert ¬\dangling(&d->m_bits_in);
[eva:garbled-mix:write] miniz_tdef.c:671: 
  Assigning imprecise value to d->m_bits_in
  (pointing to __malloc_w_miniz_def_alloc_func_l169 with offsets {736}).
  The imprecision originates from Misaligned
[eva:alarm] miniz_tdef.c:673: Warning: 
  accessing left-value that contains escaping addresses.
  assert ¬\dangling(&d->m_flags);
[eva:alarm] miniz_tdef.c:675: Warning: 
  accessing left-value that contains escaping addresses.
  assert ¬\dangling(&d->m_adler32);
[eva:alarm] miniz_tdef.c:678: Warning: 
  accessing uninitialized left-value. assert \initialized(&d->m_bit_buffer);
[eva:alarm] miniz_tdef.c:678: Warning: 
  accessing uninitialized left-value. assert \initialized(&d->m_bits_in);
[eva:alarm] miniz_tdef.c:678: Warning: 
  accessing left-value that contains escaping addresses.
  assert ¬\dangling(&d->m_bit_buffer);
[eva:alarm] miniz_tdef.c:678: Warning: 
  accessing left-value that contains escaping addresses.
  assert ¬\dangling(&d->m_bits_in);
[eva:garbled-mix:write] miniz_tdef.c:678: 
  Assigning imprecise value to d->m_bit_buffer
  (pointing to __malloc_w_miniz_def_alloc_func_l169 with offsets {768}).
  The imprecision originates from Misaligned
[eva:alarm] miniz_tdef.c:678: Warning: 
  accessing uninitialized left-value. assert \initialized(&d->m_bits_in);
[eva:alarm] miniz_tdef.c:678: Warning: 
  accessing left-value that contains escaping addresses.
  assert ¬\dangling(&d->m_bits_in);
[eva:garbled-mix:write] miniz_tdef.c:678: 
  Assigning imprecise value to d->m_bits_in
  (pointing to __malloc_w_miniz_def_alloc_func_l169 with offsets {736}).
  The imprecision originates from Misaligned
[eva:alarm] miniz_tdef.c:678: Warning: 
  accessing uninitialized left-value. assert \initialized(&d->m_bits_in);
[eva:alarm] miniz_tdef.c:678: Warning: 
  accessing left-value that contains escaping addresses.
  assert ¬\dangling(&d->m_bits_in);
[eva:alarm] miniz_tdef.c:678: Warning: 
  accessing uninitialized left-value. assert \initialized(&d->m_pOutput_buf);
[eva:alarm] miniz_tdef.c:678: Warning: 
  accessing uninitialized left-value.
  assert \initialized(&d->m_pOutput_buf_end);
[eva:alarm] miniz_tdef.c:678: Warning: 
  accessing left-value that contains escaping addresses.
  assert ¬\dangling(&d->m_pOutput_buf);
[eva:alarm] miniz_tdef.c:678: Warning: 
  accessing left-value that contains escaping addresses.
  assert ¬\dangling(&d->m_pOutput_buf_end);
[eva:alarm] miniz_tdef.c:678: Warning: 
  accessing uninitialized left-value. assert \initialized(&d->m_pOutput_buf);
[eva:alarm] miniz_tdef.c:678: Warning: 
  accessing left-value that contains escaping addresses.
  assert ¬\dangling(&d->m_pOutput_buf);
[eva:garbled-mix:write] miniz_tdef.c:678: 
  Assigning imprecise value to d->m_pOutput_buf
  (pointing to __malloc_w_miniz_def_alloc_func_l169 with offsets {512}).
  The imprecision originates from Misaligned
[eva:alarm] miniz_tdef.c:678: Warning: 
  accessing uninitialized left-value. assert \initialized(&d->m_bit_buffer);
[eva:alarm] miniz_tdef.c:678: Warning: 
  accessing left-value that contains escaping addresses.
  assert ¬\dangling(&d->m_bit_buffer);
[eva:garbled-mix:write] miniz_tdef.c:678: 
  Assigning imprecise value to *tmp_10
  (pointing to in_bytes with offsets {0; 8; 16; 24; 32; 40; 48; 56};
  out_bytes with offsets {0; 8; 16; 24; 32; 40; 48; 56};
  __malloc_main_l34 with offsets [0..147573952589676412920];
  __malloc_w_miniz_def_alloc_func_l169 with offsets [0..2554808]).
  The imprecision originates from Misaligned
[eva:alarm] miniz_tdef.c:678: Warning: 
  accessing uninitialized left-value. assert \initialized(&d->m_bit_buffer);
[eva:alarm] miniz_tdef.c:678: Warning: 
  accessing left-value that contains escaping addresses.
  assert ¬\dangling(&d->m_bit_buffer);
[eva:garbled-mix:write] miniz_tdef.c:678: 
  Assigning imprecise value to d->m_bit_buffer
  (pointing to __malloc_w_miniz_def_alloc_func_l169 with offsets {768}).
  The imprecision originates from Misaligned
[eva:alarm] miniz_tdef.c:678: Warning: 
  accessing uninitialized left-value. assert \initialized(&d->m_bits_in);
[eva:alarm] miniz_tdef.c:678: Warning: 
  accessing left-value that contains escaping addresses.
  assert ¬\dangling(&d->m_bits_in);
[eva:garbled-mix:write] miniz_tdef.c:678: 
  Assigning imprecise value to d->m_bits_in
  (pointing to __malloc_w_miniz_def_alloc_func_l169 with offsets {736}).
  The imprecision originates from Misaligned
[eva:alarm] miniz_tdef.c:1303: Warning: 
  accessing left-value that contains escaping addresses.
  assert ¬\dangling(&d->m_prev_return_status);
[eva:garbled-mix:write] miniz_tdef.c:1231: 
  Assigning imprecise value to *(d->m_pIn_buf_size) (pointing to in_bytes;
  out_bytes; __malloc_main_l34 with offsets [0..147573952589676412864];
  __malloc_w_miniz_def_alloc_func_l169 with offsets [0..2554752]).
  The imprecision originates from Misaligned
[eva:alarm] miniz_tdef.c:1294: Warning: 
  accessing left-value that contains escaping addresses.
  assert ¬\dangling(&d->m_prev_return_status);
[eva:alarm] miniz.c:265: Warning: 
  accessing left-value that contains escaping addresses.
  assert ¬\dangling(&in_bytes);
[eva:alarm] miniz_tdef.c:1365: Warning: 
  accessing left-value that contains escaping addresses.
  assert ¬\dangling(&d->m_adler32);
[eva:alarm] miniz.c:270: Warning: 
  accessing left-value that contains escaping addresses.
  assert ¬\dangling(&out_bytes);
[eva:garbled-mix:write] miniz_tdef.c:1259: 
  Assigning imprecise value to d->m_pIn_buf
  (pointing to __malloc_w_miniz_def_alloc_func_l169 with offsets {1088}).
  The imprecision originates from Misaligned
[eva:garbled-mix:write] miniz_tdef.c:1261: 
  Assigning imprecise value to d->m_pOut_buf
  (pointing to __malloc_w_miniz_def_alloc_func_l169 with offsets {1152}).
  The imprecision originates from Misaligned
[eva:garbled-mix:write] miniz_tdef.c:1263: 
  Assigning imprecise value to d->m_pSrc
  (pointing to __malloc_w_miniz_def_alloc_func_l169 with offsets {1408}).
  The imprecision originates from Misaligned
[eva:garbled-mix:write] miniz_tdef.c:1264: 
  Assigning imprecise value to d->m_src_buf_left
  (pointing to __malloc_w_miniz_def_alloc_func_l169 with offsets {1472}).
  The imprecision originates from Misaligned
[eva:alarm] miniz.c:49: Warning: 
  accessing left-value that contains escaping addresses.
  assert ¬\dangling(ptr + 0);
[eva:alarm] miniz.c:50: Warning: 
  accessing left-value that contains escaping addresses.
  assert ¬\dangling(ptr + 1);
[eva:alarm] miniz.c:51: Warning: 
  accessing left-value that contains escaping addresses.
  assert ¬\dangling(ptr + 2);
[eva:alarm] miniz.c:52: Warning: 
  accessing left-value that contains escaping addresses.
  assert ¬\dangling(ptr + 3);
[eva:alarm] miniz.c:53: Warning: 
  accessing left-value that contains escaping addresses.
  assert ¬\dangling(ptr + 4);
[eva:alarm] miniz.c:54: Warning: 
  accessing left-value that contains escaping addresses.
  assert ¬\dangling(ptr + 5);
[eva:alarm] miniz.c:55: Warning: 
  accessing left-value that contains escaping addresses.
  assert ¬\dangling(ptr + 6);
[eva:alarm] miniz.c:56: Warning: 
  accessing left-value that contains escaping addresses.
  assert ¬\dangling(ptr + 7);
[eva:alarm] miniz.c:59: Warning: 
  accessing left-value that contains escaping addresses.
  assert ¬\dangling(tmp);
  (tmp from ptr++)
[eva:locals-escaping] miniz.c:335: Warning: 
  locals {in_bytes, out_bytes} escaping the scope of mz_deflate through __malloc_w_miniz_def_alloc_func_l169
[eva] using specification for function rand
[eva:alarm] examples/example1.c:60: Warning: 
  division by zero. assert cmp_len ≢ 0;
[eva:garbled-mix:write] examples/example1.c:60: 
  Assigning imprecise value to i.
  The imprecision originates from Misaligned
[eva:alarm] examples/example1.c:61: Warning: 
  out of bounds write. assert \valid(pCmp + i);
[eva:alarm] examples/example1.c:61: Warning: 
  accessing uninitialized left-value. assert \initialized(pCmp + i);
[eva:alarm] examples/example1.c:61: Warning: 
  accessing left-value that contains escaping addresses.
  assert ¬\dangling(pCmp + i);
[eva:garbled-mix:write] examples/example1.c:61: 
  Assigning imprecise value to *(pCmp + i)
  (pointing to __malloc_main_l34 with offsets [0..147573952589676412920];
  __malloc_w_miniz_def_alloc_func_l169 with offsets [0..2554808]).
  The imprecision originates from Misaligned
[eva] examples/example1.c:58: starting to merge loop iterations
[eva:alarm] miniz.c:562: Warning: 
  accessing left-value that contains escaping addresses.
  assert ¬\dangling(pDest_len);
[eva:garbled-mix:write] miniz.c:568: 
  Assigning imprecise value to stream.avail_out.
  The imprecision originates from Misaligned
[eva:alarm] miniz.c:447: Warning: 
  accessing uninitialized left-value.
  assert \initialized(&pState->m_window_bits);
[eva:alarm] miniz.c:451: Warning: 
  accessing uninitialized left-value.
  assert \initialized(&pState->m_first_call);
[eva:alarm] miniz.c:453: Warning: 
  accessing uninitialized left-value.
  assert \initialized(&pState->m_last_status);
[eva:alarm] miniz.c:456: Warning: 
  accessing uninitialized left-value.
  assert \initialized(&pState->m_has_flushed);
[eva:alarm] miniz.c:458: Warning: 
  accessing uninitialized left-value.
  assert \initialized(&pState->m_has_flushed);
[eva:garbled-mix:write] miniz.c:465: 
  Assigning imprecise value to out_bytes.
  The imprecision originates from Misaligned
[eva:garbled-mix:write] miniz_tinfl.c:187: 
  Assigning imprecise value to pOut_buf_end.
  The imprecision originates from Misaligned
[eva:alarm] miniz_tinfl.c:197: Warning: 
  accessing uninitialized left-value. assert \initialized(&r->m_num_bits);
[eva:alarm] miniz_tinfl.c:198: Warning: 
  accessing uninitialized left-value. assert \initialized(&r->m_bit_buf);
[eva:alarm] miniz_tinfl.c:198: Warning: 
  accessing left-value that contains escaping addresses.
  assert ¬\dangling(&r->m_bit_buf);
[eva:garbled-mix:write] miniz_tinfl.c:198: 
  Assigning imprecise value to bit_buf.
  The imprecision originates from Misaligned
[eva:alarm] miniz_tinfl.c:199: Warning: 
  accessing uninitialized left-value. assert \initialized(&r->m_dist);
[eva:alarm] miniz_tinfl.c:200: Warning: 
  accessing uninitialized left-value. assert \initialized(&r->m_counter);
[eva:alarm] miniz_tinfl.c:200: Warning: 
  accessing left-value that contains escaping addresses.
  assert ¬\dangling(&r->m_counter);
[eva:garbled-mix:write] miniz_tinfl.c:200: 
  Assigning imprecise value to counter.
  The imprecision originates from Misaligned
[eva:alarm] miniz_tinfl.c:201: Warning: 
  accessing uninitialized left-value. assert \initialized(&r->m_num_extra);
[eva:alarm] miniz_tinfl.c:202: Warning: 
  accessing uninitialized left-value.
  assert \initialized(&r->m_dist_from_out_buf_start);
[eva:alarm] miniz_tinfl.c:203: Warning: 
  accessing uninitialized left-value. assert \initialized(&r->m_state);
[eva:alarm] miniz_tinfl.c:209: Warning: 
  out of bounds read. assert \valid_read(tmp_4);
                      (tmp_4 from pIn_buf_cur++)
[eva:garbled-mix:write] miniz_tinfl.c:209: 
  Assigning imprecise value to r->m_zhdr0
  (pointing to __malloc_w_miniz_def_alloc_func_l169_0 with offsets {64}).
  The imprecision originates from Misaligned
[eva:alarm] miniz_tinfl.c:210: Warning: 
  out of bounds read. assert \valid_read(tmp_5);
                      (tmp_5 from pIn_buf_cur++)
[eva:garbled-mix:write] miniz_tinfl.c:210: 
  Assigning imprecise value to r->m_zhdr1
  (pointing to __malloc_w_miniz_def_alloc_func_l169_0 with offsets {96}).
  The imprecision originates from Misaligned
[eva:alarm] miniz_tinfl.c:211: Warning: 
  accessing uninitialized left-value. assert \initialized(&r->m_zhdr0);
[eva:alarm] miniz_tinfl.c:211: Warning: 
  accessing uninitialized left-value. assert \initialized(&r->m_zhdr1);
[eva:alarm] miniz_tinfl.c:211: Warning: 
  accessing left-value that contains escaping addresses.
  assert ¬\dangling(&r->m_zhdr0);
[eva:alarm] miniz_tinfl.c:211: Warning: 
  accessing left-value that contains escaping addresses.
  assert ¬\dangling(&r->m_zhdr1);
[eva:alarm] miniz_tinfl.c:211: Warning: 
  accessing uninitialized left-value. assert \initialized(&r->m_zhdr1);
[eva:alarm] miniz_tinfl.c:211: Warning: 
  accessing left-value that contains escaping addresses.
  assert ¬\dangling(&r->m_zhdr1);
[eva:alarm] miniz_tinfl.c:211: Warning: 
  accessing uninitialized left-value. assert \initialized(&r->m_zhdr0);
[eva:alarm] miniz_tinfl.c:211: Warning: 
  accessing left-value that contains escaping addresses.
  assert ¬\dangling(&r->m_zhdr0);
[eva:garbled-mix:write] miniz_tinfl.c:222: 
  Assigning imprecise value to r->m_final
  (pointing to __malloc_w_miniz_def_alloc_func_l169_0 with offsets {160}).
  The imprecision originates from Misaligned
[eva:alarm] miniz_tinfl.c:223: Warning: 
  accessing uninitialized left-value. assert \initialized(&r->m_final);
[eva:alarm] miniz_tinfl.c:223: Warning: 
  accessing left-value that contains escaping addresses.
  assert ¬\dangling(&r->m_final);
[eva:garbled-mix:write] miniz_tinfl.c:223: 
  Assigning imprecise value to r->m_type
  (pointing to __malloc_w_miniz_def_alloc_func_l169_0 with offsets {192}).
  The imprecision originates from Misaligned
[eva:loop-unroll:auto] miniz_tinfl.c:230: Automatic loop unrolling.
[eva:alarm] miniz_tinfl.c:230: Warning: 
  pointer comparison.
  assert \pointer_comparable((void *)pIn_buf_cur, (void *)pIn_buf_end);
[eva:alarm] miniz_tinfl.c:230: Warning: 
  accessing uninitialized left-value.
  assert \initialized(tmp_10);
  (tmp_10 from pIn_buf_cur++)
[eva:alarm] miniz_tinfl.c:230: Warning: 
  out of bounds read. assert \valid_read(tmp_10);
                      (tmp_10 from pIn_buf_cur++)
[eva:alarm] miniz_tinfl.c:230: Warning: 
  accessing left-value that contains escaping addresses.
  assert ¬\dangling(tmp_10);
  (tmp_10 from pIn_buf_cur++)
[eva:garbled-mix:write] miniz_tinfl.c:230: 
  Assigning imprecise value to c_1.
  The imprecision originates from Misaligned
[eva:garbled-mix:write] miniz_tinfl.c:230: 
  Assigning imprecise value to bit_buf.
  The imprecision originates from Misaligned
[eva:garbled-mix:write] miniz_tinfl.c:230: 
  Assigning imprecise value to r->m_raw_header[counter]
  (pointing to __malloc_w_miniz_def_alloc_func_l169_0 with offsets {84288}).
  The imprecision originates from Misaligned
[eva:garbled-mix:write] miniz_tinfl.c:230: 
  Assigning imprecise value to bit_buf.
  The imprecision originates from Misaligned
[eva:garbled-mix:write] miniz_tinfl.c:232: 
  Assigning imprecise value to r->m_raw_header[counter]
  (pointing to __malloc_w_miniz_def_alloc_func_l169_0 with offsets {84288}).
  The imprecision originates from Misaligned
[eva:alarm] miniz_tinfl.c:232: Warning: 
  accessing out of bounds index. assert 0 ≤ counter;
[eva:alarm] miniz_tinfl.c:232: Warning: 
  accessing out of bounds index. assert counter < 4;
[eva:alarm] miniz_tinfl.c:232: Warning: 
  out of bounds write. assert \valid(&r->m_raw_header[counter]);
[kernel] miniz_tinfl.c:232: Warning: 
  all target addresses were invalid. This path is assumed to be dead.
[eva:garbled-mix:write] miniz_tinfl.c:230: 
  Assigning imprecise value to r->m_raw_header[counter]
  (pointing to __malloc_w_miniz_def_alloc_func_l169_0 with offsets {84296}).
  The imprecision originates from Misaligned
[eva:garbled-mix:write] miniz_tinfl.c:232: 
  Assigning imprecise value to r->m_raw_header[counter]
  (pointing to __malloc_w_miniz_def_alloc_func_l169_0 with offsets {84296}).
  The imprecision originates from Misaligned
[eva:garbled-mix:write] miniz_tinfl.c:230: 
  Assigning imprecise value to r->m_raw_header[counter]
  (pointing to __malloc_w_miniz_def_alloc_func_l169_0 with offsets {84304}).
  The imprecision originates from Misaligned
[eva:garbled-mix:write] miniz_tinfl.c:232: 
  Assigning imprecise value to r->m_raw_header[counter]
  (pointing to __malloc_w_miniz_def_alloc_func_l169_0 with offsets {84304}).
  The imprecision originates from Misaligned
[eva:garbled-mix:write] miniz_tinfl.c:230: 
  Assigning imprecise value to r->m_raw_header[counter]
  (pointing to __malloc_w_miniz_def_alloc_func_l169_0 with offsets {84312}).
  The imprecision originates from Misaligned
[eva:garbled-mix:write] miniz_tinfl.c:232: 
  Assigning imprecise value to r->m_raw_header[counter]
  (pointing to __malloc_w_miniz_def_alloc_func_l169_0 with offsets {84312}).
  The imprecision originates from Misaligned
[eva:alarm] miniz_tinfl.c:234: Warning: 
  accessing uninitialized left-value. assert \initialized(&r->m_raw_header[0]);
[eva:alarm] miniz_tinfl.c:234: Warning: 
  accessing uninitialized left-value. assert \initialized(&r->m_raw_header[1]);
[eva:alarm] miniz_tinfl.c:234: Warning: 
  accessing left-value that contains escaping addresses.
  assert ¬\dangling(&r->m_raw_header[0]);
[eva:alarm] miniz_tinfl.c:234: Warning: 
  accessing left-value that contains escaping addresses.
  assert ¬\dangling(&r->m_raw_header[1]);
[eva:alarm] miniz_tinfl.c:234: Warning: 
  accessing uninitialized left-value. assert \initialized(&r->m_raw_header[2]);
[eva:alarm] miniz_tinfl.c:234: Warning: 
  accessing uninitialized left-value. assert \initialized(&r->m_raw_header[3]);
[eva:alarm] miniz_tinfl.c:234: Warning: 
  accessing left-value that contains escaping addresses.
  assert ¬\dangling(&r->m_raw_header[2]);
[eva:alarm] miniz_tinfl.c:234: Warning: 
  accessing left-value that contains escaping addresses.
  assert ¬\dangling(&r->m_raw_header[3]);
[eva:loop-unroll:auto] miniz_tinfl.c:240: Automatic loop unrolling.
[eva:alarm] miniz_tinfl.c:240: Warning: 
  pointer comparison.
  assert \pointer_comparable((void *)pIn_buf_cur, (void *)pIn_buf_end);
[eva:alarm] miniz_tinfl.c:240: Warning: 
  accessing uninitialized left-value.
  assert \initialized(tmp_12);
  (tmp_12 from pIn_buf_cur++)
[eva:alarm] miniz_tinfl.c:240: Warning: 
  out of bounds read. assert \valid_read(tmp_12);
                      (tmp_12 from pIn_buf_cur++)
[eva:alarm] miniz_tinfl.c:240: Warning: 
  accessing left-value that contains escaping addresses.
  assert ¬\dangling(tmp_12);
  (tmp_12 from pIn_buf_cur++)
[eva:garbled-mix:write] miniz_tinfl.c:240: 
  Assigning imprecise value to c_2.
  The imprecision originates from Misaligned
[eva:garbled-mix:write] miniz_tinfl.c:240: 
  Assigning imprecise value to bit_buf.
  The imprecision originates from Misaligned
[eva:garbled-mix:write] miniz_tinfl.c:240: 
  Assigning imprecise value to dist.
  The imprecision originates from Misaligned
[eva:garbled-mix:write] miniz_tinfl.c:240: 
  Assigning imprecise value to bit_buf.
  The imprecision originates from Misaligned
[eva:alarm] miniz_tinfl.c:241: Warning: 
  pointer comparison.
  assert \pointer_comparable((void *)pOut_buf_cur, (void *)pOut_buf_end);
[eva:garbled-mix:write] miniz_tinfl.c:245: 
  Assigning imprecise value to *tmp_13
  (pointing to __malloc_main_l35 with offsets {0}).
  The imprecision originates from Misaligned
[eva:garbled-mix:write] miniz_tinfl.c:246: 
  Assigning imprecise value to counter.
  The imprecision originates from Misaligned
[eva:garbled-mix:write] miniz_tinfl.c:245: 
  Assigning imprecise value to *tmp_13
  (pointing to __malloc_main_l35 with offsets {8}).
  The imprecision originates from Misaligned
[eva:garbled-mix:write] miniz_tinfl.c:245: 
  Assigning imprecise value to *tmp_13
  (pointing to __malloc_main_l35 with offsets {16}).
  The imprecision originates from Misaligned
[eva] miniz_tinfl.c:238: starting to merge loop iterations
[eva] miniz_tinfl.c:241: starting to merge loop iterations
[eva:garbled-mix:write] miniz_tinfl.c:245: 
  Assigning imprecise value to *tmp_13
  (pointing to __malloc_main_l35 with offsets {16; 24}).
  The imprecision originates from Misaligned
[eva:garbled-mix:write] miniz_tinfl.c:245: 
  Assigning imprecise value to *tmp_13
  (pointing to __malloc_main_l35 with offsets {16; 24; 32}).
  The imprecision originates from Misaligned
[eva] miniz_tinfl.c:240: starting to merge loop iterations
[eva] miniz_tinfl.c:240: starting to merge loop iterations
[eva:garbled-mix:write] miniz_tinfl.c:245: 
  Assigning imprecise value to *tmp_13
  (pointing to __malloc_main_l35 with offsets {16; 24; 32; 40}).
  The imprecision originates from Misaligned
[eva:garbled-mix:write] miniz_tinfl.c:245: 
  Assigning imprecise value to *tmp_13
  (pointing to __malloc_main_l35 with offsets [16..3912],0%8).
  The imprecision originates from Misaligned
[eva:alarm] miniz_tinfl.c:245: Warning: 
  out of bounds write. assert \valid(tmp_13);
                       (tmp_13 from pOut_buf_cur++)
[eva] miniz_tinfl.c:248: starting to merge loop iterations
[eva:alarm] miniz_tinfl.c:565: Warning: 
  accessing uninitialized left-value. assert \initialized(&r->m_final);
[eva:alarm] miniz_tinfl.c:565: Warning: 
  accessing left-value that contains escaping addresses.
  assert ¬\dangling(&r->m_final);
[eva:garbled-mix:write] miniz_tinfl.c:230: 
  Assigning imprecise value to tmp_10.
  The imprecision originates from Misaligned
[eva:garbled-mix:write] miniz_tinfl.c:230: 
  Assigning imprecise value to pIn_buf_cur.
  The imprecision originates from Misaligned
[eva] miniz_tinfl.c:232: starting to merge loop iterations
[eva] miniz_tinfl.c:230: starting to merge loop iterations
[eva] miniz_tinfl.c:230: starting to merge loop iterations
[eva:garbled-mix:write] miniz_tinfl.c:240: 
  Assigning imprecise value to tmp_12.
  The imprecision originates from Misaligned
[eva:garbled-mix:write] miniz_tinfl.c:240: 
  Assigning imprecise value to pIn_buf_cur.
  The imprecision originates from Misaligned
[eva:garbled-mix:write] miniz_tinfl.c:245: 
  Assigning imprecise value to tmp_13.
  The imprecision originates from Misaligned
[eva:garbled-mix:write] miniz_tinfl.c:245: 
  Assigning imprecise value to pOut_buf_cur.
  The imprecision originates from Misaligned
[eva:garbled-mix:write] miniz_tinfl.c:245: 
  Assigning imprecise value to *tmp_13
  (pointing to __malloc_main_l34 with offsets [0..147573952589676412920];
  __malloc_main_l35 with offsets [0..3912];
  __malloc_w_miniz_def_alloc_func_l169 with offsets [0..2554808]).
  The imprecision originates from Misaligned
[eva:alarm] miniz_tinfl.c:292: Warning: 
  accessing uninitialized left-value.
  assert \initialized("\005\005\004" + counter);
[eva:alarm] miniz_tinfl.c:292: Warning: 
  out of bounds read. assert \valid_read("\005\005\004" + counter);
[eva:alarm] miniz_tinfl.c:292: Warning: 
  accessing left-value that contains escaping addresses.
  assert ¬\dangling("\005\005\004" + counter);
[eva:garbled-mix:write] miniz_tinfl.c:292: 
  Assigning imprecise value to r->m_table_sizes[counter]
  (pointing to __malloc_w_miniz_def_alloc_func_l169_0 with offsets {352}).
  The imprecision originates from Misaligned
[eva:alarm] miniz_tinfl.c:292: Warning: 
  accessing out of bounds index. assert counter < TINFL_MAX_HUFF_TABLES;
[eva:garbled-mix:write] miniz_tinfl.c:292: 
  Assigning imprecise value to r->m_table_sizes[counter]
  (pointing to __malloc_w_miniz_def_alloc_func_l169_0 with offsets {352; 384;
                                                                    416}).
  The imprecision originates from Misaligned
[eva:alarm] miniz_tinfl.c:293: Warning: 
  accessing uninitialized left-value.
  assert \initialized(&r->m_table_sizes[counter]);
[eva:alarm] miniz_tinfl.c:293: Warning: 
  accessing left-value that contains escaping addresses.
  assert ¬\dangling(&r->m_table_sizes[counter]);
[eva:garbled-mix:write] miniz_tinfl.c:293: 
  Assigning imprecise value to r->m_table_sizes[counter]
  (pointing to __malloc_w_miniz_def_alloc_func_l169_0 with offsets {352}).
  The imprecision originates from Misaligned
[eva:garbled-mix:write] miniz_tinfl.c:293: 
  Assigning imprecise value to r->m_table_sizes[counter]
  (pointing to __malloc_w_miniz_def_alloc_func_l169_0 with offsets {352; 384;
                                                                    416}).
  The imprecision originates from Misaligned
[eva:garbled-mix:write] miniz_tinfl.c:292: 
  Assigning imprecise value to r->m_table_sizes[counter]
  (pointing to __malloc_w_miniz_def_alloc_func_l169_0 with offsets {384}).
  The imprecision originates from Misaligned
[eva:garbled-mix:write] miniz_tinfl.c:292: 
  Assigning imprecise value to r->m_table_sizes[counter]
  (pointing to __malloc_w_miniz_def_alloc_func_l169_0 with offsets {384; 416}).
  The imprecision originates from Misaligned
[eva:garbled-mix:write] miniz_tinfl.c:293: 
  Assigning imprecise value to r->m_table_sizes[counter]
  (pointing to __malloc_w_miniz_def_alloc_func_l169_0 with offsets {384}).
  The imprecision originates from Misaligned
[eva:garbled-mix:write] miniz_tinfl.c:293: 
  Assigning imprecise value to r->m_table_sizes[counter]
  (pointing to __malloc_w_miniz_def_alloc_func_l169_0 with offsets {384; 416}).
  The imprecision originates from Misaligned
[eva] miniz_tinfl.c:290: starting to merge loop iterations
[eva:garbled-mix:write] miniz_tinfl.c:292: 
  Assigning imprecise value to r->m_table_sizes[counter]
  (pointing to __malloc_w_miniz_def_alloc_func_l169_0 with offsets {416}).
  The imprecision originates from Misaligned
[eva:garbled-mix:write] miniz_tinfl.c:293: 
  Assigning imprecise value to r->m_table_sizes[counter]
  (pointing to __malloc_w_miniz_def_alloc_func_l169_0 with offsets {416}).
  The imprecision originates from Misaligned
[eva] miniz_tinfl.c:292: starting to merge loop iterations
[eva] miniz_tinfl.c:292: starting to merge loop iterations
[eva:alarm] miniz_tinfl.c:296: Warning: 
  accessing uninitialized left-value.
  assert \initialized(&r->m_table_sizes[2]);
[eva:alarm] miniz_tinfl.c:296: Warning: 
  accessing left-value that contains escaping addresses.
  assert ¬\dangling(&r->m_table_sizes[2]);
[eva:alarm] miniz_tinfl.c:300: Warning: 
  accessing out of bounds index. assert 0 ≤ counter;
[eva:alarm] miniz_tinfl.c:300: Warning: 
  accessing uninitialized left-value.
  assert \initialized(&tinfl_decompress_s_length_dezigzag[counter]);
[eva:alarm] miniz_tinfl.c:300: Warning: 
  out of bounds read.
  assert \valid_read(&tinfl_decompress_s_length_dezigzag[counter]);
[eva:alarm] miniz_tinfl.c:300: Warning: 
  accessing left-value that contains escaping addresses.
  assert ¬\dangling(&tinfl_decompress_s_length_dezigzag[counter]);
[eva:alarm] miniz_tinfl.c:300: Warning: 
  accessing out of bounds index.
  assert 0 ≤ tinfl_decompress_s_length_dezigzag[counter];
[eva:alarm] miniz_tinfl.c:300: Warning: 
  accessing out of bounds index.
  assert
  tinfl_decompress_s_length_dezigzag[counter] < TINFL_MAX_HUFF_SYMBOLS_0;
[eva:alarm] miniz_tinfl.c:300: Warning: 
  out of bounds write.
  assert
  \valid(&r->m_tables[2].m_code_size[tinfl_decompress_s_length_dezigzag[counter]]);
[kernel] miniz_tinfl.c:300: Warning: 
  all target addresses were invalid. This path is assumed to be dead.
[eva:alarm] miniz_tinfl.c:304: Warning: 
  accessing uninitialized left-value. assert \initialized(&r->m_type);
[eva:alarm] miniz_tinfl.c:304: Warning: 
  accessing left-value that contains escaping addresses.
  assert ¬\dangling(&r->m_type);
[eva:alarm] miniz_tinfl.c:309: Warning: 
  accessing uninitialized left-value. assert \initialized(&r->m_type);
[eva:alarm] miniz_tinfl.c:309: Warning: 
  accessing left-value that contains escaping addresses.
  assert ¬\dangling(&r->m_type);
[eva:alarm] miniz_tinfl.c:313: Warning: 
  accessing uninitialized left-value. assert \initialized(&r->m_type);
[eva:alarm] miniz_tinfl.c:313: Warning: 
  accessing left-value that contains escaping addresses.
  assert ¬\dangling(&r->m_type);
[eva:garbled-mix:write] miniz_tinfl.c:572: 
  Assigning imprecise value to pIn_buf_cur.
  The imprecision originates from Misaligned
[eva:alarm] miniz_tinfl.c:575: Warning: 
  invalid RHS operand for shift. assert 0 ≤ num_bits < 64;
[eva:alarm] miniz_tinfl.c:576: Warning: 
  function __FC_assert: precondition 'nonnull_c' got status unknown.
[eva:alarm] miniz_tinfl.c:587: Warning: 
  accessing uninitialized left-value. assert \initialized(&r->m_z_adler32);
[eva:alarm] miniz_tinfl.c:587: Warning: 
  accessing left-value that contains escaping addresses.
  assert ¬\dangling(&r->m_z_adler32);
[eva:garbled-mix:write] miniz_tinfl.c:587: 
  Assigning imprecise value to r->m_z_adler32
  (pointing to __malloc_w_miniz_def_alloc_func_l169_0 with offsets {128}).
  The imprecision originates from Misaligned
[eva:garbled-mix:write] miniz_tinfl.c:580: 
  Assigning imprecise value to counter.
  The imprecision originates from Misaligned
[eva:loop-unroll:auto] miniz_tinfl.c:584: Automatic loop unrolling.
[eva:alarm] miniz_tinfl.c:584: Warning: 
  pointer comparison.
  assert \pointer_comparable((void *)pIn_buf_cur, (void *)pIn_buf_end);
[eva:alarm] miniz_tinfl.c:584: Warning: 
  accessing uninitialized left-value.
  assert \initialized(tmp_45);
  (tmp_45 from pIn_buf_cur++)
[eva:alarm] miniz_tinfl.c:584: Warning: 
  out of bounds read. assert \valid_read(tmp_45);
                      (tmp_45 from pIn_buf_cur++)
[eva:alarm] miniz_tinfl.c:584: Warning: 
  accessing left-value that contains escaping addresses.
  assert ¬\dangling(tmp_45);
  (tmp_45 from pIn_buf_cur++)
[eva:garbled-mix:write] miniz_tinfl.c:584: 
  Assigning imprecise value to c_12.
  The imprecision originates from Misaligned
[eva:garbled-mix:write] miniz_tinfl.c:584: 
  Assigning imprecise value to bit_buf.
  The imprecision originates from Misaligned
[eva:garbled-mix:write] miniz_tinfl.c:584: 
  Assigning imprecise value to s_1.
  The imprecision originates from Misaligned
[eva:garbled-mix:write] miniz_tinfl.c:584: 
  Assigning imprecise value to bit_buf.
  The imprecision originates from Misaligned
[eva] miniz_tinfl.c:580: starting to merge loop iterations
[eva] miniz_tinfl.c:584: starting to merge loop iterations
[eva] miniz_tinfl.c:584: starting to merge loop iterations
[eva:garbled-mix:write] miniz_tinfl.c:584: 
  Assigning imprecise value to tmp_45.
  The imprecision originates from Misaligned
[eva:garbled-mix:write] miniz_tinfl.c:584: 
  Assigning imprecise value to pIn_buf_cur.
  The imprecision originates from Misaligned
[eva:garbled-mix:write] miniz_tinfl.c:602: 
  Assigning imprecise value to pIn_buf_cur.
  The imprecision originates from Misaligned
[eva:alarm] miniz_tinfl.c:607: Warning: 
  invalid RHS operand for shift. assert 0 ≤ num_bits < 64;
[eva:garbled-mix:write] miniz_tinfl.c:607: 
  Assigning imprecise value to r->m_bit_buf
  (pointing to __malloc_w_miniz_def_alloc_func_l169_0 with offsets {448}).
  The imprecision originates from Misaligned
[eva:garbled-mix:write] miniz_tinfl.c:608: 
  Assigning imprecise value to r->m_dist
  (pointing to __malloc_w_miniz_def_alloc_func_l169_0 with offsets {256}).
  The imprecision originates from Misaligned
[eva:garbled-mix:write] miniz_tinfl.c:609: 
  Assigning imprecise value to r->m_counter
  (pointing to __malloc_w_miniz_def_alloc_func_l169_0 with offsets {288}).
  The imprecision originates from Misaligned
[eva:alarm] miniz_tinfl.c:618: Warning: 
  accessing uninitialized left-value. assert \initialized(&r->m_check_adler32);
[eva:alarm] miniz_tinfl.c:618: Warning: 
  accessing left-value that contains escaping addresses.
  assert ¬\dangling(&r->m_check_adler32);
[eva:garbled-mix:write] miniz_tinfl.c:618: 
  Assigning imprecise value to s1.
  The imprecision originates from Misaligned
[eva:alarm] miniz_tinfl.c:618: Warning: 
  accessing uninitialized left-value. assert \initialized(&r->m_check_adler32);
[eva:alarm] miniz_tinfl.c:618: Warning: 
  accessing left-value that contains escaping addresses.
  assert ¬\dangling(&r->m_check_adler32);
[eva:garbled-mix:write] miniz_tinfl.c:618: 
  Assigning imprecise value to s2.
  The imprecision originates from Misaligned
[eva:garbled-mix:write] miniz_tinfl.c:639: 
  Assigning imprecise value to r->m_check_adler32
  (pointing to __malloc_w_miniz_def_alloc_func_l169_0 with offsets {224}).
  The imprecision originates from Misaligned
[eva:alarm] miniz_tinfl.c:640: Warning: 
  accessing uninitialized left-value. assert \initialized(&r->m_z_adler32);
[eva:alarm] miniz_tinfl.c:640: Warning: 
  accessing left-value that contains escaping addresses.
  assert ¬\dangling(&r->m_z_adler32);
[eva:alarm] miniz.c:471: Warning: 
  accessing uninitialized left-value.
  assert \initialized(&pState->m_decomp.m_check_adler32);
[eva:alarm] miniz.c:471: Warning: 
  accessing left-value that contains escaping addresses.
  assert ¬\dangling(&pState->m_decomp.m_check_adler32);
[eva:alarm] miniz.c:489: Warning: 
  accessing uninitialized left-value.
  assert \initialized(&pState->m_dict_avail);
[eva:garbled-mix:write] miniz.c:503: 
  Assigning imprecise value to in_bytes.
  The imprecision originates from Misaligned
[eva:alarm] miniz.c:504: Warning: 
  accessing uninitialized left-value. assert \initialized(&pState->m_dict_ofs);
[eva:alarm] miniz.c:506: Warning: 
  accessing uninitialized left-value. assert \initialized(&pState->m_dict_ofs);
[eva:alarm] miniz_tinfl.c:188: Warning: 
  pointer subtraction.
  assert \base_addr(pOut_buf_next) ≡ \base_addr(pOut_buf_start);
[eva:alarm] miniz_tinfl.c:191: Warning: 
  pointer comparison.
  assert \pointer_comparable((void *)pOut_buf_next, (void *)pOut_buf_start);
[eva:alarm] miniz_tinfl.c:213: Warning: 
  accessing uninitialized left-value. assert \initialized(&r->m_zhdr0);
[eva:alarm] miniz_tinfl.c:213: Warning: 
  accessing left-value that contains escaping addresses.
  assert ¬\dangling(&r->m_zhdr0);
[eva:alarm] miniz_tinfl.c:213: Warning: 
  invalid RHS operand for shift.
  assert 0 ≤ (unsigned int)(8U + (mz_uint32)(r->m_zhdr0 >> 4)) < 32;
[eva:alarm] miniz_tinfl.c:213: Warning: 
  accessing uninitialized left-value. assert \initialized(&r->m_zhdr0);
[eva:alarm] miniz_tinfl.c:213: Warning: 
  accessing left-value that contains escaping addresses.
  assert ¬\dangling(&r->m_zhdr0);
[eva:alarm] miniz_tinfl.c:213: Warning: 
  invalid RHS operand for shift.
  assert 0 ≤ (unsigned int)(8U + (mz_uint32)(r->m_zhdr0 >> 4)) < 32;
[eva:garbled-mix:write] miniz_tinfl.c:245: 
  Assigning imprecise value to *tmp_13
  (pointing to __malloc_w_miniz_def_alloc_func_l169_0 with offsets {88160}).
  The imprecision originates from Misaligned
[eva:garbled-mix:write] miniz_tinfl.c:245: 
  Assigning imprecise value to *tmp_13
  (pointing to __malloc_w_miniz_def_alloc_func_l169_0 with offsets {88168}).
  The imprecision originates from Misaligned
[eva:garbled-mix:write] miniz_tinfl.c:245: 
  Assigning imprecise value to *tmp_13
  (pointing to __malloc_w_miniz_def_alloc_func_l169_0 with offsets {88176}).
  The imprecision originates from Misaligned
[eva:garbled-mix:write] miniz_tinfl.c:245: 
  Assigning imprecise value to *tmp_13
  (pointing to __malloc_w_miniz_def_alloc_func_l169_0 with offsets {88176;
                                                                    88184}).
  The imprecision originates from Misaligned
[eva:garbled-mix:write] miniz_tinfl.c:245: 
  Assigning imprecise value to *tmp_13
  (pointing to __malloc_w_miniz_def_alloc_func_l169_0 with offsets {88176;
                                                                    88184;
                                                                    88192}).
  The imprecision originates from Misaligned
[eva:garbled-mix:write] miniz_tinfl.c:245: 
  Assigning imprecise value to *tmp_13
  (pointing to __malloc_w_miniz_def_alloc_func_l169_0 with offsets {88176;
                                                                    88184;
                                                                    88192;
                                                                    88200}).
  The imprecision originates from Misaligned
[eva:garbled-mix:write] miniz_tinfl.c:245: 
  Assigning imprecise value to *tmp_13
  (pointing to __malloc_w_miniz_def_alloc_func_l169_0 with offsets [88176..350328],0%8).
  The imprecision originates from Misaligned
[eva:garbled-mix:write] miniz_tinfl.c:245: 
  Assigning imprecise value to *tmp_13
  (pointing to __malloc_main_l34 with offsets [0..147573952589676412920];
  __malloc_w_miniz_def_alloc_func_l169 with offsets [0..2554808];
  __malloc_w_miniz_def_alloc_func_l169_0 with offsets [0..350328]).
  The imprecision originates from Misaligned
[kernel] miniz_tinfl.c:624: 
  more than 20(4093) elements to enumerate. Approximating.
[kernel] miniz_tinfl.c:625: 
  more than 20(4093) elements to enumerate. Approximating.
[kernel] miniz_tinfl.c:626: 
  more than 20(4093) elements to enumerate. Approximating.
[kernel] miniz_tinfl.c:627: 
  more than 20(4093) elements to enumerate. Approximating.
[kernel] miniz_tinfl.c:628: 
  more than 20(4092) elements to enumerate. Approximating.
[kernel] miniz_tinfl.c:629: 
  more than 20(4092) elements to enumerate. Approximating.
[kernel] miniz_tinfl.c:630: 
  more than 20(4092) elements to enumerate. Approximating.
[kernel] miniz_tinfl.c:631: 
  more than 20(4092) elements to enumerate. Approximating.
[kernel] miniz_tinfl.c:634: 
  more than 20(4097) elements to enumerate. Approximating.
[kernel] miniz_tinfl.c:634: 
  more than 20(4096) elements to enumerate. Approximating.
[eva:garbled-mix:write] miniz.c:509: 
  Assigning imprecise value to pStream->next_in
  (pointing to stream with offsets {0}).
  The imprecision originates from Misaligned
[eva:garbled-mix:write] miniz.c:510: 
  Assigning imprecise value to pStream->avail_in
  (pointing to stream with offsets {64}).
  The imprecision originates from Misaligned
[eva:garbled-mix:write] miniz.c:511: 
  Assigning imprecise value to pStream->total_in
  (pointing to stream with offsets {128}).
  The imprecision originates from Misaligned
[eva:alarm] miniz.c:512: Warning: 
  accessing uninitialized left-value.
  assert \initialized(&pState->m_decomp.m_check_adler32);
[eva:alarm] miniz.c:512: Warning: 
  accessing left-value that contains escaping addresses.
  assert ¬\dangling(&pState->m_decomp.m_check_adler32);
[eva:garbled-mix:write] miniz.c:512: 
  Assigning imprecise value to pStream->adler
  (pointing to stream with offsets {768}).
  The imprecision originates from Misaligned
[eva:garbled-mix:write] miniz.c:514: 
  Assigning imprecise value to pState->m_dict_avail
  (pointing to __malloc_w_miniz_def_alloc_func_l169_0 with offsets {88032}).
  The imprecision originates from Misaligned
[eva:garbled-mix:write] miniz.c:516: 
  Assigning imprecise value to n.
  The imprecision originates from Misaligned
[eva:alarm] miniz.c:517: Warning: 
  accessing uninitialized left-value. assert \initialized(&pState->m_dict_ofs);
[eva:alarm] miniz.c:517: Warning: 
  accessing left-value that contains escaping addresses.
  assert ¬\dangling(&pState->m_dict_ofs);
[eva:alarm] miniz.c:517: Warning: 
  function memcpy: precondition 'valid_dest' got status unknown.
[eva:alarm] miniz.c:517: Warning: 
  function memcpy: precondition 'valid_src' got status unknown.
[eva:garbled-mix:write] miniz.c:518: 
  Assigning imprecise value to pStream->next_out
  (pointing to stream with offsets {192}).
  The imprecision originates from Misaligned
[eva:garbled-mix:write] miniz.c:519: 
  Assigning imprecise value to pStream->avail_out
  (pointing to stream with offsets {256}).
  The imprecision originates from Misaligned
[eva:garbled-mix:write] miniz.c:520: 
  Assigning imprecise value to pStream->total_out
  (pointing to stream with offsets {320}).
  The imprecision originates from Misaligned
[eva:garbled-mix:write] miniz.c:521: 
  Assigning imprecise value to pState->m_dict_avail
  (pointing to __malloc_w_miniz_def_alloc_func_l169_0 with offsets {88032}).
  The imprecision originates from Misaligned
[eva:alarm] miniz.c:522: Warning: 
  accessing uninitialized left-value. assert \initialized(&pState->m_dict_ofs);
[eva:alarm] miniz.c:522: Warning: 
  accessing left-value that contains escaping addresses.
  assert ¬\dangling(&pState->m_dict_ofs);
[eva:garbled-mix:write] miniz.c:522: 
  Assigning imprecise value to pState->m_dict_ofs
  (pointing to __malloc_w_miniz_def_alloc_func_l169_0 with offsets {88000}).
  The imprecision originates from Misaligned
[eva:alarm] miniz.c:504: Warning: 
  accessing left-value that contains escaping addresses.
  assert ¬\dangling(&pState->m_dict_ofs);
[eva:garbled-mix:write] miniz.c:504: 
  Assigning imprecise value to out_bytes.
  The imprecision originates from Misaligned
[eva:alarm] miniz.c:506: Warning: 
  accessing left-value that contains escaping addresses.
  assert ¬\dangling(&pState->m_dict_ofs);
[eva:garbled-mix:write] miniz_tinfl.c:186: 
  Assigning imprecise value to pIn_buf_cur.
  The imprecision originates from Misaligned
[eva:garbled-mix:write] miniz_tinfl.c:187: 
  Assigning imprecise value to pOut_buf_cur.
  The imprecision originates from Misaligned
[eva:alarm] miniz_tinfl.c:188: Warning: 
  signed overflow.
  assert -9223372036854775808 ≤ pOut_buf_next - pOut_buf_start;
[eva:alarm] miniz_tinfl.c:188: Warning: 
  signed overflow.
  assert pOut_buf_next - pOut_buf_start ≤ 9223372036854775807;
[eva:garbled-mix:write] miniz_tinfl.c:188: 
  Assigning imprecise value to tmp.
  The imprecision originates from Misaligned
[eva:garbled-mix:write] miniz_tinfl.c:188: 
  Assigning imprecise value to out_buf_size_mask.
  The imprecision originates from Misaligned
[eva:alarm] miniz_tinfl.c:197: Warning: 
  accessing left-value that contains escaping addresses.
  assert ¬\dangling(&r->m_num_bits);
[eva:garbled-mix:write] miniz_tinfl.c:197: 
  Assigning imprecise value to num_bits.
  The imprecision originates from Misaligned
[eva:alarm] miniz_tinfl.c:199: Warning: 
  accessing left-value that contains escaping addresses.
  assert ¬\dangling(&r->m_dist);
[eva:garbled-mix:write] miniz_tinfl.c:199: 
  Assigning imprecise value to dist.
  The imprecision originates from Misaligned
[eva:alarm] miniz_tinfl.c:201: Warning: 
  accessing left-value that contains escaping addresses.
  assert ¬\dangling(&r->m_num_extra);
[eva:garbled-mix:write] miniz_tinfl.c:201: 
  Assigning imprecise value to num_extra.
  The imprecision originates from Misaligned
[eva:alarm] miniz_tinfl.c:202: Warning: 
  accessing left-value that contains escaping addresses.
  assert ¬\dangling(&r->m_dist_from_out_buf_start);
[eva:garbled-mix:write] miniz_tinfl.c:202: 
  Assigning imprecise value to dist_from_out_buf_start.
  The imprecision originates from Misaligned
[eva:alarm] miniz_tinfl.c:203: Warning: 
  accessing left-value that contains escaping addresses.
  assert ¬\dangling(&r->m_state);
[eva:garbled-mix:write] miniz_tinfl.c:209: 
  Assigning imprecise value to tmp_4.
  The imprecision originates from Misaligned
[eva:garbled-mix:write] miniz_tinfl.c:209: 
  Assigning imprecise value to pIn_buf_cur.
  The imprecision originates from Misaligned
[eva:garbled-mix:write] miniz_tinfl.c:210: 
  Assigning imprecise value to tmp_5.
  The imprecision originates from Misaligned
[eva:garbled-mix:write] miniz_tinfl.c:210: 
  Assigning imprecise value to pIn_buf_cur.
  The imprecision originates from Misaligned
[eva:alarm] miniz_tinfl.c:512: Warning: 
  pointer comparison.
  assert \pointer_comparable((void *)pOut_buf_cur, (void *)pOut_buf_end);
[eva:garbled-mix:write] miniz_tinfl.c:516: 
  Assigning imprecise value to tmp_40.
  The imprecision originates from Misaligned
[eva:garbled-mix:write] miniz_tinfl.c:516: 
  Assigning imprecise value to pOut_buf_cur.
  The imprecision originates from Misaligned
[eva:garbled-mix:write] miniz_tinfl.c:516: 
  Assigning imprecise value to tmp_41.
  The imprecision originates from Misaligned
[eva:garbled-mix:write] miniz_tinfl.c:516: 
  Assigning imprecise value to dist_from_out_buf_start.
  The imprecision originates from Misaligned
[eva:alarm] miniz_tinfl.c:516: Warning: 
  out of bounds write. assert \valid(tmp_40);
                       (tmp_40 from pOut_buf_cur++)
[eva:alarm] miniz_tinfl.c:516: Warning: 
  accessing uninitialized left-value.
  assert
  \initialized(pOut_buf_start +
               (unsigned long)((size_t)(tmp_41 - (size_t)dist) &
                               out_buf_size_mask));
  (tmp_41 from dist_from_out_buf_start++)
[eva:alarm] miniz_tinfl.c:516: Warning: 
  out of bounds read.
  assert
  \valid_read(pOut_buf_start +
              (unsigned long)((size_t)(tmp_41 - (size_t)dist) &
                              out_buf_size_mask));
  (tmp_41 from dist_from_out_buf_start++)
[eva:alarm] miniz_tinfl.c:516: Warning: 
  accessing left-value that contains escaping addresses.
  assert
  ¬\dangling(pOut_buf_start +
              (unsigned long)((size_t)(tmp_41 - (size_t)dist) &
                              out_buf_size_mask));
  (tmp_41 from dist_from_out_buf_start++)
[eva:garbled-mix:write] miniz_tinfl.c:516: 
  Assigning imprecise value to *tmp_40
  (pointing to __malloc_main_l34 with offsets [0..147573952589676412920];
  __malloc_w_miniz_def_alloc_func_l169 with offsets [0..2554808];
  __malloc_w_miniz_def_alloc_func_l169_0 with offsets [0..350328]).
  The imprecision originates from Misaligned
[eva:garbled-mix:write] miniz_tinfl.c:510: 
  Assigning imprecise value to tmp_42.
  The imprecision originates from Misaligned
[eva:garbled-mix:write] miniz_tinfl.c:510: 
  Assigning imprecise value to counter.
  The imprecision originates from Misaligned
[eva:alarm] miniz_tinfl.c:402: Warning: 
  pointer comparison.
  assert \pointer_comparable((void *)pIn_buf_cur, (void *)pIn_buf_end);
[eva:garbled-mix:write] miniz_tinfl.c:402: 
  Assigning imprecise value to tmp_30.
  The imprecision originates from Misaligned
[eva:garbled-mix:write] miniz_tinfl.c:402: 
  Assigning imprecise value to pIn_buf_cur.
  The imprecision originates from Misaligned
[eva:alarm] miniz_tinfl.c:402: Warning: 
  accessing uninitialized left-value.
  assert \initialized(tmp_30);
  (tmp_30 from pIn_buf_cur++)
[eva:alarm] miniz_tinfl.c:402: Warning: 
  out of bounds read. assert \valid_read(tmp_30);
                      (tmp_30 from pIn_buf_cur++)
[eva:alarm] miniz_tinfl.c:402: Warning: 
  accessing left-value that contains escaping addresses.
  assert ¬\dangling(tmp_30);
  (tmp_30 from pIn_buf_cur++)
[eva:garbled-mix:write] miniz_tinfl.c:402: 
  Assigning imprecise value to c_7.
  The imprecision originates from Misaligned
[eva:alarm] miniz_tinfl.c:402: Warning: 
  invalid RHS operand for shift. assert 0 ≤ num_bits < 64;
[eva:garbled-mix:write] miniz_tinfl.c:402: 
  Assigning imprecise value to bit_buf.
  The imprecision originates from Misaligned
[eva:garbled-mix:write] miniz_tinfl.c:402: 
  Assigning imprecise value to num_bits.
  The imprecision originates from Misaligned
[eva:garbled-mix:write] miniz_tinfl.c:402: 
  Assigning imprecise value to temp_0.
  The imprecision originates from Misaligned
[eva:garbled-mix:write] miniz_tinfl.c:402: 
  Assigning imprecise value to code_len_0.
  The imprecision originates from Misaligned
[eva:alarm] miniz_tinfl.c:402: Warning: 
  accessing out of bounds index.
  assert
  0 ≤
  (unsigned long)((unsigned long)((int)(~temp_0)) +
                  (unsigned long)((tinfl_bit_buf_t)(bit_buf >> tmp_29) & 1));
  (tmp_29 from code_len_0++)
[eva:alarm] miniz_tinfl.c:402: Warning: 
  accessing out of bounds index.
  assert
  (unsigned long)((unsigned long)((int)(~temp_0)) +
                  (unsigned long)((tinfl_bit_buf_t)(bit_buf >> tmp_29) & 1))
  < (int)(TINFL_MAX_HUFF_SYMBOLS_0 * 2);
  (tmp_29 from code_len_0++)
[eva:alarm] miniz_tinfl.c:402: Warning: 
  accessing uninitialized left-value.
  assert
  \initialized(&r->m_tables[0].m_tree[(unsigned long)((unsigned long)((int)
                                                                      (~temp_0))
                                                      +
                                                      (unsigned long)((tinfl_bit_buf_t)
                                                                      (bit_buf
                                                                      >> tmp_29)
                                                                      & 1))]);
  (tmp_29 from code_len_0++)
[eva:alarm] miniz_tinfl.c:402: Warning: 
  out of bounds read.
  assert
  \valid_read(&r->m_tables[0].m_tree[(unsigned long)((unsigned long)((int)
                                                                      (~temp_0))
                                                     +
                                                     (unsigned long)((tinfl_bit_buf_t)
                                                                     (bit_buf
                                                                      >> tmp_29)
                                                                     & 1))]);
  (tmp_29 from code_len_0++)
[eva:alarm] miniz_tinfl.c:402: Warning: 
  accessing left-value that contains escaping addresses.
  assert
  ¬\dangling(&r->m_tables[0].m_tree[(unsigned long)((unsigned long)((int)
                                                                      (~temp_0))
                                                     +
                                                     (unsigned long)((tinfl_bit_buf_t)
                                                                     (bit_buf
                                                                      >> tmp_29)
                                                                     & 1))]);
  (tmp_29 from code_len_0++)
[eva:garbled-mix:write] miniz_tinfl.c:402: 
  Assigning imprecise value to temp_0.
  The imprecision originates from Misaligned
[eva] miniz_tinfl.c:402: starting to merge loop iterations
[eva:alarm] miniz_tinfl.c:402: Warning: 
  invalid RHS operand for shift.
  assert 0 ≤ tmp_29 < 64;
  (tmp_29 from code_len_0++)
[eva:alarm] miniz_tinfl.c:402: Warning: 
  invalid RHS operand for shift. assert 0 ≤ num_bits < 64;
[eva:alarm] miniz_tinfl.c:402: Warning: 
  invalid RHS operand for shift. assert 0 ≤ (mz_uint32)(num_bits + 8) < 64;
[eva:garbled-mix:write] miniz_tinfl.c:402: 
  Assigning imprecise value to num_bits.
  The imprecision originates from Misaligned
[eva:garbled-mix:write] miniz_tinfl.c:402: 
  Assigning imprecise value to temp_0.
  The imprecision originates from Misaligned
[eva:garbled-mix:write] miniz_tinfl.c:402: 
  Assigning imprecise value to code_len_0.
  The imprecision originates from Misaligned
[eva:garbled-mix:write] miniz_tinfl.c:402: 
  Assigning imprecise value to temp_0.
  The imprecision originates from Misaligned
[eva:alarm] miniz_tinfl.c:402: Warning: 
  accessing out of bounds index.
  assert
  0 ≤
  (unsigned long)((unsigned long)((int)(~temp_0)) +
                  (unsigned long)((tinfl_bit_buf_t)(bit_buf >> tmp_31) & 1));
  (tmp_31 from code_len_0++)
[eva:alarm] miniz_tinfl.c:402: Warning: 
  accessing out of bounds index.
  assert
  (unsigned long)((unsigned long)((int)(~temp_0)) +
                  (unsigned long)((tinfl_bit_buf_t)(bit_buf >> tmp_31) & 1))
  < (int)(TINFL_MAX_HUFF_SYMBOLS_0 * 2);
  (tmp_31 from code_len_0++)
[eva:alarm] miniz_tinfl.c:402: Warning: 
  accessing uninitialized left-value.
  assert
  \initialized(&r->m_tables[0].m_tree[(unsigned long)((unsigned long)((int)
                                                                      (~temp_0))
                                                      +
                                                      (unsigned long)((tinfl_bit_buf_t)
                                                                      (bit_buf
                                                                      >> tmp_31)
                                                                      & 1))]);
  (tmp_31 from code_len_0++)
[eva:alarm] miniz_tinfl.c:402: Warning: 
  out of bounds read.
  assert
  \valid_read(&r->m_tables[0].m_tree[(unsigned long)((unsigned long)((int)
                                                                      (~temp_0))
                                                     +
                                                     (unsigned long)((tinfl_bit_buf_t)
                                                                     (bit_buf
                                                                      >> tmp_31)
                                                                     & 1))]);
  (tmp_31 from code_len_0++)
[eva:alarm] miniz_tinfl.c:402: Warning: 
  accessing left-value that contains escaping addresses.
  assert
  ¬\dangling(&r->m_tables[0].m_tree[(unsigned long)((unsigned long)((int)
                                                                      (~temp_0))
                                                     +
                                                     (unsigned long)((tinfl_bit_buf_t)
                                                                     (bit_buf
                                                                      >> tmp_31)
                                                                     & 1))]);
  (tmp_31 from code_len_0++)
[eva:garbled-mix:write] miniz_tinfl.c:402: 
  Assigning imprecise value to temp_0.
  The imprecision originates from Misaligned
[eva] miniz_tinfl.c:402: starting to merge loop iterations
[eva:alarm] miniz_tinfl.c:402: Warning: 
  invalid RHS operand for shift.
  assert 0 ≤ tmp_31 < 64;
  (tmp_31 from code_len_0++)
[eva:garbled-mix:write] miniz_tinfl.c:402: 
  Assigning imprecise value to counter.
  The imprecision originates from Misaligned
[eva:alarm] miniz_tinfl.c:402: Warning: 
  invalid RHS operand for shift. assert 0 ≤ code_len_0 < 64;
[eva:garbled-mix:write] miniz_tinfl.c:402: 
  Assigning imprecise value to bit_buf.
  The imprecision originates from Misaligned
[eva:garbled-mix:write] miniz_tinfl.c:402: 
  Assigning imprecise value to num_bits.
  The imprecision originates from Misaligned
[eva:alarm] miniz_tinfl.c:405: Warning: 
  pointer comparison.
  assert \pointer_comparable((void *)pOut_buf_cur, (void *)pOut_buf_end);
[eva:garbled-mix:write] miniz_tinfl.c:409: 
  Assigning imprecise value to tmp_32.
  The imprecision originates from Misaligned
[eva:garbled-mix:write] miniz_tinfl.c:409: 
  Assigning imprecise value to pOut_buf_cur.
  The imprecision originates from Misaligned
[eva:alarm] miniz_tinfl.c:409: Warning: 
  out of bounds write. assert \valid(tmp_32);
                       (tmp_32 from pOut_buf_cur++)
[eva:garbled-mix:write] miniz_tinfl.c:409: 
  Assigning imprecise value to *tmp_32
  (pointing to __malloc_main_l34 with offsets [0..147573952589676412920];
  __malloc_w_miniz_def_alloc_func_l169 with offsets [0..2554808];
  __malloc_w_miniz_def_alloc_func_l169_0 with offsets [0..350328]).
  The imprecision originates from Misaligned
[eva:alarm] miniz_tinfl.c:418: Warning: 
  invalid RHS operand for shift. assert 0 ≤ num_bits < 64;
[eva:garbled-mix:write] miniz_tinfl.c:420: 
  Assigning imprecise value to num_bits.
  The imprecision originates from Misaligned
[eva:garbled-mix:write] miniz_tinfl.c:430: 
  Assigning imprecise value to sym2.
  The imprecision originates from Misaligned
[eva:garbled-mix:write] miniz_tinfl.c:431: 
  Assigning imprecise value to code_len_1.
  The imprecision originates from Misaligned
[eva:alarm] miniz_tinfl.c:437: Warning: 
  accessing out of bounds index.
  assert
  0 ≤
  (unsigned long)((unsigned long)((int)(~sym2)) +
                  (unsigned long)((tinfl_bit_buf_t)(bit_buf >> tmp_33) & 1));
  (tmp_33 from code_len_1++)
[eva:alarm] miniz_tinfl.c:437: Warning: 
  accessing out of bounds index.
  assert
  (unsigned long)((unsigned long)((int)(~sym2)) +
                  (unsigned long)((tinfl_bit_buf_t)(bit_buf >> tmp_33) & 1))
  < (int)(TINFL_MAX_HUFF_SYMBOLS_0 * 2);
  (tmp_33 from code_len_1++)
[eva:alarm] miniz_tinfl.c:437: Warning: 
  accessing uninitialized left-value.
  assert
  \initialized(&r->m_tables[0].m_tree[(unsigned long)((unsigned long)((int)
                                                                      (~sym2))
                                                      +
                                                      (unsigned long)((tinfl_bit_buf_t)
                                                                      (bit_buf
                                                                      >> tmp_33)
                                                                      & 1))]);
  (tmp_33 from code_len_1++)
[eva:alarm] miniz_tinfl.c:437: Warning: 
  out of bounds read.
  assert
  \valid_read(&r->m_tables[0].m_tree[(unsigned long)((unsigned long)((int)
                                                                      (~sym2))
                                                     +
                                                     (unsigned long)((tinfl_bit_buf_t)
                                                                     (bit_buf
                                                                      >> tmp_33)
                                                                     & 1))]);
  (tmp_33 from code_len_1++)
[eva:alarm] miniz_tinfl.c:437: Warning: 
  accessing left-value that contains escaping addresses.
  assert
  ¬\dangling(&r->m_tables[0].m_tree[(unsigned long)((unsigned long)((int)
                                                                      (~sym2))
                                                     +
                                                     (unsigned long)((tinfl_bit_buf_t)
                                                                     (bit_buf
                                                                      >> tmp_33)
                                                                     & 1))]);
  (tmp_33 from code_len_1++)
[eva:garbled-mix:write] miniz_tinfl.c:437: 
  Assigning imprecise value to sym2.
  The imprecision originates from Misaligned
[eva] miniz_tinfl.c:435: starting to merge loop iterations
[eva:alarm] miniz_tinfl.c:437: Warning: 
  invalid RHS operand for shift.
  assert 0 ≤ tmp_33 < 64;
  (tmp_33 from code_len_1++)
[eva:garbled-mix:write] miniz_tinfl.c:440: 
  Assigning imprecise value to counter.
  The imprecision originates from Misaligned
[eva:alarm] miniz_tinfl.c:441: Warning: 
  invalid RHS operand for shift. assert 0 ≤ code_len_1 < 64;
[eva:garbled-mix:write] miniz_tinfl.c:441: 
  Assigning imprecise value to bit_buf.
  The imprecision originates from Misaligned
[eva:garbled-mix:write] miniz_tinfl.c:442: 
  Assigning imprecise value to num_bits.
  The imprecision originates from Misaligned
[eva:alarm] miniz_tinfl.c:454: Warning: 
  accessing out of bounds index.
  assert
  0 ≤
  (unsigned long)(bit_buf & (unsigned long)((int)(TINFL_FAST_LOOKUP_SIZE - 1)));
[eva:alarm] miniz_tinfl.c:454: Warning: 
  accessing out of bounds index.
  assert
  (unsigned long)(bit_buf & (unsigned long)((int)(TINFL_FAST_LOOKUP_SIZE - 1)))
  < TINFL_FAST_LOOKUP_SIZE;
[eva:alarm] miniz_tinfl.c:454: Warning: 
  accessing uninitialized left-value.
  assert
  \initialized(&r->m_tables[0].m_look_up[(unsigned long)(bit_buf &
                                                         (unsigned long)
                                                         ((int)(TINFL_FAST_LOOKUP_SIZE
                                                                - 1)))]);
[eva:alarm] miniz_tinfl.c:454: Warning: 
  out of bounds read.
  assert
  \valid_read(&r->m_tables[0].m_look_up[(unsigned long)(bit_buf &
                                                        (unsigned long)
                                                        ((int)(TINFL_FAST_LOOKUP_SIZE
                                                               - 1)))]);
[eva:alarm] miniz_tinfl.c:454: Warning: 
  accessing left-value that contains escaping addresses.
  assert
  ¬\dangling(&r->m_tables[0].m_look_up[(unsigned long)(bit_buf &
                                                        (unsigned long)
                                                        ((int)(TINFL_FAST_LOOKUP_SIZE
                                                               - 1)))]);
[eva:garbled-mix:write] miniz_tinfl.c:454: 
  Assigning imprecise value to sym2.
  The imprecision originates from Misaligned
[eva:garbled-mix:write] miniz_tinfl.c:455: 
  Assigning imprecise value to code_len_1.
  The imprecision originates from Misaligned
[eva:alarm] miniz_tinfl.c:461: Warning: 
  accessing out of bounds index.
  assert
  0 ≤
  (unsigned long)((unsigned long)((int)(~sym2)) +
                  (unsigned long)((tinfl_bit_buf_t)(bit_buf >> tmp_34) & 1));
  (tmp_34 from code_len_1++)
[eva:alarm] miniz_tinfl.c:461: Warning: 
  accessing out of bounds index.
  assert
  (unsigned long)((unsigned long)((int)(~sym2)) +
                  (unsigned long)((tinfl_bit_buf_t)(bit_buf >> tmp_34) & 1))
  < (int)(TINFL_MAX_HUFF_SYMBOLS_0 * 2);
  (tmp_34 from code_len_1++)
[eva:alarm] miniz_tinfl.c:461: Warning: 
  accessing uninitialized left-value.
  assert
  \initialized(&r->m_tables[0].m_tree[(unsigned long)((unsigned long)((int)
                                                                      (~sym2))
                                                      +
                                                      (unsigned long)((tinfl_bit_buf_t)
                                                                      (bit_buf
                                                                      >> tmp_34)
                                                                      & 1))]);
  (tmp_34 from code_len_1++)
[eva:alarm] miniz_tinfl.c:461: Warning: 
  out of bounds read.
  assert
  \valid_read(&r->m_tables[0].m_tree[(unsigned long)((unsigned long)((int)
                                                                      (~sym2))
                                                     +
                                                     (unsigned long)((tinfl_bit_buf_t)
                                                                     (bit_buf
                                                                      >> tmp_34)
                                                                     & 1))]);
  (tmp_34 from code_len_1++)
[eva:alarm] miniz_tinfl.c:461: Warning: 
  accessing left-value that contains escaping addresses.
  assert
  ¬\dangling(&r->m_tables[0].m_tree[(unsigned long)((unsigned long)((int)
                                                                      (~sym2))
                                                     +
                                                     (unsigned long)((tinfl_bit_buf_t)
                                                                     (bit_buf
                                                                      >> tmp_34)
                                                                     & 1))]);
  (tmp_34 from code_len_1++)
[eva:garbled-mix:write] miniz_tinfl.c:461: 
  Assigning imprecise value to sym2.
  The imprecision originates from Misaligned
[eva] miniz_tinfl.c:459: starting to merge loop iterations
[eva:alarm] miniz_tinfl.c:461: Warning: 
  invalid RHS operand for shift.
  assert 0 ≤ tmp_34 < 64;
  (tmp_34 from code_len_1++)
[eva:alarm] miniz_tinfl.c:464: Warning: 
  invalid RHS operand for shift. assert 0 ≤ code_len_1 < 64;
[eva:garbled-mix:write] miniz_tinfl.c:464: 
  Assigning imprecise value to bit_buf.
  The imprecision originates from Misaligned
[eva:garbled-mix:write] miniz_tinfl.c:465: 
  Assigning imprecise value to num_bits.
  The imprecision originates from Misaligned
[eva:alarm] miniz_tinfl.c:467: Warning: 
  out of bounds write. assert \valid(pOut_buf_cur + 0);
[eva:garbled-mix:write] miniz_tinfl.c:467: 
  Assigning imprecise value to *(pOut_buf_cur + 0)
  (pointing to __malloc_main_l34 with offsets [0..147573952589676412920];
  __malloc_w_miniz_def_alloc_func_l169 with offsets [0..2554808];
  __malloc_w_miniz_def_alloc_func_l169_0 with offsets [0..350328]).
  The imprecision originates from Misaligned
[eva:alarm] miniz_tinfl.c:474: Warning: 
  out of bounds write. assert \valid(pOut_buf_cur + 1);
[eva:garbled-mix:write] miniz_tinfl.c:474: 
  Assigning imprecise value to *(pOut_buf_cur + 1)
  (pointing to __malloc_main_l34 with offsets [8..147573952589676412920],0%8;
  __malloc_w_miniz_def_alloc_func_l169 with offsets [8..2554808],0%8;
  __malloc_w_miniz_def_alloc_func_l169_0 with offsets [8..350328],0%8).
  The imprecision originates from Misaligned
[eva] miniz_tinfl.c:402: starting to merge loop iterations
[eva] miniz_tinfl.c:402: starting to merge loop iterations
[eva:garbled-mix:write] miniz_tinfl.c:471: 
  Assigning imprecise value to counter.
  The imprecision originates from Misaligned
[eva:garbled-mix:write] miniz_tinfl.c:478: 
  Assigning imprecise value to counter.
  The imprecision originates from Misaligned
[eva:alarm] miniz_tinfl.c:222: Warning: 
  invalid RHS operand for shift. assert 0 ≤ num_bits < 64;
[eva:garbled-mix:write] miniz_tinfl.c:222: 
  Assigning imprecise value to num_bits.
  The imprecision originates from Misaligned
[eva:garbled-mix:write] miniz_tinfl.c:222: 
  Assigning imprecise value to num_bits.
  The imprecision originates from Misaligned
[eva:alarm] miniz_tinfl.c:226: Warning: 
  pointer comparison.
  assert \pointer_comparable((void *)pIn_buf_cur, (void *)pIn_buf_end);
[eva:garbled-mix:write] miniz_tinfl.c:226: 
  Assigning imprecise value to tmp_9.
  The imprecision originates from Misaligned
[eva:garbled-mix:write] miniz_tinfl.c:226: 
  Assigning imprecise value to pIn_buf_cur.
  The imprecision originates from Misaligned
[eva:alarm] miniz_tinfl.c:226: Warning: 
  accessing uninitialized left-value.
  assert \initialized(tmp_9);
  (tmp_9 from pIn_buf_cur++)
[eva:alarm] miniz_tinfl.c:226: Warning: 
  out of bounds read. assert \valid_read(tmp_9);
                      (tmp_9 from pIn_buf_cur++)
[eva:alarm] miniz_tinfl.c:226: Warning: 
  accessing left-value that contains escaping addresses.
  assert ¬\dangling(tmp_9);
  (tmp_9 from pIn_buf_cur++)
[eva:garbled-mix:write] miniz_tinfl.c:226: 
  Assigning imprecise value to c_0.
  The imprecision originates from Misaligned
[eva:alarm] miniz_tinfl.c:226: Warning: 
  invalid RHS operand for shift. assert 0 ≤ num_bits < 64;
[eva:garbled-mix:write] miniz_tinfl.c:226: 
  Assigning imprecise value to bit_buf.
  The imprecision originates from Misaligned
[eva:garbled-mix:write] miniz_tinfl.c:226: 
  Assigning imprecise value to num_bits.
  The imprecision originates from Misaligned
[eva:alarm] miniz_tinfl.c:226: Warning: 
  invalid RHS operand for shift.
  assert 0 ≤ (unsigned int)(num_bits & 7) < 64;
[eva:garbled-mix:write] miniz_tinfl.c:226: 
  Assigning imprecise value to num_bits.
  The imprecision originates from Misaligned
[eva:alarm] miniz_tinfl.c:230: Warning: 
  invalid RHS operand for shift. assert 0 ≤ num_bits < 64;
[eva:garbled-mix:write] miniz_tinfl.c:230: 
  Assigning imprecise value to num_bits.
  The imprecision originates from Misaligned
[eva:alarm] miniz_tinfl.c:230: Warning: 
  accessing out of bounds index. assert 0 ≤ counter;
[eva:alarm] miniz_tinfl.c:230: Warning: 
  accessing out of bounds index. assert counter < 4;
[eva:alarm] miniz_tinfl.c:230: Warning: 
  out of bounds write. assert \valid(&r->m_raw_header[counter]);
[eva:garbled-mix:write] miniz_tinfl.c:230: 
  Assigning imprecise value to r->m_raw_header[counter]
  (pointing to __malloc_main_l34 with offsets [0..147573952589676412920];
  __malloc_w_miniz_def_alloc_func_l169 with offsets [0..2554808];
  __malloc_w_miniz_def_alloc_func_l169_0 with offsets [0..350328]).
  The imprecision originates from Misaligned
[eva:garbled-mix:write] miniz_tinfl.c:230: 
  Assigning imprecise value to num_bits.
  The imprecision originates from Misaligned
[eva:garbled-mix:write] miniz_tinfl.c:232: 
  Assigning imprecise value to r->m_raw_header[counter]
  (pointing to __malloc_main_l34 with offsets [0..147573952589676412920];
  __malloc_w_miniz_def_alloc_func_l169 with offsets [0..2554808];
  __malloc_w_miniz_def_alloc_func_l169_0 with offsets [0..350328]).
  The imprecision originates from Misaligned
[eva:garbled-mix:write] miniz_tinfl.c:227: 
  Assigning imprecise value to counter.
  The imprecision originates from Misaligned
[eva:alarm] miniz_tinfl.c:240: Warning: 
  invalid RHS operand for shift. assert 0 ≤ num_bits < 64;
[eva:garbled-mix:write] miniz_tinfl.c:240: 
  Assigning imprecise value to num_bits.
  The imprecision originates from Misaligned
[eva:garbled-mix:write] miniz_tinfl.c:240: 
  Assigning imprecise value to num_bits.
  The imprecision originates from Misaligned
[eva] miniz_tinfl.c:226: starting to merge loop iterations
[eva:alarm] miniz_tinfl.c:292: Warning: 
  invalid RHS operand for shift. assert 0 ≤ num_bits < 64;
[eva:garbled-mix:write] miniz_tinfl.c:292: 
  Assigning imprecise value to num_bits.
  The imprecision originates from Misaligned
[eva:garbled-mix:write] miniz_tinfl.c:292: 
  Assigning imprecise value to num_bits.
  The imprecision originates from Misaligned
[eva:alarm] miniz_tinfl.c:299: Warning: 
  invalid RHS operand for shift. assert 0 ≤ num_bits < 64;
[eva:garbled-mix:write] miniz_tinfl.c:299: 
  Assigning imprecise value to num_bits.
  The imprecision originates from Misaligned
[eva:garbled-mix:write] miniz_tinfl.c:299: 
  Assigning imprecise value to num_bits.
  The imprecision originates from Misaligned
[eva:garbled-mix:write] miniz_tinfl.c:300: 
  Assigning imprecise value to r->m_tables[2].m_code_size[tinfl_decompress_s_length_dezigzag[counter]]
  (pointing to __malloc_main_l34 with offsets [0..147573952589676412920];
  __malloc_w_miniz_def_alloc_func_l169 with offsets [0..2554808];
  __malloc_w_miniz_def_alloc_func_l169_0 with offsets [0..350328]).
  The imprecision originates from Misaligned
[eva:garbled-mix:write] miniz_tinfl.c:296: 
  Assigning imprecise value to counter.
  The imprecision originates from Misaligned
[eva:alarm] miniz_tinfl.c:314: Warning: 
  accessing uninitialized left-value.
  assert \initialized(&pTable->m_code_size[i_0]);
[eva:alarm] miniz_tinfl.c:314: Warning: 
  out of bounds read. assert \valid_read(&pTable->m_code_size[i_0]);
[eva:alarm] miniz_tinfl.c:314: Warning: 
  accessing left-value that contains escaping addresses.
  assert ¬\dangling(&pTable->m_code_size[i_0]);
[eva:alarm] miniz_tinfl.c:314: Warning: 
  accessing out of bounds index. assert 0 ≤ pTable->m_code_size[i_0];
[eva:alarm] miniz_tinfl.c:314: Warning: 
  accessing out of bounds index. assert pTable->m_code_size[i_0] < 16;
[eva:alarm] miniz_tinfl.c:314: Warning: 
  out of bounds write. assert \valid(&total_syms[pTable->m_code_size[i_0]]);
[eva:alarm] miniz_tinfl.c:314: Warning: 
  accessing uninitialized left-value.
  assert \initialized(&total_syms[pTable->m_code_size[i_0]]);
[eva:alarm] miniz_tinfl.c:314: Warning: 
  accessing left-value that contains escaping addresses.
  assert ¬\dangling(&total_syms[pTable->m_code_size[i_0]]);
[eva:garbled-mix:write] miniz_tinfl.c:314: 
  Assigning imprecise value to total_syms[pTable->m_code_size[i_0]].
  The imprecision originates from Misaligned
[eva] miniz_tinfl.c:313: starting to merge loop iterations
[eva:alarm] miniz_tinfl.c:314: Warning: 
  accessing out of bounds index. assert i_0 < TINFL_MAX_HUFF_SYMBOLS_0;
[eva:garbled-mix:write] miniz_tinfl.c:319: 
  Assigning imprecise value to used_syms.
  The imprecision originates from Misaligned
[eva:garbled-mix:write] miniz_tinfl.c:320: 
  Assigning imprecise value to total.
  The imprecision originates from Misaligned
[eva:garbled-mix:write] miniz_tinfl.c:320: 
  Assigning imprecise value to next_code[i_0 + (mz_uint)1].
  The imprecision originates from Misaligned
[eva] miniz_tinfl.c:317: starting to merge loop iterations
[eva:alarm] miniz_tinfl.c:326: Warning: 
  accessing uninitialized left-value. assert \initialized(&r->m_type);
[eva:alarm] miniz_tinfl.c:326: Warning: 
  accessing left-value that contains escaping addresses.
  assert ¬\dangling(&r->m_type);
[eva:alarm] miniz_tinfl.c:326: Warning: 
  accessing out of bounds index. assert 0 ≤ r->m_type;
[eva:alarm] miniz_tinfl.c:326: Warning: 
  accessing out of bounds index. assert r->m_type < TINFL_MAX_HUFF_TABLES;
[eva:alarm] miniz_tinfl.c:326: Warning: 
  accessing uninitialized left-value.
  assert \initialized(&r->m_table_sizes[r->m_type]);
[eva:alarm] miniz_tinfl.c:326: Warning: 
  out of bounds read. assert \valid_read(&r->m_table_sizes[r->m_type]);
[eva:alarm] miniz_tinfl.c:326: Warning: 
  accessing left-value that contains escaping addresses.
  assert ¬\dangling(&r->m_table_sizes[r->m_type]);
[eva:alarm] miniz_tinfl.c:328: Warning: 
  accessing uninitialized left-value.
  assert \initialized(&pTable->m_code_size[sym_index]);
[eva:alarm] miniz_tinfl.c:328: Warning: 
  out of bounds read. assert \valid_read(&pTable->m_code_size[sym_index]);
[eva:alarm] miniz_tinfl.c:328: Warning: 
  accessing left-value that contains escaping addresses.
  assert ¬\dangling(&pTable->m_code_size[sym_index]);
[eva:garbled-mix:write] miniz_tinfl.c:328: 
  Assigning imprecise value to code_size.
  The imprecision originates from Misaligned
[eva:alarm] miniz_tinfl.c:331: Warning: 
  accessing out of bounds index. assert 0 ≤ code_size;
[eva:alarm] miniz_tinfl.c:331: Warning: 
  accessing out of bounds index. assert code_size < 17;
[eva:alarm] miniz_tinfl.c:331: Warning: 
  accessing uninitialized left-value.
  assert \initialized(&next_code[code_size]);
[eva:alarm] miniz_tinfl.c:331: Warning: 
  out of bounds read. assert \valid_read(&next_code[code_size]);
[eva:alarm] miniz_tinfl.c:331: Warning: 
  accessing left-value that contains escaping addresses.
  assert ¬\dangling(&next_code[code_size]);
[eva:garbled-mix:write] miniz_tinfl.c:331: 
  Assigning imprecise value to tmp_22.
  The imprecision originates from Misaligned
[eva:alarm] miniz_tinfl.c:331: Warning: 
  accessing out of bounds index. assert 0 ≤ code_size;
[eva:alarm] miniz_tinfl.c:331: Warning: 
  accessing out of bounds index. assert code_size < 17;
[eva:alarm] miniz_tinfl.c:331: Warning: 
  out of bounds write. assert \valid(&next_code[code_size]);
[eva:garbled-mix:write] miniz_tinfl.c:331: 
  Assigning imprecise value to next_code[code_size].
  The imprecision originates from Misaligned
[eva:garbled-mix:write] miniz_tinfl.c:331: 
  Assigning imprecise value to cur_code.
  The imprecision originates from Misaligned
[eva:garbled-mix:write] miniz_tinfl.c:332: 
  Assigning imprecise value to l.
  The imprecision originates from Misaligned
[eva:garbled-mix:write] miniz_tinfl.c:333: 
  Assigning imprecise value to rev_code.
  The imprecision originates from Misaligned
[eva:garbled-mix:write] miniz_tinfl.c:332: 
  Assigning imprecise value to l.
  The imprecision originates from Misaligned
[eva:garbled-mix:write] miniz_tinfl.c:332: 
  Assigning imprecise value to cur_code.
  The imprecision originates from Misaligned
[eva:garbled-mix:write] miniz_tinfl.c:336: 
  Assigning imprecise value to k.
  The imprecision originates from Misaligned
[eva:alarm] miniz_tinfl.c:339: Warning: 
  accessing out of bounds index. assert 0 ≤ rev_code;
[eva:alarm] miniz_tinfl.c:339: Warning: 
  accessing out of bounds index. assert rev_code < TINFL_FAST_LOOKUP_SIZE;
[eva:alarm] miniz_tinfl.c:339: Warning: 
  out of bounds write. assert \valid(&pTable->m_look_up[rev_code]);
[eva:garbled-mix:write] miniz_tinfl.c:339: 
  Assigning imprecise value to pTable->m_look_up[rev_code]
  (pointing to __malloc_main_l34 with offsets [0..147573952589676412912];
  __malloc_w_miniz_def_alloc_func_l169 with offsets [0..2554800];
  __malloc_w_miniz_def_alloc_func_l169_0 with offsets [0..350320]).
  The imprecision originates from Misaligned
[eva:alarm] miniz_tinfl.c:340: Warning: 
  invalid RHS operand for shift. assert 0 ≤ code_size < 32;
[eva:alarm] miniz_tinfl.c:340: Warning: 
  signed overflow. assert -2147483648 ≤ 1 << code_size;
[eva:alarm] miniz_tinfl.c:340: Warning: 
  signed overflow. assert 1 << code_size ≤ 2147483647;
[eva:garbled-mix:write] miniz_tinfl.c:340: 
  Assigning imprecise value to rev_code.
  The imprecision originates from Misaligned
[eva:alarm] miniz_tinfl.c:344: Warning: 
  accessing uninitialized left-value.
  assert
  \initialized(&pTable->m_look_up[(unsigned int)(rev_code &
                                                 (unsigned int)((int)(TINFL_FAST_LOOKUP_SIZE
                                                                      - 1)))]);
[eva:alarm] miniz_tinfl.c:344: Warning: 
  out of bounds read.
  assert
  \valid_read(&pTable->m_look_up[(unsigned int)(rev_code &
                                                (unsigned int)((int)(TINFL_FAST_LOOKUP_SIZE
                                                                     - 1)))]);
[eva:alarm] miniz_tinfl.c:344: Warning: 
  accessing left-value that contains escaping addresses.
  assert
  ¬\dangling(&pTable->m_look_up[(unsigned int)(rev_code &
                                                (unsigned int)((int)(TINFL_FAST_LOOKUP_SIZE
                                                                     - 1)))]);
[eva:garbled-mix:write] miniz_tinfl.c:344: 
  Assigning imprecise value to tree_cur.
  The imprecision originates from Misaligned
[eva:alarm] miniz_tinfl.c:344: Warning: 
  accessing out of bounds index.
  assert
  0 ≤
  (unsigned int)(rev_code & (unsigned int)((int)(TINFL_FAST_LOOKUP_SIZE - 1)));
[eva:alarm] miniz_tinfl.c:344: Warning: 
  accessing out of bounds index.
  assert
  (unsigned int)(rev_code & (unsigned int)((int)(TINFL_FAST_LOOKUP_SIZE - 1)))
  < TINFL_FAST_LOOKUP_SIZE;
[eva:alarm] miniz_tinfl.c:346: Warning: 
  out of bounds write.
  assert
  \valid(&pTable->m_look_up[(unsigned int)(rev_code &
                                           (unsigned int)((int)(TINFL_FAST_LOOKUP_SIZE
                                                                - 1)))]);
[eva:alarm] miniz_tinfl.c:346: Warning: 
  accessing out of bounds index.
  assert
  0 ≤
  (unsigned int)(rev_code & (unsigned int)((int)(TINFL_FAST_LOOKUP_SIZE - 1)));
[eva:alarm] miniz_tinfl.c:346: Warning: 
  accessing out of bounds index.
  assert
  (unsigned int)(rev_code & (unsigned int)((int)(TINFL_FAST_LOOKUP_SIZE - 1)))
  < TINFL_FAST_LOOKUP_SIZE;
[eva:garbled-mix:write] miniz_tinfl.c:350: 
  Assigning imprecise value to rev_code.
  The imprecision originates from Misaligned
[eva:garbled-mix:write] miniz_tinfl.c:351: 
  Assigning imprecise value to j.
  The imprecision originates from Misaligned
[eva:garbled-mix:write] miniz_tinfl.c:353: 
  Assigning imprecise value to rev_code.
  The imprecision originates from Misaligned
[eva:garbled-mix:write] miniz_tinfl.c:353: 
  Assigning imprecise value to tree_cur.
  The imprecision originates from Misaligned
[eva:alarm] miniz_tinfl.c:354: Warning: 
  signed overflow. assert -2147483648 ≤ -tree_cur;
[eva:alarm] miniz_tinfl.c:354: Warning: 
  signed overflow. assert -tree_cur ≤ 2147483647;
[eva:alarm] miniz_tinfl.c:354: Warning: 
  accessing out of bounds index. assert 0 ≤ (int)((int)(-tree_cur) - 1);
[eva:alarm] miniz_tinfl.c:354: Warning: 
  accessing out of bounds index.
  assert (int)((int)(-tree_cur) - 1) < (int)(TINFL_MAX_HUFF_SYMBOLS_0 * 2);
[eva:alarm] miniz_tinfl.c:354: Warning: 
  signed overflow. assert -2147483648 ≤ (int)(-tree_cur) - 1;
[eva:alarm] miniz_tinfl.c:354: Warning: 
  signed overflow. assert (int)(-tree_cur) - 1 ≤ 2147483647;
[eva:alarm] miniz_tinfl.c:354: Warning: 
  accessing uninitialized left-value.
  assert \initialized(&pTable->m_tree[(int)((int)(-tree_cur) - 1)]);
[eva:alarm] miniz_tinfl.c:354: Warning: 
  out of bounds read.
  assert \valid_read(&pTable->m_tree[(int)((int)(-tree_cur) - 1)]);
[eva:alarm] miniz_tinfl.c:354: Warning: 
  accessing left-value that contains escaping addresses.
  assert ¬\dangling(&pTable->m_tree[(int)((int)(-tree_cur) - 1)]);
[eva:alarm] miniz_tinfl.c:356: Warning: 
  signed overflow. assert -2147483648 ≤ -tree_cur;
[eva:alarm] miniz_tinfl.c:356: Warning: 
  signed overflow. assert -tree_cur ≤ 2147483647;
[eva:alarm] miniz_tinfl.c:356: Warning: 
  accessing out of bounds index. assert 0 ≤ (int)((int)(-tree_cur) - 1);
[eva:alarm] miniz_tinfl.c:356: Warning: 
  accessing out of bounds index.
  assert (int)((int)(-tree_cur) - 1) < (int)(TINFL_MAX_HUFF_SYMBOLS_0 * 2);
[eva:alarm] miniz_tinfl.c:356: Warning: 
  signed overflow. assert -2147483648 ≤ (int)(-tree_cur) - 1;
[eva:alarm] miniz_tinfl.c:356: Warning: 
  signed overflow. assert (int)(-tree_cur) - 1 ≤ 2147483647;
[eva:alarm] miniz_tinfl.c:356: Warning: 
  out of bounds write.
  assert \valid(&pTable->m_tree[(int)((int)(-tree_cur) - 1)]);
[eva:alarm] miniz_tinfl.c:361: Warning: 
  signed overflow. assert -2147483648 ≤ -tree_cur;
[eva:alarm] miniz_tinfl.c:361: Warning: 
  signed overflow. assert -tree_cur ≤ 2147483647;
[eva:alarm] miniz_tinfl.c:361: Warning: 
  accessing out of bounds index. assert 0 ≤ (int)((int)(-tree_cur) - 1);
[eva:alarm] miniz_tinfl.c:361: Warning: 
  accessing out of bounds index.
  assert (int)((int)(-tree_cur) - 1) < (int)(TINFL_MAX_HUFF_SYMBOLS_0 * 2);
[eva:alarm] miniz_tinfl.c:361: Warning: 
  signed overflow. assert -2147483648 ≤ (int)(-tree_cur) - 1;
[eva:alarm] miniz_tinfl.c:361: Warning: 
  signed overflow. assert (int)(-tree_cur) - 1 ≤ 2147483647;
[eva:alarm] miniz_tinfl.c:361: Warning: 
  accessing uninitialized left-value.
  assert \initialized(&pTable->m_tree[(int)((int)(-tree_cur) - 1)]);
[eva:alarm] miniz_tinfl.c:361: Warning: 
  out of bounds read.
  assert \valid_read(&pTable->m_tree[(int)((int)(-tree_cur) - 1)]);
[eva:alarm] miniz_tinfl.c:361: Warning: 
  accessing left-value that contains escaping addresses.
  assert ¬\dangling(&pTable->m_tree[(int)((int)(-tree_cur) - 1)]);
[eva:garbled-mix:write] miniz_tinfl.c:361: 
  Assigning imprecise value to tree_cur.
  The imprecision originates from Misaligned
[eva:garbled-mix:write] miniz_tinfl.c:351: 
  Assigning imprecise value to j.
  The imprecision originates from Misaligned
[eva] miniz_tinfl.c:351: starting to merge loop iterations
[eva:alarm] miniz_tinfl.c:358: Warning: 
  signed overflow. assert -2147483648 ≤ tree_next - 2;
[eva:garbled-mix:write] miniz_tinfl.c:363: 
  Assigning imprecise value to rev_code.
  The imprecision originates from Misaligned
[eva:garbled-mix:write] miniz_tinfl.c:363: 
  Assigning imprecise value to tree_cur.
  The imprecision originates from Misaligned
[eva:alarm] miniz_tinfl.c:364: Warning: 
  signed overflow. assert -2147483648 ≤ -tree_cur;
[eva:alarm] miniz_tinfl.c:364: Warning: 
  signed overflow. assert -tree_cur ≤ 2147483647;
[eva:alarm] miniz_tinfl.c:364: Warning: 
  accessing out of bounds index. assert 0 ≤ (int)((int)(-tree_cur) - 1);
[eva:alarm] miniz_tinfl.c:364: Warning: 
  accessing out of bounds index.
  assert (int)((int)(-tree_cur) - 1) < (int)(TINFL_MAX_HUFF_SYMBOLS_0 * 2);
[eva:alarm] miniz_tinfl.c:364: Warning: 
  signed overflow. assert -2147483648 ≤ (int)(-tree_cur) - 1;
[eva:alarm] miniz_tinfl.c:364: Warning: 
  signed overflow. assert (int)(-tree_cur) - 1 ≤ 2147483647;
[eva:alarm] miniz_tinfl.c:364: Warning: 
  out of bounds write.
  assert \valid(&pTable->m_tree[(int)((int)(-tree_cur) - 1)]);
[eva] miniz_tinfl.c:332: starting to merge loop iterations
[eva:alarm] miniz_tinfl.c:348: Warning: 
  signed overflow. assert -2147483648 ≤ tree_next - 2;
[eva] miniz_tinfl.c:337: starting to merge loop iterations
[eva] miniz_tinfl.c:326: starting to merge loop iterations
[eva:alarm] miniz_tinfl.c:328: Warning: 
  accessing out of bounds index. assert sym_index < TINFL_MAX_HUFF_SYMBOLS_0;
[eva:alarm] miniz_tinfl.c:366: Warning: 
  accessing uninitialized left-value. assert \initialized(&r->m_type);
[eva:alarm] miniz_tinfl.c:366: Warning: 
  accessing left-value that contains escaping addresses.
  assert ¬\dangling(&r->m_type);
[eva:alarm] miniz_tinfl.c:368: Warning: 
  accessing uninitialized left-value.
  assert \initialized(&r->m_table_sizes[0]);
[eva:alarm] miniz_tinfl.c:368: Warning: 
  accessing uninitialized left-value.
  assert \initialized(&r->m_table_sizes[1]);
[eva:alarm] miniz_tinfl.c:368: Warning: 
  accessing left-value that contains escaping addresses.
  assert ¬\dangling(&r->m_table_sizes[0]);
[eva:alarm] miniz_tinfl.c:368: Warning: 
  accessing left-value that contains escaping addresses.
  assert ¬\dangling(&r->m_table_sizes[1]);
[eva:alarm] miniz_tinfl.c:371: Warning: 
  pointer subtraction.
  assert \base_addr(pIn_buf_end) ≡ \base_addr(pIn_buf_cur);
[eva:alarm] miniz_tinfl.c:371: Warning: 
  signed overflow. assert -9223372036854775808 ≤ pIn_buf_end - pIn_buf_cur;
[eva:alarm] miniz_tinfl.c:371: Warning: 
  signed overflow. assert pIn_buf_end - pIn_buf_cur ≤ 9223372036854775807;
[eva:alarm] miniz_tinfl.c:371: Warning: 
  accessing out of bounds index.
  assert
  0 ≤
  (unsigned long)(bit_buf & (unsigned long)((int)(TINFL_FAST_LOOKUP_SIZE - 1)));
[eva:alarm] miniz_tinfl.c:371: Warning: 
  accessing out of bounds index.
  assert
  (unsigned long)(bit_buf & (unsigned long)((int)(TINFL_FAST_LOOKUP_SIZE - 1)))
  < TINFL_FAST_LOOKUP_SIZE;
[eva:alarm] miniz_tinfl.c:371: Warning: 
  accessing uninitialized left-value.
  assert
  \initialized(&r->m_tables[2].m_look_up[(unsigned long)(bit_buf &
                                                         (unsigned long)
                                                         ((int)(TINFL_FAST_LOOKUP_SIZE
                                                                - 1)))]);
[eva:alarm] miniz_tinfl.c:371: Warning: 
  out of bounds read.
  assert
  \valid_read(&r->m_tables[2].m_look_up[(unsigned long)(bit_buf &
                                                        (unsigned long)
                                                        ((int)(TINFL_FAST_LOOKUP_SIZE
                                                               - 1)))]);
[eva:alarm] miniz_tinfl.c:371: Warning: 
  accessing left-value that contains escaping addresses.
  assert
  ¬\dangling(&r->m_tables[2].m_look_up[(unsigned long)(bit_buf &
                                                        (unsigned long)
                                                        ((int)(TINFL_FAST_LOOKUP_SIZE
                                                               - 1)))]);
[eva:garbled-mix:write] miniz_tinfl.c:371: 
  Assigning imprecise value to temp.
  The imprecision originates from Misaligned
[eva:garbled-mix:write] miniz_tinfl.c:371: 
  Assigning imprecise value to code_len.
  The imprecision originates from Misaligned
[eva:alarm] miniz_tinfl.c:371: Warning: 
  accessing out of bounds index.
  assert
  0 ≤
  (unsigned long)((unsigned long)((int)(~temp)) +
                  (unsigned long)((tinfl_bit_buf_t)(bit_buf >> tmp_23) & 1));
  (tmp_23 from code_len++)
[eva:alarm] miniz_tinfl.c:371: Warning: 
  accessing out of bounds index.
  assert
  (unsigned long)((unsigned long)((int)(~temp)) +
                  (unsigned long)((tinfl_bit_buf_t)(bit_buf >> tmp_23) & 1))
  < (int)(TINFL_MAX_HUFF_SYMBOLS_0 * 2);
  (tmp_23 from code_len++)
[eva:alarm] miniz_tinfl.c:371: Warning: 
  accessing uninitialized left-value.
  assert
  \initialized(&r->m_tables[2].m_tree[(unsigned long)((unsigned long)((int)
                                                                      (~temp))
                                                      +
                                                      (unsigned long)((tinfl_bit_buf_t)
                                                                      (bit_buf
                                                                      >> tmp_23)
                                                                      & 1))]);
  (tmp_23 from code_len++)
[eva:alarm] miniz_tinfl.c:371: Warning: 
  out of bounds read.
  assert
  \valid_read(&r->m_tables[2].m_tree[(unsigned long)((unsigned long)((int)
                                                                      (~temp))
                                                     +
                                                     (unsigned long)((tinfl_bit_buf_t)
                                                                     (bit_buf
                                                                      >> tmp_23)
                                                                     & 1))]);
  (tmp_23 from code_len++)
[eva:alarm] miniz_tinfl.c:371: Warning: 
  accessing left-value that contains escaping addresses.
  assert
  ¬\dangling(&r->m_tables[2].m_tree[(unsigned long)((unsigned long)((int)
                                                                      (~temp))
                                                     +
                                                     (unsigned long)((tinfl_bit_buf_t)
                                                                     (bit_buf
                                                                      >> tmp_23)
                                                                     & 1))]);
  (tmp_23 from code_len++)
[eva:garbled-mix:write] miniz_tinfl.c:371: 
  Assigning imprecise value to temp.
  The imprecision originates from Misaligned
[eva] miniz_tinfl.c:371: starting to merge loop iterations
[eva:alarm] miniz_tinfl.c:371: Warning: 
  invalid RHS operand for shift.
  assert 0 ≤ tmp_23 < 64;
  (tmp_23 from code_len++)
[eva:alarm] miniz_tinfl.c:371: Warning: 
  pointer comparison.
  assert \pointer_comparable((void *)pIn_buf_cur, (void *)pIn_buf_end);
[eva:garbled-mix:write] miniz_tinfl.c:371: 
  Assigning imprecise value to tmp_24.
  The imprecision originates from Misaligned
[eva:garbled-mix:write] miniz_tinfl.c:371: 
  Assigning imprecise value to pIn_buf_cur.
  The imprecision originates from Misaligned
[eva:alarm] miniz_tinfl.c:371: Warning: 
  accessing uninitialized left-value.
  assert \initialized(tmp_24);
  (tmp_24 from pIn_buf_cur++)
[eva:alarm] miniz_tinfl.c:371: Warning: 
  out of bounds read. assert \valid_read(tmp_24);
                      (tmp_24 from pIn_buf_cur++)
[eva:alarm] miniz_tinfl.c:371: Warning: 
  accessing left-value that contains escaping addresses.
  assert ¬\dangling(tmp_24);
  (tmp_24 from pIn_buf_cur++)
[eva:garbled-mix:write] miniz_tinfl.c:371: 
  Assigning imprecise value to c_5.
  The imprecision originates from Misaligned
[eva:alarm] miniz_tinfl.c:371: Warning: 
  invalid RHS operand for shift. assert 0 ≤ num_bits < 64;
[eva:garbled-mix:write] miniz_tinfl.c:371: 
  Assigning imprecise value to bit_buf.
  The imprecision originates from Misaligned
[eva:garbled-mix:write] miniz_tinfl.c:371: 
  Assigning imprecise value to num_bits.
  The imprecision originates from Misaligned
[eva:alarm] miniz_tinfl.c:371: Warning: 
  invalid RHS operand for shift. assert 0 ≤ num_bits < 64;
[eva:alarm] miniz_tinfl.c:371: Warning: 
  invalid RHS operand for shift. assert 0 ≤ (mz_uint32)(num_bits + 8) < 64;
[eva:alarm] miniz_tinfl.c:371: Warning: 
  accessing uninitialized left-value. assert \initialized(pIn_buf_cur + 0);
[eva:alarm] miniz_tinfl.c:371: Warning: 
  accessing uninitialized left-value. assert \initialized(pIn_buf_cur + 1);
[eva:alarm] miniz_tinfl.c:371: Warning: 
  out of bounds read. assert \valid_read(pIn_buf_cur + 0);
[eva:alarm] miniz_tinfl.c:371: Warning: 
  out of bounds read. assert \valid_read(pIn_buf_cur + 1);
[eva:alarm] miniz_tinfl.c:371: Warning: 
  accessing left-value that contains escaping addresses.
  assert ¬\dangling(pIn_buf_cur + 0);
[eva:alarm] miniz_tinfl.c:371: Warning: 
  accessing left-value that contains escaping addresses.
  assert ¬\dangling(pIn_buf_cur + 1);
[eva:garbled-mix:write] miniz_tinfl.c:371: 
  Assigning imprecise value to bit_buf.
  The imprecision originates from Misaligned
[eva:garbled-mix:write] miniz_tinfl.c:371: 
  Assigning imprecise value to num_bits.
  The imprecision originates from Misaligned
[eva:alarm] miniz_tinfl.c:371: Warning: 
  accessing out of bounds index.
  assert
  0 ≤
  (unsigned long)(bit_buf & (unsigned long)((int)(TINFL_FAST_LOOKUP_SIZE - 1)));
[eva:alarm] miniz_tinfl.c:371: Warning: 
  accessing out of bounds index.
  assert
  (unsigned long)(bit_buf & (unsigned long)((int)(TINFL_FAST_LOOKUP_SIZE - 1)))
  < TINFL_FAST_LOOKUP_SIZE;
[eva:alarm] miniz_tinfl.c:371: Warning: 
  accessing uninitialized left-value.
  assert
  \initialized(&r->m_tables[2].m_look_up[(unsigned long)(bit_buf &
                                                         (unsigned long)
                                                         ((int)(TINFL_FAST_LOOKUP_SIZE
                                                                - 1)))]);
[eva:alarm] miniz_tinfl.c:371: Warning: 
  out of bounds read.
  assert
  \valid_read(&r->m_tables[2].m_look_up[(unsigned long)(bit_buf &
                                                        (unsigned long)
                                                        ((int)(TINFL_FAST_LOOKUP_SIZE
                                                               - 1)))]);
[eva:alarm] miniz_tinfl.c:371: Warning: 
  accessing left-value that contains escaping addresses.
  assert
  ¬\dangling(&r->m_tables[2].m_look_up[(unsigned long)(bit_buf &
                                                        (unsigned long)
                                                        ((int)(TINFL_FAST_LOOKUP_SIZE
                                                               - 1)))]);
[eva:garbled-mix:write] miniz_tinfl.c:371: 
  Assigning imprecise value to temp.
  The imprecision originates from Misaligned
[eva:garbled-mix:write] miniz_tinfl.c:371: 
  Assigning imprecise value to code_len.
  The imprecision originates from Misaligned
[eva:garbled-mix:write] miniz_tinfl.c:371: 
  Assigning imprecise value to temp.
  The imprecision originates from Misaligned
[eva:alarm] miniz_tinfl.c:371: Warning: 
  accessing out of bounds index.
  assert
  0 ≤
  (unsigned long)((unsigned long)((int)(~temp)) +
                  (unsigned long)((tinfl_bit_buf_t)(bit_buf >> tmp_25) & 1));
  (tmp_25 from code_len++)
[eva:alarm] miniz_tinfl.c:371: Warning: 
  accessing out of bounds index.
  assert
  (unsigned long)((unsigned long)((int)(~temp)) +
                  (unsigned long)((tinfl_bit_buf_t)(bit_buf >> tmp_25) & 1))
  < (int)(TINFL_MAX_HUFF_SYMBOLS_0 * 2);
  (tmp_25 from code_len++)
[eva:alarm] miniz_tinfl.c:371: Warning: 
  accessing uninitialized left-value.
  assert
  \initialized(&r->m_tables[2].m_tree[(unsigned long)((unsigned long)((int)
                                                                      (~temp))
                                                      +
                                                      (unsigned long)((tinfl_bit_buf_t)
                                                                      (bit_buf
                                                                      >> tmp_25)
                                                                      & 1))]);
  (tmp_25 from code_len++)
[eva:alarm] miniz_tinfl.c:371: Warning: 
  out of bounds read.
  assert
  \valid_read(&r->m_tables[2].m_tree[(unsigned long)((unsigned long)((int)
                                                                      (~temp))
                                                     +
                                                     (unsigned long)((tinfl_bit_buf_t)
                                                                     (bit_buf
                                                                      >> tmp_25)
                                                                     & 1))]);
  (tmp_25 from code_len++)
[eva:alarm] miniz_tinfl.c:371: Warning: 
  accessing left-value that contains escaping addresses.
  assert
  ¬\dangling(&r->m_tables[2].m_tree[(unsigned long)((unsigned long)((int)
                                                                      (~temp))
                                                     +
                                                     (unsigned long)((tinfl_bit_buf_t)
                                                                     (bit_buf
                                                                      >> tmp_25)
                                                                     & 1))]);
  (tmp_25 from code_len++)
[eva:garbled-mix:write] miniz_tinfl.c:371: 
  Assigning imprecise value to temp.
  The imprecision originates from Misaligned
[eva] miniz_tinfl.c:371: starting to merge loop iterations
[eva:alarm] miniz_tinfl.c:371: Warning: 
  invalid RHS operand for shift.
  assert 0 ≤ tmp_25 < 64;
  (tmp_25 from code_len++)
[eva:garbled-mix:write] miniz_tinfl.c:371: 
  Assigning imprecise value to dist.
  The imprecision originates from Misaligned
[eva:alarm] miniz_tinfl.c:371: Warning: 
  invalid RHS operand for shift. assert 0 ≤ code_len < 64;
[eva:garbled-mix:write] miniz_tinfl.c:371: 
  Assigning imprecise value to bit_buf.
  The imprecision originates from Misaligned
[eva:garbled-mix:write] miniz_tinfl.c:371: 
  Assigning imprecise value to num_bits.
  The imprecision originates from Misaligned
[eva:garbled-mix:write] miniz_tinfl.c:374: 
  Assigning imprecise value to tmp_26.
  The imprecision originates from Misaligned
[eva:garbled-mix:write] miniz_tinfl.c:374: 
  Assigning imprecise value to counter.
  The imprecision originates from Misaligned
[eva:alarm] miniz_tinfl.c:374: Warning: 
  accessing out of bounds index. assert 0 ≤ tmp_26;
                                 (tmp_26 from counter++)
[eva:alarm] miniz_tinfl.c:374: Warning: 
  accessing out of bounds index.
  assert
  tmp_26 <
  (int)((int)(TINFL_MAX_HUFF_SYMBOLS_0 + TINFL_MAX_HUFF_SYMBOLS_1) + 137);
  (tmp_26 from counter++)
[eva:alarm] miniz_tinfl.c:374: Warning: 
  out of bounds write.
  assert \valid(&r->m_len_codes[tmp_26]);
  (tmp_26 from counter++)
[eva:garbled-mix:write] miniz_tinfl.c:374: 
  Assigning imprecise value to r->m_len_codes[tmp_26]
  (pointing to __malloc_main_l34 with offsets [0..147573952589676412920];
  __malloc_w_miniz_def_alloc_func_l169 with offsets [0..2554808];
  __malloc_w_miniz_def_alloc_func_l169_0 with offsets [0..350328]).
  The imprecision originates from Misaligned
[eva:alarm] miniz_tinfl.c:381: Warning: 
  accessing uninitialized left-value.
  assert \initialized("\002\003\a" + (mz_uint32)(dist - 16));
[eva:alarm] miniz_tinfl.c:381: Warning: 
  out of bounds read.
  assert \valid_read("\002\003\a" + (mz_uint32)(dist - 16));
[eva:alarm] miniz_tinfl.c:381: Warning: 
  accessing left-value that contains escaping addresses.
  assert ¬\dangling("\002\003\a" + (mz_uint32)(dist - 16));
[eva:garbled-mix:write] miniz_tinfl.c:381: 
  Assigning imprecise value to num_extra.
  The imprecision originates from Misaligned
[eva:alarm] miniz_tinfl.c:382: Warning: 
  pointer comparison.
  assert \pointer_comparable((void *)pIn_buf_cur, (void *)pIn_buf_end);
[eva:garbled-mix:write] miniz_tinfl.c:382: 
  Assigning imprecise value to tmp_27.
  The imprecision originates from Misaligned
[eva:garbled-mix:write] miniz_tinfl.c:382: 
  Assigning imprecise value to pIn_buf_cur.
  The imprecision originates from Misaligned
[eva:alarm] miniz_tinfl.c:382: Warning: 
  accessing uninitialized left-value.
  assert \initialized(tmp_27);
  (tmp_27 from pIn_buf_cur++)
[eva:alarm] miniz_tinfl.c:382: Warning: 
  out of bounds read. assert \valid_read(tmp_27);
                      (tmp_27 from pIn_buf_cur++)
[eva:alarm] miniz_tinfl.c:382: Warning: 
  accessing left-value that contains escaping addresses.
  assert ¬\dangling(tmp_27);
  (tmp_27 from pIn_buf_cur++)
[eva:garbled-mix:write] miniz_tinfl.c:382: 
  Assigning imprecise value to c_6.
  The imprecision originates from Misaligned
[eva:alarm] miniz_tinfl.c:382: Warning: 
  invalid RHS operand for shift. assert 0 ≤ num_bits < 64;
[eva:garbled-mix:write] miniz_tinfl.c:382: 
  Assigning imprecise value to bit_buf.
  The imprecision originates from Misaligned
[eva:garbled-mix:write] miniz_tinfl.c:382: 
  Assigning imprecise value to num_bits.
  The imprecision originates from Misaligned
[eva:alarm] miniz_tinfl.c:382: Warning: 
  invalid RHS operand for shift. assert 0 ≤ num_extra < 32;
[eva:alarm] miniz_tinfl.c:382: Warning: 
  signed overflow. assert -2147483648 ≤ 1 << num_extra;
[eva:alarm] miniz_tinfl.c:382: Warning: 
  signed overflow. assert 1 << num_extra ≤ 2147483647;
[eva:alarm] miniz_tinfl.c:382: Warning: 
  signed overflow. assert -2147483648 ≤ (int)(1 << num_extra) - 1;
[eva:alarm] miniz_tinfl.c:382: Warning: 
  signed overflow. assert (int)(1 << num_extra) - 1 ≤ 2147483647;
[eva:garbled-mix:write] miniz_tinfl.c:382: 
  Assigning imprecise value to s_0.
  The imprecision originates from Misaligned
[eva:alarm] miniz_tinfl.c:382: Warning: 
  invalid RHS operand for shift. assert 0 ≤ num_extra < 64;
[eva:garbled-mix:write] miniz_tinfl.c:382: 
  Assigning imprecise value to bit_buf.
  The imprecision originates from Misaligned
[eva:garbled-mix:write] miniz_tinfl.c:382: 
  Assigning imprecise value to num_bits.
  The imprecision originates from Misaligned
[eva:garbled-mix:write] miniz_tinfl.c:383: 
  Assigning imprecise value to s_0.
  The imprecision originates from Misaligned
[eva:alarm] miniz_tinfl.c:383: Warning: 
  accessing uninitialized left-value.
  assert \initialized("\003\003\v" + (mz_uint32)(dist - 16));
[eva:alarm] miniz_tinfl.c:383: Warning: 
  out of bounds read.
  assert \valid_read("\003\003\v" + (mz_uint32)(dist - 16));
[eva:alarm] miniz_tinfl.c:383: Warning: 
  accessing left-value that contains escaping addresses.
  assert ¬\dangling("\003\003\v" + (mz_uint32)(dist - 16));
[eva:alarm] miniz_tinfl.c:384: Warning: 
  accessing out of bounds index. assert 0 ≤ (mz_uint32)(counter - 1);
[eva:alarm] miniz_tinfl.c:384: Warning: 
  accessing out of bounds index.
  assert
  (mz_uint32)(counter - 1) <
  (int)((int)(TINFL_MAX_HUFF_SYMBOLS_0 + TINFL_MAX_HUFF_SYMBOLS_1) + 137);
[eva:alarm] miniz_tinfl.c:384: Warning: 
  accessing uninitialized left-value.
  assert \initialized(&r->m_len_codes[(mz_uint32)(counter - 1)]);
[eva:alarm] miniz_tinfl.c:384: Warning: 
  out of bounds read.
  assert \valid_read(&r->m_len_codes[(mz_uint32)(counter - 1)]);
[eva:alarm] miniz_tinfl.c:384: Warning: 
  accessing left-value that contains escaping addresses.
  assert ¬\dangling(&r->m_len_codes[(mz_uint32)(counter - 1)]);
[eva:garbled-mix:write] miniz_tinfl.c:384: 
  Assigning imprecise value to tmp_28.
  The imprecision originates from Misaligned
[eva:alarm] miniz_tinfl.c:384: Warning: 
  function memset: precondition 'valid_s' got status unknown.
[eva:garbled-mix:write] miniz_tinfl.c:385: 
  Assigning imprecise value to counter.
  The imprecision originates from Misaligned
[eva] miniz_tinfl.c:371: starting to merge loop iterations
[eva] miniz_tinfl.c:371: starting to merge loop iterations
[eva:alarm] miniz_tinfl.c:387: Warning: 
  accessing uninitialized left-value.
  assert \initialized(&r->m_table_sizes[0]);
[eva:alarm] miniz_tinfl.c:387: Warning: 
  accessing uninitialized left-value.
  assert \initialized(&r->m_table_sizes[1]);
[eva:alarm] miniz_tinfl.c:387: Warning: 
  accessing left-value that contains escaping addresses.
  assert ¬\dangling(&r->m_table_sizes[0]);
[eva:alarm] miniz_tinfl.c:387: Warning: 
  accessing left-value that contains escaping addresses.
  assert ¬\dangling(&r->m_table_sizes[1]);
[eva:alarm] miniz_tinfl.c:391: Warning: 
  accessing uninitialized left-value.
  assert \initialized(&r->m_table_sizes[0]);
[eva:alarm] miniz_tinfl.c:391: Warning: 
  accessing left-value that contains escaping addresses.
  assert ¬\dangling(&r->m_table_sizes[0]);
[eva:alarm] miniz_tinfl.c:391: Warning: 
  function memcpy: precondition 'valid_dest' got status unknown.
[eva:alarm] miniz_tinfl.c:391: Warning: 
  function memcpy: precondition 'valid_src' got status unknown.
[eva:alarm] miniz_tinfl.c:391: Warning: 
  function memcpy: precondition 'separation' got status unknown.
[eva:alarm] miniz_tinfl.c:392: Warning: 
  accessing uninitialized left-value.
  assert \initialized(&r->m_table_sizes[1]);
[eva:alarm] miniz_tinfl.c:392: Warning: 
  accessing uninitialized left-value.
  assert \initialized(&r->m_table_sizes[0]);
[eva:alarm] miniz_tinfl.c:392: Warning: 
  accessing left-value that contains escaping addresses.
  assert ¬\dangling(&r->m_table_sizes[1]);
[eva:alarm] miniz_tinfl.c:392: Warning: 
  accessing left-value that contains escaping addresses.
  assert ¬\dangling(&r->m_table_sizes[0]);
[eva:alarm] miniz_tinfl.c:392: Warning: 
  function memcpy: precondition 'valid_dest' got status unknown.
[eva:alarm] miniz_tinfl.c:392: Warning: 
  function memcpy: precondition 'valid_src' got status unknown.
[eva:alarm] miniz_tinfl.c:392: Warning: 
  function memcpy: precondition 'separation' got status unknown.
[eva:alarm] miniz_tinfl.c:304: Warning: 
  accessing uninitialized left-value. assert \initialized(&r->m_type);
[eva:alarm] miniz_tinfl.c:304: Warning: 
  accessing left-value that contains escaping addresses.
  assert ¬\dangling(&r->m_type);
[eva:garbled-mix:write] miniz_tinfl.c:304: 
  Assigning imprecise value to r->m_type
  (pointing to __malloc_w_miniz_def_alloc_func_l169_0 with offsets {192}).
  The imprecision originates from Misaligned
[eva] miniz_tinfl.c:368: starting to merge loop iterations
[eva] miniz_tinfl.c:398: starting to merge loop iterations
[eva] miniz_tinfl.c:222: starting to merge loop iterations
[eva] miniz_tinfl.c:222: starting to merge loop iterations
[eva] miniz_tinfl.c:226: starting to merge loop iterations
[eva:alarm] miniz_tinfl.c:481: Warning: 
  accessing out of bounds index. assert 0 ≤ (mz_uint32)(counter - 257);
[eva:alarm] miniz_tinfl.c:481: Warning: 
  accessing out of bounds index. assert (mz_uint32)(counter - 257) < 31;
[eva:alarm] miniz_tinfl.c:481: Warning: 
  accessing uninitialized left-value.
  assert
  \initialized(&tinfl_decompress_s_length_extra[(mz_uint32)(counter - 257)]);
[eva:alarm] miniz_tinfl.c:481: Warning: 
  out of bounds read.
  assert
  \valid_read(&tinfl_decompress_s_length_extra[(mz_uint32)(counter - 257)]);
[eva:alarm] miniz_tinfl.c:481: Warning: 
  accessing left-value that contains escaping addresses.
  assert
  ¬\dangling(&tinfl_decompress_s_length_extra[(mz_uint32)(counter - 257)]);
[eva:garbled-mix:write] miniz_tinfl.c:481: 
  Assigning imprecise value to num_extra.
  The imprecision originates from Misaligned
[eva:alarm] miniz_tinfl.c:482: Warning: 
  accessing out of bounds index. assert 0 ≤ (mz_uint32)(counter - 257);
[eva:alarm] miniz_tinfl.c:482: Warning: 
  accessing out of bounds index. assert (mz_uint32)(counter - 257) < 31;
[eva:alarm] miniz_tinfl.c:482: Warning: 
  accessing uninitialized left-value.
  assert
  \initialized(&tinfl_decompress_s_length_base[(mz_uint32)(counter - 257)]);
[eva:alarm] miniz_tinfl.c:482: Warning: 
  out of bounds read.
  assert
  \valid_read(&tinfl_decompress_s_length_base[(mz_uint32)(counter - 257)]);
[eva:alarm] miniz_tinfl.c:482: Warning: 
  accessing left-value that contains escaping addresses.
  assert
  ¬\dangling(&tinfl_decompress_s_length_base[(mz_uint32)(counter - 257)]);
[eva:garbled-mix:write] miniz_tinfl.c:482: 
  Assigning imprecise value to counter.
  The imprecision originates from Misaligned
[eva:alarm] miniz_tinfl.c:486: Warning: 
  pointer comparison.
  assert \pointer_comparable((void *)pIn_buf_cur, (void *)pIn_buf_end);
[eva:garbled-mix:write] miniz_tinfl.c:486: 
  Assigning imprecise value to tmp_35.
  The imprecision originates from Misaligned
[eva:garbled-mix:write] miniz_tinfl.c:486: 
  Assigning imprecise value to pIn_buf_cur.
  The imprecision originates from Misaligned
[eva:alarm] miniz_tinfl.c:486: Warning: 
  accessing uninitialized left-value.
  assert \initialized(tmp_35);
  (tmp_35 from pIn_buf_cur++)
[eva:alarm] miniz_tinfl.c:486: Warning: 
  out of bounds read. assert \valid_read(tmp_35);
                      (tmp_35 from pIn_buf_cur++)
[eva:alarm] miniz_tinfl.c:486: Warning: 
  accessing left-value that contains escaping addresses.
  assert ¬\dangling(tmp_35);
  (tmp_35 from pIn_buf_cur++)
[eva:garbled-mix:write] miniz_tinfl.c:486: 
  Assigning imprecise value to c_8.
  The imprecision originates from Misaligned
[eva:alarm] miniz_tinfl.c:486: Warning: 
  invalid RHS operand for shift. assert 0 ≤ num_bits < 64;
[eva:garbled-mix:write] miniz_tinfl.c:486: 
  Assigning imprecise value to bit_buf.
  The imprecision originates from Misaligned
[eva:garbled-mix:write] miniz_tinfl.c:486: 
  Assigning imprecise value to num_bits.
  The imprecision originates from Misaligned
[eva:alarm] miniz_tinfl.c:486: Warning: 
  invalid RHS operand for shift. assert 0 ≤ num_extra < 32;
[eva:alarm] miniz_tinfl.c:486: Warning: 
  signed overflow. assert -2147483648 ≤ 1 << num_extra;
[eva:alarm] miniz_tinfl.c:486: Warning: 
  signed overflow. assert 1 << num_extra ≤ 2147483647;
[eva:alarm] miniz_tinfl.c:486: Warning: 
  signed overflow. assert -2147483648 ≤ (int)(1 << num_extra) - 1;
[eva:alarm] miniz_tinfl.c:486: Warning: 
  signed overflow. assert (int)(1 << num_extra) - 1 ≤ 2147483647;
[eva:garbled-mix:write] miniz_tinfl.c:486: 
  Assigning imprecise value to extra_bits.
  The imprecision originates from Misaligned
[eva:alarm] miniz_tinfl.c:486: Warning: 
  invalid RHS operand for shift. assert 0 ≤ num_extra < 64;
[eva:garbled-mix:write] miniz_tinfl.c:486: 
  Assigning imprecise value to bit_buf.
  The imprecision originates from Misaligned
[eva:garbled-mix:write] miniz_tinfl.c:486: 
  Assigning imprecise value to num_bits.
  The imprecision originates from Misaligned
[eva:garbled-mix:write] miniz_tinfl.c:487: 
  Assigning imprecise value to counter.
  The imprecision originates from Misaligned
[eva:alarm] miniz_tinfl.c:490: Warning: 
  pointer subtraction.
  assert \base_addr(pIn_buf_end) ≡ \base_addr(pIn_buf_cur);
[eva:alarm] miniz_tinfl.c:490: Warning: 
  signed overflow. assert -9223372036854775808 ≤ pIn_buf_end - pIn_buf_cur;
[eva:alarm] miniz_tinfl.c:490: Warning: 
  signed overflow. assert pIn_buf_end - pIn_buf_cur ≤ 9223372036854775807;
[eva:alarm] miniz_tinfl.c:490: Warning: 
  accessing out of bounds index.
  assert
  0 ≤
  (unsigned long)(bit_buf & (unsigned long)((int)(TINFL_FAST_LOOKUP_SIZE - 1)));
[eva:alarm] miniz_tinfl.c:490: Warning: 
  accessing out of bounds index.
  assert
  (unsigned long)(bit_buf & (unsigned long)((int)(TINFL_FAST_LOOKUP_SIZE - 1)))
  < TINFL_FAST_LOOKUP_SIZE;
[eva:alarm] miniz_tinfl.c:490: Warning: 
  accessing uninitialized left-value.
  assert
  \initialized(&r->m_tables[1].m_look_up[(unsigned long)(bit_buf &
                                                         (unsigned long)
                                                         ((int)(TINFL_FAST_LOOKUP_SIZE
                                                                - 1)))]);
[eva:alarm] miniz_tinfl.c:490: Warning: 
  out of bounds read.
  assert
  \valid_read(&r->m_tables[1].m_look_up[(unsigned long)(bit_buf &
                                                        (unsigned long)
                                                        ((int)(TINFL_FAST_LOOKUP_SIZE
                                                               - 1)))]);
[eva:alarm] miniz_tinfl.c:490: Warning: 
  accessing left-value that contains escaping addresses.
  assert
  ¬\dangling(&r->m_tables[1].m_look_up[(unsigned long)(bit_buf &
                                                        (unsigned long)
                                                        ((int)(TINFL_FAST_LOOKUP_SIZE
                                                               - 1)))]);
[eva:garbled-mix:write] miniz_tinfl.c:490: 
  Assigning imprecise value to temp_1.
  The imprecision originates from Misaligned
[eva:garbled-mix:write] miniz_tinfl.c:490: 
  Assigning imprecise value to code_len_2.
  The imprecision originates from Misaligned
[eva:alarm] miniz_tinfl.c:490: Warning: 
  accessing out of bounds index.
  assert
  0 ≤
  (unsigned long)((unsigned long)((int)(~temp_1)) +
                  (unsigned long)((tinfl_bit_buf_t)(bit_buf >> tmp_36) & 1));
  (tmp_36 from code_len_2++)
[eva:alarm] miniz_tinfl.c:490: Warning: 
  accessing out of bounds index.
  assert
  (unsigned long)((unsigned long)((int)(~temp_1)) +
                  (unsigned long)((tinfl_bit_buf_t)(bit_buf >> tmp_36) & 1))
  < (int)(TINFL_MAX_HUFF_SYMBOLS_0 * 2);
  (tmp_36 from code_len_2++)
[eva:alarm] miniz_tinfl.c:490: Warning: 
  accessing uninitialized left-value.
  assert
  \initialized(&r->m_tables[1].m_tree[(unsigned long)((unsigned long)((int)
                                                                      (~temp_1))
                                                      +
                                                      (unsigned long)((tinfl_bit_buf_t)
                                                                      (bit_buf
                                                                      >> tmp_36)
                                                                      & 1))]);
  (tmp_36 from code_len_2++)
[eva:alarm] miniz_tinfl.c:490: Warning: 
  out of bounds read.
  assert
  \valid_read(&r->m_tables[1].m_tree[(unsigned long)((unsigned long)((int)
                                                                      (~temp_1))
                                                     +
                                                     (unsigned long)((tinfl_bit_buf_t)
                                                                     (bit_buf
                                                                      >> tmp_36)
                                                                     & 1))]);
  (tmp_36 from code_len_2++)
[eva:alarm] miniz_tinfl.c:490: Warning: 
  accessing left-value that contains escaping addresses.
  assert
  ¬\dangling(&r->m_tables[1].m_tree[(unsigned long)((unsigned long)((int)
                                                                      (~temp_1))
                                                     +
                                                     (unsigned long)((tinfl_bit_buf_t)
                                                                     (bit_buf
                                                                      >> tmp_36)
                                                                     & 1))]);
  (tmp_36 from code_len_2++)
[eva:garbled-mix:write] miniz_tinfl.c:490: 
  Assigning imprecise value to temp_1.
  The imprecision originates from Misaligned
[eva] miniz_tinfl.c:490: starting to merge loop iterations
[eva:alarm] miniz_tinfl.c:490: Warning: 
  invalid RHS operand for shift.
  assert 0 ≤ tmp_36 < 64;
  (tmp_36 from code_len_2++)
[eva:alarm] miniz_tinfl.c:490: Warning: 
  pointer comparison.
  assert \pointer_comparable((void *)pIn_buf_cur, (void *)pIn_buf_end);
[eva:garbled-mix:write] miniz_tinfl.c:490: 
  Assigning imprecise value to tmp_37.
  The imprecision originates from Misaligned
[eva:garbled-mix:write] miniz_tinfl.c:490: 
  Assigning imprecise value to pIn_buf_cur.
  The imprecision originates from Misaligned
[eva:alarm] miniz_tinfl.c:490: Warning: 
  accessing uninitialized left-value.
  assert \initialized(tmp_37);
  (tmp_37 from pIn_buf_cur++)
[eva:alarm] miniz_tinfl.c:490: Warning: 
  out of bounds read. assert \valid_read(tmp_37);
                      (tmp_37 from pIn_buf_cur++)
[eva:alarm] miniz_tinfl.c:490: Warning: 
  accessing left-value that contains escaping addresses.
  assert ¬\dangling(tmp_37);
  (tmp_37 from pIn_buf_cur++)
[eva:garbled-mix:write] miniz_tinfl.c:490: 
  Assigning imprecise value to c_9.
  The imprecision originates from Misaligned
[eva:alarm] miniz_tinfl.c:490: Warning: 
  invalid RHS operand for shift. assert 0 ≤ num_bits < 64;
[eva:garbled-mix:write] miniz_tinfl.c:490: 
  Assigning imprecise value to bit_buf.
  The imprecision originates from Misaligned
[eva:garbled-mix:write] miniz_tinfl.c:490: 
  Assigning imprecise value to num_bits.
  The imprecision originates from Misaligned
[eva:alarm] miniz_tinfl.c:490: Warning: 
  invalid RHS operand for shift. assert 0 ≤ num_bits < 64;
[eva:alarm] miniz_tinfl.c:490: Warning: 
  invalid RHS operand for shift. assert 0 ≤ (mz_uint32)(num_bits + 8) < 64;
[eva:alarm] miniz_tinfl.c:490: Warning: 
  accessing uninitialized left-value. assert \initialized(pIn_buf_cur + 0);
[eva:alarm] miniz_tinfl.c:490: Warning: 
  accessing uninitialized left-value. assert \initialized(pIn_buf_cur + 1);
[eva:alarm] miniz_tinfl.c:490: Warning: 
  out of bounds read. assert \valid_read(pIn_buf_cur + 0);
[eva:alarm] miniz_tinfl.c:490: Warning: 
  out of bounds read. assert \valid_read(pIn_buf_cur + 1);
[eva:alarm] miniz_tinfl.c:490: Warning: 
  accessing left-value that contains escaping addresses.
  assert ¬\dangling(pIn_buf_cur + 0);
[eva:alarm] miniz_tinfl.c:490: Warning: 
  accessing left-value that contains escaping addresses.
  assert ¬\dangling(pIn_buf_cur + 1);
[eva:garbled-mix:write] miniz_tinfl.c:490: 
  Assigning imprecise value to bit_buf.
  The imprecision originates from Misaligned
[eva:garbled-mix:write] miniz_tinfl.c:490: 
  Assigning imprecise value to num_bits.
  The imprecision originates from Misaligned
[eva:alarm] miniz_tinfl.c:490: Warning: 
  accessing out of bounds index.
  assert
  0 ≤
  (unsigned long)(bit_buf & (unsigned long)((int)(TINFL_FAST_LOOKUP_SIZE - 1)));
[eva:alarm] miniz_tinfl.c:490: Warning: 
  accessing out of bounds index.
  assert
  (unsigned long)(bit_buf & (unsigned long)((int)(TINFL_FAST_LOOKUP_SIZE - 1)))
  < TINFL_FAST_LOOKUP_SIZE;
[eva:alarm] miniz_tinfl.c:490: Warning: 
  accessing uninitialized left-value.
  assert
  \initialized(&r->m_tables[1].m_look_up[(unsigned long)(bit_buf &
                                                         (unsigned long)
                                                         ((int)(TINFL_FAST_LOOKUP_SIZE
                                                                - 1)))]);
[eva:alarm] miniz_tinfl.c:490: Warning: 
  out of bounds read.
  assert
  \valid_read(&r->m_tables[1].m_look_up[(unsigned long)(bit_buf &
                                                        (unsigned long)
                                                        ((int)(TINFL_FAST_LOOKUP_SIZE
                                                               - 1)))]);
[eva:alarm] miniz_tinfl.c:490: Warning: 
  accessing left-value that contains escaping addresses.
  assert
  ¬\dangling(&r->m_tables[1].m_look_up[(unsigned long)(bit_buf &
                                                        (unsigned long)
                                                        ((int)(TINFL_FAST_LOOKUP_SIZE
                                                               - 1)))]);
[eva:garbled-mix:write] miniz_tinfl.c:490: 
  Assigning imprecise value to temp_1.
  The imprecision originates from Misaligned
[eva:garbled-mix:write] miniz_tinfl.c:490: 
  Assigning imprecise value to code_len_2.
  The imprecision originates from Misaligned
[eva:garbled-mix:write] miniz_tinfl.c:490: 
  Assigning imprecise value to temp_1.
  The imprecision originates from Misaligned
[eva:alarm] miniz_tinfl.c:490: Warning: 
  accessing out of bounds index.
  assert
  0 ≤
  (unsigned long)((unsigned long)((int)(~temp_1)) +
                  (unsigned long)((tinfl_bit_buf_t)(bit_buf >> tmp_38) & 1));
  (tmp_38 from code_len_2++)
[eva:alarm] miniz_tinfl.c:490: Warning: 
  accessing out of bounds index.
  assert
  (unsigned long)((unsigned long)((int)(~temp_1)) +
                  (unsigned long)((tinfl_bit_buf_t)(bit_buf >> tmp_38) & 1))
  < (int)(TINFL_MAX_HUFF_SYMBOLS_0 * 2);
  (tmp_38 from code_len_2++)
[eva:alarm] miniz_tinfl.c:490: Warning: 
  accessing uninitialized left-value.
  assert
  \initialized(&r->m_tables[1].m_tree[(unsigned long)((unsigned long)((int)
                                                                      (~temp_1))
                                                      +
                                                      (unsigned long)((tinfl_bit_buf_t)
                                                                      (bit_buf
                                                                      >> tmp_38)
                                                                      & 1))]);
  (tmp_38 from code_len_2++)
[eva:alarm] miniz_tinfl.c:490: Warning: 
  out of bounds read.
  assert
  \valid_read(&r->m_tables[1].m_tree[(unsigned long)((unsigned long)((int)
                                                                      (~temp_1))
                                                     +
                                                     (unsigned long)((tinfl_bit_buf_t)
                                                                     (bit_buf
                                                                      >> tmp_38)
                                                                     & 1))]);
  (tmp_38 from code_len_2++)
[eva:alarm] miniz_tinfl.c:490: Warning: 
  accessing left-value that contains escaping addresses.
  assert
  ¬\dangling(&r->m_tables[1].m_tree[(unsigned long)((unsigned long)((int)
                                                                      (~temp_1))
                                                     +
                                                     (unsigned long)((tinfl_bit_buf_t)
                                                                     (bit_buf
                                                                      >> tmp_38)
                                                                     & 1))]);
  (tmp_38 from code_len_2++)
[eva:garbled-mix:write] miniz_tinfl.c:490: 
  Assigning imprecise value to temp_1.
  The imprecision originates from Misaligned
[eva] miniz_tinfl.c:490: starting to merge loop iterations
[eva:alarm] miniz_tinfl.c:490: Warning: 
  invalid RHS operand for shift.
  assert 0 ≤ tmp_38 < 64;
  (tmp_38 from code_len_2++)
[eva:garbled-mix:write] miniz_tinfl.c:490: 
  Assigning imprecise value to dist.
  The imprecision originates from Misaligned
[eva:alarm] miniz_tinfl.c:490: Warning: 
  invalid RHS operand for shift. assert 0 ≤ code_len_2 < 64;
[eva:garbled-mix:write] miniz_tinfl.c:490: 
  Assigning imprecise value to bit_buf.
  The imprecision originates from Misaligned
[eva:garbled-mix:write] miniz_tinfl.c:490: 
  Assigning imprecise value to num_bits.
  The imprecision originates from Misaligned
[eva:alarm] miniz_tinfl.c:491: Warning: 
  accessing out of bounds index. assert 0 ≤ dist;
[eva:alarm] miniz_tinfl.c:491: Warning: 
  accessing out of bounds index. assert dist < 32;
[eva:alarm] miniz_tinfl.c:491: Warning: 
  accessing uninitialized left-value.
  assert \initialized(&tinfl_decompress_s_dist_extra[dist]);
[eva:alarm] miniz_tinfl.c:491: Warning: 
  out of bounds read. assert \valid_read(&tinfl_decompress_s_dist_extra[dist]);
[eva:alarm] miniz_tinfl.c:491: Warning: 
  accessing left-value that contains escaping addresses.
  assert ¬\dangling(&tinfl_decompress_s_dist_extra[dist]);
[eva:garbled-mix:write] miniz_tinfl.c:491: 
  Assigning imprecise value to num_extra.
  The imprecision originates from Misaligned
[eva:alarm] miniz_tinfl.c:492: Warning: 
  accessing out of bounds index. assert 0 ≤ dist;
[eva:alarm] miniz_tinfl.c:492: Warning: 
  accessing out of bounds index. assert dist < 32;
[eva:alarm] miniz_tinfl.c:492: Warning: 
  accessing uninitialized left-value.
  assert \initialized(&tinfl_decompress_s_dist_base[dist]);
[eva:alarm] miniz_tinfl.c:492: Warning: 
  out of bounds read. assert \valid_read(&tinfl_decompress_s_dist_base[dist]);
[eva:alarm] miniz_tinfl.c:492: Warning: 
  accessing left-value that contains escaping addresses.
  assert ¬\dangling(&tinfl_decompress_s_dist_base[dist]);
[eva:garbled-mix:write] miniz_tinfl.c:492: 
  Assigning imprecise value to dist.
  The imprecision originates from Misaligned
[eva:alarm] miniz_tinfl.c:496: Warning: 
  pointer comparison.
  assert \pointer_comparable((void *)pIn_buf_cur, (void *)pIn_buf_end);
[eva:garbled-mix:write] miniz_tinfl.c:496: 
  Assigning imprecise value to tmp_39.
  The imprecision originates from Misaligned
[eva:garbled-mix:write] miniz_tinfl.c:496: 
  Assigning imprecise value to pIn_buf_cur.
  The imprecision originates from Misaligned
[eva:alarm] miniz_tinfl.c:496: Warning: 
  accessing uninitialized left-value.
  assert \initialized(tmp_39);
  (tmp_39 from pIn_buf_cur++)
[eva:alarm] miniz_tinfl.c:496: Warning: 
  out of bounds read. assert \valid_read(tmp_39);
                      (tmp_39 from pIn_buf_cur++)
[eva:alarm] miniz_tinfl.c:496: Warning: 
  accessing left-value that contains escaping addresses.
  assert ¬\dangling(tmp_39);
  (tmp_39 from pIn_buf_cur++)
[eva:garbled-mix:write] miniz_tinfl.c:496: 
  Assigning imprecise value to c_10.
  The imprecision originates from Misaligned
[eva:alarm] miniz_tinfl.c:496: Warning: 
  invalid RHS operand for shift. assert 0 ≤ num_bits < 64;
[eva:garbled-mix:write] miniz_tinfl.c:496: 
  Assigning imprecise value to bit_buf.
  The imprecision originates from Misaligned
[eva:garbled-mix:write] miniz_tinfl.c:496: 
  Assigning imprecise value to num_bits.
  The imprecision originates from Misaligned
[eva:alarm] miniz_tinfl.c:496: Warning: 
  invalid RHS operand for shift. assert 0 ≤ num_extra < 32;
[eva:alarm] miniz_tinfl.c:496: Warning: 
  signed overflow. assert -2147483648 ≤ 1 << num_extra;
[eva:alarm] miniz_tinfl.c:496: Warning: 
  signed overflow. assert 1 << num_extra ≤ 2147483647;
[eva:alarm] miniz_tinfl.c:496: Warning: 
  signed overflow. assert -2147483648 ≤ (int)(1 << num_extra) - 1;
[eva:alarm] miniz_tinfl.c:496: Warning: 
  signed overflow. assert (int)(1 << num_extra) - 1 ≤ 2147483647;
[eva:garbled-mix:write] miniz_tinfl.c:496: 
  Assigning imprecise value to extra_bits_0.
  The imprecision originates from Misaligned
[eva:alarm] miniz_tinfl.c:496: Warning: 
  invalid RHS operand for shift. assert 0 ≤ num_extra < 64;
[eva:garbled-mix:write] miniz_tinfl.c:496: 
  Assigning imprecise value to bit_buf.
  The imprecision originates from Misaligned
[eva:garbled-mix:write] miniz_tinfl.c:496: 
  Assigning imprecise value to num_bits.
  The imprecision originates from Misaligned
[eva:garbled-mix:write] miniz_tinfl.c:497: 
  Assigning imprecise value to dist.
  The imprecision originates from Misaligned
[eva:alarm] miniz_tinfl.c:500: Warning: 
  pointer subtraction.
  assert \base_addr(pOut_buf_cur) ≡ \base_addr(pOut_buf_start);
[eva:alarm] miniz_tinfl.c:500: Warning: 
  signed overflow.
  assert -9223372036854775808 ≤ pOut_buf_cur - pOut_buf_start;
[eva:alarm] miniz_tinfl.c:500: Warning: 
  signed overflow.
  assert pOut_buf_cur - pOut_buf_start ≤ 9223372036854775807;
[eva:garbled-mix:write] miniz_tinfl.c:500: 
  Assigning imprecise value to dist_from_out_buf_start.
  The imprecision originates from Misaligned
[eva:garbled-mix:write] miniz_tinfl.c:506: 
  Assigning imprecise value to pSrc.
  The imprecision originates from Misaligned
[eva:alarm] miniz_tinfl.c:508: Warning: 
  pointer comparison.
  assert \pointer_comparable((void *)pOut_buf_cur, (void *)pSrc);
[eva:garbled-mix:write] miniz_tinfl.c:508: 
  Assigning imprecise value to tmp_43.
  The imprecision originates from Misaligned
[eva:alarm] miniz_tinfl.c:508: Warning: 
  pointer comparison.
  assert \pointer_comparable((void *)(tmp_43 + counter), (void *)pOut_buf_end);
  (tmp_43 from ((pOut_buf_cur) > (pSrc))?pOut_buf_cur:pSrc)
[eva:garbled-mix:write] miniz_tinfl.c:523: 
  Assigning imprecise value to pSrc_end.
  The imprecision originates from Misaligned
[eva:alarm] miniz_tinfl.c:527: Warning: 
  function memcpy: precondition 'valid_dest' got status unknown.
[eva:alarm] miniz_tinfl.c:527: Warning: 
  function memcpy: precondition 'valid_src' got status unknown.
[eva:alarm] miniz_tinfl.c:527: Warning: 
  function memcpy: precondition 'separation' got status unknown.
[kernel] miniz_tinfl.c:527: 
  writing somewhere in {NULL; __malloc_main_l34;
                        __malloc_w_miniz_def_alloc_func_l169;
                        __malloc_w_miniz_def_alloc_func_l169_0} because of Misaligned.
[eva:garbled-mix:write] miniz_tinfl.c:532: 
  Assigning imprecise value to pOut_buf_cur.
  The imprecision originates from Misaligned
[eva:garbled-mix:write] miniz_tinfl.c:533: 
  Assigning imprecise value to pSrc.
  The imprecision originates from Misaligned
[eva:alarm] miniz_tinfl.c:533: Warning: 
  pointer comparison.
  assert \pointer_comparable((void *)pSrc, (void *)pSrc_end);
[eva:garbled-mix:write] miniz_tinfl.c:534: 
  Assigning imprecise value to counter.
  The imprecision originates from Misaligned
[eva:alarm] miniz_tinfl.c:538: Warning: 
  out of bounds write. assert \valid(pOut_buf_cur + 0);
[eva:alarm] miniz_tinfl.c:538: Warning: 
  accessing uninitialized left-value. assert \initialized(pSrc + 0);
[eva:alarm] miniz_tinfl.c:538: Warning: 
  out of bounds read. assert \valid_read(pSrc + 0);
[eva:alarm] miniz_tinfl.c:538: Warning: 
  accessing left-value that contains escaping addresses.
  assert ¬\dangling(pSrc + 0);
[eva:garbled-mix:write] miniz_tinfl.c:538: 
  Assigning imprecise value to *(pOut_buf_cur + 0)
  (pointing to __malloc_main_l34 with offsets [0..147573952589676412920];
  __malloc_w_miniz_def_alloc_func_l169 with offsets [0..2554808];
  __malloc_w_miniz_def_alloc_func_l169_0 with offsets [0..350328]).
  The imprecision originates from Misaligned
[eva:alarm] miniz_tinfl.c:540: Warning: 
  out of bounds write. assert \valid(pOut_buf_cur + 1);
[eva:alarm] miniz_tinfl.c:540: Warning: 
  accessing uninitialized left-value. assert \initialized(pSrc + 1);
[eva:alarm] miniz_tinfl.c:540: Warning: 
  out of bounds read. assert \valid_read(pSrc + 1);
[eva:alarm] miniz_tinfl.c:540: Warning: 
  accessing left-value that contains escaping addresses.
  assert ¬\dangling(pSrc + 1);
[eva:garbled-mix:write] miniz_tinfl.c:540: 
  Assigning imprecise value to *(pOut_buf_cur + 1)
  (pointing to __malloc_main_l34 with offsets [8..147573952589676412920],0%8;
  __malloc_w_miniz_def_alloc_func_l169 with offsets [8..2554808],0%8;
  __malloc_w_miniz_def_alloc_func_l169_0 with offsets [8..350328],0%8).
  The imprecision originates from Misaligned
[eva:garbled-mix:write] miniz_tinfl.c:541: 
  Assigning imprecise value to pOut_buf_cur.
  The imprecision originates from Misaligned
[eva:alarm] miniz_tinfl.c:549: Warning: 
  out of bounds write. assert \valid(pOut_buf_cur + 0);
[eva:alarm] miniz_tinfl.c:549: Warning: 
  accessing uninitialized left-value. assert \initialized(pSrc + 0);
[eva:alarm] miniz_tinfl.c:549: Warning: 
  out of bounds read. assert \valid_read(pSrc + 0);
[eva:alarm] miniz_tinfl.c:549: Warning: 
  accessing left-value that contains escaping addresses.
  assert ¬\dangling(pSrc + 0);
[eva:garbled-mix:write] miniz_tinfl.c:549: 
  Assigning imprecise value to *(pOut_buf_cur + 0)
  (pointing to __malloc_main_l34 with offsets [0..147573952589676412920];
  __malloc_w_miniz_def_alloc_func_l169 with offsets [0..2554808];
  __malloc_w_miniz_def_alloc_func_l169_0 with offsets [0..350328]).
  The imprecision originates from Misaligned
[eva:alarm] miniz_tinfl.c:550: Warning: 
  out of bounds write. assert \valid(pOut_buf_cur + 1);
[eva:alarm] miniz_tinfl.c:550: Warning: 
  accessing uninitialized left-value. assert \initialized(pSrc + 1);
[eva:alarm] miniz_tinfl.c:550: Warning: 
  out of bounds read. assert \valid_read(pSrc + 1);
[eva:alarm] miniz_tinfl.c:550: Warning: 
  accessing left-value that contains escaping addresses.
  assert ¬\dangling(pSrc + 1);
[eva:garbled-mix:write] miniz_tinfl.c:550: 
  Assigning imprecise value to *(pOut_buf_cur + 1)
  (pointing to __malloc_main_l34 with offsets [8..147573952589676412920],0%8;
  __malloc_w_miniz_def_alloc_func_l169 with offsets [8..2554808],0%8;
  __malloc_w_miniz_def_alloc_func_l169_0 with offsets [8..350328],0%8).
  The imprecision originates from Misaligned
[eva:alarm] miniz_tinfl.c:551: Warning: 
  out of bounds write. assert \valid(pOut_buf_cur + 2);
[eva:alarm] miniz_tinfl.c:551: Warning: 
  accessing uninitialized left-value. assert \initialized(pSrc + 2);
[eva:alarm] miniz_tinfl.c:551: Warning: 
  out of bounds read. assert \valid_read(pSrc + 2);
[eva:alarm] miniz_tinfl.c:551: Warning: 
  accessing left-value that contains escaping addresses.
  assert ¬\dangling(pSrc + 2);
[eva:garbled-mix:write] miniz_tinfl.c:551: 
  Assigning imprecise value to *(pOut_buf_cur + 2)
  (pointing to __malloc_main_l34 with offsets [16..147573952589676412920],0%8;
  __malloc_w_miniz_def_alloc_func_l169 with offsets [16..2554808],0%8;
  __malloc_w_miniz_def_alloc_func_l169_0 with offsets [16..350328],0%8).
  The imprecision originates from Misaligned
[eva:garbled-mix:write] miniz_tinfl.c:554: 
  Assigning imprecise value to counter.
  The imprecision originates from Misaligned
[eva:alarm] miniz_tinfl.c:558: Warning: 
  out of bounds write. assert \valid(pOut_buf_cur + 0);
[eva:alarm] miniz_tinfl.c:558: Warning: 
  accessing uninitialized left-value. assert \initialized(pSrc + 0);
[eva:alarm] miniz_tinfl.c:558: Warning: 
  out of bounds read. assert \valid_read(pSrc + 0);
[eva:alarm] miniz_tinfl.c:558: Warning: 
  accessing left-value that contains escaping addresses.
  assert ¬\dangling(pSrc + 0);
[eva:garbled-mix:write] miniz_tinfl.c:558: 
  Assigning imprecise value to *(pOut_buf_cur + 0)
  (pointing to __malloc_main_l34 with offsets [0..147573952589676412920];
  __malloc_w_miniz_def_alloc_func_l169 with offsets [0..2554808];
  __malloc_w_miniz_def_alloc_func_l169_0 with offsets [0..350328]).
  The imprecision originates from Misaligned
[eva:alarm] miniz_tinfl.c:560: Warning: 
  out of bounds write. assert \valid(pOut_buf_cur + 1);
[eva:alarm] miniz_tinfl.c:560: Warning: 
  accessing uninitialized left-value. assert \initialized(pSrc + 1);
[eva:alarm] miniz_tinfl.c:560: Warning: 
  out of bounds read. assert \valid_read(pSrc + 1);
[eva:alarm] miniz_tinfl.c:560: Warning: 
  accessing left-value that contains escaping addresses.
  assert ¬\dangling(pSrc + 1);
[eva:garbled-mix:write] miniz_tinfl.c:560: 
  Assigning imprecise value to *(pOut_buf_cur + 1)
  (pointing to __malloc_main_l34 with offsets [8..147573952589676412920],0%8;
  __malloc_w_miniz_def_alloc_func_l169 with offsets [8..2554808],0%8;
  __malloc_w_miniz_def_alloc_func_l169_0 with offsets [8..350328],0%8).
  The imprecision originates from Misaligned
[eva:garbled-mix:write] miniz_tinfl.c:561: 
  Assigning imprecise value to pOut_buf_cur.
  The imprecision originates from Misaligned
[eva] miniz_tinfl.c:251: starting to merge loop iterations
[eva] miniz_tinfl.c:255: starting to merge loop iterations
[eva] miniz_tinfl.c:304: starting to merge loop iterations
[eva] miniz_tinfl.c:395: starting to merge loop iterations
[eva] miniz_tinfl.c:490: starting to merge loop iterations
[eva] miniz_tinfl.c:490: starting to merge loop iterations
[eva:alarm] miniz_tinfl.c:569: Warning: 
  pointer comparison.
  assert \pointer_comparable((void *)pIn_buf_cur, (void *)pIn_buf_end);
[eva:garbled-mix:write] miniz_tinfl.c:569: 
  Assigning imprecise value to tmp_44.
  The imprecision originates from Misaligned
[eva:garbled-mix:write] miniz_tinfl.c:569: 
  Assigning imprecise value to pIn_buf_cur.
  The imprecision originates from Misaligned
[eva:alarm] miniz_tinfl.c:569: Warning: 
  accessing uninitialized left-value.
  assert \initialized(tmp_44);
  (tmp_44 from pIn_buf_cur++)
[eva:alarm] miniz_tinfl.c:569: Warning: 
  out of bounds read. assert \valid_read(tmp_44);
                      (tmp_44 from pIn_buf_cur++)
[eva:alarm] miniz_tinfl.c:569: Warning: 
  accessing left-value that contains escaping addresses.
  assert ¬\dangling(tmp_44);
  (tmp_44 from pIn_buf_cur++)
[eva:garbled-mix:write] miniz_tinfl.c:569: 
  Assigning imprecise value to c_11.
  The imprecision originates from Misaligned
[eva:alarm] miniz_tinfl.c:569: Warning: 
  invalid RHS operand for shift. assert 0 ≤ num_bits < 64;
[eva:garbled-mix:write] miniz_tinfl.c:569: 
  Assigning imprecise value to bit_buf.
  The imprecision originates from Misaligned
[eva:garbled-mix:write] miniz_tinfl.c:569: 
  Assigning imprecise value to num_bits.
  The imprecision originates from Misaligned
[eva:alarm] miniz_tinfl.c:569: Warning: 
  invalid RHS operand for shift.
  assert 0 ≤ (unsigned int)(num_bits & 7) < 64;
[eva:garbled-mix:write] miniz_tinfl.c:569: 
  Assigning imprecise value to num_bits.
  The imprecision originates from Misaligned
[eva:garbled-mix:write] miniz_tinfl.c:573: 
  Assigning imprecise value to num_bits.
  The imprecision originates from Misaligned
[eva:alarm] miniz_tinfl.c:584: Warning: 
  invalid RHS operand for shift. assert 0 ≤ num_bits < 64;
[eva:garbled-mix:write] miniz_tinfl.c:584: 
  Assigning imprecise value to num_bits.
  The imprecision originates from Misaligned
[eva:garbled-mix:write] miniz_tinfl.c:584: 
  Assigning imprecise value to num_bits.
  The imprecision originates from Misaligned
[eva:garbled-mix:write] miniz_tinfl.c:603: 
  Assigning imprecise value to num_bits.
  The imprecision originates from Misaligned
[eva:garbled-mix:write] miniz_tinfl.c:606: 
  Assigning imprecise value to r->m_num_bits
  (pointing to __malloc_w_miniz_def_alloc_func_l169_0 with offsets {32}).
  The imprecision originates from Misaligned
[eva:garbled-mix:write] miniz_tinfl.c:610: 
  Assigning imprecise value to r->m_num_extra
  (pointing to __malloc_w_miniz_def_alloc_func_l169_0 with offsets {320}).
  The imprecision originates from Misaligned
[eva:garbled-mix:write] miniz_tinfl.c:611: 
  Assigning imprecise value to r->m_dist_from_out_buf_start
  (pointing to __malloc_w_miniz_def_alloc_func_l169_0 with offsets {512}).
  The imprecision originates from Misaligned
[eva:garbled-mix:write] miniz_tinfl.c:616: 
  Assigning imprecise value to ptr.
  The imprecision originates from Misaligned
[eva:garbled-mix:write] miniz_tinfl.c:634: 
  Assigning imprecise value to tmp_47.
  The imprecision originates from Misaligned
[eva:garbled-mix:write] miniz_tinfl.c:634: 
  Assigning imprecise value to ptr.
  The imprecision originates from Misaligned
[eva:alarm] miniz.c:517: Warning: 
  function memcpy: precondition 'separation' got status unknown.
[eva:alarm] miniz.c:521: Warning: 
  accessing uninitialized left-value.
  assert \initialized(&pState->m_dict_avail);
[eva:alarm] miniz.c:521: Warning: 
  accessing left-value that contains escaping addresses.
  assert ¬\dangling(&pState->m_dict_avail);
[eva:alarm] miniz.c:532: Warning: 
  accessing uninitialized left-value.
  assert \initialized(&pState->m_dict_avail);
[eva:alarm] miniz.c:532: Warning: 
  accessing left-value that contains escaping addresses.
  assert ¬\dangling(&pState->m_dict_avail);
[eva] miniz.c:541: cannot properly split on \result == -5
[eva:alarm] miniz.c:579: Warning: 
  accessing left-value that contains escaping addresses.
  assert ¬\dangling(&stream.avail_in);
[eva] using specification for function printf_va_5
[eva:garbled-mix:write] miniz_tdef.c:1231: 
  Assigning imprecise value to *(d->m_pIn_buf_size) (pointing to in_bytes;
  __malloc_w_miniz_def_alloc_func_l169 with offsets [0..2554752];
  __malloc_w_miniz_def_alloc_func_l169_0 with offsets [0..350272]).
  The imprecision originates from Misaligned
[eva:garbled-mix:write] miniz_tdef.c:1242: 
  Assigning imprecise value to *(d->m_pOut_buf_size) (pointing to in_bytes;
  out_bytes; __malloc_main_l34 with offsets [0..147573952589676412864];
  __malloc_w_miniz_def_alloc_func_l169 with offsets [0..2554752];
  __malloc_w_miniz_def_alloc_func_l169_0 with offsets [0..350272]).
  The imprecision originates from Misaligned
[eva:garbled-mix:write] miniz_tdef.c:902: 
  Assigning imprecise value to d->m_hash[hash]
  (pointing to in_bytes with offsets {0; 8; 16; 24; 32; 40; 48};
  out_bytes with offsets {0; 8; 16; 24; 32; 40; 48};
  __malloc_main_l34 with offsets [0..147573952589676412912];
  __malloc_w_miniz_def_alloc_func_l169 with offsets [0..2554800];
  __malloc_w_miniz_def_alloc_func_l169_0 with offsets [0..350320]).
  The imprecision originates from Misaligned
[eva:garbled-mix:write] miniz_tdef.c:920: 
  Assigning imprecise value to *tmp_11
  (pointing to __malloc_w_miniz_def_alloc_func_l169 with offsets [0..2554808];
  __malloc_w_miniz_def_alloc_func_l169_0 with offsets [0..350328]).
  The imprecision originates from Misaligned
[eva:garbled-mix:write] miniz_tdef.c:921: 
  Assigning imprecise value to *pLZ_flags
  (pointing to __malloc_w_miniz_def_alloc_func_l169 with offsets [0..2554808];
  __malloc_w_miniz_def_alloc_func_l169_0 with offsets [0..350328]).
  The imprecision originates from Misaligned
[eva:garbled-mix:write] miniz_tdef.c:922: 
  Assigning imprecise value to d->m_huff_count[0][(mz_uint8)first_trigram]
  (pointing to in_bytes with offsets {0; 8; 16; 24; 32; 40; 48};
  out_bytes with offsets {0; 8; 16; 24; 32; 40; 48};
  __malloc_main_l34 with offsets [0..147573952589676412912];
  __malloc_w_miniz_def_alloc_func_l169 with offsets [0..2554800];
  __malloc_w_miniz_def_alloc_func_l169_0 with offsets [0..350320]).
  The imprecision originates from Misaligned
[eva:garbled-mix:write] miniz_tdef.c:933: 
  Assigning imprecise value to *(pLZ_code_buf + 0)
  (pointing to __malloc_w_miniz_def_alloc_func_l169 with offsets [0..2554808];
  __malloc_w_miniz_def_alloc_func_l169_0 with offsets [0..350328]).
  The imprecision originates from Misaligned
[eva:garbled-mix:write] miniz_tdef.c:940: 
  Assigning imprecise value to *pLZ_flags
  (pointing to __malloc_w_miniz_def_alloc_func_l169 with offsets [0..2554808];
  __malloc_w_miniz_def_alloc_func_l169_0 with offsets [0..350328]).
  The imprecision originates from Misaligned
[eva:garbled-mix:write] miniz_tdef.c:944: 
  Assigning imprecise value to d->m_huff_count[1][tmp_13]
  (pointing to in_bytes with offsets {0; 8; 16; 24; 32; 40; 48};
  out_bytes with offsets {0; 8; 16; 24; 32; 40; 48};
  __malloc_main_l34 with offsets [0..147573952589676412912];
  __malloc_w_miniz_def_alloc_func_l169 with offsets [0..2554800];
  __malloc_w_miniz_def_alloc_func_l169_0 with offsets [0..350320]).
  The imprecision originates from Misaligned
[eva:garbled-mix:write] miniz_tdef.c:946: 
  Assigning imprecise value to d->m_huff_count[0][s_tdefl_len_sym[cur_match_len - (mz_uint)TDEFL_MIN_MATCH_LEN]]
  (pointing to in_bytes with offsets {0; 8; 16; 24; 32; 40; 48};
  out_bytes with offsets {0; 8; 16; 24; 32; 40; 48};
  __malloc_main_l34 with offsets [0..147573952589676412912];
  __malloc_w_miniz_def_alloc_func_l169 with offsets [0..2554800];
  __malloc_w_miniz_def_alloc_func_l169_0 with offsets [0..350320]).
  The imprecision originates from Misaligned
[eva:garbled-mix:write] miniz_tdef.c:951: 
  Assigning imprecise value to *tmp_14
  (pointing to __malloc_w_miniz_def_alloc_func_l169 with offsets [0..2554808];
  __malloc_w_miniz_def_alloc_func_l169_0 with offsets [0..350328]).
  The imprecision originates from Misaligned
[eva:garbled-mix:write] miniz_tdef.c:952: 
  Assigning imprecise value to *pLZ_flags
  (pointing to __malloc_w_miniz_def_alloc_func_l169 with offsets [0..2554808];
  __malloc_w_miniz_def_alloc_func_l169_0 with offsets [0..350328]).
  The imprecision originates from Misaligned
[eva:garbled-mix:write] miniz_tdef.c:953: 
  Assigning imprecise value to d->m_huff_count[0][(mz_uint8)first_trigram]
  (pointing to in_bytes with offsets {0; 8; 16; 24; 32; 40; 48};
  out_bytes with offsets {0; 8; 16; 24; 32; 40; 48};
  __malloc_main_l34 with offsets [0..147573952589676412912];
  __malloc_w_miniz_def_alloc_func_l169 with offsets [0..2554800];
  __malloc_w_miniz_def_alloc_func_l169_0 with offsets [0..350320]).
  The imprecision originates from Misaligned
[eva:garbled-mix:write] miniz_tdef.c:618: 
  Assigning imprecise value to *(d->m_pLZ_flags)
  (pointing to in_bytes with offsets {0; 8; 16; 24; 32; 40; 48; 56};
  out_bytes with offsets {0; 8; 16; 24; 32; 40; 48; 56};
  __malloc_main_l34 with offsets [0..147573952589676412920];
  __malloc_w_miniz_def_alloc_func_l169 with offsets [0..2554808];
  __malloc_w_miniz_def_alloc_func_l169_0 with offsets [0..350328]).
  The imprecision originates from Misaligned
[eva:garbled-mix:write] miniz_tdef.c:623: 
  Assigning imprecise value to *tmp_1
  (pointing to in_bytes with offsets {0; 8; 16; 24; 32; 40; 48; 56};
  out_bytes with offsets {0; 8; 16; 24; 32; 40; 48; 56};
  __malloc_main_l34 with offsets [0..147573952589676412920];
  __malloc_w_miniz_def_alloc_func_l169 with offsets [0..2554808];
  __malloc_w_miniz_def_alloc_func_l169_0 with offsets [0..350328]).
  The imprecision originates from Misaligned
[eva:garbled-mix:write] miniz_tdef.c:624: 
  Assigning imprecise value to *tmp_2
  (pointing to in_bytes with offsets {0; 8; 16; 24; 32; 40; 48; 56};
  out_bytes with offsets {0; 8; 16; 24; 32; 40; 48; 56};
  __malloc_main_l34 with offsets [0..147573952589676412920];
  __malloc_w_miniz_def_alloc_func_l169 with offsets [0..2554808];
  __malloc_w_miniz_def_alloc_func_l169_0 with offsets [0..350328]).
  The imprecision originates from Misaligned
[eva:garbled-mix:write] miniz_tdef.c:627: 
  Assigning imprecise value to *tmp_3
  (pointing to in_bytes with offsets {0; 8; 16; 24; 32; 40; 48; 56};
  out_bytes with offsets {0; 8; 16; 24; 32; 40; 48; 56};
  __malloc_main_l34 with offsets [0..147573952589676412920];
  __malloc_w_miniz_def_alloc_func_l169 with offsets [0..2554808];
  __malloc_w_miniz_def_alloc_func_l169_0 with offsets [0..350328]).
  The imprecision originates from Misaligned
[eva:garbled-mix:write] miniz_tdef.c:446: 
  Assigning imprecise value to *tmp_3
  (pointing to in_bytes with offsets {0; 8; 16; 24; 32; 40; 48; 56};
  out_bytes with offsets {0; 8; 16; 24; 32; 40; 48; 56};
  __malloc_main_l34 with offsets [0..147573952589676412920];
  __malloc_w_miniz_def_alloc_func_l169 with offsets [0..2554808];
  __malloc_w_miniz_def_alloc_func_l169_0 with offsets [0..350328]).
  The imprecision originates from Misaligned
[eva:garbled-mix:write] miniz_tdef.c:521: 
  Assigning imprecise value to *((mz_uint64 *)pOutput_buf)
  (pointing to in_bytes; out_bytes;
  __malloc_main_l34 with offsets [0..147573952589676412864];
  __malloc_w_miniz_def_alloc_func_l169 with offsets [0..2554752];
  __malloc_w_miniz_def_alloc_func_l169_0 with offsets [0..350272]).
  The imprecision originates from Misaligned
[eva:garbled-mix:write] miniz_tdef.c:536: 
  Assigning imprecise value to *tmp_4
  (pointing to in_bytes with offsets {0; 8; 16; 24; 32; 40; 48; 56};
  out_bytes with offsets {0; 8; 16; 24; 32; 40; 48; 56};
  __malloc_main_l34 with offsets [0..147573952589676412920];
  __malloc_w_miniz_def_alloc_func_l169 with offsets [0..2554808];
  __malloc_w_miniz_def_alloc_func_l169_0 with offsets [0..350328]).
  The imprecision originates from Misaligned
[eva:garbled-mix:write] miniz_tdef.c:541: 
  Assigning imprecise value to *tmp_5
  (pointing to in_bytes with offsets {0; 8; 16; 24; 32; 40; 48; 56};
  out_bytes with offsets {0; 8; 16; 24; 32; 40; 48; 56};
  __malloc_main_l34 with offsets [0..147573952589676412920];
  __malloc_w_miniz_def_alloc_func_l169 with offsets [0..2554808];
  __malloc_w_miniz_def_alloc_func_l169_0 with offsets [0..350328]).
  The imprecision originates from Misaligned
[eva:garbled-mix:write] miniz_tdef.c:126: 
  Assigning imprecise value to *(pNew_syms + tmp)
  (pointing to in_bytes with offsets {0; 8; 16; 24; 32};
  out_bytes with offsets {0; 8; 16; 24; 32}; syms1 with offsets [0..9184],0%8;
  __malloc_main_l34 with offsets [0..147573952589676412896];
  __malloc_w_miniz_def_alloc_func_l169 with offsets [0..2554784];
  __malloc_w_miniz_def_alloc_func_l169_0 with offsets [0..350304]).
  The imprecision originates from Misaligned
[eva:garbled-mix:write] miniz_tdef.c:126: 
  Assigning imprecise value to *(pNew_syms + tmp)
  (pointing to in_bytes with offsets {0; 8; 16; 24; 32};
  out_bytes with offsets {0; 8; 16; 24; 32}; syms0 with offsets [0..9184],0%8;
  __malloc_main_l34 with offsets [0..147573952589676412896];
  __malloc_w_miniz_def_alloc_func_l169 with offsets [0..2554784];
  __malloc_w_miniz_def_alloc_func_l169_0 with offsets [0..350304]).
  The imprecision originates from Misaligned
[eva:garbled-mix:write] miniz_tdef.c:383: 
  Assigning imprecise value to d->m_huff_count[2][code_size]
  (pointing to in_bytes with offsets {0; 8; 16; 24; 32; 40; 48};
  out_bytes with offsets {0; 8; 16; 24; 32; 40; 48};
  __malloc_main_l34 with offsets [0..147573952589676412912];
  __malloc_w_miniz_def_alloc_func_l169 with offsets [0..2554800];
  __malloc_w_miniz_def_alloc_func_l169_0 with offsets [0..350320]).
  The imprecision originates from Misaligned
[eva:garbled-mix:write] miniz_tdef.c:371: 
  Assigning imprecise value to d->m_huff_count[2][prev_code_size]
  (pointing to in_bytes with offsets {0; 8; 16; 24; 32; 40; 48};
  out_bytes with offsets {0; 8; 16; 24; 32; 40; 48};
  __malloc_main_l34 with offsets [0..147573952589676412912];
  __malloc_w_miniz_def_alloc_func_l169 with offsets [0..2554800];
  __malloc_w_miniz_def_alloc_func_l169_0 with offsets [0..350320]).
  The imprecision originates from Misaligned
[eva:garbled-mix:write] miniz_tdef.c:382: 
  Assigning imprecise value to d->m_huff_count[2][prev_code_size]
  (pointing to in_bytes with offsets {0; 8; 16; 24; 32; 40; 48};
  out_bytes with offsets {0; 8; 16; 24; 32; 40; 48};
  __malloc_main_l34 with offsets [0..147573952589676412912];
  __malloc_w_miniz_def_alloc_func_l169 with offsets [0..2554800];
  __malloc_w_miniz_def_alloc_func_l169_0 with offsets [0..350320]).
  The imprecision originates from Misaligned
[eva:garbled-mix:write] miniz_tdef.c:395: 
  Assigning imprecise value to d->m_huff_count[2][prev_code_size]
  (pointing to in_bytes with offsets {0; 8; 16; 24; 32; 40; 48};
  out_bytes with offsets {0; 8; 16; 24; 32; 40; 48};
  __malloc_main_l34 with offsets [0..147573952589676412912];
  __malloc_w_miniz_def_alloc_func_l169 with offsets [0..2554800];
  __malloc_w_miniz_def_alloc_func_l169_0 with offsets [0..350320]).
  The imprecision originates from Misaligned
[eva:garbled-mix:write] miniz_tdef.c:404: 
  Assigning imprecise value to *tmp_34
  (pointing to in_bytes with offsets {0; 8; 16; 24; 32; 40; 48; 56};
  out_bytes with offsets {0; 8; 16; 24; 32; 40; 48; 56};
  __malloc_main_l34 with offsets [0..147573952589676412920];
  __malloc_w_miniz_def_alloc_func_l169 with offsets [0..2554808];
  __malloc_w_miniz_def_alloc_func_l169_0 with offsets [0..350328]).
  The imprecision originates from Misaligned
[eva:garbled-mix:write] miniz_tdef.c:406: 
  Assigning imprecise value to *tmp_35
  (pointing to in_bytes with offsets {0; 8; 16; 24; 32; 40; 48; 56};
  out_bytes with offsets {0; 8; 16; 24; 32; 40; 48; 56};
  __malloc_main_l34 with offsets [0..147573952589676412920];
  __malloc_w_miniz_def_alloc_func_l169 with offsets [0..2554808];
  __malloc_w_miniz_def_alloc_func_l169_0 with offsets [0..350328]).
  The imprecision originates from Misaligned
[eva:garbled-mix:write] miniz_tdef.c:407: 
  Assigning imprecise value to *tmp_36
  (pointing to in_bytes with offsets {0; 8; 16; 24; 32; 40; 48; 56};
  out_bytes with offsets {0; 8; 16; 24; 32; 40; 48; 56};
  __malloc_main_l34 with offsets [0..147573952589676412920];
  __malloc_w_miniz_def_alloc_func_l169 with offsets [0..2554808];
  __malloc_w_miniz_def_alloc_func_l169_0 with offsets [0..350328]).
  The imprecision originates from Misaligned
[eva:garbled-mix:write] miniz_tdef.c:413: 
  Assigning imprecise value to *tmp_37
  (pointing to in_bytes with offsets {0; 8; 16; 24; 32; 40; 48; 56};
  out_bytes with offsets {0; 8; 16; 24; 32; 40; 48; 56};
  __malloc_main_l34 with offsets [0..147573952589676412920];
  __malloc_w_miniz_def_alloc_func_l169 with offsets [0..2554808];
  __malloc_w_miniz_def_alloc_func_l169_0 with offsets [0..350328]).
  The imprecision originates from Misaligned
[eva:garbled-mix:write] miniz_tdef.c:415: 
  Assigning imprecise value to *tmp_38
  (pointing to in_bytes with offsets {0; 8; 16; 24; 32; 40; 48; 56};
  out_bytes with offsets {0; 8; 16; 24; 32; 40; 48; 56};
  __malloc_main_l34 with offsets [0..147573952589676412920];
  __malloc_w_miniz_def_alloc_func_l169 with offsets [0..2554808];
  __malloc_w_miniz_def_alloc_func_l169_0 with offsets [0..350328]).
  The imprecision originates from Misaligned
[eva:garbled-mix:write] miniz_tdef.c:421: 
  Assigning imprecise value to *tmp_40
  (pointing to in_bytes with offsets {0; 8; 16; 24; 32; 40; 48; 56};
  out_bytes with offsets {0; 8; 16; 24; 32; 40; 48; 56};
  __malloc_main_l34 with offsets [0..147573952589676412920];
  __malloc_w_miniz_def_alloc_func_l169 with offsets [0..2554808];
  __malloc_w_miniz_def_alloc_func_l169_0 with offsets [0..350328]).
  The imprecision originates from Misaligned
[eva:garbled-mix:write] miniz_tdef.c:423: 
  Assigning imprecise value to *tmp_42
  (pointing to in_bytes with offsets {0; 8; 16; 24; 32; 40; 48; 56};
  out_bytes with offsets {0; 8; 16; 24; 32; 40; 48; 56};
  __malloc_main_l34 with offsets [0..147573952589676412920];
  __malloc_w_miniz_def_alloc_func_l169 with offsets [0..2554808];
  __malloc_w_miniz_def_alloc_func_l169_0 with offsets [0..350328]).
  The imprecision originates from Misaligned
[eva:garbled-mix:write] miniz_tdef.c:643: 
  Assigning imprecise value to *tmp_5
  (pointing to in_bytes with offsets {0; 8; 16; 24; 32; 40; 48; 56};
  out_bytes with offsets {0; 8; 16; 24; 32; 40; 48; 56};
  __malloc_main_l34 with offsets [0..147573952589676412920];
  __malloc_w_miniz_def_alloc_func_l169 with offsets [0..2554808];
  __malloc_w_miniz_def_alloc_func_l169_0 with offsets [0..350328]).
  The imprecision originates from Misaligned
[eva:garbled-mix:write] miniz_tdef.c:646: 
  Assigning imprecise value to *tmp_6
  (pointing to in_bytes with offsets {0; 8; 16; 24; 32; 40; 48; 56};
  out_bytes with offsets {0; 8; 16; 24; 32; 40; 48; 56};
  __malloc_main_l34 with offsets [0..147573952589676412920];
  __malloc_w_miniz_def_alloc_func_l169 with offsets [0..2554808];
  __malloc_w_miniz_def_alloc_func_l169_0 with offsets [0..350328]).
  The imprecision originates from Misaligned
[eva:garbled-mix:write] miniz_tdef.c:650: 
  Assigning imprecise value to *tmp_7
  (pointing to in_bytes with offsets {0; 8; 16; 24; 32; 40; 48; 56};
  out_bytes with offsets {0; 8; 16; 24; 32; 40; 48; 56};
  __malloc_main_l34 with offsets [0..147573952589676412920];
  __malloc_w_miniz_def_alloc_func_l169 with offsets [0..2554808];
  __malloc_w_miniz_def_alloc_func_l169_0 with offsets [0..350328]).
  The imprecision originates from Misaligned
[eva:garbled-mix:write] miniz_tdef.c:654: 
  Assigning imprecise value to *tmp_8
  (pointing to in_bytes with offsets {0; 8; 16; 24; 32; 40; 48; 56};
  out_bytes with offsets {0; 8; 16; 24; 32; 40; 48; 56};
  __malloc_main_l34 with offsets [0..147573952589676412920];
  __malloc_w_miniz_def_alloc_func_l169 with offsets [0..2554808];
  __malloc_w_miniz_def_alloc_func_l169_0 with offsets [0..350328]).
  The imprecision originates from Misaligned
[eva:garbled-mix:write] miniz_tdef.c:714: 
  Assigning imprecise value to *(d->m_pIn_buf_size) (pointing to in_bytes;
  out_bytes; __malloc_main_l34 with offsets [0..147573952589676412864];
  __malloc_w_miniz_def_alloc_func_l169 with offsets [0..2554752];
  __malloc_w_miniz_def_alloc_func_l169_0 with offsets [0..350272]).
  The imprecision originates from Misaligned
[eva:garbled-mix:write] miniz_tdef.c:920: 
  Assigning imprecise value to *tmp_11
  (pointing to in_bytes with offsets {0; 8; 16; 24; 32; 40; 48; 56};
  out_bytes with offsets {0; 8; 16; 24; 32; 40; 48; 56};
  __malloc_main_l34 with offsets [0..147573952589676412920];
  __malloc_w_miniz_def_alloc_func_l169 with offsets [0..2554808];
  __malloc_w_miniz_def_alloc_func_l169_0 with offsets [0..350328]).
  The imprecision originates from Misaligned
[eva:garbled-mix:write] miniz_tdef.c:921: 
  Assigning imprecise value to *pLZ_flags
  (pointing to in_bytes with offsets {0; 8; 16; 24; 32; 40; 48; 56};
  out_bytes with offsets {0; 8; 16; 24; 32; 40; 48; 56};
  __malloc_main_l34 with offsets [0..147573952589676412920];
  __malloc_w_miniz_def_alloc_func_l169 with offsets [0..2554808];
  __malloc_w_miniz_def_alloc_func_l169_0 with offsets [0..350328]).
  The imprecision originates from Misaligned
[eva:garbled-mix:write] miniz_tdef.c:933: 
  Assigning imprecise value to *(pLZ_code_buf + 0)
  (pointing to in_bytes with offsets {0; 8; 16; 24; 32; 40; 48; 56};
  out_bytes with offsets {0; 8; 16; 24; 32; 40; 48; 56};
  __malloc_main_l34 with offsets [0..147573952589676412920];
  __malloc_w_miniz_def_alloc_func_l169 with offsets [0..2554808];
  __malloc_w_miniz_def_alloc_func_l169_0 with offsets [0..350328]).
  The imprecision originates from Misaligned
[eva:garbled-mix:write] miniz_tdef.c:940: 
  Assigning imprecise value to *pLZ_flags
  (pointing to in_bytes with offsets {0; 8; 16; 24; 32; 40; 48; 56};
  out_bytes with offsets {0; 8; 16; 24; 32; 40; 48; 56};
  __malloc_main_l34 with offsets [0..147573952589676412920];
  __malloc_w_miniz_def_alloc_func_l169 with offsets [0..2554808];
  __malloc_w_miniz_def_alloc_func_l169_0 with offsets [0..350328]).
  The imprecision originates from Misaligned
[eva:garbled-mix:write] miniz_tdef.c:951: 
  Assigning imprecise value to *tmp_14
  (pointing to in_bytes with offsets {0; 8; 16; 24; 32; 40; 48; 56};
  out_bytes with offsets {0; 8; 16; 24; 32; 40; 48; 56};
  __malloc_main_l34 with offsets [0..147573952589676412920];
  __malloc_w_miniz_def_alloc_func_l169 with offsets [0..2554808];
  __malloc_w_miniz_def_alloc_func_l169_0 with offsets [0..350328]).
  The imprecision originates from Misaligned
[eva:garbled-mix:write] miniz_tdef.c:952: 
  Assigning imprecise value to *pLZ_flags
  (pointing to in_bytes with offsets {0; 8; 16; 24; 32; 40; 48; 56};
  out_bytes with offsets {0; 8; 16; 24; 32; 40; 48; 56};
  __malloc_main_l34 with offsets [0..147573952589676412920];
  __malloc_w_miniz_def_alloc_func_l169 with offsets [0..2554808];
  __malloc_w_miniz_def_alloc_func_l169_0 with offsets [0..350328]).
  The imprecision originates from Misaligned
[eva:garbled-mix:write] miniz_tdef.c:993: 
  Assigning imprecise value to *tmp_18
  (pointing to in_bytes with offsets {0; 8; 16; 24; 32; 40; 48; 56};
  out_bytes with offsets {0; 8; 16; 24; 32; 40; 48; 56};
  __malloc_main_l34 with offsets [0..147573952589676412920];
  __malloc_w_miniz_def_alloc_func_l169 with offsets [0..2554808];
  __malloc_w_miniz_def_alloc_func_l169_0 with offsets [0..350328]).
  The imprecision originates from Misaligned
[eva:garbled-mix:write] miniz_tdef.c:994: 
  Assigning imprecise value to *pLZ_flags
  (pointing to in_bytes with offsets {0; 8; 16; 24; 32; 40; 48; 56};
  out_bytes with offsets {0; 8; 16; 24; 32; 40; 48; 56};
  __malloc_main_l34 with offsets [0..147573952589676412920];
  __malloc_w_miniz_def_alloc_func_l169 with offsets [0..2554808];
  __malloc_w_miniz_def_alloc_func_l169_0 with offsets [0..350328]).
  The imprecision originates from Misaligned
[eva:garbled-mix:write] miniz_tdef.c:1001: 
  Assigning imprecise value to d->m_huff_count[0][lit]
  (pointing to in_bytes with offsets {0; 8; 16; 24; 32; 40; 48};
  out_bytes with offsets {0; 8; 16; 24; 32; 40; 48};
  __malloc_main_l34 with offsets [0..147573952589676412912];
  __malloc_w_miniz_def_alloc_func_l169 with offsets [0..2554800];
  __malloc_w_miniz_def_alloc_func_l169_0 with offsets [0..350320]).
  The imprecision originates from Misaligned
[eva:garbled-mix:write] miniz_tdef.c:1103: 
  Assigning imprecise value to d->m_dict[dst_pos]
  (pointing to __malloc_w_miniz_def_alloc_func_l169 with offsets [0..2554808];
  __malloc_w_miniz_def_alloc_func_l169_0 with offsets [0..350328]).
  The imprecision originates from Misaligned
[eva:garbled-mix:write] miniz_tdef.c:1105: 
  Assigning imprecise value to d->m_dict[(mz_uint)TDEFL_LZ_DICT_SIZE + dst_pos]
  (pointing to __malloc_w_miniz_def_alloc_func_l169 with offsets [0..2554808];
  __malloc_w_miniz_def_alloc_func_l169_0 with offsets [0..350328]).
  The imprecision originates from Misaligned
[eva:garbled-mix:write] miniz_tdef.c:1107: 
  Assigning imprecise value to d->m_next[ins_pos & (unsigned int)TDEFL_LZ_DICT_SIZE_MASK]
  (pointing to __malloc_w_miniz_def_alloc_func_l169 with offsets [0..2554800];
  __malloc_w_miniz_def_alloc_func_l169_0 with offsets [0..350320]).
  The imprecision originates from Misaligned
[eva:garbled-mix:write] miniz_tdef.c:1108: 
  Assigning imprecise value to d->m_hash[hash]
  (pointing to in_bytes with offsets {0; 8; 16; 24; 32; 40; 48};
  out_bytes with offsets {0; 8; 16; 24; 32; 40; 48};
  __malloc_main_l34 with offsets [0..147573952589676412912];
  __malloc_w_miniz_def_alloc_func_l169 with offsets [0..2554800];
  __malloc_w_miniz_def_alloc_func_l169_0 with offsets [0..350320]).
  The imprecision originates from Misaligned
[eva:garbled-mix:write] miniz_tdef.c:1120: 
  Assigning imprecise value to d->m_dict[dst_pos_0]
  (pointing to __malloc_w_miniz_def_alloc_func_l169 with offsets [0..2554808];
  __malloc_w_miniz_def_alloc_func_l169_0 with offsets [0..350328]).
  The imprecision originates from Misaligned
[eva:garbled-mix:write] miniz_tdef.c:1122: 
  Assigning imprecise value to d->m_dict[(mz_uint)TDEFL_LZ_DICT_SIZE + dst_pos_0]
  (pointing to __malloc_w_miniz_def_alloc_func_l169 with offsets [0..2554808];
  __malloc_w_miniz_def_alloc_func_l169_0 with offsets [0..350328]).
  The imprecision originates from Misaligned
[eva:garbled-mix:write] miniz_tdef.c:1127: 
  Assigning imprecise value to d->m_next[ins_pos_0 & (unsigned int)TDEFL_LZ_DICT_SIZE_MASK]
  (pointing to in_bytes with offsets {0; 8; 16; 24; 32; 40; 48};
  out_bytes with offsets {0; 8; 16; 24; 32; 40; 48};
  __malloc_main_l34 with offsets [0..147573952589676412912];
  __malloc_w_miniz_def_alloc_func_l169 with offsets [0..2554800];
  __malloc_w_miniz_def_alloc_func_l169_0 with offsets [0..350320]).
  The imprecision originates from Misaligned
[eva:garbled-mix:write] miniz_tdef.c:1128: 
  Assigning imprecise value to d->m_hash[hash_0]
  (pointing to in_bytes with offsets {0; 8; 16; 24; 32; 40; 48};
  out_bytes with offsets {0; 8; 16; 24; 32; 40; 48};
  __malloc_main_l34 with offsets [0..147573952589676412912];
  __malloc_w_miniz_def_alloc_func_l169 with offsets [0..2554800];
  __malloc_w_miniz_def_alloc_func_l169_0 with offsets [0..350320]).
  The imprecision originates from Misaligned
[eva:garbled-mix:write] miniz_tdef.c:1120: 
  Assigning imprecise value to d->m_dict[dst_pos_0]
  (pointing to in_bytes with offsets {0; 8; 16; 24; 32; 40; 48; 56};
  out_bytes with offsets {0; 8; 16; 24; 32; 40; 48; 56};
  __malloc_main_l34 with offsets [0..147573952589676412920];
  __malloc_w_miniz_def_alloc_func_l169 with offsets [0..2554808];
  __malloc_w_miniz_def_alloc_func_l169_0 with offsets [0..350328]).
  The imprecision originates from Misaligned
[eva:garbled-mix:write] miniz_tdef.c:1122: 
  Assigning imprecise value to d->m_dict[(mz_uint)TDEFL_LZ_DICT_SIZE + dst_pos_0]
  (pointing to in_bytes with offsets {0; 8; 16; 24; 32; 40; 48; 56};
  out_bytes with offsets {0; 8; 16; 24; 32; 40; 48; 56};
  __malloc_main_l34 with offsets [0..147573952589676412920];
  __malloc_w_miniz_def_alloc_func_l169 with offsets [0..2554808];
  __malloc_w_miniz_def_alloc_func_l169_0 with offsets [0..350328]).
  The imprecision originates from Misaligned
[eva:garbled-mix:write] miniz_tdef.c:1042: 
  Assigning imprecise value to *tmp
  (pointing to in_bytes with offsets {0; 8; 16; 24; 32; 40; 48; 56};
  out_bytes with offsets {0; 8; 16; 24; 32; 40; 48; 56};
  __malloc_main_l34 with offsets [0..147573952589676412920];
  __malloc_w_miniz_def_alloc_func_l169 with offsets [0..2554808];
  __malloc_w_miniz_def_alloc_func_l169_0 with offsets [0..350328]).
  The imprecision originates from Misaligned
[eva:garbled-mix:write] miniz_tdef.c:1043: 
  Assigning imprecise value to *(d->m_pLZ_flags)
  (pointing to in_bytes with offsets {0; 8; 16; 24; 32; 40; 48; 56};
  out_bytes with offsets {0; 8; 16; 24; 32; 40; 48; 56};
  __malloc_main_l34 with offsets [0..147573952589676412920];
  __malloc_w_miniz_def_alloc_func_l169 with offsets [0..2554808];
  __malloc_w_miniz_def_alloc_func_l169_0 with offsets [0..350328]).
  The imprecision originates from Misaligned
[eva:garbled-mix:write] miniz_tdef.c:1049: 
  Assigning imprecise value to d->m_huff_count[0][lit]
  (pointing to in_bytes with offsets {0; 8; 16; 24; 32; 40; 48};
  out_bytes with offsets {0; 8; 16; 24; 32; 40; 48};
  __malloc_main_l34 with offsets [0..147573952589676412912];
  __malloc_w_miniz_def_alloc_func_l169 with offsets [0..2554800];
  __malloc_w_miniz_def_alloc_func_l169_0 with offsets [0..350320]).
  The imprecision originates from Misaligned
[eva:garbled-mix:write] miniz_tdef.c:1060: 
  Assigning imprecise value to *(d->m_pLZ_code_buf + 0)
  (pointing to in_bytes with offsets {0; 8; 16; 24; 32; 40; 48; 56};
  out_bytes with offsets {0; 8; 16; 24; 32; 40; 48; 56};
  __malloc_main_l34 with offsets [0..147573952589676412920];
  __malloc_w_miniz_def_alloc_func_l169 with offsets [0..2554808];
  __malloc_w_miniz_def_alloc_func_l169_0 with offsets [0..350328]).
  The imprecision originates from Misaligned
[eva:garbled-mix:write] miniz_tdef.c:1063: 
  Assigning imprecise value to *(d->m_pLZ_code_buf + 1)
  (pointing to in_bytes with offsets {0; 8; 16; 24; 32; 40; 48; 56};
  out_bytes with offsets {0; 8; 16; 24; 32; 40; 48; 56};
  __malloc_main_l34 with offsets [0..147573952589676412920];
  __malloc_w_miniz_def_alloc_func_l169 with offsets [0..2554808];
  __malloc_w_miniz_def_alloc_func_l169_0 with offsets [0..350328]).
  The imprecision originates from Misaligned
[eva:garbled-mix:write] miniz_tdef.c:1064: 
  Assigning imprecise value to *(d->m_pLZ_code_buf + 2)
  (pointing to in_bytes with offsets {0; 8; 16; 24; 32; 40; 48; 56};
  out_bytes with offsets {0; 8; 16; 24; 32; 40; 48; 56};
  __malloc_main_l34 with offsets [0..147573952589676412920];
  __malloc_w_miniz_def_alloc_func_l169 with offsets [0..2554808];
  __malloc_w_miniz_def_alloc_func_l169_0 with offsets [0..350328]).
  The imprecision originates from Misaligned
[eva:garbled-mix:write] miniz_tdef.c:1067: 
  Assigning imprecise value to *(d->m_pLZ_flags)
  (pointing to in_bytes with offsets {0; 8; 16; 24; 32; 40; 48; 56};
  out_bytes with offsets {0; 8; 16; 24; 32; 40; 48; 56};
  __malloc_main_l34 with offsets [0..147573952589676412920];
  __malloc_w_miniz_def_alloc_func_l169 with offsets [0..2554808];
  __malloc_w_miniz_def_alloc_func_l169_0 with offsets [0..350328]).
  The imprecision originates from Misaligned
[eva:garbled-mix:write] miniz_tdef.c:1076: 
  Assigning imprecise value to d->m_huff_count[1][tmp_1]
  (pointing to in_bytes with offsets {0; 8; 16; 24; 32; 40; 48};
  out_bytes with offsets {0; 8; 16; 24; 32; 40; 48};
  __malloc_main_l34 with offsets [0..147573952589676412912];
  __malloc_w_miniz_def_alloc_func_l169 with offsets [0..2554800];
  __malloc_w_miniz_def_alloc_func_l169_0 with offsets [0..350320]).
  The imprecision originates from Misaligned
[eva:garbled-mix:write] miniz_tdef.c:1079: 
  Assigning imprecise value to d->m_huff_count[0][s_tdefl_len_sym[match_len - (mz_uint)TDEFL_MIN_MATCH_LEN]]
  (pointing to in_bytes with offsets {0; 8; 16; 24; 32; 40; 48};
  out_bytes with offsets {0; 8; 16; 24; 32; 40; 48};
  __malloc_main_l34 with offsets [0..147573952589676412912];
  __malloc_w_miniz_def_alloc_func_l169 with offsets [0..2554800];
  __malloc_w_miniz_def_alloc_func_l169_0 with offsets [0..350320]).
  The imprecision originates from Misaligned
[eva:garbled-mix:write] miniz_tdef.c:1103: 
  Assigning imprecise value to d->m_dict[dst_pos]
  (pointing to in_bytes with offsets {0; 8; 16; 24; 32; 40; 48; 56};
  out_bytes with offsets {0; 8; 16; 24; 32; 40; 48; 56};
  __malloc_main_l34 with offsets [0..147573952589676412920];
  __malloc_w_miniz_def_alloc_func_l169 with offsets [0..2554808];
  __malloc_w_miniz_def_alloc_func_l169_0 with offsets [0..350328]).
  The imprecision originates from Misaligned
[eva:garbled-mix:write] miniz_tdef.c:1105: 
  Assigning imprecise value to d->m_dict[(mz_uint)TDEFL_LZ_DICT_SIZE + dst_pos]
  (pointing to in_bytes with offsets {0; 8; 16; 24; 32; 40; 48; 56};
  out_bytes with offsets {0; 8; 16; 24; 32; 40; 48; 56};
  __malloc_main_l34 with offsets [0..147573952589676412920];
  __malloc_w_miniz_def_alloc_func_l169 with offsets [0..2554808];
  __malloc_w_miniz_def_alloc_func_l169_0 with offsets [0..350328]).
  The imprecision originates from Misaligned
[eva:garbled-mix:write] miniz_tdef.c:1107: 
  Assigning imprecise value to d->m_next[ins_pos & (unsigned int)TDEFL_LZ_DICT_SIZE_MASK]
  (pointing to in_bytes with offsets {0; 8; 16; 24; 32; 40; 48};
  out_bytes with offsets {0; 8; 16; 24; 32; 40; 48};
  __malloc_main_l34 with offsets [0..147573952589676412912];
  __malloc_w_miniz_def_alloc_func_l169 with offsets [0..2554800];
  __malloc_w_miniz_def_alloc_func_l169_0 with offsets [0..350320]).
  The imprecision originates from Misaligned
[eva:garbled-mix:write] miniz_tdef.c:671: 
  Assigning imprecise value to *tmp_9
  (pointing to in_bytes with offsets {0; 8; 16; 24; 32; 40; 48; 56};
  out_bytes with offsets {0; 8; 16; 24; 32; 40; 48; 56};
  __malloc_main_l34 with offsets [0..147573952589676412920];
  __malloc_w_miniz_def_alloc_func_l169 with offsets [0..2554808];
  __malloc_w_miniz_def_alloc_func_l169_0 with offsets [0..350328]).
  The imprecision originates from Misaligned
[eva:garbled-mix:write] miniz_tdef.c:678: 
  Assigning imprecise value to *tmp_10
  (pointing to in_bytes with offsets {0; 8; 16; 24; 32; 40; 48; 56};
  out_bytes with offsets {0; 8; 16; 24; 32; 40; 48; 56};
  __malloc_main_l34 with offsets [0..147573952589676412920];
  __malloc_w_miniz_def_alloc_func_l169 with offsets [0..2554808];
  __malloc_w_miniz_def_alloc_func_l169_0 with offsets [0..350328]).
  The imprecision originates from Misaligned
[eva:garbled-mix:write] miniz_tdef.c:1231: 
  Assigning imprecise value to *(d->m_pIn_buf_size) (pointing to in_bytes;
  out_bytes; __malloc_main_l34 with offsets [0..147573952589676412864];
  __malloc_w_miniz_def_alloc_func_l169 with offsets [0..2554752];
  __malloc_w_miniz_def_alloc_func_l169_0 with offsets [0..350272]).
  The imprecision originates from Misaligned
[eva:locals-escaping] miniz.c:335: Warning: 
  locals {in_bytes, out_bytes} escaping the scope of mz_deflate through __malloc_w_miniz_def_alloc_func_l169_0
[eva:garbled-mix:write] examples/example1.c:61: 
  Assigning imprecise value to *(pCmp + i)
  (pointing to __malloc_main_l34 with offsets [0..147573952589676412920];
  __malloc_w_miniz_def_alloc_func_l169 with offsets [0..2554808];
  __malloc_w_miniz_def_alloc_func_l169_0 with offsets [0..350328]).
  The imprecision originates from Misaligned
[eva:alarm] miniz.c:447: Warning: 
  accessing left-value that contains escaping addresses.
  assert ¬\dangling(&pState->m_window_bits);
[eva:alarm] miniz.c:451: Warning: 
  accessing left-value that contains escaping addresses.
  assert ¬\dangling(&pState->m_first_call);
[eva:garbled-mix:write] miniz.c:451: 
  Assigning imprecise value to first_call.
  The imprecision originates from Misaligned
[eva:alarm] miniz.c:453: Warning: 
  accessing left-value that contains escaping addresses.
  assert ¬\dangling(&pState->m_last_status);
[eva:alarm] miniz.c:456: Warning: 
  accessing left-value that contains escaping addresses.
  assert ¬\dangling(&pState->m_has_flushed);
[eva:alarm] miniz.c:458: Warning: 
  accessing left-value that contains escaping addresses.
  assert ¬\dangling(&pState->m_has_flushed);
[eva:garbled-mix:write] miniz.c:458: 
  Assigning imprecise value to pState->m_has_flushed
  (pointing to __malloc_w_miniz_def_alloc_func_l169_0 with offsets {88096}).
  The imprecision originates from Misaligned
[eva:garbled-mix:write] miniz_tinfl.c:409: 
  Assigning imprecise value to *tmp_32
  (pointing to __malloc_main_l35 with offsets {0}).
  The imprecision originates from Misaligned
[eva:garbled-mix:write] miniz_tinfl.c:409: 
  Assigning imprecise value to *tmp_32
  (pointing to __malloc_main_l35 with offsets {0; 8}).
  The imprecision originates from Misaligned
[eva:garbled-mix:write] miniz_tinfl.c:467: 
  Assigning imprecise value to *(pOut_buf_cur + 0)
  (pointing to __malloc_main_l35 with offsets {8}).
  The imprecision originates from Misaligned
[eva:garbled-mix:write] miniz_tinfl.c:474: 
  Assigning imprecise value to *(pOut_buf_cur + 1)
  (pointing to __malloc_main_l35 with offsets {16}).
  The imprecision originates from Misaligned
[eva:garbled-mix:write] miniz_tinfl.c:409: 
  Assigning imprecise value to *tmp_32
  (pointing to __malloc_main_l35 with offsets {0; 8; 16; 24}).
  The imprecision originates from Misaligned
[eva:garbled-mix:write] miniz_tinfl.c:467: 
  Assigning imprecise value to *(pOut_buf_cur + 0)
  (pointing to __malloc_main_l35 with offsets {8; 16; 24}).
  The imprecision originates from Misaligned
[eva:garbled-mix:write] miniz_tinfl.c:474: 
  Assigning imprecise value to *(pOut_buf_cur + 1)
  (pointing to __malloc_main_l35 with offsets {16; 24; 32}).
  The imprecision originates from Misaligned
[eva:garbled-mix:write] miniz_tinfl.c:409: 
  Assigning imprecise value to *tmp_32
  (pointing to __malloc_main_l35 with offsets {0; 8; 16; 24; 32; 40}).
  The imprecision originates from Misaligned
[eva:garbled-mix:write] miniz_tinfl.c:467: 
  Assigning imprecise value to *(pOut_buf_cur + 0)
  (pointing to __malloc_main_l35 with offsets {8; 16; 24; 32; 40}).
  The imprecision originates from Misaligned
[eva:garbled-mix:write] miniz_tinfl.c:474: 
  Assigning imprecise value to *(pOut_buf_cur + 1)
  (pointing to __malloc_main_l35 with offsets {16; 24; 32; 40; 48}).
  The imprecision originates from Misaligned
[eva] miniz_tinfl.c:405: starting to merge loop iterations
[eva:garbled-mix:write] miniz_tinfl.c:409: 
  Assigning imprecise value to *tmp_32
  (pointing to __malloc_main_l35 with offsets [0..3912],0%8).
  The imprecision originates from Misaligned
[eva:garbled-mix:write] miniz_tinfl.c:467: 
  Assigning imprecise value to *(pOut_buf_cur + 0)
  (pointing to __malloc_main_l35 with offsets [8..3912],0%8).
  The imprecision originates from Misaligned
[eva:garbled-mix:write] miniz_tinfl.c:474: 
  Assigning imprecise value to *(pOut_buf_cur + 1)
  (pointing to __malloc_main_l35 with offsets [16..3912],0%8).
  The imprecision originates from Misaligned
[eva:garbled-mix:write] miniz_tinfl.c:245: 
  Assigning imprecise value to *tmp_13
  (pointing to __malloc_main_l35 with offsets [0..3912],0%8).
  The imprecision originates from Misaligned
[eva:garbled-mix:write] miniz_tinfl.c:245: 
  Assigning imprecise value to *tmp_13
  (pointing to __malloc_main_l34 with offsets [0..147573952589676412920];
  __malloc_main_l35 with offsets [0..3912];
  __malloc_w_miniz_def_alloc_func_l169 with offsets [0..2554808];
  __malloc_w_miniz_def_alloc_func_l169_0 with offsets [0..350328]).
  The imprecision originates from Misaligned
[eva] miniz_tinfl.c:382: starting to merge loop iterations
[eva] miniz_tinfl.c:382: starting to merge loop iterations
[eva:garbled-mix:write] miniz_tinfl.c:409: 
  Assigning imprecise value to *tmp_32
  (pointing to __malloc_main_l34 with offsets [0..147573952589676412920];
  __malloc_main_l35 with offsets [0..3912];
  __malloc_w_miniz_def_alloc_func_l169 with offsets [0..2554808];
  __malloc_w_miniz_def_alloc_func_l169_0 with offsets [0..350328]).
  The imprecision originates from Misaligned
[eva:garbled-mix:write] miniz_tinfl.c:467: 
  Assigning imprecise value to *(pOut_buf_cur + 0)
  (pointing to __malloc_main_l34 with offsets [0..147573952589676412920];
  __malloc_main_l35 with offsets [0..3912];
  __malloc_w_miniz_def_alloc_func_l169 with offsets [0..2554808];
  __malloc_w_miniz_def_alloc_func_l169_0 with offsets [0..350328]).
  The imprecision originates from Misaligned
[eva:garbled-mix:write] miniz_tinfl.c:474: 
  Assigning imprecise value to *(pOut_buf_cur + 1)
  (pointing to __malloc_main_l34 with offsets [8..147573952589676412920],0%8;
  __malloc_main_l35 with offsets [8..3912],0%8;
  __malloc_w_miniz_def_alloc_func_l169 with offsets [8..2554808],0%8;
  __malloc_w_miniz_def_alloc_func_l169_0 with offsets [8..350328],0%8).
  The imprecision originates from Misaligned
[kernel] miniz_tinfl.c:527: 
  writing somewhere in {NULL; __malloc_main_l34; __malloc_main_l35;
                        __malloc_w_miniz_def_alloc_func_l169;
                        __malloc_w_miniz_def_alloc_func_l169_0} because of Misaligned.
[eva:garbled-mix:write] miniz_tinfl.c:538: 
  Assigning imprecise value to *(pOut_buf_cur + 0)
  (pointing to __malloc_main_l34 with offsets [0..147573952589676412920];
  __malloc_main_l35 with offsets [0..3912];
  __malloc_w_miniz_def_alloc_func_l169 with offsets [0..2554808];
  __malloc_w_miniz_def_alloc_func_l169_0 with offsets [0..350328]).
  The imprecision originates from Misaligned
[eva:garbled-mix:write] miniz_tinfl.c:540: 
  Assigning imprecise value to *(pOut_buf_cur + 1)
  (pointing to __malloc_main_l34 with offsets [8..147573952589676412920],0%8;
  __malloc_main_l35 with offsets [8..3912],0%8;
  __malloc_w_miniz_def_alloc_func_l169 with offsets [8..2554808],0%8;
  __malloc_w_miniz_def_alloc_func_l169_0 with offsets [8..350328],0%8).
  The imprecision originates from Misaligned
[eva:garbled-mix:write] miniz_tinfl.c:549: 
  Assigning imprecise value to *(pOut_buf_cur + 0)
  (pointing to __malloc_main_l34 with offsets [0..147573952589676412920];
  __malloc_main_l35 with offsets [0..3912];
  __malloc_w_miniz_def_alloc_func_l169 with offsets [0..2554808];
  __malloc_w_miniz_def_alloc_func_l169_0 with offsets [0..350328]).
  The imprecision originates from Misaligned
[eva:garbled-mix:write] miniz_tinfl.c:550: 
  Assigning imprecise value to *(pOut_buf_cur + 1)
  (pointing to __malloc_main_l34 with offsets [8..147573952589676412920],0%8;
  __malloc_main_l35 with offsets [8..3912],0%8;
  __malloc_w_miniz_def_alloc_func_l169 with offsets [8..2554808],0%8;
  __malloc_w_miniz_def_alloc_func_l169_0 with offsets [8..350328],0%8).
  The imprecision originates from Misaligned
[eva:garbled-mix:write] miniz_tinfl.c:551: 
  Assigning imprecise value to *(pOut_buf_cur + 2)
  (pointing to __malloc_main_l34 with offsets [16..147573952589676412920],0%8;
  __malloc_main_l35 with offsets [16..3912],0%8;
  __malloc_w_miniz_def_alloc_func_l169 with offsets [16..2554808],0%8;
  __malloc_w_miniz_def_alloc_func_l169_0 with offsets [16..350328],0%8).
  The imprecision originates from Misaligned
[eva:garbled-mix:write] miniz_tinfl.c:558: 
  Assigning imprecise value to *(pOut_buf_cur + 0)
  (pointing to __malloc_main_l34 with offsets [0..147573952589676412920];
  __malloc_main_l35 with offsets [0..3912];
  __malloc_w_miniz_def_alloc_func_l169 with offsets [0..2554808];
  __malloc_w_miniz_def_alloc_func_l169_0 with offsets [0..350328]).
  The imprecision originates from Misaligned
[eva:garbled-mix:write] miniz_tinfl.c:560: 
  Assigning imprecise value to *(pOut_buf_cur + 1)
  (pointing to __malloc_main_l34 with offsets [8..147573952589676412920],0%8;
  __malloc_main_l35 with offsets [8..3912],0%8;
  __malloc_w_miniz_def_alloc_func_l169 with offsets [8..2554808],0%8;
  __malloc_w_miniz_def_alloc_func_l169_0 with offsets [8..350328],0%8).
  The imprecision originates from Misaligned
[eva:garbled-mix:write] miniz_tinfl.c:516: 
  Assigning imprecise value to *tmp_40
  (pointing to __malloc_main_l34 with offsets [0..147573952589676412920];
  __malloc_main_l35 with offsets [0..3912];
  __malloc_w_miniz_def_alloc_func_l169 with offsets [0..2554808];
  __malloc_w_miniz_def_alloc_func_l169_0 with offsets [0..350328]).
  The imprecision originates from Misaligned
[eva:alarm] miniz.c:489: Warning: 
  accessing left-value that contains escaping addresses.
  assert ¬\dangling(&pState->m_dict_avail);
[eva:alarm] miniz.c:491: Warning: 
  accessing uninitialized left-value.
  assert \initialized(&pState->m_dict_avail);
[eva:alarm] miniz.c:491: Warning: 
  accessing left-value that contains escaping addresses.
  assert ¬\dangling(&pState->m_dict_avail);
[eva:alarm] miniz.c:491: Warning: 
  accessing uninitialized left-value.
  assert \initialized(&pState->m_dict_avail);
[eva:alarm] miniz.c:491: Warning: 
  accessing left-value that contains escaping addresses.
  assert ¬\dangling(&pState->m_dict_avail);
[eva:garbled-mix:write] miniz.c:491: 
  Assigning imprecise value to n.
  The imprecision originates from Misaligned
[eva:alarm] miniz.c:492: Warning: 
  accessing uninitialized left-value. assert \initialized(&pState->m_dict_ofs);
[eva:alarm] miniz.c:492: Warning: 
  accessing left-value that contains escaping addresses.
  assert ¬\dangling(&pState->m_dict_ofs);
[eva:alarm] miniz.c:492: Warning: 
  function memcpy: precondition 'valid_dest' got status unknown.
[eva:alarm] miniz.c:492: Warning: 
  function memcpy: precondition 'valid_src' got status unknown.
[eva:garbled-mix:write] miniz.c:493: 
  Assigning imprecise value to pStream->next_out
  (pointing to stream with offsets {192}).
  The imprecision originates from Misaligned
[eva:garbled-mix:write] miniz.c:494: 
  Assigning imprecise value to pStream->avail_out
  (pointing to stream with offsets {256}).
  The imprecision originates from Misaligned
[eva:garbled-mix:write] miniz.c:495: 
  Assigning imprecise value to pStream->total_out
  (pointing to stream with offsets {320}).
  The imprecision originates from Misaligned
[eva:garbled-mix:write] miniz.c:496: 
  Assigning imprecise value to pState->m_dict_avail
  (pointing to __malloc_w_miniz_def_alloc_func_l169_0 with offsets {88032}).
  The imprecision originates from Misaligned
[eva:alarm] miniz.c:496: Warning: 
  accessing uninitialized left-value.
  assert \initialized(&pState->m_dict_avail);
[eva:alarm] miniz.c:496: Warning: 
  accessing left-value that contains escaping addresses.
  assert ¬\dangling(&pState->m_dict_avail);
[eva:alarm] miniz.c:497: Warning: 
  accessing uninitialized left-value. assert \initialized(&pState->m_dict_ofs);
[eva:alarm] miniz.c:497: Warning: 
  accessing left-value that contains escaping addresses.
  assert ¬\dangling(&pState->m_dict_ofs);
[eva:garbled-mix:write] miniz.c:497: 
  Assigning imprecise value to pState->m_dict_ofs
  (pointing to __malloc_w_miniz_def_alloc_func_l169_0 with offsets {88000}).
  The imprecision originates from Misaligned
[eva:alarm] miniz.c:498: Warning: 
  accessing uninitialized left-value.
  assert \initialized(&pState->m_last_status);
[eva:alarm] miniz.c:498: Warning: 
  accessing left-value that contains escaping addresses.
  assert ¬\dangling(&pState->m_last_status);
[eva:alarm] miniz.c:498: Warning: 
  accessing uninitialized left-value.
  assert \initialized(&pState->m_dict_avail);
[eva:alarm] miniz.c:498: Warning: 
  accessing left-value that contains escaping addresses.
  assert ¬\dangling(&pState->m_dict_avail);
[eva] miniz.c:501: starting to merge loop iterations
[eva] miniz.c:541: cannot properly split on \result == 0
[eva] examples/example1.c:31: starting to merge loop iterations
[eva:alarm] examples/example1.c:83: Warning: 
  accessing left-value that contains escaping addresses.
  assert ¬\dangling(&cmp_len);
[eva:alarm] examples/example1.c:83: Warning: 
  accessing left-value that contains escaping addresses.
  assert ¬\dangling(&uncomp_len);
[eva] using specification for function printf_va_2
[eva] using specification for function printf_va_3
[eva] using specification for function printf_va_6
[eva] using specification for function printf_va_8
[eva] using specification for function printf_va_9
[eva] miniz_tdef.c:423: 
  cannot evaluate ACSL term, unsupported ACSL construct: constant strings
[eva] miniz_tinfl.c:292: 
  cannot evaluate ACSL term, unsupported ACSL construct: constant strings
[eva] miniz_tinfl.c:381: 
  cannot evaluate ACSL term, unsupported ACSL construct: constant strings
[eva] miniz_tinfl.c:383: 
  cannot evaluate ACSL term, unsupported ACSL construct: constant strings
[kernel] miniz_tdef.c:158: 
  more than 20(286) elements to enumerate. Approximating.
[kernel] miniz_tdef.c:190: 
  more than 20(285) elements to enumerate. Approximating.
[scope:rm_asserts] removing 345 assertion(s)
[eva] ====== VALUES COMPUTED ======
[eva:final-states] Values at end of function TDEFL_READ_UNALIGNED_WORD:
  ret ∈
     {{ garbled mix of &{in_bytes; out_bytes;
                         "Good morning Dr. Chandra. This is Hal. I am ready for my first lesson.Good morning Dr. Chandra. This is Hal. I am ready for my first lesson.Good morning Dr. Chandra. This is Hal. I am ready for my first lesson.Good morning Dr. Chandra. This is Hal. I am ready for my first lesson.Good morning Dr. Chandra. This is Hal. I am ready for my first lesson.Good morning Dr. Chandra. This is Hal. I am ready for my first lesson.Good morning Dr. Chandra. This is Hal. I am ready for my first lesson.";
                         __malloc_main_l34;
                         __malloc_w_miniz_def_alloc_func_l169;
                         __malloc_w_miniz_def_alloc_func_l169_0}
      (origin: Misaligned) }} or UNINITIALIZED or ESCAPINGADDR
[eva:final-states] Values at end of function TDEFL_READ_UNALIGNED_WORD2:
  ret ∈
     {{ garbled mix of &{in_bytes; out_bytes;
                         "Good morning Dr. Chandra. This is Hal. I am ready for my first lesson.Good morning Dr. Chandra. This is Hal. I am ready for my first lesson.Good morning Dr. Chandra. This is Hal. I am ready for my first lesson.Good morning Dr. Chandra. This is Hal. I am ready for my first lesson.Good morning Dr. Chandra. This is Hal. I am ready for my first lesson.Good morning Dr. Chandra. This is Hal. I am ready for my first lesson.Good morning Dr. Chandra. This is Hal. I am ready for my first lesson.";
                         __malloc_main_l34;
                         __malloc_w_miniz_def_alloc_func_l169;
                         __malloc_w_miniz_def_alloc_func_l169_0}
      (origin: Misaligned) }} or UNINITIALIZED or ESCAPINGADDR
[eva:final-states] Values at end of function TDEFL_READ_UNALIGNED_WORD32:
  ret ∈
     {{ garbled mix of &{in_bytes; out_bytes;
                         "Good morning Dr. Chandra. This is Hal. I am ready for my first lesson.Good morning Dr. Chandra. This is Hal. I am ready for my first lesson.Good morning Dr. Chandra. This is Hal. I am ready for my first lesson.Good morning Dr. Chandra. This is Hal. I am ready for my first lesson.Good morning Dr. Chandra. This is Hal. I am ready for my first lesson.Good morning Dr. Chandra. This is Hal. I am ready for my first lesson.Good morning Dr. Chandra. This is Hal. I am ready for my first lesson.";
                         __malloc_main_l34;
                         __malloc_w_miniz_def_alloc_func_l169;
                         __malloc_w_miniz_def_alloc_func_l169_0}
      (origin: Misaligned) }} or UNINITIALIZED or ESCAPINGADDR
[eva:final-states] Values at end of function miniz_def_alloc_func:
  __fc_heap_status ∈ [--..--]
[eva:final-states] Values at end of function miniz_def_free_func:
  cmp_len ∈
         {{ garbled mix of &{"Good morning Dr. Chandra. This is Hal. I am ready for my first lesson.Good morning Dr. Chandra. This is Hal. I am ready for my first lesson.Good morning Dr. Chandra. This is Hal. I am ready for my first lesson.Good morning Dr. Chandra. This is Hal. I am ready for my first lesson.Good morning Dr. Chandra. This is Hal. I am ready for my first lesson.Good morning Dr. Chandra. This is Hal. I am ready for my first lesson.Good morning Dr. Chandra. This is Hal. I am ready for my first lesson.";
                             __malloc_main_l34;
                             __malloc_w_miniz_def_alloc_func_l169;
                             __malloc_w_miniz_def_alloc_func_l169_0}
          (origin: Misaligned) }} or ESCAPINGADDR
  uncomp_len ∈
            {{ garbled mix of &{"Good morning Dr. Chandra. This is Hal. I am ready for my first lesson.Good morning Dr. Chandra. This is Hal. I am ready for my first lesson.Good morning Dr. Chandra. This is Hal. I am ready for my first lesson.Good morning Dr. Chandra. This is Hal. I am ready for my first lesson.Good morning Dr. Chandra. This is Hal. I am ready for my first lesson.Good morning Dr. Chandra. This is Hal. I am ready for my first lesson.Good morning Dr. Chandra. This is Hal. I am ready for my first lesson.";
                                __malloc_main_l34; __malloc_main_l35;
                                __malloc_w_miniz_def_alloc_func_l169;
                                __malloc_w_miniz_def_alloc_func_l169_0}
             (origin: Misaligned) }} or ESCAPINGADDR
  address ∈
         {{ (void *)&__malloc_w_miniz_def_alloc_func_l169 ;
            (void *)&__malloc_w_miniz_def_alloc_func_l169_0 }} or ESCAPINGADDR
  stream{.next_in; .avail_in} ∈
        {{ garbled mix of &{"Good morning Dr. Chandra. This is Hal. I am ready for my first lesson.Good morning Dr. Chandra. This is Hal. I am ready for my first lesson.Good morning Dr. Chandra. This is Hal. I am ready for my first lesson.Good morning Dr. Chandra. This is Hal. I am ready for my first lesson.Good morning Dr. Chandra. This is Hal. I am ready for my first lesson.Good morning Dr. Chandra. This is Hal. I am ready for my first lesson.Good morning Dr. Chandra. This is Hal. I am ready for my first lesson.";
                            __malloc_main_l34;
                            __malloc_w_miniz_def_alloc_func_l169;
                            __malloc_w_miniz_def_alloc_func_l169_0}
         (origin: Misaligned) }} or ESCAPINGADDR
        .[bits 96 to 127] ∈ {0}
        {.total_in; .next_out; .avail_out} ∈
        {{ garbled mix of &{"Good morning Dr. Chandra. This is Hal. I am ready for my first lesson.Good morning Dr. Chandra. This is Hal. I am ready for my first lesson.Good morning Dr. Chandra. This is Hal. I am ready for my first lesson.Good morning Dr. Chandra. This is Hal. I am ready for my first lesson.Good morning Dr. Chandra. This is Hal. I am ready for my first lesson.Good morning Dr. Chandra. This is Hal. I am ready for my first lesson.Good morning Dr. Chandra. This is Hal. I am ready for my first lesson.";
                            __malloc_main_l34;
                            __malloc_w_miniz_def_alloc_func_l169;
                            __malloc_w_miniz_def_alloc_func_l169_0}
         (origin: Misaligned) }} or ESCAPINGADDR
        .[bits 288 to 319] ∈ {0}
        .total_out ∈
        {{ garbled mix of &{"Good morning Dr. Chandra. This is Hal. I am ready for my first lesson.Good morning Dr. Chandra. This is Hal. I am ready for my first lesson.Good morning Dr. Chandra. This is Hal. I am ready for my first lesson.Good morning Dr. Chandra. This is Hal. I am ready for my first lesson.Good morning Dr. Chandra. This is Hal. I am ready for my first lesson.Good morning Dr. Chandra. This is Hal. I am ready for my first lesson.Good morning Dr. Chandra. This is Hal. I am ready for my first lesson.";
                            __malloc_main_l34;
                            __malloc_w_miniz_def_alloc_func_l169;
                            __malloc_w_miniz_def_alloc_func_l169_0}
         (origin: Misaligned) }} or ESCAPINGADDR
        .msg ∈ {0}
        .state ∈
        {{ (struct mz_internal_state *)&__malloc_w_miniz_def_alloc_func_l169 }} or ESCAPINGADDR
        .zalloc ∈ {{ &miniz_def_alloc_func }}
        .zfree ∈ {{ &miniz_def_free_func }}
        {.opaque; .data_type; .[bits 736 to 767]} ∈ {0}
        .adler ∈
        {{ garbled mix of &{"Good morning Dr. Chandra. This is Hal. I am ready for my first lesson.Good morning Dr. Chandra. This is Hal. I am ready for my first lesson.Good morning Dr. Chandra. This is Hal. I am ready for my first lesson.Good morning Dr. Chandra. This is Hal. I am ready for my first lesson.Good morning Dr. Chandra. This is Hal. I am ready for my first lesson.Good morning Dr. Chandra. This is Hal. I am ready for my first lesson.Good morning Dr. Chandra. This is Hal. I am ready for my first lesson.";
                            __malloc_main_l34;
                            __malloc_w_miniz_def_alloc_func_l169;
                            __malloc_w_miniz_def_alloc_func_l169_0}
         (origin: Misaligned) }} or ESCAPINGADDR
        .reserved ∈ {0}
  stream{.next_in; .avail_in} ∈
        {{ garbled mix of &{"Good morning Dr. Chandra. This is Hal. I am ready for my first lesson.Good morning Dr. Chandra. This is Hal. I am ready for my first lesson.Good morning Dr. Chandra. This is Hal. I am ready for my first lesson.Good morning Dr. Chandra. This is Hal. I am ready for my first lesson.Good morning Dr. Chandra. This is Hal. I am ready for my first lesson.Good morning Dr. Chandra. This is Hal. I am ready for my first lesson.Good morning Dr. Chandra. This is Hal. I am ready for my first lesson.";
                            __malloc_main_l34; __malloc_main_l35;
                            __malloc_w_miniz_def_alloc_func_l169;
                            __malloc_w_miniz_def_alloc_func_l169_0}
         (origin: Misaligned) }} or ESCAPINGADDR
        .[bits 96 to 127] ∈ {0}
        {.total_in; .next_out; .avail_out} ∈
        {{ garbled mix of &{"Good morning Dr. Chandra. This is Hal. I am ready for my first lesson.Good morning Dr. Chandra. This is Hal. I am ready for my first lesson.Good morning Dr. Chandra. This is Hal. I am ready for my first lesson.Good morning Dr. Chandra. This is Hal. I am ready for my first lesson.Good morning Dr. Chandra. This is Hal. I am ready for my first lesson.Good morning Dr. Chandra. This is Hal. I am ready for my first lesson.Good morning Dr. Chandra. This is Hal. I am ready for my first lesson.";
                            __malloc_main_l34; __malloc_main_l35;
                            __malloc_w_miniz_def_alloc_func_l169;
                            __malloc_w_miniz_def_alloc_func_l169_0}
         (origin: Misaligned) }} or ESCAPINGADDR
        .[bits 288 to 319] ∈ {0}
        .total_out ∈
        {{ garbled mix of &{"Good morning Dr. Chandra. This is Hal. I am ready for my first lesson.Good morning Dr. Chandra. This is Hal. I am ready for my first lesson.Good morning Dr. Chandra. This is Hal. I am ready for my first lesson.Good morning Dr. Chandra. This is Hal. I am ready for my first lesson.Good morning Dr. Chandra. This is Hal. I am ready for my first lesson.Good morning Dr. Chandra. This is Hal. I am ready for my first lesson.Good morning Dr. Chandra. This is Hal. I am ready for my first lesson.";
                            __malloc_main_l34; __malloc_main_l35;
                            __malloc_w_miniz_def_alloc_func_l169;
                            __malloc_w_miniz_def_alloc_func_l169_0}
         (origin: Misaligned) }} or ESCAPINGADDR
        .msg ∈ {0}
        .state ∈
        {{ (struct mz_internal_state *)&__malloc_w_miniz_def_alloc_func_l169_0 }} or ESCAPINGADDR
        .zalloc ∈ {{ &miniz_def_alloc_func }}
        .zfree ∈ {{ &miniz_def_free_func }}
        {.opaque; .data_type; .[bits 736 to 767]} ∈ {0}
        .adler ∈
        {{ garbled mix of &{"Good morning Dr. Chandra. This is Hal. I am ready for my first lesson.Good morning Dr. Chandra. This is Hal. I am ready for my first lesson.Good morning Dr. Chandra. This is Hal. I am ready for my first lesson.Good morning Dr. Chandra. This is Hal. I am ready for my first lesson.Good morning Dr. Chandra. This is Hal. I am ready for my first lesson.Good morning Dr. Chandra. This is Hal. I am ready for my first lesson.Good morning Dr. Chandra. This is Hal. I am ready for my first lesson.";
                            __malloc_main_l34;
                            __malloc_w_miniz_def_alloc_func_l169;
                            __malloc_w_miniz_def_alloc_func_l169_0}
         (origin: Misaligned) }} or ESCAPINGADDR
        .reserved ∈ {0}
  source_len ∈
            {{ garbled mix of &{"Good morning Dr. Chandra. This is Hal. I am ready for my first lesson.Good morning Dr. Chandra. This is Hal. I am ready for my first lesson.Good morning Dr. Chandra. This is Hal. I am ready for my first lesson.Good morning Dr. Chandra. This is Hal. I am ready for my first lesson.Good morning Dr. Chandra. This is Hal. I am ready for my first lesson.Good morning Dr. Chandra. This is Hal. I am ready for my first lesson.Good morning Dr. Chandra. This is Hal. I am ready for my first lesson.";
                                __malloc_main_l34; __malloc_main_l35;
                                __malloc_w_miniz_def_alloc_func_l169;
                                __malloc_w_miniz_def_alloc_func_l169_0}
             (origin: Misaligned) }} or ESCAPINGADDR
  S___fc_stdout[0].__fc_FILE_id ∈ [--..--]
               [0].__fc_FILE_data ∈
               {{ garbled mix of &{"Good morning Dr. Chandra. This is Hal. I am ready for my first lesson.Good morning Dr. Chandra. This is Hal. I am ready for my first lesson.Good morning Dr. Chandra. This is Hal. I am ready for my first lesson.Good morning Dr. Chandra. This is Hal. I am ready for my first lesson.Good morning Dr. Chandra. This is Hal. I am ready for my first lesson.Good morning Dr. Chandra. This is Hal. I am ready for my first lesson.Good morning Dr. Chandra. This is Hal. I am ready for my first lesson.";
                                   __malloc_main_l34;
                                   __malloc_w_miniz_def_alloc_func_l169;
                                   __malloc_w_miniz_def_alloc_func_l169_0}
                (origin: Misaligned) }} or ESCAPINGADDR
               [1] ∈ [--..--]
  __malloc_main_l34[0..18446744073709551615] ∈
                   {{ garbled mix of &{"Good morning Dr. Chandra. This is Hal. I am ready for my first lesson.Good morning Dr. Chandra. This is Hal. I am ready for my first lesson.Good morning Dr. Chandra. This is Hal. I am ready for my first lesson.Good morning Dr. Chandra. This is Hal. I am ready for my first lesson.Good morning Dr. Chandra. This is Hal. I am ready for my first lesson.Good morning Dr. Chandra. This is Hal. I am ready for my first lesson.Good morning Dr. Chandra. This is Hal. I am ready for my first lesson.";
                                       __malloc_main_l34;
                                       __malloc_w_miniz_def_alloc_func_l169;
                                       __malloc_w_miniz_def_alloc_func_l169_0}
                    (origin: Misaligned) }} or UNINITIALIZED or ESCAPINGADDR
  __malloc_main_l35[0..489] ∈
                   {{ garbled mix of &{"Good morning Dr. Chandra. This is Hal. I am ready for my first lesson.Good morning Dr. Chandra. This is Hal. I am ready for my first lesson.Good morning Dr. Chandra. This is Hal. I am ready for my first lesson.Good morning Dr. Chandra. This is Hal. I am ready for my first lesson.Good morning Dr. Chandra. This is Hal. I am ready for my first lesson.Good morning Dr. Chandra. This is Hal. I am ready for my first lesson.Good morning Dr. Chandra. This is Hal. I am ready for my first lesson.";
                                       __malloc_main_l34;
                                       __malloc_w_miniz_def_alloc_func_l169;
                                       __malloc_w_miniz_def_alloc_func_l169_0}
                    (origin: Misaligned) }} or UNINITIALIZED or ESCAPINGADDR
  __malloc_w_miniz_def_alloc_func_l169[0..319351] ∈
                                      {{ garbled mix of &{"Good morning Dr. Chandra. This is Hal. I am ready for my first lesson.Good morning Dr. Chandra. This is Hal. I am ready for my first lesson.Good morning Dr. Chandra. This is Hal. I am ready for my first lesson.Good morning Dr. Chandra. This is Hal. I am ready for my first lesson.Good morning Dr. Chandra. This is Hal. I am ready for my first lesson.Good morning Dr. Chandra. This is Hal. I am ready for my first lesson.Good morning Dr. Chandra. This is Hal. I am ready for my first lesson.";
                                                          __malloc_main_l34;
                                                          __malloc_w_miniz_def_alloc_func_l169;
                                                          __malloc_w_miniz_def_alloc_func_l169_0}
                                       (origin: Misaligned) }} or UNINITIALIZED or ESCAPINGADDR
  __malloc_w_miniz_def_alloc_func_l169_0[0..35] ∈
                                        {{ garbled mix of &{"Good morning Dr. Chandra. This is Hal. I am ready for my first lesson.Good morning Dr. Chandra. This is Hal. I am ready for my first lesson.Good morning Dr. Chandra. This is Hal. I am ready for my first lesson.Good morning Dr. Chandra. This is Hal. I am ready for my first lesson.Good morning Dr. Chandra. This is Hal. I am ready for my first lesson.Good morning Dr. Chandra. This is Hal. I am ready for my first lesson.Good morning Dr. Chandra. This is Hal. I am ready for my first lesson.";
                                                            __malloc_main_l34;
                                                            __malloc_w_miniz_def_alloc_func_l169;
                                                            __malloc_w_miniz_def_alloc_func_l169_0}
                                         (origin: Misaligned) }} or UNINITIALIZED or ESCAPINGADDR
                                        [36..39] ∈
                                        {{ garbled mix of &{"Good morning Dr. Chandra. This is Hal. I am ready for my first lesson.Good morning Dr. Chandra. This is Hal. I am ready for my first lesson.Good morning Dr. Chandra. This is Hal. I am ready for my first lesson.Good morning Dr. Chandra. This is Hal. I am ready for my first lesson.Good morning Dr. Chandra. This is Hal. I am ready for my first lesson.Good morning Dr. Chandra. This is Hal. I am ready for my first lesson.Good morning Dr. Chandra. This is Hal. I am ready for my first lesson.";
                                                            __malloc_main_l34;
                                                            __malloc_main_l35;
                                                            __malloc_w_miniz_def_alloc_func_l169;
                                                            __malloc_w_miniz_def_alloc_func_l169_0}
                                         (origin: Misaligned) }} or UNINITIALIZED or ESCAPINGADDR
                                        [40..63] ∈
                                        {{ garbled mix of &{"Good morning Dr. Chandra. This is Hal. I am ready for my first lesson.Good morning Dr. Chandra. This is Hal. I am ready for my first lesson.Good morning Dr. Chandra. This is Hal. I am ready for my first lesson.Good morning Dr. Chandra. This is Hal. I am ready for my first lesson.Good morning Dr. Chandra. This is Hal. I am ready for my first lesson.Good morning Dr. Chandra. This is Hal. I am ready for my first lesson.Good morning Dr. Chandra. This is Hal. I am ready for my first lesson.";
                                                            __malloc_main_l34;
                                                            __malloc_w_miniz_def_alloc_func_l169;
                                                            __malloc_w_miniz_def_alloc_func_l169_0}
                                         (origin: Misaligned) }} or UNINITIALIZED or ESCAPINGADDR
                                        [64..71] ∈
                                        {{ garbled mix of &{"Good morning Dr. Chandra. This is Hal. I am ready for my first lesson.Good morning Dr. Chandra. This is Hal. I am ready for my first lesson.Good morning Dr. Chandra. This is Hal. I am ready for my first lesson.Good morning Dr. Chandra. This is Hal. I am ready for my first lesson.Good morning Dr. Chandra. This is Hal. I am ready for my first lesson.Good morning Dr. Chandra. This is Hal. I am ready for my first lesson.Good morning Dr. Chandra. This is Hal. I am ready for my first lesson.";
                                                            __malloc_main_l34;
                                                            __malloc_main_l35;
                                                            __malloc_w_miniz_def_alloc_func_l169;
                                                            __malloc_w_miniz_def_alloc_func_l169_0}
                                         (origin: Misaligned) }} or UNINITIALIZED or ESCAPINGADDR
                                        [72..43791] ∈
                                        {{ garbled mix of &{"Good morning Dr. Chandra. This is Hal. I am ready for my first lesson.Good morning Dr. Chandra. This is Hal. I am ready for my first lesson.Good morning Dr. Chandra. This is Hal. I am ready for my first lesson.Good morning Dr. Chandra. This is Hal. I am ready for my first lesson.Good morning Dr. Chandra. This is Hal. I am ready for my first lesson.Good morning Dr. Chandra. This is Hal. I am ready for my first lesson.Good morning Dr. Chandra. This is Hal. I am ready for my first lesson.";
                                                            __malloc_main_l34;
                                                            __malloc_w_miniz_def_alloc_func_l169;
                                                            __malloc_w_miniz_def_alloc_func_l169_0}
                                         (origin: Misaligned) }} or UNINITIALIZED or ESCAPINGADDR
[eva:final-states] Values at end of function mz_adler32:
  ptr ∈
     {{ garbled mix of &{in_bytes; out_bytes;
                         "Good morning Dr. Chandra. This is Hal. I am ready for my first lesson.Good morning Dr. Chandra. This is Hal. I am ready for my first lesson.Good morning Dr. Chandra. This is Hal. I am ready for my first lesson.Good morning Dr. Chandra. This is Hal. I am ready for my first lesson.Good morning Dr. Chandra. This is Hal. I am ready for my first lesson.Good morning Dr. Chandra. This is Hal. I am ready for my first lesson.Good morning Dr. Chandra. This is Hal. I am ready for my first lesson.";
                         __malloc_main_l34;
                         __malloc_w_miniz_def_alloc_func_l169;
                         __malloc_w_miniz_def_alloc_func_l169_0}
      (origin: Misaligned) }}
  buf_len ∈
         {{ garbled mix of &{in_bytes; out_bytes;
                             "Good morning Dr. Chandra. This is Hal. I am ready for my first lesson.Good morning Dr. Chandra. This is Hal. I am ready for my first lesson.Good morning Dr. Chandra. This is Hal. I am ready for my first lesson.Good morning Dr. Chandra. This is Hal. I am ready for my first lesson.Good morning Dr. Chandra. This is Hal. I am ready for my first lesson.Good morning Dr. Chandra. This is Hal. I am ready for my first lesson.Good morning Dr. Chandra. This is Hal. I am ready for my first lesson.";
                             __malloc_main_l34;
                             __malloc_w_miniz_def_alloc_func_l169;
                             __malloc_w_miniz_def_alloc_func_l169_0}
          (origin: Misaligned) }}
  i ∈ [--..--] or UNINITIALIZED
  s1 ∈
    {{ garbled mix of &{in_bytes; out_bytes;
                        "Good morning Dr. Chandra. This is Hal. I am ready for my first lesson.Good morning Dr. Chandra. This is Hal. I am ready for my first lesson.Good morning Dr. Chandra. This is Hal. I am ready for my first lesson.Good morning Dr. Chandra. This is Hal. I am ready for my first lesson.Good morning Dr. Chandra. This is Hal. I am ready for my first lesson.Good morning Dr. Chandra. This is Hal. I am ready for my first lesson.Good morning Dr. Chandra. This is Hal. I am ready for my first lesson.";
                        __malloc_main_l34;
                        __malloc_w_miniz_def_alloc_func_l169;
                        __malloc_w_miniz_def_alloc_func_l169_0}
     (origin: Misaligned) }}
  s2 ∈
    {{ garbled mix of &{in_bytes; out_bytes;
                        "Good morning Dr. Chandra. This is Hal. I am ready for my first lesson.Good morning Dr. Chandra. This is Hal. I am ready for my first lesson.Good morning Dr. Chandra. This is Hal. I am ready for my first lesson.Good morning Dr. Chandra. This is Hal. I am ready for my first lesson.Good morning Dr. Chandra. This is Hal. I am ready for my first lesson.Good morning Dr. Chandra. This is Hal. I am ready for my first lesson.Good morning Dr. Chandra. This is Hal. I am ready for my first lesson.";
                        __malloc_main_l34;
                        __malloc_w_miniz_def_alloc_func_l169;
                        __malloc_w_miniz_def_alloc_func_l169_0}
     (origin: Misaligned) }}
  block_len ∈
           {{ garbled mix of &{in_bytes; out_bytes;
                               "Good morning Dr. Chandra. This is Hal. I am ready for my first lesson.Good morning Dr. Chandra. This is Hal. I am ready for my first lesson.Good morning Dr. Chandra. This is Hal. I am ready for my first lesson.Good morning Dr. Chandra. This is Hal. I am ready for my first lesson.Good morning Dr. Chandra. This is Hal. I am ready for my first lesson.Good morning Dr. Chandra. This is Hal. I am ready for my first lesson.Good morning Dr. Chandra. This is Hal. I am ready for my first lesson.";
                               __malloc_main_l34;
                               __malloc_w_miniz_def_alloc_func_l169;
                               __malloc_w_miniz_def_alloc_func_l169_0}
            (origin: Misaligned) }}
  __retres ∈
          {{ garbled mix of &{in_bytes; out_bytes;
                              "Good morning Dr. Chandra. This is Hal. I am ready for my first lesson.Good morning Dr. Chandra. This is Hal. I am ready for my first lesson.Good morning Dr. Chandra. This is Hal. I am ready for my first lesson.Good morning Dr. Chandra. This is Hal. I am ready for my first lesson.Good morning Dr. Chandra. This is Hal. I am ready for my first lesson.Good morning Dr. Chandra. This is Hal. I am ready for my first lesson.Good morning Dr. Chandra. This is Hal. I am ready for my first lesson.";
                              __malloc_main_l34;
                              __malloc_w_miniz_def_alloc_func_l169;
                              __malloc_w_miniz_def_alloc_func_l169_0}
           (origin: Misaligned) }}
[eva:final-states] Values at end of function mz_deflateBound:
  __retres ∈ {667}
[eva:final-states] Values at end of function mz_compressBound:
  
[eva:final-states] Values at end of function mz_deflateEnd:
  cmp_len ∈
         {{ garbled mix of &{"Good morning Dr. Chandra. This is Hal. I am ready for my first lesson.Good morning Dr. Chandra. This is Hal. I am ready for my first lesson.Good morning Dr. Chandra. This is Hal. I am ready for my first lesson.Good morning Dr. Chandra. This is Hal. I am ready for my first lesson.Good morning Dr. Chandra. This is Hal. I am ready for my first lesson.Good morning Dr. Chandra. This is Hal. I am ready for my first lesson.Good morning Dr. Chandra. This is Hal. I am ready for my first lesson.";
                             __malloc_main_l34;
                             __malloc_w_miniz_def_alloc_func_l169;
                             __malloc_w_miniz_def_alloc_func_l169_0}
          (origin: Misaligned) }} or ESCAPINGADDR
  uncomp_len ∈
            {{ garbled mix of &{"Good morning Dr. Chandra. This is Hal. I am ready for my first lesson.Good morning Dr. Chandra. This is Hal. I am ready for my first lesson.Good morning Dr. Chandra. This is Hal. I am ready for my first lesson.Good morning Dr. Chandra. This is Hal. I am ready for my first lesson.Good morning Dr. Chandra. This is Hal. I am ready for my first lesson.Good morning Dr. Chandra. This is Hal. I am ready for my first lesson.Good morning Dr. Chandra. This is Hal. I am ready for my first lesson.";
                                __malloc_w_miniz_def_alloc_func_l169;
                                __malloc_w_miniz_def_alloc_func_l169_0}
             (origin: Misaligned) }} or ESCAPINGADDR
  stream{.next_in; .avail_in} ∈
        {{ garbled mix of &{"Good morning Dr. Chandra. This is Hal. I am ready for my first lesson.Good morning Dr. Chandra. This is Hal. I am ready for my first lesson.Good morning Dr. Chandra. This is Hal. I am ready for my first lesson.Good morning Dr. Chandra. This is Hal. I am ready for my first lesson.Good morning Dr. Chandra. This is Hal. I am ready for my first lesson.Good morning Dr. Chandra. This is Hal. I am ready for my first lesson.Good morning Dr. Chandra. This is Hal. I am ready for my first lesson.";
                            __malloc_main_l34;
                            __malloc_w_miniz_def_alloc_func_l169;
                            __malloc_w_miniz_def_alloc_func_l169_0}
         (origin: Misaligned) }} or ESCAPINGADDR
        .[bits 96 to 127] ∈ {0}
        {.total_in; .next_out; .avail_out} ∈
        {{ garbled mix of &{"Good morning Dr. Chandra. This is Hal. I am ready for my first lesson.Good morning Dr. Chandra. This is Hal. I am ready for my first lesson.Good morning Dr. Chandra. This is Hal. I am ready for my first lesson.Good morning Dr. Chandra. This is Hal. I am ready for my first lesson.Good morning Dr. Chandra. This is Hal. I am ready for my first lesson.Good morning Dr. Chandra. This is Hal. I am ready for my first lesson.Good morning Dr. Chandra. This is Hal. I am ready for my first lesson.";
                            __malloc_main_l34;
                            __malloc_w_miniz_def_alloc_func_l169;
                            __malloc_w_miniz_def_alloc_func_l169_0}
         (origin: Misaligned) }} or ESCAPINGADDR
        .[bits 288 to 319] ∈ {0}
        .total_out ∈
        {{ garbled mix of &{"Good morning Dr. Chandra. This is Hal. I am ready for my first lesson.Good morning Dr. Chandra. This is Hal. I am ready for my first lesson.Good morning Dr. Chandra. This is Hal. I am ready for my first lesson.Good morning Dr. Chandra. This is Hal. I am ready for my first lesson.Good morning Dr. Chandra. This is Hal. I am ready for my first lesson.Good morning Dr. Chandra. This is Hal. I am ready for my first lesson.Good morning Dr. Chandra. This is Hal. I am ready for my first lesson.";
                            __malloc_main_l34;
                            __malloc_w_miniz_def_alloc_func_l169;
                            __malloc_w_miniz_def_alloc_func_l169_0}
         (origin: Misaligned) }} or ESCAPINGADDR
        {.msg; .state} ∈ {0}
        .zalloc ∈ {{ &miniz_def_alloc_func }}
        .zfree ∈ {{ &miniz_def_free_func }}
        {.opaque; .data_type; .[bits 736 to 767]} ∈ {0}
        .adler ∈
        {{ garbled mix of &{"Good morning Dr. Chandra. This is Hal. I am ready for my first lesson.Good morning Dr. Chandra. This is Hal. I am ready for my first lesson.Good morning Dr. Chandra. This is Hal. I am ready for my first lesson.Good morning Dr. Chandra. This is Hal. I am ready for my first lesson.Good morning Dr. Chandra. This is Hal. I am ready for my first lesson.Good morning Dr. Chandra. This is Hal. I am ready for my first lesson.Good morning Dr. Chandra. This is Hal. I am ready for my first lesson.";
                            __malloc_main_l34;
                            __malloc_w_miniz_def_alloc_func_l169;
                            __malloc_w_miniz_def_alloc_func_l169_0}
         (origin: Misaligned) }} or ESCAPINGADDR
        .reserved ∈ {0}
  __retres ∈ {0}
  S___fc_stdout[0].__fc_FILE_id ∈ [--..--]
               [0].__fc_FILE_data ∈
               {{ garbled mix of &{"Good morning Dr. Chandra. This is Hal. I am ready for my first lesson.Good morning Dr. Chandra. This is Hal. I am ready for my first lesson.Good morning Dr. Chandra. This is Hal. I am ready for my first lesson.Good morning Dr. Chandra. This is Hal. I am ready for my first lesson.Good morning Dr. Chandra. This is Hal. I am ready for my first lesson.Good morning Dr. Chandra. This is Hal. I am ready for my first lesson.Good morning Dr. Chandra. This is Hal. I am ready for my first lesson.";
                                   __malloc_w_miniz_def_alloc_func_l169;
                                   __malloc_w_miniz_def_alloc_func_l169_0}
                (origin: Misaligned) }} or ESCAPINGADDR
               [1] ∈ [--..--]
  __malloc_main_l34[0..18446744073709551615] ∈
                   {{ garbled mix of &{"Good morning Dr. Chandra. This is Hal. I am ready for my first lesson.Good morning Dr. Chandra. This is Hal. I am ready for my first lesson.Good morning Dr. Chandra. This is Hal. I am ready for my first lesson.Good morning Dr. Chandra. This is Hal. I am ready for my first lesson.Good morning Dr. Chandra. This is Hal. I am ready for my first lesson.Good morning Dr. Chandra. This is Hal. I am ready for my first lesson.Good morning Dr. Chandra. This is Hal. I am ready for my first lesson.";
                                       __malloc_main_l34;
                                       __malloc_w_miniz_def_alloc_func_l169;
                                       __malloc_w_miniz_def_alloc_func_l169_0}
                    (origin: Misaligned) }} or UNINITIALIZED or ESCAPINGADDR
  __malloc_w_miniz_def_alloc_func_l169[0..319351] ∈
                                      {{ garbled mix of &{"Good morning Dr. Chandra. This is Hal. I am ready for my first lesson.Good morning Dr. Chandra. This is Hal. I am ready for my first lesson.Good morning Dr. Chandra. This is Hal. I am ready for my first lesson.Good morning Dr. Chandra. This is Hal. I am ready for my first lesson.Good morning Dr. Chandra. This is Hal. I am ready for my first lesson.Good morning Dr. Chandra. This is Hal. I am ready for my first lesson.Good morning Dr. Chandra. This is Hal. I am ready for my first lesson.";
                                                          __malloc_main_l34;
                                                          __malloc_w_miniz_def_alloc_func_l169;
                                                          __malloc_w_miniz_def_alloc_func_l169_0}
                                       (origin: Misaligned) }} or UNINITIALIZED or ESCAPINGADDR
  __malloc_w_miniz_def_alloc_func_l169_0[0..43791] ∈
                                        {{ garbled mix of &{"Good morning Dr. Chandra. This is Hal. I am ready for my first lesson.Good morning Dr. Chandra. This is Hal. I am ready for my first lesson.Good morning Dr. Chandra. This is Hal. I am ready for my first lesson.Good morning Dr. Chandra. This is Hal. I am ready for my first lesson.Good morning Dr. Chandra. This is Hal. I am ready for my first lesson.Good morning Dr. Chandra. This is Hal. I am ready for my first lesson.Good morning Dr. Chandra. This is Hal. I am ready for my first lesson.";
                                                            __malloc_main_l34;
                                                            __malloc_w_miniz_def_alloc_func_l169;
                                                            __malloc_w_miniz_def_alloc_func_l169_0}
                                         (origin: Misaligned) }} or UNINITIALIZED or ESCAPINGADDR
[eva:final-states] Values at end of function mz_inflateEnd:
  cmp_len ∈
         {{ garbled mix of &{"Good morning Dr. Chandra. This is Hal. I am ready for my first lesson.Good morning Dr. Chandra. This is Hal. I am ready for my first lesson.Good morning Dr. Chandra. This is Hal. I am ready for my first lesson.Good morning Dr. Chandra. This is Hal. I am ready for my first lesson.Good morning Dr. Chandra. This is Hal. I am ready for my first lesson.Good morning Dr. Chandra. This is Hal. I am ready for my first lesson.Good morning Dr. Chandra. This is Hal. I am ready for my first lesson.";
                             __malloc_main_l34;
                             __malloc_w_miniz_def_alloc_func_l169;
                             __malloc_w_miniz_def_alloc_func_l169_0}
          (origin: Misaligned) }} or ESCAPINGADDR
  uncomp_len ∈
            {{ garbled mix of &{"Good morning Dr. Chandra. This is Hal. I am ready for my first lesson.Good morning Dr. Chandra. This is Hal. I am ready for my first lesson.Good morning Dr. Chandra. This is Hal. I am ready for my first lesson.Good morning Dr. Chandra. This is Hal. I am ready for my first lesson.Good morning Dr. Chandra. This is Hal. I am ready for my first lesson.Good morning Dr. Chandra. This is Hal. I am ready for my first lesson.Good morning Dr. Chandra. This is Hal. I am ready for my first lesson.";
                                __malloc_main_l34; __malloc_main_l35;
                                __malloc_w_miniz_def_alloc_func_l169;
                                __malloc_w_miniz_def_alloc_func_l169_0}
             (origin: Misaligned) }} or ESCAPINGADDR
  stream{.next_in; .avail_in} ∈
        {{ garbled mix of &{"Good morning Dr. Chandra. This is Hal. I am ready for my first lesson.Good morning Dr. Chandra. This is Hal. I am ready for my first lesson.Good morning Dr. Chandra. This is Hal. I am ready for my first lesson.Good morning Dr. Chandra. This is Hal. I am ready for my first lesson.Good morning Dr. Chandra. This is Hal. I am ready for my first lesson.Good morning Dr. Chandra. This is Hal. I am ready for my first lesson.Good morning Dr. Chandra. This is Hal. I am ready for my first lesson.";
                            __malloc_main_l34; __malloc_main_l35;
                            __malloc_w_miniz_def_alloc_func_l169;
                            __malloc_w_miniz_def_alloc_func_l169_0}
         (origin: Misaligned) }} or ESCAPINGADDR
        .[bits 96 to 127] ∈ {0}
        {.total_in; .next_out; .avail_out} ∈
        {{ garbled mix of &{"Good morning Dr. Chandra. This is Hal. I am ready for my first lesson.Good morning Dr. Chandra. This is Hal. I am ready for my first lesson.Good morning Dr. Chandra. This is Hal. I am ready for my first lesson.Good morning Dr. Chandra. This is Hal. I am ready for my first lesson.Good morning Dr. Chandra. This is Hal. I am ready for my first lesson.Good morning Dr. Chandra. This is Hal. I am ready for my first lesson.Good morning Dr. Chandra. This is Hal. I am ready for my first lesson.";
                            __malloc_main_l34; __malloc_main_l35;
                            __malloc_w_miniz_def_alloc_func_l169;
                            __malloc_w_miniz_def_alloc_func_l169_0}
         (origin: Misaligned) }} or ESCAPINGADDR
        .[bits 288 to 319] ∈ {0}
        .total_out ∈
        {{ garbled mix of &{"Good morning Dr. Chandra. This is Hal. I am ready for my first lesson.Good morning Dr. Chandra. This is Hal. I am ready for my first lesson.Good morning Dr. Chandra. This is Hal. I am ready for my first lesson.Good morning Dr. Chandra. This is Hal. I am ready for my first lesson.Good morning Dr. Chandra. This is Hal. I am ready for my first lesson.Good morning Dr. Chandra. This is Hal. I am ready for my first lesson.Good morning Dr. Chandra. This is Hal. I am ready for my first lesson.";
                            __malloc_main_l34; __malloc_main_l35;
                            __malloc_w_miniz_def_alloc_func_l169;
                            __malloc_w_miniz_def_alloc_func_l169_0}
         (origin: Misaligned) }} or ESCAPINGADDR
        {.msg; .state} ∈ {0}
        .zalloc ∈ {{ &miniz_def_alloc_func }}
        .zfree ∈ {{ &miniz_def_free_func }}
        {.opaque; .data_type; .[bits 736 to 767]} ∈ {0}
        .adler ∈
        {{ garbled mix of &{"Good morning Dr. Chandra. This is Hal. I am ready for my first lesson.Good morning Dr. Chandra. This is Hal. I am ready for my first lesson.Good morning Dr. Chandra. This is Hal. I am ready for my first lesson.Good morning Dr. Chandra. This is Hal. I am ready for my first lesson.Good morning Dr. Chandra. This is Hal. I am ready for my first lesson.Good morning Dr. Chandra. This is Hal. I am ready for my first lesson.Good morning Dr. Chandra. This is Hal. I am ready for my first lesson.";
                            __malloc_main_l34;
                            __malloc_w_miniz_def_alloc_func_l169;
                            __malloc_w_miniz_def_alloc_func_l169_0}
         (origin: Misaligned) }} or ESCAPINGADDR
        .reserved ∈ {0}
  source_len ∈
            {{ garbled mix of &{"Good morning Dr. Chandra. This is Hal. I am ready for my first lesson.Good morning Dr. Chandra. This is Hal. I am ready for my first lesson.Good morning Dr. Chandra. This is Hal. I am ready for my first lesson.Good morning Dr. Chandra. This is Hal. I am ready for my first lesson.Good morning Dr. Chandra. This is Hal. I am ready for my first lesson.Good morning Dr. Chandra. This is Hal. I am ready for my first lesson.Good morning Dr. Chandra. This is Hal. I am ready for my first lesson.";
                                __malloc_main_l34; __malloc_main_l35;
                                __malloc_w_miniz_def_alloc_func_l169;
                                __malloc_w_miniz_def_alloc_func_l169_0}
             (origin: Misaligned) }} or ESCAPINGADDR
  __retres ∈ {0}
  S___fc_stdout[0].__fc_FILE_id ∈ [--..--]
               [0].__fc_FILE_data ∈
               {{ garbled mix of &{"Good morning Dr. Chandra. This is Hal. I am ready for my first lesson.Good morning Dr. Chandra. This is Hal. I am ready for my first lesson.Good morning Dr. Chandra. This is Hal. I am ready for my first lesson.Good morning Dr. Chandra. This is Hal. I am ready for my first lesson.Good morning Dr. Chandra. This is Hal. I am ready for my first lesson.Good morning Dr. Chandra. This is Hal. I am ready for my first lesson.Good morning Dr. Chandra. This is Hal. I am ready for my first lesson.";
                                   __malloc_main_l34;
                                   __malloc_w_miniz_def_alloc_func_l169;
                                   __malloc_w_miniz_def_alloc_func_l169_0}
                (origin: Misaligned) }} or ESCAPINGADDR
               [1] ∈ [--..--]
  __malloc_main_l34[0..18446744073709551615] ∈
                   {{ garbled mix of &{"Good morning Dr. Chandra. This is Hal. I am ready for my first lesson.Good morning Dr. Chandra. This is Hal. I am ready for my first lesson.Good morning Dr. Chandra. This is Hal. I am ready for my first lesson.Good morning Dr. Chandra. This is Hal. I am ready for my first lesson.Good morning Dr. Chandra. This is Hal. I am ready for my first lesson.Good morning Dr. Chandra. This is Hal. I am ready for my first lesson.Good morning Dr. Chandra. This is Hal. I am ready for my first lesson.";
                                       __malloc_main_l34;
                                       __malloc_w_miniz_def_alloc_func_l169;
                                       __malloc_w_miniz_def_alloc_func_l169_0}
                    (origin: Misaligned) }} or UNINITIALIZED or ESCAPINGADDR
  __malloc_main_l35[0..489] ∈
                   {{ garbled mix of &{"Good morning Dr. Chandra. This is Hal. I am ready for my first lesson.Good morning Dr. Chandra. This is Hal. I am ready for my first lesson.Good morning Dr. Chandra. This is Hal. I am ready for my first lesson.Good morning Dr. Chandra. This is Hal. I am ready for my first lesson.Good morning Dr. Chandra. This is Hal. I am ready for my first lesson.Good morning Dr. Chandra. This is Hal. I am ready for my first lesson.Good morning Dr. Chandra. This is Hal. I am ready for my first lesson.";
                                       __malloc_main_l34;
                                       __malloc_w_miniz_def_alloc_func_l169;
                                       __malloc_w_miniz_def_alloc_func_l169_0}
                    (origin: Misaligned) }} or UNINITIALIZED or ESCAPINGADDR
  __malloc_w_miniz_def_alloc_func_l169[0..319351] ∈
                                      {{ garbled mix of &{"Good morning Dr. Chandra. This is Hal. I am ready for my first lesson.Good morning Dr. Chandra. This is Hal. I am ready for my first lesson.Good morning Dr. Chandra. This is Hal. I am ready for my first lesson.Good morning Dr. Chandra. This is Hal. I am ready for my first lesson.Good morning Dr. Chandra. This is Hal. I am ready for my first lesson.Good morning Dr. Chandra. This is Hal. I am ready for my first lesson.Good morning Dr. Chandra. This is Hal. I am ready for my first lesson.";
                                                          __malloc_main_l34;
                                                          __malloc_w_miniz_def_alloc_func_l169;
                                                          __malloc_w_miniz_def_alloc_func_l169_0}
                                       (origin: Misaligned) }} or UNINITIALIZED or ESCAPINGADDR
  __malloc_w_miniz_def_alloc_func_l169_0[0..35] ∈
                                        {{ garbled mix of &{"Good morning Dr. Chandra. This is Hal. I am ready for my first lesson.Good morning Dr. Chandra. This is Hal. I am ready for my first lesson.Good morning Dr. Chandra. This is Hal. I am ready for my first lesson.Good morning Dr. Chandra. This is Hal. I am ready for my first lesson.Good morning Dr. Chandra. This is Hal. I am ready for my first lesson.Good morning Dr. Chandra. This is Hal. I am ready for my first lesson.Good morning Dr. Chandra. This is Hal. I am ready for my first lesson.";
                                                            __malloc_main_l34;
                                                            __malloc_w_miniz_def_alloc_func_l169;
                                                            __malloc_w_miniz_def_alloc_func_l169_0}
                                         (origin: Misaligned) }} or UNINITIALIZED or ESCAPINGADDR
                                        [36..39] ∈
                                        {{ garbled mix of &{"Good morning Dr. Chandra. This is Hal. I am ready for my first lesson.Good morning Dr. Chandra. This is Hal. I am ready for my first lesson.Good morning Dr. Chandra. This is Hal. I am ready for my first lesson.Good morning Dr. Chandra. This is Hal. I am ready for my first lesson.Good morning Dr. Chandra. This is Hal. I am ready for my first lesson.Good morning Dr. Chandra. This is Hal. I am ready for my first lesson.Good morning Dr. Chandra. This is Hal. I am ready for my first lesson.";
                                                            __malloc_main_l34;
                                                            __malloc_main_l35;
                                                            __malloc_w_miniz_def_alloc_func_l169;
                                                            __malloc_w_miniz_def_alloc_func_l169_0}
                                         (origin: Misaligned) }} or UNINITIALIZED or ESCAPINGADDR
                                        [40..63] ∈
                                        {{ garbled mix of &{"Good morning Dr. Chandra. This is Hal. I am ready for my first lesson.Good morning Dr. Chandra. This is Hal. I am ready for my first lesson.Good morning Dr. Chandra. This is Hal. I am ready for my first lesson.Good morning Dr. Chandra. This is Hal. I am ready for my first lesson.Good morning Dr. Chandra. This is Hal. I am ready for my first lesson.Good morning Dr. Chandra. This is Hal. I am ready for my first lesson.Good morning Dr. Chandra. This is Hal. I am ready for my first lesson.";
                                                            __malloc_main_l34;
                                                            __malloc_w_miniz_def_alloc_func_l169;
                                                            __malloc_w_miniz_def_alloc_func_l169_0}
                                         (origin: Misaligned) }} or UNINITIALIZED or ESCAPINGADDR
                                        [64..71] ∈
                                        {{ garbled mix of &{"Good morning Dr. Chandra. This is Hal. I am ready for my first lesson.Good morning Dr. Chandra. This is Hal. I am ready for my first lesson.Good morning Dr. Chandra. This is Hal. I am ready for my first lesson.Good morning Dr. Chandra. This is Hal. I am ready for my first lesson.Good morning Dr. Chandra. This is Hal. I am ready for my first lesson.Good morning Dr. Chandra. This is Hal. I am ready for my first lesson.Good morning Dr. Chandra. This is Hal. I am ready for my first lesson.";
                                                            __malloc_main_l34;
                                                            __malloc_main_l35;
                                                            __malloc_w_miniz_def_alloc_func_l169;
                                                            __malloc_w_miniz_def_alloc_func_l169_0}
                                         (origin: Misaligned) }} or UNINITIALIZED or ESCAPINGADDR
                                        [72..43791] ∈
                                        {{ garbled mix of &{"Good morning Dr. Chandra. This is Hal. I am ready for my first lesson.Good morning Dr. Chandra. This is Hal. I am ready for my first lesson.Good morning Dr. Chandra. This is Hal. I am ready for my first lesson.Good morning Dr. Chandra. This is Hal. I am ready for my first lesson.Good morning Dr. Chandra. This is Hal. I am ready for my first lesson.Good morning Dr. Chandra. This is Hal. I am ready for my first lesson.Good morning Dr. Chandra. This is Hal. I am ready for my first lesson.";
                                                            __malloc_main_l34;
                                                            __malloc_w_miniz_def_alloc_func_l169;
                                                            __malloc_w_miniz_def_alloc_func_l169_0}
                                         (origin: Misaligned) }} or UNINITIALIZED or ESCAPINGADDR
[eva:final-states] Values at end of function mz_inflateInit2:
  __fc_heap_status ∈ [--..--]
  pDecomp ∈
         {{ NULL ;
            (inflate_state *)&__malloc_w_miniz_def_alloc_func_l169_0 }}
  stream.next_in ∈ {{ &__malloc_main_l34[0] }}
        .avail_in ∈
        {{ garbled mix of &{"Good morning Dr. Chandra. This is Hal. I am ready for my first lesson.Good morning Dr. Chandra. This is Hal. I am ready for my first lesson.Good morning Dr. Chandra. This is Hal. I am ready for my first lesson.Good morning Dr. Chandra. This is Hal. I am ready for my first lesson.Good morning Dr. Chandra. This is Hal. I am ready for my first lesson.Good morning Dr. Chandra. This is Hal. I am ready for my first lesson.Good morning Dr. Chandra. This is Hal. I am ready for my first lesson.";
                            __malloc_main_l34;
                            __malloc_w_miniz_def_alloc_func_l169;
                            __malloc_w_miniz_def_alloc_func_l169_0}
         (origin: Misaligned) }}
        {.total_in; .[bits 96 to 127]} ∈ {0}
        .next_out ∈ {{ &__malloc_main_l35[0] }}
        .avail_out ∈
        {{ garbled mix of &{"Good morning Dr. Chandra. This is Hal. I am ready for my first lesson.Good morning Dr. Chandra. This is Hal. I am ready for my first lesson.Good morning Dr. Chandra. This is Hal. I am ready for my first lesson.Good morning Dr. Chandra. This is Hal. I am ready for my first lesson.Good morning Dr. Chandra. This is Hal. I am ready for my first lesson.Good morning Dr. Chandra. This is Hal. I am ready for my first lesson.Good morning Dr. Chandra. This is Hal. I am ready for my first lesson.";
                            __malloc_w_miniz_def_alloc_func_l169;
                            __malloc_w_miniz_def_alloc_func_l169_0}
         (origin: Misaligned) }}
        {.total_out; .msg; .[bits 288 to 319]} ∈ {0}
        .state ∈
        {{ NULL ;
           (struct mz_internal_state *)&__malloc_w_miniz_def_alloc_func_l169_0 }}
        .zalloc ∈ {{ &miniz_def_alloc_func }}
        .zfree ∈ {{ &miniz_def_free_func }}
        {.opaque; .data_type; .adler; .reserved; .[bits 736 to 767]} ∈ {0}
  __retres ∈ {-4; 0}
  __malloc_w_miniz_def_alloc_func_l169_0[0..43791] ∈
                                        {{ garbled mix of &{"Good morning Dr. Chandra. This is Hal. I am ready for my first lesson.Good morning Dr. Chandra. This is Hal. I am ready for my first lesson.Good morning Dr. Chandra. This is Hal. I am ready for my first lesson.Good morning Dr. Chandra. This is Hal. I am ready for my first lesson.Good morning Dr. Chandra. This is Hal. I am ready for my first lesson.Good morning Dr. Chandra. This is Hal. I am ready for my first lesson.Good morning Dr. Chandra. This is Hal. I am ready for my first lesson.";
                                                            __malloc_main_l34;
                                                            __malloc_w_miniz_def_alloc_func_l169;
                                                            __malloc_w_miniz_def_alloc_func_l169_0}
                                         (origin: Misaligned) }} or UNINITIALIZED or ESCAPINGADDR
[eva:final-states] Values at end of function mz_inflateInit:
  __fc_heap_status ∈ [--..--]
  stream.next_in ∈ {{ &__malloc_main_l34[0] }}
        .avail_in ∈
        {{ garbled mix of &{"Good morning Dr. Chandra. This is Hal. I am ready for my first lesson.Good morning Dr. Chandra. This is Hal. I am ready for my first lesson.Good morning Dr. Chandra. This is Hal. I am ready for my first lesson.Good morning Dr. Chandra. This is Hal. I am ready for my first lesson.Good morning Dr. Chandra. This is Hal. I am ready for my first lesson.Good morning Dr. Chandra. This is Hal. I am ready for my first lesson.Good morning Dr. Chandra. This is Hal. I am ready for my first lesson.";
                            __malloc_main_l34;
                            __malloc_w_miniz_def_alloc_func_l169;
                            __malloc_w_miniz_def_alloc_func_l169_0}
         (origin: Misaligned) }}
        {.total_in; .[bits 96 to 127]} ∈ {0}
        .next_out ∈ {{ &__malloc_main_l35[0] }}
        .avail_out ∈
        {{ garbled mix of &{"Good morning Dr. Chandra. This is Hal. I am ready for my first lesson.Good morning Dr. Chandra. This is Hal. I am ready for my first lesson.Good morning Dr. Chandra. This is Hal. I am ready for my first lesson.Good morning Dr. Chandra. This is Hal. I am ready for my first lesson.Good morning Dr. Chandra. This is Hal. I am ready for my first lesson.Good morning Dr. Chandra. This is Hal. I am ready for my first lesson.Good morning Dr. Chandra. This is Hal. I am ready for my first lesson.";
                            __malloc_w_miniz_def_alloc_func_l169;
                            __malloc_w_miniz_def_alloc_func_l169_0}
         (origin: Misaligned) }}
        {.total_out; .msg; .[bits 288 to 319]} ∈ {0}
        .state ∈
        {{ NULL ;
           (struct mz_internal_state *)&__malloc_w_miniz_def_alloc_func_l169_0 }}
        .zalloc ∈ {{ &miniz_def_alloc_func }}
        .zfree ∈ {{ &miniz_def_free_func }}
        {.opaque; .data_type; .adler; .reserved; .[bits 736 to 767]} ∈ {0}
  __malloc_w_miniz_def_alloc_func_l169_0[0..43791] ∈
                                        {{ garbled mix of &{"Good morning Dr. Chandra. This is Hal. I am ready for my first lesson.Good morning Dr. Chandra. This is Hal. I am ready for my first lesson.Good morning Dr. Chandra. This is Hal. I am ready for my first lesson.Good morning Dr. Chandra. This is Hal. I am ready for my first lesson.Good morning Dr. Chandra. This is Hal. I am ready for my first lesson.Good morning Dr. Chandra. This is Hal. I am ready for my first lesson.Good morning Dr. Chandra. This is Hal. I am ready for my first lesson.";
                                                            __malloc_main_l34;
                                                            __malloc_w_miniz_def_alloc_func_l169;
                                                            __malloc_w_miniz_def_alloc_func_l169_0}
                                         (origin: Misaligned) }} or UNINITIALIZED or ESCAPINGADDR
[eva:final-states] Values at end of function tdefl_calculate_minimum_redundancy:
  root ∈ [-1..286] or UNINITIALIZED
  leaf ∈ [2..2147483647] or UNINITIALIZED
  next ∈ [-2147483648..287] or UNINITIALIZED
  avbl ∈ {0} or UNINITIALIZED
  used ∈ {0} or UNINITIALIZED
  dpth ∈ [1..2147483647] or UNINITIALIZED
  syms0[0..287] ∈
       {{ garbled mix of &{in_bytes; out_bytes;
                           "Good morning Dr. Chandra. This is Hal. I am ready for my first lesson.Good morning Dr. Chandra. This is Hal. I am ready for my first lesson.Good morning Dr. Chandra. This is Hal. I am ready for my first lesson.Good morning Dr. Chandra. This is Hal. I am ready for my first lesson.Good morning Dr. Chandra. This is Hal. I am ready for my first lesson.Good morning Dr. Chandra. This is Hal. I am ready for my first lesson.Good morning Dr. Chandra. This is Hal. I am ready for my first lesson.";
                           __malloc_main_l34;
                           __malloc_w_miniz_def_alloc_func_l169;
                           __malloc_w_miniz_def_alloc_func_l169_0}
        (origin: Misaligned) }} or UNINITIALIZED
  syms1[0..287] ∈
       {{ garbled mix of &{in_bytes; out_bytes;
                           "Good morning Dr. Chandra. This is Hal. I am ready for my first lesson.Good morning Dr. Chandra. This is Hal. I am ready for my first lesson.Good morning Dr. Chandra. This is Hal. I am ready for my first lesson.Good morning Dr. Chandra. This is Hal. I am ready for my first lesson.Good morning Dr. Chandra. This is Hal. I am ready for my first lesson.Good morning Dr. Chandra. This is Hal. I am ready for my first lesson.Good morning Dr. Chandra. This is Hal. I am ready for my first lesson.";
                           __malloc_main_l34;
                           __malloc_w_miniz_def_alloc_func_l169;
                           __malloc_w_miniz_def_alloc_func_l169_0}
        (origin: Misaligned) }} or UNINITIALIZED
[eva:final-states] Values at end of function tdefl_compress_lz_codes:
  in_bytes ∈
          {{ garbled mix of &{in_bytes; out_bytes;
                              "Good morning Dr. Chandra. This is Hal. I am ready for my first lesson.Good morning Dr. Chandra. This is Hal. I am ready for my first lesson.Good morning Dr. Chandra. This is Hal. I am ready for my first lesson.Good morning Dr. Chandra. This is Hal. I am ready for my first lesson.Good morning Dr. Chandra. This is Hal. I am ready for my first lesson.Good morning Dr. Chandra. This is Hal. I am ready for my first lesson.Good morning Dr. Chandra. This is Hal. I am ready for my first lesson.";
                              __malloc_main_l34;
                              __malloc_w_miniz_def_alloc_func_l169;
                              __malloc_w_miniz_def_alloc_func_l169_0}
           (origin: Misaligned) }} or UNINITIALIZED or ESCAPINGADDR
  out_bytes ∈
           {{ garbled mix of &{in_bytes; out_bytes;
                               "Good morning Dr. Chandra. This is Hal. I am ready for my first lesson.Good morning Dr. Chandra. This is Hal. I am ready for my first lesson.Good morning Dr. Chandra. This is Hal. I am ready for my first lesson.Good morning Dr. Chandra. This is Hal. I am ready for my first lesson.Good morning Dr. Chandra. This is Hal. I am ready for my first lesson.Good morning Dr. Chandra. This is Hal. I am ready for my first lesson.Good morning Dr. Chandra. This is Hal. I am ready for my first lesson.";
                               __malloc_main_l34;
                               __malloc_w_miniz_def_alloc_func_l169;
                               __malloc_w_miniz_def_alloc_func_l169_0}
            (origin: Misaligned) }} or UNINITIALIZED or ESCAPINGADDR
  flags ∈
       {{ garbled mix of &{in_bytes; out_bytes;
                           "Good morning Dr. Chandra. This is Hal. I am ready for my first lesson.Good morning Dr. Chandra. This is Hal. I am ready for my first lesson.Good morning Dr. Chandra. This is Hal. I am ready for my first lesson.Good morning Dr. Chandra. This is Hal. I am ready for my first lesson.Good morning Dr. Chandra. This is Hal. I am ready for my first lesson.Good morning Dr. Chandra. This is Hal. I am ready for my first lesson.Good morning Dr. Chandra. This is Hal. I am ready for my first lesson.";
                           __malloc_main_l34;
                           __malloc_w_miniz_def_alloc_func_l169;
                           __malloc_w_miniz_def_alloc_func_l169_0}
        (origin: Misaligned) }}
  pLZ_codes ∈ {{ &__malloc_w_miniz_def_alloc_func_l169 + [37546..--] }}
  pOutput_buf ∈
             {{ garbled mix of &{in_bytes; out_bytes;
                                 "Good morning Dr. Chandra. This is Hal. I am ready for my first lesson.Good morning Dr. Chandra. This is Hal. I am ready for my first lesson.Good morning Dr. Chandra. This is Hal. I am ready for my first lesson.Good morning Dr. Chandra. This is Hal. I am ready for my first lesson.Good morning Dr. Chandra. This is Hal. I am ready for my first lesson.Good morning Dr. Chandra. This is Hal. I am ready for my first lesson.Good morning Dr. Chandra. This is Hal. I am ready for my first lesson.";
                                 __malloc_main_l34;
                                 __malloc_w_miniz_def_alloc_func_l169;
                                 __malloc_w_miniz_def_alloc_func_l169_0}
              (origin: Misaligned) }}
  pLZ_code_buf_end ∈
                  {{ garbled mix of &{in_bytes; out_bytes;
                                      "Good morning Dr. Chandra. This is Hal. I am ready for my first lesson.Good morning Dr. Chandra. This is Hal. I am ready for my first lesson.Good morning Dr. Chandra. This is Hal. I am ready for my first lesson.Good morning Dr. Chandra. This is Hal. I am ready for my first lesson.Good morning Dr. Chandra. This is Hal. I am ready for my first lesson.Good morning Dr. Chandra. This is Hal. I am ready for my first lesson.Good morning Dr. Chandra. This is Hal. I am ready for my first lesson.";
                                      __malloc_main_l34;
                                      __malloc_w_miniz_def_alloc_func_l169;
                                      __malloc_w_miniz_def_alloc_func_l169_0}
                   (origin: Misaligned) }}
  bit_buffer ∈
            {{ garbled mix of &{in_bytes; out_bytes;
                                "Good morning Dr. Chandra. This is Hal. I am ready for my first lesson.Good morning Dr. Chandra. This is Hal. I am ready for my first lesson.Good morning Dr. Chandra. This is Hal. I am ready for my first lesson.Good morning Dr. Chandra. This is Hal. I am ready for my first lesson.Good morning Dr. Chandra. This is Hal. I am ready for my first lesson.Good morning Dr. Chandra. This is Hal. I am ready for my first lesson.Good morning Dr. Chandra. This is Hal. I am ready for my first lesson.";
                                __malloc_main_l34;
                                __malloc_w_miniz_def_alloc_func_l169;
                                __malloc_w_miniz_def_alloc_func_l169_0}
             (origin: Misaligned) }}
  bits_in ∈
         {{ garbled mix of &{in_bytes; out_bytes;
                             "Good morning Dr. Chandra. This is Hal. I am ready for my first lesson.Good morning Dr. Chandra. This is Hal. I am ready for my first lesson.Good morning Dr. Chandra. This is Hal. I am ready for my first lesson.Good morning Dr. Chandra. This is Hal. I am ready for my first lesson.Good morning Dr. Chandra. This is Hal. I am ready for my first lesson.Good morning Dr. Chandra. This is Hal. I am ready for my first lesson.Good morning Dr. Chandra. This is Hal. I am ready for my first lesson.";
                             __malloc_main_l34;
                             __malloc_w_miniz_def_alloc_func_l169;
                             __malloc_w_miniz_def_alloc_func_l169_0}
          (origin: Misaligned) }}
  __retres ∈ {0; 1}
  __malloc_main_l34[0..18446744073709551615] ∈
                   {{ garbled mix of &{in_bytes; out_bytes;
                                       "Good morning Dr. Chandra. This is Hal. I am ready for my first lesson.Good morning Dr. Chandra. This is Hal. I am ready for my first lesson.Good morning Dr. Chandra. This is Hal. I am ready for my first lesson.Good morning Dr. Chandra. This is Hal. I am ready for my first lesson.Good morning Dr. Chandra. This is Hal. I am ready for my first lesson.Good morning Dr. Chandra. This is Hal. I am ready for my first lesson.Good morning Dr. Chandra. This is Hal. I am ready for my first lesson.";
                                       __malloc_main_l34;
                                       __malloc_w_miniz_def_alloc_func_l169;
                                       __malloc_w_miniz_def_alloc_func_l169_0}
                    (origin: Misaligned) }} or UNINITIALIZED or ESCAPINGADDR
  __malloc_w_miniz_def_alloc_func_l169[0..319351] ∈
                                      {{ garbled mix of &{in_bytes;
                                                          out_bytes;
                                                          "Good morning Dr. Chandra. This is Hal. I am ready for my first lesson.Good morning Dr. Chandra. This is Hal. I am ready for my first lesson.Good morning Dr. Chandra. This is Hal. I am ready for my first lesson.Good morning Dr. Chandra. This is Hal. I am ready for my first lesson.Good morning Dr. Chandra. This is Hal. I am ready for my first lesson.Good morning Dr. Chandra. This is Hal. I am ready for my first lesson.Good morning Dr. Chandra. This is Hal. I am ready for my first lesson.";
                                                          __malloc_main_l34;
                                                          __malloc_w_miniz_def_alloc_func_l169;
                                                          __malloc_w_miniz_def_alloc_func_l169_0}
                                       (origin: Misaligned) }} or UNINITIALIZED or ESCAPINGADDR
  __malloc_w_miniz_def_alloc_func_l169_0[0..43791] ∈
                                        {{ garbled mix of &{in_bytes;
                                                            out_bytes;
                                                            "Good morning Dr. Chandra. This is Hal. I am ready for my first lesson.Good morning Dr. Chandra. This is Hal. I am ready for my first lesson.Good morning Dr. Chandra. This is Hal. I am ready for my first lesson.Good morning Dr. Chandra. This is Hal. I am ready for my first lesson.Good morning Dr. Chandra. This is Hal. I am ready for my first lesson.Good morning Dr. Chandra. This is Hal. I am ready for my first lesson.Good morning Dr. Chandra. This is Hal. I am ready for my first lesson.";
                                                            __malloc_main_l34;
                                                            __malloc_w_miniz_def_alloc_func_l169;
                                                            __malloc_w_miniz_def_alloc_func_l169_0}
                                         (origin: Misaligned) }} or UNINITIALIZED or ESCAPINGADDR
[eva:final-states] 
  Values at end of function tdefl_create_comp_flags_from_zip_params:
  comp_flags ∈ {20608}
  __retres ∈ {20608}
[eva:final-states] Values at end of function tdefl_find_match:
  dist ∈
      {{ garbled mix of &{in_bytes; out_bytes;
                          "Good morning Dr. Chandra. This is Hal. I am ready for my first lesson.Good morning Dr. Chandra. This is Hal. I am ready for my first lesson.Good morning Dr. Chandra. This is Hal. I am ready for my first lesson.Good morning Dr. Chandra. This is Hal. I am ready for my first lesson.Good morning Dr. Chandra. This is Hal. I am ready for my first lesson.Good morning Dr. Chandra. This is Hal. I am ready for my first lesson.Good morning Dr. Chandra. This is Hal. I am ready for my first lesson.";
                          __malloc_main_l34;
                          __malloc_w_miniz_def_alloc_func_l169;
                          __malloc_w_miniz_def_alloc_func_l169_0}
       (origin: Misaligned) }} or UNINITIALIZED
  pos ∈
     {{ garbled mix of &{in_bytes; out_bytes;
                         "Good morning Dr. Chandra. This is Hal. I am ready for my first lesson.Good morning Dr. Chandra. This is Hal. I am ready for my first lesson.Good morning Dr. Chandra. This is Hal. I am ready for my first lesson.Good morning Dr. Chandra. This is Hal. I am ready for my first lesson.Good morning Dr. Chandra. This is Hal. I am ready for my first lesson.Good morning Dr. Chandra. This is Hal. I am ready for my first lesson.Good morning Dr. Chandra. This is Hal. I am ready for my first lesson.";
                         __malloc_main_l34;
                         __malloc_w_miniz_def_alloc_func_l169;
                         __malloc_w_miniz_def_alloc_func_l169_0}
      (origin: Misaligned) }}
  match_len ∈
           {{ garbled mix of &{in_bytes; out_bytes;
                               "Good morning Dr. Chandra. This is Hal. I am ready for my first lesson.Good morning Dr. Chandra. This is Hal. I am ready for my first lesson.Good morning Dr. Chandra. This is Hal. I am ready for my first lesson.Good morning Dr. Chandra. This is Hal. I am ready for my first lesson.Good morning Dr. Chandra. This is Hal. I am ready for my first lesson.Good morning Dr. Chandra. This is Hal. I am ready for my first lesson.Good morning Dr. Chandra. This is Hal. I am ready for my first lesson.";
                               __malloc_main_l34;
                               __malloc_w_miniz_def_alloc_func_l169;
                               __malloc_w_miniz_def_alloc_func_l169_0}
            (origin: Misaligned) }}
  probe_pos ∈
           {{ garbled mix of &{in_bytes; out_bytes;
                               "Good morning Dr. Chandra. This is Hal. I am ready for my first lesson.Good morning Dr. Chandra. This is Hal. I am ready for my first lesson.Good morning Dr. Chandra. This is Hal. I am ready for my first lesson.Good morning Dr. Chandra. This is Hal. I am ready for my first lesson.Good morning Dr. Chandra. This is Hal. I am ready for my first lesson.Good morning Dr. Chandra. This is Hal. I am ready for my first lesson.Good morning Dr. Chandra. This is Hal. I am ready for my first lesson.";
                               __malloc_main_l34;
                               __malloc_w_miniz_def_alloc_func_l169;
                               __malloc_w_miniz_def_alloc_func_l169_0}
            (origin: Misaligned) }}
  next_probe_pos ∈
                {{ garbled mix of &{in_bytes; out_bytes;
                                    "Good morning Dr. Chandra. This is Hal. I am ready for my first lesson.Good morning Dr. Chandra. This is Hal. I am ready for my first lesson.Good morning Dr. Chandra. This is Hal. I am ready for my first lesson.Good morning Dr. Chandra. This is Hal. I am ready for my first lesson.Good morning Dr. Chandra. This is Hal. I am ready for my first lesson.Good morning Dr. Chandra. This is Hal. I am ready for my first lesson.Good morning Dr. Chandra. This is Hal. I am ready for my first lesson.";
                                    __malloc_main_l34;
                                    __malloc_w_miniz_def_alloc_func_l169;
                                    __malloc_w_miniz_def_alloc_func_l169_0}
                 (origin: Misaligned) }} or UNINITIALIZED
  probe_len ∈
           {{ garbled mix of &{in_bytes; out_bytes;
                               "Good morning Dr. Chandra. This is Hal. I am ready for my first lesson.Good morning Dr. Chandra. This is Hal. I am ready for my first lesson.Good morning Dr. Chandra. This is Hal. I am ready for my first lesson.Good morning Dr. Chandra. This is Hal. I am ready for my first lesson.Good morning Dr. Chandra. This is Hal. I am ready for my first lesson.Good morning Dr. Chandra. This is Hal. I am ready for my first lesson.Good morning Dr. Chandra. This is Hal. I am ready for my first lesson.";
                               __malloc_main_l34;
                               __malloc_w_miniz_def_alloc_func_l169;
                               __malloc_w_miniz_def_alloc_func_l169_0}
            (origin: Misaligned) }} or UNINITIALIZED
  num_probes_left ∈
                 {{ garbled mix of &{in_bytes; out_bytes;
                                     "Good morning Dr. Chandra. This is Hal. I am ready for my first lesson.Good morning Dr. Chandra. This is Hal. I am ready for my first lesson.Good morning Dr. Chandra. This is Hal. I am ready for my first lesson.Good morning Dr. Chandra. This is Hal. I am ready for my first lesson.Good morning Dr. Chandra. This is Hal. I am ready for my first lesson.Good morning Dr. Chandra. This is Hal. I am ready for my first lesson.Good morning Dr. Chandra. This is Hal. I am ready for my first lesson.";
                                     __malloc_main_l34;
                                     __malloc_w_miniz_def_alloc_func_l169;
                                     __malloc_w_miniz_def_alloc_func_l169_0}
                  (origin: Misaligned) }}
  s ∈
   {{ garbled mix of &{in_bytes; out_bytes;
                       "Good morning Dr. Chandra. This is Hal. I am ready for my first lesson.Good morning Dr. Chandra. This is Hal. I am ready for my first lesson.Good morning Dr. Chandra. This is Hal. I am ready for my first lesson.Good morning Dr. Chandra. This is Hal. I am ready for my first lesson.Good morning Dr. Chandra. This is Hal. I am ready for my first lesson.Good morning Dr. Chandra. This is Hal. I am ready for my first lesson.Good morning Dr. Chandra. This is Hal. I am ready for my first lesson.";
                       __malloc_main_l34;
                       __malloc_w_miniz_def_alloc_func_l169;
                       __malloc_w_miniz_def_alloc_func_l169_0}
    (origin: Misaligned) }}
  p ∈
   {{ garbled mix of &{in_bytes; out_bytes;
                       "Good morning Dr. Chandra. This is Hal. I am ready for my first lesson.Good morning Dr. Chandra. This is Hal. I am ready for my first lesson.Good morning Dr. Chandra. This is Hal. I am ready for my first lesson.Good morning Dr. Chandra. This is Hal. I am ready for my first lesson.Good morning Dr. Chandra. This is Hal. I am ready for my first lesson.Good morning Dr. Chandra. This is Hal. I am ready for my first lesson.Good morning Dr. Chandra. This is Hal. I am ready for my first lesson.";
                       __malloc_main_l34;
                       __malloc_w_miniz_def_alloc_func_l169;
                       __malloc_w_miniz_def_alloc_func_l169_0}
    (origin: Misaligned) }} or UNINITIALIZED
  q ∈
   {{ garbled mix of &{in_bytes; out_bytes;
                       "Good morning Dr. Chandra. This is Hal. I am ready for my first lesson.Good morning Dr. Chandra. This is Hal. I am ready for my first lesson.Good morning Dr. Chandra. This is Hal. I am ready for my first lesson.Good morning Dr. Chandra. This is Hal. I am ready for my first lesson.Good morning Dr. Chandra. This is Hal. I am ready for my first lesson.Good morning Dr. Chandra. This is Hal. I am ready for my first lesson.Good morning Dr. Chandra. This is Hal. I am ready for my first lesson.";
                       __malloc_main_l34;
                       __malloc_w_miniz_def_alloc_func_l169;
                       __malloc_w_miniz_def_alloc_func_l169_0}
    (origin: Misaligned) }} or UNINITIALIZED
  c01 ∈
     {{ garbled mix of &{in_bytes; out_bytes;
                         "Good morning Dr. Chandra. This is Hal. I am ready for my first lesson.Good morning Dr. Chandra. This is Hal. I am ready for my first lesson.Good morning Dr. Chandra. This is Hal. I am ready for my first lesson.Good morning Dr. Chandra. This is Hal. I am ready for my first lesson.Good morning Dr. Chandra. This is Hal. I am ready for my first lesson.Good morning Dr. Chandra. This is Hal. I am ready for my first lesson.Good morning Dr. Chandra. This is Hal. I am ready for my first lesson.";
                         __malloc_main_l34;
                         __malloc_w_miniz_def_alloc_func_l169;
                         __malloc_w_miniz_def_alloc_func_l169_0}
      (origin: Misaligned) }}
  s01 ∈
     {{ garbled mix of &{in_bytes; out_bytes;
                         "Good morning Dr. Chandra. This is Hal. I am ready for my first lesson.Good morning Dr. Chandra. This is Hal. I am ready for my first lesson.Good morning Dr. Chandra. This is Hal. I am ready for my first lesson.Good morning Dr. Chandra. This is Hal. I am ready for my first lesson.Good morning Dr. Chandra. This is Hal. I am ready for my first lesson.Good morning Dr. Chandra. This is Hal. I am ready for my first lesson.Good morning Dr. Chandra. This is Hal. I am ready for my first lesson.";
                         __malloc_main_l34;
                         __malloc_w_miniz_def_alloc_func_l169;
                         __malloc_w_miniz_def_alloc_func_l169_0}
      (origin: Misaligned) }}
  cur_match_dist ∈
                {{ garbled mix of &{in_bytes; out_bytes;
                                    "Good morning Dr. Chandra. This is Hal. I am ready for my first lesson.Good morning Dr. Chandra. This is Hal. I am ready for my first lesson.Good morning Dr. Chandra. This is Hal. I am ready for my first lesson.Good morning Dr. Chandra. This is Hal. I am ready for my first lesson.Good morning Dr. Chandra. This is Hal. I am ready for my first lesson.Good morning Dr. Chandra. This is Hal. I am ready for my first lesson.Good morning Dr. Chandra. This is Hal. I am ready for my first lesson.";
                                    __malloc_main_l34;
                                    __malloc_w_miniz_def_alloc_func_l169;
                                    __malloc_w_miniz_def_alloc_func_l169_0}
                 (origin: Misaligned) }}
  cur_match_len ∈
               {{ garbled mix of &{in_bytes; out_bytes;
                                   "Good morning Dr. Chandra. This is Hal. I am ready for my first lesson.Good morning Dr. Chandra. This is Hal. I am ready for my first lesson.Good morning Dr. Chandra. This is Hal. I am ready for my first lesson.Good morning Dr. Chandra. This is Hal. I am ready for my first lesson.Good morning Dr. Chandra. This is Hal. I am ready for my first lesson.Good morning Dr. Chandra. This is Hal. I am ready for my first lesson.Good morning Dr. Chandra. This is Hal. I am ready for my first lesson.";
                                   __malloc_main_l34;
                                   __malloc_w_miniz_def_alloc_func_l169;
                                   __malloc_w_miniz_def_alloc_func_l169_0}
                (origin: Misaligned) }}
[eva:final-states] Values at end of function tdefl_flush_output_buffer:
  in_bytes ∈
          {{ garbled mix of &{in_bytes; out_bytes;
                              "Good morning Dr. Chandra. This is Hal. I am ready for my first lesson.Good morning Dr. Chandra. This is Hal. I am ready for my first lesson.Good morning Dr. Chandra. This is Hal. I am ready for my first lesson.Good morning Dr. Chandra. This is Hal. I am ready for my first lesson.Good morning Dr. Chandra. This is Hal. I am ready for my first lesson.Good morning Dr. Chandra. This is Hal. I am ready for my first lesson.Good morning Dr. Chandra. This is Hal. I am ready for my first lesson.";
                              __malloc_main_l34;
                              __malloc_w_miniz_def_alloc_func_l169;
                              __malloc_w_miniz_def_alloc_func_l169_0}
           (origin: Misaligned) }} or UNINITIALIZED or ESCAPINGADDR
  out_bytes ∈
           {{ garbled mix of &{in_bytes; out_bytes;
                               "Good morning Dr. Chandra. This is Hal. I am ready for my first lesson.Good morning Dr. Chandra. This is Hal. I am ready for my first lesson.Good morning Dr. Chandra. This is Hal. I am ready for my first lesson.Good morning Dr. Chandra. This is Hal. I am ready for my first lesson.Good morning Dr. Chandra. This is Hal. I am ready for my first lesson.Good morning Dr. Chandra. This is Hal. I am ready for my first lesson.Good morning Dr. Chandra. This is Hal. I am ready for my first lesson.";
                               __malloc_main_l34;
                               __malloc_w_miniz_def_alloc_func_l169;
                               __malloc_w_miniz_def_alloc_func_l169_0}
            (origin: Misaligned) }} or UNINITIALIZED or ESCAPINGADDR
  __malloc_main_l34[0..18446744073709551615] ∈
                   {{ garbled mix of &{in_bytes; out_bytes;
                                       "Good morning Dr. Chandra. This is Hal. I am ready for my first lesson.Good morning Dr. Chandra. This is Hal. I am ready for my first lesson.Good morning Dr. Chandra. This is Hal. I am ready for my first lesson.Good morning Dr. Chandra. This is Hal. I am ready for my first lesson.Good morning Dr. Chandra. This is Hal. I am ready for my first lesson.Good morning Dr. Chandra. This is Hal. I am ready for my first lesson.Good morning Dr. Chandra. This is Hal. I am ready for my first lesson.";
                                       __malloc_main_l34;
                                       __malloc_w_miniz_def_alloc_func_l169;
                                       __malloc_w_miniz_def_alloc_func_l169_0}
                    (origin: Misaligned) }} or UNINITIALIZED or ESCAPINGADDR
  __malloc_w_miniz_def_alloc_func_l169[0..319351] ∈
                                      {{ garbled mix of &{in_bytes;
                                                          out_bytes;
                                                          "Good morning Dr. Chandra. This is Hal. I am ready for my first lesson.Good morning Dr. Chandra. This is Hal. I am ready for my first lesson.Good morning Dr. Chandra. This is Hal. I am ready for my first lesson.Good morning Dr. Chandra. This is Hal. I am ready for my first lesson.Good morning Dr. Chandra. This is Hal. I am ready for my first lesson.Good morning Dr. Chandra. This is Hal. I am ready for my first lesson.Good morning Dr. Chandra. This is Hal. I am ready for my first lesson.";
                                                          __malloc_main_l34;
                                                          __malloc_w_miniz_def_alloc_func_l169;
                                                          __malloc_w_miniz_def_alloc_func_l169_0}
                                       (origin: Misaligned) }} or UNINITIALIZED or ESCAPINGADDR
  __malloc_w_miniz_def_alloc_func_l169_0[0..43791] ∈
                                        {{ garbled mix of &{in_bytes;
                                                            out_bytes;
                                                            "Good morning Dr. Chandra. This is Hal. I am ready for my first lesson.Good morning Dr. Chandra. This is Hal. I am ready for my first lesson.Good morning Dr. Chandra. This is Hal. I am ready for my first lesson.Good morning Dr. Chandra. This is Hal. I am ready for my first lesson.Good morning Dr. Chandra. This is Hal. I am ready for my first lesson.Good morning Dr. Chandra. This is Hal. I am ready for my first lesson.Good morning Dr. Chandra. This is Hal. I am ready for my first lesson.";
                                                            __malloc_main_l34;
                                                            __malloc_w_miniz_def_alloc_func_l169;
                                                            __malloc_w_miniz_def_alloc_func_l169_0}
                                         (origin: Misaligned) }} or UNINITIALIZED or ESCAPINGADDR
[eva:final-states] Values at end of function tdefl_get_adler32:
  __retres ∈
          {{ garbled mix of &{in_bytes; out_bytes;
                              "Good morning Dr. Chandra. This is Hal. I am ready for my first lesson.Good morning Dr. Chandra. This is Hal. I am ready for my first lesson.Good morning Dr. Chandra. This is Hal. I am ready for my first lesson.Good morning Dr. Chandra. This is Hal. I am ready for my first lesson.Good morning Dr. Chandra. This is Hal. I am ready for my first lesson.Good morning Dr. Chandra. This is Hal. I am ready for my first lesson.Good morning Dr. Chandra. This is Hal. I am ready for my first lesson.";
                              __malloc_main_l34;
                              __malloc_w_miniz_def_alloc_func_l169;
                              __malloc_w_miniz_def_alloc_func_l169_0}
           (origin: Misaligned) }}
[eva:final-states] 
  Values at end of function tdefl_huffman_enforce_max_code_size:
  i ∈ [0..14] or UNINITIALIZED
  total ∈
       {{ garbled mix of &{in_bytes; out_bytes;
                           "Good morning Dr. Chandra. This is Hal. I am ready for my first lesson.Good morning Dr. Chandra. This is Hal. I am ready for my first lesson.Good morning Dr. Chandra. This is Hal. I am ready for my first lesson.Good morning Dr. Chandra. This is Hal. I am ready for my first lesson.Good morning Dr. Chandra. This is Hal. I am ready for my first lesson.Good morning Dr. Chandra. This is Hal. I am ready for my first lesson.Good morning Dr. Chandra. This is Hal. I am ready for my first lesson.";
                           __malloc_main_l34;
                           __malloc_w_miniz_def_alloc_func_l169;
                           __malloc_w_miniz_def_alloc_func_l169_0}
        (origin: Misaligned) }}
  num_codes[0..32] ∈
           {{ garbled mix of &{in_bytes; out_bytes;
                               "Good morning Dr. Chandra. This is Hal. I am ready for my first lesson.Good morning Dr. Chandra. This is Hal. I am ready for my first lesson.Good morning Dr. Chandra. This is Hal. I am ready for my first lesson.Good morning Dr. Chandra. This is Hal. I am ready for my first lesson.Good morning Dr. Chandra. This is Hal. I am ready for my first lesson.Good morning Dr. Chandra. This is Hal. I am ready for my first lesson.Good morning Dr. Chandra. This is Hal. I am ready for my first lesson.";
                               __malloc_main_l34;
                               __malloc_w_miniz_def_alloc_func_l169;
                               __malloc_w_miniz_def_alloc_func_l169_0}
            (origin: Misaligned) }}
[eva:final-states] Values at end of function tdefl_init:
  __retres ∈ {TDEFL_STATUS_OKAY}
  __malloc_w_miniz_def_alloc_func_l169[0..319351] ∈
                                      {{ garbled mix of &{"Good morning Dr. Chandra. This is Hal. I am ready for my first lesson.Good morning Dr. Chandra. This is Hal. I am ready for my first lesson.Good morning Dr. Chandra. This is Hal. I am ready for my first lesson.Good morning Dr. Chandra. This is Hal. I am ready for my first lesson.Good morning Dr. Chandra. This is Hal. I am ready for my first lesson.Good morning Dr. Chandra. This is Hal. I am ready for my first lesson.Good morning Dr. Chandra. This is Hal. I am ready for my first lesson.";
                                                          __malloc_w_miniz_def_alloc_func_l169;
                                                          __malloc_w_miniz_def_alloc_func_l169_0}
                                       (origin: Misaligned) }} or UNINITIALIZED or ESCAPINGADDR
  __malloc_w_miniz_def_alloc_func_l169_0[0..43791] ∈
                                        {{ garbled mix of &{"Good morning Dr. Chandra. This is Hal. I am ready for my first lesson.Good morning Dr. Chandra. This is Hal. I am ready for my first lesson.Good morning Dr. Chandra. This is Hal. I am ready for my first lesson.Good morning Dr. Chandra. This is Hal. I am ready for my first lesson.Good morning Dr. Chandra. This is Hal. I am ready for my first lesson.Good morning Dr. Chandra. This is Hal. I am ready for my first lesson.Good morning Dr. Chandra. This is Hal. I am ready for my first lesson.";
                                                            __malloc_w_miniz_def_alloc_func_l169;
                                                            __malloc_w_miniz_def_alloc_func_l169_0}
                                         (origin: Misaligned) }} or UNINITIALIZED or ESCAPINGADDR
[eva:final-states] Values at end of function mz_deflateInit2:
  __fc_heap_status ∈ [--..--]
  pComp ∈
       {{ NULL ; (tdefl_compressor *)&__malloc_w_miniz_def_alloc_func_l169 }}
  comp_flags ∈ {28800}
  stream.next_in ∈
        {{ "Good morning Dr. Chandra. This is Hal. I am ready for my first lesson.Good morning Dr. Chandra. This is Hal. I am ready for my first lesson.Good morning Dr. Chandra. This is Hal. I am ready for my first lesson.Good morning Dr. Chandra. This is Hal. I am ready for my first lesson.Good morning Dr. Chandra. This is Hal. I am ready for my first lesson.Good morning Dr. Chandra. This is Hal. I am ready for my first lesson.Good morning Dr. Chandra. This is Hal. I am ready for my first lesson." }}
        .avail_in ∈ {490}
        {.total_in; .[bits 96 to 127]} ∈ {0}
        .next_out ∈ {{ &__malloc_main_l34[0] }}
        .avail_out ∈
        {{ garbled mix of &{"Good morning Dr. Chandra. This is Hal. I am ready for my first lesson.Good morning Dr. Chandra. This is Hal. I am ready for my first lesson.Good morning Dr. Chandra. This is Hal. I am ready for my first lesson.Good morning Dr. Chandra. This is Hal. I am ready for my first lesson.Good morning Dr. Chandra. This is Hal. I am ready for my first lesson.Good morning Dr. Chandra. This is Hal. I am ready for my first lesson.Good morning Dr. Chandra. This is Hal. I am ready for my first lesson.";
                            __malloc_w_miniz_def_alloc_func_l169;
                            __malloc_w_miniz_def_alloc_func_l169_0}
         (origin: Misaligned) }}
        {.total_out; .msg; .[bits 288 to 319]} ∈ {0}
        .state ∈
        {{ NULL ;
           (struct mz_internal_state *)&__malloc_w_miniz_def_alloc_func_l169 }}
        .zalloc ∈ {{ &miniz_def_alloc_func }}
        .zfree ∈ {{ &miniz_def_free_func }}
        {.opaque; .data_type; .[bits 736 to 767]} ∈ {0}
        .adler ∈ {1}
        .reserved ∈ {0}
  __retres ∈ {-4; 0}
  __malloc_w_miniz_def_alloc_func_l169[0..319351] ∈
                                      {{ garbled mix of &{"Good morning Dr. Chandra. This is Hal. I am ready for my first lesson.Good morning Dr. Chandra. This is Hal. I am ready for my first lesson.Good morning Dr. Chandra. This is Hal. I am ready for my first lesson.Good morning Dr. Chandra. This is Hal. I am ready for my first lesson.Good morning Dr. Chandra. This is Hal. I am ready for my first lesson.Good morning Dr. Chandra. This is Hal. I am ready for my first lesson.Good morning Dr. Chandra. This is Hal. I am ready for my first lesson.";
                                                          __malloc_w_miniz_def_alloc_func_l169;
                                                          __malloc_w_miniz_def_alloc_func_l169_0}
                                       (origin: Misaligned) }} or UNINITIALIZED or ESCAPINGADDR
  __malloc_w_miniz_def_alloc_func_l169_0[0..43791] ∈
                                        {{ garbled mix of &{"Good morning Dr. Chandra. This is Hal. I am ready for my first lesson.Good morning Dr. Chandra. This is Hal. I am ready for my first lesson.Good morning Dr. Chandra. This is Hal. I am ready for my first lesson.Good morning Dr. Chandra. This is Hal. I am ready for my first lesson.Good morning Dr. Chandra. This is Hal. I am ready for my first lesson.Good morning Dr. Chandra. This is Hal. I am ready for my first lesson.Good morning Dr. Chandra. This is Hal. I am ready for my first lesson.";
                                                            __malloc_w_miniz_def_alloc_func_l169;
                                                            __malloc_w_miniz_def_alloc_func_l169_0}
                                         (origin: Misaligned) }} or UNINITIALIZED or ESCAPINGADDR
[eva:final-states] Values at end of function mz_deflateInit:
  __fc_heap_status ∈ [--..--]
  stream.next_in ∈
        {{ "Good morning Dr. Chandra. This is Hal. I am ready for my first lesson.Good morning Dr. Chandra. This is Hal. I am ready for my first lesson.Good morning Dr. Chandra. This is Hal. I am ready for my first lesson.Good morning Dr. Chandra. This is Hal. I am ready for my first lesson.Good morning Dr. Chandra. This is Hal. I am ready for my first lesson.Good morning Dr. Chandra. This is Hal. I am ready for my first lesson.Good morning Dr. Chandra. This is Hal. I am ready for my first lesson." }}
        .avail_in ∈ {490}
        {.total_in; .[bits 96 to 127]} ∈ {0}
        .next_out ∈ {{ &__malloc_main_l34[0] }}
        .avail_out ∈
        {{ garbled mix of &{"Good morning Dr. Chandra. This is Hal. I am ready for my first lesson.Good morning Dr. Chandra. This is Hal. I am ready for my first lesson.Good morning Dr. Chandra. This is Hal. I am ready for my first lesson.Good morning Dr. Chandra. This is Hal. I am ready for my first lesson.Good morning Dr. Chandra. This is Hal. I am ready for my first lesson.Good morning Dr. Chandra. This is Hal. I am ready for my first lesson.Good morning Dr. Chandra. This is Hal. I am ready for my first lesson.";
                            __malloc_w_miniz_def_alloc_func_l169;
                            __malloc_w_miniz_def_alloc_func_l169_0}
         (origin: Misaligned) }}
        {.total_out; .msg; .[bits 288 to 319]} ∈ {0}
        .state ∈
        {{ NULL ;
           (struct mz_internal_state *)&__malloc_w_miniz_def_alloc_func_l169 }}
        .zalloc ∈ {{ &miniz_def_alloc_func }}
        .zfree ∈ {{ &miniz_def_free_func }}
        {.opaque; .data_type; .[bits 736 to 767]} ∈ {0}
        .adler ∈ {1}
        .reserved ∈ {0}
  __malloc_w_miniz_def_alloc_func_l169[0..319351] ∈
                                      {{ garbled mix of &{"Good morning Dr. Chandra. This is Hal. I am ready for my first lesson.Good morning Dr. Chandra. This is Hal. I am ready for my first lesson.Good morning Dr. Chandra. This is Hal. I am ready for my first lesson.Good morning Dr. Chandra. This is Hal. I am ready for my first lesson.Good morning Dr. Chandra. This is Hal. I am ready for my first lesson.Good morning Dr. Chandra. This is Hal. I am ready for my first lesson.Good morning Dr. Chandra. This is Hal. I am ready for my first lesson.";
                                                          __malloc_w_miniz_def_alloc_func_l169;
                                                          __malloc_w_miniz_def_alloc_func_l169_0}
                                       (origin: Misaligned) }} or UNINITIALIZED or ESCAPINGADDR
  __malloc_w_miniz_def_alloc_func_l169_0[0..43791] ∈
                                        {{ garbled mix of &{"Good morning Dr. Chandra. This is Hal. I am ready for my first lesson.Good morning Dr. Chandra. This is Hal. I am ready for my first lesson.Good morning Dr. Chandra. This is Hal. I am ready for my first lesson.Good morning Dr. Chandra. This is Hal. I am ready for my first lesson.Good morning Dr. Chandra. This is Hal. I am ready for my first lesson.Good morning Dr. Chandra. This is Hal. I am ready for my first lesson.Good morning Dr. Chandra. This is Hal. I am ready for my first lesson.";
                                                            __malloc_w_miniz_def_alloc_func_l169;
                                                            __malloc_w_miniz_def_alloc_func_l169_0}
                                         (origin: Misaligned) }} or UNINITIALIZED or ESCAPINGADDR
[eva:final-states] Values at end of function tdefl_radix_sort_syms:
  in_bytes ∈
          {{ garbled mix of &{in_bytes; out_bytes;
                              "Good morning Dr. Chandra. This is Hal. I am ready for my first lesson.Good morning Dr. Chandra. This is Hal. I am ready for my first lesson.Good morning Dr. Chandra. This is Hal. I am ready for my first lesson.Good morning Dr. Chandra. This is Hal. I am ready for my first lesson.Good morning Dr. Chandra. This is Hal. I am ready for my first lesson.Good morning Dr. Chandra. This is Hal. I am ready for my first lesson.Good morning Dr. Chandra. This is Hal. I am ready for my first lesson.";
                              __malloc_main_l34;
                              __malloc_w_miniz_def_alloc_func_l169;
                              __malloc_w_miniz_def_alloc_func_l169_0}
           (origin: Misaligned) }} or UNINITIALIZED or ESCAPINGADDR
  out_bytes ∈
           {{ garbled mix of &{in_bytes; out_bytes;
                               "Good morning Dr. Chandra. This is Hal. I am ready for my first lesson.Good morning Dr. Chandra. This is Hal. I am ready for my first lesson.Good morning Dr. Chandra. This is Hal. I am ready for my first lesson.Good morning Dr. Chandra. This is Hal. I am ready for my first lesson.Good morning Dr. Chandra. This is Hal. I am ready for my first lesson.Good morning Dr. Chandra. This is Hal. I am ready for my first lesson.Good morning Dr. Chandra. This is Hal. I am ready for my first lesson.";
                               __malloc_main_l34;
                               __malloc_w_miniz_def_alloc_func_l169;
                               __malloc_w_miniz_def_alloc_func_l169_0}
            (origin: Misaligned) }} or UNINITIALIZED or ESCAPINGADDR
  total_passes ∈ {1; 2}
  pass_shift ∈ {8; 16}
  pass ∈ {1; 2}
  i ∈ [0..2147483647]
  hist[0..511] ∈
      {{ garbled mix of &{in_bytes; out_bytes;
                          "Good morning Dr. Chandra. This is Hal. I am ready for my first lesson.Good morning Dr. Chandra. This is Hal. I am ready for my first lesson.Good morning Dr. Chandra. This is Hal. I am ready for my first lesson.Good morning Dr. Chandra. This is Hal. I am ready for my first lesson.Good morning Dr. Chandra. This is Hal. I am ready for my first lesson.Good morning Dr. Chandra. This is Hal. I am ready for my first lesson.Good morning Dr. Chandra. This is Hal. I am ready for my first lesson.";
                          __malloc_main_l34;
                          __malloc_w_miniz_def_alloc_func_l169;
                          __malloc_w_miniz_def_alloc_func_l169_0}
       (origin: Misaligned) }}
  pCur_syms ∈ {{ &syms0[0] ; &syms1[0] }}
  pNew_syms ∈ {{ &syms0[0] ; &syms1[0] }}
  syms0[0..287] ∈
       {{ garbled mix of &{in_bytes; out_bytes;
                           "Good morning Dr. Chandra. This is Hal. I am ready for my first lesson.Good morning Dr. Chandra. This is Hal. I am ready for my first lesson.Good morning Dr. Chandra. This is Hal. I am ready for my first lesson.Good morning Dr. Chandra. This is Hal. I am ready for my first lesson.Good morning Dr. Chandra. This is Hal. I am ready for my first lesson.Good morning Dr. Chandra. This is Hal. I am ready for my first lesson.Good morning Dr. Chandra. This is Hal. I am ready for my first lesson.";
                           __malloc_main_l34;
                           __malloc_w_miniz_def_alloc_func_l169;
                           __malloc_w_miniz_def_alloc_func_l169_0}
        (origin: Misaligned) }} or UNINITIALIZED
  syms1[0..287] ∈
       {{ garbled mix of &{in_bytes; out_bytes;
                           "Good morning Dr. Chandra. This is Hal. I am ready for my first lesson.Good morning Dr. Chandra. This is Hal. I am ready for my first lesson.Good morning Dr. Chandra. This is Hal. I am ready for my first lesson.Good morning Dr. Chandra. This is Hal. I am ready for my first lesson.Good morning Dr. Chandra. This is Hal. I am ready for my first lesson.Good morning Dr. Chandra. This is Hal. I am ready for my first lesson.Good morning Dr. Chandra. This is Hal. I am ready for my first lesson.";
                           __malloc_main_l34;
                           __malloc_w_miniz_def_alloc_func_l169;
                           __malloc_w_miniz_def_alloc_func_l169_0}
        (origin: Misaligned) }} or UNINITIALIZED
  __malloc_main_l34[0..18446744073709551615] ∈
                   {{ garbled mix of &{in_bytes; out_bytes;
                                       "Good morning Dr. Chandra. This is Hal. I am ready for my first lesson.Good morning Dr. Chandra. This is Hal. I am ready for my first lesson.Good morning Dr. Chandra. This is Hal. I am ready for my first lesson.Good morning Dr. Chandra. This is Hal. I am ready for my first lesson.Good morning Dr. Chandra. This is Hal. I am ready for my first lesson.Good morning Dr. Chandra. This is Hal. I am ready for my first lesson.Good morning Dr. Chandra. This is Hal. I am ready for my first lesson.";
                                       __malloc_main_l34;
                                       __malloc_w_miniz_def_alloc_func_l169;
                                       __malloc_w_miniz_def_alloc_func_l169_0}
                    (origin: Misaligned) }} or UNINITIALIZED or ESCAPINGADDR
  __malloc_w_miniz_def_alloc_func_l169[0..319351] ∈
                                      {{ garbled mix of &{in_bytes;
                                                          out_bytes;
                                                          "Good morning Dr. Chandra. This is Hal. I am ready for my first lesson.Good morning Dr. Chandra. This is Hal. I am ready for my first lesson.Good morning Dr. Chandra. This is Hal. I am ready for my first lesson.Good morning Dr. Chandra. This is Hal. I am ready for my first lesson.Good morning Dr. Chandra. This is Hal. I am ready for my first lesson.Good morning Dr. Chandra. This is Hal. I am ready for my first lesson.Good morning Dr. Chandra. This is Hal. I am ready for my first lesson.";
                                                          __malloc_main_l34;
                                                          __malloc_w_miniz_def_alloc_func_l169;
                                                          __malloc_w_miniz_def_alloc_func_l169_0}
                                       (origin: Misaligned) }} or UNINITIALIZED or ESCAPINGADDR
  __malloc_w_miniz_def_alloc_func_l169_0[0..43791] ∈
                                        {{ garbled mix of &{in_bytes;
                                                            out_bytes;
                                                            "Good morning Dr. Chandra. This is Hal. I am ready for my first lesson.Good morning Dr. Chandra. This is Hal. I am ready for my first lesson.Good morning Dr. Chandra. This is Hal. I am ready for my first lesson.Good morning Dr. Chandra. This is Hal. I am ready for my first lesson.Good morning Dr. Chandra. This is Hal. I am ready for my first lesson.Good morning Dr. Chandra. This is Hal. I am ready for my first lesson.Good morning Dr. Chandra. This is Hal. I am ready for my first lesson.";
                                                            __malloc_main_l34;
                                                            __malloc_w_miniz_def_alloc_func_l169;
                                                            __malloc_w_miniz_def_alloc_func_l169_0}
                                         (origin: Misaligned) }} or UNINITIALIZED or ESCAPINGADDR
[eva:final-states] Values at end of function tdefl_optimize_huffman_table:
  in_bytes ∈
          {{ garbled mix of &{in_bytes; out_bytes;
                              "Good morning Dr. Chandra. This is Hal. I am ready for my first lesson.Good morning Dr. Chandra. This is Hal. I am ready for my first lesson.Good morning Dr. Chandra. This is Hal. I am ready for my first lesson.Good morning Dr. Chandra. This is Hal. I am ready for my first lesson.Good morning Dr. Chandra. This is Hal. I am ready for my first lesson.Good morning Dr. Chandra. This is Hal. I am ready for my first lesson.Good morning Dr. Chandra. This is Hal. I am ready for my first lesson.";
                              __malloc_main_l34;
                              __malloc_w_miniz_def_alloc_func_l169;
                              __malloc_w_miniz_def_alloc_func_l169_0}
           (origin: Misaligned) }} or UNINITIALIZED or ESCAPINGADDR
  out_bytes ∈
           {{ garbled mix of &{in_bytes; out_bytes;
                               "Good morning Dr. Chandra. This is Hal. I am ready for my first lesson.Good morning Dr. Chandra. This is Hal. I am ready for my first lesson.Good morning Dr. Chandra. This is Hal. I am ready for my first lesson.Good morning Dr. Chandra. This is Hal. I am ready for my first lesson.Good morning Dr. Chandra. This is Hal. I am ready for my first lesson.Good morning Dr. Chandra. This is Hal. I am ready for my first lesson.Good morning Dr. Chandra. This is Hal. I am ready for my first lesson.";
                               __malloc_main_l34;
                               __malloc_w_miniz_def_alloc_func_l169;
                               __malloc_w_miniz_def_alloc_func_l169_0}
            (origin: Misaligned) }} or UNINITIALIZED or ESCAPINGADDR
  i ∈ [19..32] ∪ {288}
  j ∈
   {{ garbled mix of &{in_bytes; out_bytes;
                       "Good morning Dr. Chandra. This is Hal. I am ready for my first lesson.Good morning Dr. Chandra. This is Hal. I am ready for my first lesson.Good morning Dr. Chandra. This is Hal. I am ready for my first lesson.Good morning Dr. Chandra. This is Hal. I am ready for my first lesson.Good morning Dr. Chandra. This is Hal. I am ready for my first lesson.Good morning Dr. Chandra. This is Hal. I am ready for my first lesson.Good morning Dr. Chandra. This is Hal. I am ready for my first lesson.";
                       __malloc_main_l34;
                       __malloc_w_miniz_def_alloc_func_l169;
                       __malloc_w_miniz_def_alloc_func_l169_0}
    (origin: Misaligned) }}
  l ∈
   {{ garbled mix of &{in_bytes; out_bytes;
                       "Good morning Dr. Chandra. This is Hal. I am ready for my first lesson.Good morning Dr. Chandra. This is Hal. I am ready for my first lesson.Good morning Dr. Chandra. This is Hal. I am ready for my first lesson.Good morning Dr. Chandra. This is Hal. I am ready for my first lesson.Good morning Dr. Chandra. This is Hal. I am ready for my first lesson.Good morning Dr. Chandra. This is Hal. I am ready for my first lesson.Good morning Dr. Chandra. This is Hal. I am ready for my first lesson.";
                       __malloc_main_l34;
                       __malloc_w_miniz_def_alloc_func_l169;
                       __malloc_w_miniz_def_alloc_func_l169_0}
    (origin: Misaligned) }} or UNINITIALIZED
  num_codes[0..32] ∈
           {{ garbled mix of &{in_bytes; out_bytes;
                               "Good morning Dr. Chandra. This is Hal. I am ready for my first lesson.Good morning Dr. Chandra. This is Hal. I am ready for my first lesson.Good morning Dr. Chandra. This is Hal. I am ready for my first lesson.Good morning Dr. Chandra. This is Hal. I am ready for my first lesson.Good morning Dr. Chandra. This is Hal. I am ready for my first lesson.Good morning Dr. Chandra. This is Hal. I am ready for my first lesson.Good morning Dr. Chandra. This is Hal. I am ready for my first lesson.";
                               __malloc_main_l34;
                               __malloc_w_miniz_def_alloc_func_l169;
                               __malloc_w_miniz_def_alloc_func_l169_0}
            (origin: Misaligned) }}
  next_code[0] ∈
           {{ garbled mix of &{in_bytes; out_bytes;
                               "Good morning Dr. Chandra. This is Hal. I am ready for my first lesson.Good morning Dr. Chandra. This is Hal. I am ready for my first lesson.Good morning Dr. Chandra. This is Hal. I am ready for my first lesson.Good morning Dr. Chandra. This is Hal. I am ready for my first lesson.Good morning Dr. Chandra. This is Hal. I am ready for my first lesson.Good morning Dr. Chandra. This is Hal. I am ready for my first lesson.Good morning Dr. Chandra. This is Hal. I am ready for my first lesson.";
                               __malloc_main_l34;
                               __malloc_w_miniz_def_alloc_func_l169;
                               __malloc_w_miniz_def_alloc_func_l169_0}
            (origin: Misaligned) }} or UNINITIALIZED
           [1..5] ∈
           {{ garbled mix of &{in_bytes; out_bytes;
                               "Good morning Dr. Chandra. This is Hal. I am ready for my first lesson.Good morning Dr. Chandra. This is Hal. I am ready for my first lesson.Good morning Dr. Chandra. This is Hal. I am ready for my first lesson.Good morning Dr. Chandra. This is Hal. I am ready for my first lesson.Good morning Dr. Chandra. This is Hal. I am ready for my first lesson.Good morning Dr. Chandra. This is Hal. I am ready for my first lesson.Good morning Dr. Chandra. This is Hal. I am ready for my first lesson.";
                               __malloc_main_l34;
                               __malloc_w_miniz_def_alloc_func_l169;
                               __malloc_w_miniz_def_alloc_func_l169_0}
            (origin: Misaligned) }}
           [6..32] ∈
           {{ garbled mix of &{in_bytes; out_bytes;
                               "Good morning Dr. Chandra. This is Hal. I am ready for my first lesson.Good morning Dr. Chandra. This is Hal. I am ready for my first lesson.Good morning Dr. Chandra. This is Hal. I am ready for my first lesson.Good morning Dr. Chandra. This is Hal. I am ready for my first lesson.Good morning Dr. Chandra. This is Hal. I am ready for my first lesson.Good morning Dr. Chandra. This is Hal. I am ready for my first lesson.Good morning Dr. Chandra. This is Hal. I am ready for my first lesson.";
                               __malloc_main_l34;
                               __malloc_w_miniz_def_alloc_func_l169;
                               __malloc_w_miniz_def_alloc_func_l169_0}
            (origin: Misaligned) }} or UNINITIALIZED
  __malloc_main_l34[0..18446744073709551615] ∈
                   {{ garbled mix of &{in_bytes; out_bytes;
                                       "Good morning Dr. Chandra. This is Hal. I am ready for my first lesson.Good morning Dr. Chandra. This is Hal. I am ready for my first lesson.Good morning Dr. Chandra. This is Hal. I am ready for my first lesson.Good morning Dr. Chandra. This is Hal. I am ready for my first lesson.Good morning Dr. Chandra. This is Hal. I am ready for my first lesson.Good morning Dr. Chandra. This is Hal. I am ready for my first lesson.Good morning Dr. Chandra. This is Hal. I am ready for my first lesson.";
                                       __malloc_main_l34;
                                       __malloc_w_miniz_def_alloc_func_l169;
                                       __malloc_w_miniz_def_alloc_func_l169_0}
                    (origin: Misaligned) }} or UNINITIALIZED or ESCAPINGADDR
  __malloc_w_miniz_def_alloc_func_l169[0..319351] ∈
                                      {{ garbled mix of &{in_bytes;
                                                          out_bytes;
                                                          "Good morning Dr. Chandra. This is Hal. I am ready for my first lesson.Good morning Dr. Chandra. This is Hal. I am ready for my first lesson.Good morning Dr. Chandra. This is Hal. I am ready for my first lesson.Good morning Dr. Chandra. This is Hal. I am ready for my first lesson.Good morning Dr. Chandra. This is Hal. I am ready for my first lesson.Good morning Dr. Chandra. This is Hal. I am ready for my first lesson.Good morning Dr. Chandra. This is Hal. I am ready for my first lesson.";
                                                          __malloc_main_l34;
                                                          __malloc_w_miniz_def_alloc_func_l169;
                                                          __malloc_w_miniz_def_alloc_func_l169_0}
                                       (origin: Misaligned) }} or UNINITIALIZED or ESCAPINGADDR
  __malloc_w_miniz_def_alloc_func_l169_0[0..43791] ∈
                                        {{ garbled mix of &{in_bytes;
                                                            out_bytes;
                                                            "Good morning Dr. Chandra. This is Hal. I am ready for my first lesson.Good morning Dr. Chandra. This is Hal. I am ready for my first lesson.Good morning Dr. Chandra. This is Hal. I am ready for my first lesson.Good morning Dr. Chandra. This is Hal. I am ready for my first lesson.Good morning Dr. Chandra. This is Hal. I am ready for my first lesson.Good morning Dr. Chandra. This is Hal. I am ready for my first lesson.Good morning Dr. Chandra. This is Hal. I am ready for my first lesson.";
                                                            __malloc_main_l34;
                                                            __malloc_w_miniz_def_alloc_func_l169;
                                                            __malloc_w_miniz_def_alloc_func_l169_0}
                                         (origin: Misaligned) }} or UNINITIALIZED or ESCAPINGADDR
[eva:final-states] Values at end of function tdefl_record_literal:
  in_bytes ∈
          {{ garbled mix of &{in_bytes; out_bytes;
                              "Good morning Dr. Chandra. This is Hal. I am ready for my first lesson.Good morning Dr. Chandra. This is Hal. I am ready for my first lesson.Good morning Dr. Chandra. This is Hal. I am ready for my first lesson.Good morning Dr. Chandra. This is Hal. I am ready for my first lesson.Good morning Dr. Chandra. This is Hal. I am ready for my first lesson.Good morning Dr. Chandra. This is Hal. I am ready for my first lesson.Good morning Dr. Chandra. This is Hal. I am ready for my first lesson.";
                              __malloc_main_l34;
                              __malloc_w_miniz_def_alloc_func_l169;
                              __malloc_w_miniz_def_alloc_func_l169_0}
           (origin: Misaligned) }} or UNINITIALIZED or ESCAPINGADDR
  out_bytes ∈
           {{ garbled mix of &{in_bytes; out_bytes;
                               "Good morning Dr. Chandra. This is Hal. I am ready for my first lesson.Good morning Dr. Chandra. This is Hal. I am ready for my first lesson.Good morning Dr. Chandra. This is Hal. I am ready for my first lesson.Good morning Dr. Chandra. This is Hal. I am ready for my first lesson.Good morning Dr. Chandra. This is Hal. I am ready for my first lesson.Good morning Dr. Chandra. This is Hal. I am ready for my first lesson.Good morning Dr. Chandra. This is Hal. I am ready for my first lesson.";
                               __malloc_main_l34;
                               __malloc_w_miniz_def_alloc_func_l169;
                               __malloc_w_miniz_def_alloc_func_l169_0}
            (origin: Misaligned) }} or UNINITIALIZED or ESCAPINGADDR
  __malloc_main_l34[0..18446744073709551615] ∈
                   {{ garbled mix of &{in_bytes; out_bytes;
                                       "Good morning Dr. Chandra. This is Hal. I am ready for my first lesson.Good morning Dr. Chandra. This is Hal. I am ready for my first lesson.Good morning Dr. Chandra. This is Hal. I am ready for my first lesson.Good morning Dr. Chandra. This is Hal. I am ready for my first lesson.Good morning Dr. Chandra. This is Hal. I am ready for my first lesson.Good morning Dr. Chandra. This is Hal. I am ready for my first lesson.Good morning Dr. Chandra. This is Hal. I am ready for my first lesson.";
                                       __malloc_main_l34;
                                       __malloc_w_miniz_def_alloc_func_l169;
                                       __malloc_w_miniz_def_alloc_func_l169_0}
                    (origin: Misaligned) }} or UNINITIALIZED or ESCAPINGADDR
  __malloc_w_miniz_def_alloc_func_l169[0..319351] ∈
                                      {{ garbled mix of &{in_bytes;
                                                          out_bytes;
                                                          "Good morning Dr. Chandra. This is Hal. I am ready for my first lesson.Good morning Dr. Chandra. This is Hal. I am ready for my first lesson.Good morning Dr. Chandra. This is Hal. I am ready for my first lesson.Good morning Dr. Chandra. This is Hal. I am ready for my first lesson.Good morning Dr. Chandra. This is Hal. I am ready for my first lesson.Good morning Dr. Chandra. This is Hal. I am ready for my first lesson.Good morning Dr. Chandra. This is Hal. I am ready for my first lesson.";
                                                          __malloc_main_l34;
                                                          __malloc_w_miniz_def_alloc_func_l169;
                                                          __malloc_w_miniz_def_alloc_func_l169_0}
                                       (origin: Misaligned) }} or UNINITIALIZED or ESCAPINGADDR
  __malloc_w_miniz_def_alloc_func_l169_0[0..43791] ∈
                                        {{ garbled mix of &{in_bytes;
                                                            out_bytes;
                                                            "Good morning Dr. Chandra. This is Hal. I am ready for my first lesson.Good morning Dr. Chandra. This is Hal. I am ready for my first lesson.Good morning Dr. Chandra. This is Hal. I am ready for my first lesson.Good morning Dr. Chandra. This is Hal. I am ready for my first lesson.Good morning Dr. Chandra. This is Hal. I am ready for my first lesson.Good morning Dr. Chandra. This is Hal. I am ready for my first lesson.Good morning Dr. Chandra. This is Hal. I am ready for my first lesson.";
                                                            __malloc_main_l34;
                                                            __malloc_w_miniz_def_alloc_func_l169;
                                                            __malloc_w_miniz_def_alloc_func_l169_0}
                                         (origin: Misaligned) }} or UNINITIALIZED or ESCAPINGADDR
[eva:final-states] Values at end of function tdefl_record_match:
  in_bytes ∈
          {{ garbled mix of &{in_bytes; out_bytes;
                              "Good morning Dr. Chandra. This is Hal. I am ready for my first lesson.Good morning Dr. Chandra. This is Hal. I am ready for my first lesson.Good morning Dr. Chandra. This is Hal. I am ready for my first lesson.Good morning Dr. Chandra. This is Hal. I am ready for my first lesson.Good morning Dr. Chandra. This is Hal. I am ready for my first lesson.Good morning Dr. Chandra. This is Hal. I am ready for my first lesson.Good morning Dr. Chandra. This is Hal. I am ready for my first lesson.";
                              __malloc_main_l34;
                              __malloc_w_miniz_def_alloc_func_l169;
                              __malloc_w_miniz_def_alloc_func_l169_0}
           (origin: Misaligned) }} or UNINITIALIZED or ESCAPINGADDR
  out_bytes ∈
           {{ garbled mix of &{in_bytes; out_bytes;
                               "Good morning Dr. Chandra. This is Hal. I am ready for my first lesson.Good morning Dr. Chandra. This is Hal. I am ready for my first lesson.Good morning Dr. Chandra. This is Hal. I am ready for my first lesson.Good morning Dr. Chandra. This is Hal. I am ready for my first lesson.Good morning Dr. Chandra. This is Hal. I am ready for my first lesson.Good morning Dr. Chandra. This is Hal. I am ready for my first lesson.Good morning Dr. Chandra. This is Hal. I am ready for my first lesson.";
                               __malloc_main_l34;
                               __malloc_w_miniz_def_alloc_func_l169;
                               __malloc_w_miniz_def_alloc_func_l169_0}
            (origin: Misaligned) }} or UNINITIALIZED or ESCAPINGADDR
  match_dist ∈
            {{ garbled mix of &{in_bytes; out_bytes;
                                "Good morning Dr. Chandra. This is Hal. I am ready for my first lesson.Good morning Dr. Chandra. This is Hal. I am ready for my first lesson.Good morning Dr. Chandra. This is Hal. I am ready for my first lesson.Good morning Dr. Chandra. This is Hal. I am ready for my first lesson.Good morning Dr. Chandra. This is Hal. I am ready for my first lesson.Good morning Dr. Chandra. This is Hal. I am ready for my first lesson.Good morning Dr. Chandra. This is Hal. I am ready for my first lesson.";
                                __malloc_main_l34;
                                __malloc_w_miniz_def_alloc_func_l169;
                                __malloc_w_miniz_def_alloc_func_l169_0}
             (origin: Misaligned) }}
  s0 ∈
    {{ garbled mix of &{in_bytes; out_bytes;
                        "Good morning Dr. Chandra. This is Hal. I am ready for my first lesson.Good morning Dr. Chandra. This is Hal. I am ready for my first lesson.Good morning Dr. Chandra. This is Hal. I am ready for my first lesson.Good morning Dr. Chandra. This is Hal. I am ready for my first lesson.Good morning Dr. Chandra. This is Hal. I am ready for my first lesson.Good morning Dr. Chandra. This is Hal. I am ready for my first lesson.Good morning Dr. Chandra. This is Hal. I am ready for my first lesson.";
                        __malloc_main_l34;
                        __malloc_w_miniz_def_alloc_func_l169;
                        __malloc_w_miniz_def_alloc_func_l169_0}
     (origin: Misaligned) }}
  s1 ∈
    {{ garbled mix of &{in_bytes; out_bytes;
                        "Good morning Dr. Chandra. This is Hal. I am ready for my first lesson.Good morning Dr. Chandra. This is Hal. I am ready for my first lesson.Good morning Dr. Chandra. This is Hal. I am ready for my first lesson.Good morning Dr. Chandra. This is Hal. I am ready for my first lesson.Good morning Dr. Chandra. This is Hal. I am ready for my first lesson.Good morning Dr. Chandra. This is Hal. I am ready for my first lesson.Good morning Dr. Chandra. This is Hal. I am ready for my first lesson.";
                        __malloc_main_l34;
                        __malloc_w_miniz_def_alloc_func_l169;
                        __malloc_w_miniz_def_alloc_func_l169_0}
     (origin: Misaligned) }}
  __malloc_main_l34[0..18446744073709551615] ∈
                   {{ garbled mix of &{in_bytes; out_bytes;
                                       "Good morning Dr. Chandra. This is Hal. I am ready for my first lesson.Good morning Dr. Chandra. This is Hal. I am ready for my first lesson.Good morning Dr. Chandra. This is Hal. I am ready for my first lesson.Good morning Dr. Chandra. This is Hal. I am ready for my first lesson.Good morning Dr. Chandra. This is Hal. I am ready for my first lesson.Good morning Dr. Chandra. This is Hal. I am ready for my first lesson.Good morning Dr. Chandra. This is Hal. I am ready for my first lesson.";
                                       __malloc_main_l34;
                                       __malloc_w_miniz_def_alloc_func_l169;
                                       __malloc_w_miniz_def_alloc_func_l169_0}
                    (origin: Misaligned) }} or UNINITIALIZED or ESCAPINGADDR
  __malloc_w_miniz_def_alloc_func_l169[0..319351] ∈
                                      {{ garbled mix of &{in_bytes;
                                                          out_bytes;
                                                          "Good morning Dr. Chandra. This is Hal. I am ready for my first lesson.Good morning Dr. Chandra. This is Hal. I am ready for my first lesson.Good morning Dr. Chandra. This is Hal. I am ready for my first lesson.Good morning Dr. Chandra. This is Hal. I am ready for my first lesson.Good morning Dr. Chandra. This is Hal. I am ready for my first lesson.Good morning Dr. Chandra. This is Hal. I am ready for my first lesson.Good morning Dr. Chandra. This is Hal. I am ready for my first lesson.";
                                                          __malloc_main_l34;
                                                          __malloc_w_miniz_def_alloc_func_l169;
                                                          __malloc_w_miniz_def_alloc_func_l169_0}
                                       (origin: Misaligned) }} or UNINITIALIZED or ESCAPINGADDR
  __malloc_w_miniz_def_alloc_func_l169_0[0..43791] ∈
                                        {{ garbled mix of &{in_bytes;
                                                            out_bytes;
                                                            "Good morning Dr. Chandra. This is Hal. I am ready for my first lesson.Good morning Dr. Chandra. This is Hal. I am ready for my first lesson.Good morning Dr. Chandra. This is Hal. I am ready for my first lesson.Good morning Dr. Chandra. This is Hal. I am ready for my first lesson.Good morning Dr. Chandra. This is Hal. I am ready for my first lesson.Good morning Dr. Chandra. This is Hal. I am ready for my first lesson.Good morning Dr. Chandra. This is Hal. I am ready for my first lesson.";
                                                            __malloc_main_l34;
                                                            __malloc_w_miniz_def_alloc_func_l169;
                                                            __malloc_w_miniz_def_alloc_func_l169_0}
                                         (origin: Misaligned) }} or UNINITIALIZED or ESCAPINGADDR
[eva:final-states] Values at end of function tdefl_start_dynamic_block:
  in_bytes ∈
          {{ garbled mix of &{in_bytes; out_bytes;
                              "Good morning Dr. Chandra. This is Hal. I am ready for my first lesson.Good morning Dr. Chandra. This is Hal. I am ready for my first lesson.Good morning Dr. Chandra. This is Hal. I am ready for my first lesson.Good morning Dr. Chandra. This is Hal. I am ready for my first lesson.Good morning Dr. Chandra. This is Hal. I am ready for my first lesson.Good morning Dr. Chandra. This is Hal. I am ready for my first lesson.Good morning Dr. Chandra. This is Hal. I am ready for my first lesson.";
                              __malloc_main_l34;
                              __malloc_w_miniz_def_alloc_func_l169;
                              __malloc_w_miniz_def_alloc_func_l169_0}
           (origin: Misaligned) }} or UNINITIALIZED or ESCAPINGADDR
  out_bytes ∈
           {{ garbled mix of &{in_bytes; out_bytes;
                               "Good morning Dr. Chandra. This is Hal. I am ready for my first lesson.Good morning Dr. Chandra. This is Hal. I am ready for my first lesson.Good morning Dr. Chandra. This is Hal. I am ready for my first lesson.Good morning Dr. Chandra. This is Hal. I am ready for my first lesson.Good morning Dr. Chandra. This is Hal. I am ready for my first lesson.Good morning Dr. Chandra. This is Hal. I am ready for my first lesson.Good morning Dr. Chandra. This is Hal. I am ready for my first lesson.";
                               __malloc_main_l34;
                               __malloc_w_miniz_def_alloc_func_l169;
                               __malloc_w_miniz_def_alloc_func_l169_0}
            (origin: Misaligned) }} or UNINITIALIZED or ESCAPINGADDR
  num_lit_codes ∈ [257..286]
  num_dist_codes ∈ [1..30]
  num_bit_lengths ∈ [4..19]
  i ∈ [4..19]
  total_code_sizes_to_pack ∈ [258..316]
  num_packed_code_sizes ∈ [--..--]
  rle_z_count ∈ [0..137]
  rle_repeat_count ∈ {0}
  packed_code_sizes_index ∈ [--..--]
  code_sizes_to_pack[0] ∈
                    {{ garbled mix of &{in_bytes; out_bytes;
                                        "Good morning Dr. Chandra. This is Hal. I am ready for my first lesson.Good morning Dr. Chandra. This is Hal. I am ready for my first lesson.Good morning Dr. Chandra. This is Hal. I am ready for my first lesson.Good morning Dr. Chandra. This is Hal. I am ready for my first lesson.Good morning Dr. Chandra. This is Hal. I am ready for my first lesson.Good morning Dr. Chandra. This is Hal. I am ready for my first lesson.Good morning Dr. Chandra. This is Hal. I am ready for my first lesson.";
                                        __malloc_main_l34;
                                        __malloc_w_miniz_def_alloc_func_l169;
                                        __malloc_w_miniz_def_alloc_func_l169_0}
                     (origin: Misaligned) }}
                    [1..315] ∈
                    {{ garbled mix of &{in_bytes; out_bytes;
                                        "Good morning Dr. Chandra. This is Hal. I am ready for my first lesson.Good morning Dr. Chandra. This is Hal. I am ready for my first lesson.Good morning Dr. Chandra. This is Hal. I am ready for my first lesson.Good morning Dr. Chandra. This is Hal. I am ready for my first lesson.Good morning Dr. Chandra. This is Hal. I am ready for my first lesson.Good morning Dr. Chandra. This is Hal. I am ready for my first lesson.Good morning Dr. Chandra. This is Hal. I am ready for my first lesson.";
                                        __malloc_main_l34;
                                        __malloc_w_miniz_def_alloc_func_l169;
                                        __malloc_w_miniz_def_alloc_func_l169_0}
                     (origin: Misaligned) }} or UNINITIALIZED or ESCAPINGADDR
                    [316..319] ∈ UNINITIALIZED
  packed_code_sizes[0..319] ∈
                   {{ garbled mix of &{in_bytes; out_bytes;
                                       "Good morning Dr. Chandra. This is Hal. I am ready for my first lesson.Good morning Dr. Chandra. This is Hal. I am ready for my first lesson.Good morning Dr. Chandra. This is Hal. I am ready for my first lesson.Good morning Dr. Chandra. This is Hal. I am ready for my first lesson.Good morning Dr. Chandra. This is Hal. I am ready for my first lesson.Good morning Dr. Chandra. This is Hal. I am ready for my first lesson.Good morning Dr. Chandra. This is Hal. I am ready for my first lesson.";
                                       __malloc_main_l34;
                                       __malloc_w_miniz_def_alloc_func_l169;
                                       __malloc_w_miniz_def_alloc_func_l169_0}
                    (origin: Misaligned) }} or UNINITIALIZED
  prev_code_size ∈
                {{ garbled mix of &{in_bytes; out_bytes;
                                    "Good morning Dr. Chandra. This is Hal. I am ready for my first lesson.Good morning Dr. Chandra. This is Hal. I am ready for my first lesson.Good morning Dr. Chandra. This is Hal. I am ready for my first lesson.Good morning Dr. Chandra. This is Hal. I am ready for my first lesson.Good morning Dr. Chandra. This is Hal. I am ready for my first lesson.Good morning Dr. Chandra. This is Hal. I am ready for my first lesson.Good morning Dr. Chandra. This is Hal. I am ready for my first lesson.";
                                    __malloc_main_l34;
                                    __malloc_w_miniz_def_alloc_func_l169;
                                    __malloc_w_miniz_def_alloc_func_l169_0}
                 (origin: Misaligned) }}
  __malloc_main_l34[0..18446744073709551615] ∈
                   {{ garbled mix of &{in_bytes; out_bytes;
                                       "Good morning Dr. Chandra. This is Hal. I am ready for my first lesson.Good morning Dr. Chandra. This is Hal. I am ready for my first lesson.Good morning Dr. Chandra. This is Hal. I am ready for my first lesson.Good morning Dr. Chandra. This is Hal. I am ready for my first lesson.Good morning Dr. Chandra. This is Hal. I am ready for my first lesson.Good morning Dr. Chandra. This is Hal. I am ready for my first lesson.Good morning Dr. Chandra. This is Hal. I am ready for my first lesson.";
                                       __malloc_main_l34;
                                       __malloc_w_miniz_def_alloc_func_l169;
                                       __malloc_w_miniz_def_alloc_func_l169_0}
                    (origin: Misaligned) }} or UNINITIALIZED or ESCAPINGADDR
  __malloc_w_miniz_def_alloc_func_l169[0..319351] ∈
                                      {{ garbled mix of &{in_bytes;
                                                          out_bytes;
                                                          "Good morning Dr. Chandra. This is Hal. I am ready for my first lesson.Good morning Dr. Chandra. This is Hal. I am ready for my first lesson.Good morning Dr. Chandra. This is Hal. I am ready for my first lesson.Good morning Dr. Chandra. This is Hal. I am ready for my first lesson.Good morning Dr. Chandra. This is Hal. I am ready for my first lesson.Good morning Dr. Chandra. This is Hal. I am ready for my first lesson.Good morning Dr. Chandra. This is Hal. I am ready for my first lesson.";
                                                          __malloc_main_l34;
                                                          __malloc_w_miniz_def_alloc_func_l169;
                                                          __malloc_w_miniz_def_alloc_func_l169_0}
                                       (origin: Misaligned) }} or UNINITIALIZED or ESCAPINGADDR
  __malloc_w_miniz_def_alloc_func_l169_0[0..43791] ∈
                                        {{ garbled mix of &{in_bytes;
                                                            out_bytes;
                                                            "Good morning Dr. Chandra. This is Hal. I am ready for my first lesson.Good morning Dr. Chandra. This is Hal. I am ready for my first lesson.Good morning Dr. Chandra. This is Hal. I am ready for my first lesson.Good morning Dr. Chandra. This is Hal. I am ready for my first lesson.Good morning Dr. Chandra. This is Hal. I am ready for my first lesson.Good morning Dr. Chandra. This is Hal. I am ready for my first lesson.Good morning Dr. Chandra. This is Hal. I am ready for my first lesson.";
                                                            __malloc_main_l34;
                                                            __malloc_w_miniz_def_alloc_func_l169;
                                                            __malloc_w_miniz_def_alloc_func_l169_0}
                                         (origin: Misaligned) }} or UNINITIALIZED or ESCAPINGADDR
[eva:final-states] Values at end of function tdefl_start_static_block:
  in_bytes ∈
          {{ garbled mix of &{in_bytes; out_bytes;
                              "Good morning Dr. Chandra. This is Hal. I am ready for my first lesson.Good morning Dr. Chandra. This is Hal. I am ready for my first lesson.Good morning Dr. Chandra. This is Hal. I am ready for my first lesson.Good morning Dr. Chandra. This is Hal. I am ready for my first lesson.Good morning Dr. Chandra. This is Hal. I am ready for my first lesson.Good morning Dr. Chandra. This is Hal. I am ready for my first lesson.Good morning Dr. Chandra. This is Hal. I am ready for my first lesson.";
                              __malloc_main_l34;
                              __malloc_w_miniz_def_alloc_func_l169;
                              __malloc_w_miniz_def_alloc_func_l169_0}
           (origin: Misaligned) }} or UNINITIALIZED or ESCAPINGADDR
  out_bytes ∈
           {{ garbled mix of &{in_bytes; out_bytes;
                               "Good morning Dr. Chandra. This is Hal. I am ready for my first lesson.Good morning Dr. Chandra. This is Hal. I am ready for my first lesson.Good morning Dr. Chandra. This is Hal. I am ready for my first lesson.Good morning Dr. Chandra. This is Hal. I am ready for my first lesson.Good morning Dr. Chandra. This is Hal. I am ready for my first lesson.Good morning Dr. Chandra. This is Hal. I am ready for my first lesson.Good morning Dr. Chandra. This is Hal. I am ready for my first lesson.";
                               __malloc_main_l34;
                               __malloc_w_miniz_def_alloc_func_l169;
                               __malloc_w_miniz_def_alloc_func_l169_0}
            (origin: Misaligned) }} or UNINITIALIZED or ESCAPINGADDR
  i ∈ {288}
  p ∈ {{ &__malloc_w_miniz_def_alloc_func_l169 + [36698..--] }}
  __malloc_main_l34[0..18446744073709551615] ∈
                   {{ garbled mix of &{in_bytes; out_bytes;
                                       "Good morning Dr. Chandra. This is Hal. I am ready for my first lesson.Good morning Dr. Chandra. This is Hal. I am ready for my first lesson.Good morning Dr. Chandra. This is Hal. I am ready for my first lesson.Good morning Dr. Chandra. This is Hal. I am ready for my first lesson.Good morning Dr. Chandra. This is Hal. I am ready for my first lesson.Good morning Dr. Chandra. This is Hal. I am ready for my first lesson.Good morning Dr. Chandra. This is Hal. I am ready for my first lesson.";
                                       __malloc_main_l34;
                                       __malloc_w_miniz_def_alloc_func_l169;
                                       __malloc_w_miniz_def_alloc_func_l169_0}
                    (origin: Misaligned) }} or UNINITIALIZED or ESCAPINGADDR
  __malloc_w_miniz_def_alloc_func_l169[0..319351] ∈
                                      {{ garbled mix of &{in_bytes;
                                                          out_bytes;
                                                          "Good morning Dr. Chandra. This is Hal. I am ready for my first lesson.Good morning Dr. Chandra. This is Hal. I am ready for my first lesson.Good morning Dr. Chandra. This is Hal. I am ready for my first lesson.Good morning Dr. Chandra. This is Hal. I am ready for my first lesson.Good morning Dr. Chandra. This is Hal. I am ready for my first lesson.Good morning Dr. Chandra. This is Hal. I am ready for my first lesson.Good morning Dr. Chandra. This is Hal. I am ready for my first lesson.";
                                                          __malloc_main_l34;
                                                          __malloc_w_miniz_def_alloc_func_l169;
                                                          __malloc_w_miniz_def_alloc_func_l169_0}
                                       (origin: Misaligned) }} or UNINITIALIZED or ESCAPINGADDR
  __malloc_w_miniz_def_alloc_func_l169_0[0..43791] ∈
                                        {{ garbled mix of &{in_bytes;
                                                            out_bytes;
                                                            "Good morning Dr. Chandra. This is Hal. I am ready for my first lesson.Good morning Dr. Chandra. This is Hal. I am ready for my first lesson.Good morning Dr. Chandra. This is Hal. I am ready for my first lesson.Good morning Dr. Chandra. This is Hal. I am ready for my first lesson.Good morning Dr. Chandra. This is Hal. I am ready for my first lesson.Good morning Dr. Chandra. This is Hal. I am ready for my first lesson.Good morning Dr. Chandra. This is Hal. I am ready for my first lesson.";
                                                            __malloc_main_l34;
                                                            __malloc_w_miniz_def_alloc_func_l169;
                                                            __malloc_w_miniz_def_alloc_func_l169_0}
                                         (origin: Misaligned) }} or UNINITIALIZED or ESCAPINGADDR
[eva:final-states] Values at end of function tdefl_compress_block:
  in_bytes ∈
          {{ garbled mix of &{in_bytes; out_bytes;
                              "Good morning Dr. Chandra. This is Hal. I am ready for my first lesson.Good morning Dr. Chandra. This is Hal. I am ready for my first lesson.Good morning Dr. Chandra. This is Hal. I am ready for my first lesson.Good morning Dr. Chandra. This is Hal. I am ready for my first lesson.Good morning Dr. Chandra. This is Hal. I am ready for my first lesson.Good morning Dr. Chandra. This is Hal. I am ready for my first lesson.Good morning Dr. Chandra. This is Hal. I am ready for my first lesson.";
                              __malloc_main_l34;
                              __malloc_w_miniz_def_alloc_func_l169;
                              __malloc_w_miniz_def_alloc_func_l169_0}
           (origin: Misaligned) }} or UNINITIALIZED or ESCAPINGADDR
  out_bytes ∈
           {{ garbled mix of &{in_bytes; out_bytes;
                               "Good morning Dr. Chandra. This is Hal. I am ready for my first lesson.Good morning Dr. Chandra. This is Hal. I am ready for my first lesson.Good morning Dr. Chandra. This is Hal. I am ready for my first lesson.Good morning Dr. Chandra. This is Hal. I am ready for my first lesson.Good morning Dr. Chandra. This is Hal. I am ready for my first lesson.Good morning Dr. Chandra. This is Hal. I am ready for my first lesson.Good morning Dr. Chandra. This is Hal. I am ready for my first lesson.";
                               __malloc_main_l34;
                               __malloc_w_miniz_def_alloc_func_l169;
                               __malloc_w_miniz_def_alloc_func_l169_0}
            (origin: Misaligned) }} or UNINITIALIZED or ESCAPINGADDR
  __malloc_main_l34[0..18446744073709551615] ∈
                   {{ garbled mix of &{in_bytes; out_bytes;
                                       "Good morning Dr. Chandra. This is Hal. I am ready for my first lesson.Good morning Dr. Chandra. This is Hal. I am ready for my first lesson.Good morning Dr. Chandra. This is Hal. I am ready for my first lesson.Good morning Dr. Chandra. This is Hal. I am ready for my first lesson.Good morning Dr. Chandra. This is Hal. I am ready for my first lesson.Good morning Dr. Chandra. This is Hal. I am ready for my first lesson.Good morning Dr. Chandra. This is Hal. I am ready for my first lesson.";
                                       __malloc_main_l34;
                                       __malloc_w_miniz_def_alloc_func_l169;
                                       __malloc_w_miniz_def_alloc_func_l169_0}
                    (origin: Misaligned) }} or UNINITIALIZED or ESCAPINGADDR
  __malloc_w_miniz_def_alloc_func_l169[0..319351] ∈
                                      {{ garbled mix of &{in_bytes;
                                                          out_bytes;
                                                          "Good morning Dr. Chandra. This is Hal. I am ready for my first lesson.Good morning Dr. Chandra. This is Hal. I am ready for my first lesson.Good morning Dr. Chandra. This is Hal. I am ready for my first lesson.Good morning Dr. Chandra. This is Hal. I am ready for my first lesson.Good morning Dr. Chandra. This is Hal. I am ready for my first lesson.Good morning Dr. Chandra. This is Hal. I am ready for my first lesson.Good morning Dr. Chandra. This is Hal. I am ready for my first lesson.";
                                                          __malloc_main_l34;
                                                          __malloc_w_miniz_def_alloc_func_l169;
                                                          __malloc_w_miniz_def_alloc_func_l169_0}
                                       (origin: Misaligned) }} or UNINITIALIZED or ESCAPINGADDR
  __malloc_w_miniz_def_alloc_func_l169_0[0..43791] ∈
                                        {{ garbled mix of &{in_bytes;
                                                            out_bytes;
                                                            "Good morning Dr. Chandra. This is Hal. I am ready for my first lesson.Good morning Dr. Chandra. This is Hal. I am ready for my first lesson.Good morning Dr. Chandra. This is Hal. I am ready for my first lesson.Good morning Dr. Chandra. This is Hal. I am ready for my first lesson.Good morning Dr. Chandra. This is Hal. I am ready for my first lesson.Good morning Dr. Chandra. This is Hal. I am ready for my first lesson.Good morning Dr. Chandra. This is Hal. I am ready for my first lesson.";
                                                            __malloc_main_l34;
                                                            __malloc_w_miniz_def_alloc_func_l169;
                                                            __malloc_w_miniz_def_alloc_func_l169_0}
                                         (origin: Misaligned) }} or UNINITIALIZED or ESCAPINGADDR
[eva:final-states] Values at end of function tdefl_flush_block:
  in_bytes ∈
          {{ garbled mix of &{in_bytes; out_bytes;
                              "Good morning Dr. Chandra. This is Hal. I am ready for my first lesson.Good morning Dr. Chandra. This is Hal. I am ready for my first lesson.Good morning Dr. Chandra. This is Hal. I am ready for my first lesson.Good morning Dr. Chandra. This is Hal. I am ready for my first lesson.Good morning Dr. Chandra. This is Hal. I am ready for my first lesson.Good morning Dr. Chandra. This is Hal. I am ready for my first lesson.Good morning Dr. Chandra. This is Hal. I am ready for my first lesson.";
                              __malloc_main_l34;
                              __malloc_w_miniz_def_alloc_func_l169;
                              __malloc_w_miniz_def_alloc_func_l169_0}
           (origin: Misaligned) }} or UNINITIALIZED or ESCAPINGADDR
  out_bytes ∈
           {{ garbled mix of &{in_bytes; out_bytes;
                               "Good morning Dr. Chandra. This is Hal. I am ready for my first lesson.Good morning Dr. Chandra. This is Hal. I am ready for my first lesson.Good morning Dr. Chandra. This is Hal. I am ready for my first lesson.Good morning Dr. Chandra. This is Hal. I am ready for my first lesson.Good morning Dr. Chandra. This is Hal. I am ready for my first lesson.Good morning Dr. Chandra. This is Hal. I am ready for my first lesson.Good morning Dr. Chandra. This is Hal. I am ready for my first lesson.";
                               __malloc_main_l34;
                               __malloc_w_miniz_def_alloc_func_l169;
                               __malloc_w_miniz_def_alloc_func_l169_0}
            (origin: Misaligned) }} or UNINITIALIZED or ESCAPINGADDR
  saved_bit_buf ∈
               {{ garbled mix of &{in_bytes; out_bytes;
                                   "Good morning Dr. Chandra. This is Hal. I am ready for my first lesson.Good morning Dr. Chandra. This is Hal. I am ready for my first lesson.Good morning Dr. Chandra. This is Hal. I am ready for my first lesson.Good morning Dr. Chandra. This is Hal. I am ready for my first lesson.Good morning Dr. Chandra. This is Hal. I am ready for my first lesson.Good morning Dr. Chandra. This is Hal. I am ready for my first lesson.Good morning Dr. Chandra. This is Hal. I am ready for my first lesson.";
                                   __malloc_main_l34;
                                   __malloc_w_miniz_def_alloc_func_l169;
                                   __malloc_w_miniz_def_alloc_func_l169_0}
                (origin: Misaligned) }}
  saved_bits_in ∈
               {{ garbled mix of &{in_bytes; out_bytes;
                                   "Good morning Dr. Chandra. This is Hal. I am ready for my first lesson.Good morning Dr. Chandra. This is Hal. I am ready for my first lesson.Good morning Dr. Chandra. This is Hal. I am ready for my first lesson.Good morning Dr. Chandra. This is Hal. I am ready for my first lesson.Good morning Dr. Chandra. This is Hal. I am ready for my first lesson.Good morning Dr. Chandra. This is Hal. I am ready for my first lesson.Good morning Dr. Chandra. This is Hal. I am ready for my first lesson.";
                                   __malloc_main_l34;
                                   __malloc_w_miniz_def_alloc_func_l169;
                                   __malloc_w_miniz_def_alloc_func_l169_0}
                (origin: Misaligned) }}
  pSaved_output_buf ∈
                   {{ garbled mix of &{in_bytes; out_bytes;
                                       "Good morning Dr. Chandra. This is Hal. I am ready for my first lesson.Good morning Dr. Chandra. This is Hal. I am ready for my first lesson.Good morning Dr. Chandra. This is Hal. I am ready for my first lesson.Good morning Dr. Chandra. This is Hal. I am ready for my first lesson.Good morning Dr. Chandra. This is Hal. I am ready for my first lesson.Good morning Dr. Chandra. This is Hal. I am ready for my first lesson.Good morning Dr. Chandra. This is Hal. I am ready for my first lesson.";
                                       __malloc_main_l34;
                                       __malloc_w_miniz_def_alloc_func_l169;
                                       __malloc_w_miniz_def_alloc_func_l169_0}
                    (origin: Misaligned) }}
  comp_block_succeeded ∈ {0; 1}
  n ∈
   {{ garbled mix of &{in_bytes; out_bytes;
                       "Good morning Dr. Chandra. This is Hal. I am ready for my first lesson.Good morning Dr. Chandra. This is Hal. I am ready for my first lesson.Good morning Dr. Chandra. This is Hal. I am ready for my first lesson.Good morning Dr. Chandra. This is Hal. I am ready for my first lesson.Good morning Dr. Chandra. This is Hal. I am ready for my first lesson.Good morning Dr. Chandra. This is Hal. I am ready for my first lesson.Good morning Dr. Chandra. This is Hal. I am ready for my first lesson.";
                       __malloc_main_l34;
                       __malloc_w_miniz_def_alloc_func_l169;
                       __malloc_w_miniz_def_alloc_func_l169_0}
    (origin: Misaligned) }}
  use_raw_block ∈ {0; 1}
  pOutput_buf_start ∈
                   {{ garbled mix of &{in_bytes; out_bytes;
                                       "Good morning Dr. Chandra. This is Hal. I am ready for my first lesson.Good morning Dr. Chandra. This is Hal. I am ready for my first lesson.Good morning Dr. Chandra. This is Hal. I am ready for my first lesson.Good morning Dr. Chandra. This is Hal. I am ready for my first lesson.Good morning Dr. Chandra. This is Hal. I am ready for my first lesson.Good morning Dr. Chandra. This is Hal. I am ready for my first lesson.Good morning Dr. Chandra. This is Hal. I am ready for my first lesson.";
                                       __malloc_main_l34;
                                       __malloc_w_miniz_def_alloc_func_l169;
                                       __malloc_w_miniz_def_alloc_func_l169_0}
                    (origin: Misaligned) }}
  __retres ∈
          {{ garbled mix of &{in_bytes; out_bytes;
                              "Good morning Dr. Chandra. This is Hal. I am ready for my first lesson.Good morning Dr. Chandra. This is Hal. I am ready for my first lesson.Good morning Dr. Chandra. This is Hal. I am ready for my first lesson.Good morning Dr. Chandra. This is Hal. I am ready for my first lesson.Good morning Dr. Chandra. This is Hal. I am ready for my first lesson.Good morning Dr. Chandra. This is Hal. I am ready for my first lesson.Good morning Dr. Chandra. This is Hal. I am ready for my first lesson.";
                              __malloc_main_l34;
                              __malloc_w_miniz_def_alloc_func_l169;
                              __malloc_w_miniz_def_alloc_func_l169_0}
           (origin: Misaligned) }}
  __malloc_main_l34[0..18446744073709551615] ∈
                   {{ garbled mix of &{in_bytes; out_bytes;
                                       "Good morning Dr. Chandra. This is Hal. I am ready for my first lesson.Good morning Dr. Chandra. This is Hal. I am ready for my first lesson.Good morning Dr. Chandra. This is Hal. I am ready for my first lesson.Good morning Dr. Chandra. This is Hal. I am ready for my first lesson.Good morning Dr. Chandra. This is Hal. I am ready for my first lesson.Good morning Dr. Chandra. This is Hal. I am ready for my first lesson.Good morning Dr. Chandra. This is Hal. I am ready for my first lesson.";
                                       __malloc_main_l34;
                                       __malloc_w_miniz_def_alloc_func_l169;
                                       __malloc_w_miniz_def_alloc_func_l169_0}
                    (origin: Misaligned) }} or UNINITIALIZED or ESCAPINGADDR
  __malloc_w_miniz_def_alloc_func_l169[0..319351] ∈
                                      {{ garbled mix of &{in_bytes;
                                                          out_bytes;
                                                          "Good morning Dr. Chandra. This is Hal. I am ready for my first lesson.Good morning Dr. Chandra. This is Hal. I am ready for my first lesson.Good morning Dr. Chandra. This is Hal. I am ready for my first lesson.Good morning Dr. Chandra. This is Hal. I am ready for my first lesson.Good morning Dr. Chandra. This is Hal. I am ready for my first lesson.Good morning Dr. Chandra. This is Hal. I am ready for my first lesson.Good morning Dr. Chandra. This is Hal. I am ready for my first lesson.";
                                                          __malloc_main_l34;
                                                          __malloc_w_miniz_def_alloc_func_l169;
                                                          __malloc_w_miniz_def_alloc_func_l169_0}
                                       (origin: Misaligned) }} or UNINITIALIZED or ESCAPINGADDR
  __malloc_w_miniz_def_alloc_func_l169_0[0..43791] ∈
                                        {{ garbled mix of &{in_bytes;
                                                            out_bytes;
                                                            "Good morning Dr. Chandra. This is Hal. I am ready for my first lesson.Good morning Dr. Chandra. This is Hal. I am ready for my first lesson.Good morning Dr. Chandra. This is Hal. I am ready for my first lesson.Good morning Dr. Chandra. This is Hal. I am ready for my first lesson.Good morning Dr. Chandra. This is Hal. I am ready for my first lesson.Good morning Dr. Chandra. This is Hal. I am ready for my first lesson.Good morning Dr. Chandra. This is Hal. I am ready for my first lesson.";
                                                            __malloc_main_l34;
                                                            __malloc_w_miniz_def_alloc_func_l169;
                                                            __malloc_w_miniz_def_alloc_func_l169_0}
                                         (origin: Misaligned) }} or UNINITIALIZED or ESCAPINGADDR
[eva:final-states] Values at end of function tdefl_compress_fast:
  in_bytes ∈
          {{ garbled mix of &{in_bytes; out_bytes;
                              "Good morning Dr. Chandra. This is Hal. I am ready for my first lesson.Good morning Dr. Chandra. This is Hal. I am ready for my first lesson.Good morning Dr. Chandra. This is Hal. I am ready for my first lesson.Good morning Dr. Chandra. This is Hal. I am ready for my first lesson.Good morning Dr. Chandra. This is Hal. I am ready for my first lesson.Good morning Dr. Chandra. This is Hal. I am ready for my first lesson.Good morning Dr. Chandra. This is Hal. I am ready for my first lesson.";
                              __malloc_main_l34;
                              __malloc_w_miniz_def_alloc_func_l169;
                              __malloc_w_miniz_def_alloc_func_l169_0}
           (origin: Misaligned) }} or UNINITIALIZED or ESCAPINGADDR
  out_bytes ∈
           {{ garbled mix of &{in_bytes; out_bytes;
                               "Good morning Dr. Chandra. This is Hal. I am ready for my first lesson.Good morning Dr. Chandra. This is Hal. I am ready for my first lesson.Good morning Dr. Chandra. This is Hal. I am ready for my first lesson.Good morning Dr. Chandra. This is Hal. I am ready for my first lesson.Good morning Dr. Chandra. This is Hal. I am ready for my first lesson.Good morning Dr. Chandra. This is Hal. I am ready for my first lesson.Good morning Dr. Chandra. This is Hal. I am ready for my first lesson.";
                               __malloc_main_l34;
                               __malloc_w_miniz_def_alloc_func_l169;
                               __malloc_w_miniz_def_alloc_func_l169_0}
            (origin: Misaligned) }} or UNINITIALIZED or ESCAPINGADDR
  lookahead_pos ∈
               {{ garbled mix of &{in_bytes; out_bytes;
                                   "Good morning Dr. Chandra. This is Hal. I am ready for my first lesson.Good morning Dr. Chandra. This is Hal. I am ready for my first lesson.Good morning Dr. Chandra. This is Hal. I am ready for my first lesson.Good morning Dr. Chandra. This is Hal. I am ready for my first lesson.Good morning Dr. Chandra. This is Hal. I am ready for my first lesson.Good morning Dr. Chandra. This is Hal. I am ready for my first lesson.Good morning Dr. Chandra. This is Hal. I am ready for my first lesson.";
                                   __malloc_main_l34;
                                   __malloc_w_miniz_def_alloc_func_l169;
                                   __malloc_w_miniz_def_alloc_func_l169_0}
                (origin: Misaligned) }}
  lookahead_size ∈
                {{ garbled mix of &{in_bytes; out_bytes;
                                    "Good morning Dr. Chandra. This is Hal. I am ready for my first lesson.Good morning Dr. Chandra. This is Hal. I am ready for my first lesson.Good morning Dr. Chandra. This is Hal. I am ready for my first lesson.Good morning Dr. Chandra. This is Hal. I am ready for my first lesson.Good morning Dr. Chandra. This is Hal. I am ready for my first lesson.Good morning Dr. Chandra. This is Hal. I am ready for my first lesson.Good morning Dr. Chandra. This is Hal. I am ready for my first lesson.";
                                    __malloc_main_l34;
                                    __malloc_w_miniz_def_alloc_func_l169;
                                    __malloc_w_miniz_def_alloc_func_l169_0}
                 (origin: Misaligned) }}
  dict_size ∈
           {{ garbled mix of &{in_bytes; out_bytes;
                               "Good morning Dr. Chandra. This is Hal. I am ready for my first lesson.Good morning Dr. Chandra. This is Hal. I am ready for my first lesson.Good morning Dr. Chandra. This is Hal. I am ready for my first lesson.Good morning Dr. Chandra. This is Hal. I am ready for my first lesson.Good morning Dr. Chandra. This is Hal. I am ready for my first lesson.Good morning Dr. Chandra. This is Hal. I am ready for my first lesson.Good morning Dr. Chandra. This is Hal. I am ready for my first lesson.";
                               __malloc_main_l34;
                               __malloc_w_miniz_def_alloc_func_l169;
                               __malloc_w_miniz_def_alloc_func_l169_0}
            (origin: Misaligned) }}
  total_lz_bytes ∈
                {{ garbled mix of &{in_bytes; out_bytes;
                                    "Good morning Dr. Chandra. This is Hal. I am ready for my first lesson.Good morning Dr. Chandra. This is Hal. I am ready for my first lesson.Good morning Dr. Chandra. This is Hal. I am ready for my first lesson.Good morning Dr. Chandra. This is Hal. I am ready for my first lesson.Good morning Dr. Chandra. This is Hal. I am ready for my first lesson.Good morning Dr. Chandra. This is Hal. I am ready for my first lesson.Good morning Dr. Chandra. This is Hal. I am ready for my first lesson.";
                                    __malloc_main_l34;
                                    __malloc_w_miniz_def_alloc_func_l169;
                                    __malloc_w_miniz_def_alloc_func_l169_0}
                 (origin: Misaligned) }}
  num_flags_left ∈
                {{ garbled mix of &{in_bytes; out_bytes;
                                    "Good morning Dr. Chandra. This is Hal. I am ready for my first lesson.Good morning Dr. Chandra. This is Hal. I am ready for my first lesson.Good morning Dr. Chandra. This is Hal. I am ready for my first lesson.Good morning Dr. Chandra. This is Hal. I am ready for my first lesson.Good morning Dr. Chandra. This is Hal. I am ready for my first lesson.Good morning Dr. Chandra. This is Hal. I am ready for my first lesson.Good morning Dr. Chandra. This is Hal. I am ready for my first lesson.";
                                    __malloc_main_l34;
                                    __malloc_w_miniz_def_alloc_func_l169;
                                    __malloc_w_miniz_def_alloc_func_l169_0}
                 (origin: Misaligned) }}
  pLZ_code_buf ∈
              {{ garbled mix of &{in_bytes; out_bytes;
                                  "Good morning Dr. Chandra. This is Hal. I am ready for my first lesson.Good morning Dr. Chandra. This is Hal. I am ready for my first lesson.Good morning Dr. Chandra. This is Hal. I am ready for my first lesson.Good morning Dr. Chandra. This is Hal. I am ready for my first lesson.Good morning Dr. Chandra. This is Hal. I am ready for my first lesson.Good morning Dr. Chandra. This is Hal. I am ready for my first lesson.Good morning Dr. Chandra. This is Hal. I am ready for my first lesson.";
                                  __malloc_main_l34;
                                  __malloc_w_miniz_def_alloc_func_l169;
                                  __malloc_w_miniz_def_alloc_func_l169_0}
               (origin: Misaligned) }}
  pLZ_flags ∈
           {{ garbled mix of &{in_bytes; out_bytes;
                               "Good morning Dr. Chandra. This is Hal. I am ready for my first lesson.Good morning Dr. Chandra. This is Hal. I am ready for my first lesson.Good morning Dr. Chandra. This is Hal. I am ready for my first lesson.Good morning Dr. Chandra. This is Hal. I am ready for my first lesson.Good morning Dr. Chandra. This is Hal. I am ready for my first lesson.Good morning Dr. Chandra. This is Hal. I am ready for my first lesson.Good morning Dr. Chandra. This is Hal. I am ready for my first lesson.";
                               __malloc_main_l34;
                               __malloc_w_miniz_def_alloc_func_l169;
                               __malloc_w_miniz_def_alloc_func_l169_0}
            (origin: Misaligned) }}
  cur_pos ∈
         {{ garbled mix of &{in_bytes; out_bytes;
                             "Good morning Dr. Chandra. This is Hal. I am ready for my first lesson.Good morning Dr. Chandra. This is Hal. I am ready for my first lesson.Good morning Dr. Chandra. This is Hal. I am ready for my first lesson.Good morning Dr. Chandra. This is Hal. I am ready for my first lesson.Good morning Dr. Chandra. This is Hal. I am ready for my first lesson.Good morning Dr. Chandra. This is Hal. I am ready for my first lesson.Good morning Dr. Chandra. This is Hal. I am ready for my first lesson.";
                             __malloc_main_l34;
                             __malloc_w_miniz_def_alloc_func_l169;
                             __malloc_w_miniz_def_alloc_func_l169_0}
          (origin: Misaligned) }}
  __retres ∈ {0; 1}
  __malloc_main_l34[0..18446744073709551615] ∈
                   {{ garbled mix of &{in_bytes; out_bytes;
                                       "Good morning Dr. Chandra. This is Hal. I am ready for my first lesson.Good morning Dr. Chandra. This is Hal. I am ready for my first lesson.Good morning Dr. Chandra. This is Hal. I am ready for my first lesson.Good morning Dr. Chandra. This is Hal. I am ready for my first lesson.Good morning Dr. Chandra. This is Hal. I am ready for my first lesson.Good morning Dr. Chandra. This is Hal. I am ready for my first lesson.Good morning Dr. Chandra. This is Hal. I am ready for my first lesson.";
                                       __malloc_main_l34;
                                       __malloc_w_miniz_def_alloc_func_l169;
                                       __malloc_w_miniz_def_alloc_func_l169_0}
                    (origin: Misaligned) }} or UNINITIALIZED or ESCAPINGADDR
  __malloc_w_miniz_def_alloc_func_l169[0..319351] ∈
                                      {{ garbled mix of &{in_bytes;
                                                          out_bytes;
                                                          "Good morning Dr. Chandra. This is Hal. I am ready for my first lesson.Good morning Dr. Chandra. This is Hal. I am ready for my first lesson.Good morning Dr. Chandra. This is Hal. I am ready for my first lesson.Good morning Dr. Chandra. This is Hal. I am ready for my first lesson.Good morning Dr. Chandra. This is Hal. I am ready for my first lesson.Good morning Dr. Chandra. This is Hal. I am ready for my first lesson.Good morning Dr. Chandra. This is Hal. I am ready for my first lesson.";
                                                          __malloc_main_l34;
                                                          __malloc_w_miniz_def_alloc_func_l169;
                                                          __malloc_w_miniz_def_alloc_func_l169_0}
                                       (origin: Misaligned) }} or UNINITIALIZED or ESCAPINGADDR
  __malloc_w_miniz_def_alloc_func_l169_0[0..43791] ∈
                                        {{ garbled mix of &{in_bytes;
                                                            out_bytes;
                                                            "Good morning Dr. Chandra. This is Hal. I am ready for my first lesson.Good morning Dr. Chandra. This is Hal. I am ready for my first lesson.Good morning Dr. Chandra. This is Hal. I am ready for my first lesson.Good morning Dr. Chandra. This is Hal. I am ready for my first lesson.Good morning Dr. Chandra. This is Hal. I am ready for my first lesson.Good morning Dr. Chandra. This is Hal. I am ready for my first lesson.Good morning Dr. Chandra. This is Hal. I am ready for my first lesson.";
                                                            __malloc_main_l34;
                                                            __malloc_w_miniz_def_alloc_func_l169;
                                                            __malloc_w_miniz_def_alloc_func_l169_0}
                                         (origin: Misaligned) }} or UNINITIALIZED or ESCAPINGADDR
[eva:final-states] Values at end of function tdefl_compress_normal:
  in_bytes ∈
          {{ garbled mix of &{in_bytes; out_bytes;
                              "Good morning Dr. Chandra. This is Hal. I am ready for my first lesson.Good morning Dr. Chandra. This is Hal. I am ready for my first lesson.Good morning Dr. Chandra. This is Hal. I am ready for my first lesson.Good morning Dr. Chandra. This is Hal. I am ready for my first lesson.Good morning Dr. Chandra. This is Hal. I am ready for my first lesson.Good morning Dr. Chandra. This is Hal. I am ready for my first lesson.Good morning Dr. Chandra. This is Hal. I am ready for my first lesson.";
                              __malloc_main_l34;
                              __malloc_w_miniz_def_alloc_func_l169;
                              __malloc_w_miniz_def_alloc_func_l169_0}
           (origin: Misaligned) }} or UNINITIALIZED or ESCAPINGADDR
  out_bytes ∈
           {{ garbled mix of &{in_bytes; out_bytes;
                               "Good morning Dr. Chandra. This is Hal. I am ready for my first lesson.Good morning Dr. Chandra. This is Hal. I am ready for my first lesson.Good morning Dr. Chandra. This is Hal. I am ready for my first lesson.Good morning Dr. Chandra. This is Hal. I am ready for my first lesson.Good morning Dr. Chandra. This is Hal. I am ready for my first lesson.Good morning Dr. Chandra. This is Hal. I am ready for my first lesson.Good morning Dr. Chandra. This is Hal. I am ready for my first lesson.";
                               __malloc_main_l34;
                               __malloc_w_miniz_def_alloc_func_l169;
                               __malloc_w_miniz_def_alloc_func_l169_0}
            (origin: Misaligned) }} or UNINITIALIZED or ESCAPINGADDR
  pSrc ∈
      {{ garbled mix of &{in_bytes; out_bytes;
                          "Good morning Dr. Chandra. This is Hal. I am ready for my first lesson.Good morning Dr. Chandra. This is Hal. I am ready for my first lesson.Good morning Dr. Chandra. This is Hal. I am ready for my first lesson.Good morning Dr. Chandra. This is Hal. I am ready for my first lesson.Good morning Dr. Chandra. This is Hal. I am ready for my first lesson.Good morning Dr. Chandra. This is Hal. I am ready for my first lesson.Good morning Dr. Chandra. This is Hal. I am ready for my first lesson.";
                          __malloc_main_l34;
                          __malloc_w_miniz_def_alloc_func_l169;
                          __malloc_w_miniz_def_alloc_func_l169_0}
       (origin: Misaligned) }}
  src_buf_left ∈
              {{ garbled mix of &{in_bytes; out_bytes;
                                  "Good morning Dr. Chandra. This is Hal. I am ready for my first lesson.Good morning Dr. Chandra. This is Hal. I am ready for my first lesson.Good morning Dr. Chandra. This is Hal. I am ready for my first lesson.Good morning Dr. Chandra. This is Hal. I am ready for my first lesson.Good morning Dr. Chandra. This is Hal. I am ready for my first lesson.Good morning Dr. Chandra. This is Hal. I am ready for my first lesson.Good morning Dr. Chandra. This is Hal. I am ready for my first lesson.";
                                  __malloc_main_l34;
                                  __malloc_w_miniz_def_alloc_func_l169;
                                  __malloc_w_miniz_def_alloc_func_l169_0}
               (origin: Misaligned) }}
  flush ∈
       {{ garbled mix of &{in_bytes; out_bytes;
                           "Good morning Dr. Chandra. This is Hal. I am ready for my first lesson.Good morning Dr. Chandra. This is Hal. I am ready for my first lesson.Good morning Dr. Chandra. This is Hal. I am ready for my first lesson.Good morning Dr. Chandra. This is Hal. I am ready for my first lesson.Good morning Dr. Chandra. This is Hal. I am ready for my first lesson.Good morning Dr. Chandra. This is Hal. I am ready for my first lesson.Good morning Dr. Chandra. This is Hal. I am ready for my first lesson.";
                           __malloc_main_l34;
                           __malloc_w_miniz_def_alloc_func_l169;
                           __malloc_w_miniz_def_alloc_func_l169_0}
        (origin: Misaligned) }}
  __retres ∈ {0; 1}
  __malloc_main_l34[0..18446744073709551615] ∈
                   {{ garbled mix of &{in_bytes; out_bytes;
                                       "Good morning Dr. Chandra. This is Hal. I am ready for my first lesson.Good morning Dr. Chandra. This is Hal. I am ready for my first lesson.Good morning Dr. Chandra. This is Hal. I am ready for my first lesson.Good morning Dr. Chandra. This is Hal. I am ready for my first lesson.Good morning Dr. Chandra. This is Hal. I am ready for my first lesson.Good morning Dr. Chandra. This is Hal. I am ready for my first lesson.Good morning Dr. Chandra. This is Hal. I am ready for my first lesson.";
                                       __malloc_main_l34;
                                       __malloc_w_miniz_def_alloc_func_l169;
                                       __malloc_w_miniz_def_alloc_func_l169_0}
                    (origin: Misaligned) }} or UNINITIALIZED or ESCAPINGADDR
  __malloc_w_miniz_def_alloc_func_l169[0..319351] ∈
                                      {{ garbled mix of &{in_bytes;
                                                          out_bytes;
                                                          "Good morning Dr. Chandra. This is Hal. I am ready for my first lesson.Good morning Dr. Chandra. This is Hal. I am ready for my first lesson.Good morning Dr. Chandra. This is Hal. I am ready for my first lesson.Good morning Dr. Chandra. This is Hal. I am ready for my first lesson.Good morning Dr. Chandra. This is Hal. I am ready for my first lesson.Good morning Dr. Chandra. This is Hal. I am ready for my first lesson.Good morning Dr. Chandra. This is Hal. I am ready for my first lesson.";
                                                          __malloc_main_l34;
                                                          __malloc_w_miniz_def_alloc_func_l169;
                                                          __malloc_w_miniz_def_alloc_func_l169_0}
                                       (origin: Misaligned) }} or UNINITIALIZED or ESCAPINGADDR
  __malloc_w_miniz_def_alloc_func_l169_0[0..43791] ∈
                                        {{ garbled mix of &{in_bytes;
                                                            out_bytes;
                                                            "Good morning Dr. Chandra. This is Hal. I am ready for my first lesson.Good morning Dr. Chandra. This is Hal. I am ready for my first lesson.Good morning Dr. Chandra. This is Hal. I am ready for my first lesson.Good morning Dr. Chandra. This is Hal. I am ready for my first lesson.Good morning Dr. Chandra. This is Hal. I am ready for my first lesson.Good morning Dr. Chandra. This is Hal. I am ready for my first lesson.Good morning Dr. Chandra. This is Hal. I am ready for my first lesson.";
                                                            __malloc_main_l34;
                                                            __malloc_w_miniz_def_alloc_func_l169;
                                                            __malloc_w_miniz_def_alloc_func_l169_0}
                                         (origin: Misaligned) }} or UNINITIALIZED or ESCAPINGADDR
[eva:final-states] Values at end of function tdefl_compress:
  in_bytes ∈
          {{ garbled mix of &{in_bytes; out_bytes;
                              "Good morning Dr. Chandra. This is Hal. I am ready for my first lesson.Good morning Dr. Chandra. This is Hal. I am ready for my first lesson.Good morning Dr. Chandra. This is Hal. I am ready for my first lesson.Good morning Dr. Chandra. This is Hal. I am ready for my first lesson.Good morning Dr. Chandra. This is Hal. I am ready for my first lesson.Good morning Dr. Chandra. This is Hal. I am ready for my first lesson.Good morning Dr. Chandra. This is Hal. I am ready for my first lesson.";
                              __malloc_main_l34;
                              __malloc_w_miniz_def_alloc_func_l169;
                              __malloc_w_miniz_def_alloc_func_l169_0}
           (origin: Misaligned) }} or UNINITIALIZED or ESCAPINGADDR
  out_bytes ∈
           {{ garbled mix of &{in_bytes; out_bytes;
                               "Good morning Dr. Chandra. This is Hal. I am ready for my first lesson.Good morning Dr. Chandra. This is Hal. I am ready for my first lesson.Good morning Dr. Chandra. This is Hal. I am ready for my first lesson.Good morning Dr. Chandra. This is Hal. I am ready for my first lesson.Good morning Dr. Chandra. This is Hal. I am ready for my first lesson.Good morning Dr. Chandra. This is Hal. I am ready for my first lesson.Good morning Dr. Chandra. This is Hal. I am ready for my first lesson.";
                               __malloc_main_l34;
                               __malloc_w_miniz_def_alloc_func_l169;
                               __malloc_w_miniz_def_alloc_func_l169_0}
            (origin: Misaligned) }} or UNINITIALIZED or ESCAPINGADDR
  __retres ∈
          {{ garbled mix of &{in_bytes; out_bytes;
                              "Good morning Dr. Chandra. This is Hal. I am ready for my first lesson.Good morning Dr. Chandra. This is Hal. I am ready for my first lesson.Good morning Dr. Chandra. This is Hal. I am ready for my first lesson.Good morning Dr. Chandra. This is Hal. I am ready for my first lesson.Good morning Dr. Chandra. This is Hal. I am ready for my first lesson.Good morning Dr. Chandra. This is Hal. I am ready for my first lesson.Good morning Dr. Chandra. This is Hal. I am ready for my first lesson.";
                              __malloc_main_l34;
                              __malloc_w_miniz_def_alloc_func_l169;
                              __malloc_w_miniz_def_alloc_func_l169_0}
           (origin: Misaligned) }}
  __malloc_main_l34[0..18446744073709551615] ∈
                   {{ garbled mix of &{in_bytes; out_bytes;
                                       "Good morning Dr. Chandra. This is Hal. I am ready for my first lesson.Good morning Dr. Chandra. This is Hal. I am ready for my first lesson.Good morning Dr. Chandra. This is Hal. I am ready for my first lesson.Good morning Dr. Chandra. This is Hal. I am ready for my first lesson.Good morning Dr. Chandra. This is Hal. I am ready for my first lesson.Good morning Dr. Chandra. This is Hal. I am ready for my first lesson.Good morning Dr. Chandra. This is Hal. I am ready for my first lesson.";
                                       __malloc_main_l34;
                                       __malloc_w_miniz_def_alloc_func_l169;
                                       __malloc_w_miniz_def_alloc_func_l169_0}
                    (origin: Misaligned) }} or UNINITIALIZED or ESCAPINGADDR
  __malloc_w_miniz_def_alloc_func_l169[0..319351] ∈
                                      {{ garbled mix of &{in_bytes;
                                                          out_bytes;
                                                          "Good morning Dr. Chandra. This is Hal. I am ready for my first lesson.Good morning Dr. Chandra. This is Hal. I am ready for my first lesson.Good morning Dr. Chandra. This is Hal. I am ready for my first lesson.Good morning Dr. Chandra. This is Hal. I am ready for my first lesson.Good morning Dr. Chandra. This is Hal. I am ready for my first lesson.Good morning Dr. Chandra. This is Hal. I am ready for my first lesson.Good morning Dr. Chandra. This is Hal. I am ready for my first lesson.";
                                                          __malloc_main_l34;
                                                          __malloc_w_miniz_def_alloc_func_l169;
                                                          __malloc_w_miniz_def_alloc_func_l169_0}
                                       (origin: Misaligned) }} or UNINITIALIZED or ESCAPINGADDR
  __malloc_w_miniz_def_alloc_func_l169_0[0..43791] ∈
                                        {{ garbled mix of &{in_bytes;
                                                            out_bytes;
                                                            "Good morning Dr. Chandra. This is Hal. I am ready for my first lesson.Good morning Dr. Chandra. This is Hal. I am ready for my first lesson.Good morning Dr. Chandra. This is Hal. I am ready for my first lesson.Good morning Dr. Chandra. This is Hal. I am ready for my first lesson.Good morning Dr. Chandra. This is Hal. I am ready for my first lesson.Good morning Dr. Chandra. This is Hal. I am ready for my first lesson.Good morning Dr. Chandra. This is Hal. I am ready for my first lesson.";
                                                            __malloc_main_l34;
                                                            __malloc_w_miniz_def_alloc_func_l169;
                                                            __malloc_w_miniz_def_alloc_func_l169_0}
                                         (origin: Misaligned) }} or UNINITIALIZED or ESCAPINGADDR
[eva:final-states] Values at end of function mz_deflate:
  in_bytes ∈
          {{ garbled mix of &{in_bytes; out_bytes;
                              "Good morning Dr. Chandra. This is Hal. I am ready for my first lesson.Good morning Dr. Chandra. This is Hal. I am ready for my first lesson.Good morning Dr. Chandra. This is Hal. I am ready for my first lesson.Good morning Dr. Chandra. This is Hal. I am ready for my first lesson.Good morning Dr. Chandra. This is Hal. I am ready for my first lesson.Good morning Dr. Chandra. This is Hal. I am ready for my first lesson.Good morning Dr. Chandra. This is Hal. I am ready for my first lesson.";
                              __malloc_main_l34;
                              __malloc_w_miniz_def_alloc_func_l169;
                              __malloc_w_miniz_def_alloc_func_l169_0}
           (origin: Misaligned) }} or UNINITIALIZED
  out_bytes ∈
           {{ garbled mix of &{in_bytes; out_bytes;
                               "Good morning Dr. Chandra. This is Hal. I am ready for my first lesson.Good morning Dr. Chandra. This is Hal. I am ready for my first lesson.Good morning Dr. Chandra. This is Hal. I am ready for my first lesson.Good morning Dr. Chandra. This is Hal. I am ready for my first lesson.Good morning Dr. Chandra. This is Hal. I am ready for my first lesson.Good morning Dr. Chandra. This is Hal. I am ready for my first lesson.Good morning Dr. Chandra. This is Hal. I am ready for my first lesson.";
                               __malloc_main_l34;
                               __malloc_w_miniz_def_alloc_func_l169;
                               __malloc_w_miniz_def_alloc_func_l169_0}
            (origin: Misaligned) }} or UNINITIALIZED
  orig_total_in ∈ {0} or UNINITIALIZED
  orig_total_out ∈ {0} or UNINITIALIZED
  mz_status ∈ {-2; 0; 1}
  stream{.next_in; .avail_in} ∈
        {{ garbled mix of &{in_bytes; out_bytes;
                            "Good morning Dr. Chandra. This is Hal. I am ready for my first lesson.Good morning Dr. Chandra. This is Hal. I am ready for my first lesson.Good morning Dr. Chandra. This is Hal. I am ready for my first lesson.Good morning Dr. Chandra. This is Hal. I am ready for my first lesson.Good morning Dr. Chandra. This is Hal. I am ready for my first lesson.Good morning Dr. Chandra. This is Hal. I am ready for my first lesson.Good morning Dr. Chandra. This is Hal. I am ready for my first lesson.";
                            __malloc_main_l34;
                            __malloc_w_miniz_def_alloc_func_l169;
                            __malloc_w_miniz_def_alloc_func_l169_0}
         (origin: Misaligned) }}
        .[bits 96 to 127] ∈ {0}
        {.total_in; .next_out; .avail_out} ∈
        {{ garbled mix of &{in_bytes; out_bytes;
                            "Good morning Dr. Chandra. This is Hal. I am ready for my first lesson.Good morning Dr. Chandra. This is Hal. I am ready for my first lesson.Good morning Dr. Chandra. This is Hal. I am ready for my first lesson.Good morning Dr. Chandra. This is Hal. I am ready for my first lesson.Good morning Dr. Chandra. This is Hal. I am ready for my first lesson.Good morning Dr. Chandra. This is Hal. I am ready for my first lesson.Good morning Dr. Chandra. This is Hal. I am ready for my first lesson.";
                            __malloc_main_l34;
                            __malloc_w_miniz_def_alloc_func_l169;
                            __malloc_w_miniz_def_alloc_func_l169_0}
         (origin: Misaligned) }}
        .[bits 288 to 319] ∈ {0}
        .total_out ∈
        {{ garbled mix of &{in_bytes; out_bytes;
                            "Good morning Dr. Chandra. This is Hal. I am ready for my first lesson.Good morning Dr. Chandra. This is Hal. I am ready for my first lesson.Good morning Dr. Chandra. This is Hal. I am ready for my first lesson.Good morning Dr. Chandra. This is Hal. I am ready for my first lesson.Good morning Dr. Chandra. This is Hal. I am ready for my first lesson.Good morning Dr. Chandra. This is Hal. I am ready for my first lesson.Good morning Dr. Chandra. This is Hal. I am ready for my first lesson.";
                            __malloc_main_l34;
                            __malloc_w_miniz_def_alloc_func_l169;
                            __malloc_w_miniz_def_alloc_func_l169_0}
         (origin: Misaligned) }}
        .msg ∈ {0}
        .state ∈
        {{ NULL ;
           (struct mz_internal_state *)&__malloc_w_miniz_def_alloc_func_l169 }}
        .zalloc ∈ {{ &miniz_def_alloc_func }}
        .zfree ∈ {{ &miniz_def_free_func }}
        {.opaque; .data_type; .[bits 736 to 767]} ∈ {0}
        .adler ∈
        {{ garbled mix of &{in_bytes; out_bytes;
                            "Good morning Dr. Chandra. This is Hal. I am ready for my first lesson.Good morning Dr. Chandra. This is Hal. I am ready for my first lesson.Good morning Dr. Chandra. This is Hal. I am ready for my first lesson.Good morning Dr. Chandra. This is Hal. I am ready for my first lesson.Good morning Dr. Chandra. This is Hal. I am ready for my first lesson.Good morning Dr. Chandra. This is Hal. I am ready for my first lesson.Good morning Dr. Chandra. This is Hal. I am ready for my first lesson.";
                            __malloc_main_l34;
                            __malloc_w_miniz_def_alloc_func_l169;
                            __malloc_w_miniz_def_alloc_func_l169_0}
         (origin: Misaligned) }}
        .reserved ∈ {0}
  __retres ∈ {-5; -2; 0; 1}
  __malloc_main_l34[0..18446744073709551615] ∈
                   {{ garbled mix of &{in_bytes; out_bytes;
                                       "Good morning Dr. Chandra. This is Hal. I am ready for my first lesson.Good morning Dr. Chandra. This is Hal. I am ready for my first lesson.Good morning Dr. Chandra. This is Hal. I am ready for my first lesson.Good morning Dr. Chandra. This is Hal. I am ready for my first lesson.Good morning Dr. Chandra. This is Hal. I am ready for my first lesson.Good morning Dr. Chandra. This is Hal. I am ready for my first lesson.Good morning Dr. Chandra. This is Hal. I am ready for my first lesson.";
                                       __malloc_main_l34;
                                       __malloc_w_miniz_def_alloc_func_l169;
                                       __malloc_w_miniz_def_alloc_func_l169_0}
                    (origin: Misaligned) }} or UNINITIALIZED or ESCAPINGADDR
  __malloc_w_miniz_def_alloc_func_l169[0..319351] ∈
                                      {{ garbled mix of &{in_bytes;
                                                          out_bytes;
                                                          "Good morning Dr. Chandra. This is Hal. I am ready for my first lesson.Good morning Dr. Chandra. This is Hal. I am ready for my first lesson.Good morning Dr. Chandra. This is Hal. I am ready for my first lesson.Good morning Dr. Chandra. This is Hal. I am ready for my first lesson.Good morning Dr. Chandra. This is Hal. I am ready for my first lesson.Good morning Dr. Chandra. This is Hal. I am ready for my first lesson.Good morning Dr. Chandra. This is Hal. I am ready for my first lesson.";
                                                          __malloc_main_l34;
                                                          __malloc_w_miniz_def_alloc_func_l169;
                                                          __malloc_w_miniz_def_alloc_func_l169_0}
                                       (origin: Misaligned) }} or UNINITIALIZED or ESCAPINGADDR
  __malloc_w_miniz_def_alloc_func_l169_0[0..43791] ∈
                                        {{ garbled mix of &{in_bytes;
                                                            out_bytes;
                                                            "Good morning Dr. Chandra. This is Hal. I am ready for my first lesson.Good morning Dr. Chandra. This is Hal. I am ready for my first lesson.Good morning Dr. Chandra. This is Hal. I am ready for my first lesson.Good morning Dr. Chandra. This is Hal. I am ready for my first lesson.Good morning Dr. Chandra. This is Hal. I am ready for my first lesson.Good morning Dr. Chandra. This is Hal. I am ready for my first lesson.Good morning Dr. Chandra. This is Hal. I am ready for my first lesson.";
                                                            __malloc_main_l34;
                                                            __malloc_w_miniz_def_alloc_func_l169;
                                                            __malloc_w_miniz_def_alloc_func_l169_0}
                                         (origin: Misaligned) }} or UNINITIALIZED or ESCAPINGADDR
[eva:final-states] Values at end of function mz_compress2:
  __fc_heap_status ∈ [--..--]
  cmp_len ∈
         {{ garbled mix of &{"Good morning Dr. Chandra. This is Hal. I am ready for my first lesson.Good morning Dr. Chandra. This is Hal. I am ready for my first lesson.Good morning Dr. Chandra. This is Hal. I am ready for my first lesson.Good morning Dr. Chandra. This is Hal. I am ready for my first lesson.Good morning Dr. Chandra. This is Hal. I am ready for my first lesson.Good morning Dr. Chandra. This is Hal. I am ready for my first lesson.Good morning Dr. Chandra. This is Hal. I am ready for my first lesson.";
                             __malloc_main_l34;
                             __malloc_w_miniz_def_alloc_func_l169;
                             __malloc_w_miniz_def_alloc_func_l169_0}
          (origin: Misaligned) }} or ESCAPINGADDR
  uncomp_len ∈
            {{ garbled mix of &{"Good morning Dr. Chandra. This is Hal. I am ready for my first lesson.Good morning Dr. Chandra. This is Hal. I am ready for my first lesson.Good morning Dr. Chandra. This is Hal. I am ready for my first lesson.Good morning Dr. Chandra. This is Hal. I am ready for my first lesson.Good morning Dr. Chandra. This is Hal. I am ready for my first lesson.Good morning Dr. Chandra. This is Hal. I am ready for my first lesson.Good morning Dr. Chandra. This is Hal. I am ready for my first lesson.";
                                __malloc_w_miniz_def_alloc_func_l169;
                                __malloc_w_miniz_def_alloc_func_l169_0}
             (origin: Misaligned) }} or ESCAPINGADDR
  status ∈ {-5; -4; -2; 0; 1} or UNINITIALIZED
  stream{.next_in; .avail_in} ∈
        {{ garbled mix of &{"Good morning Dr. Chandra. This is Hal. I am ready for my first lesson.Good morning Dr. Chandra. This is Hal. I am ready for my first lesson.Good morning Dr. Chandra. This is Hal. I am ready for my first lesson.Good morning Dr. Chandra. This is Hal. I am ready for my first lesson.Good morning Dr. Chandra. This is Hal. I am ready for my first lesson.Good morning Dr. Chandra. This is Hal. I am ready for my first lesson.Good morning Dr. Chandra. This is Hal. I am ready for my first lesson.";
                            __malloc_main_l34;
                            __malloc_w_miniz_def_alloc_func_l169;
                            __malloc_w_miniz_def_alloc_func_l169_0}
         (origin: Misaligned) }} or ESCAPINGADDR
        .[bits 96 to 127] ∈ {0}
        {.total_in; .next_out; .avail_out} ∈
        {{ garbled mix of &{"Good morning Dr. Chandra. This is Hal. I am ready for my first lesson.Good morning Dr. Chandra. This is Hal. I am ready for my first lesson.Good morning Dr. Chandra. This is Hal. I am ready for my first lesson.Good morning Dr. Chandra. This is Hal. I am ready for my first lesson.Good morning Dr. Chandra. This is Hal. I am ready for my first lesson.Good morning Dr. Chandra. This is Hal. I am ready for my first lesson.Good morning Dr. Chandra. This is Hal. I am ready for my first lesson.";
                            __malloc_main_l34;
                            __malloc_w_miniz_def_alloc_func_l169;
                            __malloc_w_miniz_def_alloc_func_l169_0}
         (origin: Misaligned) }} or ESCAPINGADDR
        .[bits 288 to 319] ∈ {0}
        .total_out ∈
        {{ garbled mix of &{"Good morning Dr. Chandra. This is Hal. I am ready for my first lesson.Good morning Dr. Chandra. This is Hal. I am ready for my first lesson.Good morning Dr. Chandra. This is Hal. I am ready for my first lesson.Good morning Dr. Chandra. This is Hal. I am ready for my first lesson.Good morning Dr. Chandra. This is Hal. I am ready for my first lesson.Good morning Dr. Chandra. This is Hal. I am ready for my first lesson.Good morning Dr. Chandra. This is Hal. I am ready for my first lesson.";
                            __malloc_main_l34;
                            __malloc_w_miniz_def_alloc_func_l169;
                            __malloc_w_miniz_def_alloc_func_l169_0}
         (origin: Misaligned) }} or ESCAPINGADDR
        .msg ∈ {0}
        .state ∈
        {{ NULL ;
           (struct mz_internal_state *)&__malloc_w_miniz_def_alloc_func_l169 }}
        .zalloc ∈ {{ NULL ; &miniz_def_alloc_func }}
        .zfree ∈ {{ NULL ; &miniz_def_free_func }}
        {.opaque; .data_type; .[bits 736 to 767]} ∈ {0}
        .adler ∈
        {{ garbled mix of &{"Good morning Dr. Chandra. This is Hal. I am ready for my first lesson.Good morning Dr. Chandra. This is Hal. I am ready for my first lesson.Good morning Dr. Chandra. This is Hal. I am ready for my first lesson.Good morning Dr. Chandra. This is Hal. I am ready for my first lesson.Good morning Dr. Chandra. This is Hal. I am ready for my first lesson.Good morning Dr. Chandra. This is Hal. I am ready for my first lesson.Good morning Dr. Chandra. This is Hal. I am ready for my first lesson.";
                            __malloc_main_l34;
                            __malloc_w_miniz_def_alloc_func_l169;
                            __malloc_w_miniz_def_alloc_func_l169_0}
         (origin: Misaligned) }} or ESCAPINGADDR
        .reserved ∈ {0}
  __retres ∈ {-10000; -5; -4; -2; 0}
  S___fc_stdout[0].__fc_FILE_id ∈ [--..--]
               [0].__fc_FILE_data ∈
               {{ garbled mix of &{"Good morning Dr. Chandra. This is Hal. I am ready for my first lesson.Good morning Dr. Chandra. This is Hal. I am ready for my first lesson.Good morning Dr. Chandra. This is Hal. I am ready for my first lesson.Good morning Dr. Chandra. This is Hal. I am ready for my first lesson.Good morning Dr. Chandra. This is Hal. I am ready for my first lesson.Good morning Dr. Chandra. This is Hal. I am ready for my first lesson.Good morning Dr. Chandra. This is Hal. I am ready for my first lesson.";
                                   __malloc_w_miniz_def_alloc_func_l169;
                                   __malloc_w_miniz_def_alloc_func_l169_0}
                (origin: Misaligned) }} or ESCAPINGADDR
               [1] ∈ [--..--]
  __malloc_main_l34[0..18446744073709551615] ∈
                   {{ garbled mix of &{"Good morning Dr. Chandra. This is Hal. I am ready for my first lesson.Good morning Dr. Chandra. This is Hal. I am ready for my first lesson.Good morning Dr. Chandra. This is Hal. I am ready for my first lesson.Good morning Dr. Chandra. This is Hal. I am ready for my first lesson.Good morning Dr. Chandra. This is Hal. I am ready for my first lesson.Good morning Dr. Chandra. This is Hal. I am ready for my first lesson.Good morning Dr. Chandra. This is Hal. I am ready for my first lesson.";
                                       __malloc_main_l34;
                                       __malloc_w_miniz_def_alloc_func_l169;
                                       __malloc_w_miniz_def_alloc_func_l169_0}
                    (origin: Misaligned) }} or UNINITIALIZED or ESCAPINGADDR
  __malloc_w_miniz_def_alloc_func_l169[0..319351] ∈
                                      {{ garbled mix of &{"Good morning Dr. Chandra. This is Hal. I am ready for my first lesson.Good morning Dr. Chandra. This is Hal. I am ready for my first lesson.Good morning Dr. Chandra. This is Hal. I am ready for my first lesson.Good morning Dr. Chandra. This is Hal. I am ready for my first lesson.Good morning Dr. Chandra. This is Hal. I am ready for my first lesson.Good morning Dr. Chandra. This is Hal. I am ready for my first lesson.Good morning Dr. Chandra. This is Hal. I am ready for my first lesson.";
                                                          __malloc_main_l34;
                                                          __malloc_w_miniz_def_alloc_func_l169;
                                                          __malloc_w_miniz_def_alloc_func_l169_0}
                                       (origin: Misaligned) }} or UNINITIALIZED or ESCAPINGADDR
  __malloc_w_miniz_def_alloc_func_l169_0[0..43791] ∈
                                        {{ garbled mix of &{"Good morning Dr. Chandra. This is Hal. I am ready for my first lesson.Good morning Dr. Chandra. This is Hal. I am ready for my first lesson.Good morning Dr. Chandra. This is Hal. I am ready for my first lesson.Good morning Dr. Chandra. This is Hal. I am ready for my first lesson.Good morning Dr. Chandra. This is Hal. I am ready for my first lesson.Good morning Dr. Chandra. This is Hal. I am ready for my first lesson.Good morning Dr. Chandra. This is Hal. I am ready for my first lesson.";
                                                            __malloc_main_l34;
                                                            __malloc_w_miniz_def_alloc_func_l169;
                                                            __malloc_w_miniz_def_alloc_func_l169_0}
                                         (origin: Misaligned) }} or UNINITIALIZED or ESCAPINGADDR
[eva:final-states] Values at end of function mz_compress:
  __fc_heap_status ∈ [--..--]
  cmp_len ∈
         {{ garbled mix of &{"Good morning Dr. Chandra. This is Hal. I am ready for my first lesson.Good morning Dr. Chandra. This is Hal. I am ready for my first lesson.Good morning Dr. Chandra. This is Hal. I am ready for my first lesson.Good morning Dr. Chandra. This is Hal. I am ready for my first lesson.Good morning Dr. Chandra. This is Hal. I am ready for my first lesson.Good morning Dr. Chandra. This is Hal. I am ready for my first lesson.Good morning Dr. Chandra. This is Hal. I am ready for my first lesson.";
                             __malloc_main_l34;
                             __malloc_w_miniz_def_alloc_func_l169;
                             __malloc_w_miniz_def_alloc_func_l169_0}
          (origin: Misaligned) }} or ESCAPINGADDR
  uncomp_len ∈
            {{ garbled mix of &{"Good morning Dr. Chandra. This is Hal. I am ready for my first lesson.Good morning Dr. Chandra. This is Hal. I am ready for my first lesson.Good morning Dr. Chandra. This is Hal. I am ready for my first lesson.Good morning Dr. Chandra. This is Hal. I am ready for my first lesson.Good morning Dr. Chandra. This is Hal. I am ready for my first lesson.Good morning Dr. Chandra. This is Hal. I am ready for my first lesson.Good morning Dr. Chandra. This is Hal. I am ready for my first lesson.";
                                __malloc_w_miniz_def_alloc_func_l169;
                                __malloc_w_miniz_def_alloc_func_l169_0}
             (origin: Misaligned) }} or ESCAPINGADDR
  S___fc_stdout[0].__fc_FILE_id ∈ [--..--]
               [0].__fc_FILE_data ∈
               {{ garbled mix of &{"Good morning Dr. Chandra. This is Hal. I am ready for my first lesson.Good morning Dr. Chandra. This is Hal. I am ready for my first lesson.Good morning Dr. Chandra. This is Hal. I am ready for my first lesson.Good morning Dr. Chandra. This is Hal. I am ready for my first lesson.Good morning Dr. Chandra. This is Hal. I am ready for my first lesson.Good morning Dr. Chandra. This is Hal. I am ready for my first lesson.Good morning Dr. Chandra. This is Hal. I am ready for my first lesson.";
                                   __malloc_w_miniz_def_alloc_func_l169;
                                   __malloc_w_miniz_def_alloc_func_l169_0}
                (origin: Misaligned) }} or ESCAPINGADDR
               [1] ∈ [--..--]
  __malloc_main_l34[0..18446744073709551615] ∈
                   {{ garbled mix of &{"Good morning Dr. Chandra. This is Hal. I am ready for my first lesson.Good morning Dr. Chandra. This is Hal. I am ready for my first lesson.Good morning Dr. Chandra. This is Hal. I am ready for my first lesson.Good morning Dr. Chandra. This is Hal. I am ready for my first lesson.Good morning Dr. Chandra. This is Hal. I am ready for my first lesson.Good morning Dr. Chandra. This is Hal. I am ready for my first lesson.Good morning Dr. Chandra. This is Hal. I am ready for my first lesson.";
                                       __malloc_main_l34;
                                       __malloc_w_miniz_def_alloc_func_l169;
                                       __malloc_w_miniz_def_alloc_func_l169_0}
                    (origin: Misaligned) }} or UNINITIALIZED or ESCAPINGADDR
  __malloc_w_miniz_def_alloc_func_l169[0..319351] ∈
                                      {{ garbled mix of &{"Good morning Dr. Chandra. This is Hal. I am ready for my first lesson.Good morning Dr. Chandra. This is Hal. I am ready for my first lesson.Good morning Dr. Chandra. This is Hal. I am ready for my first lesson.Good morning Dr. Chandra. This is Hal. I am ready for my first lesson.Good morning Dr. Chandra. This is Hal. I am ready for my first lesson.Good morning Dr. Chandra. This is Hal. I am ready for my first lesson.Good morning Dr. Chandra. This is Hal. I am ready for my first lesson.";
                                                          __malloc_main_l34;
                                                          __malloc_w_miniz_def_alloc_func_l169;
                                                          __malloc_w_miniz_def_alloc_func_l169_0}
                                       (origin: Misaligned) }} or UNINITIALIZED or ESCAPINGADDR
  __malloc_w_miniz_def_alloc_func_l169_0[0..43791] ∈
                                        {{ garbled mix of &{"Good morning Dr. Chandra. This is Hal. I am ready for my first lesson.Good morning Dr. Chandra. This is Hal. I am ready for my first lesson.Good morning Dr. Chandra. This is Hal. I am ready for my first lesson.Good morning Dr. Chandra. This is Hal. I am ready for my first lesson.Good morning Dr. Chandra. This is Hal. I am ready for my first lesson.Good morning Dr. Chandra. This is Hal. I am ready for my first lesson.Good morning Dr. Chandra. This is Hal. I am ready for my first lesson.";
                                                            __malloc_main_l34;
                                                            __malloc_w_miniz_def_alloc_func_l169;
                                                            __malloc_w_miniz_def_alloc_func_l169_0}
                                         (origin: Misaligned) }} or UNINITIALIZED or ESCAPINGADDR
[eva:final-states] Values at end of function tinfl_decompress:
  in_bytes ∈
          {{ garbled mix of &{"Good morning Dr. Chandra. This is Hal. I am ready for my first lesson.Good morning Dr. Chandra. This is Hal. I am ready for my first lesson.Good morning Dr. Chandra. This is Hal. I am ready for my first lesson.Good morning Dr. Chandra. This is Hal. I am ready for my first lesson.Good morning Dr. Chandra. This is Hal. I am ready for my first lesson.Good morning Dr. Chandra. This is Hal. I am ready for my first lesson.Good morning Dr. Chandra. This is Hal. I am ready for my first lesson.";
                              __malloc_main_l34; __malloc_main_l35;
                              __malloc_w_miniz_def_alloc_func_l169;
                              __malloc_w_miniz_def_alloc_func_l169_0}
           (origin: Misaligned) }}
  out_bytes ∈
           {{ garbled mix of &{"Good morning Dr. Chandra. This is Hal. I am ready for my first lesson.Good morning Dr. Chandra. This is Hal. I am ready for my first lesson.Good morning Dr. Chandra. This is Hal. I am ready for my first lesson.Good morning Dr. Chandra. This is Hal. I am ready for my first lesson.Good morning Dr. Chandra. This is Hal. I am ready for my first lesson.Good morning Dr. Chandra. This is Hal. I am ready for my first lesson.Good morning Dr. Chandra. This is Hal. I am ready for my first lesson.";
                               __malloc_main_l34; __malloc_main_l35;
                               __malloc_w_miniz_def_alloc_func_l169;
                               __malloc_w_miniz_def_alloc_func_l169_0}
            (origin: Misaligned) }}
  status ∈
        {TINFL_STATUS_FAILED_CANNOT_MAKE_PROGRESS;
         TINFL_STATUS_ADLER32_MISMATCH; TINFL_STATUS_FAILED;
         TINFL_STATUS_DONE; TINFL_STATUS_HAS_MORE_OUTPUT}
  num_bits ∈
          {{ garbled mix of &{"Good morning Dr. Chandra. This is Hal. I am ready for my first lesson.Good morning Dr. Chandra. This is Hal. I am ready for my first lesson.Good morning Dr. Chandra. This is Hal. I am ready for my first lesson.Good morning Dr. Chandra. This is Hal. I am ready for my first lesson.Good morning Dr. Chandra. This is Hal. I am ready for my first lesson.Good morning Dr. Chandra. This is Hal. I am ready for my first lesson.Good morning Dr. Chandra. This is Hal. I am ready for my first lesson.";
                              __malloc_main_l34;
                              __malloc_w_miniz_def_alloc_func_l169;
                              __malloc_w_miniz_def_alloc_func_l169_0}
           (origin: Misaligned) }} or UNINITIALIZED
  dist ∈
      {{ garbled mix of &{"Good morning Dr. Chandra. This is Hal. I am ready for my first lesson.Good morning Dr. Chandra. This is Hal. I am ready for my first lesson.Good morning Dr. Chandra. This is Hal. I am ready for my first lesson.Good morning Dr. Chandra. This is Hal. I am ready for my first lesson.Good morning Dr. Chandra. This is Hal. I am ready for my first lesson.Good morning Dr. Chandra. This is Hal. I am ready for my first lesson.Good morning Dr. Chandra. This is Hal. I am ready for my first lesson.";
                          __malloc_main_l34;
                          __malloc_w_miniz_def_alloc_func_l169;
                          __malloc_w_miniz_def_alloc_func_l169_0}
       (origin: Misaligned) }} or UNINITIALIZED
  counter ∈
         {{ garbled mix of &{"Good morning Dr. Chandra. This is Hal. I am ready for my first lesson.Good morning Dr. Chandra. This is Hal. I am ready for my first lesson.Good morning Dr. Chandra. This is Hal. I am ready for my first lesson.Good morning Dr. Chandra. This is Hal. I am ready for my first lesson.Good morning Dr. Chandra. This is Hal. I am ready for my first lesson.Good morning Dr. Chandra. This is Hal. I am ready for my first lesson.Good morning Dr. Chandra. This is Hal. I am ready for my first lesson.";
                             __malloc_main_l34; __malloc_main_l35;
                             __malloc_w_miniz_def_alloc_func_l169;
                             __malloc_w_miniz_def_alloc_func_l169_0}
          (origin: Misaligned) }} or UNINITIALIZED
  num_extra ∈
           {{ garbled mix of &{"Good morning Dr. Chandra. This is Hal. I am ready for my first lesson.Good morning Dr. Chandra. This is Hal. I am ready for my first lesson.Good morning Dr. Chandra. This is Hal. I am ready for my first lesson.Good morning Dr. Chandra. This is Hal. I am ready for my first lesson.Good morning Dr. Chandra. This is Hal. I am ready for my first lesson.Good morning Dr. Chandra. This is Hal. I am ready for my first lesson.Good morning Dr. Chandra. This is Hal. I am ready for my first lesson.";
                               __malloc_main_l34;
                               __malloc_w_miniz_def_alloc_func_l169;
                               __malloc_w_miniz_def_alloc_func_l169_0}
            (origin: Misaligned) }} or UNINITIALIZED
  bit_buf ∈
         {{ garbled mix of &{"Good morning Dr. Chandra. This is Hal. I am ready for my first lesson.Good morning Dr. Chandra. This is Hal. I am ready for my first lesson.Good morning Dr. Chandra. This is Hal. I am ready for my first lesson.Good morning Dr. Chandra. This is Hal. I am ready for my first lesson.Good morning Dr. Chandra. This is Hal. I am ready for my first lesson.Good morning Dr. Chandra. This is Hal. I am ready for my first lesson.Good morning Dr. Chandra. This is Hal. I am ready for my first lesson.";
                             __malloc_main_l34;
                             __malloc_w_miniz_def_alloc_func_l169;
                             __malloc_w_miniz_def_alloc_func_l169_0}
          (origin: Misaligned) }} or UNINITIALIZED
  pIn_buf_cur ∈
             {{ garbled mix of &{"Good morning Dr. Chandra. This is Hal. I am ready for my first lesson.Good morning Dr. Chandra. This is Hal. I am ready for my first lesson.Good morning Dr. Chandra. This is Hal. I am ready for my first lesson.Good morning Dr. Chandra. This is Hal. I am ready for my first lesson.Good morning Dr. Chandra. This is Hal. I am ready for my first lesson.Good morning Dr. Chandra. This is Hal. I am ready for my first lesson.Good morning Dr. Chandra. This is Hal. I am ready for my first lesson.";
                                 __malloc_main_l34; __malloc_main_l35;
                                 __malloc_w_miniz_def_alloc_func_l169;
                                 __malloc_w_miniz_def_alloc_func_l169_0}
              (origin: Misaligned) }}
  pIn_buf_end ∈
             {{ garbled mix of &{"Good morning Dr. Chandra. This is Hal. I am ready for my first lesson.Good morning Dr. Chandra. This is Hal. I am ready for my first lesson.Good morning Dr. Chandra. This is Hal. I am ready for my first lesson.Good morning Dr. Chandra. This is Hal. I am ready for my first lesson.Good morning Dr. Chandra. This is Hal. I am ready for my first lesson.Good morning Dr. Chandra. This is Hal. I am ready for my first lesson.Good morning Dr. Chandra. This is Hal. I am ready for my first lesson.";
                                 __malloc_main_l34;
                                 __malloc_w_miniz_def_alloc_func_l169;
                                 __malloc_w_miniz_def_alloc_func_l169_0}
              (origin: Misaligned) }}
  pOut_buf_cur ∈
              {{ garbled mix of &{"Good morning Dr. Chandra. This is Hal. I am ready for my first lesson.Good morning Dr. Chandra. This is Hal. I am ready for my first lesson.Good morning Dr. Chandra. This is Hal. I am ready for my first lesson.Good morning Dr. Chandra. This is Hal. I am ready for my first lesson.Good morning Dr. Chandra. This is Hal. I am ready for my first lesson.Good morning Dr. Chandra. This is Hal. I am ready for my first lesson.Good morning Dr. Chandra. This is Hal. I am ready for my first lesson.";
                                  __malloc_main_l34; __malloc_main_l35;
                                  __malloc_w_miniz_def_alloc_func_l169;
                                  __malloc_w_miniz_def_alloc_func_l169_0}
               (origin: Misaligned) }}
  pOut_buf_end ∈
              {{ garbled mix of &{"Good morning Dr. Chandra. This is Hal. I am ready for my first lesson.Good morning Dr. Chandra. This is Hal. I am ready for my first lesson.Good morning Dr. Chandra. This is Hal. I am ready for my first lesson.Good morning Dr. Chandra. This is Hal. I am ready for my first lesson.Good morning Dr. Chandra. This is Hal. I am ready for my first lesson.Good morning Dr. Chandra. This is Hal. I am ready for my first lesson.Good morning Dr. Chandra. This is Hal. I am ready for my first lesson.";
                                  __malloc_main_l34; __malloc_main_l35;
                                  __malloc_w_miniz_def_alloc_func_l169;
                                  __malloc_w_miniz_def_alloc_func_l169_0}
               (origin: Misaligned) }}
  out_buf_size_mask ∈
                   {{ garbled mix of &{"Good morning Dr. Chandra. This is Hal. I am ready for my first lesson.Good morning Dr. Chandra. This is Hal. I am ready for my first lesson.Good morning Dr. Chandra. This is Hal. I am ready for my first lesson.Good morning Dr. Chandra. This is Hal. I am ready for my first lesson.Good morning Dr. Chandra. This is Hal. I am ready for my first lesson.Good morning Dr. Chandra. This is Hal. I am ready for my first lesson.Good morning Dr. Chandra. This is Hal. I am ready for my first lesson.";
                                       __malloc_main_l34;
                                       __malloc_w_miniz_def_alloc_func_l169;
                                       __malloc_w_miniz_def_alloc_func_l169_0}
                    (origin: Misaligned) }}
  dist_from_out_buf_start ∈
                         {{ garbled mix of &{"Good morning Dr. Chandra. This is Hal. I am ready for my first lesson.Good morning Dr. Chandra. This is Hal. I am ready for my first lesson.Good morning Dr. Chandra. This is Hal. I am ready for my first lesson.Good morning Dr. Chandra. This is Hal. I am ready for my first lesson.Good morning Dr. Chandra. This is Hal. I am ready for my first lesson.Good morning Dr. Chandra. This is Hal. I am ready for my first lesson.Good morning Dr. Chandra. This is Hal. I am ready for my first lesson.";
                                             __malloc_main_l34;
                                             __malloc_main_l35;
                                             __malloc_w_miniz_def_alloc_func_l169;
                                             __malloc_w_miniz_def_alloc_func_l169_0}
                          (origin: Misaligned) }} or UNINITIALIZED
  __retres ∈
          {TINFL_STATUS_FAILED_CANNOT_MAKE_PROGRESS; TINFL_STATUS_BAD_PARAM;
           TINFL_STATUS_ADLER32_MISMATCH; TINFL_STATUS_FAILED;
           TINFL_STATUS_DONE; TINFL_STATUS_HAS_MORE_OUTPUT}
  __malloc_main_l34[0..18446744073709551615] ∈
                   {{ garbled mix of &{"Good morning Dr. Chandra. This is Hal. I am ready for my first lesson.Good morning Dr. Chandra. This is Hal. I am ready for my first lesson.Good morning Dr. Chandra. This is Hal. I am ready for my first lesson.Good morning Dr. Chandra. This is Hal. I am ready for my first lesson.Good morning Dr. Chandra. This is Hal. I am ready for my first lesson.Good morning Dr. Chandra. This is Hal. I am ready for my first lesson.Good morning Dr. Chandra. This is Hal. I am ready for my first lesson.";
                                       __malloc_main_l34;
                                       __malloc_w_miniz_def_alloc_func_l169;
                                       __malloc_w_miniz_def_alloc_func_l169_0}
                    (origin: Misaligned) }} or UNINITIALIZED or ESCAPINGADDR
  __malloc_main_l35[0..489] ∈
                   {{ garbled mix of &{"Good morning Dr. Chandra. This is Hal. I am ready for my first lesson.Good morning Dr. Chandra. This is Hal. I am ready for my first lesson.Good morning Dr. Chandra. This is Hal. I am ready for my first lesson.Good morning Dr. Chandra. This is Hal. I am ready for my first lesson.Good morning Dr. Chandra. This is Hal. I am ready for my first lesson.Good morning Dr. Chandra. This is Hal. I am ready for my first lesson.Good morning Dr. Chandra. This is Hal. I am ready for my first lesson.";
                                       __malloc_main_l34;
                                       __malloc_w_miniz_def_alloc_func_l169;
                                       __malloc_w_miniz_def_alloc_func_l169_0}
                    (origin: Misaligned) }} or UNINITIALIZED or ESCAPINGADDR
  __malloc_w_miniz_def_alloc_func_l169[0..319351] ∈
                                      {{ garbled mix of &{"Good morning Dr. Chandra. This is Hal. I am ready for my first lesson.Good morning Dr. Chandra. This is Hal. I am ready for my first lesson.Good morning Dr. Chandra. This is Hal. I am ready for my first lesson.Good morning Dr. Chandra. This is Hal. I am ready for my first lesson.Good morning Dr. Chandra. This is Hal. I am ready for my first lesson.Good morning Dr. Chandra. This is Hal. I am ready for my first lesson.Good morning Dr. Chandra. This is Hal. I am ready for my first lesson.";
                                                          __malloc_main_l34;
                                                          __malloc_w_miniz_def_alloc_func_l169;
                                                          __malloc_w_miniz_def_alloc_func_l169_0}
                                       (origin: Misaligned) }} or UNINITIALIZED or ESCAPINGADDR
  __malloc_w_miniz_def_alloc_func_l169_0[0..35] ∈
                                        {{ garbled mix of &{"Good morning Dr. Chandra. This is Hal. I am ready for my first lesson.Good morning Dr. Chandra. This is Hal. I am ready for my first lesson.Good morning Dr. Chandra. This is Hal. I am ready for my first lesson.Good morning Dr. Chandra. This is Hal. I am ready for my first lesson.Good morning Dr. Chandra. This is Hal. I am ready for my first lesson.Good morning Dr. Chandra. This is Hal. I am ready for my first lesson.Good morning Dr. Chandra. This is Hal. I am ready for my first lesson.";
                                                            __malloc_main_l34;
                                                            __malloc_w_miniz_def_alloc_func_l169;
                                                            __malloc_w_miniz_def_alloc_func_l169_0}
                                         (origin: Misaligned) }} or UNINITIALIZED or ESCAPINGADDR
                                        [36..39] ∈
                                        {{ garbled mix of &{"Good morning Dr. Chandra. This is Hal. I am ready for my first lesson.Good morning Dr. Chandra. This is Hal. I am ready for my first lesson.Good morning Dr. Chandra. This is Hal. I am ready for my first lesson.Good morning Dr. Chandra. This is Hal. I am ready for my first lesson.Good morning Dr. Chandra. This is Hal. I am ready for my first lesson.Good morning Dr. Chandra. This is Hal. I am ready for my first lesson.Good morning Dr. Chandra. This is Hal. I am ready for my first lesson.";
                                                            __malloc_main_l34;
                                                            __malloc_main_l35;
                                                            __malloc_w_miniz_def_alloc_func_l169;
                                                            __malloc_w_miniz_def_alloc_func_l169_0}
                                         (origin: Misaligned) }} or UNINITIALIZED or ESCAPINGADDR
                                        [40..63] ∈
                                        {{ garbled mix of &{"Good morning Dr. Chandra. This is Hal. I am ready for my first lesson.Good morning Dr. Chandra. This is Hal. I am ready for my first lesson.Good morning Dr. Chandra. This is Hal. I am ready for my first lesson.Good morning Dr. Chandra. This is Hal. I am ready for my first lesson.Good morning Dr. Chandra. This is Hal. I am ready for my first lesson.Good morning Dr. Chandra. This is Hal. I am ready for my first lesson.Good morning Dr. Chandra. This is Hal. I am ready for my first lesson.";
                                                            __malloc_main_l34;
                                                            __malloc_w_miniz_def_alloc_func_l169;
                                                            __malloc_w_miniz_def_alloc_func_l169_0}
                                         (origin: Misaligned) }} or UNINITIALIZED or ESCAPINGADDR
                                        [64..71] ∈
                                        {{ garbled mix of &{"Good morning Dr. Chandra. This is Hal. I am ready for my first lesson.Good morning Dr. Chandra. This is Hal. I am ready for my first lesson.Good morning Dr. Chandra. This is Hal. I am ready for my first lesson.Good morning Dr. Chandra. This is Hal. I am ready for my first lesson.Good morning Dr. Chandra. This is Hal. I am ready for my first lesson.Good morning Dr. Chandra. This is Hal. I am ready for my first lesson.Good morning Dr. Chandra. This is Hal. I am ready for my first lesson.";
                                                            __malloc_main_l34;
                                                            __malloc_main_l35;
                                                            __malloc_w_miniz_def_alloc_func_l169;
                                                            __malloc_w_miniz_def_alloc_func_l169_0}
                                         (origin: Misaligned) }} or UNINITIALIZED or ESCAPINGADDR
                                        [72..43791] ∈
                                        {{ garbled mix of &{"Good morning Dr. Chandra. This is Hal. I am ready for my first lesson.Good morning Dr. Chandra. This is Hal. I am ready for my first lesson.Good morning Dr. Chandra. This is Hal. I am ready for my first lesson.Good morning Dr. Chandra. This is Hal. I am ready for my first lesson.Good morning Dr. Chandra. This is Hal. I am ready for my first lesson.Good morning Dr. Chandra. This is Hal. I am ready for my first lesson.Good morning Dr. Chandra. This is Hal. I am ready for my first lesson.";
                                                            __malloc_main_l34;
                                                            __malloc_w_miniz_def_alloc_func_l169;
                                                            __malloc_w_miniz_def_alloc_func_l169_0}
                                         (origin: Misaligned) }} or UNINITIALIZED or ESCAPINGADDR
[eva:final-states] Values at end of function mz_inflate:
  pState ∈
        {{ (inflate_state *)&__malloc_w_miniz_def_alloc_func_l169_0 }} or UNINITIALIZED
  n ∈
   {{ garbled mix of &{"Good morning Dr. Chandra. This is Hal. I am ready for my first lesson.Good morning Dr. Chandra. This is Hal. I am ready for my first lesson.Good morning Dr. Chandra. This is Hal. I am ready for my first lesson.Good morning Dr. Chandra. This is Hal. I am ready for my first lesson.Good morning Dr. Chandra. This is Hal. I am ready for my first lesson.Good morning Dr. Chandra. This is Hal. I am ready for my first lesson.Good morning Dr. Chandra. This is Hal. I am ready for my first lesson.";
                       __malloc_main_l34;
                       __malloc_w_miniz_def_alloc_func_l169;
                       __malloc_w_miniz_def_alloc_func_l169_0}
    (origin: Misaligned) }} or UNINITIALIZED
  first_call ∈
            {{ garbled mix of &{"Good morning Dr. Chandra. This is Hal. I am ready for my first lesson.Good morning Dr. Chandra. This is Hal. I am ready for my first lesson.Good morning Dr. Chandra. This is Hal. I am ready for my first lesson.Good morning Dr. Chandra. This is Hal. I am ready for my first lesson.Good morning Dr. Chandra. This is Hal. I am ready for my first lesson.Good morning Dr. Chandra. This is Hal. I am ready for my first lesson.Good morning Dr. Chandra. This is Hal. I am ready for my first lesson.";
                                __malloc_main_l34;
                                __malloc_w_miniz_def_alloc_func_l169;
                                __malloc_w_miniz_def_alloc_func_l169_0}
             (origin: Misaligned) }} or UNINITIALIZED
  decomp_flags ∈ {8; 9; 12; 13}
  in_bytes ∈
          {{ garbled mix of &{"Good morning Dr. Chandra. This is Hal. I am ready for my first lesson.Good morning Dr. Chandra. This is Hal. I am ready for my first lesson.Good morning Dr. Chandra. This is Hal. I am ready for my first lesson.Good morning Dr. Chandra. This is Hal. I am ready for my first lesson.Good morning Dr. Chandra. This is Hal. I am ready for my first lesson.Good morning Dr. Chandra. This is Hal. I am ready for my first lesson.Good morning Dr. Chandra. This is Hal. I am ready for my first lesson.";
                              __malloc_main_l34; __malloc_main_l35;
                              __malloc_w_miniz_def_alloc_func_l169;
                              __malloc_w_miniz_def_alloc_func_l169_0}
           (origin: Misaligned) }} or UNINITIALIZED
  out_bytes ∈
           {{ garbled mix of &{"Good morning Dr. Chandra. This is Hal. I am ready for my first lesson.Good morning Dr. Chandra. This is Hal. I am ready for my first lesson.Good morning Dr. Chandra. This is Hal. I am ready for my first lesson.Good morning Dr. Chandra. This is Hal. I am ready for my first lesson.Good morning Dr. Chandra. This is Hal. I am ready for my first lesson.Good morning Dr. Chandra. This is Hal. I am ready for my first lesson.Good morning Dr. Chandra. This is Hal. I am ready for my first lesson.";
                               __malloc_main_l34; __malloc_main_l35;
                               __malloc_w_miniz_def_alloc_func_l169;
                               __malloc_w_miniz_def_alloc_func_l169_0}
            (origin: Misaligned) }} or UNINITIALIZED
  orig_avail_in ∈
               {{ garbled mix of &{"Good morning Dr. Chandra. This is Hal. I am ready for my first lesson.Good morning Dr. Chandra. This is Hal. I am ready for my first lesson.Good morning Dr. Chandra. This is Hal. I am ready for my first lesson.Good morning Dr. Chandra. This is Hal. I am ready for my first lesson.Good morning Dr. Chandra. This is Hal. I am ready for my first lesson.Good morning Dr. Chandra. This is Hal. I am ready for my first lesson.Good morning Dr. Chandra. This is Hal. I am ready for my first lesson.";
                                   __malloc_main_l34;
                                   __malloc_w_miniz_def_alloc_func_l169;
                                   __malloc_w_miniz_def_alloc_func_l169_0}
                (origin: Misaligned) }} or UNINITIALIZED
  status ∈
        {TINFL_STATUS_FAILED_CANNOT_MAKE_PROGRESS; TINFL_STATUS_BAD_PARAM;
         TINFL_STATUS_ADLER32_MISMATCH; TINFL_STATUS_FAILED;
         TINFL_STATUS_DONE; TINFL_STATUS_HAS_MORE_OUTPUT} or UNINITIALIZED
  stream{.next_in; .avail_in} ∈
        {{ garbled mix of &{"Good morning Dr. Chandra. This is Hal. I am ready for my first lesson.Good morning Dr. Chandra. This is Hal. I am ready for my first lesson.Good morning Dr. Chandra. This is Hal. I am ready for my first lesson.Good morning Dr. Chandra. This is Hal. I am ready for my first lesson.Good morning Dr. Chandra. This is Hal. I am ready for my first lesson.Good morning Dr. Chandra. This is Hal. I am ready for my first lesson.Good morning Dr. Chandra. This is Hal. I am ready for my first lesson.";
                            __malloc_main_l34; __malloc_main_l35;
                            __malloc_w_miniz_def_alloc_func_l169;
                            __malloc_w_miniz_def_alloc_func_l169_0}
         (origin: Misaligned) }}
        .[bits 96 to 127] ∈ {0}
        {.total_in; .next_out; .avail_out} ∈
        {{ garbled mix of &{"Good morning Dr. Chandra. This is Hal. I am ready for my first lesson.Good morning Dr. Chandra. This is Hal. I am ready for my first lesson.Good morning Dr. Chandra. This is Hal. I am ready for my first lesson.Good morning Dr. Chandra. This is Hal. I am ready for my first lesson.Good morning Dr. Chandra. This is Hal. I am ready for my first lesson.Good morning Dr. Chandra. This is Hal. I am ready for my first lesson.Good morning Dr. Chandra. This is Hal. I am ready for my first lesson.";
                            __malloc_main_l34; __malloc_main_l35;
                            __malloc_w_miniz_def_alloc_func_l169;
                            __malloc_w_miniz_def_alloc_func_l169_0}
         (origin: Misaligned) }}
        .[bits 288 to 319] ∈ {0}
        .total_out ∈
        {{ garbled mix of &{"Good morning Dr. Chandra. This is Hal. I am ready for my first lesson.Good morning Dr. Chandra. This is Hal. I am ready for my first lesson.Good morning Dr. Chandra. This is Hal. I am ready for my first lesson.Good morning Dr. Chandra. This is Hal. I am ready for my first lesson.Good morning Dr. Chandra. This is Hal. I am ready for my first lesson.Good morning Dr. Chandra. This is Hal. I am ready for my first lesson.Good morning Dr. Chandra. This is Hal. I am ready for my first lesson.";
                            __malloc_main_l34; __malloc_main_l35;
                            __malloc_w_miniz_def_alloc_func_l169;
                            __malloc_w_miniz_def_alloc_func_l169_0}
         (origin: Misaligned) }}
        .msg ∈ {0}
        .state ∈
        {{ NULL ;
           (struct mz_internal_state *)&__malloc_w_miniz_def_alloc_func_l169_0 }}
        .zalloc ∈ {{ &miniz_def_alloc_func }}
        .zfree ∈ {{ &miniz_def_free_func }}
        {.opaque; .data_type; .[bits 736 to 767]} ∈ {0}
        .adler ∈
        {{ garbled mix of &{"Good morning Dr. Chandra. This is Hal. I am ready for my first lesson.Good morning Dr. Chandra. This is Hal. I am ready for my first lesson.Good morning Dr. Chandra. This is Hal. I am ready for my first lesson.Good morning Dr. Chandra. This is Hal. I am ready for my first lesson.Good morning Dr. Chandra. This is Hal. I am ready for my first lesson.Good morning Dr. Chandra. This is Hal. I am ready for my first lesson.Good morning Dr. Chandra. This is Hal. I am ready for my first lesson.";
                            __malloc_main_l34;
                            __malloc_w_miniz_def_alloc_func_l169;
                            __malloc_w_miniz_def_alloc_func_l169_0}
         (origin: Misaligned) }}
        .reserved ∈ {0}
  __retres ∈ {-5; -3; -2; 0; 1}
  __malloc_main_l34[0..18446744073709551615] ∈
                   {{ garbled mix of &{"Good morning Dr. Chandra. This is Hal. I am ready for my first lesson.Good morning Dr. Chandra. This is Hal. I am ready for my first lesson.Good morning Dr. Chandra. This is Hal. I am ready for my first lesson.Good morning Dr. Chandra. This is Hal. I am ready for my first lesson.Good morning Dr. Chandra. This is Hal. I am ready for my first lesson.Good morning Dr. Chandra. This is Hal. I am ready for my first lesson.Good morning Dr. Chandra. This is Hal. I am ready for my first lesson.";
                                       __malloc_main_l34;
                                       __malloc_w_miniz_def_alloc_func_l169;
                                       __malloc_w_miniz_def_alloc_func_l169_0}
                    (origin: Misaligned) }} or UNINITIALIZED or ESCAPINGADDR
  __malloc_main_l35[0..489] ∈
                   {{ garbled mix of &{"Good morning Dr. Chandra. This is Hal. I am ready for my first lesson.Good morning Dr. Chandra. This is Hal. I am ready for my first lesson.Good morning Dr. Chandra. This is Hal. I am ready for my first lesson.Good morning Dr. Chandra. This is Hal. I am ready for my first lesson.Good morning Dr. Chandra. This is Hal. I am ready for my first lesson.Good morning Dr. Chandra. This is Hal. I am ready for my first lesson.Good morning Dr. Chandra. This is Hal. I am ready for my first lesson.";
                                       __malloc_main_l34;
                                       __malloc_w_miniz_def_alloc_func_l169;
                                       __malloc_w_miniz_def_alloc_func_l169_0}
                    (origin: Misaligned) }} or UNINITIALIZED or ESCAPINGADDR
  __malloc_w_miniz_def_alloc_func_l169[0..319351] ∈
                                      {{ garbled mix of &{"Good morning Dr. Chandra. This is Hal. I am ready for my first lesson.Good morning Dr. Chandra. This is Hal. I am ready for my first lesson.Good morning Dr. Chandra. This is Hal. I am ready for my first lesson.Good morning Dr. Chandra. This is Hal. I am ready for my first lesson.Good morning Dr. Chandra. This is Hal. I am ready for my first lesson.Good morning Dr. Chandra. This is Hal. I am ready for my first lesson.Good morning Dr. Chandra. This is Hal. I am ready for my first lesson.";
                                                          __malloc_main_l34;
                                                          __malloc_w_miniz_def_alloc_func_l169;
                                                          __malloc_w_miniz_def_alloc_func_l169_0}
                                       (origin: Misaligned) }} or UNINITIALIZED or ESCAPINGADDR
  __malloc_w_miniz_def_alloc_func_l169_0[0..35] ∈
                                        {{ garbled mix of &{"Good morning Dr. Chandra. This is Hal. I am ready for my first lesson.Good morning Dr. Chandra. This is Hal. I am ready for my first lesson.Good morning Dr. Chandra. This is Hal. I am ready for my first lesson.Good morning Dr. Chandra. This is Hal. I am ready for my first lesson.Good morning Dr. Chandra. This is Hal. I am ready for my first lesson.Good morning Dr. Chandra. This is Hal. I am ready for my first lesson.Good morning Dr. Chandra. This is Hal. I am ready for my first lesson.";
                                                            __malloc_main_l34;
                                                            __malloc_w_miniz_def_alloc_func_l169;
                                                            __malloc_w_miniz_def_alloc_func_l169_0}
                                         (origin: Misaligned) }} or UNINITIALIZED or ESCAPINGADDR
                                        [36..39] ∈
                                        {{ garbled mix of &{"Good morning Dr. Chandra. This is Hal. I am ready for my first lesson.Good morning Dr. Chandra. This is Hal. I am ready for my first lesson.Good morning Dr. Chandra. This is Hal. I am ready for my first lesson.Good morning Dr. Chandra. This is Hal. I am ready for my first lesson.Good morning Dr. Chandra. This is Hal. I am ready for my first lesson.Good morning Dr. Chandra. This is Hal. I am ready for my first lesson.Good morning Dr. Chandra. This is Hal. I am ready for my first lesson.";
                                                            __malloc_main_l34;
                                                            __malloc_main_l35;
                                                            __malloc_w_miniz_def_alloc_func_l169;
                                                            __malloc_w_miniz_def_alloc_func_l169_0}
                                         (origin: Misaligned) }} or UNINITIALIZED or ESCAPINGADDR
                                        [40..63] ∈
                                        {{ garbled mix of &{"Good morning Dr. Chandra. This is Hal. I am ready for my first lesson.Good morning Dr. Chandra. This is Hal. I am ready for my first lesson.Good morning Dr. Chandra. This is Hal. I am ready for my first lesson.Good morning Dr. Chandra. This is Hal. I am ready for my first lesson.Good morning Dr. Chandra. This is Hal. I am ready for my first lesson.Good morning Dr. Chandra. This is Hal. I am ready for my first lesson.Good morning Dr. Chandra. This is Hal. I am ready for my first lesson.";
                                                            __malloc_main_l34;
                                                            __malloc_w_miniz_def_alloc_func_l169;
                                                            __malloc_w_miniz_def_alloc_func_l169_0}
                                         (origin: Misaligned) }} or UNINITIALIZED or ESCAPINGADDR
                                        [64..71] ∈
                                        {{ garbled mix of &{"Good morning Dr. Chandra. This is Hal. I am ready for my first lesson.Good morning Dr. Chandra. This is Hal. I am ready for my first lesson.Good morning Dr. Chandra. This is Hal. I am ready for my first lesson.Good morning Dr. Chandra. This is Hal. I am ready for my first lesson.Good morning Dr. Chandra. This is Hal. I am ready for my first lesson.Good morning Dr. Chandra. This is Hal. I am ready for my first lesson.Good morning Dr. Chandra. This is Hal. I am ready for my first lesson.";
                                                            __malloc_main_l34;
                                                            __malloc_main_l35;
                                                            __malloc_w_miniz_def_alloc_func_l169;
                                                            __malloc_w_miniz_def_alloc_func_l169_0}
                                         (origin: Misaligned) }} or UNINITIALIZED or ESCAPINGADDR
                                        [72..43791] ∈
                                        {{ garbled mix of &{"Good morning Dr. Chandra. This is Hal. I am ready for my first lesson.Good morning Dr. Chandra. This is Hal. I am ready for my first lesson.Good morning Dr. Chandra. This is Hal. I am ready for my first lesson.Good morning Dr. Chandra. This is Hal. I am ready for my first lesson.Good morning Dr. Chandra. This is Hal. I am ready for my first lesson.Good morning Dr. Chandra. This is Hal. I am ready for my first lesson.Good morning Dr. Chandra. This is Hal. I am ready for my first lesson.";
                                                            __malloc_main_l34;
                                                            __malloc_w_miniz_def_alloc_func_l169;
                                                            __malloc_w_miniz_def_alloc_func_l169_0}
                                         (origin: Misaligned) }} or UNINITIALIZED or ESCAPINGADDR
[eva:final-states] Values at end of function mz_uncompress2:
  __fc_heap_status ∈ [--..--]
  cmp_len ∈
         {{ garbled mix of &{"Good morning Dr. Chandra. This is Hal. I am ready for my first lesson.Good morning Dr. Chandra. This is Hal. I am ready for my first lesson.Good morning Dr. Chandra. This is Hal. I am ready for my first lesson.Good morning Dr. Chandra. This is Hal. I am ready for my first lesson.Good morning Dr. Chandra. This is Hal. I am ready for my first lesson.Good morning Dr. Chandra. This is Hal. I am ready for my first lesson.Good morning Dr. Chandra. This is Hal. I am ready for my first lesson.";
                             __malloc_main_l34;
                             __malloc_w_miniz_def_alloc_func_l169;
                             __malloc_w_miniz_def_alloc_func_l169_0}
          (origin: Misaligned) }} or ESCAPINGADDR
  uncomp_len ∈
            {{ garbled mix of &{"Good morning Dr. Chandra. This is Hal. I am ready for my first lesson.Good morning Dr. Chandra. This is Hal. I am ready for my first lesson.Good morning Dr. Chandra. This is Hal. I am ready for my first lesson.Good morning Dr. Chandra. This is Hal. I am ready for my first lesson.Good morning Dr. Chandra. This is Hal. I am ready for my first lesson.Good morning Dr. Chandra. This is Hal. I am ready for my first lesson.Good morning Dr. Chandra. This is Hal. I am ready for my first lesson.";
                                __malloc_main_l34; __malloc_main_l35;
                                __malloc_w_miniz_def_alloc_func_l169;
                                __malloc_w_miniz_def_alloc_func_l169_0}
             (origin: Misaligned) }} or ESCAPINGADDR
  stream{.next_in; .avail_in} ∈
        {{ garbled mix of &{"Good morning Dr. Chandra. This is Hal. I am ready for my first lesson.Good morning Dr. Chandra. This is Hal. I am ready for my first lesson.Good morning Dr. Chandra. This is Hal. I am ready for my first lesson.Good morning Dr. Chandra. This is Hal. I am ready for my first lesson.Good morning Dr. Chandra. This is Hal. I am ready for my first lesson.Good morning Dr. Chandra. This is Hal. I am ready for my first lesson.Good morning Dr. Chandra. This is Hal. I am ready for my first lesson.";
                            __malloc_main_l34; __malloc_main_l35;
                            __malloc_w_miniz_def_alloc_func_l169;
                            __malloc_w_miniz_def_alloc_func_l169_0}
         (origin: Misaligned) }} or ESCAPINGADDR
        .[bits 96 to 127] ∈ {0}
        {.total_in; .next_out; .avail_out} ∈
        {{ garbled mix of &{"Good morning Dr. Chandra. This is Hal. I am ready for my first lesson.Good morning Dr. Chandra. This is Hal. I am ready for my first lesson.Good morning Dr. Chandra. This is Hal. I am ready for my first lesson.Good morning Dr. Chandra. This is Hal. I am ready for my first lesson.Good morning Dr. Chandra. This is Hal. I am ready for my first lesson.Good morning Dr. Chandra. This is Hal. I am ready for my first lesson.Good morning Dr. Chandra. This is Hal. I am ready for my first lesson.";
                            __malloc_main_l34; __malloc_main_l35;
                            __malloc_w_miniz_def_alloc_func_l169;
                            __malloc_w_miniz_def_alloc_func_l169_0}
         (origin: Misaligned) }} or ESCAPINGADDR
        .[bits 288 to 319] ∈ {0}
        .total_out ∈
        {{ garbled mix of &{"Good morning Dr. Chandra. This is Hal. I am ready for my first lesson.Good morning Dr. Chandra. This is Hal. I am ready for my first lesson.Good morning Dr. Chandra. This is Hal. I am ready for my first lesson.Good morning Dr. Chandra. This is Hal. I am ready for my first lesson.Good morning Dr. Chandra. This is Hal. I am ready for my first lesson.Good morning Dr. Chandra. This is Hal. I am ready for my first lesson.Good morning Dr. Chandra. This is Hal. I am ready for my first lesson.";
                            __malloc_main_l34; __malloc_main_l35;
                            __malloc_w_miniz_def_alloc_func_l169;
                            __malloc_w_miniz_def_alloc_func_l169_0}
         (origin: Misaligned) }} or ESCAPINGADDR
        .msg ∈ {0}
        .state ∈
        {{ NULL ;
           (struct mz_internal_state *)&__malloc_w_miniz_def_alloc_func_l169_0 }}
        .zalloc ∈ {{ NULL ; &miniz_def_alloc_func }}
        .zfree ∈ {{ NULL ; &miniz_def_free_func }}
        {.opaque; .data_type; .[bits 736 to 767]} ∈ {0}
        .adler ∈
        {{ garbled mix of &{"Good morning Dr. Chandra. This is Hal. I am ready for my first lesson.Good morning Dr. Chandra. This is Hal. I am ready for my first lesson.Good morning Dr. Chandra. This is Hal. I am ready for my first lesson.Good morning Dr. Chandra. This is Hal. I am ready for my first lesson.Good morning Dr. Chandra. This is Hal. I am ready for my first lesson.Good morning Dr. Chandra. This is Hal. I am ready for my first lesson.Good morning Dr. Chandra. This is Hal. I am ready for my first lesson.";
                            __malloc_main_l34;
                            __malloc_w_miniz_def_alloc_func_l169;
                            __malloc_w_miniz_def_alloc_func_l169_0}
         (origin: Misaligned) }} or ESCAPINGADDR
        .reserved ∈ {0}
  status ∈ {-5; -4; -3; -2; 0; 1} or UNINITIALIZED
  source_len ∈
            {{ garbled mix of &{"Good morning Dr. Chandra. This is Hal. I am ready for my first lesson.Good morning Dr. Chandra. This is Hal. I am ready for my first lesson.Good morning Dr. Chandra. This is Hal. I am ready for my first lesson.Good morning Dr. Chandra. This is Hal. I am ready for my first lesson.Good morning Dr. Chandra. This is Hal. I am ready for my first lesson.Good morning Dr. Chandra. This is Hal. I am ready for my first lesson.Good morning Dr. Chandra. This is Hal. I am ready for my first lesson.";
                                __malloc_main_l34; __malloc_main_l35;
                                __malloc_w_miniz_def_alloc_func_l169;
                                __malloc_w_miniz_def_alloc_func_l169_0}
             (origin: Misaligned) }} or ESCAPINGADDR
  __retres ∈ {-10000; -5; -4; -3; -2; 0}
  S___fc_stdout[0].__fc_FILE_id ∈ [--..--]
               [0].__fc_FILE_data ∈
               {{ garbled mix of &{"Good morning Dr. Chandra. This is Hal. I am ready for my first lesson.Good morning Dr. Chandra. This is Hal. I am ready for my first lesson.Good morning Dr. Chandra. This is Hal. I am ready for my first lesson.Good morning Dr. Chandra. This is Hal. I am ready for my first lesson.Good morning Dr. Chandra. This is Hal. I am ready for my first lesson.Good morning Dr. Chandra. This is Hal. I am ready for my first lesson.Good morning Dr. Chandra. This is Hal. I am ready for my first lesson.";
                                   __malloc_main_l34;
                                   __malloc_w_miniz_def_alloc_func_l169;
                                   __malloc_w_miniz_def_alloc_func_l169_0}
                (origin: Misaligned) }} or ESCAPINGADDR
               [1] ∈ [--..--]
  __malloc_main_l34[0..18446744073709551615] ∈
                   {{ garbled mix of &{"Good morning Dr. Chandra. This is Hal. I am ready for my first lesson.Good morning Dr. Chandra. This is Hal. I am ready for my first lesson.Good morning Dr. Chandra. This is Hal. I am ready for my first lesson.Good morning Dr. Chandra. This is Hal. I am ready for my first lesson.Good morning Dr. Chandra. This is Hal. I am ready for my first lesson.Good morning Dr. Chandra. This is Hal. I am ready for my first lesson.Good morning Dr. Chandra. This is Hal. I am ready for my first lesson.";
                                       __malloc_main_l34;
                                       __malloc_w_miniz_def_alloc_func_l169;
                                       __malloc_w_miniz_def_alloc_func_l169_0}
                    (origin: Misaligned) }} or UNINITIALIZED or ESCAPINGADDR
  __malloc_main_l35[0..489] ∈
                   {{ garbled mix of &{"Good morning Dr. Chandra. This is Hal. I am ready for my first lesson.Good morning Dr. Chandra. This is Hal. I am ready for my first lesson.Good morning Dr. Chandra. This is Hal. I am ready for my first lesson.Good morning Dr. Chandra. This is Hal. I am ready for my first lesson.Good morning Dr. Chandra. This is Hal. I am ready for my first lesson.Good morning Dr. Chandra. This is Hal. I am ready for my first lesson.Good morning Dr. Chandra. This is Hal. I am ready for my first lesson.";
                                       __malloc_main_l34;
                                       __malloc_w_miniz_def_alloc_func_l169;
                                       __malloc_w_miniz_def_alloc_func_l169_0}
                    (origin: Misaligned) }} or UNINITIALIZED or ESCAPINGADDR
  __malloc_w_miniz_def_alloc_func_l169[0..319351] ∈
                                      {{ garbled mix of &{"Good morning Dr. Chandra. This is Hal. I am ready for my first lesson.Good morning Dr. Chandra. This is Hal. I am ready for my first lesson.Good morning Dr. Chandra. This is Hal. I am ready for my first lesson.Good morning Dr. Chandra. This is Hal. I am ready for my first lesson.Good morning Dr. Chandra. This is Hal. I am ready for my first lesson.Good morning Dr. Chandra. This is Hal. I am ready for my first lesson.Good morning Dr. Chandra. This is Hal. I am ready for my first lesson.";
                                                          __malloc_main_l34;
                                                          __malloc_w_miniz_def_alloc_func_l169;
                                                          __malloc_w_miniz_def_alloc_func_l169_0}
                                       (origin: Misaligned) }} or UNINITIALIZED or ESCAPINGADDR
  __malloc_w_miniz_def_alloc_func_l169_0[0..35] ∈
                                        {{ garbled mix of &{"Good morning Dr. Chandra. This is Hal. I am ready for my first lesson.Good morning Dr. Chandra. This is Hal. I am ready for my first lesson.Good morning Dr. Chandra. This is Hal. I am ready for my first lesson.Good morning Dr. Chandra. This is Hal. I am ready for my first lesson.Good morning Dr. Chandra. This is Hal. I am ready for my first lesson.Good morning Dr. Chandra. This is Hal. I am ready for my first lesson.Good morning Dr. Chandra. This is Hal. I am ready for my first lesson.";
                                                            __malloc_main_l34;
                                                            __malloc_w_miniz_def_alloc_func_l169;
                                                            __malloc_w_miniz_def_alloc_func_l169_0}
                                         (origin: Misaligned) }} or UNINITIALIZED or ESCAPINGADDR
                                        [36..39] ∈
                                        {{ garbled mix of &{"Good morning Dr. Chandra. This is Hal. I am ready for my first lesson.Good morning Dr. Chandra. This is Hal. I am ready for my first lesson.Good morning Dr. Chandra. This is Hal. I am ready for my first lesson.Good morning Dr. Chandra. This is Hal. I am ready for my first lesson.Good morning Dr. Chandra. This is Hal. I am ready for my first lesson.Good morning Dr. Chandra. This is Hal. I am ready for my first lesson.Good morning Dr. Chandra. This is Hal. I am ready for my first lesson.";
                                                            __malloc_main_l34;
                                                            __malloc_main_l35;
                                                            __malloc_w_miniz_def_alloc_func_l169;
                                                            __malloc_w_miniz_def_alloc_func_l169_0}
                                         (origin: Misaligned) }} or UNINITIALIZED or ESCAPINGADDR
                                        [40..63] ∈
                                        {{ garbled mix of &{"Good morning Dr. Chandra. This is Hal. I am ready for my first lesson.Good morning Dr. Chandra. This is Hal. I am ready for my first lesson.Good morning Dr. Chandra. This is Hal. I am ready for my first lesson.Good morning Dr. Chandra. This is Hal. I am ready for my first lesson.Good morning Dr. Chandra. This is Hal. I am ready for my first lesson.Good morning Dr. Chandra. This is Hal. I am ready for my first lesson.Good morning Dr. Chandra. This is Hal. I am ready for my first lesson.";
                                                            __malloc_main_l34;
                                                            __malloc_w_miniz_def_alloc_func_l169;
                                                            __malloc_w_miniz_def_alloc_func_l169_0}
                                         (origin: Misaligned) }} or UNINITIALIZED or ESCAPINGADDR
                                        [64..71] ∈
                                        {{ garbled mix of &{"Good morning Dr. Chandra. This is Hal. I am ready for my first lesson.Good morning Dr. Chandra. This is Hal. I am ready for my first lesson.Good morning Dr. Chandra. This is Hal. I am ready for my first lesson.Good morning Dr. Chandra. This is Hal. I am ready for my first lesson.Good morning Dr. Chandra. This is Hal. I am ready for my first lesson.Good morning Dr. Chandra. This is Hal. I am ready for my first lesson.Good morning Dr. Chandra. This is Hal. I am ready for my first lesson.";
                                                            __malloc_main_l34;
                                                            __malloc_main_l35;
                                                            __malloc_w_miniz_def_alloc_func_l169;
                                                            __malloc_w_miniz_def_alloc_func_l169_0}
                                         (origin: Misaligned) }} or UNINITIALIZED or ESCAPINGADDR
                                        [72..43791] ∈
                                        {{ garbled mix of &{"Good morning Dr. Chandra. This is Hal. I am ready for my first lesson.Good morning Dr. Chandra. This is Hal. I am ready for my first lesson.Good morning Dr. Chandra. This is Hal. I am ready for my first lesson.Good morning Dr. Chandra. This is Hal. I am ready for my first lesson.Good morning Dr. Chandra. This is Hal. I am ready for my first lesson.Good morning Dr. Chandra. This is Hal. I am ready for my first lesson.Good morning Dr. Chandra. This is Hal. I am ready for my first lesson.";
                                                            __malloc_main_l34;
                                                            __malloc_w_miniz_def_alloc_func_l169;
                                                            __malloc_w_miniz_def_alloc_func_l169_0}
                                         (origin: Misaligned) }} or UNINITIALIZED or ESCAPINGADDR
[eva:final-states] Values at end of function mz_uncompress:
  __fc_heap_status ∈ [--..--]
  cmp_len ∈
         {{ garbled mix of &{"Good morning Dr. Chandra. This is Hal. I am ready for my first lesson.Good morning Dr. Chandra. This is Hal. I am ready for my first lesson.Good morning Dr. Chandra. This is Hal. I am ready for my first lesson.Good morning Dr. Chandra. This is Hal. I am ready for my first lesson.Good morning Dr. Chandra. This is Hal. I am ready for my first lesson.Good morning Dr. Chandra. This is Hal. I am ready for my first lesson.Good morning Dr. Chandra. This is Hal. I am ready for my first lesson.";
                             __malloc_main_l34;
                             __malloc_w_miniz_def_alloc_func_l169;
                             __malloc_w_miniz_def_alloc_func_l169_0}
          (origin: Misaligned) }} or ESCAPINGADDR
  uncomp_len ∈
            {{ garbled mix of &{"Good morning Dr. Chandra. This is Hal. I am ready for my first lesson.Good morning Dr. Chandra. This is Hal. I am ready for my first lesson.Good morning Dr. Chandra. This is Hal. I am ready for my first lesson.Good morning Dr. Chandra. This is Hal. I am ready for my first lesson.Good morning Dr. Chandra. This is Hal. I am ready for my first lesson.Good morning Dr. Chandra. This is Hal. I am ready for my first lesson.Good morning Dr. Chandra. This is Hal. I am ready for my first lesson.";
                                __malloc_main_l34; __malloc_main_l35;
                                __malloc_w_miniz_def_alloc_func_l169;
                                __malloc_w_miniz_def_alloc_func_l169_0}
             (origin: Misaligned) }} or ESCAPINGADDR
  source_len ∈
            {{ garbled mix of &{"Good morning Dr. Chandra. This is Hal. I am ready for my first lesson.Good morning Dr. Chandra. This is Hal. I am ready for my first lesson.Good morning Dr. Chandra. This is Hal. I am ready for my first lesson.Good morning Dr. Chandra. This is Hal. I am ready for my first lesson.Good morning Dr. Chandra. This is Hal. I am ready for my first lesson.Good morning Dr. Chandra. This is Hal. I am ready for my first lesson.Good morning Dr. Chandra. This is Hal. I am ready for my first lesson.";
                                __malloc_main_l34; __malloc_main_l35;
                                __malloc_w_miniz_def_alloc_func_l169;
                                __malloc_w_miniz_def_alloc_func_l169_0}
             (origin: Misaligned) }} or ESCAPINGADDR
  S___fc_stdout[0].__fc_FILE_id ∈ [--..--]
               [0].__fc_FILE_data ∈
               {{ garbled mix of &{"Good morning Dr. Chandra. This is Hal. I am ready for my first lesson.Good morning Dr. Chandra. This is Hal. I am ready for my first lesson.Good morning Dr. Chandra. This is Hal. I am ready for my first lesson.Good morning Dr. Chandra. This is Hal. I am ready for my first lesson.Good morning Dr. Chandra. This is Hal. I am ready for my first lesson.Good morning Dr. Chandra. This is Hal. I am ready for my first lesson.Good morning Dr. Chandra. This is Hal. I am ready for my first lesson.";
                                   __malloc_main_l34;
                                   __malloc_w_miniz_def_alloc_func_l169;
                                   __malloc_w_miniz_def_alloc_func_l169_0}
                (origin: Misaligned) }} or ESCAPINGADDR
               [1] ∈ [--..--]
  __malloc_main_l34[0..18446744073709551615] ∈
                   {{ garbled mix of &{"Good morning Dr. Chandra. This is Hal. I am ready for my first lesson.Good morning Dr. Chandra. This is Hal. I am ready for my first lesson.Good morning Dr. Chandra. This is Hal. I am ready for my first lesson.Good morning Dr. Chandra. This is Hal. I am ready for my first lesson.Good morning Dr. Chandra. This is Hal. I am ready for my first lesson.Good morning Dr. Chandra. This is Hal. I am ready for my first lesson.Good morning Dr. Chandra. This is Hal. I am ready for my first lesson.";
                                       __malloc_main_l34;
                                       __malloc_w_miniz_def_alloc_func_l169;
                                       __malloc_w_miniz_def_alloc_func_l169_0}
                    (origin: Misaligned) }} or UNINITIALIZED or ESCAPINGADDR
  __malloc_main_l35[0..489] ∈
                   {{ garbled mix of &{"Good morning Dr. Chandra. This is Hal. I am ready for my first lesson.Good morning Dr. Chandra. This is Hal. I am ready for my first lesson.Good morning Dr. Chandra. This is Hal. I am ready for my first lesson.Good morning Dr. Chandra. This is Hal. I am ready for my first lesson.Good morning Dr. Chandra. This is Hal. I am ready for my first lesson.Good morning Dr. Chandra. This is Hal. I am ready for my first lesson.Good morning Dr. Chandra. This is Hal. I am ready for my first lesson.";
                                       __malloc_main_l34;
                                       __malloc_w_miniz_def_alloc_func_l169;
                                       __malloc_w_miniz_def_alloc_func_l169_0}
                    (origin: Misaligned) }} or UNINITIALIZED or ESCAPINGADDR
  __malloc_w_miniz_def_alloc_func_l169[0..319351] ∈
                                      {{ garbled mix of &{"Good morning Dr. Chandra. This is Hal. I am ready for my first lesson.Good morning Dr. Chandra. This is Hal. I am ready for my first lesson.Good morning Dr. Chandra. This is Hal. I am ready for my first lesson.Good morning Dr. Chandra. This is Hal. I am ready for my first lesson.Good morning Dr. Chandra. This is Hal. I am ready for my first lesson.Good morning Dr. Chandra. This is Hal. I am ready for my first lesson.Good morning Dr. Chandra. This is Hal. I am ready for my first lesson.";
                                                          __malloc_main_l34;
                                                          __malloc_w_miniz_def_alloc_func_l169;
                                                          __malloc_w_miniz_def_alloc_func_l169_0}
                                       (origin: Misaligned) }} or UNINITIALIZED or ESCAPINGADDR
  __malloc_w_miniz_def_alloc_func_l169_0[0..35] ∈
                                        {{ garbled mix of &{"Good morning Dr. Chandra. This is Hal. I am ready for my first lesson.Good morning Dr. Chandra. This is Hal. I am ready for my first lesson.Good morning Dr. Chandra. This is Hal. I am ready for my first lesson.Good morning Dr. Chandra. This is Hal. I am ready for my first lesson.Good morning Dr. Chandra. This is Hal. I am ready for my first lesson.Good morning Dr. Chandra. This is Hal. I am ready for my first lesson.Good morning Dr. Chandra. This is Hal. I am ready for my first lesson.";
                                                            __malloc_main_l34;
                                                            __malloc_w_miniz_def_alloc_func_l169;
                                                            __malloc_w_miniz_def_alloc_func_l169_0}
                                         (origin: Misaligned) }} or UNINITIALIZED or ESCAPINGADDR
                                        [36..39] ∈
                                        {{ garbled mix of &{"Good morning Dr. Chandra. This is Hal. I am ready for my first lesson.Good morning Dr. Chandra. This is Hal. I am ready for my first lesson.Good morning Dr. Chandra. This is Hal. I am ready for my first lesson.Good morning Dr. Chandra. This is Hal. I am ready for my first lesson.Good morning Dr. Chandra. This is Hal. I am ready for my first lesson.Good morning Dr. Chandra. This is Hal. I am ready for my first lesson.Good morning Dr. Chandra. This is Hal. I am ready for my first lesson.";
                                                            __malloc_main_l34;
                                                            __malloc_main_l35;
                                                            __malloc_w_miniz_def_alloc_func_l169;
                                                            __malloc_w_miniz_def_alloc_func_l169_0}
                                         (origin: Misaligned) }} or UNINITIALIZED or ESCAPINGADDR
                                        [40..63] ∈
                                        {{ garbled mix of &{"Good morning Dr. Chandra. This is Hal. I am ready for my first lesson.Good morning Dr. Chandra. This is Hal. I am ready for my first lesson.Good morning Dr. Chandra. This is Hal. I am ready for my first lesson.Good morning Dr. Chandra. This is Hal. I am ready for my first lesson.Good morning Dr. Chandra. This is Hal. I am ready for my first lesson.Good morning Dr. Chandra. This is Hal. I am ready for my first lesson.Good morning Dr. Chandra. This is Hal. I am ready for my first lesson.";
                                                            __malloc_main_l34;
                                                            __malloc_w_miniz_def_alloc_func_l169;
                                                            __malloc_w_miniz_def_alloc_func_l169_0}
                                         (origin: Misaligned) }} or UNINITIALIZED or ESCAPINGADDR
                                        [64..71] ∈
                                        {{ garbled mix of &{"Good morning Dr. Chandra. This is Hal. I am ready for my first lesson.Good morning Dr. Chandra. This is Hal. I am ready for my first lesson.Good morning Dr. Chandra. This is Hal. I am ready for my first lesson.Good morning Dr. Chandra. This is Hal. I am ready for my first lesson.Good morning Dr. Chandra. This is Hal. I am ready for my first lesson.Good morning Dr. Chandra. This is Hal. I am ready for my first lesson.Good morning Dr. Chandra. This is Hal. I am ready for my first lesson.";
                                                            __malloc_main_l34;
                                                            __malloc_main_l35;
                                                            __malloc_w_miniz_def_alloc_func_l169;
                                                            __malloc_w_miniz_def_alloc_func_l169_0}
                                         (origin: Misaligned) }} or UNINITIALIZED or ESCAPINGADDR
                                        [72..43791] ∈
                                        {{ garbled mix of &{"Good morning Dr. Chandra. This is Hal. I am ready for my first lesson.Good morning Dr. Chandra. This is Hal. I am ready for my first lesson.Good morning Dr. Chandra. This is Hal. I am ready for my first lesson.Good morning Dr. Chandra. This is Hal. I am ready for my first lesson.Good morning Dr. Chandra. This is Hal. I am ready for my first lesson.Good morning Dr. Chandra. This is Hal. I am ready for my first lesson.Good morning Dr. Chandra. This is Hal. I am ready for my first lesson.";
                                                            __malloc_main_l34;
                                                            __malloc_w_miniz_def_alloc_func_l169;
                                                            __malloc_w_miniz_def_alloc_func_l169_0}
                                         (origin: Misaligned) }} or UNINITIALIZED or ESCAPINGADDR
[eva:final-states] Values at end of function main:
  __fc_heap_status ∈ [--..--]
  __fc_random_counter ∈ [--..--]
  step ∈ [--..--]
  cmp_status ∈ {-10000; -5; -4; -3; -2; 0} or UNINITIALIZED
  src_len ∈ {490}
  cmp_len ∈
         {{ garbled mix of &{"Good morning Dr. Chandra. This is Hal. I am ready for my first lesson.Good morning Dr. Chandra. This is Hal. I am ready for my first lesson.Good morning Dr. Chandra. This is Hal. I am ready for my first lesson.Good morning Dr. Chandra. This is Hal. I am ready for my first lesson.Good morning Dr. Chandra. This is Hal. I am ready for my first lesson.Good morning Dr. Chandra. This is Hal. I am ready for my first lesson.Good morning Dr. Chandra. This is Hal. I am ready for my first lesson.";
                             __malloc_w_miniz_def_alloc_func_l169;
                             __malloc_w_miniz_def_alloc_func_l169_0}
          (origin: Misaligned) }} or ESCAPINGADDR
  uncomp_len ∈
            {{ garbled mix of &{"Good morning Dr. Chandra. This is Hal. I am ready for my first lesson.Good morning Dr. Chandra. This is Hal. I am ready for my first lesson.Good morning Dr. Chandra. This is Hal. I am ready for my first lesson.Good morning Dr. Chandra. This is Hal. I am ready for my first lesson.Good morning Dr. Chandra. This is Hal. I am ready for my first lesson.Good morning Dr. Chandra. This is Hal. I am ready for my first lesson.Good morning Dr. Chandra. This is Hal. I am ready for my first lesson.";
                                __malloc_w_miniz_def_alloc_func_l169;
                                __malloc_w_miniz_def_alloc_func_l169_0}
             (origin: Misaligned) }} or ESCAPINGADDR
  pCmp ∈ {{ NULL ; &__malloc_main_l34[0] }} or ESCAPINGADDR
  pUncomp ∈ {{ NULL ; &__malloc_main_l35[0] }} or ESCAPINGADDR
  total_succeeded ∈ [--..--]
  __retres ∈ {0; 1}
  S___fc_stdout[0].__fc_FILE_id ∈ [--..--]
               [0].__fc_FILE_data ∈
               {{ garbled mix of &{"Good morning Dr. Chandra. This is Hal. I am ready for my first lesson.Good morning Dr. Chandra. This is Hal. I am ready for my first lesson.Good morning Dr. Chandra. This is Hal. I am ready for my first lesson.Good morning Dr. Chandra. This is Hal. I am ready for my first lesson.Good morning Dr. Chandra. This is Hal. I am ready for my first lesson.Good morning Dr. Chandra. This is Hal. I am ready for my first lesson.Good morning Dr. Chandra. This is Hal. I am ready for my first lesson.";
                                   __malloc_w_miniz_def_alloc_func_l169;
                                   __malloc_w_miniz_def_alloc_func_l169_0}
                (origin: Misaligned) }} or ESCAPINGADDR
               [1] ∈ [--..--]
  __malloc_main_l34[0..18446744073709551615] ∈ UNINITIALIZED
  __malloc_main_l35[0..489] ∈ UNINITIALIZED
  __malloc_w_miniz_def_alloc_func_l169[0..319351] ∈
                                      {{ garbled mix of &{"Good morning Dr. Chandra. This is Hal. I am ready for my first lesson.Good morning Dr. Chandra. This is Hal. I am ready for my first lesson.Good morning Dr. Chandra. This is Hal. I am ready for my first lesson.Good morning Dr. Chandra. This is Hal. I am ready for my first lesson.Good morning Dr. Chandra. This is Hal. I am ready for my first lesson.Good morning Dr. Chandra. This is Hal. I am ready for my first lesson.Good morning Dr. Chandra. This is Hal. I am ready for my first lesson.";
                                                          __malloc_w_miniz_def_alloc_func_l169;
                                                          __malloc_w_miniz_def_alloc_func_l169_0}
                                       (origin: Misaligned) }} or UNINITIALIZED or ESCAPINGADDR
  __malloc_w_miniz_def_alloc_func_l169_0[0..43791] ∈
                                        {{ garbled mix of &{"Good morning Dr. Chandra. This is Hal. I am ready for my first lesson.Good morning Dr. Chandra. This is Hal. I am ready for my first lesson.Good morning Dr. Chandra. This is Hal. I am ready for my first lesson.Good morning Dr. Chandra. This is Hal. I am ready for my first lesson.Good morning Dr. Chandra. This is Hal. I am ready for my first lesson.Good morning Dr. Chandra. This is Hal. I am ready for my first lesson.Good morning Dr. Chandra. This is Hal. I am ready for my first lesson.";
                                                            __malloc_w_miniz_def_alloc_func_l169;
                                                            __malloc_w_miniz_def_alloc_func_l169_0}
                                         (origin: Misaligned) }} or UNINITIALIZED or ESCAPINGADDR
[eva:final-states] Values at end of function eva_main:
  Frama_C_entropy_source ∈ [--..--]
  argc ∈ {0; 1; 2; 3; 4; 5}
  argv0[0..254] ∈ [--..--]
       [255] ∈ {0}
  argv1[0..254] ∈ [--..--]
       [255] ∈ {0}
  argv2[0..254] ∈ [--..--]
       [255] ∈ {0}
  argv3[0..254] ∈ [--..--]
       [255] ∈ {0}
  argv4[0..254] ∈ [--..--]
       [255] ∈ {0}
  argv[0] ∈ {{ &argv0[0] }}
      [1] ∈ {{ &argv1[0] }}
      [2] ∈ {{ &argv2[0] }}
      [3] ∈ {{ &argv3[0] }}
      [4] ∈ {{ &argv4[0] }}
      [5] ∈ {0}
  __fc_heap_status ∈ [--..--]
  __fc_random_counter ∈ [--..--]
  S___fc_stdout[0].__fc_FILE_id ∈ [--..--]
               [0].__fc_FILE_data ∈
               {{ garbled mix of &{"Good morning Dr. Chandra. This is Hal. I am ready for my first lesson.Good morning Dr. Chandra. This is Hal. I am ready for my first lesson.Good morning Dr. Chandra. This is Hal. I am ready for my first lesson.Good morning Dr. Chandra. This is Hal. I am ready for my first lesson.Good morning Dr. Chandra. This is Hal. I am ready for my first lesson.Good morning Dr. Chandra. This is Hal. I am ready for my first lesson.Good morning Dr. Chandra. This is Hal. I am ready for my first lesson.";
                                   __malloc_w_miniz_def_alloc_func_l169;
                                   __malloc_w_miniz_def_alloc_func_l169_0}
                (origin: Misaligned) }} or ESCAPINGADDR
               [1] ∈ [--..--]
  __malloc_main_l34[0..18446744073709551615] ∈ UNINITIALIZED
  __malloc_main_l35[0..489] ∈ UNINITIALIZED
  __malloc_w_miniz_def_alloc_func_l169[0..319351] ∈
                                      {{ garbled mix of &{"Good morning Dr. Chandra. This is Hal. I am ready for my first lesson.Good morning Dr. Chandra. This is Hal. I am ready for my first lesson.Good morning Dr. Chandra. This is Hal. I am ready for my first lesson.Good morning Dr. Chandra. This is Hal. I am ready for my first lesson.Good morning Dr. Chandra. This is Hal. I am ready for my first lesson.Good morning Dr. Chandra. This is Hal. I am ready for my first lesson.Good morning Dr. Chandra. This is Hal. I am ready for my first lesson.";
                                                          __malloc_w_miniz_def_alloc_func_l169;
                                                          __malloc_w_miniz_def_alloc_func_l169_0}
                                       (origin: Misaligned) }} or UNINITIALIZED or ESCAPINGADDR
  __malloc_w_miniz_def_alloc_func_l169_0[0..43791] ∈
                                        {{ garbled mix of &{"Good morning Dr. Chandra. This is Hal. I am ready for my first lesson.Good morning Dr. Chandra. This is Hal. I am ready for my first lesson.Good morning Dr. Chandra. This is Hal. I am ready for my first lesson.Good morning Dr. Chandra. This is Hal. I am ready for my first lesson.Good morning Dr. Chandra. This is Hal. I am ready for my first lesson.Good morning Dr. Chandra. This is Hal. I am ready for my first lesson.Good morning Dr. Chandra. This is Hal. I am ready for my first lesson.";
                                                            __malloc_w_miniz_def_alloc_func_l169;
                                                            __malloc_w_miniz_def_alloc_func_l169_0}
                                         (origin: Misaligned) }} or UNINITIALIZED or ESCAPINGADDR
[eva:summary] ====== ANALYSIS SUMMARY ======
  ----------------------------------------------------------------------------
  42 functions analyzed (out of 64): 65% coverage.
  In these functions, 3431 statements reached (out of 3659): 93% coverage.
  ----------------------------------------------------------------------------
  Some errors and warnings have been raised during the analysis:
    by the Eva analyzer:      0 errors    5 warnings
    by the Frama-C kernel:    0 errors    2 warnings
  ----------------------------------------------------------------------------
  2218 alarms generated by the analysis:
     677 accesses to uninitialized left-values
     663 escaping addresses
     270 accesses out of bounds index
     260 invalid memory accesses
     164 integer overflows
      88 invalid shifts
       1 division by zero
      95 others
  ----------------------------------------------------------------------------
  Evaluation of the logical properties reached by the analysis:
    Assertions        0 valid     0 unknown     0 invalid      0 total
    Preconditions    67 valid    62 unknown     0 invalid    129 total
  51% of the logical properties reached have been proven.
  ----------------------------------------------------------------------------
33.30user 0.75system 0:34.06elapsed 99%CPU (0avgtext+0avgdata 436892maxresident)k
0inputs+11664outputs (0major+165979minor)pagefaults 0swaps
