[kernel] Parsing stubs.c (with preprocessing)
[kernel] Parsing examples/example1.c (with preprocessing)
[kernel] Parsing miniz.c (with preprocessing)
[kernel] Parsing miniz_tdef.c (with preprocessing)
[kernel] Parsing miniz_tinfl.c (with preprocessing)
[eva] Option -eva-precision 0 detected, automatic configuration of the analysis:
  option -eva-min-loop-unroll already set to 1 (not modified).
  option -eva-auto-loop-unroll already set to 403 (not modified).
  option -eva-widening-delay already set to 21 (not modified).
  option -eva-partition-history set to 0 (default value).
  option -eva-slevel already set to 719 (not modified).
  option -eva-ilevel already set to 513 (not modified).
  option -eva-plevel already set to 2907 (not modified).
  option -eva-subdivide-non-linear already set to 260 (not modified).
  option -eva-remove-redundant-alarms set to false.
  option -eva-domains already set to '@default,cvalue,equality,gauges,octagon,symbolic-locations' (not modified).
  option -eva-split-return already set to 'auto' (not modified).
  option -eva-equality-through-calls set to 'none'.
  option -eva-octagon-through-calls already set to true (not modified).
[eva] Splitting return states on:
  \return(Frama_C_nondet_ptr) == 0 (auto)
  \return(Frama_C_malloc_fresh) == 0 (auto)
  \return(tmpfile) == 0 (auto)
  \return(tmpnam) == 0 (auto)
  \return(fopen) == 0 (auto)
  \return(fdopen) == 0 (auto)
  \return(freopen) == 0 (auto)
  \return(fgets) == 0 (auto)
  \return(gets) == 0 (auto)
  \return(popen) == 0 (auto)
  \return(fmemopen) == 0 (auto)
  \return(signal) == 0 (auto)
  \return(asctime) == 0 (auto)
  \return(ctime) == 0 (auto)
  \return(gmtime) == 0 (auto)
  \return(localtime) == 0 (auto)
  \return(gmtime_r) == 0 (auto)
  \return(localtime_r) == 0 (auto)
  \return(mz_version) == 0 (auto)
  \return(mz_deflateInit) == 0, 1 (auto)
  \return(mz_deflate) == 0, 1 (auto)
  \return(mz_compress) == 0 (auto)
  \return(mz_inflateInit) == -5, 0, 1 (auto)
  \return(mz_inflate) == -5, 0, 1 (auto)
  \return(mz_uncompress) == 0 (auto)
  \return(mz_error) == 0 (auto)
  \return(seed48) == 0 (auto)
  \return(calloc) == 0 (auto)
  \return(malloc) == 0 (auto)
  \return(realloc) == 0 (auto)
  \return(reallocarray) == 0 (auto)
  \return(getenv) == 0 (auto)
  \return(bsearch) == 0 (auto)
  \return(memcmp) == 0 (auto)
  \return(memchr) == 0 (auto)
  \return(memcpy) == 0 (auto)
  \return(mempcpy) == 0 (auto)
  \return(memmove) == 0 (auto)
  \return(memset) == 0 (auto)
  \return(strchr) == 0 (auto)
  \return(strchrnul) == 0 (auto)
  \return(strrchr) == 0 (auto)
  \return(strpbrk) == 0 (auto)
  \return(strstr) == 0 (auto)
  \return(strcasestr) == 0 (auto)
  \return(strtok) == 0 (auto)
  \return(strtok_r) == 0 (auto)
  \return(strsep) == 0 (auto)
  \return(strerror) == 0 (auto)
  \return(strcpy) == 0 (auto)
  \return(strncpy) == 0 (auto)
  \return(stpcpy) == 0 (auto)
  \return(strcat) == 0 (auto)
  \return(strncat) == 0 (auto)
  \return(strdup) == 0 (auto)
  \return(strndup) == 0 (auto)
  \return(strsignal) == 0 (auto)
  \return(miniz_def_alloc_func) == 0 (auto)
  \return(miniz_def_realloc_func) == 0 (auto)
  \return(tdefl_compress_mem_to_heap) == 0 (auto)
  \return(tdefl_write_image_to_png_file_in_memory_ex) == 0 (auto)
  \return(tdefl_write_image_to_png_file_in_memory) == 0 (auto)
  \return(tdefl_compress_mem_to_output) == 0 (auto)
  \return(tdefl_compress) == 1 (auto)
  \return(tdefl_compressor_alloc) == 0 (auto)
  \return(tinfl_decompress_mem_to_heap) == 0 (auto)
  \return(tinfl_decompressor_alloc) == 0 (auto)
  \return(tinfl_decompress) == 0, 1, 2 (auto)
  \return(tdefl_radix_sort_syms) == 0 (auto)
  \return(tdefl_compress_block) == 0 (auto)
  \return(tdefl_flush_block) == 0 (auto)
  \return(tdefl_compress_fast) == 0 (auto)
  \return(tdefl_compress_normal) == 0 (auto)
  \return(tdefl_output_buffer_putter) == 0 (auto)
[eva] Analyzing a complete application starting at eva_main
[eva:initial-state] Values of globals at initialization
  s_pStr ∈
        {{ "Good morning Dr. Chandra. This is Hal. I am ready for my first lesson.Good morning Dr. Chandra. This is Hal. I am ready for my first lesson.Good morning Dr. Chandra. This is Hal. I am ready for my first lesson.Good morning Dr. Chandra. This is Hal. I am ready for my first lesson.Good morning Dr. Chandra. This is Hal. I am ready for my first lesson.Good morning Dr. Chandra. This is Hal. I am ready for my first lesson.Good morning Dr. Chandra. This is Hal. I am ready for my first lesson." }}
  mz_crc32_s_crc_table[0] ∈ {0}
                      [1] ∈ {1996959894}
                      [2] ∈ {3993919788}
                      [3] ∈ {2567524794}
                      [4] ∈ {124634137}
                      [5] ∈ {1886057615}
                      [6] ∈ {3915621685}
                      [7] ∈ {2657392035}
                      [8] ∈ {249268274}
                      [9] ∈ {2044508324}
                      [10] ∈ {3772115230}
                      [11] ∈ {2547177864}
                      [12] ∈ {162941995}
                      [13] ∈ {2125561021}
                      [14] ∈ {3887607047}
                      [15] ∈ {2428444049}
                      [16] ∈ {498536548}
                      [17] ∈ {1789927666}
                      [18] ∈ {4089016648}
                      [19] ∈ {2227061214}
                      [20] ∈ {450548861}
                      [21] ∈ {1843258603}
                      [22] ∈ {4107580753}
                      [23] ∈ {2211677639}
                      [24] ∈ {325883990}
                      [25] ∈ {1684777152}
                      [26] ∈ {4251122042}
                      [27] ∈ {2321926636}
                      [28] ∈ {335633487}
                      [29] ∈ {1661365465}
                      [30] ∈ {4195302755}
                      [31] ∈ {2366115317}
                      [32] ∈ {997073096}
                      [33] ∈ {1281953886}
                      [34] ∈ {3579855332}
                      [35] ∈ {2724688242}
                      [36] ∈ {1006888145}
                      [37] ∈ {1258607687}
                      [38] ∈ {3524101629}
                      [39] ∈ {2768942443}
                      [40] ∈ {901097722}
                      [41] ∈ {1119000684}
                      [42] ∈ {3686517206}
                      [43] ∈ {2898065728}
                      [44] ∈ {853044451}
                      [45] ∈ {1172266101}
                      [46] ∈ {3705015759}
                      [47] ∈ {2882616665}
                      [48] ∈ {651767980}
                      [49] ∈ {1373503546}
                      [50] ∈ {3369554304}
                      [51] ∈ {3218104598}
                      [52] ∈ {565507253}
                      [53] ∈ {1454621731}
                      [54] ∈ {3485111705}
                      [55] ∈ {3099436303}
                      [56] ∈ {671266974}
                      [57] ∈ {1594198024}
                      [58] ∈ {3322730930}
                      [59] ∈ {2970347812}
                      [60] ∈ {795835527}
                      [61] ∈ {1483230225}
                      [62] ∈ {3244367275}
                      [63] ∈ {3060149565}
                      [64] ∈ {1994146192}
                      [65] ∈ {31158534}
                      [66] ∈ {2563907772}
                      [67] ∈ {4023717930}
                      [68] ∈ {1907459465}
                      [69] ∈ {112637215}
                      [70] ∈ {2680153253}
                      [71] ∈ {3904427059}
                      [72] ∈ {2013776290}
                      [73] ∈ {251722036}
                      [74] ∈ {2517215374}
                      [75] ∈ {3775830040}
                      [76] ∈ {2137656763}
                      [77] ∈ {141376813}
                      [78] ∈ {2439277719}
                      [79] ∈ {3865271297}
                      [80] ∈ {1802195444}
                      [81] ∈ {476864866}
                      [82] ∈ {2238001368}
                      [83] ∈ {4066508878}
                      [84] ∈ {1812370925}
                      [85] ∈ {453092731}
                      [86] ∈ {2181625025}
                      [87] ∈ {4111451223}
                      [88] ∈ {1706088902}
                      [89] ∈ {314042704}
                      [90] ∈ {2344532202}
                      [91] ∈ {4240017532}
                      [92] ∈ {1658658271}
                      [93] ∈ {366619977}
                      [94] ∈ {2362670323}
                      [95] ∈ {4224994405}
                      [96] ∈ {1303535960}
                      [97] ∈ {984961486}
                      [98] ∈ {2747007092}
                      [99] ∈ {3569037538}
                      [100] ∈ {1256170817}
                      [101] ∈ {1037604311}
                      [102] ∈ {2765210733}
                      [103] ∈ {3554079995}
                      [104] ∈ {1131014506}
                      [105] ∈ {879679996}
                      [106] ∈ {2909243462}
                      [107] ∈ {3663771856}
                      [108] ∈ {1141124467}
                      [109] ∈ {855842277}
                      [110] ∈ {2852801631}
                      [111] ∈ {3708648649}
                      [112] ∈ {1342533948}
                      [113] ∈ {654459306}
                      [114] ∈ {3188396048}
                      [115] ∈ {3373015174}
                      [116] ∈ {1466479909}
                      [117] ∈ {544179635}
                      [118] ∈ {3110523913}
                      [119] ∈ {3462522015}
                      [120] ∈ {1591671054}
                      [121] ∈ {702138776}
                      [122] ∈ {2966460450}
                      [123] ∈ {3352799412}
                      [124] ∈ {1504918807}
                      [125] ∈ {783551873}
                      [126] ∈ {3082640443}
                      [127] ∈ {3233442989}
                      [128] ∈ {3988292384}
                      [129] ∈ {2596254646}
                      [130] ∈ {62317068}
                      [131] ∈ {1957810842}
                      [132] ∈ {3939845945}
                      [133] ∈ {2647816111}
                      [134] ∈ {81470997}
                      [135] ∈ {1943803523}
                      [136] ∈ {3814918930}
                      [137] ∈ {2489596804}
                      [138] ∈ {225274430}
                      [139] ∈ {2053790376}
                      [140] ∈ {3826175755}
                      [141] ∈ {2466906013}
                      [142] ∈ {167816743}
                      [143] ∈ {2097651377}
                      [144] ∈ {4027552580}
                      [145] ∈ {2265490386}
                      [146] ∈ {503444072}
                      [147] ∈ {1762050814}
                      [148] ∈ {4150417245}
                      [149] ∈ {2154129355}
                      [150] ∈ {426522225}
                      [151] ∈ {1852507879}
                      [152] ∈ {4275313526}
                      [153] ∈ {2312317920}
                      [154] ∈ {282753626}
                      [155] ∈ {1742555852}
                      [156] ∈ {4189708143}
                      [157] ∈ {2394877945}
                      [158] ∈ {397917763}
                      [159] ∈ {1622183637}
                      [160] ∈ {3604390888}
                      [161] ∈ {2714866558}
                      [162] ∈ {953729732}
                      [163] ∈ {1340076626}
                      [164] ∈ {3518719985}
                      [165] ∈ {2797360999}
                      [166] ∈ {1068828381}
                      [167] ∈ {1219638859}
                      [168] ∈ {3624741850}
                      [169] ∈ {2936675148}
                      [170] ∈ {906185462}
                      [171] ∈ {1090812512}
                      [172] ∈ {3747672003}
                      [173] ∈ {2825379669}
                      [174] ∈ {829329135}
                      [175] ∈ {1181335161}
                      [176] ∈ {3412177804}
                      [177] ∈ {3160834842}
                      [178] ∈ {628085408}
                      [179] ∈ {1382605366}
                      [180] ∈ {3423369109}
                      [181] ∈ {3138078467}
                      [182] ∈ {570562233}
                      [183] ∈ {1426400815}
                      [184] ∈ {3317316542}
                      [185] ∈ {2998733608}
                      [186] ∈ {733239954}
                      [187] ∈ {1555261956}
                      [188] ∈ {3268935591}
                      [189] ∈ {3050360625}
                      [190] ∈ {752459403}
                      [191] ∈ {1541320221}
                      [192] ∈ {2607071920}
                      [193] ∈ {3965973030}
                      [194] ∈ {1969922972}
                      [195] ∈ {40735498}
                      [196] ∈ {2617837225}
                      [197] ∈ {3943577151}
                      [198] ∈ {1913087877}
                      [199] ∈ {83908371}
                      [200] ∈ {2512341634}
                      [201] ∈ {3803740692}
                      [202] ∈ {2075208622}
                      [203] ∈ {213261112}
                      [204] ∈ {2463272603}
                      [205] ∈ {3855990285}
                      [206] ∈ {2094854071}
                      [207] ∈ {198958881}
                      [208] ∈ {2262029012}
                      [209] ∈ {4057260610}
                      [210] ∈ {1759359992}
                      [211] ∈ {534414190}
                      [212] ∈ {2176718541}
                      [213] ∈ {4139329115}
                      [214] ∈ {1873836001}
                      [215] ∈ {414664567}
                      [216] ∈ {2282248934}
                      [217] ∈ {4279200368}
                      [218] ∈ {1711684554}
                      [219] ∈ {285281116}
                      [220] ∈ {2405801727}
                      [221] ∈ {4167216745}
                      [222] ∈ {1634467795}
                      [223] ∈ {376229701}
                      [224] ∈ {2685067896}
                      [225] ∈ {3608007406}
                      [226] ∈ {1308918612}
                      [227] ∈ {956543938}
                      [228] ∈ {2808555105}
                      [229] ∈ {3495958263}
                      [230] ∈ {1231636301}
                      [231] ∈ {1047427035}
                      [232] ∈ {2932959818}
                      [233] ∈ {3654703836}
                      [234] ∈ {1088359270}
                      [235] ∈ {936918000}
                      [236] ∈ {2847714899}
                      [237] ∈ {3736837829}
                      [238] ∈ {1202900863}
                      [239] ∈ {817233897}
                      [240] ∈ {3183342108}
                      [241] ∈ {3401237130}
                      [242] ∈ {1404277552}
                      [243] ∈ {615818150}
                      [244] ∈ {3134207493}
                      [245] ∈ {3453421203}
                      [246] ∈ {1423857449}
                      [247] ∈ {601450431}
                      [248] ∈ {3009837614}
                      [249] ∈ {3294710456}
                      [250] ∈ {1567103746}
                      [251] ∈ {711928724}
                      [252] ∈ {3020668471}
                      [253] ∈ {3272380065}
                      [254] ∈ {1510334235}
                      [255] ∈ {755167117}
  mz_error_s_error_descs[0]{.m_err; .[bits 32 to 63]} ∈ {0}
                        [0].m_pDesc ∈ {{ "" }}
                        [1].m_err ∈ {1}
                        [1].[bits 32 to 63] ∈ {0}
                        [1].m_pDesc ∈ {{ "stream end" }}
                        [2].m_err ∈ {2}
                        [2].[bits 32 to 63] ∈ {0}
                        [2].m_pDesc ∈ {{ "need dictionary" }}
                        [3].m_err ∈ {-1}
                        [3].[bits 32 to 63] ∈ {0}
                        [3].m_pDesc ∈ {{ "file error" }}
                        [4].m_err ∈ {-2}
                        [4].[bits 32 to 63] ∈ {0}
                        [4].m_pDesc ∈ {{ "stream error" }}
                        [5].m_err ∈ {-3}
                        [5].[bits 32 to 63] ∈ {0}
                        [5].m_pDesc ∈ {{ "data error" }}
                        [6].m_err ∈ {-4}
                        [6].[bits 32 to 63] ∈ {0}
                        [6].m_pDesc ∈ {{ "out of memory" }}
                        [7].m_err ∈ {-5}
                        [7].[bits 32 to 63] ∈ {0}
                        [7].m_pDesc ∈ {{ "buf error" }}
                        [8].m_err ∈ {-6}
                        [8].[bits 32 to 63] ∈ {0}
                        [8].m_pDesc ∈ {{ "version error" }}
                        [9].m_err ∈ {-10000}
                        [9].[bits 32 to 63] ∈ {0}
                        [9].m_pDesc ∈ {{ "parameter error" }}
  s_tdefl_len_sym[0] ∈ {257}
                 [1] ∈ {258}
                 [2] ∈ {259}
                 [3] ∈ {260}
                 [4] ∈ {261}
                 [5] ∈ {262}
                 [6] ∈ {263}
                 [7] ∈ {264}
                 [8..9] ∈ {265}
                 [10..11] ∈ {266}
                 [12..13] ∈ {267}
                 [14..15] ∈ {268}
                 [16..19] ∈ {269}
                 [20..23] ∈ {270}
                 [24..27] ∈ {271}
                 [28..31] ∈ {272}
                 [32..39] ∈ {273}
                 [40..47] ∈ {274}
                 [48..55] ∈ {275}
                 [56..63] ∈ {276}
                 [64..79] ∈ {277}
                 [80..95] ∈ {278}
                 [96..111] ∈ {279}
                 [112..127] ∈ {280}
                 [128..159] ∈ {281}
                 [160..191] ∈ {282}
                 [192..223] ∈ {283}
                 [224..254] ∈ {284}
                 [255] ∈ {285}
  s_tdefl_len_extra[0..7] ∈ {0}
                   [8..15] ∈ {1}
                   [16..31] ∈ {2}
                   [32..63] ∈ {3}
                   [64..127] ∈ {4}
                   [128..254] ∈ {5}
                   [255] ∈ {0}
  s_tdefl_small_dist_sym[0] ∈ {0}
                        [1] ∈ {1}
                        [2] ∈ {2}
                        [3] ∈ {3}
                        [4..5] ∈ {4}
                        [6..7] ∈ {5}
                        [8..11] ∈ {6}
                        [12..15] ∈ {7}
                        [16..23] ∈ {8}
                        [24..31] ∈ {9}
                        [32..47] ∈ {10}
                        [48..63] ∈ {11}
                        [64..95] ∈ {12}
                        [96..127] ∈ {13}
                        [128..191] ∈ {14}
                        [192..255] ∈ {15}
                        [256..383] ∈ {16}
                        [384..511] ∈ {17}
  s_tdefl_small_dist_extra[0..3] ∈ {0}
                          [4..7] ∈ {1}
                          [8..15] ∈ {2}
                          [16..31] ∈ {3}
                          [32..63] ∈ {4}
                          [64..127] ∈ {5}
                          [128..255] ∈ {6}
                          [256..511] ∈ {7}
  s_tdefl_large_dist_sym[0..1] ∈ {0}
                        [2] ∈ {18}
                        [3] ∈ {19}
                        [4..5] ∈ {20}
                        [6..7] ∈ {21}
                        [8..11] ∈ {22}
                        [12..15] ∈ {23}
                        [16..23] ∈ {24}
                        [24..31] ∈ {25}
                        [32..47] ∈ {26}
                        [48..63] ∈ {27}
                        [64..95] ∈ {28}
                        [96..127] ∈ {29}
  s_tdefl_large_dist_extra[0..1] ∈ {0}
                          [2..3] ∈ {8}
                          [4..7] ∈ {9}
                          [8..15] ∈ {10}
                          [16..31] ∈ {11}
                          [32..63] ∈ {12}
                          [64..127] ∈ {13}
  s_tdefl_packed_code_size_syms_swizzle[0] ∈ {16}
                                       [1] ∈ {17}
                                       [2] ∈ {18}
                                       [3] ∈ {0}
                                       [4] ∈ {8}
                                       [5] ∈ {7}
                                       [6] ∈ {9}
                                       [7] ∈ {6}
                                       [8] ∈ {10}
                                       [9] ∈ {5}
                                       [10] ∈ {11}
                                       [11] ∈ {4}
                                       [12] ∈ {12}
                                       [13] ∈ {3}
                                       [14] ∈ {13}
                                       [15] ∈ {2}
                                       [16] ∈ {14}
                                       [17] ∈ {1}
                                       [18] ∈ {15}
  mz_bitmasks[0] ∈ {0}
             [1] ∈ {1}
             [2] ∈ {3}
             [3] ∈ {7}
             [4] ∈ {15}
             [5] ∈ {31}
             [6] ∈ {63}
             [7] ∈ {127}
             [8] ∈ {255}
             [9] ∈ {511}
             [10] ∈ {1023}
             [11] ∈ {2047}
             [12] ∈ {4095}
             [13] ∈ {8191}
             [14] ∈ {16383}
             [15] ∈ {32767}
             [16] ∈ {65535}
  s_tdefl_num_probes[0] ∈ {0}
                    [1] ∈ {1}
                    [2] ∈ {6}
                    [3] ∈ {32}
                    [4] ∈ {16}
                    [5] ∈ {32}
                    [6] ∈ {128}
                    [7] ∈ {256}
                    [8] ∈ {512}
                    [9] ∈ {768}
                    [10] ∈ {1500}
  tdefl_write_image_to_png_file_in_memory_ex_s_tdefl_png_num_probes[0] ∈
                                                                   {0}
                                                                   [1] ∈
                                                                   {1}
                                                                   [2] ∈
                                                                   {6}
                                                                   [3] ∈
                                                                   {32}
                                                                   [4] ∈
                                                                   {16}
                                                                   [5] ∈
                                                                   {32}
                                                                   [6] ∈
                                                                   {128}
                                                                   [7] ∈
                                                                   {256}
                                                                   [8] ∈
                                                                   {512}
                                                                   [9] ∈
                                                                   {768}
                                                                   [10] ∈
                                                                   {1500}
  tdefl_write_image_to_png_file_in_memory_ex_chans[0..1] ∈ {0}
                                                  [2] ∈ {4}
                                                  [3] ∈ {2}
                                                  [4] ∈ {6}
  tinfl_decompress_s_length_base[0] ∈ {3}
                                [1] ∈ {4}
                                [2] ∈ {5}
                                [3] ∈ {6}
                                [4] ∈ {7}
                                [5] ∈ {8}
                                [6] ∈ {9}
                                [7] ∈ {10}
                                [8] ∈ {11}
                                [9] ∈ {13}
                                [10] ∈ {15}
                                [11] ∈ {17}
                                [12] ∈ {19}
                                [13] ∈ {23}
                                [14] ∈ {27}
                                [15] ∈ {31}
                                [16] ∈ {35}
                                [17] ∈ {43}
                                [18] ∈ {51}
                                [19] ∈ {59}
                                [20] ∈ {67}
                                [21] ∈ {83}
                                [22] ∈ {99}
                                [23] ∈ {115}
                                [24] ∈ {131}
                                [25] ∈ {163}
                                [26] ∈ {195}
                                [27] ∈ {227}
                                [28] ∈ {258}
                                [29..30] ∈ {0}
  tinfl_decompress_s_length_extra[0..7] ∈ {0}
                                 [8..11] ∈ {1}
                                 [12..15] ∈ {2}
                                 [16..19] ∈ {3}
                                 [20..23] ∈ {4}
                                 [24..27] ∈ {5}
                                 [28..30] ∈ {0}
  tinfl_decompress_s_dist_base[0] ∈ {1}
                              [1] ∈ {2}
                              [2] ∈ {3}
                              [3] ∈ {4}
                              [4] ∈ {5}
                              [5] ∈ {7}
                              [6] ∈ {9}
                              [7] ∈ {13}
                              [8] ∈ {17}
                              [9] ∈ {25}
                              [10] ∈ {33}
                              [11] ∈ {49}
                              [12] ∈ {65}
                              [13] ∈ {97}
                              [14] ∈ {129}
                              [15] ∈ {193}
                              [16] ∈ {257}
                              [17] ∈ {385}
                              [18] ∈ {513}
                              [19] ∈ {769}
                              [20] ∈ {1025}
                              [21] ∈ {1537}
                              [22] ∈ {2049}
                              [23] ∈ {3073}
                              [24] ∈ {4097}
                              [25] ∈ {6145}
                              [26] ∈ {8193}
                              [27] ∈ {12289}
                              [28] ∈ {16385}
                              [29] ∈ {24577}
                              [30..31] ∈ {0}
  tinfl_decompress_s_dist_extra[0..3] ∈ {0}
                               [4..5] ∈ {1}
                               [6..7] ∈ {2}
                               [8..9] ∈ {3}
                               [10..11] ∈ {4}
                               [12..13] ∈ {5}
                               [14..15] ∈ {6}
                               [16..17] ∈ {7}
                               [18..19] ∈ {8}
                               [20..21] ∈ {9}
                               [22..23] ∈ {10}
                               [24..25] ∈ {11}
                               [26..27] ∈ {12}
                               [28..29] ∈ {13}
                               [30..31] ∈ {0}
  tinfl_decompress_s_length_dezigzag[0] ∈ {16}
                                    [1] ∈ {17}
                                    [2] ∈ {18}
                                    [3] ∈ {0}
                                    [4] ∈ {8}
                                    [5] ∈ {7}
                                    [6] ∈ {9}
                                    [7] ∈ {6}
                                    [8] ∈ {10}
                                    [9] ∈ {5}
                                    [10] ∈ {11}
                                    [11] ∈ {4}
                                    [12] ∈ {12}
                                    [13] ∈ {3}
                                    [14] ∈ {13}
                                    [15] ∈ {2}
                                    [16] ∈ {14}
                                    [17] ∈ {1}
                                    [18] ∈ {15}
  tinfl_decompress_s_min_table_sizes[0] ∈ {257}
                                    [1] ∈ {1}
                                    [2] ∈ {4}
[eva] using specification for function Frama_C_interval
[eva] using specification for function Frama_C_make_unknown
[eva] using specification for function printf_va_1
[eva] examples/example1.c:34: allocating variable __malloc_main_l34
[eva] examples/example1.c:35: allocating variable __malloc_main_l35
[eva] FRAMAC_SHARE/libc/string.h:134: 
  cannot evaluate ACSL term, unsupported ACSL construct: logic function memset
[eva] miniz.c:169: allocating variable __malloc_miniz_def_alloc_func_l169
[eva] miniz.c:191: cannot properly split on \result == 0
[eva:loop-unroll:partial] miniz_tdef.c:1123: loop not completely unrolled
[eva] miniz_tdef.c:1115: Trace partitioning superposing up to 100 states
[eva] miniz_tdef.c:1115: Trace partitioning superposing up to 200 states
[eva] FRAMAC_SHARE/libc/string.h:101: 
  cannot evaluate ACSL term, unsupported ACSL construct: logic function memcmp
[eva] using specification for function __FC_assert
[eva:loop-unroll:auto] miniz_tdef.c:767: Automatic loop unrolling.
[eva:loop-unroll:partial] miniz_tdef.c:1211: loop not completely unrolled
[eva:alarm] miniz_tdef.c:1043: Warning: 
  accessing uninitialized left-value. assert \initialized(d->m_pLZ_flags);
[eva] using specification for function printf_va_2
[eva] using specification for function printf_va_3
[eva] ====== VALUES COMPUTED ======
[eva:final-states] Values at end of function TDEFL_READ_UNALIGNED_WORD:
  ret# ∈ {32; 100; 105; 109; 110; 111; 114} repeated %8 
[eva:final-states] Values at end of function TDEFL_READ_UNALIGNED_WORD2:
  ret[bits 0 to 7] ∈ {32; 71; 100; 109; 110; 111; 114}
     [bits 8 to 15] ∈ {32; 100; 105; 109; 110; 111; 114}
[eva:final-states] Values at end of function miniz_def_alloc_func:
  __fc_heap_status ∈ [--..--]
[eva:final-states] Values at end of function mz_deflateBound:
  __retres ∈ {667}
[eva:final-states] Values at end of function mz_compressBound:
  
[eva:final-states] Values at end of function mz_deflateEnd:
  __retres ∈ {0}
[eva:final-states] 
  Values at end of function tdefl_create_comp_flags_from_zip_params:
  comp_flags ∈ {20608}
  __retres ∈ {20608}
[eva:final-states] Values at end of function tdefl_find_match:
  pos ∈ {0; 1; 2; 3; 4; 5; 6; 7; 8}
  match_len ∈ {2}
  probe_pos ∈ {0; 1; 2; 3; 4; 5; 6; 7; 8}
  next_probe_pos ∈ {0}
  num_probes_left ∈ {43}
  s ∈
   {{ (mz_uint16 const *)&__malloc_miniz_def_alloc_func_l169{[200], [201],
                                                             [202], [203],
                                                             [204], [205],
                                                             [206], [207],
                                                             [208]} }}
  c01 ∈ {8292; 25711; 26990; 27936; 28265; 28274; 28525; 28527; 29295}
  s01 ∈ {8292; 25711; 26990; 27936; 28274; 28487; 28525; 28527; 29295}
[eva:final-states] Values at end of function tdefl_init:
  __retres ∈ {TDEFL_STATUS_OKAY}
  __malloc_miniz_def_alloc_func_l169[0..15] ∈ {0}
                                    [bits 128 to 159] ∈ {28800}
                                    [bits 160 to 191] ∈ {44}
                                    [bits 192 to 223] ∈ {12}
                                    [bits 224 to 287]# ∈ {1} repeated %32 
                                    [36..47] ∈ {0}
                                    [bits 384 to 447] ∈
                                    {{ (? *)&__malloc_miniz_def_alloc_func_l169[37547] }}
                                    [bits 448 to 511] ∈
                                    {{ (? *)&__malloc_miniz_def_alloc_func_l169[37546] }}
                                    [bits 512 to 639]# ∈
                                    {{ (? *)&__malloc_miniz_def_alloc_func_l169[234154] }} repeated %64 
                                    [bits 640 to 671] ∈ {8}
                                    [84..171] ∈ {0}
                                    [172..175] ∈ UNINITIALIZED
                                    [176..33224] ∈ {0}
                                    [33225] ∈ UNINITIALIZED
                                    [33226..33865] ∈ {0}
                                    [33866..37545] ∈ UNINITIALIZED
                                    [37546] ∈ {0}
                                    [37547..168617] ∈ UNINITIALIZED
                                    [168618..234153] ∈ {0}
                                    [234154..319351] ∈ UNINITIALIZED
[eva:final-states] Values at end of function mz_deflateInit2:
  __fc_heap_status ∈ [--..--]
  pComp ∈
       {{ NULL ; (tdefl_compressor *)&__malloc_miniz_def_alloc_func_l169 }}
  comp_flags ∈ {28800}
  stream.next_in ∈
        {{ "Good morning Dr. Chandra. This is Hal. I am ready for my first lesson.Good morning Dr. Chandra. This is Hal. I am ready for my first lesson.Good morning Dr. Chandra. This is Hal. I am ready for my first lesson.Good morning Dr. Chandra. This is Hal. I am ready for my first lesson.Good morning Dr. Chandra. This is Hal. I am ready for my first lesson.Good morning Dr. Chandra. This is Hal. I am ready for my first lesson.Good morning Dr. Chandra. This is Hal. I am ready for my first lesson." }}
        .avail_in ∈ {490}
        {.total_in; .[bits 96 to 127]} ∈ {0}
        .next_out ∈ {{ &__malloc_main_l34[0] }}
        .avail_out ∈ {667}
        {.total_out; .msg; .[bits 288 to 319]} ∈ {0}
        .state ∈
        {{ NULL ;
           (struct mz_internal_state *)&__malloc_miniz_def_alloc_func_l169 }}
        .zalloc ∈ {{ &miniz_def_alloc_func }}
        .zfree ∈ {{ &miniz_def_free_func }}
        {.opaque; .data_type; .[bits 736 to 767]} ∈ {0}
        .adler ∈ {1}
        .reserved ∈ {0}
  __retres ∈ {-4; 0}
  __malloc_miniz_def_alloc_func_l169[0..15] ∈ {0}
                                    [bits 128 to 159] ∈ {28800}
                                    [bits 160 to 191] ∈ {44}
                                    [bits 192 to 223] ∈ {12}
                                    [bits 224 to 287]# ∈ {1} repeated %32 
                                    [36..47] ∈ {0}
                                    [bits 384 to 447] ∈
                                    {{ (? *)&__malloc_miniz_def_alloc_func_l169[37547] }}
                                    [bits 448 to 511] ∈
                                    {{ (? *)&__malloc_miniz_def_alloc_func_l169[37546] }}
                                    [bits 512 to 639]# ∈
                                    {{ (? *)&__malloc_miniz_def_alloc_func_l169[234154] }} repeated %64 
                                    [bits 640 to 671] ∈ {8}
                                    [84..171] ∈ {0}
                                    [172..175] ∈ UNINITIALIZED
                                    [176..33224] ∈ {0}
                                    [33225] ∈ UNINITIALIZED
                                    [33226..33865] ∈ {0}
                                    [33866..37545] ∈ UNINITIALIZED
                                    [37546] ∈ {0}
                                    [37547..168617] ∈ UNINITIALIZED
                                    [168618..234153] ∈ {0}
                                    [234154..319351] ∈ UNINITIALIZED
[eva:final-states] Values at end of function mz_deflateInit:
  __fc_heap_status ∈ [--..--]
  stream.next_in ∈
        {{ "Good morning Dr. Chandra. This is Hal. I am ready for my first lesson.Good morning Dr. Chandra. This is Hal. I am ready for my first lesson.Good morning Dr. Chandra. This is Hal. I am ready for my first lesson.Good morning Dr. Chandra. This is Hal. I am ready for my first lesson.Good morning Dr. Chandra. This is Hal. I am ready for my first lesson.Good morning Dr. Chandra. This is Hal. I am ready for my first lesson.Good morning Dr. Chandra. This is Hal. I am ready for my first lesson." }}
        .avail_in ∈ {490}
        {.total_in; .[bits 96 to 127]} ∈ {0}
        .next_out ∈ {{ &__malloc_main_l34[0] }}
        .avail_out ∈ {667}
        {.total_out; .msg; .[bits 288 to 319]} ∈ {0}
        .state ∈
        {{ NULL ;
           (struct mz_internal_state *)&__malloc_miniz_def_alloc_func_l169 }}
        .zalloc ∈ {{ &miniz_def_alloc_func }}
        .zfree ∈ {{ &miniz_def_free_func }}
        {.opaque; .data_type; .[bits 736 to 767]} ∈ {0}
        .adler ∈ {1}
        .reserved ∈ {0}
  __malloc_miniz_def_alloc_func_l169[0..15] ∈ {0}
                                    [bits 128 to 159] ∈ {28800}
                                    [bits 160 to 191] ∈ {44}
                                    [bits 192 to 223] ∈ {12}
                                    [bits 224 to 287]# ∈ {1} repeated %32 
                                    [36..47] ∈ {0}
                                    [bits 384 to 447] ∈
                                    {{ (? *)&__malloc_miniz_def_alloc_func_l169[37547] }}
                                    [bits 448 to 511] ∈
                                    {{ (? *)&__malloc_miniz_def_alloc_func_l169[37546] }}
                                    [bits 512 to 639]# ∈
                                    {{ (? *)&__malloc_miniz_def_alloc_func_l169[234154] }} repeated %64 
                                    [bits 640 to 671] ∈ {8}
                                    [84..171] ∈ {0}
                                    [172..175] ∈ UNINITIALIZED
                                    [176..33224] ∈ {0}
                                    [33225] ∈ UNINITIALIZED
                                    [33226..33865] ∈ {0}
                                    [33866..37545] ∈ UNINITIALIZED
                                    [37546] ∈ {0}
                                    [37547..168617] ∈ UNINITIALIZED
                                    [168618..234153] ∈ {0}
                                    [234154..319351] ∈ UNINITIALIZED
[eva:final-states] Values at end of function tdefl_record_literal:
  __malloc_miniz_def_alloc_func_l169[0..15] ∈ {0}
                                    [bits 128 to 159] ∈ {28800}
                                    [bits 160 to 191] ∈ {44}
                                    [bits 192 to 223] ∈ {12}
                                    [bits 224 to 287]# ∈ {1} repeated %32 
                                    [bits 288 to 319] ∈
                                    {0; 1; 2; 3; 4; 5; 6; 7}
                                    [bits 320 to 351] ∈ {258}
                                    [bits 352 to 383] ∈
                                    {0; 1; 2; 3; 4; 5; 6; 7}
                                    [bits 384 to 447] ∈
                                    {{ (? *)&__malloc_miniz_def_alloc_func_l169{
                                       [37548], [37549], [37550], [37551],
                                       [37552], [37553], [37554], [37556]} }}
                                    [bits 448 to 511] ∈
                                    {{ (? *)&__malloc_miniz_def_alloc_func_l169{
                                       [37546], [37555]} }}
                                    [bits 512 to 639]# ∈
                                    {{ (? *)&__malloc_miniz_def_alloc_func_l169[234154] }} repeated %64 
                                    [bits 640 to 703]# ∈
                                    {1; 2; 3; 4; 5; 6; 7; 8} repeated %32 
                                    [88..127] ∈ {0}
                                    [bits 1024 to 1055] ∈ {1}
                                    [132..135] ∈ {0}
                                    [bits 1088 to 1151] ∈
                                    {{ "Good morning Dr. Chandra. This is Hal. I am ready for my first lesson.Good morning Dr. Chandra. This is Hal. I am ready for my first lesson.Good morning Dr. Chandra. This is Hal. I am ready for my first lesson.Good morning Dr. Chandra. This is Hal. I am ready for my first lesson.Good morning Dr. Chandra. This is Hal. I am ready for my first lesson.Good morning Dr. Chandra. This is Hal. I am ready for my first lesson.Good morning Dr. Chandra. This is Hal. I am ready for my first lesson." }}
                                    [bits 1152 to 1215] ∈
                                    {{ (? *)&__malloc_main_l34 }}
                                    [bits 1216 to 1279] ∈
                                    {{ (? *)&in_bytes }}
                                    [bits 1280 to 1343] ∈
                                    {{ (? *)&out_bytes }}
                                    [bits 1344 to 1375] ∈ {4}
                                    [172..175] ∈ UNINITIALIZED
                                    [bits 1408 to 1471] ∈
                                    {{ "Good morning Dr. Chandra. This is Hal. I am ready for my first lesson.Good morning Dr. Chandra. This is Hal. I am ready for my first lesson.Good morning Dr. Chandra. This is Hal. I am ready for my first lesson.Good morning Dr. Chandra. This is Hal. I am ready for my first lesson.Good morning Dr. Chandra. This is Hal. I am ready for my first lesson.Good morning Dr. Chandra. This is Hal. I am ready for my first lesson.Good morning Dr. Chandra. This is Hal. I am ready for my first lesson." }}
                                    [bits 1472 to 1535] ∈ {490}
                                    [192..199] ∈ {0}
                                    [200] ∈ {71}
                                    [201..202] ∈ {111}
                                    [203] ∈ {100}
                                    [204] ∈ {32}
                                    [205] ∈ {109}
                                    [206] ∈ {111}
                                    [207] ∈ {114}
                                    [208] ∈ {110}
                                    [209] ∈ {105}
                                    [210] ∈ {110}
                                    [211] ∈ {103}
                                    [212] ∈ {32}
                                    [213] ∈ {68}
                                    [214] ∈ {114}
                                    [215] ∈ {46}
                                    [216] ∈ {32}
                                    [217] ∈ {67}
                                    [218] ∈ {104}
                                    [219] ∈ {97}
                                    [220] ∈ {110}
                                    [221] ∈ {100}
                                    [222] ∈ {114}
                                    [223] ∈ {97}
                                    [224] ∈ {46}
                                    [225] ∈ {32}
                                    [226] ∈ {84}
                                    [227] ∈ {104}
                                    [228] ∈ {105}
                                    [229] ∈ {115}
                                    [230] ∈ {32}
                                    [231] ∈ {105}
                                    [232] ∈ {115}
                                    [233] ∈ {32}
                                    [234] ∈ {72}
                                    [235] ∈ {97}
                                    [236] ∈ {108}
                                    [237] ∈ {46}
                                    [238] ∈ {32}
                                    [239] ∈ {73}
                                    [240] ∈ {32}
                                    [241] ∈ {97}
                                    [242] ∈ {109}
                                    [243] ∈ {32}
                                    [244] ∈ {114}
                                    [245] ∈ {101}
                                    [246] ∈ {97}
                                    [247] ∈ {100}
                                    [248] ∈ {121}
                                    [249] ∈ {32}
                                    [250] ∈ {102}
                                    [251] ∈ {111}
                                    [252] ∈ {114}
                                    [253] ∈ {32}
                                    [254] ∈ {109}
                                    [255] ∈ {121}
                                    [256] ∈ {32}
                                    [257] ∈ {102}
                                    [258] ∈ {105}
                                    [259] ∈ {114}
                                    [260] ∈ {115}
                                    [261] ∈ {116}
                                    [262] ∈ {32}
                                    [263] ∈ {108}
                                    [264] ∈ {101}
                                    [265..266] ∈ {115}
                                    [267] ∈ {111}
                                    [268] ∈ {110}
                                    [269] ∈ {46}
                                    [270] ∈ {71}
                                    [271..272] ∈ {111}
                                    [273] ∈ {100}
                                    [274] ∈ {32}
                                    [275] ∈ {109}
                                    [276] ∈ {111}
                                    [277] ∈ {114}
                                    [278] ∈ {110}
                                    [279] ∈ {105}
                                    [280] ∈ {110}
                                    [281] ∈ {103}
                                    [282] ∈ {32}
                                    [283] ∈ {68}
                                    [284] ∈ {114}
                                    [285] ∈ {46}
                                    [286] ∈ {32}
                                    [287] ∈ {67}
                                    [288] ∈ {104}
                                    [289] ∈ {97}
                                    [290] ∈ {110}
                                    [291] ∈ {100}
                                    [292] ∈ {114}
                                    [293] ∈ {97}
                                    [294] ∈ {46}
                                    [295] ∈ {32}
                                    [296] ∈ {84}
                                    [297] ∈ {104}
                                    [298] ∈ {105}
                                    [299] ∈ {115}
                                    [300] ∈ {32}
                                    [301] ∈ {105}
                                    [302] ∈ {115}
                                    [303] ∈ {32}
                                    [304] ∈ {72}
                                    [305] ∈ {97}
                                    [306] ∈ {108}
                                    [307] ∈ {46}
                                    [308] ∈ {32}
                                    [309] ∈ {73}
                                    [310] ∈ {32}
                                    [311] ∈ {97}
                                    [312] ∈ {109}
                                    [313] ∈ {32}
                                    [314] ∈ {114}
                                    [315] ∈ {101}
                                    [316] ∈ {97}
                                    [317] ∈ {100}
                                    [318] ∈ {121}
                                    [319] ∈ {32}
                                    [320] ∈ {102}
                                    [321] ∈ {111}
                                    [322] ∈ {114}
                                    [323] ∈ {32}
                                    [324] ∈ {109}
                                    [325] ∈ {121}
                                    [326] ∈ {32}
                                    [327] ∈ {102}
                                    [328] ∈ {105}
                                    [329] ∈ {114}
                                    [330] ∈ {115}
                                    [331] ∈ {116}
                                    [332] ∈ {32}
                                    [333] ∈ {108}
                                    [334] ∈ {101}
                                    [335..336] ∈ {115}
                                    [337] ∈ {111}
                                    [338] ∈ {110}
                                    [339] ∈ {46}
                                    [340] ∈ {71}
                                    [341..342] ∈ {111}
                                    [343] ∈ {100}
                                    [344] ∈ {32}
                                    [345] ∈ {109}
                                    [346] ∈ {111}
                                    [347] ∈ {114}
                                    [348] ∈ {110}
                                    [349] ∈ {105}
                                    [350] ∈ {110}
                                    [351] ∈ {103}
                                    [352] ∈ {32}
                                    [353] ∈ {68}
                                    [354] ∈ {114}
                                    [355] ∈ {46}
                                    [356] ∈ {32}
                                    [357] ∈ {67}
                                    [358] ∈ {104}
                                    [359] ∈ {97}
                                    [360] ∈ {110}
                                    [361] ∈ {100}
                                    [362] ∈ {114}
                                    [363] ∈ {97}
                                    [364] ∈ {46}
                                    [365] ∈ {32}
                                    [366] ∈ {84}
                                    [367] ∈ {104}
                                    [368] ∈ {105}
                                    [369] ∈ {115}
                                    [370] ∈ {32}
                                    [371] ∈ {105}
                                    [372] ∈ {115}
                                    [373] ∈ {32}
                                    [374] ∈ {72}
                                    [375] ∈ {97}
                                    [376] ∈ {108}
                                    [377] ∈ {46}
                                    [378] ∈ {32}
                                    [379] ∈ {73}
                                    [380] ∈ {32}
                                    [381] ∈ {97}
                                    [382] ∈ {109}
                                    [383] ∈ {32}
                                    [384] ∈ {114}
                                    [385] ∈ {101}
                                    [386] ∈ {97}
                                    [387] ∈ {100}
                                    [388] ∈ {121}
                                    [389] ∈ {32}
                                    [390] ∈ {102}
                                    [391] ∈ {111}
                                    [392] ∈ {114}
                                    [393] ∈ {32}
                                    [394] ∈ {109}
                                    [395] ∈ {121}
                                    [396] ∈ {32}
                                    [397] ∈ {102}
                                    [398] ∈ {105}
                                    [399] ∈ {114}
                                    [400] ∈ {115}
                                    [401] ∈ {116}
                                    [402] ∈ {32}
                                    [403] ∈ {108}
                                    [404] ∈ {101}
                                    [405..406] ∈ {115}
                                    [407] ∈ {111}
                                    [408] ∈ {110}
                                    [409] ∈ {46}
                                    [410] ∈ {71}
                                    [411..412] ∈ {111}
                                    [413] ∈ {100}
                                    [414] ∈ {32}
                                    [415] ∈ {109}
                                    [416] ∈ {111}
                                    [417] ∈ {114}
                                    [418] ∈ {110}
                                    [419] ∈ {105}
                                    [420] ∈ {110}
                                    [421] ∈ {103}
                                    [422] ∈ {32}
                                    [423] ∈ {68}
                                    [424] ∈ {114}
                                    [425] ∈ {46}
                                    [426] ∈ {32}
                                    [427] ∈ {67}
                                    [428] ∈ {104}
                                    [429] ∈ {97}
                                    [430] ∈ {110}
                                    [431] ∈ {100}
                                    [432] ∈ {114}
                                    [433] ∈ {97}
                                    [434] ∈ {46}
                                    [435] ∈ {32}
                                    [436] ∈ {84}
                                    [437] ∈ {104}
                                    [438] ∈ {105}
                                    [439] ∈ {115}
                                    [440] ∈ {32}
                                    [441] ∈ {105}
                                    [442] ∈ {115}
                                    [443] ∈ {32}
                                    [444] ∈ {72}
                                    [445] ∈ {97}
                                    [446] ∈ {108}
                                    [447] ∈ {46}
                                    [448] ∈ {32}
                                    [449] ∈ {73}
                                    [450] ∈ {32}
                                    [451] ∈ {97}
                                    [452] ∈ {109}
                                    [453] ∈ {32}
                                    [454] ∈ {114}
                                    [455] ∈ {101}
                                    [456] ∈ {97}
                                    [457] ∈ {100}
                                    [458] ∈ {0; 121}
                                    [459] ∈ {0; 32}
                                    [460] ∈ {0; 102}
                                    [461] ∈ {0; 111}
                                    [462] ∈ {0; 114}
                                    [463] ∈ {0; 32}
                                    [464] ∈ {0; 109}
                                    [465..32967] ∈ {0}
                                    [32968] ∈ {71}
                                    [32969..32970] ∈ {111}
                                    [32971] ∈ {100}
                                    [32972] ∈ {32}
                                    [32973] ∈ {109}
                                    [32974] ∈ {111}
                                    [32975] ∈ {114}
                                    [32976] ∈ {110}
                                    [32977] ∈ {105}
                                    [32978] ∈ {110}
                                    [32979] ∈ {103}
                                    [32980] ∈ {32}
                                    [32981] ∈ {68}
                                    [32982] ∈ {114}
                                    [32983] ∈ {46}
                                    [32984] ∈ {32}
                                    [32985] ∈ {67}
                                    [32986] ∈ {104}
                                    [32987] ∈ {97}
                                    [32988] ∈ {110}
                                    [32989] ∈ {100}
                                    [32990] ∈ {114}
                                    [32991] ∈ {97}
                                    [32992] ∈ {46}
                                    [32993] ∈ {32}
                                    [32994] ∈ {84}
                                    [32995] ∈ {104}
                                    [32996] ∈ {105}
                                    [32997] ∈ {115}
                                    [32998] ∈ {32}
                                    [32999] ∈ {105}
                                    [33000] ∈ {115}
                                    [33001] ∈ {32}
                                    [33002] ∈ {72}
                                    [33003] ∈ {97}
                                    [33004] ∈ {108}
                                    [33005] ∈ {46}
                                    [33006] ∈ {32}
                                    [33007] ∈ {73}
                                    [33008] ∈ {32}
                                    [33009] ∈ {97}
                                    [33010] ∈ {109}
                                    [33011] ∈ {32}
                                    [33012] ∈ {114}
                                    [33013] ∈ {101}
                                    [33014] ∈ {97}
                                    [33015] ∈ {100}
                                    [33016] ∈ {121}
                                    [33017] ∈ {32}
                                    [33018] ∈ {102}
                                    [33019] ∈ {111}
                                    [33020] ∈ {114}
                                    [33021] ∈ {32}
                                    [33022] ∈ {109}
                                    [33023] ∈ {121}
                                    [33024] ∈ {32}
                                    [33025] ∈ {102}
                                    [33026] ∈ {105}
                                    [33027] ∈ {114}
                                    [33028] ∈ {115}
                                    [33029] ∈ {116}
                                    [33030] ∈ {32}
                                    [33031] ∈ {108}
                                    [33032] ∈ {101}
                                    [33033..33034] ∈ {115}
                                    [33035] ∈ {111}
                                    [33036] ∈ {110}
                                    [33037] ∈ {46}
                                    [33038] ∈ {71}
                                    [33039..33040] ∈ {111}
                                    [33041] ∈ {100}
                                    [33042] ∈ {32}
                                    [33043] ∈ {109}
                                    [33044] ∈ {111}
                                    [33045] ∈ {114}
                                    [33046] ∈ {110}
                                    [33047] ∈ {105}
                                    [33048] ∈ {110}
                                    [33049] ∈ {103}
                                    [33050] ∈ {32}
                                    [33051] ∈ {68}
                                    [33052] ∈ {114}
                                    [33053] ∈ {46}
                                    [33054] ∈ {32}
                                    [33055] ∈ {67}
                                    [33056] ∈ {104}
                                    [33057] ∈ {97}
                                    [33058] ∈ {110}
                                    [33059] ∈ {100}
                                    [33060] ∈ {114}
                                    [33061] ∈ {97}
                                    [33062] ∈ {46}
                                    [33063] ∈ {32}
                                    [33064] ∈ {84}
                                    [33065] ∈ {104}
                                    [33066] ∈ {105}
                                    [33067] ∈ {115}
                                    [33068] ∈ {32}
                                    [33069] ∈ {105}
                                    [33070] ∈ {115}
                                    [33071] ∈ {32}
                                    [33072] ∈ {72}
                                    [33073] ∈ {97}
                                    [33074] ∈ {108}
                                    [33075] ∈ {46}
                                    [33076] ∈ {32}
                                    [33077] ∈ {73}
                                    [33078] ∈ {32}
                                    [33079] ∈ {97}
                                    [33080] ∈ {109}
                                    [33081] ∈ {32}
                                    [33082] ∈ {114}
                                    [33083] ∈ {101}
                                    [33084] ∈ {97}
                                    [33085] ∈ {100}
                                    [33086] ∈ {121}
                                    [33087] ∈ {32}
                                    [33088] ∈ {102}
                                    [33089] ∈ {111}
                                    [33090] ∈ {114}
                                    [33091] ∈ {32}
                                    [33092] ∈ {109}
                                    [33093] ∈ {121}
                                    [33094] ∈ {32}
                                    [33095] ∈ {102}
                                    [33096] ∈ {105}
                                    [33097] ∈ {114}
                                    [33098] ∈ {115}
                                    [33099] ∈ {116}
                                    [33100] ∈ {32}
                                    [33101] ∈ {108}
                                    [33102] ∈ {101}
                                    [33103..33104] ∈ {115}
                                    [33105] ∈ {111}
                                    [33106] ∈ {110}
                                    [33107] ∈ {46}
                                    [33108] ∈ {71}
                                    [33109..33110] ∈ {111}
                                    [33111] ∈ {100}
                                    [33112] ∈ {32}
                                    [33113] ∈ {109}
                                    [33114] ∈ {111}
                                    [33115] ∈ {114}
                                    [33116] ∈ {110}
                                    [33117] ∈ {105}
                                    [33118] ∈ {110}
                                    [33119] ∈ {103}
                                    [33120] ∈ {32}
                                    [33121] ∈ {68}
                                    [33122] ∈ {114}
                                    [33123] ∈ {46}
                                    [33124] ∈ {32}
                                    [33125] ∈ {67}
                                    [33126] ∈ {104}
                                    [33127] ∈ {97}
                                    [33128] ∈ {110}
                                    [33129] ∈ {100}
                                    [33130] ∈ {114}
                                    [33131] ∈ {97}
                                    [33132] ∈ {46}
                                    [33133] ∈ {32}
                                    [33134] ∈ {84}
                                    [33135] ∈ {104}
                                    [33136] ∈ {105}
                                    [33137] ∈ {115}
                                    [33138] ∈ {32}
                                    [33139] ∈ {105}
                                    [33140] ∈ {115}
                                    [33141] ∈ {32}
                                    [33142] ∈ {72}
                                    [33143] ∈ {97}
                                    [33144] ∈ {108}
                                    [33145] ∈ {46}
                                    [33146] ∈ {32}
                                    [33147] ∈ {73}
                                    [33148] ∈ {32}
                                    [33149] ∈ {97}
                                    [33150] ∈ {109}
                                    [33151] ∈ {32}
                                    [33152] ∈ {114}
                                    [33153] ∈ {101}
                                    [33154] ∈ {97}
                                    [33155] ∈ {100}
                                    [33156] ∈ {121}
                                    [33157] ∈ {32}
                                    [33158] ∈ {102}
                                    [33159] ∈ {111}
                                    [33160] ∈ {114}
                                    [33161] ∈ {32}
                                    [33162] ∈ {109}
                                    [33163] ∈ {121}
                                    [33164] ∈ {32}
                                    [33165] ∈ {102}
                                    [33166] ∈ {105}
                                    [33167] ∈ {114}
                                    [33168] ∈ {115}
                                    [33169] ∈ {116}
                                    [33170] ∈ {32}
                                    [33171] ∈ {108}
                                    [33172] ∈ {101}
                                    [33173..33174] ∈ {115}
                                    [33175] ∈ {111}
                                    [33176] ∈ {110}
                                    [33177] ∈ {46}
                                    [33178] ∈ {71}
                                    [33179..33180] ∈ {111}
                                    [33181] ∈ {100}
                                    [33182] ∈ {32}
                                    [33183] ∈ {109}
                                    [33184] ∈ {111}
                                    [33185] ∈ {114}
                                    [33186] ∈ {110}
                                    [33187] ∈ {105}
                                    [33188] ∈ {110}
                                    [33189] ∈ {103}
                                    [33190] ∈ {32}
                                    [33191] ∈ {68}
                                    [33192] ∈ {114}
                                    [33193] ∈ {46}
                                    [33194] ∈ {32}
                                    [33195] ∈ {67}
                                    [33196] ∈ {104}
                                    [33197] ∈ {97}
                                    [33198] ∈ {110}
                                    [33199] ∈ {100}
                                    [33200] ∈ {114}
                                    [33201] ∈ {97}
                                    [33202] ∈ {46}
                                    [33203] ∈ {32}
                                    [33204] ∈ {84}
                                    [33205] ∈ {104}
                                    [33206] ∈ {105}
                                    [33207] ∈ {115}
                                    [33208] ∈ {32}
                                    [33209] ∈ {105}
                                    [33210] ∈ {115}
                                    [33211] ∈ {32}
                                    [33212] ∈ {72}
                                    [33213] ∈ {97}
                                    [33214] ∈ {108}
                                    [33215] ∈ {46}
                                    [33216] ∈ {32}
                                    [33217] ∈ {73}
                                    [33218] ∈ {32}
                                    [33219] ∈ {97}
                                    [33220] ∈ {109}
                                    [33221] ∈ {32}
                                    [33222] ∈ {114}
                                    [33223] ∈ {101}
                                    [33224] ∈ {97}
                                    [33225] ∈ UNINITIALIZED
                                    [33226..33289] ∈ {0}
                                    [bits 266320 to 266335] ∈ {0; 1}
                                    [33292..33367] ∈ {0}
                                    [bits 266944 to 266959] ∈ {1}
                                    [33370..33425] ∈ {0}
                                    [bits 267408 to 267423] ∈ {0; 1}
                                    [33428..33443] ∈ {0}
                                    [bits 267552 to 267567] ∈ {0; 1}
                                    [33446..33447] ∈ {0}
                                    [bits 267584 to 267599] ∈ {0; 1; 2; 3}
                                    [33450..33453] ∈ {0}
                                    [bits 267632 to 267647] ∈ {0; 1}
                                    [33456..33865] ∈ {0}
                                    [33866..37545] ∈ UNINITIALIZED
                                    [37546] ∈ {0}
                                    [37547] ∈ {71}
                                    [37548..37549] ∈ {111} or UNINITIALIZED
                                    [37550] ∈ {100} or UNINITIALIZED
                                    [37551] ∈ {32} or UNINITIALIZED
                                    [37552] ∈ {109} or UNINITIALIZED
                                    [37553] ∈ {111} or UNINITIALIZED
                                    [37554] ∈ {114} or UNINITIALIZED
                                    [37555..103081] ∈ UNINITIALIZED
                                    [103082..103143] ∈ {0}
                                    [bits 825152 to 825167] ∈ {28}
                                    [103146..103171] ∈ {0}
                                    [bits 825376 to 825391] ∈ {11}
                                    [103174..103191] ∈ {0}
                                    [bits 825536 to 825551] ∈ {48}
                                    [103194..103223] ∈ {0}
                                    [bits 825792 to 825807] ∈ {1}
                                    [bits 825808 to 825823] ∈ {2}
                                    [bits 825824 to 825839] ∈ {3}
                                    [bits 825840 to 825855] ∈ {4}
                                    [bits 825856 to 825871] ∈ {5}
                                    [bits 825872 to 825887] ∈ {6}
                                    [bits 825888 to 825903] ∈ {7}
                                    [bits 825904 to 825919] ∈ {8}
                                    [bits 825920 to 825935] ∈ {9}
                                    [bits 825936 to 825951] ∈ {10}
                                    [bits 825952 to 825967] ∈ {45}
                                    [bits 825968 to 825983] ∈ {12}
                                    [bits 825984 to 825999] ∈ {13}
                                    [bits 826000 to 826015] ∈ {14}
                                    [bits 826016 to 826031] ∈ {15}
                                    [bits 826032 to 826047] ∈ {16}
                                    [bits 826048 to 826063] ∈ {17}
                                    [bits 826064 to 826079] ∈ {18}
                                    [bits 826080 to 826095] ∈ {19}
                                    [bits 826096 to 826111] ∈ {20}
                                    [bits 826112 to 826127] ∈ {21}
                                    [bits 826128 to 826143] ∈ {22}
                                    [bits 826144 to 826159] ∈ {23}
                                    [bits 826160 to 826175] ∈ {24}
                                    [bits 826176 to 826191] ∈ {25}
                                    [bits 826192 to 826207] ∈ {26}
                                    [bits 826208 to 826223] ∈ {27}
                                    [bits 826224 to 826239] ∈ {31}
                                    [bits 826240 to 826255] ∈ {29}
                                    [bits 826256 to 826271] ∈ {30}
                                    [bits 826272 to 826287] ∈ {98}
                                    [bits 826288 to 826303] ∈ {32}
                                    [bits 826304 to 826319] ∈ {33}
                                    [bits 826320 to 826335] ∈ {34}
                                    [bits 826336 to 826351] ∈ {35}
                                    [bits 826352 to 826367] ∈ {36}
                                    [bits 826368 to 826383] ∈ {37}
                                    [bits 826384 to 826399] ∈ {38}
                                    [bits 826400 to 826415] ∈ {39}
                                    [bits 826416 to 826431] ∈ {40}
                                    [bits 826432 to 826447] ∈ {41}
                                    [bits 826448 to 826463] ∈ {42}
                                    [bits 826464 to 826479] ∈ {43}
                                    [bits 826480 to 826495] ∈ {44}
                                    [bits 826496 to 826511] ∈ {81}
                                    [bits 826512 to 826527] ∈ {46}
                                    [bits 826528 to 826543] ∈ {47}
                                    [bits 826544 to 826559] ∈ {55}
                                    [bits 826560 to 826575] ∈ {49}
                                    [bits 826576 to 826591] ∈ {50}
                                    [bits 826592 to 826607] ∈ {51}
                                    [bits 826608 to 826623] ∈ {52}
                                    [bits 826624 to 826639] ∈ {53}
                                    [bits 826640 to 826655] ∈ {54}
                                    [bits 826656 to 826671] ∈ {118}
                                    [bits 826672 to 826687] ∈ {56}
                                    [bits 826688 to 826703] ∈ {57}
                                    [bits 826704 to 826719] ∈ {58}
                                    [bits 826720 to 826735] ∈ {59}
                                    [bits 826736 to 826751] ∈ {60}
                                    [bits 826752 to 826767] ∈ {61}
                                    [bits 826768 to 826783] ∈ {62}
                                    [bits 826784 to 826799] ∈ {63}
                                    [bits 826800 to 826815] ∈ {64}
                                    [bits 826816 to 826831] ∈ {65}
                                    [bits 826832 to 826847] ∈ {66}
                                    [bits 826848 to 826863] ∈ {67}
                                    [bits 826864 to 826879] ∈ {68}
                                    [bits 826880 to 826895] ∈ {69}
                                    [bits 826896 to 826911] ∈ {70}
                                    [bits 826912 to 826927] ∈ {71}
                                    [bits 826928 to 826943] ∈ {72}
                                    [bits 826944 to 826959] ∈ {73}
                                    [bits 826960 to 826975] ∈ {74}
                                    [bits 826976 to 826991] ∈ {75}
                                    [bits 826992 to 827007] ∈ {76}
                                    [bits 827008 to 827023] ∈ {77}
                                    [bits 827024 to 827039] ∈ {78}
                                    [bits 827040 to 827055] ∈ {79}
                                    [bits 827056 to 827071] ∈ {80}
                                    [bits 827072 to 827087] ∈ {115}
                                    [bits 827088 to 827103] ∈ {82}
                                    [bits 827104 to 827119] ∈ {83}
                                    [bits 827120 to 827135] ∈ {84}
                                    [bits 827136 to 827151] ∈ {85}
                                    [bits 827152 to 827167] ∈ {86}
                                    [bits 827168 to 827183] ∈ {87}
                                    [bits 827184 to 827199] ∈ {88}
                                    [bits 827200 to 827215] ∈ {89}
                                    [bits 827216 to 827231] ∈ {90}
                                    [bits 827232 to 827247] ∈ {91}
                                    [bits 827248 to 827263] ∈ {92}
                                    [bits 827264 to 827279] ∈ {93}
                                    [bits 827280 to 827295] ∈ {94}
                                    [bits 827296 to 827311] ∈ {95}
                                    [bits 827312 to 827327] ∈ {96}
                                    [bits 827328 to 827343] ∈ {97}
                                    [bits 827344 to 827359] ∈ {101}
                                    [bits 827360 to 827375] ∈ {99}
                                    [bits 827376 to 827391] ∈ {100}
                                    [bits 827392 to 827407] ∈ {168}
                                    [bits 827408 to 827423] ∈ {102}
                                    [bits 827424 to 827439] ∈ {103}
                                    [bits 827440 to 827455] ∈ {104}
                                    [bits 827456 to 827471] ∈ {105}
                                    [bits 827472 to 827487] ∈ {106}
                                    [bits 827488 to 827503] ∈ {107}
                                    [bits 827504 to 827519] ∈ {108}
                                    [bits 827520 to 827535] ∈ {109}
                                    [bits 827536 to 827551] ∈ {110}
                                    [bits 827552 to 827567] ∈ {111}
                                    [bits 827568 to 827583] ∈ {112}
                                    [bits 827584 to 827599] ∈ {113}
                                    [bits 827600 to 827615] ∈ {114}
                                    [bits 827616 to 827631] ∈ {151}
                                    [bits 827632 to 827647] ∈ {116}
                                    [bits 827648 to 827663] ∈ {117}
                                    [bits 827664 to 827679] ∈ {125}
                                    [bits 827680 to 827695] ∈ {119}
                                    [bits 827696 to 827711] ∈ {120}
                                    [bits 827712 to 827727] ∈ {121}
                                    [bits 827728 to 827743] ∈ {122}
                                    [bits 827744 to 827759] ∈ {123}
                                    [bits 827760 to 827775] ∈ {124}
                                    [bits 827776 to 827791] ∈ {188}
                                    [bits 827792 to 827807] ∈ {126}
                                    [bits 827808 to 827823] ∈ {127}
                                    [bits 827824 to 827839] ∈ {128}
                                    [bits 827840 to 827855] ∈ {129}
                                    [bits 827856 to 827871] ∈ {130}
                                    [bits 827872 to 827887] ∈ {131}
                                    [bits 827888 to 827903] ∈ {132}
                                    [bits 827904 to 827919] ∈ {133}
                                    [bits 827920 to 827935] ∈ {134}
                                    [bits 827936 to 827951] ∈ {135}
                                    [bits 827952 to 827967] ∈ {136}
                                    [bits 827968 to 827983] ∈ {137}
                                    [bits 827984 to 827999] ∈ {138}
                                    [bits 828000 to 828015] ∈ {139}
                                    [bits 828016 to 828031] ∈ {140}
                                    [bits 828032 to 828047] ∈ {141}
                                    [bits 828048 to 828063] ∈ {142}
                                    [bits 828064 to 828079] ∈ {143}
                                    [bits 828080 to 828095] ∈ {144}
                                    [bits 828096 to 828111] ∈ {145}
                                    [bits 828112 to 828127] ∈ {146}
                                    [bits 828128 to 828143] ∈ {147}
                                    [bits 828144 to 828159] ∈ {148}
                                    [bits 828160 to 828175] ∈ {149}
                                    [bits 828176 to 828191] ∈ {150}
                                    [bits 828192 to 828207] ∈ {185}
                                    [bits 828208 to 828223] ∈ {152}
                                    [bits 828224 to 828239] ∈ {153}
                                    [bits 828240 to 828255] ∈ {154}
                                    [bits 828256 to 828271] ∈ {155}
                                    [bits 828272 to 828287] ∈ {156}
                                    [bits 828288 to 828303] ∈ {157}
                                    [bits 828304 to 828319] ∈ {158}
                                    [bits 828320 to 828335] ∈ {159}
                                    [bits 828336 to 828351] ∈ {160}
                                    [bits 828352 to 828367] ∈ {161}
                                    [bits 828368 to 828383] ∈ {162}
                                    [bits 828384 to 828399] ∈ {163}
                                    [bits 828400 to 828415] ∈ {164}
                                    [bits 828416 to 828431] ∈ {165}
                                    [bits 828432 to 828447] ∈ {166}
                                    [bits 828448 to 828463] ∈ {167}
                                    [bits 828464 to 828479] ∈ {171}
                                    [bits 828480 to 828495] ∈ {169}
                                    [bits 828496 to 828511] ∈ {170}
                                    [bits 828512 to 828527] ∈ {238}
                                    [bits 828528 to 828543] ∈ {172}
                                    [bits 828544 to 828559] ∈ {173}
                                    [bits 828560 to 828575] ∈ {174}
                                    [bits 828576 to 828591] ∈ {175}
                                    [bits 828592 to 828607] ∈ {176}
                                    [bits 828608 to 828623] ∈ {177}
                                    [bits 828624 to 828639] ∈ {178}
                                    [bits 828640 to 828655] ∈ {179}
                                    [bits 828656 to 828671] ∈ {180}
                                    [bits 828672 to 828687] ∈ {181}
                                    [bits 828688 to 828703] ∈ {182}
                                    [bits 828704 to 828719] ∈ {183}
                                    [bits 828720 to 828735] ∈ {184}
                                    [bits 828736 to 828751] ∈ {221}
                                    [bits 828752 to 828767] ∈
                                    {186} or UNINITIALIZED
                                    [bits 828768 to 828783] ∈
                                    {187} or UNINITIALIZED
                                    [bits 828784 to 828799] ∈
                                    {195} or UNINITIALIZED
                                    [bits 828800 to 828815] ∈
                                    {189} or UNINITIALIZED
                                    [bits 828816 to 828831] ∈
                                    {190} or UNINITIALIZED
                                    [bits 828832 to 828847] ∈
                                    {191} or UNINITIALIZED
                                    [bits 828848 to 828863] ∈
                                    {192} or UNINITIALIZED
                                    [103608..168617] ∈ UNINITIALIZED
                                    [168618..169323] ∈ {0}
                                    [bits 1354592 to 1354607] ∈ {227}
                                    [169326..169577] ∈ {0}
                                    [bits 1356624 to 1356639] ∈ {233}
                                    [169580..172729] ∈ {0}
                                    [bits 1381840 to 1381855] ∈ {226}
                                    [172732..173197] ∈ {0}
                                    [bits 1385584 to 1385599] ∈ {222}
                                    [173200..173211] ∈ {0}
                                    [bits 1385696 to 1385711] ∈ {186; 256}
                                    [173214..173225] ∈ {0}
                                    [bits 1385808 to 1385823] ∈ {248}
                                    [173228..173419] ∈ {0}
                                    [bits 1387360 to 1387375] ∈ {243}
                                    [173422..173481] ∈ {0}
                                    [bits 1387856 to 1387871] ∈ {251}
                                    [173484..173553] ∈ {0}
                                    [bits 1388432 to 1388447] ∈ {229}
                                    [173556..173573] ∈ {0}
                                    [bits 1388592 to 1388607] ∈ {245}
                                    [173576..174201] ∈ {0}
                                    [bits 1393616 to 1393631] ∈ {235}
                                    [174204..174915] ∈ {0}
                                    [bits 1399328 to 1399343] ∈ {250}
                                    [174918..175099] ∈ {0}
                                    [bits 1400800 to 1400815] ∈ {196}
                                    [175102..175111] ∈ {0}
                                    [bits 1400896 to 1400911] ∈ {189; 259}
                                    [175114..175439] ∈ {0}
                                    [bits 1403520 to 1403535] ∈ {240}
                                    [175442..175687] ∈ {0}
                                    [bits 1405504 to 1405519] ∈ {214}
                                    [175690..175707] ∈ {0}
                                    [bits 1405664 to 1405679] ∈ {193}
                                    [175710..175731] ∈ {0}
                                    [bits 1405856 to 1405871] ∈ {202}
                                    [175734..175859] ∈ {0}
                                    [bits 1406880 to 1406895] ∈ {253}
                                    [175862..177607] ∈ {0}
                                    [bits 1420864 to 1420879] ∈ {210}
                                    [177610..179075] ∈ {0}
                                    [bits 1432608 to 1432623] ∈ {213}
                                    [179078..179533] ∈ {0}
                                    [bits 1436272 to 1436287] ∈ {197}
                                    [179536..179661] ∈ {0}
                                    [bits 1437296 to 1437311] ∈ {190; 260}
                                    [179664..181041] ∈ {0}
                                    [bits 1448336 to 1448351] ∈ {255}
                                    [181044..181967] ∈ {0}
                                    [bits 1455744 to 1455759] ∈ {204}
                                    [181970..184043] ∈ {0}
                                    [bits 1472352 to 1472367] ∈ {231}
                                    [184046..184197] ∈ {0}
                                    [bits 1473584 to 1473599] ∈ {223}
                                    [184200..184489] ∈ {0}
                                    [bits 1475920 to 1475935] ∈ {187; 257}
                                    [184492..185195] ∈ {0}
                                    [bits 1481568 to 1481583] ∈ {249}
                                    [185198..189943] ∈ {0}
                                    [bits 1519552 to 1519567] ∈ {219}
                                    [189946..190223] ∈ {0}
                                    [bits 1521792 to 1521807] ∈ {198}
                                    [190226..190249] ∈ {0}
                                    [bits 1522000 to 1522015] ∈ {241}
                                    [190252..191297] ∈ {0}
                                    [bits 1530384 to 1530399] ∈ {244}
                                    [191300..191301] ∈ {0}
                                    [bits 1530416 to 1530431] ∈ {228}
                                    [191304..191823] ∈ {0}
                                    [bits 1534592 to 1534607] ∈ {237}
                                    [191826..193421] ∈ {0}
                                    [bits 1547376 to 1547391] ∈ {252}
                                    [193424..193479] ∈ {0}
                                    [bits 1547840 to 1547855] ∈ {209}
                                    [193482..193513] ∈ {0}
                                    [bits 1548112 to 1548127] ∈ {212}
                                    [193516..193969] ∈ {0}
                                    [bits 1551760 to 1551775] ∈ {211}
                                    [193972..194181] ∈ {0}
                                    [bits 1553456 to 1553471] ∈ {207}
                                    [194184..194309] ∈ {0}
                                    [bits 1554480 to 1554495] ∈ {216}
                                    [194312..194409] ∈ {0}
                                    [bits 1555280 to 1555295] ∈ {191; 261}
                                    [194412..195625] ∈ {0}
                                    [bits 1565008 to 1565023] ∈ {220}
                                    [195628..195725] ∈ {0}
                                    [bits 1565808 to 1565823] ∈ {230}
                                    [195728..195909] ∈ {0}
                                    [bits 1567280 to 1567295] ∈ {218}
                                    [195912..196201] ∈ {0}
                                    [bits 1569616 to 1569631] ∈ {246}
                                    [196204..198093] ∈ {0}
                                    [bits 1584752 to 1584767] ∈ {215}
                                    [198096..198825] ∈ {0}
                                    [bits 1590608 to 1590623] ∈ {194}
                                    [198828..199471] ∈ {0}
                                    [bits 1595776 to 1595791] ∈ {225}
                                    [199474..199483] ∈ {0}
                                    [bits 1595872 to 1595887] ∈ {247}
                                    [199486..199505] ∈ {0}
                                    [bits 1596048 to 1596063] ∈ {234}
                                    [199508..199759] ∈ {0}
                                    [bits 1598080 to 1598095] ∈ {203}
                                    [199762..200119] ∈ {0}
                                    [bits 1600960 to 1600975] ∈ {208}
                                    [200122..202181] ∈ {0}
                                    [bits 1617456 to 1617471] ∈ {206}
                                    [202184..202439] ∈ {0}
                                    [bits 1619520 to 1619535] ∈ {205}
                                    [202442..202729] ∈ {0}
                                    [bits 1621840 to 1621855] ∈ {200}
                                    [202732..203461] ∈ {0}
                                    [bits 1627696 to 1627711] ∈ {232}
                                    [203464..203819] ∈ {0}
                                    [bits 1630560 to 1630575] ∈ {254}
                                    [203822..204283] ∈ {0}
                                    [bits 1634272 to 1634287] ∈ {217}
                                    [204286..204497] ∈ {0}
                                    [bits 1635984 to 1635999] ∈ {199}
                                    [204500..205625] ∈ {0}
                                    [bits 1645008 to 1645023] ∈ {242}
                                    [205628..205691] ∈ {0}
                                    [bits 1645536 to 1645551] ∈ {239}
                                    [205694..207747] ∈ {0}
                                    [bits 1661984 to 1661999] ∈ {192; 262}
                                    [207750..208489] ∈ {0}
                                    [bits 1667920 to 1667935] ∈ {224}
                                    [208492..211841] ∈ {0}
                                    [bits 1694736 to 1694751] ∈ {201}
                                    [211844..216443] ∈ {0}
                                    [bits 1731552 to 1731567] ∈ {236}
                                    [216446..217973] ∈ {0}
                                    [bits 1743792 to 1743807] ∈ {195; 258}
                                    [217976..234153] ∈ {0}
                                    [234154..319351] ∈ UNINITIALIZED
[eva:final-states] Values at end of function tdefl_compress_normal:
  NON TERMINATING FUNCTION
[eva:final-states] Values at end of function tdefl_compress:
  NON TERMINATING FUNCTION
[eva:final-states] Values at end of function mz_deflate:
  in_bytes ∈ UNINITIALIZED
  out_bytes ∈ UNINITIALIZED
  orig_total_in ∈ UNINITIALIZED
  orig_total_out ∈ UNINITIALIZED
  mz_status ∈ {0}
  __retres ∈ {-2}
  __malloc_miniz_def_alloc_func_l169[0..15] ∈ {0}
                                    [bits 128 to 159] ∈ {28800}
                                    [bits 160 to 191] ∈ {44}
                                    [bits 192 to 223] ∈ {12}
                                    [bits 224 to 287]# ∈ {1} repeated %32 
                                    [36..47] ∈ {0}
                                    [bits 384 to 447] ∈
                                    {{ (? *)&__malloc_miniz_def_alloc_func_l169[37547] }}
                                    [bits 448 to 511] ∈
                                    {{ (? *)&__malloc_miniz_def_alloc_func_l169[37546] }}
                                    [bits 512 to 639]# ∈
                                    {{ (? *)&__malloc_miniz_def_alloc_func_l169[234154] }} repeated %64 
                                    [bits 640 to 671] ∈ {8}
                                    [84..171] ∈ {0}
                                    [172..175] ∈ UNINITIALIZED
                                    [176..33224] ∈ {0}
                                    [33225] ∈ UNINITIALIZED
                                    [33226..33865] ∈ {0}
                                    [33866..37545] ∈ UNINITIALIZED
                                    [37546] ∈ {0}
                                    [37547..168617] ∈ UNINITIALIZED
                                    [168618..234153] ∈ {0}
                                    [234154..319351] ∈ UNINITIALIZED
[eva:final-states] Values at end of function mz_compress2:
  __fc_heap_status ∈ [--..--]
  status ∈ {-4; -2}
  stream.next_in ∈
        {{ "Good morning Dr. Chandra. This is Hal. I am ready for my first lesson.Good morning Dr. Chandra. This is Hal. I am ready for my first lesson.Good morning Dr. Chandra. This is Hal. I am ready for my first lesson.Good morning Dr. Chandra. This is Hal. I am ready for my first lesson.Good morning Dr. Chandra. This is Hal. I am ready for my first lesson.Good morning Dr. Chandra. This is Hal. I am ready for my first lesson.Good morning Dr. Chandra. This is Hal. I am ready for my first lesson." }}
        .avail_in ∈ {490}
        {.total_in; .[bits 96 to 127]} ∈ {0}
        .next_out ∈ {{ &__malloc_main_l34[0] }}
        .avail_out ∈ {667}
        {.total_out; .msg; .[bits 288 to 319]} ∈ {0}
        .state ∈
        {{ NULL ;
           (struct mz_internal_state *)&__malloc_miniz_def_alloc_func_l169 }}
        .zalloc ∈ {{ &miniz_def_alloc_func }}
        .zfree ∈ {{ &miniz_def_free_func }}
        {.opaque; .data_type; .[bits 736 to 767]} ∈ {0}
        .adler ∈ {1}
        .reserved ∈ {0}
  __retres ∈ {-4; -2}
  __malloc_miniz_def_alloc_func_l169[0..15] ∈ {0}
                                    [bits 128 to 159] ∈ {28800}
                                    [bits 160 to 191] ∈ {44}
                                    [bits 192 to 223] ∈ {12}
                                    [bits 224 to 287]# ∈ {1} repeated %32 
                                    [36..47] ∈ {0}
                                    [bits 384 to 447] ∈
                                    {{ (? *)&__malloc_miniz_def_alloc_func_l169[37547] }}
                                    [bits 448 to 511] ∈
                                    {{ (? *)&__malloc_miniz_def_alloc_func_l169[37546] }}
                                    [bits 512 to 639]# ∈
                                    {{ (? *)&__malloc_miniz_def_alloc_func_l169[234154] }} repeated %64 
                                    [bits 640 to 671] ∈ {8}
                                    [84..171] ∈ {0}
                                    [172..175] ∈ UNINITIALIZED
                                    [176..33224] ∈ {0}
                                    [33225] ∈ UNINITIALIZED
                                    [33226..33865] ∈ {0}
                                    [33866..37545] ∈ UNINITIALIZED
                                    [37546] ∈ {0}
                                    [37547..168617] ∈ UNINITIALIZED
                                    [168618..234153] ∈ {0}
                                    [234154..319351] ∈ UNINITIALIZED
[eva:final-states] Values at end of function mz_compress:
  __fc_heap_status ∈ [--..--]
  __malloc_miniz_def_alloc_func_l169[0..15] ∈ {0}
                                    [bits 128 to 159] ∈ {28800}
                                    [bits 160 to 191] ∈ {44}
                                    [bits 192 to 223] ∈ {12}
                                    [bits 224 to 287]# ∈ {1} repeated %32 
                                    [36..47] ∈ {0}
                                    [bits 384 to 447] ∈
                                    {{ (? *)&__malloc_miniz_def_alloc_func_l169[37547] }}
                                    [bits 448 to 511] ∈
                                    {{ (? *)&__malloc_miniz_def_alloc_func_l169[37546] }}
                                    [bits 512 to 639]# ∈
                                    {{ (? *)&__malloc_miniz_def_alloc_func_l169[234154] }} repeated %64 
                                    [bits 640 to 671] ∈ {8}
                                    [84..171] ∈ {0}
                                    [172..175] ∈ UNINITIALIZED
                                    [176..33224] ∈ {0}
                                    [33225] ∈ UNINITIALIZED
                                    [33226..33865] ∈ {0}
                                    [33866..37545] ∈ UNINITIALIZED
                                    [37546] ∈ {0}
                                    [37547..168617] ∈ UNINITIALIZED
                                    [168618..234153] ∈ {0}
                                    [234154..319351] ∈ UNINITIALIZED
[eva:final-states] Values at end of function main:
  __fc_heap_status ∈ [--..--]
  step ∈ {0}
  cmp_status ∈ {-4; -2} or UNINITIALIZED
  src_len ∈ {490}
  cmp_len ∈ {667}
  uncomp_len ∈ {490}
  pCmp ∈ {{ NULL ; &__malloc_main_l34[0] }} or ESCAPINGADDR
  pUncomp ∈ {{ NULL ; &__malloc_main_l35[0] }} or ESCAPINGADDR
  total_succeeded ∈ {0}
  __retres ∈ {1}
  S___fc_stdout[0..1] ∈ [--..--]
  __malloc_miniz_def_alloc_func_l169[0..15] ∈ {0}
                                    [bits 128 to 159] ∈ {28800}
                                    [bits 160 to 191] ∈ {44}
                                    [bits 192 to 223] ∈ {12}
                                    [bits 224 to 287]# ∈ {1} repeated %32 
                                    [36..47] ∈ {0}
                                    [bits 384 to 447] ∈
                                    {{ (? *)&__malloc_miniz_def_alloc_func_l169[37547] }}
                                    [bits 448 to 511] ∈
                                    {{ (? *)&__malloc_miniz_def_alloc_func_l169[37546] }}
                                    [bits 512 to 639]# ∈
                                    {{ (? *)&__malloc_miniz_def_alloc_func_l169[234154] }} repeated %64 
                                    [bits 640 to 671] ∈ {8}
                                    [84..171] ∈ {0}
                                    [172..175] ∈ UNINITIALIZED
                                    [176..33224] ∈ {0}
                                    [33225] ∈ UNINITIALIZED
                                    [33226..33865] ∈ {0}
                                    [33866..37545] ∈ UNINITIALIZED
                                    [37546] ∈ {0}
                                    [37547..168617] ∈ UNINITIALIZED
                                    [168618..234153] ∈ {0}
                                    [234154..319351] ∈ UNINITIALIZED
[eva:final-states] Values at end of function eva_main:
  Frama_C_entropy_source ∈ [--..--]
  argc ∈ {0; 1; 2; 3; 4; 5}
  argv0[0..254] ∈ [--..--]
       [255] ∈ {0}
  argv1[0..254] ∈ [--..--]
       [255] ∈ {0}
  argv2[0..254] ∈ [--..--]
       [255] ∈ {0}
  argv3[0..254] ∈ [--..--]
       [255] ∈ {0}
  argv4[0..254] ∈ [--..--]
       [255] ∈ {0}
  argv[0] ∈ {{ &argv0[0] }}
      [1] ∈ {{ &argv1[0] }}
      [2] ∈ {{ &argv2[0] }}
      [3] ∈ {{ &argv3[0] }}
      [4] ∈ {{ &argv4[0] }}
      [5] ∈ {0}
  __fc_heap_status ∈ [--..--]
  S___fc_stdout[0..1] ∈ [--..--]
  __malloc_miniz_def_alloc_func_l169[0..15] ∈ {0}
                                    [bits 128 to 159] ∈ {28800}
                                    [bits 160 to 191] ∈ {44}
                                    [bits 192 to 223] ∈ {12}
                                    [bits 224 to 287]# ∈ {1} repeated %32 
                                    [36..47] ∈ {0}
                                    [bits 384 to 447] ∈
                                    {{ (? *)&__malloc_miniz_def_alloc_func_l169[37547] }}
                                    [bits 448 to 511] ∈
                                    {{ (? *)&__malloc_miniz_def_alloc_func_l169[37546] }}
                                    [bits 512 to 639]# ∈
                                    {{ (? *)&__malloc_miniz_def_alloc_func_l169[234154] }} repeated %64 
                                    [bits 640 to 671] ∈ {8}
                                    [84..171] ∈ {0}
                                    [172..175] ∈ UNINITIALIZED
                                    [176..33224] ∈ {0}
                                    [33225] ∈ UNINITIALIZED
                                    [33226..33865] ∈ {0}
                                    [33866..37545] ∈ UNINITIALIZED
                                    [37546] ∈ {0}
                                    [37547..168617] ∈ UNINITIALIZED
                                    [168618..234153] ∈ {0}
                                    [234154..319351] ∈ UNINITIALIZED
[eva:summary] ====== ANALYSIS SUMMARY ======
  ----------------------------------------------------------------------------
  19 functions analyzed (out of 64): 29% coverage.
  In these functions, 380 statements reached (out of 795): 47% coverage.
  ----------------------------------------------------------------------------
  No errors or warnings raised during the analysis.
  ----------------------------------------------------------------------------
  1 alarm generated by the analysis:
       1 access to uninitialized left-values
  ----------------------------------------------------------------------------
  Evaluation of the logical properties reached by the analysis:
    Assertions        0 valid     0 unknown     0 invalid      0 total
    Preconditions    22 valid     0 unknown     0 invalid     22 total
  100% of the logical properties reached have been proven.
  ----------------------------------------------------------------------------
6.09user 0.26system 0:06.35elapsed 99%CPU (0avgtext+0avgdata 280280maxresident)k
0inputs+10016outputs (0major+73080minor)pagefaults 0swaps
