[kernel] Parsing test/tests.c (with preprocessing)
[variadic:typing] test/testutil.h:30: Warning: 
  Incorrect type for argument 3. The argument will be cast from jsmntype_t (unsigned int) to int.
[eva] Analyzing a complete application starting at main
[eva:initial-state] Values of globals at initialization
  test_passed ∈ {0}
  test_failed ∈ {0}
[eva] test/testutil.h:76: allocating variable __malloc_parse_l76
[eva:loop-unroll:auto] jsmn.c:209: Automatic loop unrolling.
[eva:loop-unroll:auto] jsmn.c:222: Automatic loop unrolling.
[eva:loop-unroll:auto] jsmn.c:294: Automatic loop unrolling.
[eva:loop-unroll:auto] test/testutil.h:14: Automatic loop unrolling.
[eva:alarm] test/testutil.h:29: Warning: 
  out of bounds read. assert \valid_read(&(t + i)->type);
[eva] test/testutil.h:76: allocating variable __malloc_parse_l76_0
[eva] test/testutil.h:76: allocating variable __malloc_parse_l76_1
[eva] test/testutil.h:76: allocating variable __malloc_parse_l76_2
[eva] using specification for function strncmp
[eva] FRAMAC_SHARE/libc/string.h:163: 
  cannot evaluate ACSL term, unsupported ACSL construct: logic function strncmp
[eva] using specification for function printf_va_6
[eva] test/testutil.h:76: allocating variable __malloc_parse_l76_3
[eva] test/testutil.h:76: allocating variable __malloc_parse_l76_4
[eva] test/testutil.h:76: allocating variable __malloc_parse_l76_5
[eva:loop-unroll:auto] jsmn.c:250: Automatic loop unrolling.
[eva] test/testutil.h:76: allocating variable __malloc_parse_l76_6
[eva] using specification for function printf_va_1
[eva] test/testutil.h:76: allocating variable __malloc_parse_l76_7
[eva] test/testutil.h:76: allocating variable __malloc_parse_l76_8
[eva] using specification for function printf_va_7
[eva] test/testutil.h:76: allocating variable __malloc_parse_l76_9
[eva] test/testutil.h:76: allocating variable __malloc_parse_l76_10
[eva] test/testutil.h:76: allocating variable __malloc_parse_l76_11
[eva] test/testutil.h:76: allocating variable __malloc_parse_l76_12
[eva] test/testutil.h:76: allocating variable __malloc_parse_l76_13
[eva] test/testutil.h:76: allocating variable __malloc_parse_l76_14
[eva] test/testutil.h:76: allocating variable __malloc_parse_l76_15
[eva] test/testutil.h:76: allocating variable __malloc_parse_l76_16
[eva] test/testutil.h:76: allocating variable __malloc_parse_l76_17
[eva:loop-unroll:auto] jsmn.c:125: Automatic loop unrolling.
[eva] test/testutil.h:76: allocating variable __malloc_parse_l76_18
[eva] test/testutil.h:76: allocating variable __malloc_parse_l76_19
[eva] test/testutil.h:76: allocating variable __malloc_parse_l76_20
[eva] test/testutil.h:76: allocating variable __malloc_parse_l76_21
[eva] test/testutil.h:76: allocating variable __malloc_parse_l76_22
[eva] test/testutil.h:76: allocating variable __malloc_parse_l76_23
[eva:loop-unroll:auto] test/tests.c:126: Automatic loop unrolling.
[eva] FRAMAC_SHARE/libc/string.h:134: 
  cannot evaluate ACSL term, unsupported ACSL construct: logic function memset
[eva] FRAMAC_SHARE/libc/string.h:101: 
  cannot evaluate ACSL term, unsupported ACSL construct: logic function memcmp
[eva] jsmn.c:250: Trace partitioning superposing up to 100 states
[eva] jsmn.c:250: Trace partitioning superposing up to 200 states
[eva] jsmn.c:250: Trace partitioning superposing up to 300 states
[eva] test/testutil.h:76: allocating variable __malloc_parse_l76_24
[eva] test/testutil.h:76: allocating variable __malloc_parse_l76_25
[eva] test/testutil.h:76: allocating variable __malloc_parse_l76_26
[eva] test/testutil.h:76: allocating variable __malloc_parse_l76_27
[eva] test/testutil.h:76: allocating variable __malloc_parse_l76_28
[eva] test/testutil.h:76: allocating variable __malloc_parse_l76_29
[eva] test/testutil.h:76: allocating variable __malloc_parse_l76_30
[eva] test/testutil.h:76: allocating variable __malloc_parse_l76_31
[eva] test/testutil.h:76: allocating variable __malloc_parse_l76_32
[eva] test/testutil.h:76: allocating variable __malloc_parse_l76_33
[eva] using specification for function printf_va_8
[eva] ====== VALUES COMPUTED ======
[eva:final-states] Values at end of function jsmn_alloc_token:
  tok ∈
     {{ &tok{[0], [1], [2], [3], [4]} ; &toksmall{[0], [1], [2], [3], [4]} ;
        &toklarge{[0], [1], [2], [3], [4], [5]} ; &tok{[0], [1], [2], [3]} ;
        &tokens{[0], [1], [2], [3], [4], [5], [6], [7], [8], [9], [10], [11],
                [12], [13], [14], [15], [16], [17], [18], [19], [20], [21],
                [22], [23], [24], [25], [26], [27], [28], [29], [30], [31],
                [32], [33], [34], [35], [36], [37], [38], [39], [40], [41],
                [42], [43], [44], [45], [46], [47], [48], [49], [50], [51],
                [52], [53], [54], [55], [56], [57], [58], [59], [60]} ;
        &tokens{[0], [1], [2]} ; &__malloc_parse_l76 ;
        &__malloc_parse_l76_0 ; &__malloc_parse_l76_1{[0], [1], [2]} ;
        &__malloc_parse_l76_2{[0], [1], [2]} ;
        &__malloc_parse_l76_3{[0], [1], [2]} ;
        &__malloc_parse_l76_4{[0], [1], [2], [3], [4]} ;
        &__malloc_parse_l76_5{[0], [1], [2], [3], [4], [5], [6]} ;
        &__malloc_parse_l76_6{[0], [1], [2], [3], [4]} ;
        &__malloc_parse_l76_7{[0], [1]} ;
        &__malloc_parse_l76_8{[0], [1], [2]} ;
        &__malloc_parse_l76_9{[0], [1], [2]} ;
        &__malloc_parse_l76_10{[0], [1], [2]} ;
        &__malloc_parse_l76_11{[0], [1], [2]} ;
        &__malloc_parse_l76_12{[0], [1], [2]} ;
        &__malloc_parse_l76_13{[0], [1], [2]} ;
        &__malloc_parse_l76_14{[0], [1], [2]} ;
        &__malloc_parse_l76_15{[0], [1], [2]} ;
        &__malloc_parse_l76_16{[0], [1], [2]} ;
        &__malloc_parse_l76_17{[0], [1], [2]} ;
        &__malloc_parse_l76_18{[0], [1], [2]} ;
        &__malloc_parse_l76_19{[0], [1], [2]} ;
        &__malloc_parse_l76_20{[0], [1], [2], [3]} ;
        &__malloc_parse_l76_21{[0], [1]} ; &__malloc_parse_l76_22{[0], [1]} ;
        &__malloc_parse_l76_23{[0], [1], [2], [3]} ;
        &__malloc_parse_l76_24{[0], [1], [2], [3], [4], [5], [6], [7]} ;
        &__malloc_parse_l76_25{[0], [1]} ;
        &__malloc_parse_l76_26{[0], [1], [2], [3], [4], [5]} ;
        &__malloc_parse_l76_27{[0], [1]} ; &__malloc_parse_l76_28{[0], [1]} ;
        &__malloc_parse_l76_29{[0], [1], [2]} ;
        &__malloc_parse_l76_30{[0], [1], [2]} ; &__malloc_parse_l76_31[0] ;
        &__malloc_parse_l76_32{[0], [1], [2]} ;
        &__malloc_parse_l76_33{[0], [1], [2], [3]} }} or UNINITIALIZED
  p.pos ∈
   {0; 1} ∪ [3..18]
    ∪ {20; 22; 23; 24; 26; 29; 30; 32; 35; 38; 39; 40; 48}
   .toknext ∈ {1; 2; 3; 4; 5; 6; 7; 8}
   .toksuper ∈ {-1; 0; 1; 2; 3; 4; 5; 6}
  p.pos ∈ {0; 3; 13; 18; 29}
   .toknext ∈ {1; 2; 3; 4; 5}
   .toksuper ∈ {-1; 0; 1; 3}
  tok[0].type ∈ {JSMN_OBJECT} or UNINITIALIZED
     [0].start ∈ {-1; 0}
     [0].end ∈ {-1}
     [0].size ∈ {0; 1; 2}
     [1].type ∈ {JSMN_STRING} or UNINITIALIZED
     [1].start ∈ {-1; 2} or UNINITIALIZED
     [1].end ∈ {-1; 3} or UNINITIALIZED
     [1].size ∈ {0; 1} or UNINITIALIZED
     [2].type ∈ {JSMN_STRING} or UNINITIALIZED
     [2].start ∈ {-1; 7} or UNINITIALIZED
     [2].end ∈ {-1; 13} or UNINITIALIZED
     [2].size ∈ {0} or UNINITIALIZED
     [3].type ∈ {JSMN_STRING} or UNINITIALIZED
     [3].start ∈ {-1; 17} or UNINITIALIZED
     [3].end ∈ {-1; 18} or UNINITIALIZED
     [3].size ∈ {0} or UNINITIALIZED
     [4].type ∈ UNINITIALIZED
     [4]{.start; .end} ∈ {-1} or UNINITIALIZED
     [4].size ∈ {0} or UNINITIALIZED
  p.pos ∈ {2; 5; 11; 13; 17; 25}
   .toknext ∈ {0; 1; 2; 3; 4; 5; 6}
   .toksuper ∈ {-1; 0; 3}
  toksmall[0].type ∈ {JSMN_UNDEFINED; JSMN_ARRAY}
          [0].start ∈ {-1; 0; 2}
          [0].end ∈ {-1; 0}
          [0].size ∈ {0; 1; 2; 3}
          [1].type ∈ {JSMN_UNDEFINED; JSMN_PRIMITIVE}
          [1].start ∈ {-1; 0; 4}
          [1].end ∈ {-1; 0; 5}
          [1].size ∈ {0}
          [2].type ∈ {JSMN_UNDEFINED; JSMN_PRIMITIVE}
          [2].start ∈ {-1; 0; 7}
          [2].end ∈ {-1; 0; 11}
          [2].size ∈ {0}
          [3].type ∈ {JSMN_UNDEFINED; JSMN_ARRAY}
          [3].start ∈ {-1; 0; 13}
          [3].end ∈ {-1; 0}
          [3].size ∈ {0; 1}
          [4].type ∈ {JSMN_UNDEFINED; JSMN_PRIMITIVE}
          [4].start ∈ {-1; 0; 14}
          [4].end ∈ {-1; 0; 17}
          {[4].size; [5..9]} ∈ {0}
  toklarge[0].type ∈ {JSMN_UNDEFINED; JSMN_ARRAY}
          [0].start ∈ {-1; 0; 2}
          [0].end ∈ {-1; 0}
          [0].size ∈ {0; 1; 2; 3}
          [1].type ∈ {JSMN_UNDEFINED; JSMN_PRIMITIVE}
          [1].start ∈ {-1; 0; 4}
          [1].end ∈ {-1; 0; 5}
          [1].size ∈ {0}
          [2].type ∈ {JSMN_UNDEFINED; JSMN_PRIMITIVE}
          [2].start ∈ {-1; 0; 7}
          [2].end ∈ {-1; 0; 11}
          [2].size ∈ {0}
          [3].type ∈ {JSMN_UNDEFINED; JSMN_ARRAY}
          [3].start ∈ {-1; 0; 13}
          [3].end ∈ {-1; 0}
          [3].size ∈ {0; 1}
          [4].type ∈ {JSMN_UNDEFINED; JSMN_PRIMITIVE}
          [4].start ∈ {-1; 0; 14}
          [4].end ∈ {-1; 0; 17}
          {[4].size; [5].type} ∈ {0}
          [5]{.start; .end} ∈ {-1; 0}
          {[5].size; [6..9]} ∈ {0}
  p.pos ∈ {4; 12; 18; 24}
   .toknext ∈ {1; 2; 3; 4}
   .toksuper ∈ {-1; 0; 2}
  tok[0].type ∈ {JSMN_PRIMITIVE} or UNINITIALIZED
     [0].start ∈ {-1; 0}
     [0].end ∈ {-1; 4}
     [0].size ∈ {0; 1; 2}
     [1].type ∈ {JSMN_STRING} or UNINITIALIZED
     [1].start ∈ {-1; 7} or UNINITIALIZED
     [1].end ∈ {-1; 12} or UNINITIALIZED
     [1].size ∈ {0} or UNINITIALIZED
     [2].type ∈ {JSMN_PRIMITIVE} or UNINITIALIZED
     [2].start ∈ {-1; 14} or UNINITIALIZED
     [2].end ∈ {-1; 18} or UNINITIALIZED
     [2].size ∈ {0} or UNINITIALIZED
     [3].type ∈ UNINITIALIZED
     [3]{.start; .end} ∈ {-1} or UNINITIALIZED
     [3].size ∈ {0} or UNINITIALIZED
     [4..9] ∈ UNINITIALIZED
  p.pos ∈
   {0; 9; 13; 22; 24; 26; 33; 35; 37; 40; 50; 54; 61; 80; 91; 94; 101; 113;
    124; 130; 138; 142; 146; 149; 153; 156; 173; 186; 200; 203; 219; 223;
    234; 236; 238; 249; 252; 260; 284; 299; 303; 316; 321; 330; 333; 340;
    348; 362; 364; 376; 379; 392; 396; 408; 412; 427; 431; 441; 444; 452;
    456}
   .toknext ∈ [1..61]
   .toksuper ∈
   {-1; 0; 1} ∪ [3..7] ∪ {10; 12; 14; 16; 18; 20; 22; 24; 26; 28; 30}
    ∪ [32..35] ∪ {37; 39; 41; 43; 45; 47; 49; 51; 53; 55; 57; 59}
  tokens[0].type ∈ {JSMN_OBJECT} or UNINITIALIZED
        [0].start ∈ {-1; 0}
        [0].end ∈ {-1}
        [0].size ∈ [0..9]
        [1].type ∈ {JSMN_STRING} or UNINITIALIZED
        [1].start ∈ {-1; 3} or UNINITIALIZED
        [1].end ∈ {-1; 9} or UNINITIALIZED
        [1].size ∈ {0; 1} or UNINITIALIZED
        [2].type ∈ {JSMN_PRIMITIVE} or UNINITIALIZED
        [2].start ∈ {-1; 11} or UNINITIALIZED
        [2].end ∈ {-1; 13} or UNINITIALIZED
        [2].size ∈ {0} or UNINITIALIZED
        [3].type ∈ {JSMN_STRING} or UNINITIALIZED
        [3].start ∈ {-1; 16} or UNINITIALIZED
        [3].end ∈ {-1; 22} or UNINITIALIZED
        [3].size ∈ {0; 1} or UNINITIALIZED
        [4].type ∈ {JSMN_ARRAY} or UNINITIALIZED
        [4].start ∈ {-1; 24} or UNINITIALIZED
        [4].end ∈ {-1; 159} or UNINITIALIZED
        [4].size ∈ {0; 1} or UNINITIALIZED
        [5].type ∈ {JSMN_OBJECT} or UNINITIALIZED
        [5].start ∈ {-1; 26} or UNINITIALIZED
        [5].end ∈ {-1; 158} or UNINITIALIZED
        [5].size ∈ [0..9] or UNINITIALIZED
        [6].type ∈ {JSMN_STRING} or UNINITIALIZED
        [6].start ∈ {-1; 29} or UNINITIALIZED
        [6].end ∈ {-1; 33} or UNINITIALIZED
        [6].size ∈ {0; 1} or UNINITIALIZED
        [7].type ∈ {JSMN_ARRAY} or UNINITIALIZED
        [7].start ∈ {-1; 35} or UNINITIALIZED
        [7].end ∈ {-1; 41} or UNINITIALIZED
        [7].size ∈ {0; 1; 2} or UNINITIALIZED
        [8].type ∈ {JSMN_PRIMITIVE} or UNINITIALIZED
        [8].start ∈ {-1; 36} or UNINITIALIZED
        [8].end ∈ {-1; 37} or UNINITIALIZED
        [8].size ∈ {0} or UNINITIALIZED
        [9].type ∈ {JSMN_PRIMITIVE} or UNINITIALIZED
        [9].start ∈ {-1; 39} or UNINITIALIZED
        [9].end ∈ {-1; 40} or UNINITIALIZED
        [9].size ∈ {0} or UNINITIALIZED
        [10].type ∈ {JSMN_STRING} or UNINITIALIZED
        [10].start ∈ {-1; 44} or UNINITIALIZED
        [10].end ∈ {-1; 50} or UNINITIALIZED
        [10].size ∈ {0; 1} or UNINITIALIZED
        [11].type ∈ {JSMN_PRIMITIVE} or UNINITIALIZED
        [11].start ∈ {-1; 52} or UNINITIALIZED
        [11].end ∈ {-1; 54} or UNINITIALIZED
        [11].size ∈ {0} or UNINITIALIZED
        [12].type ∈ {JSMN_STRING} or UNINITIALIZED
        [12].start ∈ {-1; 57} or UNINITIALIZED
        [12].end ∈ {-1; 61} or UNINITIALIZED
        [12].size ∈ {0; 1} or UNINITIALIZED
        [13].type ∈ {JSMN_STRING} or UNINITIALIZED
        [13].start ∈ {-1; 64} or UNINITIALIZED
        [13].end ∈ {-1; 80} or UNINITIALIZED
        [13].size ∈ {0} or UNINITIALIZED
        [14].type ∈ {JSMN_STRING} or UNINITIALIZED
        [14].start ∈ {-1; 84} or UNINITIALIZED
        [14].end ∈ {-1; 91} or UNINITIALIZED
        [14].size ∈ {0; 1} or UNINITIALIZED
        [15].type ∈ {JSMN_PRIMITIVE} or UNINITIALIZED
        [15].start ∈ {-1; 93} or UNINITIALIZED
        [15].end ∈ {-1; 94} or UNINITIALIZED
        [15].size ∈ {0} or UNINITIALIZED
        [16].type ∈ {JSMN_STRING} or UNINITIALIZED
        [16].start ∈ {-1; 97} or UNINITIALIZED
        [16].end ∈ {-1; 101} or UNINITIALIZED
        [16].size ∈ {0; 1} or UNINITIALIZED
        [17].type ∈ {JSMN_STRING} or UNINITIALIZED
        [17].start ∈ {-1; 104} or UNINITIALIZED
        [17].end ∈ {-1; 113} or UNINITIALIZED
        [17].size ∈ {0} or UNINITIALIZED
        [18].type ∈ {JSMN_STRING} or UNINITIALIZED
        [18].start ∈ {-1; 117} or UNINITIALIZED
        [18].end ∈ {-1; 124} or UNINITIALIZED
        [18].size ∈ {0; 1} or UNINITIALIZED
        [19].type ∈ {JSMN_PRIMITIVE} or UNINITIALIZED
        [19].start ∈ {-1; 126} or UNINITIALIZED
        [19].end ∈ {-1; 130} or UNINITIALIZED
        [19].size ∈ {0} or UNINITIALIZED
        [20].type ∈ {JSMN_STRING} or UNINITIALIZED
        [20].start ∈ {-1; 133} or UNINITIALIZED
        [20].end ∈ {-1; 138} or UNINITIALIZED
        [20].size ∈ {0; 1} or UNINITIALIZED
        [21].type ∈ {JSMN_PRIMITIVE} or UNINITIALIZED
        [21].start ∈ {-1; 140} or UNINITIALIZED
        [21].end ∈ {-1; 142} or UNINITIALIZED
        [21].size ∈ {0} or UNINITIALIZED
        [22].type ∈ {JSMN_STRING} or UNINITIALIZED
        [22].start ∈ {-1; 145} or UNINITIALIZED
        [22].end ∈ {-1; 146} or UNINITIALIZED
        [22].size ∈ {0; 1} or UNINITIALIZED
        [23].type ∈ {JSMN_PRIMITIVE} or UNINITIALIZED
        [23].start ∈ {-1; 148} or UNINITIALIZED
        [23].end ∈ {-1; 149} or UNINITIALIZED
        [23].size ∈ {0} or UNINITIALIZED
        [24].type ∈ {JSMN_STRING} or UNINITIALIZED
        [24].start ∈ {-1; 152} or UNINITIALIZED
        [24].end ∈ {-1; 153} or UNINITIALIZED
        [24].size ∈ {0; 1} or UNINITIALIZED
        [25].type ∈ {JSMN_PRIMITIVE} or UNINITIALIZED
        [25].start ∈ {-1; 155} or UNINITIALIZED
        [25].end ∈ {-1; 156} or UNINITIALIZED
        [25].size ∈ {0} or UNINITIALIZED
        [26].type ∈ {JSMN_STRING} or UNINITIALIZED
        [26].start ∈ {-1; 162} or UNINITIALIZED
        [26].end ∈ {-1; 173} or UNINITIALIZED
        [26].size ∈ {0; 1} or UNINITIALIZED
        [27].type ∈ {JSMN_STRING} or UNINITIALIZED
        [27].start ∈ {-1; 176} or UNINITIALIZED
        [27].end ∈ {-1; 186} or UNINITIALIZED
        [27].size ∈ {0} or UNINITIALIZED
        [28].type ∈ {JSMN_STRING} or UNINITIALIZED
        [28].start ∈ {-1; 190} or UNINITIALIZED
        [28].end ∈ {-1; 200} or UNINITIALIZED
        [28].size ∈ {0; 1} or UNINITIALIZED
        [29].type ∈ {JSMN_OBJECT} or UNINITIALIZED
        [29].start ∈ {-1; 203} or UNINITIALIZED
        [29].end ∈ {-1; 206} or UNINITIALIZED
        [29].size ∈ {0} or UNINITIALIZED
        [30].type ∈ {JSMN_STRING} or UNINITIALIZED
        [30].start ∈ {-1; 209} or UNINITIALIZED
        [30].end ∈ {-1; 219} or UNINITIALIZED
        [30].size ∈ {0; 1} or UNINITIALIZED
        [31].type ∈ {JSMN_PRIMITIVE} or UNINITIALIZED
        [31].start ∈ {-1; 221} or UNINITIALIZED
        [31].end ∈ {-1; 223} or UNINITIALIZED
        [31].size ∈ {0} or UNINITIALIZED
        [32].type ∈ {JSMN_STRING} or UNINITIALIZED
        [32].start ∈ {-1; 226} or UNINITIALIZED
        [32].end ∈ {-1; 234} or UNINITIALIZED
        [32].size ∈ {0; 1} or UNINITIALIZED
        [33].type ∈ {JSMN_ARRAY} or UNINITIALIZED
        [33].start ∈ {-1; 236} or UNINITIALIZED
        [33].end ∈ {-1; 415} or UNINITIALIZED
        [33].size ∈ {0; 1} or UNINITIALIZED
        [34].type ∈ {JSMN_OBJECT} or UNINITIALIZED
        [34].start ∈ {-1; 238} or UNINITIALIZED
        [34].end ∈ {-1; 414} or UNINITIALIZED
        [34].size ∈ [0..10] or UNINITIALIZED
        [35].type ∈ {JSMN_STRING} or UNINITIALIZED
        [35].start ∈ {-1; 241} or UNINITIALIZED
        [35].end ∈ {-1; 249} or UNINITIALIZED
        [35].size ∈ {0; 1} or UNINITIALIZED
        [36].type ∈ {JSMN_PRIMITIVE} or UNINITIALIZED
        [36].start ∈ {-1; 251} or UNINITIALIZED
        [36].end ∈ {-1; 252} or UNINITIALIZED
        [36].size ∈ {0} or UNINITIALIZED
        [37].type ∈ {JSMN_STRING} or UNINITIALIZED
        [37].start ∈ {-1; 255} or UNINITIALIZED
        [37].end ∈ {-1; 260} or UNINITIALIZED
        [37].size ∈ {0; 1} or UNINITIALIZED
        [38].type ∈ {JSMN_STRING} or UNINITIALIZED
        [38].start ∈ {-1; 263} or UNINITIALIZED
        [38].end ∈ {-1; 284} or UNINITIALIZED
        [38].size ∈ {0} or UNINITIALIZED
        [39].type ∈ {JSMN_STRING} or UNINITIALIZED
        [39].start ∈ {-1; 288} or UNINITIALIZED
        [39].end ∈ {-1; 299} or UNINITIALIZED
        [39].size ∈ {0; 1} or UNINITIALIZED
        [40].type ∈ {JSMN_PRIMITIVE} or UNINITIALIZED
        [40].start ∈ {-1; 301} or UNINITIALIZED
        [40].end ∈ {-1; 303} or UNINITIALIZED
        [40].size ∈ {0} or UNINITIALIZED
        [41].type ∈ {JSMN_STRING} or UNINITIALIZED
        [41].start ∈ {-1; 306} or UNINITIALIZED
        [41].end ∈ {-1; 316} or UNINITIALIZED
        [41].size ∈ {0; 1} or UNINITIALIZED
        [42].type ∈ {JSMN_PRIMITIVE} or UNINITIALIZED
        [42].start ∈ {-1; 318} or UNINITIALIZED
        [42].end ∈ {-1; 321} or UNINITIALIZED
        [42].size ∈ {0} or UNINITIALIZED
        [43].type ∈ {JSMN_STRING} or UNINITIALIZED
        [43].start ∈ {-1; 324} or UNINITIALIZED
        [43].end ∈ {-1; 330} or UNINITIALIZED
        [43].size ∈ {0; 1} or UNINITIALIZED
        [44].type ∈ {JSMN_PRIMITIVE} or UNINITIALIZED
        [44].start ∈ {-1; 332} or UNINITIALIZED
        [44].end ∈ {-1; 333} or UNINITIALIZED
        [44].size ∈ {0} or UNINITIALIZED
        [45].type ∈ {JSMN_STRING} or UNINITIALIZED
        [45].start ∈ {-1; 336} or UNINITIALIZED
        [45].end ∈ {-1; 340} or UNINITIALIZED
        [45].size ∈ {0; 1} or UNINITIALIZED
        [46].type ∈ {JSMN_STRING} or UNINITIALIZED
        [46].start ∈ {-1; 343} or UNINITIALIZED
        [46].end ∈ {-1; 348} or UNINITIALIZED
        [46].size ∈ {0} or UNINITIALIZED
        [47].type ∈ {JSMN_STRING} or UNINITIALIZED
        [47].start ∈ {-1; 352} or UNINITIALIZED
        [47].end ∈ {-1; 362} or UNINITIALIZED
        [47].size ∈ {0; 1} or UNINITIALIZED
        [48].type ∈ {JSMN_OBJECT} or UNINITIALIZED
        [48].start ∈ {-1; 364} or UNINITIALIZED
        [48].end ∈ {-1; 366} or UNINITIALIZED
        [48].size ∈ {0} or UNINITIALIZED
        [49].type ∈ {JSMN_STRING} or UNINITIALIZED
        [49].start ∈ {-1; 369} or UNINITIALIZED
        [49].end ∈ {-1; 376} or UNINITIALIZED
        [49].size ∈ {0; 1} or UNINITIALIZED
        [50].type ∈ {JSMN_PRIMITIVE} or UNINITIALIZED
        [50].start ∈ {-1; 378} or UNINITIALIZED
        [50].end ∈ {-1; 379} or UNINITIALIZED
        [50].size ∈ {0} or UNINITIALIZED
        [51].type ∈ {JSMN_STRING} or UNINITIALIZED
        [51].start ∈ {-1; 382} or UNINITIALIZED
        [51].end ∈ {-1; 392} or UNINITIALIZED
        [51].size ∈ {0; 1} or UNINITIALIZED
        [52].type ∈ {JSMN_PRIMITIVE} or UNINITIALIZED
        [52].start ∈ {-1; 394} or UNINITIALIZED
        [52].end ∈ {-1; 396} or UNINITIALIZED
        [52].size ∈ {0} or UNINITIALIZED
        [53].type ∈ {JSMN_STRING} or UNINITIALIZED
        [53].start ∈ {-1; 399} or UNINITIALIZED
        [53].end ∈ {-1; 408} or UNINITIALIZED
        [53].size ∈ {0; 1} or UNINITIALIZED
        [54].type ∈ {JSMN_PRIMITIVE} or UNINITIALIZED
        [54].start ∈ {-1; 410} or UNINITIALIZED
        [54].end ∈ {-1; 412} or UNINITIALIZED
        [54].size ∈ {0} or UNINITIALIZED
        [55].type ∈ {JSMN_STRING} or UNINITIALIZED
        [55].start ∈ {-1; 418} or UNINITIALIZED
        [55].end ∈ {-1; 427} or UNINITIALIZED
        [55].size ∈ {0; 1} or UNINITIALIZED
        [56].type ∈ {JSMN_PRIMITIVE} or UNINITIALIZED
        [56].start ∈ {-1; 429} or UNINITIALIZED
        [56].end ∈ {-1; 431} or UNINITIALIZED
        [56].size ∈ {0} or UNINITIALIZED
        [57].type ∈ {JSMN_STRING} or UNINITIALIZED
        [57].start ∈ {-1; 434} or UNINITIALIZED
        [57].end ∈ {-1; 441} or UNINITIALIZED
        [57].size ∈ {0; 1} or UNINITIALIZED
        [58].type ∈ {JSMN_PRIMITIVE} or UNINITIALIZED
        [58].start ∈ {-1; 443} or UNINITIALIZED
        [58].end ∈ {-1; 444} or UNINITIALIZED
        [58].size ∈ {0} or UNINITIALIZED
        [59].type ∈ {JSMN_STRING} or UNINITIALIZED
        [59].start ∈ {-1; 447} or UNINITIALIZED
        [59].end ∈ {-1; 452} or UNINITIALIZED
        [59].size ∈ {0} or UNINITIALIZED
        [60].type ∈ UNINITIALIZED
        [60]{.start; .end} ∈ {-1} or UNINITIALIZED
        [60].size ∈ {0} or UNINITIALIZED
        [61..127] ∈ UNINITIALIZED
  p.pos ∈ {0; 3; 7}
   .toknext ∈ {1; 2; 3}
   .toksuper ∈ {-1; 0; 1}
  tokens[0].type ∈ {JSMN_OBJECT} or UNINITIALIZED
        [0].start ∈ {-1; 0}
        [0].end ∈ {-1}
        [0].size ∈ {0; 1}
        [1].type ∈ {JSMN_STRING} or UNINITIALIZED
        [1].start ∈ {-1; 2} or UNINITIALIZED
        [1].end ∈ {-1; 3} or UNINITIALIZED
        [1].size ∈ {0} or UNINITIALIZED
        [2].type ∈ UNINITIALIZED
        [2]{.start; .end} ∈ {-1} or UNINITIALIZED
        [2].size ∈ {0} or UNINITIALIZED
        [3..9] ∈ UNINITIALIZED
  __retres ∈
          {{ NULL ; &tok{[0], [1], [2], [3], [4]} ;
             &toksmall{[0], [1], [2], [3], [4]} ;
             &toklarge{[0], [1], [2], [3], [4], [5]} ;
             &tok{[0], [1], [2], [3]} ;
             &tokens{[0], [1], [2], [3], [4], [5], [6], [7], [8], [9], [10],
                     [11], [12], [13], [14], [15], [16], [17], [18], [19],
                     [20], [21], [22], [23], [24], [25], [26], [27], [28],
                     [29], [30], [31], [32], [33], [34], [35], [36], [37],
                     [38], [39], [40], [41], [42], [43], [44], [45], [46],
                     [47], [48], [49], [50], [51], [52], [53], [54], [55],
                     [56], [57], [58], [59], [60]} ; &tokens{[0], [1], [2]} ;
             &__malloc_parse_l76 ; &__malloc_parse_l76_0 ;
             &__malloc_parse_l76_1{[0], [1], [2]} ;
             &__malloc_parse_l76_2{[0], [1], [2]} ;
             &__malloc_parse_l76_3{[0], [1], [2]} ;
             &__malloc_parse_l76_4{[0], [1], [2], [3], [4]} ;
             &__malloc_parse_l76_5{[0], [1], [2], [3], [4], [5], [6]} ;
             &__malloc_parse_l76_6{[0], [1], [2], [3], [4]} ;
             &__malloc_parse_l76_7{[0], [1]} ;
             &__malloc_parse_l76_8{[0], [1], [2]} ;
             &__malloc_parse_l76_9{[0], [1], [2]} ;
             &__malloc_parse_l76_10{[0], [1], [2]} ;
             &__malloc_parse_l76_11{[0], [1], [2]} ;
             &__malloc_parse_l76_12{[0], [1], [2]} ;
             &__malloc_parse_l76_13{[0], [1], [2]} ;
             &__malloc_parse_l76_14{[0], [1], [2]} ;
             &__malloc_parse_l76_15{[0], [1], [2]} ;
             &__malloc_parse_l76_16{[0], [1], [2]} ;
             &__malloc_parse_l76_17{[0], [1], [2]} ;
             &__malloc_parse_l76_18{[0], [1], [2]} ;
             &__malloc_parse_l76_19{[0], [1], [2]} ;
             &__malloc_parse_l76_20{[0], [1], [2], [3]} ;
             &__malloc_parse_l76_21{[0], [1]} ;
             &__malloc_parse_l76_22{[0], [1]} ;
             &__malloc_parse_l76_23{[0], [1], [2], [3]} ;
             &__malloc_parse_l76_24{[0], [1], [2], [3], [4], [5], [6], [7]} ;
             &__malloc_parse_l76_25{[0], [1]} ;
             &__malloc_parse_l76_26{[0], [1], [2], [3], [4], [5]} ;
             &__malloc_parse_l76_27{[0], [1]} ;
             &__malloc_parse_l76_28{[0], [1]} ;
             &__malloc_parse_l76_29{[0], [1], [2]} ;
             &__malloc_parse_l76_30{[0], [1], [2]} ;
             &__malloc_parse_l76_31[0] ;
             &__malloc_parse_l76_32{[0], [1], [2]} ;
             &__malloc_parse_l76_33{[0], [1], [2], [3]} }}
  __malloc_parse_l76.type ∈ UNINITIALIZED
                    {.start; .end} ∈ {-1}
                    .size ∈ {0}
  __malloc_parse_l76_0.type ∈ UNINITIALIZED
                      {.start; .end} ∈ {-1}
                      .size ∈ {0}
  __malloc_parse_l76_1[0].type ∈ {JSMN_ARRAY} or UNINITIALIZED
                      [0].start ∈ {-1; 0}
                      [0].end ∈ {-1}
                      [0].size ∈ {0; 1}
                      [1].type ∈ {JSMN_OBJECT} or UNINITIALIZED
                      [1].start ∈ {-1; 1} or UNINITIALIZED
                      [1].end ∈ {-1; 3} or UNINITIALIZED
                      [1].size ∈ {0} or UNINITIALIZED
                      [2].type ∈ UNINITIALIZED
                      [2]{.start; .end} ∈ {-1} or UNINITIALIZED
                      [2].size ∈ {0} or UNINITIALIZED
  __malloc_parse_l76_2[0].type ∈ {JSMN_OBJECT} or UNINITIALIZED
                      [0].start ∈ {-1; 0}
                      [0].end ∈ {-1}
                      [0].size ∈ {0; 1}
                      [1].type ∈ {JSMN_STRING} or UNINITIALIZED
                      [1].start ∈ {-1; 2} or UNINITIALIZED
                      [1].end ∈ {-1; 3} or UNINITIALIZED
                      [1].size ∈ {0} or UNINITIALIZED
                      [2].type ∈ UNINITIALIZED
                      [2]{.start; .end} ∈ {-1} or UNINITIALIZED
                      [2].size ∈ {0} or UNINITIALIZED
  __malloc_parse_l76_3[0].type ∈ {JSMN_OBJECT} or UNINITIALIZED
                      [0].start ∈ {-1; 0}
                      [0].end ∈ {-1}
                      [0].size ∈ {0; 1}
                      [1].type ∈ {JSMN_STRING} or UNINITIALIZED
                      [1].start ∈ {-1; 2} or UNINITIALIZED
                      [1].end ∈ {-1; 3} or UNINITIALIZED
                      [1].size ∈ {0} or UNINITIALIZED
                      [2].type ∈ UNINITIALIZED
                      [2]{.start; .end} ∈ {-1} or UNINITIALIZED
                      [2].size ∈ {0} or UNINITIALIZED
  __malloc_parse_l76_4[0].type ∈ {JSMN_OBJECT} or UNINITIALIZED
                      [0].start ∈ {-1; 0}
                      [0].end ∈ {-1}
                      [0].size ∈ {0; 1; 2}
                      [1].type ∈ {JSMN_STRING} or UNINITIALIZED
                      [1].start ∈ {-1; 2} or UNINITIALIZED
                      [1].end ∈ {-1; 3} or UNINITIALIZED
                      [1].size ∈ {0; 1} or UNINITIALIZED
                      [2].type ∈ {JSMN_OBJECT} or UNINITIALIZED
                      [2].start ∈ {-1; 5} or UNINITIALIZED
                      [2].end ∈ {-1; 7} or UNINITIALIZED
                      [2].size ∈ {0} or UNINITIALIZED
                      [3].type ∈ {JSMN_STRING} or UNINITIALIZED
                      [3].start ∈ {-1; 10} or UNINITIALIZED
                      [3].end ∈ {-1; 11} or UNINITIALIZED
                      [3].size ∈ {0} or UNINITIALIZED
                      [4].type ∈ UNINITIALIZED
                      [4]{.start; .end} ∈ {-1} or UNINITIALIZED
                      [4].size ∈ {0} or UNINITIALIZED
  __malloc_parse_l76_5[0].type ∈ {JSMN_OBJECT} or UNINITIALIZED
                      [0].start ∈ {-1; 0}
                      [0].end ∈ {-1}
                      [0].size ∈ {0; 1; 2; 3}
                      [1].type ∈ {JSMN_STRING} or UNINITIALIZED
                      [1].start ∈ {-1; 4} or UNINITIALIZED
                      [1].end ∈ {-1; 7} or UNINITIALIZED
                      [1].size ∈ {0; 1} or UNINITIALIZED
                      [2].type ∈ {JSMN_PRIMITIVE} or UNINITIALIZED
                      [2].start ∈ {-1; 10} or UNINITIALIZED
                      [2].end ∈ {-1; 12} or UNINITIALIZED
                      [2].size ∈ {0} or UNINITIALIZED
                      [3].type ∈ {JSMN_STRING} or UNINITIALIZED
                      [3].start ∈ {-1; 17} or UNINITIALIZED
                      [3].end ∈ {-1; 22} or UNINITIALIZED
                      [3].size ∈ {0; 1} or UNINITIALIZED
                      [4].type ∈ {JSMN_PRIMITIVE} or UNINITIALIZED
                      [4].start ∈ {-1; 25} or UNINITIALIZED
                      [4].end ∈ {-1; 26} or UNINITIALIZED
                      [4].size ∈ {0} or UNINITIALIZED
                      [5].type ∈ {JSMN_STRING} or UNINITIALIZED
                      [5].start ∈ {-1; 31} or UNINITIALIZED
                      [5].end ∈ {-1; 35} or UNINITIALIZED
                      [5].size ∈ {0} or UNINITIALIZED
                      [6].type ∈ UNINITIALIZED
                      [6]{.start; .end} ∈ {-1} or UNINITIALIZED
                      [6].size ∈ {0} or UNINITIALIZED
  __malloc_parse_l76_6[0].type ∈ {JSMN_OBJECT} or UNINITIALIZED
                      [0].start ∈ {-1; 0}
                      [0].end ∈ {-1}
                      [0].size ∈ {0; 1; 2}
                      [1].type ∈ {JSMN_STRING} or UNINITIALIZED
                      [1].start ∈ {-1; 2} or UNINITIALIZED
                      [1].end ∈ {-1; 3} or UNINITIALIZED
                      [1].size ∈ {0; 1} or UNINITIALIZED
                      [2].type ∈ {JSMN_PRIMITIVE} or UNINITIALIZED
                      [2].start ∈ {-1; 6} or UNINITIALIZED
                      [2].end ∈ {-1; 7} or UNINITIALIZED
                      [2].size ∈ {0} or UNINITIALIZED
                      [3].type ∈ {JSMN_STRING} or UNINITIALIZED
                      [3].start ∈ {-1; 10} or UNINITIALIZED
                      [3].end ∈ {-1; 11} or UNINITIALIZED
                      [3].size ∈ {0} or UNINITIALIZED
                      [4].type ∈ UNINITIALIZED
                      [4]{.start; .end} ∈ {-1} or UNINITIALIZED
                      [4].size ∈ {0} or UNINITIALIZED
  __malloc_parse_l76_7[0].type ∈ {JSMN_ARRAY} or UNINITIALIZED
                      [0].start ∈ {-1; 0}
                      [0].end ∈ {-1}
                      [0].size ∈ {0}
                      [1].type ∈ UNINITIALIZED
                      [1]{.start; .end} ∈ {-1} or UNINITIALIZED
                      [1].size ∈ {0} or UNINITIALIZED
  __malloc_parse_l76_8[0].type ∈ {JSMN_OBJECT} or UNINITIALIZED
                      [0].start ∈ {-1; 0}
                      [0].end ∈ {-1}
                      [0].size ∈ {0; 1}
                      [1].type ∈ {JSMN_STRING} or UNINITIALIZED
                      [1].start ∈ {-1; 2} or UNINITIALIZED
                      [1].end ∈ {-1; 3} or UNINITIALIZED
                      [1].size ∈ {0} or UNINITIALIZED
                      [2].type ∈ UNINITIALIZED
                      [2]{.start; .end} ∈ {-1} or UNINITIALIZED
                      [2].size ∈ {0} or UNINITIALIZED
  __malloc_parse_l76_9[0].type ∈ {JSMN_OBJECT} or UNINITIALIZED
                      [0].start ∈ {-1; 0}
                      [0].end ∈ {-1}
                      [0].size ∈ {0; 1}
                      [1].type ∈ {JSMN_STRING} or UNINITIALIZED
                      [1].start ∈ {-1; 2} or UNINITIALIZED
                      [1].end ∈ {-1; 9} or UNINITIALIZED
                      [1].size ∈ {0} or UNINITIALIZED
                      [2].type ∈ UNINITIALIZED
                      [2]{.start; .end} ∈ {-1} or UNINITIALIZED
                      [2].size ∈ {0} or UNINITIALIZED
  __malloc_parse_l76_10[0].type ∈ {JSMN_OBJECT} or UNINITIALIZED
                       [0].start ∈ {-1; 0}
                       [0].end ∈ {-1}
                       [0].size ∈ {0; 1}
                       [1].type ∈ {JSMN_STRING} or UNINITIALIZED
                       [1].start ∈ {-1; 2} or UNINITIALIZED
                       [1].end ∈ {-1; 9} or UNINITIALIZED
                       [1].size ∈ {0} or UNINITIALIZED
                       [2].type ∈ UNINITIALIZED
                       [2]{.start; .end} ∈ {-1} or UNINITIALIZED
                       [2].size ∈ {0} or UNINITIALIZED
  __malloc_parse_l76_11[0].type ∈ {JSMN_OBJECT} or UNINITIALIZED
                       [0].start ∈ {-1; 0}
                       [0].end ∈ {-1}
                       [0].size ∈ {0; 1}
                       [1].type ∈ {JSMN_STRING} or UNINITIALIZED
                       [1].start ∈ {-1; 2} or UNINITIALIZED
                       [1].end ∈ {-1; 9} or UNINITIALIZED
                       [1].size ∈ {0} or UNINITIALIZED
                       [2].type ∈ UNINITIALIZED
                       [2]{.start; .end} ∈ {-1} or UNINITIALIZED
                       [2].size ∈ {0} or UNINITIALIZED
  __malloc_parse_l76_12[0].type ∈ {JSMN_OBJECT} or UNINITIALIZED
                       [0].start ∈ {-1; 0}
                       [0].end ∈ {-1}
                       [0].size ∈ {0; 1}
                       [1].type ∈ {JSMN_STRING} or UNINITIALIZED
                       [1].start ∈ {-1; 2} or UNINITIALIZED
                       [1].end ∈ {-1; 8} or UNINITIALIZED
                       [1].size ∈ {0} or UNINITIALIZED
                       [2].type ∈ UNINITIALIZED
                       [2]{.start; .end} ∈ {-1} or UNINITIALIZED
                       [2].size ∈ {0} or UNINITIALIZED
  __malloc_parse_l76_13[0].type ∈ {JSMN_OBJECT} or UNINITIALIZED
                       [0].start ∈ {-1; 0}
                       [0].end ∈ {-1}
                       [0].size ∈ {0; 1}
                       [1].type ∈ {JSMN_STRING} or UNINITIALIZED
                       [1].start ∈ {-1; 2} or UNINITIALIZED
                       [1].end ∈ {-1; 10} or UNINITIALIZED
                       [1].size ∈ {0} or UNINITIALIZED
                       [2].type ∈ UNINITIALIZED
                       [2]{.start; .end} ∈ {-1} or UNINITIALIZED
                       [2].size ∈ {0} or UNINITIALIZED
  __malloc_parse_l76_14[0].type ∈ {JSMN_OBJECT} or UNINITIALIZED
                       [0].start ∈ {-1; 0}
                       [0].end ∈ {-1}
                       [0].size ∈ {0; 1}
                       [1].type ∈ {JSMN_STRING} or UNINITIALIZED
                       [1].start ∈ {-1; 2} or UNINITIALIZED
                       [1].end ∈ {-1; 8} or UNINITIALIZED
                       [1].size ∈ {0} or UNINITIALIZED
                       [2].type ∈ UNINITIALIZED
                       [2]{.start; .end} ∈ {-1} or UNINITIALIZED
                       [2].size ∈ {0} or UNINITIALIZED
  __malloc_parse_l76_15[0].type ∈ {JSMN_OBJECT} or UNINITIALIZED
                       [0].start ∈ {-1; 0}
                       [0].end ∈ {-1}
                       [0].size ∈ {0; 1}
                       [1].type ∈ {JSMN_STRING} or UNINITIALIZED
                       [1].start ∈ {-1; 2} or UNINITIALIZED
                       [1].end ∈ {-1; 8} or UNINITIALIZED
                       [1].size ∈ {0} or UNINITIALIZED
                       [2].type ∈ UNINITIALIZED
                       [2]{.start; .end} ∈ {-1} or UNINITIALIZED
                       [2].size ∈ {0} or UNINITIALIZED
  __malloc_parse_l76_16[0].type ∈ {JSMN_OBJECT} or UNINITIALIZED
                       [0].start ∈ {-1; 0}
                       [0].end ∈ {-1}
                       [0].size ∈ {0; 1}
                       [1].type ∈ {JSMN_STRING} or UNINITIALIZED
                       [1].start ∈ {-1; 2} or UNINITIALIZED
                       [1].end ∈ {-1; 8} or UNINITIALIZED
                       [1].size ∈ {0} or UNINITIALIZED
                       [2].type ∈ UNINITIALIZED
                       [2]{.start; .end} ∈ {-1} or UNINITIALIZED
                       [2].size ∈ {0} or UNINITIALIZED
  __malloc_parse_l76_17[0].type ∈ {JSMN_OBJECT} or UNINITIALIZED
                       [0].start ∈ {-1; 0}
                       [0].end ∈ {-1}
                       [0].size ∈ {0; 1}
                       [1].type ∈ {JSMN_STRING} or UNINITIALIZED
                       [1].start ∈ {-1; 2} or UNINITIALIZED
                       [1].end ∈ {-1; 3} or UNINITIALIZED
                       [1].size ∈ {0} or UNINITIALIZED
                       [2].type ∈ UNINITIALIZED
                       [2]{.start; .end} ∈ {-1} or UNINITIALIZED
                       [2].size ∈ {0} or UNINITIALIZED
  __malloc_parse_l76_18[0].type ∈ {JSMN_OBJECT} or UNINITIALIZED
                       [0].start ∈ {-1; 0}
                       [0].end ∈ {-1}
                       [0].size ∈ {0; 1}
                       [1].type ∈ {JSMN_STRING} or UNINITIALIZED
                       [1].start ∈ {-1; 2} or UNINITIALIZED
                       [1].end ∈ {-1; 3} or UNINITIALIZED
                       [1].size ∈ {0} or UNINITIALIZED
                       [2].type ∈ UNINITIALIZED
                       [2]{.start; .end} ∈ {-1} or UNINITIALIZED
                       [2].size ∈ {0} or UNINITIALIZED
  __malloc_parse_l76_19[0].type ∈ {JSMN_OBJECT} or UNINITIALIZED
                       [0].start ∈ {-1; 0}
                       [0].end ∈ {-1}
                       [0].size ∈ {0; 1}
                       [1].type ∈ {JSMN_STRING} or UNINITIALIZED
                       [1].start ∈ {-1; 2} or UNINITIALIZED
                       [1].end ∈ {-1; 3} or UNINITIALIZED
                       [1].size ∈ {0} or UNINITIALIZED
                       [2].type ∈ UNINITIALIZED
                       [2]{.start; .end} ∈ {-1} or UNINITIALIZED
                       [2].size ∈ {0} or UNINITIALIZED
  __malloc_parse_l76_20[0].type ∈ {JSMN_OBJECT} or UNINITIALIZED
                       [0].start ∈ {-1; 0}
                       [0].end ∈ {-1}
                       [0].size ∈ {0; 1}
                       [1].type ∈ {JSMN_STRING} or UNINITIALIZED
                       [1].start ∈ {-1; 2} or UNINITIALIZED
                       [1].end ∈ {-1; 3} or UNINITIALIZED
                       [1].size ∈ {0; 1} or UNINITIALIZED
                       [2].type ∈ {JSMN_ARRAY} or UNINITIALIZED
                       [2].start ∈ {-1; 5} or UNINITIALIZED
                       [2].end ∈ {-1} or UNINITIALIZED
                       [2].size ∈ {0} or UNINITIALIZED
                       [3].type ∈ UNINITIALIZED
                       [3]{.start; .end} ∈ {-1} or UNINITIALIZED
                       [3].size ∈ {0} or UNINITIALIZED
  __malloc_parse_l76_21[0].type ∈ {JSMN_OBJECT} or UNINITIALIZED
                       [0].start ∈ {-1; 0}
                       [0].end ∈ {-1}
                       [0].size ∈ {0}
                       [1].type ∈ UNINITIALIZED
                       [1]{.start; .end} ∈ {-1} or UNINITIALIZED
                       [1].size ∈ {0} or UNINITIALIZED
                       [2] ∈ UNINITIALIZED
  __malloc_parse_l76_22[0].type ∈ {JSMN_OBJECT} or UNINITIALIZED
                       [0].start ∈ {-1; 0}
                       [0].end ∈ {-1}
                       [0].size ∈ {0}
                       [1].type ∈ UNINITIALIZED
                       [1]{.start; .end} ∈ {-1} or UNINITIALIZED
                       [1].size ∈ {0} or UNINITIALIZED
                       [2] ∈ UNINITIALIZED
  __malloc_parse_l76_23[0].type ∈ {JSMN_OBJECT} or UNINITIALIZED
                       [0].start ∈ {-1; 0}
                       [0].end ∈ {-1}
                       [0].size ∈ {0; 1}
                       [1].type ∈ {JSMN_OBJECT} or UNINITIALIZED
                       [1].start ∈ {-1; 1} or UNINITIALIZED
                       [1].end ∈ {-1} or UNINITIALIZED
                       [1].size ∈ {0; 1} or UNINITIALIZED
                       [2].type ∈ {JSMN_STRING} or UNINITIALIZED
                       [2].start ∈ {-1; 3} or UNINITIALIZED
                       [2].end ∈ {-1; 4} or UNINITIALIZED
                       [2].size ∈ {0} or UNINITIALIZED
                       [3].type ∈ UNINITIALIZED
                       [3]{.start; .end} ∈ {-1} or UNINITIALIZED
                       [3].size ∈ {0} or UNINITIALIZED
  __malloc_parse_l76_24[0].type ∈ {JSMN_OBJECT} or UNINITIALIZED
                       [0].start ∈ {-1; 0}
                       [0].end ∈ {-1; 31}
                       [0].size ∈ {0; 1; 2}
                       [1].type ∈ {JSMN_STRING} or UNINITIALIZED
                       [1].start ∈ {-1; 3} or UNINITIALIZED
                       [1].end ∈ {-1; 7} or UNINITIALIZED
                       [1].size ∈ {0; 1} or UNINITIALIZED
                       [2].type ∈ {JSMN_STRING} or UNINITIALIZED
                       [2].start ∈ {-1; 12} or UNINITIALIZED
                       [2].end ∈ {-1; 16} or UNINITIALIZED
                       [2].size ∈ {0} or UNINITIALIZED
                       [3].type ∈ {JSMN_STRING} or UNINITIALIZED
                       [3].start ∈ {-1; 20} or UNINITIALIZED
                       [3].end ∈ {-1; 23} or UNINITIALIZED
                       [3].size ∈ {0; 1} or UNINITIALIZED
                       [4].type ∈ {JSMN_PRIMITIVE} or UNINITIALIZED
                       [4].start ∈ {-1; 27} or UNINITIALIZED
                       [4].end ∈ {-1; 29} or UNINITIALIZED
                       [4].size ∈ {0} or UNINITIALIZED
                       [5].type ∈ {JSMN_OBJECT} or UNINITIALIZED
                       [5].start ∈ {-1; 32} or UNINITIALIZED
                       [5].end ∈ {-1} or UNINITIALIZED
                       [5].size ∈ {0; 1} or UNINITIALIZED
                       [6].type ∈ {JSMN_STRING} or UNINITIALIZED
                       [6].start ∈ {-1; 35} or UNINITIALIZED
                       [6].end ∈ {-1; 39} or UNINITIALIZED
                       [6].size ∈ {0} or UNINITIALIZED
                       [7].type ∈ UNINITIALIZED
                       [7]{.start; .end} ∈ {-1} or UNINITIALIZED
                       [7].size ∈ {0} or UNINITIALIZED
  __malloc_parse_l76_25[0].type ∈ {JSMN_PRIMITIVE} or UNINITIALIZED
                       [0].start ∈ {-1; 0}
                       [0].end ∈ {-1; 1}
                       [0].size ∈ {0}
                       [1].type ∈ UNINITIALIZED
                       [1]{.start; .end} ∈ {-1} or UNINITIALIZED
                       [1].size ∈ {0} or UNINITIALIZED
  __malloc_parse_l76_26[0].type ∈ {JSMN_PRIMITIVE} or UNINITIALIZED
                       [0].start ∈ {-1; 0}
                       [0].end ∈ {-1; 3}
                       [0].size ∈ {0; 1; 2}
                       [1].type ∈ {JSMN_PRIMITIVE} or UNINITIALIZED
                       [1].start ∈ {-1; 6} or UNINITIALIZED
                       [1].end ∈ {-1; 8} or UNINITIALIZED
                       [1].size ∈ {0} or UNINITIALIZED
                       [2].type ∈ {JSMN_PRIMITIVE} or UNINITIALIZED
                       [2].start ∈ {-1; 9} or UNINITIALIZED
                       [2].end ∈ {-1; 14} or UNINITIALIZED
                       [2].size ∈ {0; 1; 2} or UNINITIALIZED
                       [3].type ∈ {JSMN_PRIMITIVE} or UNINITIALIZED
                       [3].start ∈ {-1; 17} or UNINITIALIZED
                       [3].end ∈ {-1; 20} or UNINITIALIZED
                       [3].size ∈ {0} or UNINITIALIZED
                       [4].type ∈ {JSMN_PRIMITIVE} or UNINITIALIZED
                       [4].start ∈ {-1; 22} or UNINITIALIZED
                       [4].end ∈ {-1; 26} or UNINITIALIZED
                       [4].size ∈ {0} or UNINITIALIZED
                       [5].type ∈ UNINITIALIZED
                       [5]{.start; .end} ∈ {-1} or UNINITIALIZED
                       [5].size ∈ {0} or UNINITIALIZED
  __malloc_parse_l76_27[0].type ∈ {JSMN_STRING} or UNINITIALIZED
                       [0].start ∈ {-1; 1}
                       [0].end ∈ {-1; 7}
                       [0].size ∈ {0}
                       [1].type ∈ UNINITIALIZED
                       [1]{.start; .end} ∈ {-1} or UNINITIALIZED
                       [1].size ∈ {0} or UNINITIALIZED
  __malloc_parse_l76_28[0].type ∈ {JSMN_STRING} or UNINITIALIZED
                       [0].start ∈ {-1; 1}
                       [0].end ∈ {-1; 6}
                       [0].size ∈ {0}
                       [1].type ∈ UNINITIALIZED
                       [1]{.start; .end} ∈ {-1} or UNINITIALIZED
                       [1].size ∈ {0} or UNINITIALIZED
  __malloc_parse_l76_29[0].type ∈ {JSMN_OBJECT} or UNINITIALIZED
                       [0].start ∈ {-1; 0}
                       [0].end ∈ {-1}
                       [0].size ∈ {0; 1}
                       [1].type ∈ {JSMN_STRING} or UNINITIALIZED
                       [1].start ∈ {-1; 2} or UNINITIALIZED
                       [1].end ∈ {-1; 7} or UNINITIALIZED
                       [1].size ∈ {0} or UNINITIALIZED
                       [2].type ∈ UNINITIALIZED
                       [2]{.start; .end} ∈ {-1} or UNINITIALIZED
                       [2].size ∈ {0} or UNINITIALIZED
  __malloc_parse_l76_30[0].type ∈ {JSMN_OBJECT} or UNINITIALIZED
                       [0].start ∈ {-1; 0}
                       [0].end ∈ {-1}
                       [0].size ∈ {0; 1}
                       [1].type ∈ {JSMN_STRING} or UNINITIALIZED
                       [1].start ∈ {-1; 2} or UNINITIALIZED
                       [1].end ∈ {-1; 7} or UNINITIALIZED
                       [1].size ∈ {0} or UNINITIALIZED
                       [2].type ∈ UNINITIALIZED
                       [2]{.start; .end} ∈ {-1} or UNINITIALIZED
                       [2].size ∈ {0} or UNINITIALIZED
  __malloc_parse_l76_31[0].type ∈ UNINITIALIZED
                       [0]{.start; .end} ∈ {-1}
                       [0].size ∈ {0}
                       [1..2] ∈ UNINITIALIZED
  __malloc_parse_l76_32[0].type ∈ {JSMN_OBJECT} or UNINITIALIZED
                       [0].start ∈ {-1; 0}
                       [0].end ∈ {-1}
                       [0].size ∈ {0; 1}
                       [1].type ∈ {JSMN_STRING} or UNINITIALIZED
                       [1].start ∈ {-1; 2} or UNINITIALIZED
                       [1].end ∈ {-1; 8} or UNINITIALIZED
                       [1].size ∈ {0} or UNINITIALIZED
                       [2].type ∈ UNINITIALIZED
                       [2]{.start; .end} ∈ {-1} or UNINITIALIZED
                       [2].size ∈ {0} or UNINITIALIZED
  __malloc_parse_l76_33[0].type ∈ {JSMN_OBJECT} or UNINITIALIZED
                       [0].start ∈ {-1; 0}
                       [0].end ∈ {-1}
                       [0].size ∈ {0; 1}
                       [1].type ∈ {JSMN_OBJECT} or UNINITIALIZED
                       [1].start ∈ {-1; 1} or UNINITIALIZED
                       [1].end ∈ {-1} or UNINITIALIZED
                       [1].size ∈ {0; 1} or UNINITIALIZED
                       [2].type ∈ {JSMN_STRING} or UNINITIALIZED
                       [2].start ∈ {-1; 3} or UNINITIALIZED
                       [2].end ∈ {-1; 8} or UNINITIALIZED
                       [2].size ∈ {0} or UNINITIALIZED
                       [3].type ∈ UNINITIALIZED
                       [3]{.start; .end} ∈ {-1} or UNINITIALIZED
                       [3].size ∈ {0} or UNINITIALIZED
[eva:final-states] Values at end of function jsmn_fill_token:
  tok[0].type ∈ {JSMN_OBJECT}
     [0].start ∈ {0}
     [0].end ∈ {-1}
     [0].size ∈ {0; 1; 2}
     [1].type ∈ {JSMN_STRING}
     [1].start ∈ {2}
     [1].end ∈ {3}
     [1].size ∈ {0; 1}
     [2].type ∈ {JSMN_STRING} or UNINITIALIZED
     [2].start ∈ {7} or UNINITIALIZED
     [2].end ∈ {13} or UNINITIALIZED
     [2].size ∈ {0} or UNINITIALIZED
     [3].type ∈ {JSMN_STRING} or UNINITIALIZED
     [3].start ∈ {17} or UNINITIALIZED
     [3].end ∈ {18} or UNINITIALIZED
     [3].size ∈ {0} or UNINITIALIZED
     [4].type ∈ {JSMN_STRING} or UNINITIALIZED
     [4].start ∈ {22} or UNINITIALIZED
     [4].end ∈ {29} or UNINITIALIZED
     [4].size ∈ {0} or UNINITIALIZED
  toksmall[0]{.type; .start} ∈ {0; 2}
          [0].end ∈ {-1; 0}
          [0].size ∈ {0; 1; 3}
          [1]{.type; .start} ∈ {0; 4}
          [1].end ∈ {0; 5}
          [1].size ∈ {0}
          [2].type ∈ {JSMN_UNDEFINED; JSMN_PRIMITIVE}
          [2].start ∈ {0; 7}
          [2].end ∈ {0; 11}
          [2].size ∈ {0}
          [3].type ∈ {JSMN_UNDEFINED; JSMN_ARRAY}
          [3].start ∈ {0; 13}
          [3].end ∈ {-1; 0}
          [3].size ∈ {0}
          [4].type ∈ {JSMN_UNDEFINED; JSMN_PRIMITIVE}
          [4].start ∈ {0; 14}
          [4].end ∈ {0; 17}
          {[4].size; [5..9]} ∈ {0}
  toklarge[0]{.type; .start} ∈ {0; 2}
          [0].end ∈ {-1; 0}
          [0].size ∈ {0; 1; 3}
          [1]{.type; .start} ∈ {0; 4}
          [1].end ∈ {0; 5}
          [1].size ∈ {0}
          [2].type ∈ {JSMN_UNDEFINED; JSMN_PRIMITIVE}
          [2].start ∈ {0; 7}
          [2].end ∈ {0; 11}
          [2].size ∈ {0}
          [3].type ∈ {JSMN_UNDEFINED; JSMN_ARRAY}
          [3].start ∈ {0; 13}
          [3].end ∈ {-1; 0}
          [3].size ∈ {0; 1}
          [4].type ∈ {JSMN_UNDEFINED; JSMN_PRIMITIVE}
          [4].start ∈ {0; 14}
          [4].end ∈ {0; 17}
          [4].size ∈ {0}
          [5].type ∈ {JSMN_UNDEFINED; JSMN_STRING}
          [5].start ∈ {0; 20}
          [5].end ∈ {0; 25}
          {[5].size; [6..9]} ∈ {0}
  tok[0].type ∈ {JSMN_PRIMITIVE}
     [0].start ∈ {0}
     [0].end ∈ {4}
     [0].size ∈ {0; 1; 2}
     [1].type ∈ {JSMN_STRING} or UNINITIALIZED
     [1].start ∈ {7} or UNINITIALIZED
     [1].end ∈ {12} or UNINITIALIZED
     [1].size ∈ {0} or UNINITIALIZED
     [2].type ∈ {JSMN_PRIMITIVE} or UNINITIALIZED
     [2].start ∈ {14} or UNINITIALIZED
     [2].end ∈ {18} or UNINITIALIZED
     [2].size ∈ {0} or UNINITIALIZED
     [3].type ∈ {JSMN_PRIMITIVE} or UNINITIALIZED
     [3].start ∈ {21} or UNINITIALIZED
     [3].end ∈ {24} or UNINITIALIZED
     [3].size ∈ {0} or UNINITIALIZED
     [4..9] ∈ UNINITIALIZED
  tokens[0].type ∈ {JSMN_OBJECT}
        [0].start ∈ {0}
        [0].end ∈ {-1}
        [0].size ∈ [0..9]
        [1]{.type; .start} ∈ {3}
        [1].end ∈ {9}
        [1].size ∈ {0; 1}
        [2].type ∈ {JSMN_PRIMITIVE} or UNINITIALIZED
        [2].start ∈ {11} or UNINITIALIZED
        [2].end ∈ {13} or UNINITIALIZED
        [2].size ∈ {0} or UNINITIALIZED
        [3].type ∈ {JSMN_STRING} or UNINITIALIZED
        [3].start ∈ {16} or UNINITIALIZED
        [3].end ∈ {22} or UNINITIALIZED
        [3].size ∈ {0; 1} or UNINITIALIZED
        [4].type ∈ {JSMN_ARRAY} or UNINITIALIZED
        [4].start ∈ {24} or UNINITIALIZED
        [4].end ∈ {-1; 159} or UNINITIALIZED
        {[4].size; [5].type} ∈ {1} or UNINITIALIZED
        [5].start ∈ {26} or UNINITIALIZED
        [5].end ∈ {-1; 158} or UNINITIALIZED
        [5].size ∈ [0..9] or UNINITIALIZED
        [6].type ∈ {JSMN_STRING} or UNINITIALIZED
        [6].start ∈ {29} or UNINITIALIZED
        [6].end ∈ {33} or UNINITIALIZED
        [6].size ∈ {0; 1} or UNINITIALIZED
        [7].type ∈ {JSMN_ARRAY} or UNINITIALIZED
        [7].start ∈ {35} or UNINITIALIZED
        [7].end ∈ {-1; 41} or UNINITIALIZED
        [7].size ∈ {0; 1; 2} or UNINITIALIZED
        [8].type ∈ {JSMN_PRIMITIVE} or UNINITIALIZED
        [8].start ∈ {36} or UNINITIALIZED
        [8].end ∈ {37} or UNINITIALIZED
        [8].size ∈ {0} or UNINITIALIZED
        [9].type ∈ {JSMN_PRIMITIVE} or UNINITIALIZED
        [9].start ∈ {39} or UNINITIALIZED
        [9].end ∈ {40} or UNINITIALIZED
        [9].size ∈ {0} or UNINITIALIZED
        [10].type ∈ {JSMN_STRING} or UNINITIALIZED
        [10].start ∈ {44} or UNINITIALIZED
        [10].end ∈ {50} or UNINITIALIZED
        [10].size ∈ {0; 1} or UNINITIALIZED
        [11].type ∈ {JSMN_PRIMITIVE} or UNINITIALIZED
        [11].start ∈ {52} or UNINITIALIZED
        [11].end ∈ {54} or UNINITIALIZED
        [11].size ∈ {0} or UNINITIALIZED
        [12].type ∈ {JSMN_STRING} or UNINITIALIZED
        [12].start ∈ {57} or UNINITIALIZED
        [12].end ∈ {61} or UNINITIALIZED
        [12].size ∈ {0; 1} or UNINITIALIZED
        [13].type ∈ {JSMN_STRING} or UNINITIALIZED
        [13].start ∈ {64} or UNINITIALIZED
        [13].end ∈ {80} or UNINITIALIZED
        [13].size ∈ {0} or UNINITIALIZED
        [14].type ∈ {JSMN_STRING} or UNINITIALIZED
        [14].start ∈ {84} or UNINITIALIZED
        [14].end ∈ {91} or UNINITIALIZED
        [14].size ∈ {0; 1} or UNINITIALIZED
        [15].type ∈ {JSMN_PRIMITIVE} or UNINITIALIZED
        [15].start ∈ {93} or UNINITIALIZED
        [15].end ∈ {94} or UNINITIALIZED
        [15].size ∈ {0} or UNINITIALIZED
        [16].type ∈ {JSMN_STRING} or UNINITIALIZED
        [16].start ∈ {97} or UNINITIALIZED
        [16].end ∈ {101} or UNINITIALIZED
        [16].size ∈ {0; 1} or UNINITIALIZED
        [17].type ∈ {JSMN_STRING} or UNINITIALIZED
        [17].start ∈ {104} or UNINITIALIZED
        [17].end ∈ {113} or UNINITIALIZED
        [17].size ∈ {0} or UNINITIALIZED
        [18].type ∈ {JSMN_STRING} or UNINITIALIZED
        [18].start ∈ {117} or UNINITIALIZED
        [18].end ∈ {124} or UNINITIALIZED
        [18].size ∈ {0; 1} or UNINITIALIZED
        [19].type ∈ {JSMN_PRIMITIVE} or UNINITIALIZED
        [19].start ∈ {126} or UNINITIALIZED
        [19].end ∈ {130} or UNINITIALIZED
        [19].size ∈ {0} or UNINITIALIZED
        [20].type ∈ {JSMN_STRING} or UNINITIALIZED
        [20].start ∈ {133} or UNINITIALIZED
        [20].end ∈ {138} or UNINITIALIZED
        [20].size ∈ {0; 1} or UNINITIALIZED
        [21].type ∈ {JSMN_PRIMITIVE} or UNINITIALIZED
        [21].start ∈ {140} or UNINITIALIZED
        [21].end ∈ {142} or UNINITIALIZED
        [21].size ∈ {0} or UNINITIALIZED
        [22].type ∈ {JSMN_STRING} or UNINITIALIZED
        [22].start ∈ {145} or UNINITIALIZED
        [22].end ∈ {146} or UNINITIALIZED
        [22].size ∈ {0; 1} or UNINITIALIZED
        [23].type ∈ {JSMN_PRIMITIVE} or UNINITIALIZED
        [23].start ∈ {148} or UNINITIALIZED
        [23].end ∈ {149} or UNINITIALIZED
        [23].size ∈ {0} or UNINITIALIZED
        [24].type ∈ {JSMN_STRING} or UNINITIALIZED
        [24].start ∈ {152} or UNINITIALIZED
        [24].end ∈ {153} or UNINITIALIZED
        [24].size ∈ {0; 1} or UNINITIALIZED
        [25].type ∈ {JSMN_PRIMITIVE} or UNINITIALIZED
        [25].start ∈ {155} or UNINITIALIZED
        [25].end ∈ {156} or UNINITIALIZED
        [25].size ∈ {0} or UNINITIALIZED
        [26].type ∈ {JSMN_STRING} or UNINITIALIZED
        [26].start ∈ {162} or UNINITIALIZED
        [26].end ∈ {173} or UNINITIALIZED
        [26].size ∈ {0; 1} or UNINITIALIZED
        [27].type ∈ {JSMN_STRING} or UNINITIALIZED
        [27].start ∈ {176} or UNINITIALIZED
        [27].end ∈ {186} or UNINITIALIZED
        [27].size ∈ {0} or UNINITIALIZED
        [28].type ∈ {JSMN_STRING} or UNINITIALIZED
        [28].start ∈ {190} or UNINITIALIZED
        [28].end ∈ {200} or UNINITIALIZED
        [28].size ∈ {0; 1} or UNINITIALIZED
        [29].type ∈ {JSMN_OBJECT} or UNINITIALIZED
        [29].start ∈ {203} or UNINITIALIZED
        [29].end ∈ {206} or UNINITIALIZED
        [29].size ∈ {0} or UNINITIALIZED
        [30].type ∈ {JSMN_STRING} or UNINITIALIZED
        [30].start ∈ {209} or UNINITIALIZED
        [30].end ∈ {219} or UNINITIALIZED
        [30].size ∈ {0; 1} or UNINITIALIZED
        [31].type ∈ {JSMN_PRIMITIVE} or UNINITIALIZED
        [31].start ∈ {221} or UNINITIALIZED
        [31].end ∈ {223} or UNINITIALIZED
        [31].size ∈ {0} or UNINITIALIZED
        [32].type ∈ {JSMN_STRING} or UNINITIALIZED
        [32].start ∈ {226} or UNINITIALIZED
        [32].end ∈ {234} or UNINITIALIZED
        [32].size ∈ {0; 1} or UNINITIALIZED
        [33].type ∈ {JSMN_ARRAY} or UNINITIALIZED
        [33].start ∈ {236} or UNINITIALIZED
        [33].end ∈ {-1; 415} or UNINITIALIZED
        {[33].size; [34].type} ∈ {1} or UNINITIALIZED
        [34].start ∈ {238} or UNINITIALIZED
        [34].end ∈ {-1; 414} or UNINITIALIZED
        [34].size ∈ [0..10] or UNINITIALIZED
        [35].type ∈ {JSMN_STRING} or UNINITIALIZED
        [35].start ∈ {241} or UNINITIALIZED
        [35].end ∈ {249} or UNINITIALIZED
        [35].size ∈ {0; 1} or UNINITIALIZED
        [36].type ∈ {JSMN_PRIMITIVE} or UNINITIALIZED
        [36].start ∈ {251} or UNINITIALIZED
        [36].end ∈ {252} or UNINITIALIZED
        [36].size ∈ {0} or UNINITIALIZED
        [37].type ∈ {JSMN_STRING} or UNINITIALIZED
        [37].start ∈ {255} or UNINITIALIZED
        [37].end ∈ {260} or UNINITIALIZED
        [37].size ∈ {0; 1} or UNINITIALIZED
        [38].type ∈ {JSMN_STRING} or UNINITIALIZED
        [38].start ∈ {263} or UNINITIALIZED
        [38].end ∈ {284} or UNINITIALIZED
        [38].size ∈ {0} or UNINITIALIZED
        [39].type ∈ {JSMN_STRING} or UNINITIALIZED
        [39].start ∈ {288} or UNINITIALIZED
        [39].end ∈ {299} or UNINITIALIZED
        [39].size ∈ {0; 1} or UNINITIALIZED
        [40].type ∈ {JSMN_PRIMITIVE} or UNINITIALIZED
        [40].start ∈ {301} or UNINITIALIZED
        [40].end ∈ {303} or UNINITIALIZED
        [40].size ∈ {0} or UNINITIALIZED
        [41].type ∈ {JSMN_STRING} or UNINITIALIZED
        [41].start ∈ {306} or UNINITIALIZED
        [41].end ∈ {316} or UNINITIALIZED
        [41].size ∈ {0; 1} or UNINITIALIZED
        [42].type ∈ {JSMN_PRIMITIVE} or UNINITIALIZED
        [42].start ∈ {318} or UNINITIALIZED
        [42].end ∈ {321} or UNINITIALIZED
        [42].size ∈ {0} or UNINITIALIZED
        [43].type ∈ {JSMN_STRING} or UNINITIALIZED
        [43].start ∈ {324} or UNINITIALIZED
        [43].end ∈ {330} or UNINITIALIZED
        [43].size ∈ {0; 1} or UNINITIALIZED
        [44].type ∈ {JSMN_PRIMITIVE} or UNINITIALIZED
        [44].start ∈ {332} or UNINITIALIZED
        [44].end ∈ {333} or UNINITIALIZED
        [44].size ∈ {0} or UNINITIALIZED
        [45].type ∈ {JSMN_STRING} or UNINITIALIZED
        [45].start ∈ {336} or UNINITIALIZED
        [45].end ∈ {340} or UNINITIALIZED
        [45].size ∈ {0; 1} or UNINITIALIZED
        [46].type ∈ {JSMN_STRING} or UNINITIALIZED
        [46].start ∈ {343} or UNINITIALIZED
        [46].end ∈ {348} or UNINITIALIZED
        [46].size ∈ {0} or UNINITIALIZED
        [47].type ∈ {JSMN_STRING} or UNINITIALIZED
        [47].start ∈ {352} or UNINITIALIZED
        [47].end ∈ {362} or UNINITIALIZED
        [47].size ∈ {0; 1} or UNINITIALIZED
        [48].type ∈ {JSMN_OBJECT} or UNINITIALIZED
        [48].start ∈ {364} or UNINITIALIZED
        [48].end ∈ {366} or UNINITIALIZED
        [48].size ∈ {0} or UNINITIALIZED
        [49].type ∈ {JSMN_STRING} or UNINITIALIZED
        [49].start ∈ {369} or UNINITIALIZED
        [49].end ∈ {376} or UNINITIALIZED
        [49].size ∈ {0; 1} or UNINITIALIZED
        [50].type ∈ {JSMN_PRIMITIVE} or UNINITIALIZED
        [50].start ∈ {378} or UNINITIALIZED
        [50].end ∈ {379} or UNINITIALIZED
        [50].size ∈ {0} or UNINITIALIZED
        [51].type ∈ {JSMN_STRING} or UNINITIALIZED
        [51].start ∈ {382} or UNINITIALIZED
        [51].end ∈ {392} or UNINITIALIZED
        [51].size ∈ {0; 1} or UNINITIALIZED
        [52].type ∈ {JSMN_PRIMITIVE} or UNINITIALIZED
        [52].start ∈ {394} or UNINITIALIZED
        [52].end ∈ {396} or UNINITIALIZED
        [52].size ∈ {0} or UNINITIALIZED
        [53].type ∈ {JSMN_STRING} or UNINITIALIZED
        [53].start ∈ {399} or UNINITIALIZED
        [53].end ∈ {408} or UNINITIALIZED
        [53].size ∈ {0; 1} or UNINITIALIZED
        [54].type ∈ {JSMN_PRIMITIVE} or UNINITIALIZED
        [54].start ∈ {410} or UNINITIALIZED
        [54].end ∈ {412} or UNINITIALIZED
        [54].size ∈ {0} or UNINITIALIZED
        [55].type ∈ {JSMN_STRING} or UNINITIALIZED
        [55].start ∈ {418} or UNINITIALIZED
        [55].end ∈ {427} or UNINITIALIZED
        [55].size ∈ {0; 1} or UNINITIALIZED
        [56].type ∈ {JSMN_PRIMITIVE} or UNINITIALIZED
        [56].start ∈ {429} or UNINITIALIZED
        [56].end ∈ {431} or UNINITIALIZED
        [56].size ∈ {0} or UNINITIALIZED
        [57].type ∈ {JSMN_STRING} or UNINITIALIZED
        [57].start ∈ {434} or UNINITIALIZED
        [57].end ∈ {441} or UNINITIALIZED
        [57].size ∈ {0; 1} or UNINITIALIZED
        [58].type ∈ {JSMN_PRIMITIVE} or UNINITIALIZED
        [58].start ∈ {443} or UNINITIALIZED
        [58].end ∈ {444} or UNINITIALIZED
        [58].size ∈ {0} or UNINITIALIZED
        [59].type ∈ {JSMN_STRING} or UNINITIALIZED
        [59].start ∈ {447} or UNINITIALIZED
        [59].end ∈ {452} or UNINITIALIZED
        [59].size ∈ {0} or UNINITIALIZED
        [60].type ∈ {JSMN_PRIMITIVE} or UNINITIALIZED
        [60].start ∈ {454} or UNINITIALIZED
        [60].end ∈ {456} or UNINITIALIZED
        [60].size ∈ {0} or UNINITIALIZED
        [61..127] ∈ UNINITIALIZED
  tokens[0].type ∈ {JSMN_OBJECT}
        [0].start ∈ {0}
        [0].end ∈ {-1}
        [0].size ∈ {0; 1}
        [1].type ∈ {JSMN_STRING}
        [1].start ∈ {2}
        [1].end ∈ {3}
        [1].size ∈ {0}
        [2].type ∈ {JSMN_PRIMITIVE} or UNINITIALIZED
        [2].start ∈ {6} or UNINITIALIZED
        [2].end ∈ {7} or UNINITIALIZED
        [2].size ∈ {0} or UNINITIALIZED
        [3..9] ∈ UNINITIALIZED
  __malloc_parse_l76_2[0].type ∈ {JSMN_OBJECT}
                      [0].start ∈ {0}
                      [0].end ∈ {-1}
                      [0].size ∈ {0; 1}
                      [1].type ∈ {JSMN_STRING}
                      [1].start ∈ {2}
                      [1].end ∈ {3}
                      [1].size ∈ {0}
                      [2].type ∈ {JSMN_PRIMITIVE} or UNINITIALIZED
                      [2].start ∈ {5} or UNINITIALIZED
                      [2].end ∈ {6} or UNINITIALIZED
                      [2].size ∈ {0} or UNINITIALIZED
  __malloc_parse_l76_3[0].type ∈ {JSMN_OBJECT}
                      [0].start ∈ {0}
                      [0].end ∈ {-1}
                      [0].size ∈ {0}
                      [1].type ∈ {JSMN_STRING}
                      [1].start ∈ {2}
                      [1].end ∈ {3}
                      [1].size ∈ {0}
                      [2] ∈ UNINITIALIZED
  __malloc_parse_l76_4[0].type ∈ {JSMN_OBJECT}
                      [0].start ∈ {0}
                      [0].end ∈ {-1}
                      [0].size ∈ {0; 1}
                      [1].type ∈ {JSMN_STRING}
                      [1].start ∈ {2}
                      [1].end ∈ {3}
                      [1].size ∈ {0; 1}
                      [2].type ∈ {JSMN_OBJECT} or UNINITIALIZED
                      [2].start ∈ {5} or UNINITIALIZED
                      [2].end ∈ {7} or UNINITIALIZED
                      [2].size ∈ {0} or UNINITIALIZED
                      [3].type ∈ {JSMN_STRING} or UNINITIALIZED
                      [3].start ∈ {10} or UNINITIALIZED
                      [3].end ∈ {11} or UNINITIALIZED
                      [3].size ∈ {0} or UNINITIALIZED
                      [4] ∈ UNINITIALIZED
  __malloc_parse_l76_5[0].type ∈ {JSMN_OBJECT}
                      [0].start ∈ {0}
                      [0].end ∈ {-1}
                      [0].size ∈ {0; 1; 2; 3}
                      [1].type ∈ {JSMN_STRING}
                      [1].start ∈ {4}
                      [1].end ∈ {7}
                      [1].size ∈ {0; 1}
                      [2].type ∈ {JSMN_PRIMITIVE} or UNINITIALIZED
                      [2].start ∈ {10} or UNINITIALIZED
                      [2].end ∈ {12} or UNINITIALIZED
                      [2].size ∈ {0} or UNINITIALIZED
                      [3].type ∈ {JSMN_STRING} or UNINITIALIZED
                      [3].start ∈ {17} or UNINITIALIZED
                      [3].end ∈ {22} or UNINITIALIZED
                      [3].size ∈ {0; 1} or UNINITIALIZED
                      [4].type ∈ {JSMN_PRIMITIVE} or UNINITIALIZED
                      [4].start ∈ {25} or UNINITIALIZED
                      [4].end ∈ {26} or UNINITIALIZED
                      [4].size ∈ {0} or UNINITIALIZED
                      [5].type ∈ {JSMN_STRING} or UNINITIALIZED
                      [5].start ∈ {31} or UNINITIALIZED
                      [5].end ∈ {35} or UNINITIALIZED
                      [5].size ∈ {0} or UNINITIALIZED
                      [6].type ∈ {JSMN_PRIMITIVE} or UNINITIALIZED
                      [6].start ∈ {38} or UNINITIALIZED
                      [6].end ∈ {40} or UNINITIALIZED
                      [6].size ∈ {0} or UNINITIALIZED
  __malloc_parse_l76_6[0].type ∈ {JSMN_OBJECT}
                      [0].start ∈ {0}
                      [0].end ∈ {-1}
                      [0].size ∈ {0; 1; 2}
                      [1].type ∈ {JSMN_STRING}
                      [1].start ∈ {2}
                      [1].end ∈ {3}
                      [1].size ∈ {0; 1}
                      [2].type ∈ {JSMN_PRIMITIVE} or UNINITIALIZED
                      [2].start ∈ {6} or UNINITIALIZED
                      [2].end ∈ {7} or UNINITIALIZED
                      [2].size ∈ {0} or UNINITIALIZED
                      [3].type ∈ {JSMN_STRING} or UNINITIALIZED
                      [3].start ∈ {10} or UNINITIALIZED
                      [3].end ∈ {11} or UNINITIALIZED
                      [3].size ∈ {0} or UNINITIALIZED
                      [4].type ∈ {JSMN_STRING} or UNINITIALIZED
                      [4].start ∈ {15} or UNINITIALIZED
                      [4].end ∈ {16} or UNINITIALIZED
                      [4].size ∈ {0} or UNINITIALIZED
  __malloc_parse_l76_7[0].type ∈ {JSMN_ARRAY}
                      [0].start ∈ {0}
                      [0].end ∈ {-1}
                      [0].size ∈ {0}
                      [1].type ∈ {JSMN_PRIMITIVE}
                      [1].start ∈ {1}
                      [1].end ∈ {3}
                      [1].size ∈ {0}
  __malloc_parse_l76_8[0].type ∈ {JSMN_OBJECT}
                      [0].start ∈ {0}
                      [0].end ∈ {-1}
                      [0].size ∈ {0; 1}
                      [1].type ∈ {JSMN_STRING}
                      [1].start ∈ {2}
                      [1].end ∈ {3}
                      [1].size ∈ {0}
                      [2].type ∈ {JSMN_PRIMITIVE} or UNINITIALIZED
                      [2].start ∈ {6} or UNINITIALIZED
                      [2].end ∈ {7} or UNINITIALIZED
                      [2].size ∈ {0} or UNINITIALIZED
  __malloc_parse_l76_9[0].type ∈ {JSMN_OBJECT}
                      [0].start ∈ {0}
                      [0].end ∈ {-1}
                      [0].size ∈ {0; 1}
                      [1].type ∈ {JSMN_STRING}
                      [1].start ∈ {2}
                      [1].end ∈ {9}
                      [1].size ∈ {0}
                      [2].type ∈ {JSMN_PRIMITIVE} or UNINITIALIZED
                      [2].start ∈ {13} or UNINITIALIZED
                      [2].end ∈ {17} or UNINITIALIZED
                      [2].size ∈ {0} or UNINITIALIZED
  __malloc_parse_l76_10[0].type ∈ {JSMN_OBJECT}
                       [0].start ∈ {0}
                       [0].end ∈ {-1}
                       [0].size ∈ {0; 1}
                       [1].type ∈ {JSMN_STRING}
                       [1].start ∈ {2}
                       [1].end ∈ {9}
                       [1].size ∈ {0}
                       [2].type ∈ {JSMN_PRIMITIVE} or UNINITIALIZED
                       [2].start ∈ {13} or UNINITIALIZED
                       [2].end ∈ {18} or UNINITIALIZED
                       [2].size ∈ {0} or UNINITIALIZED
  __malloc_parse_l76_11[0].type ∈ {JSMN_OBJECT}
                       [0].start ∈ {0}
                       [0].end ∈ {-1}
                       [0].size ∈ {0; 1}
                       [1].type ∈ {JSMN_STRING}
                       [1].start ∈ {2}
                       [1].end ∈ {9}
                       [1].size ∈ {0}
                       [2].type ∈ {JSMN_PRIMITIVE} or UNINITIALIZED
                       [2].start ∈ {13} or UNINITIALIZED
                       [2].end ∈ {17} or UNINITIALIZED
                       [2].size ∈ {0} or UNINITIALIZED
  __malloc_parse_l76_12[0].type ∈ {JSMN_OBJECT}
                       [0].start ∈ {0}
                       [0].end ∈ {-1}
                       [0].size ∈ {0; 1}
                       [1].type ∈ {JSMN_STRING}
                       [1].start ∈ {2}
                       [1].end ∈ {8}
                       [1].size ∈ {0}
                       [2].type ∈ {JSMN_PRIMITIVE} or UNINITIALIZED
                       [2].start ∈ {12} or UNINITIALIZED
                       [2].end ∈ {14} or UNINITIALIZED
                       [2].size ∈ {0} or UNINITIALIZED
  __malloc_parse_l76_13[0].type ∈ {JSMN_OBJECT}
                       [0].start ∈ {0}
                       [0].end ∈ {-1}
                       [0].size ∈ {0; 1}
                       [1].type ∈ {JSMN_STRING}
                       [1].start ∈ {2}
                       [1].end ∈ {10}
                       [1].size ∈ {0}
                       [2].type ∈ {JSMN_PRIMITIVE} or UNINITIALIZED
                       [2].start ∈ {14} or UNINITIALIZED
                       [2].end ∈ {20} or UNINITIALIZED
                       [2].size ∈ {0} or UNINITIALIZED
  __malloc_parse_l76_14[0].type ∈ {JSMN_OBJECT}
                       [0].start ∈ {0}
                       [0].end ∈ {-1}
                       [0].size ∈ {0; 1}
                       [1].type ∈ {JSMN_STRING}
                       [1].start ∈ {2}
                       [1].end ∈ {8}
                       [1].size ∈ {0}
                       [2].type ∈ {JSMN_STRING} or UNINITIALIZED
                       [2].start ∈ {13} or UNINITIALIZED
                       [2].end ∈ {24} or UNINITIALIZED
                       [2].size ∈ {0} or UNINITIALIZED
  __malloc_parse_l76_15[0].type ∈ {JSMN_OBJECT}
                       [0].start ∈ {0}
                       [0].end ∈ {-1}
                       [0].size ∈ {0; 1}
                       [1].type ∈ {JSMN_STRING}
                       [1].start ∈ {2}
                       [1].end ∈ {8}
                       [1].size ∈ {0}
                       [2].type ∈ {JSMN_STRING} or UNINITIALIZED
                       [2].start ∈ {13} or UNINITIALIZED
                       [2].end ∈ {38} or UNINITIALIZED
                       [2].size ∈ {0} or UNINITIALIZED
  __malloc_parse_l76_16[0].type ∈ {JSMN_OBJECT}
                       [0].start ∈ {0}
                       [0].end ∈ {-1}
                       [0].size ∈ {0; 1}
                       [1].type ∈ {JSMN_STRING}
                       [1].start ∈ {2}
                       [1].end ∈ {8}
                       [1].size ∈ {0}
                       [2].type ∈ {JSMN_STRING} or UNINITIALIZED
                       [2]{.start; .end} ∈ {12} or UNINITIALIZED
                       [2].size ∈ {0} or UNINITIALIZED
  __malloc_parse_l76_17[0].type ∈ {JSMN_OBJECT}
                       [0].start ∈ {0}
                       [0].end ∈ {-1}
                       [0].size ∈ {0; 1}
                       [1].type ∈ {JSMN_STRING}
                       [1].start ∈ {2}
                       [1].end ∈ {3}
                       [1].size ∈ {0}
                       [2].type ∈ {JSMN_STRING} or UNINITIALIZED
                       [2].start ∈ {6} or UNINITIALIZED
                       [2].end ∈ {12} or UNINITIALIZED
                       [2].size ∈ {0} or UNINITIALIZED
  __malloc_parse_l76_18[0].type ∈ {JSMN_OBJECT}
                       [0].start ∈ {0}
                       [0].end ∈ {-1}
                       [0].size ∈ {0; 1}
                       [1].type ∈ {JSMN_STRING}
                       [1].start ∈ {2}
                       [1].end ∈ {3}
                       [1].size ∈ {0}
                       [2].type ∈ {JSMN_STRING} or UNINITIALIZED
                       [2].start ∈ {6} or UNINITIALIZED
                       [2].end ∈ {15} or UNINITIALIZED
                       [2].size ∈ {0} or UNINITIALIZED
  __malloc_parse_l76_19[0].type ∈ {JSMN_OBJECT}
                       [0].start ∈ {0}
                       [0].end ∈ {-1}
                       [0].size ∈ {0; 1}
                       [1].type ∈ {JSMN_STRING}
                       [1].start ∈ {2}
                       [1].end ∈ {3}
                       [1].size ∈ {0}
                       [2].type ∈ {JSMN_STRING} or UNINITIALIZED
                       [2].start ∈ {6} or UNINITIALIZED
                       [2].end ∈ {15} or UNINITIALIZED
                       [2].size ∈ {0} or UNINITIALIZED
  __malloc_parse_l76_20[0].type ∈ {JSMN_OBJECT}
                       [0].start ∈ {0}
                       [0].end ∈ {-1}
                       [0].size ∈ {0; 1}
                       [1].type ∈ {JSMN_STRING}
                       [1].start ∈ {2}
                       [1].end ∈ {3}
                       [1].size ∈ {0; 1}
                       [2].type ∈ {JSMN_ARRAY} or UNINITIALIZED
                       [2].start ∈ {5} or UNINITIALIZED
                       [2].end ∈ {-1} or UNINITIALIZED
                       [2].size ∈ {0} or UNINITIALIZED
                       [3].type ∈ {JSMN_STRING} or UNINITIALIZED
                       [3].start ∈ {7} or UNINITIALIZED
                       [3].end ∈ {13} or UNINITIALIZED
                       [3].size ∈ {0} or UNINITIALIZED
  __malloc_parse_l76_21[0].type ∈ {JSMN_OBJECT}
                       [0].start ∈ {0}
                       [0].end ∈ {-1}
                       [0].size ∈ {0}
                       [1].type ∈ {JSMN_STRING}
                       [1].start ∈ {2}
                       [1].end ∈ {3}
                       [1].size ∈ {0}
                       [2] ∈ UNINITIALIZED
  __malloc_parse_l76_22[0].type ∈ {JSMN_OBJECT}
                       [0].start ∈ {0}
                       [0].end ∈ {-1}
                       [0].size ∈ {0}
                       [1].type ∈ {JSMN_STRING}
                       [1].start ∈ {2}
                       [1].end ∈ {3}
                       [1].size ∈ {0}
                       [2] ∈ UNINITIALIZED
  __malloc_parse_l76_23[0].type ∈ {JSMN_OBJECT}
                       [0].start ∈ {0}
                       [0].end ∈ {-1}
                       {[0].size; [1]{.type; .start}} ∈ {1}
                       [1].end ∈ {-1}
                       [1].size ∈ {0}
                       [2]{.type; .start} ∈ {3}
                       [2].end ∈ {4}
                       [2].size ∈ {0}
                       [3] ∈ UNINITIALIZED
  __malloc_parse_l76_24[0].type ∈ {JSMN_OBJECT}
                       [0].start ∈ {0}
                       [0].end ∈ {-1; 31}
                       [0].size ∈ {0; 1; 2}
                       [1]{.type; .start} ∈ {3}
                       [1].end ∈ {7}
                       [1].size ∈ {0; 1}
                       [2].type ∈ {JSMN_STRING} or UNINITIALIZED
                       [2].start ∈ {12} or UNINITIALIZED
                       [2].end ∈ {16} or UNINITIALIZED
                       [2].size ∈ {0} or UNINITIALIZED
                       [3].type ∈ {JSMN_STRING} or UNINITIALIZED
                       [3].start ∈ {20} or UNINITIALIZED
                       [3].end ∈ {23} or UNINITIALIZED
                       [3].size ∈ {0; 1} or UNINITIALIZED
                       [4].type ∈ {JSMN_PRIMITIVE} or UNINITIALIZED
                       [4].start ∈ {27} or UNINITIALIZED
                       [4].end ∈ {29} or UNINITIALIZED
                       [4].size ∈ {0} or UNINITIALIZED
                       [5].type ∈ {JSMN_OBJECT} or UNINITIALIZED
                       [5].start ∈ {32} or UNINITIALIZED
                       [5].end ∈ {-1} or UNINITIALIZED
                       [5].size ∈ {0; 1} or UNINITIALIZED
                       [6].type ∈ {JSMN_STRING} or UNINITIALIZED
                       [6].start ∈ {35} or UNINITIALIZED
                       [6].end ∈ {39} or UNINITIALIZED
                       [6].size ∈ {0} or UNINITIALIZED
                       [7].type ∈ {JSMN_STRING} or UNINITIALIZED
                       [7].start ∈ {44} or UNINITIALIZED
                       [7].end ∈ {48} or UNINITIALIZED
                       [7].size ∈ {0} or UNINITIALIZED
  __malloc_parse_l76_25[0].type ∈ {JSMN_PRIMITIVE}
                       [0].start ∈ {0}
                       [0].end ∈ {1}
                       [0].size ∈ {0}
                       [1].type ∈ {JSMN_PRIMITIVE} or UNINITIALIZED
                       [1].start ∈ {3} or UNINITIALIZED
                       [1].end ∈ {11} or UNINITIALIZED
                       [1].size ∈ {0} or UNINITIALIZED
  __malloc_parse_l76_26[0].type ∈ {JSMN_PRIMITIVE}
                       [0].start ∈ {0}
                       [0].end ∈ {3}
                       [0].size ∈ {0; 1; 2}
                       [1].type ∈ {JSMN_PRIMITIVE} or UNINITIALIZED
                       [1].start ∈ {6} or UNINITIALIZED
                       [1].end ∈ {8} or UNINITIALIZED
                       [1].size ∈ {0} or UNINITIALIZED
                       [2].type ∈ {JSMN_PRIMITIVE} or UNINITIALIZED
                       [2].start ∈ {9} or UNINITIALIZED
                       [2].end ∈ {14} or UNINITIALIZED
                       [2].size ∈ {0; 1; 2} or UNINITIALIZED
                       [3].type ∈ {JSMN_PRIMITIVE} or UNINITIALIZED
                       [3].start ∈ {17} or UNINITIALIZED
                       [3].end ∈ {20} or UNINITIALIZED
                       [3].size ∈ {0} or UNINITIALIZED
                       [4].type ∈ {JSMN_PRIMITIVE} or UNINITIALIZED
                       [4].start ∈ {22} or UNINITIALIZED
                       [4].end ∈ {26} or UNINITIALIZED
                       [4].size ∈ {0} or UNINITIALIZED
                       [5].type ∈ {JSMN_PRIMITIVE} or UNINITIALIZED
                       [5].start ∈ {28} or UNINITIALIZED
                       [5].end ∈ {30} or UNINITIALIZED
                       [5].size ∈ {0} or UNINITIALIZED
  __malloc_parse_l76_27[0].type ∈ {JSMN_STRING}
                       [0].start ∈ {1}
                       [0].end ∈ {7}
                       [0].size ∈ {0}
                       [1].type ∈ {JSMN_PRIMITIVE} or UNINITIALIZED
                       [1].start ∈ {10} or UNINITIALIZED
                       [1].end ∈ {14} or UNINITIALIZED
                       [1].size ∈ {0} or UNINITIALIZED
  __malloc_parse_l76_28[0].type ∈ {JSMN_STRING}
                       [0].start ∈ {1}
                       [0].end ∈ {6}
                       [0].size ∈ {0}
                       [1].type ∈ {JSMN_PRIMITIVE} or UNINITIALIZED
                       [1].start ∈ {9} or UNINITIALIZED
                       [1].end ∈ {13} or UNINITIALIZED
                       [1].size ∈ {0} or UNINITIALIZED
  __malloc_parse_l76_29[0].type ∈ {JSMN_OBJECT}
                       [0].start ∈ {0}
                       [0].end ∈ {-1}
                       [0].size ∈ {0; 1}
                       [1].type ∈ {JSMN_STRING}
                       [1].start ∈ {2}
                       [1].end ∈ {7}
                       [1].size ∈ {0}
                       [2].type ∈ {JSMN_PRIMITIVE} or UNINITIALIZED
                       [2].start ∈ {10} or UNINITIALIZED
                       [2].end ∈ {14} or UNINITIALIZED
                       [2].size ∈ {0} or UNINITIALIZED
  __malloc_parse_l76_30[0].type ∈ {JSMN_OBJECT}
                       [0].start ∈ {0}
                       [0].end ∈ {-1}
                       [0].size ∈ {0; 1}
                       [1].type ∈ {JSMN_STRING}
                       [1].start ∈ {2}
                       [1].end ∈ {7}
                       [1].size ∈ {0}
                       [2].type ∈ {JSMN_PRIMITIVE} or UNINITIALIZED
                       [2].start ∈ {10} or UNINITIALIZED
                       [2].end ∈ {14} or UNINITIALIZED
                       [2].size ∈ {0} or UNINITIALIZED
  __malloc_parse_l76_31[0].type ∈ {JSMN_STRING}
                       [0].start ∈ {1}
                       [0].end ∈ {6}
                       [0].size ∈ {0}
                       [1..2] ∈ UNINITIALIZED
  __malloc_parse_l76_32[0].type ∈ {JSMN_OBJECT}
                       [0].start ∈ {0}
                       [0].end ∈ {-1}
                       [0].size ∈ {0; 1}
                       [1].type ∈ {JSMN_STRING}
                       [1].start ∈ {2}
                       [1].end ∈ {8}
                       [1].size ∈ {0}
                       [2].type ∈ {JSMN_PRIMITIVE} or UNINITIALIZED
                       [2].start ∈ {11} or UNINITIALIZED
                       [2].end ∈ {15} or UNINITIALIZED
                       [2].size ∈ {0} or UNINITIALIZED
  __malloc_parse_l76_33[0].type ∈ {JSMN_OBJECT}
                       [0].start ∈ {0}
                       [0].end ∈ {-1}
                       {[0].size; [1]{.type; .start}} ∈ {1}
                       [1].end ∈ {-1}
                       [1].size ∈ {0; 1}
                       [2]{.type; .start} ∈ {3}
                       [2].end ∈ {8}
                       [2].size ∈ {0}
                       [3].type ∈ {JSMN_PRIMITIVE} or UNINITIALIZED
                       [3].start ∈ {11} or UNINITIALIZED
                       [3].end ∈ {15} or UNINITIALIZED
                       [3].size ∈ {0} or UNINITIALIZED
[eva:final-states] Values at end of function jsmn_init:
  p{.pos; .toknext} ∈ {0}
   .toksuper ∈ {-1}
  p{.pos; .toknext} ∈ {0}
   .toksuper ∈ {-1}
  p{.pos; .toknext} ∈ {0}
   .toksuper ∈ {-1}
  p{.pos; .toknext} ∈ {0}
   .toksuper ∈ {-1}
  p{.pos; .toknext} ∈ {0}
   .toksuper ∈ {-1}
  p{.pos; .toknext} ∈ {0}
   .toksuper ∈ {-1}
  p{.pos; .toknext} ∈ {0}
   .toksuper ∈ {-1}
[eva:final-states] Values at end of function jsmn_parse_primitive:
  token ∈
       {{ NULL ; &toksmall{[1], [2], [4]} ; &toklarge{[1], [2], [4]} ;
          &tok{[0], [2], [3]} ;
          &tokens{[2], [8], [9], [11], [15], [19], [21], [23], [25], [31],
                  [36], [40], [42], [44], [50], [52], [54], [56], [58], [60]} ;
          &tokens[2] ; &__malloc_parse_l76_2[2] ;
          &__malloc_parse_l76_5{[2], [4], [6]} ; &__malloc_parse_l76_6[2] ;
          &__malloc_parse_l76_7[1] ; &__malloc_parse_l76_8[2] ;
          &__malloc_parse_l76_9[2] ; &__malloc_parse_l76_10[2] ;
          &__malloc_parse_l76_11[2] ; &__malloc_parse_l76_12[2] ;
          &__malloc_parse_l76_13[2] ; &__malloc_parse_l76_24[4] ;
          &__malloc_parse_l76_25{[0], [1]} ;
          &__malloc_parse_l76_26{[0], [1], [2], [3], [4], [5]} ;
          &__malloc_parse_l76_27[1] ; &__malloc_parse_l76_28[1] ;
          &__malloc_parse_l76_29[2] ; &__malloc_parse_l76_30[2] ;
          &__malloc_parse_l76_32[2] ; &__malloc_parse_l76_33[3] }} or UNINITIALIZED
  start ∈
       {0; 1} ∪ [3..14]
        ∪ {17; 21; 22; 25; 27; 28; 36; 38; 39; 52; 93; 126; 140; 148; 155;
             221; 251; 301; 318; 332; 378; 394; 410; 429; 443; 454}
  p.pos ∈ {0; 2; 5; 6; 7} ∪ [10..14] ∪ {16; 17; 19; 25; 28; 29; 39}
   .toknext ∈ {0; 1; 2; 3; 4; 5; 6; 7}
   .toksuper ∈ {-1; 0; 1; 2; 3; 4; 5}
  p.pos ∈ {4; 7; 10; 14; 16}
   .toknext ∈ {1; 2; 3; 4; 5}
   .toksuper ∈ {0; 3}
  toksmall[0]{.type; .start} ∈ {0; 2}
          [0].end ∈ {-1; 0}
          [0].size ∈ {0; 1; 3}
          [1]{.type; .start} ∈ {0; 4}
          [1].end ∈ {0; 5}
          [1].size ∈ {0}
          [2].type ∈ {JSMN_UNDEFINED; JSMN_PRIMITIVE}
          [2].start ∈ {0; 7}
          [2].end ∈ {0; 11}
          [2].size ∈ {0}
          [3].type ∈ {JSMN_UNDEFINED; JSMN_ARRAY}
          [3].start ∈ {0; 13}
          [3].end ∈ {-1; 0}
          [3].size ∈ {0}
          [4].type ∈ {JSMN_UNDEFINED; JSMN_PRIMITIVE}
          [4].start ∈ {0; 14}
          [4].end ∈ {0; 17}
          {[4].size; [5..9]} ∈ {0}
  toklarge[0]{.type; .start} ∈ {0; 2}
          [0].end ∈ {-1; 0}
          [0].size ∈ {0; 1; 3}
          [1]{.type; .start} ∈ {0; 4}
          [1].end ∈ {0; 5}
          [1].size ∈ {0}
          [2].type ∈ {JSMN_UNDEFINED; JSMN_PRIMITIVE}
          [2].start ∈ {0; 7}
          [2].end ∈ {0; 11}
          [2].size ∈ {0}
          [3].type ∈ {JSMN_UNDEFINED; JSMN_ARRAY}
          [3].start ∈ {0; 13}
          [3].end ∈ {-1; 0}
          [3].size ∈ {0}
          [4].type ∈ {JSMN_UNDEFINED; JSMN_PRIMITIVE}
          [4].start ∈ {0; 14}
          [4].end ∈ {0; 17}
          {[4].size; [5..9]} ∈ {0}
  p.pos ∈ {3; 17; 23}
   .toknext ∈ {1; 3; 4}
   .toksuper ∈ {-1; 0; 2}
  tok[0].type ∈ {JSMN_PRIMITIVE}
     [0].start ∈ {0}
     [0].end ∈ {4}
     [0].size ∈ {0; 1; 2}
     [1].type ∈ {JSMN_STRING} or UNINITIALIZED
     [1].start ∈ {7} or UNINITIALIZED
     [1].end ∈ {12} or UNINITIALIZED
     [1].size ∈ {0} or UNINITIALIZED
     [2].type ∈ {JSMN_PRIMITIVE} or UNINITIALIZED
     [2].start ∈ {14} or UNINITIALIZED
     [2].end ∈ {18} or UNINITIALIZED
     [2].size ∈ {0} or UNINITIALIZED
     [3].type ∈ {JSMN_PRIMITIVE} or UNINITIALIZED
     [3].start ∈ {21} or UNINITIALIZED
     [3].end ∈ {24} or UNINITIALIZED
     [3].size ∈ {0} or UNINITIALIZED
     [4..9] ∈ UNINITIALIZED
  p.pos ∈
   {12; 36; 39; 53; 93; 129; 141; 148; 155; 222; 251; 302; 320; 332; 378;
    395; 411; 430; 443; 455}
   .toknext ∈
   {3; 9; 10; 12; 16; 20; 22; 24; 26; 32; 37; 41; 43; 45; 51; 53; 55; 57; 59;
    61}
   .toksuper ∈
   {1; 7; 10; 14; 18; 20; 22; 24; 30; 35; 39; 41; 43; 49; 51; 53; 55; 57; 59}
  tokens[0].type ∈ {JSMN_OBJECT}
        [0].start ∈ {0}
        [0].end ∈ {-1}
        [0].size ∈ {1; 2; 5; 6; 7; 8; 9}
        [1]{.type; .start} ∈ {3}
        [1].end ∈ {9}
        [1].size ∈ {0; 1}
        [2].type ∈ {JSMN_PRIMITIVE}
        [2].start ∈ {11}
        [2].end ∈ {13}
        [2].size ∈ {0}
        [3].type ∈ {JSMN_STRING} or UNINITIALIZED
        [3].start ∈ {16} or UNINITIALIZED
        [3].end ∈ {22} or UNINITIALIZED
        [3].size ∈ {1} or UNINITIALIZED
        [4].type ∈ {JSMN_ARRAY} or UNINITIALIZED
        [4].start ∈ {24} or UNINITIALIZED
        [4].end ∈ {-1; 159} or UNINITIALIZED
        {[4].size; [5].type} ∈ {1} or UNINITIALIZED
        [5].start ∈ {26} or UNINITIALIZED
        [5].end ∈ {-1; 158} or UNINITIALIZED
        [5].size ∈ {1; 2; 4; 6; 7; 8; 9} or UNINITIALIZED
        [6].type ∈ {JSMN_STRING} or UNINITIALIZED
        [6].start ∈ {29} or UNINITIALIZED
        [6].end ∈ {33} or UNINITIALIZED
        [6].size ∈ {1} or UNINITIALIZED
        [7].type ∈ {JSMN_ARRAY} or UNINITIALIZED
        [7].start ∈ {35} or UNINITIALIZED
        [7].end ∈ {-1; 41} or UNINITIALIZED
        [7].size ∈ {0; 1; 2} or UNINITIALIZED
        [8].type ∈ {JSMN_PRIMITIVE} or UNINITIALIZED
        [8].start ∈ {36} or UNINITIALIZED
        [8].end ∈ {37} or UNINITIALIZED
        [8].size ∈ {0} or UNINITIALIZED
        [9].type ∈ {JSMN_PRIMITIVE} or UNINITIALIZED
        [9].start ∈ {39} or UNINITIALIZED
        [9].end ∈ {40} or UNINITIALIZED
        [9].size ∈ {0} or UNINITIALIZED
        [10].type ∈ {JSMN_STRING} or UNINITIALIZED
        [10].start ∈ {44} or UNINITIALIZED
        [10].end ∈ {50} or UNINITIALIZED
        [10].size ∈ {0; 1} or UNINITIALIZED
        [11].type ∈ {JSMN_PRIMITIVE} or UNINITIALIZED
        [11].start ∈ {52} or UNINITIALIZED
        [11].end ∈ {54} or UNINITIALIZED
        [11].size ∈ {0} or UNINITIALIZED
        [12].type ∈ {JSMN_STRING} or UNINITIALIZED
        [12].start ∈ {57} or UNINITIALIZED
        [12].end ∈ {61} or UNINITIALIZED
        [12].size ∈ {1} or UNINITIALIZED
        [13].type ∈ {JSMN_STRING} or UNINITIALIZED
        [13].start ∈ {64} or UNINITIALIZED
        [13].end ∈ {80} or UNINITIALIZED
        [13].size ∈ {0} or UNINITIALIZED
        [14].type ∈ {JSMN_STRING} or UNINITIALIZED
        [14].start ∈ {84} or UNINITIALIZED
        [14].end ∈ {91} or UNINITIALIZED
        [14].size ∈ {0; 1} or UNINITIALIZED
        [15].type ∈ {JSMN_PRIMITIVE} or UNINITIALIZED
        [15].start ∈ {93} or UNINITIALIZED
        [15].end ∈ {94} or UNINITIALIZED
        [15].size ∈ {0} or UNINITIALIZED
        [16].type ∈ {JSMN_STRING} or UNINITIALIZED
        [16].start ∈ {97} or UNINITIALIZED
        [16].end ∈ {101} or UNINITIALIZED
        [16].size ∈ {1} or UNINITIALIZED
        [17].type ∈ {JSMN_STRING} or UNINITIALIZED
        [17].start ∈ {104} or UNINITIALIZED
        [17].end ∈ {113} or UNINITIALIZED
        [17].size ∈ {0} or UNINITIALIZED
        [18].type ∈ {JSMN_STRING} or UNINITIALIZED
        [18].start ∈ {117} or UNINITIALIZED
        [18].end ∈ {124} or UNINITIALIZED
        [18].size ∈ {0; 1} or UNINITIALIZED
        [19].type ∈ {JSMN_PRIMITIVE} or UNINITIALIZED
        [19].start ∈ {126} or UNINITIALIZED
        [19].end ∈ {130} or UNINITIALIZED
        [19].size ∈ {0} or UNINITIALIZED
        [20].type ∈ {JSMN_STRING} or UNINITIALIZED
        [20].start ∈ {133} or UNINITIALIZED
        [20].end ∈ {138} or UNINITIALIZED
        [20].size ∈ {0; 1} or UNINITIALIZED
        [21].type ∈ {JSMN_PRIMITIVE} or UNINITIALIZED
        [21].start ∈ {140} or UNINITIALIZED
        [21].end ∈ {142} or UNINITIALIZED
        [21].size ∈ {0} or UNINITIALIZED
        [22].type ∈ {JSMN_STRING} or UNINITIALIZED
        [22].start ∈ {145} or UNINITIALIZED
        [22].end ∈ {146} or UNINITIALIZED
        [22].size ∈ {0; 1} or UNINITIALIZED
        [23].type ∈ {JSMN_PRIMITIVE} or UNINITIALIZED
        [23].start ∈ {148} or UNINITIALIZED
        [23].end ∈ {149} or UNINITIALIZED
        [23].size ∈ {0} or UNINITIALIZED
        [24].type ∈ {JSMN_STRING} or UNINITIALIZED
        [24].start ∈ {152} or UNINITIALIZED
        [24].end ∈ {153} or UNINITIALIZED
        [24].size ∈ {0; 1} or UNINITIALIZED
        [25].type ∈ {JSMN_PRIMITIVE} or UNINITIALIZED
        [25].start ∈ {155} or UNINITIALIZED
        [25].end ∈ {156} or UNINITIALIZED
        [25].size ∈ {0} or UNINITIALIZED
        [26].type ∈ {JSMN_STRING} or UNINITIALIZED
        [26].start ∈ {162} or UNINITIALIZED
        [26].end ∈ {173} or UNINITIALIZED
        [26].size ∈ {1} or UNINITIALIZED
        [27].type ∈ {JSMN_STRING} or UNINITIALIZED
        [27].start ∈ {176} or UNINITIALIZED
        [27].end ∈ {186} or UNINITIALIZED
        [27].size ∈ {0} or UNINITIALIZED
        [28].type ∈ {JSMN_STRING} or UNINITIALIZED
        [28].start ∈ {190} or UNINITIALIZED
        [28].end ∈ {200} or UNINITIALIZED
        {[28].size; [29].type} ∈ {1} or UNINITIALIZED
        [29].start ∈ {203} or UNINITIALIZED
        [29].end ∈ {206} or UNINITIALIZED
        [29].size ∈ {0} or UNINITIALIZED
        [30].type ∈ {JSMN_STRING} or UNINITIALIZED
        [30].start ∈ {209} or UNINITIALIZED
        [30].end ∈ {219} or UNINITIALIZED
        [30].size ∈ {0; 1} or UNINITIALIZED
        [31].type ∈ {JSMN_PRIMITIVE} or UNINITIALIZED
        [31].start ∈ {221} or UNINITIALIZED
        [31].end ∈ {223} or UNINITIALIZED
        [31].size ∈ {0} or UNINITIALIZED
        [32].type ∈ {JSMN_STRING} or UNINITIALIZED
        [32].start ∈ {226} or UNINITIALIZED
        [32].end ∈ {234} or UNINITIALIZED
        [32].size ∈ {1} or UNINITIALIZED
        [33].type ∈ {JSMN_ARRAY} or UNINITIALIZED
        [33].start ∈ {236} or UNINITIALIZED
        [33].end ∈ {-1; 415} or UNINITIALIZED
        {[33].size; [34].type} ∈ {1} or UNINITIALIZED
        [34].start ∈ {238} or UNINITIALIZED
        [34].end ∈ {-1; 414} or UNINITIALIZED
        [34].size ∈ {1; 3; 4; 5; 8; 9; 10} or UNINITIALIZED
        [35].type ∈ {JSMN_STRING} or UNINITIALIZED
        [35].start ∈ {241} or UNINITIALIZED
        [35].end ∈ {249} or UNINITIALIZED
        [35].size ∈ {0; 1} or UNINITIALIZED
        [36].type ∈ {JSMN_PRIMITIVE} or UNINITIALIZED
        [36].start ∈ {251} or UNINITIALIZED
        [36].end ∈ {252} or UNINITIALIZED
        [36].size ∈ {0} or UNINITIALIZED
        [37].type ∈ {JSMN_STRING} or UNINITIALIZED
        [37].start ∈ {255} or UNINITIALIZED
        [37].end ∈ {260} or UNINITIALIZED
        [37].size ∈ {1} or UNINITIALIZED
        [38].type ∈ {JSMN_STRING} or UNINITIALIZED
        [38].start ∈ {263} or UNINITIALIZED
        [38].end ∈ {284} or UNINITIALIZED
        [38].size ∈ {0} or UNINITIALIZED
        [39].type ∈ {JSMN_STRING} or UNINITIALIZED
        [39].start ∈ {288} or UNINITIALIZED
        [39].end ∈ {299} or UNINITIALIZED
        [39].size ∈ {0; 1} or UNINITIALIZED
        [40].type ∈ {JSMN_PRIMITIVE} or UNINITIALIZED
        [40].start ∈ {301} or UNINITIALIZED
        [40].end ∈ {303} or UNINITIALIZED
        [40].size ∈ {0} or UNINITIALIZED
        [41].type ∈ {JSMN_STRING} or UNINITIALIZED
        [41].start ∈ {306} or UNINITIALIZED
        [41].end ∈ {316} or UNINITIALIZED
        [41].size ∈ {0; 1} or UNINITIALIZED
        [42].type ∈ {JSMN_PRIMITIVE} or UNINITIALIZED
        [42].start ∈ {318} or UNINITIALIZED
        [42].end ∈ {321} or UNINITIALIZED
        [42].size ∈ {0} or UNINITIALIZED
        [43].type ∈ {JSMN_STRING} or UNINITIALIZED
        [43].start ∈ {324} or UNINITIALIZED
        [43].end ∈ {330} or UNINITIALIZED
        [43].size ∈ {0; 1} or UNINITIALIZED
        [44].type ∈ {JSMN_PRIMITIVE} or UNINITIALIZED
        [44].start ∈ {332} or UNINITIALIZED
        [44].end ∈ {333} or UNINITIALIZED
        [44].size ∈ {0} or UNINITIALIZED
        [45].type ∈ {JSMN_STRING} or UNINITIALIZED
        [45].start ∈ {336} or UNINITIALIZED
        [45].end ∈ {340} or UNINITIALIZED
        [45].size ∈ {1} or UNINITIALIZED
        [46].type ∈ {JSMN_STRING} or UNINITIALIZED
        [46].start ∈ {343} or UNINITIALIZED
        [46].end ∈ {348} or UNINITIALIZED
        [46].size ∈ {0} or UNINITIALIZED
        [47].type ∈ {JSMN_STRING} or UNINITIALIZED
        [47].start ∈ {352} or UNINITIALIZED
        [47].end ∈ {362} or UNINITIALIZED
        {[47].size; [48].type} ∈ {1} or UNINITIALIZED
        [48].start ∈ {364} or UNINITIALIZED
        [48].end ∈ {366} or UNINITIALIZED
        [48].size ∈ {0} or UNINITIALIZED
        [49].type ∈ {JSMN_STRING} or UNINITIALIZED
        [49].start ∈ {369} or UNINITIALIZED
        [49].end ∈ {376} or UNINITIALIZED
        [49].size ∈ {0; 1} or UNINITIALIZED
        [50].type ∈ {JSMN_PRIMITIVE} or UNINITIALIZED
        [50].start ∈ {378} or UNINITIALIZED
        [50].end ∈ {379} or UNINITIALIZED
        [50].size ∈ {0} or UNINITIALIZED
        [51].type ∈ {JSMN_STRING} or UNINITIALIZED
        [51].start ∈ {382} or UNINITIALIZED
        [51].end ∈ {392} or UNINITIALIZED
        [51].size ∈ {0; 1} or UNINITIALIZED
        [52].type ∈ {JSMN_PRIMITIVE} or UNINITIALIZED
        [52].start ∈ {394} or UNINITIALIZED
        [52].end ∈ {396} or UNINITIALIZED
        [52].size ∈ {0} or UNINITIALIZED
        [53].type ∈ {JSMN_STRING} or UNINITIALIZED
        [53].start ∈ {399} or UNINITIALIZED
        [53].end ∈ {408} or UNINITIALIZED
        [53].size ∈ {0; 1} or UNINITIALIZED
        [54].type ∈ {JSMN_PRIMITIVE} or UNINITIALIZED
        [54].start ∈ {410} or UNINITIALIZED
        [54].end ∈ {412} or UNINITIALIZED
        [54].size ∈ {0} or UNINITIALIZED
        [55].type ∈ {JSMN_STRING} or UNINITIALIZED
        [55].start ∈ {418} or UNINITIALIZED
        [55].end ∈ {427} or UNINITIALIZED
        [55].size ∈ {0; 1} or UNINITIALIZED
        [56].type ∈ {JSMN_PRIMITIVE} or UNINITIALIZED
        [56].start ∈ {429} or UNINITIALIZED
        [56].end ∈ {431} or UNINITIALIZED
        [56].size ∈ {0} or UNINITIALIZED
        [57].type ∈ {JSMN_STRING} or UNINITIALIZED
        [57].start ∈ {434} or UNINITIALIZED
        [57].end ∈ {441} or UNINITIALIZED
        [57].size ∈ {0; 1} or UNINITIALIZED
        [58].type ∈ {JSMN_PRIMITIVE} or UNINITIALIZED
        [58].start ∈ {443} or UNINITIALIZED
        [58].end ∈ {444} or UNINITIALIZED
        [58].size ∈ {0} or UNINITIALIZED
        [59].type ∈ {JSMN_STRING} or UNINITIALIZED
        [59].start ∈ {447} or UNINITIALIZED
        [59].end ∈ {452} or UNINITIALIZED
        [59].size ∈ {0} or UNINITIALIZED
        [60].type ∈ {JSMN_PRIMITIVE} or UNINITIALIZED
        [60].start ∈ {454} or UNINITIALIZED
        [60].end ∈ {456} or UNINITIALIZED
        [60].size ∈ {0} or UNINITIALIZED
        [61..127] ∈ UNINITIALIZED
  p.pos ∈ {6}
   .toknext ∈ {3}
   .toksuper ∈ {1}
  tokens[0].type ∈ {JSMN_OBJECT}
        [0].start ∈ {0}
        [0].end ∈ {-1}
        [0].size ∈ {1}
        [1].type ∈ {JSMN_STRING}
        [1].start ∈ {2}
        [1].end ∈ {3}
        [1].size ∈ {0}
        [2].type ∈ {JSMN_PRIMITIVE}
        [2].start ∈ {6}
        [2].end ∈ {7}
        [2].size ∈ {0}
        [3..9] ∈ UNINITIALIZED
  p.pos ∈ {1; 4; 7; 8; 20}
   .toknext ∈ {0}
   .toksuper ∈ {-1}
  __retres ∈ {-1; 0}
  __malloc_parse_l76_2[0].type ∈ {JSMN_OBJECT}
                      [0].start ∈ {0}
                      [0].end ∈ {-1}
                      [0].size ∈ {1}
                      [1].type ∈ {JSMN_STRING}
                      [1].start ∈ {2}
                      [1].end ∈ {3}
                      [1].size ∈ {0}
                      [2].type ∈ {JSMN_PRIMITIVE}
                      [2].start ∈ {5}
                      [2].end ∈ {6}
                      [2].size ∈ {0}
  __malloc_parse_l76_5[0].type ∈ {JSMN_OBJECT}
                      [0].start ∈ {0}
                      [0].end ∈ {-1}
                      [0].size ∈ {1; 2; 3}
                      [1].type ∈ {JSMN_STRING}
                      [1].start ∈ {4}
                      [1].end ∈ {7}
                      [1].size ∈ {0; 1}
                      [2].type ∈ {JSMN_PRIMITIVE}
                      [2].start ∈ {10}
                      [2].end ∈ {12}
                      [2].size ∈ {0}
                      [3].type ∈ {JSMN_STRING} or UNINITIALIZED
                      [3].start ∈ {17} or UNINITIALIZED
                      [3].end ∈ {22} or UNINITIALIZED
                      [3].size ∈ {0; 1} or UNINITIALIZED
                      [4].type ∈ {JSMN_PRIMITIVE} or UNINITIALIZED
                      [4].start ∈ {25} or UNINITIALIZED
                      [4].end ∈ {26} or UNINITIALIZED
                      [4].size ∈ {0} or UNINITIALIZED
                      [5].type ∈ {JSMN_STRING} or UNINITIALIZED
                      [5].start ∈ {31} or UNINITIALIZED
                      [5].end ∈ {35} or UNINITIALIZED
                      [5].size ∈ {0} or UNINITIALIZED
                      [6].type ∈ {JSMN_PRIMITIVE} or UNINITIALIZED
                      [6].start ∈ {38} or UNINITIALIZED
                      [6].end ∈ {40} or UNINITIALIZED
                      [6].size ∈ {0} or UNINITIALIZED
  __malloc_parse_l76_6[0].type ∈ {JSMN_OBJECT}
                      [0].start ∈ {0}
                      [0].end ∈ {-1}
                      [0].size ∈ {1}
                      [1].type ∈ {JSMN_STRING}
                      [1].start ∈ {2}
                      [1].end ∈ {3}
                      [1].size ∈ {0}
                      [2].type ∈ {JSMN_PRIMITIVE}
                      [2].start ∈ {6}
                      [2].end ∈ {7}
                      [2].size ∈ {0}
                      [3..4] ∈ UNINITIALIZED
  __malloc_parse_l76_7[0].type ∈ {JSMN_ARRAY}
                      [0].start ∈ {0}
                      [0].end ∈ {-1}
                      [0].size ∈ {0}
                      [1].type ∈ {JSMN_PRIMITIVE}
                      [1].start ∈ {1}
                      [1].end ∈ {3}
                      [1].size ∈ {0}
  __malloc_parse_l76_8[0].type ∈ {JSMN_OBJECT}
                      [0].start ∈ {0}
                      [0].end ∈ {-1}
                      [0].size ∈ {1}
                      [1].type ∈ {JSMN_STRING}
                      [1].start ∈ {2}
                      [1].end ∈ {3}
                      [1].size ∈ {0}
                      [2].type ∈ {JSMN_PRIMITIVE}
                      [2].start ∈ {6}
                      [2].end ∈ {7}
                      [2].size ∈ {0}
  __malloc_parse_l76_9[0].type ∈ {JSMN_OBJECT}
                      [0].start ∈ {0}
                      [0].end ∈ {-1}
                      [0].size ∈ {1}
                      [1].type ∈ {JSMN_STRING}
                      [1].start ∈ {2}
                      [1].end ∈ {9}
                      [1].size ∈ {0}
                      [2].type ∈ {JSMN_PRIMITIVE}
                      [2].start ∈ {13}
                      [2].end ∈ {17}
                      [2].size ∈ {0}
  __malloc_parse_l76_10[0].type ∈ {JSMN_OBJECT}
                       [0].start ∈ {0}
                       [0].end ∈ {-1}
                       [0].size ∈ {1}
                       [1].type ∈ {JSMN_STRING}
                       [1].start ∈ {2}
                       [1].end ∈ {9}
                       [1].size ∈ {0}
                       [2].type ∈ {JSMN_PRIMITIVE}
                       [2].start ∈ {13}
                       [2].end ∈ {18}
                       [2].size ∈ {0}
  __malloc_parse_l76_11[0].type ∈ {JSMN_OBJECT}
                       [0].start ∈ {0}
                       [0].end ∈ {-1}
                       [0].size ∈ {1}
                       [1].type ∈ {JSMN_STRING}
                       [1].start ∈ {2}
                       [1].end ∈ {9}
                       [1].size ∈ {0}
                       [2].type ∈ {JSMN_PRIMITIVE}
                       [2].start ∈ {13}
                       [2].end ∈ {17}
                       [2].size ∈ {0}
  __malloc_parse_l76_12[0].type ∈ {JSMN_OBJECT}
                       [0].start ∈ {0}
                       [0].end ∈ {-1}
                       [0].size ∈ {1}
                       [1].type ∈ {JSMN_STRING}
                       [1].start ∈ {2}
                       [1].end ∈ {8}
                       [1].size ∈ {0}
                       [2].type ∈ {JSMN_PRIMITIVE}
                       [2].start ∈ {12}
                       [2].end ∈ {14}
                       [2].size ∈ {0}
  __malloc_parse_l76_13[0].type ∈ {JSMN_OBJECT}
                       [0].start ∈ {0}
                       [0].end ∈ {-1}
                       [0].size ∈ {1}
                       [1].type ∈ {JSMN_STRING}
                       [1].start ∈ {2}
                       [1].end ∈ {10}
                       [1].size ∈ {0}
                       [2].type ∈ {JSMN_PRIMITIVE}
                       [2].start ∈ {14}
                       [2].end ∈ {20}
                       [2].size ∈ {0}
  __malloc_parse_l76_24[0].type ∈ {JSMN_OBJECT}
                       [0].start ∈ {0}
                       [0].end ∈ {-1}
                       [0].size ∈ {2}
                       [1]{.type; .start} ∈ {3}
                       [1].end ∈ {7}
                       [1].size ∈ {1}
                       [2].type ∈ {JSMN_STRING}
                       [2].start ∈ {12}
                       [2].end ∈ {16}
                       [2].size ∈ {0}
                       [3].type ∈ {JSMN_STRING}
                       [3].start ∈ {20}
                       [3].end ∈ {23}
                       [3].size ∈ {0}
                       [4].type ∈ {JSMN_PRIMITIVE}
                       [4].start ∈ {27}
                       [4].end ∈ {29}
                       [4].size ∈ {0}
                       [5..7] ∈ UNINITIALIZED
  __malloc_parse_l76_25[0].type ∈ {JSMN_PRIMITIVE}
                       [0].start ∈ {0}
                       [0].end ∈ {1}
                       [0].size ∈ {0}
                       [1].type ∈ {JSMN_PRIMITIVE} or UNINITIALIZED
                       [1].start ∈ {3} or UNINITIALIZED
                       [1].end ∈ {11} or UNINITIALIZED
                       [1].size ∈ {0} or UNINITIALIZED
  __malloc_parse_l76_26[0].type ∈ {JSMN_PRIMITIVE}
                       [0].start ∈ {0}
                       [0].end ∈ {3}
                       [0].size ∈ {0; 1; 2}
                       [1].type ∈ {JSMN_PRIMITIVE} or UNINITIALIZED
                       [1].start ∈ {6} or UNINITIALIZED
                       [1].end ∈ {8} or UNINITIALIZED
                       [1].size ∈ {0} or UNINITIALIZED
                       [2].type ∈ {JSMN_PRIMITIVE} or UNINITIALIZED
                       [2].start ∈ {9} or UNINITIALIZED
                       [2].end ∈ {14} or UNINITIALIZED
                       [2].size ∈ {0; 1; 2} or UNINITIALIZED
                       [3].type ∈ {JSMN_PRIMITIVE} or UNINITIALIZED
                       [3].start ∈ {17} or UNINITIALIZED
                       [3].end ∈ {20} or UNINITIALIZED
                       [3].size ∈ {0} or UNINITIALIZED
                       [4].type ∈ {JSMN_PRIMITIVE} or UNINITIALIZED
                       [4].start ∈ {22} or UNINITIALIZED
                       [4].end ∈ {26} or UNINITIALIZED
                       [4].size ∈ {0} or UNINITIALIZED
                       [5].type ∈ {JSMN_PRIMITIVE} or UNINITIALIZED
                       [5].start ∈ {28} or UNINITIALIZED
                       [5].end ∈ {30} or UNINITIALIZED
                       [5].size ∈ {0} or UNINITIALIZED
  __malloc_parse_l76_27[0].type ∈ {JSMN_STRING}
                       [0].start ∈ {1}
                       [0].end ∈ {7}
                       [0].size ∈ {0}
                       [1].type ∈ {JSMN_PRIMITIVE}
                       [1].start ∈ {10}
                       [1].end ∈ {14}
                       [1].size ∈ {0}
  __malloc_parse_l76_28[0].type ∈ {JSMN_STRING}
                       [0].start ∈ {1}
                       [0].end ∈ {6}
                       [0].size ∈ {0}
                       [1].type ∈ {JSMN_PRIMITIVE}
                       [1].start ∈ {9}
                       [1].end ∈ {13}
                       [1].size ∈ {0}
  __malloc_parse_l76_29[0].type ∈ {JSMN_OBJECT}
                       [0].start ∈ {0}
                       [0].end ∈ {-1}
                       [0].size ∈ {1}
                       [1].type ∈ {JSMN_STRING}
                       [1].start ∈ {2}
                       [1].end ∈ {7}
                       [1].size ∈ {0}
                       [2].type ∈ {JSMN_PRIMITIVE}
                       [2].start ∈ {10}
                       [2].end ∈ {14}
                       [2].size ∈ {0}
  __malloc_parse_l76_30[0].type ∈ {JSMN_OBJECT}
                       [0].start ∈ {0}
                       [0].end ∈ {-1}
                       [0].size ∈ {1}
                       [1].type ∈ {JSMN_STRING}
                       [1].start ∈ {2}
                       [1].end ∈ {7}
                       [1].size ∈ {0}
                       [2].type ∈ {JSMN_PRIMITIVE}
                       [2].start ∈ {10}
                       [2].end ∈ {14}
                       [2].size ∈ {0}
  __malloc_parse_l76_32[0].type ∈ {JSMN_OBJECT}
                       [0].start ∈ {0}
                       [0].end ∈ {-1}
                       [0].size ∈ {1}
                       [1].type ∈ {JSMN_STRING}
                       [1].start ∈ {2}
                       [1].end ∈ {8}
                       [1].size ∈ {0}
                       [2].type ∈ {JSMN_PRIMITIVE}
                       [2].start ∈ {11}
                       [2].end ∈ {15}
                       [2].size ∈ {0}
  __malloc_parse_l76_33[0].type ∈ {JSMN_OBJECT}
                       [0].start ∈ {0}
                       [0].end ∈ {-1}
                       {[0].size; [1]{.type; .start}} ∈ {1}
                       [1].end ∈ {-1}
                       [1].size ∈ {1}
                       [2]{.type; .start} ∈ {3}
                       [2].end ∈ {8}
                       [2].size ∈ {0}
                       [3].type ∈ {JSMN_PRIMITIVE}
                       [3].start ∈ {11}
                       [3].end ∈ {15}
                       [3].size ∈ {0}
[eva:final-states] Values at end of function jsmn_parse_string:
  token ∈
       {{ NULL ; &tok{[1], [2], [3], [4]} ; &toklarge[5] ; &tok[1] ;
          &tokens{[1], [3], [6], [10], [12], [13], [14], [16], [17], [18],
                  [20], [22], [24], [26], [27], [28], [30], [32], [35], [37],
                  [38], [39], [41], [43], [45], [46], [47], [49], [51], [53],
                  [55], [57], [59]} ; &tokens[1] ; &__malloc_parse_l76_2[1] ;
          &__malloc_parse_l76_3[1] ; &__malloc_parse_l76_4{[1], [3]} ;
          &__malloc_parse_l76_5{[1], [3], [5]} ;
          &__malloc_parse_l76_6{[1], [3], [4]} ; &__malloc_parse_l76_8[1] ;
          &__malloc_parse_l76_9[1] ; &__malloc_parse_l76_10[1] ;
          &__malloc_parse_l76_11[1] ; &__malloc_parse_l76_12[1] ;
          &__malloc_parse_l76_13[1] ; &__malloc_parse_l76_14{[1], [2]} ;
          &__malloc_parse_l76_15{[1], [2]} ;
          &__malloc_parse_l76_16{[1], [2]} ;
          &__malloc_parse_l76_17{[1], [2]} ;
          &__malloc_parse_l76_18{[1], [2]} ;
          &__malloc_parse_l76_19{[1], [2]} ;
          &__malloc_parse_l76_20{[1], [3]} ; &__malloc_parse_l76_21[1] ;
          &__malloc_parse_l76_22[1] ; &__malloc_parse_l76_23[2] ;
          &__malloc_parse_l76_24{[1], [2], [3], [6], [7]} ;
          &__malloc_parse_l76_27[0] ; &__malloc_parse_l76_28[0] ;
          &__malloc_parse_l76_29[1] ; &__malloc_parse_l76_30[1] ;
          &__malloc_parse_l76_31[0] ; &__malloc_parse_l76_32[1] ;
          &__malloc_parse_l76_33[2] }} or UNINITIALIZED
  start ∈
       [0..3]
        ∪ {5; 6; 7; 9; 11; 12; 14; 15; 16; 19; 21; 28; 30; 34; 43; 56; 63;
             83; 96; 103; 116; 132; 144; 151; 161; 175; 189; 208; 225; 240;
             254; 262; 287; 305; 323; 335; 342; 351; 368; 381; 398; 417; 433;
             446}
  p.pos ∈ [3..13] ∪ {15; 16; 22; 23; 24; 35; 38; 39; 48}
   .toknext ∈ {0; 1; 2; 3; 4; 5; 6; 7; 8}
   .toksuper ∈ {-1; 0; 1; 2; 3; 5; 6}
  p.pos ∈ {1; 3; 6; 13; 16; 18; 21; 29}
   .toknext ∈ {1; 2; 3; 4; 5}
   .toksuper ∈ {0; 1; 3}
  tok[0].type ∈ {JSMN_OBJECT}
     [0].start ∈ {0}
     [0].end ∈ {-1}
     [0].size ∈ {0; 1; 2}
     [1].type ∈ {JSMN_STRING} or UNINITIALIZED
     [1].start ∈ {2} or UNINITIALIZED
     [1].end ∈ {3} or UNINITIALIZED
     [1].size ∈ {0; 1} or UNINITIALIZED
     [2].type ∈ {JSMN_STRING} or UNINITIALIZED
     [2].start ∈ {7} or UNINITIALIZED
     [2].end ∈ {13} or UNINITIALIZED
     [2].size ∈ {0} or UNINITIALIZED
     [3].type ∈ {JSMN_STRING} or UNINITIALIZED
     [3].start ∈ {17} or UNINITIALIZED
     [3].end ∈ {18} or UNINITIALIZED
     [3].size ∈ {0} or UNINITIALIZED
     [4].type ∈ {JSMN_STRING} or UNINITIALIZED
     [4].start ∈ {22} or UNINITIALIZED
     [4].end ∈ {29} or UNINITIALIZED
     [4].size ∈ {0} or UNINITIALIZED
  p.pos ∈ {19; 25}
   .toknext ∈ {5; 6}
   .toksuper ∈ {3}
  toklarge[0]{.type; .start} ∈ {0; 2}
          [0].end ∈ {-1; 0}
          [0].size ∈ {0; 3}
          [1]{.type; .start} ∈ {0; 4}
          [1].end ∈ {0; 5}
          [1].size ∈ {0}
          [2].type ∈ {JSMN_UNDEFINED; JSMN_PRIMITIVE}
          [2].start ∈ {0; 7}
          [2].end ∈ {0; 11}
          [2].size ∈ {0}
          [3].type ∈ {JSMN_UNDEFINED; JSMN_ARRAY}
          [3].start ∈ {0; 13}
          [3].end ∈ {-1; 0}
          [3].size ∈ {0; 1}
          [4].type ∈ {JSMN_UNDEFINED; JSMN_PRIMITIVE}
          [4].start ∈ {0; 14}
          [4].end ∈ {0; 17}
          [4].size ∈ {0}
          [5].type ∈ {JSMN_UNDEFINED; JSMN_STRING}
          [5].start ∈ {0; 20}
          [5].end ∈ {0; 25}
          {[5].size; [6..9]} ∈ {0}
  p.pos ∈ {12}
   .toknext ∈ {2}
   .toksuper ∈ {0}
  tok[0].type ∈ {JSMN_PRIMITIVE}
     [0].start ∈ {0}
     [0].end ∈ {4}
     [0].size ∈ {0}
     [1].type ∈ {JSMN_STRING}
     [1].start ∈ {7}
     [1].end ∈ {12}
     [1].size ∈ {0}
     [2..9] ∈ UNINITIALIZED
  p.pos ∈
   {9; 22; 33; 50; 61; 80; 91; 101; 113; 124; 138; 146; 153; 173; 186; 200;
    219; 234; 249; 260; 284; 299; 316; 330; 340; 348; 362; 376; 392; 408;
    427; 441; 452}
   .toknext ∈
   {2; 4; 7; 11; 13; 14; 15; 17; 18; 19; 21; 23; 25; 27; 28; 29; 31; 33; 36;
    38; 39; 40; 42; 44; 46; 47; 48; 50; 52; 54; 56; 58; 60}
   .toksuper ∈ {0; 5; 12; 16; 26; 34; 37; 45}
  tokens[0].type ∈ {JSMN_OBJECT}
        [0].start ∈ {0}
        [0].end ∈ {-1}
        [0].size ∈ {0; 1; 2; 3; 4; 5; 6; 7; 8}
        [1]{.type; .start} ∈ {3}
        [1].end ∈ {9}
        [1].size ∈ {0; 1}
        [2].type ∈ {JSMN_PRIMITIVE} or UNINITIALIZED
        [2].start ∈ {11} or UNINITIALIZED
        [2].end ∈ {13} or UNINITIALIZED
        [2].size ∈ {0} or UNINITIALIZED
        [3].type ∈ {JSMN_STRING} or UNINITIALIZED
        [3].start ∈ {16} or UNINITIALIZED
        [3].end ∈ {22} or UNINITIALIZED
        [3].size ∈ {0; 1} or UNINITIALIZED
        [4].type ∈ {JSMN_ARRAY} or UNINITIALIZED
        [4].start ∈ {24} or UNINITIALIZED
        [4].end ∈ {-1; 159} or UNINITIALIZED
        {[4].size; [5].type} ∈ {1} or UNINITIALIZED
        [5].start ∈ {26} or UNINITIALIZED
        [5].end ∈ {-1; 158} or UNINITIALIZED
        [5].size ∈ [0..9] or UNINITIALIZED
        [6].type ∈ {JSMN_STRING} or UNINITIALIZED
        [6].start ∈ {29} or UNINITIALIZED
        [6].end ∈ {33} or UNINITIALIZED
        [6].size ∈ {0; 1} or UNINITIALIZED
        [7].type ∈ {JSMN_ARRAY} or UNINITIALIZED
        [7].start ∈ {35} or UNINITIALIZED
        [7].end ∈ {41} or UNINITIALIZED
        [7].size ∈ {2} or UNINITIALIZED
        [8].type ∈ {JSMN_PRIMITIVE} or UNINITIALIZED
        [8].start ∈ {36} or UNINITIALIZED
        [8].end ∈ {37} or UNINITIALIZED
        [8].size ∈ {0} or UNINITIALIZED
        [9].type ∈ {JSMN_PRIMITIVE} or UNINITIALIZED
        [9].start ∈ {39} or UNINITIALIZED
        [9].end ∈ {40} or UNINITIALIZED
        [9].size ∈ {0} or UNINITIALIZED
        [10].type ∈ {JSMN_STRING} or UNINITIALIZED
        [10].start ∈ {44} or UNINITIALIZED
        [10].end ∈ {50} or UNINITIALIZED
        [10].size ∈ {0; 1} or UNINITIALIZED
        [11].type ∈ {JSMN_PRIMITIVE} or UNINITIALIZED
        [11].start ∈ {52} or UNINITIALIZED
        [11].end ∈ {54} or UNINITIALIZED
        [11].size ∈ {0} or UNINITIALIZED
        [12].type ∈ {JSMN_STRING} or UNINITIALIZED
        [12].start ∈ {57} or UNINITIALIZED
        [12].end ∈ {61} or UNINITIALIZED
        [12].size ∈ {0; 1} or UNINITIALIZED
        [13].type ∈ {JSMN_STRING} or UNINITIALIZED
        [13].start ∈ {64} or UNINITIALIZED
        [13].end ∈ {80} or UNINITIALIZED
        [13].size ∈ {0} or UNINITIALIZED
        [14].type ∈ {JSMN_STRING} or UNINITIALIZED
        [14].start ∈ {84} or UNINITIALIZED
        [14].end ∈ {91} or UNINITIALIZED
        [14].size ∈ {0; 1} or UNINITIALIZED
        [15].type ∈ {JSMN_PRIMITIVE} or UNINITIALIZED
        [15].start ∈ {93} or UNINITIALIZED
        [15].end ∈ {94} or UNINITIALIZED
        [15].size ∈ {0} or UNINITIALIZED
        [16].type ∈ {JSMN_STRING} or UNINITIALIZED
        [16].start ∈ {97} or UNINITIALIZED
        [16].end ∈ {101} or UNINITIALIZED
        [16].size ∈ {0; 1} or UNINITIALIZED
        [17].type ∈ {JSMN_STRING} or UNINITIALIZED
        [17].start ∈ {104} or UNINITIALIZED
        [17].end ∈ {113} or UNINITIALIZED
        [17].size ∈ {0} or UNINITIALIZED
        [18].type ∈ {JSMN_STRING} or UNINITIALIZED
        [18].start ∈ {117} or UNINITIALIZED
        [18].end ∈ {124} or UNINITIALIZED
        [18].size ∈ {0; 1} or UNINITIALIZED
        [19].type ∈ {JSMN_PRIMITIVE} or UNINITIALIZED
        [19].start ∈ {126} or UNINITIALIZED
        [19].end ∈ {130} or UNINITIALIZED
        [19].size ∈ {0} or UNINITIALIZED
        [20].type ∈ {JSMN_STRING} or UNINITIALIZED
        [20].start ∈ {133} or UNINITIALIZED
        [20].end ∈ {138} or UNINITIALIZED
        [20].size ∈ {0; 1} or UNINITIALIZED
        [21].type ∈ {JSMN_PRIMITIVE} or UNINITIALIZED
        [21].start ∈ {140} or UNINITIALIZED
        [21].end ∈ {142} or UNINITIALIZED
        [21].size ∈ {0} or UNINITIALIZED
        [22].type ∈ {JSMN_STRING} or UNINITIALIZED
        [22].start ∈ {145} or UNINITIALIZED
        [22].end ∈ {146} or UNINITIALIZED
        [22].size ∈ {0; 1} or UNINITIALIZED
        [23].type ∈ {JSMN_PRIMITIVE} or UNINITIALIZED
        [23].start ∈ {148} or UNINITIALIZED
        [23].end ∈ {149} or UNINITIALIZED
        [23].size ∈ {0} or UNINITIALIZED
        [24].type ∈ {JSMN_STRING} or UNINITIALIZED
        [24].start ∈ {152} or UNINITIALIZED
        [24].end ∈ {153} or UNINITIALIZED
        [24].size ∈ {0; 1} or UNINITIALIZED
        [25].type ∈ {JSMN_PRIMITIVE} or UNINITIALIZED
        [25].start ∈ {155} or UNINITIALIZED
        [25].end ∈ {156} or UNINITIALIZED
        [25].size ∈ {0} or UNINITIALIZED
        [26].type ∈ {JSMN_STRING} or UNINITIALIZED
        [26].start ∈ {162} or UNINITIALIZED
        [26].end ∈ {173} or UNINITIALIZED
        [26].size ∈ {0; 1} or UNINITIALIZED
        [27].type ∈ {JSMN_STRING} or UNINITIALIZED
        [27].start ∈ {176} or UNINITIALIZED
        [27].end ∈ {186} or UNINITIALIZED
        [27].size ∈ {0} or UNINITIALIZED
        [28].type ∈ {JSMN_STRING} or UNINITIALIZED
        [28].start ∈ {190} or UNINITIALIZED
        [28].end ∈ {200} or UNINITIALIZED
        [28].size ∈ {0; 1} or UNINITIALIZED
        [29].type ∈ {JSMN_OBJECT} or UNINITIALIZED
        [29].start ∈ {203} or UNINITIALIZED
        [29].end ∈ {206} or UNINITIALIZED
        [29].size ∈ {0} or UNINITIALIZED
        [30].type ∈ {JSMN_STRING} or UNINITIALIZED
        [30].start ∈ {209} or UNINITIALIZED
        [30].end ∈ {219} or UNINITIALIZED
        [30].size ∈ {0; 1} or UNINITIALIZED
        [31].type ∈ {JSMN_PRIMITIVE} or UNINITIALIZED
        [31].start ∈ {221} or UNINITIALIZED
        [31].end ∈ {223} or UNINITIALIZED
        [31].size ∈ {0} or UNINITIALIZED
        [32].type ∈ {JSMN_STRING} or UNINITIALIZED
        [32].start ∈ {226} or UNINITIALIZED
        [32].end ∈ {234} or UNINITIALIZED
        [32].size ∈ {0; 1} or UNINITIALIZED
        [33].type ∈ {JSMN_ARRAY} or UNINITIALIZED
        [33].start ∈ {236} or UNINITIALIZED
        [33].end ∈ {-1; 415} or UNINITIALIZED
        {[33].size; [34].type} ∈ {1} or UNINITIALIZED
        [34].start ∈ {238} or UNINITIALIZED
        [34].end ∈ {-1; 414} or UNINITIALIZED
        [34].size ∈ [0..10] or UNINITIALIZED
        [35].type ∈ {JSMN_STRING} or UNINITIALIZED
        [35].start ∈ {241} or UNINITIALIZED
        [35].end ∈ {249} or UNINITIALIZED
        [35].size ∈ {0; 1} or UNINITIALIZED
        [36].type ∈ {JSMN_PRIMITIVE} or UNINITIALIZED
        [36].start ∈ {251} or UNINITIALIZED
        [36].end ∈ {252} or UNINITIALIZED
        [36].size ∈ {0} or UNINITIALIZED
        [37].type ∈ {JSMN_STRING} or UNINITIALIZED
        [37].start ∈ {255} or UNINITIALIZED
        [37].end ∈ {260} or UNINITIALIZED
        [37].size ∈ {0; 1} or UNINITIALIZED
        [38].type ∈ {JSMN_STRING} or UNINITIALIZED
        [38].start ∈ {263} or UNINITIALIZED
        [38].end ∈ {284} or UNINITIALIZED
        [38].size ∈ {0} or UNINITIALIZED
        [39].type ∈ {JSMN_STRING} or UNINITIALIZED
        [39].start ∈ {288} or UNINITIALIZED
        [39].end ∈ {299} or UNINITIALIZED
        [39].size ∈ {0; 1} or UNINITIALIZED
        [40].type ∈ {JSMN_PRIMITIVE} or UNINITIALIZED
        [40].start ∈ {301} or UNINITIALIZED
        [40].end ∈ {303} or UNINITIALIZED
        [40].size ∈ {0} or UNINITIALIZED
        [41].type ∈ {JSMN_STRING} or UNINITIALIZED
        [41].start ∈ {306} or UNINITIALIZED
        [41].end ∈ {316} or UNINITIALIZED
        [41].size ∈ {0; 1} or UNINITIALIZED
        [42].type ∈ {JSMN_PRIMITIVE} or UNINITIALIZED
        [42].start ∈ {318} or UNINITIALIZED
        [42].end ∈ {321} or UNINITIALIZED
        [42].size ∈ {0} or UNINITIALIZED
        [43].type ∈ {JSMN_STRING} or UNINITIALIZED
        [43].start ∈ {324} or UNINITIALIZED
        [43].end ∈ {330} or UNINITIALIZED
        [43].size ∈ {0; 1} or UNINITIALIZED
        [44].type ∈ {JSMN_PRIMITIVE} or UNINITIALIZED
        [44].start ∈ {332} or UNINITIALIZED
        [44].end ∈ {333} or UNINITIALIZED
        [44].size ∈ {0} or UNINITIALIZED
        [45].type ∈ {JSMN_STRING} or UNINITIALIZED
        [45].start ∈ {336} or UNINITIALIZED
        [45].end ∈ {340} or UNINITIALIZED
        [45].size ∈ {0; 1} or UNINITIALIZED
        [46].type ∈ {JSMN_STRING} or UNINITIALIZED
        [46].start ∈ {343} or UNINITIALIZED
        [46].end ∈ {348} or UNINITIALIZED
        [46].size ∈ {0} or UNINITIALIZED
        [47].type ∈ {JSMN_STRING} or UNINITIALIZED
        [47].start ∈ {352} or UNINITIALIZED
        [47].end ∈ {362} or UNINITIALIZED
        [47].size ∈ {0; 1} or UNINITIALIZED
        [48].type ∈ {JSMN_OBJECT} or UNINITIALIZED
        [48].start ∈ {364} or UNINITIALIZED
        [48].end ∈ {366} or UNINITIALIZED
        [48].size ∈ {0} or UNINITIALIZED
        [49].type ∈ {JSMN_STRING} or UNINITIALIZED
        [49].start ∈ {369} or UNINITIALIZED
        [49].end ∈ {376} or UNINITIALIZED
        [49].size ∈ {0; 1} or UNINITIALIZED
        [50].type ∈ {JSMN_PRIMITIVE} or UNINITIALIZED
        [50].start ∈ {378} or UNINITIALIZED
        [50].end ∈ {379} or UNINITIALIZED
        [50].size ∈ {0} or UNINITIALIZED
        [51].type ∈ {JSMN_STRING} or UNINITIALIZED
        [51].start ∈ {382} or UNINITIALIZED
        [51].end ∈ {392} or UNINITIALIZED
        [51].size ∈ {0; 1} or UNINITIALIZED
        [52].type ∈ {JSMN_PRIMITIVE} or UNINITIALIZED
        [52].start ∈ {394} or UNINITIALIZED
        [52].end ∈ {396} or UNINITIALIZED
        [52].size ∈ {0} or UNINITIALIZED
        [53].type ∈ {JSMN_STRING} or UNINITIALIZED
        [53].start ∈ {399} or UNINITIALIZED
        [53].end ∈ {408} or UNINITIALIZED
        [53].size ∈ {0; 1} or UNINITIALIZED
        [54].type ∈ {JSMN_PRIMITIVE} or UNINITIALIZED
        [54].start ∈ {410} or UNINITIALIZED
        [54].end ∈ {412} or UNINITIALIZED
        [54].size ∈ {0} or UNINITIALIZED
        [55].type ∈ {JSMN_STRING} or UNINITIALIZED
        [55].start ∈ {418} or UNINITIALIZED
        [55].end ∈ {427} or UNINITIALIZED
        [55].size ∈ {0; 1} or UNINITIALIZED
        [56].type ∈ {JSMN_PRIMITIVE} or UNINITIALIZED
        [56].start ∈ {429} or UNINITIALIZED
        [56].end ∈ {431} or UNINITIALIZED
        [56].size ∈ {0} or UNINITIALIZED
        [57].type ∈ {JSMN_STRING} or UNINITIALIZED
        [57].start ∈ {434} or UNINITIALIZED
        [57].end ∈ {441} or UNINITIALIZED
        [57].size ∈ {0; 1} or UNINITIALIZED
        [58].type ∈ {JSMN_PRIMITIVE} or UNINITIALIZED
        [58].start ∈ {443} or UNINITIALIZED
        [58].end ∈ {444} or UNINITIALIZED
        [58].size ∈ {0} or UNINITIALIZED
        [59].type ∈ {JSMN_STRING} or UNINITIALIZED
        [59].start ∈ {447} or UNINITIALIZED
        [59].end ∈ {452} or UNINITIALIZED
        [59].size ∈ {0} or UNINITIALIZED
        [60..127] ∈ UNINITIALIZED
  p.pos ∈ {3}
   .toknext ∈ {2}
   .toksuper ∈ {0}
  tokens[0].type ∈ {JSMN_OBJECT}
        [0].start ∈ {0}
        [0].end ∈ {-1}
        [0].size ∈ {0}
        [1].type ∈ {JSMN_STRING}
        [1].start ∈ {2}
        [1].end ∈ {3}
        [1].size ∈ {0}
        [2..9] ∈ UNINITIALIZED
  p.pos ∈ {3; 13; 14}
   .toknext ∈ {0}
   .toksuper ∈ {-1}
  __retres ∈ {-3; -2; -1; 0}
  __malloc_parse_l76_2[0].type ∈ {JSMN_OBJECT}
                      [0].start ∈ {0}
                      [0].end ∈ {-1}
                      [0].size ∈ {0}
                      [1].type ∈ {JSMN_STRING}
                      [1].start ∈ {2}
                      [1].end ∈ {3}
                      [1].size ∈ {0}
                      [2] ∈ UNINITIALIZED
  __malloc_parse_l76_3[0].type ∈ {JSMN_OBJECT}
                      [0].start ∈ {0}
                      [0].end ∈ {-1}
                      [0].size ∈ {0}
                      [1].type ∈ {JSMN_STRING}
                      [1].start ∈ {2}
                      [1].end ∈ {3}
                      [1].size ∈ {0}
                      [2] ∈ UNINITIALIZED
  __malloc_parse_l76_4[0].type ∈ {JSMN_OBJECT}
                      [0].start ∈ {0}
                      [0].end ∈ {-1}
                      [0].size ∈ {0; 1}
                      [1].type ∈ {JSMN_STRING}
                      [1].start ∈ {2}
                      [1].end ∈ {3}
                      [1].size ∈ {0; 1}
                      [2].type ∈ {JSMN_OBJECT} or UNINITIALIZED
                      [2].start ∈ {5} or UNINITIALIZED
                      [2].end ∈ {7} or UNINITIALIZED
                      [2].size ∈ {0} or UNINITIALIZED
                      [3].type ∈ {JSMN_STRING} or UNINITIALIZED
                      [3].start ∈ {10} or UNINITIALIZED
                      [3].end ∈ {11} or UNINITIALIZED
                      [3].size ∈ {0} or UNINITIALIZED
                      [4] ∈ UNINITIALIZED
  __malloc_parse_l76_5[0].type ∈ {JSMN_OBJECT}
                      [0].start ∈ {0}
                      [0].end ∈ {-1}
                      [0].size ∈ {0; 1; 2}
                      [1].type ∈ {JSMN_STRING}
                      [1].start ∈ {4}
                      [1].end ∈ {7}
                      [1].size ∈ {0; 1}
                      [2].type ∈ {JSMN_PRIMITIVE} or UNINITIALIZED
                      [2].start ∈ {10} or UNINITIALIZED
                      [2].end ∈ {12} or UNINITIALIZED
                      [2].size ∈ {0} or UNINITIALIZED
                      [3].type ∈ {JSMN_STRING} or UNINITIALIZED
                      [3].start ∈ {17} or UNINITIALIZED
                      [3].end ∈ {22} or UNINITIALIZED
                      [3].size ∈ {0; 1} or UNINITIALIZED
                      [4].type ∈ {JSMN_PRIMITIVE} or UNINITIALIZED
                      [4].start ∈ {25} or UNINITIALIZED
                      [4].end ∈ {26} or UNINITIALIZED
                      [4].size ∈ {0} or UNINITIALIZED
                      [5].type ∈ {JSMN_STRING} or UNINITIALIZED
                      [5].start ∈ {31} or UNINITIALIZED
                      [5].end ∈ {35} or UNINITIALIZED
                      [5].size ∈ {0} or UNINITIALIZED
                      [6] ∈ UNINITIALIZED
  __malloc_parse_l76_6[0].type ∈ {JSMN_OBJECT}
                      [0].start ∈ {0}
                      [0].end ∈ {-1}
                      [0].size ∈ {0; 1; 2}
                      [1].type ∈ {JSMN_STRING}
                      [1].start ∈ {2}
                      [1].end ∈ {3}
                      [1].size ∈ {0; 1}
                      [2].type ∈ {JSMN_PRIMITIVE} or UNINITIALIZED
                      [2].start ∈ {6} or UNINITIALIZED
                      [2].end ∈ {7} or UNINITIALIZED
                      [2].size ∈ {0} or UNINITIALIZED
                      [3].type ∈ {JSMN_STRING} or UNINITIALIZED
                      [3].start ∈ {10} or UNINITIALIZED
                      [3].end ∈ {11} or UNINITIALIZED
                      [3].size ∈ {0} or UNINITIALIZED
                      [4].type ∈ {JSMN_STRING} or UNINITIALIZED
                      [4].start ∈ {15} or UNINITIALIZED
                      [4].end ∈ {16} or UNINITIALIZED
                      [4].size ∈ {0} or UNINITIALIZED
  __malloc_parse_l76_8[0].type ∈ {JSMN_OBJECT}
                      [0].start ∈ {0}
                      [0].end ∈ {-1}
                      [0].size ∈ {0}
                      [1].type ∈ {JSMN_STRING}
                      [1].start ∈ {2}
                      [1].end ∈ {3}
                      [1].size ∈ {0}
                      [2] ∈ UNINITIALIZED
  __malloc_parse_l76_9[0].type ∈ {JSMN_OBJECT}
                      [0].start ∈ {0}
                      [0].end ∈ {-1}
                      [0].size ∈ {0}
                      [1].type ∈ {JSMN_STRING}
                      [1].start ∈ {2}
                      [1].end ∈ {9}
                      [1].size ∈ {0}
                      [2] ∈ UNINITIALIZED
  __malloc_parse_l76_10[0].type ∈ {JSMN_OBJECT}
                       [0].start ∈ {0}
                       [0].end ∈ {-1}
                       [0].size ∈ {0}
                       [1].type ∈ {JSMN_STRING}
                       [1].start ∈ {2}
                       [1].end ∈ {9}
                       [1].size ∈ {0}
                       [2] ∈ UNINITIALIZED
  __malloc_parse_l76_11[0].type ∈ {JSMN_OBJECT}
                       [0].start ∈ {0}
                       [0].end ∈ {-1}
                       [0].size ∈ {0}
                       [1].type ∈ {JSMN_STRING}
                       [1].start ∈ {2}
                       [1].end ∈ {9}
                       [1].size ∈ {0}
                       [2] ∈ UNINITIALIZED
  __malloc_parse_l76_12[0].type ∈ {JSMN_OBJECT}
                       [0].start ∈ {0}
                       [0].end ∈ {-1}
                       [0].size ∈ {0}
                       [1].type ∈ {JSMN_STRING}
                       [1].start ∈ {2}
                       [1].end ∈ {8}
                       [1].size ∈ {0}
                       [2] ∈ UNINITIALIZED
  __malloc_parse_l76_13[0].type ∈ {JSMN_OBJECT}
                       [0].start ∈ {0}
                       [0].end ∈ {-1}
                       [0].size ∈ {0}
                       [1].type ∈ {JSMN_STRING}
                       [1].start ∈ {2}
                       [1].end ∈ {10}
                       [1].size ∈ {0}
                       [2] ∈ UNINITIALIZED
  __malloc_parse_l76_14[0].type ∈ {JSMN_OBJECT}
                       [0].start ∈ {0}
                       [0].end ∈ {-1}
                       [0].size ∈ {0; 1}
                       [1].type ∈ {JSMN_STRING}
                       [1].start ∈ {2}
                       [1].end ∈ {8}
                       [1].size ∈ {0}
                       [2].type ∈ {JSMN_STRING} or UNINITIALIZED
                       [2].start ∈ {13} or UNINITIALIZED
                       [2].end ∈ {24} or UNINITIALIZED
                       [2].size ∈ {0} or UNINITIALIZED
  __malloc_parse_l76_15[0].type ∈ {JSMN_OBJECT}
                       [0].start ∈ {0}
                       [0].end ∈ {-1}
                       [0].size ∈ {0; 1}
                       [1].type ∈ {JSMN_STRING}
                       [1].start ∈ {2}
                       [1].end ∈ {8}
                       [1].size ∈ {0}
                       [2].type ∈ {JSMN_STRING} or UNINITIALIZED
                       [2].start ∈ {13} or UNINITIALIZED
                       [2].end ∈ {38} or UNINITIALIZED
                       [2].size ∈ {0} or UNINITIALIZED
  __malloc_parse_l76_16[0].type ∈ {JSMN_OBJECT}
                       [0].start ∈ {0}
                       [0].end ∈ {-1}
                       [0].size ∈ {0; 1}
                       [1].type ∈ {JSMN_STRING}
                       [1].start ∈ {2}
                       [1].end ∈ {8}
                       [1].size ∈ {0}
                       [2].type ∈ {JSMN_STRING} or UNINITIALIZED
                       [2]{.start; .end} ∈ {12} or UNINITIALIZED
                       [2].size ∈ {0} or UNINITIALIZED
  __malloc_parse_l76_17[0].type ∈ {JSMN_OBJECT}
                       [0].start ∈ {0}
                       [0].end ∈ {-1}
                       [0].size ∈ {0; 1}
                       [1].type ∈ {JSMN_STRING}
                       [1].start ∈ {2}
                       [1].end ∈ {3}
                       [1].size ∈ {0}
                       [2].type ∈ {JSMN_STRING} or UNINITIALIZED
                       [2].start ∈ {6} or UNINITIALIZED
                       [2].end ∈ {12} or UNINITIALIZED
                       [2].size ∈ {0} or UNINITIALIZED
  __malloc_parse_l76_18[0].type ∈ {JSMN_OBJECT}
                       [0].start ∈ {0}
                       [0].end ∈ {-1}
                       [0].size ∈ {0; 1}
                       [1].type ∈ {JSMN_STRING}
                       [1].start ∈ {2}
                       [1].end ∈ {3}
                       [1].size ∈ {0}
                       [2].type ∈ {JSMN_STRING} or UNINITIALIZED
                       [2].start ∈ {6} or UNINITIALIZED
                       [2].end ∈ {15} or UNINITIALIZED
                       [2].size ∈ {0} or UNINITIALIZED
  __malloc_parse_l76_19[0].type ∈ {JSMN_OBJECT}
                       [0].start ∈ {0}
                       [0].end ∈ {-1}
                       [0].size ∈ {0; 1}
                       [1].type ∈ {JSMN_STRING}
                       [1].start ∈ {2}
                       [1].end ∈ {3}
                       [1].size ∈ {0}
                       [2].type ∈ {JSMN_STRING} or UNINITIALIZED
                       [2].start ∈ {6} or UNINITIALIZED
                       [2].end ∈ {15} or UNINITIALIZED
                       [2].size ∈ {0} or UNINITIALIZED
  __malloc_parse_l76_20[0].type ∈ {JSMN_OBJECT}
                       [0].start ∈ {0}
                       [0].end ∈ {-1}
                       [0].size ∈ {0; 1}
                       [1].type ∈ {JSMN_STRING}
                       [1].start ∈ {2}
                       [1].end ∈ {3}
                       [1].size ∈ {0; 1}
                       [2].type ∈ {JSMN_ARRAY} or UNINITIALIZED
                       [2].start ∈ {5} or UNINITIALIZED
                       [2].end ∈ {-1} or UNINITIALIZED
                       [2].size ∈ {0} or UNINITIALIZED
                       [3].type ∈ {JSMN_STRING} or UNINITIALIZED
                       [3].start ∈ {7} or UNINITIALIZED
                       [3].end ∈ {13} or UNINITIALIZED
                       [3].size ∈ {0} or UNINITIALIZED
  __malloc_parse_l76_21[0].type ∈ {JSMN_OBJECT}
                       [0].start ∈ {0}
                       [0].end ∈ {-1}
                       [0].size ∈ {0; 1}
                       [1].type ∈ {JSMN_STRING}
                       [1].start ∈ {2}
                       [1].end ∈ {3}
                       [1].size ∈ {0}
                       [2] ∈ UNINITIALIZED
  __malloc_parse_l76_22[0].type ∈ {JSMN_OBJECT}
                       [0].start ∈ {0}
                       [0].end ∈ {-1}
                       [0].size ∈ {0; 1}
                       [1].type ∈ {JSMN_STRING}
                       [1].start ∈ {2}
                       [1].end ∈ {3}
                       [1].size ∈ {0}
                       [2] ∈ UNINITIALIZED
  __malloc_parse_l76_23[0].type ∈ {JSMN_OBJECT}
                       [0].start ∈ {0}
                       [0].end ∈ {-1}
                       {[0].size; [1]{.type; .start}} ∈ {1}
                       [1].end ∈ {-1}
                       [1].size ∈ {0; 1}
                       [2]{.type; .start} ∈ {3}
                       [2].end ∈ {4}
                       [2].size ∈ {0; 1}
                       [3].type ∈ {JSMN_ARRAY} or UNINITIALIZED
                       [3].start ∈ {6} or UNINITIALIZED
                       [3].end ∈ {-1} or UNINITIALIZED
                       [3].size ∈ {0} or UNINITIALIZED
  __malloc_parse_l76_24[0].type ∈ {JSMN_OBJECT}
                       [0].start ∈ {0}
                       [0].end ∈ {-1; 31}
                       [0].size ∈ {0; 1; 2}
                       [1]{.type; .start} ∈ {3}
                       [1].end ∈ {7}
                       [1].size ∈ {0; 1}
                       [2].type ∈ {JSMN_STRING} or UNINITIALIZED
                       [2].start ∈ {12} or UNINITIALIZED
                       [2].end ∈ {16} or UNINITIALIZED
                       [2].size ∈ {0} or UNINITIALIZED
                       [3].type ∈ {JSMN_STRING} or UNINITIALIZED
                       [3].start ∈ {20} or UNINITIALIZED
                       [3].end ∈ {23} or UNINITIALIZED
                       [3].size ∈ {0; 1} or UNINITIALIZED
                       [4].type ∈ {JSMN_PRIMITIVE} or UNINITIALIZED
                       [4].start ∈ {27} or UNINITIALIZED
                       [4].end ∈ {29} or UNINITIALIZED
                       [4].size ∈ {0} or UNINITIALIZED
                       [5].type ∈ {JSMN_OBJECT} or UNINITIALIZED
                       [5].start ∈ {32} or UNINITIALIZED
                       [5].end ∈ {-1} or UNINITIALIZED
                       [5].size ∈ {0; 1} or UNINITIALIZED
                       [6].type ∈ {JSMN_STRING} or UNINITIALIZED
                       [6].start ∈ {35} or UNINITIALIZED
                       [6].end ∈ {39} or UNINITIALIZED
                       [6].size ∈ {0} or UNINITIALIZED
                       [7].type ∈ {JSMN_STRING} or UNINITIALIZED
                       [7].start ∈ {44} or UNINITIALIZED
                       [7].end ∈ {48} or UNINITIALIZED
                       [7].size ∈ {0} or UNINITIALIZED
  __malloc_parse_l76_27[0].type ∈ {JSMN_STRING}
                       [0].start ∈ {1}
                       [0].end ∈ {7}
                       [0].size ∈ {0}
                       [1] ∈ UNINITIALIZED
  __malloc_parse_l76_28[0].type ∈ {JSMN_STRING}
                       [0].start ∈ {1}
                       [0].end ∈ {6}
                       [0].size ∈ {0}
                       [1] ∈ UNINITIALIZED
  __malloc_parse_l76_29[0].type ∈ {JSMN_OBJECT}
                       [0].start ∈ {0}
                       [0].end ∈ {-1}
                       [0].size ∈ {0}
                       [1].type ∈ {JSMN_STRING}
                       [1].start ∈ {2}
                       [1].end ∈ {7}
                       [1].size ∈ {0}
                       [2] ∈ UNINITIALIZED
  __malloc_parse_l76_30[0].type ∈ {JSMN_OBJECT}
                       [0].start ∈ {0}
                       [0].end ∈ {-1}
                       [0].size ∈ {0}
                       [1].type ∈ {JSMN_STRING}
                       [1].start ∈ {2}
                       [1].end ∈ {7}
                       [1].size ∈ {0}
                       [2] ∈ UNINITIALIZED
  __malloc_parse_l76_31[0].type ∈ {JSMN_STRING}
                       [0].start ∈ {1}
                       [0].end ∈ {6}
                       [0].size ∈ {0}
                       [1..2] ∈ UNINITIALIZED
  __malloc_parse_l76_32[0].type ∈ {JSMN_OBJECT}
                       [0].start ∈ {0}
                       [0].end ∈ {-1}
                       [0].size ∈ {0}
                       [1].type ∈ {JSMN_STRING}
                       [1].start ∈ {2}
                       [1].end ∈ {8}
                       [1].size ∈ {0}
                       [2] ∈ UNINITIALIZED
  __malloc_parse_l76_33[0].type ∈ {JSMN_OBJECT}
                       [0].start ∈ {0}
                       [0].end ∈ {-1}
                       {[0].size; [1]{.type; .start}} ∈ {1}
                       [1].end ∈ {-1}
                       [1].size ∈ {0}
                       [2]{.type; .start} ∈ {3}
                       [2].end ∈ {8}
                       [2].size ∈ {0}
                       [3] ∈ UNINITIALIZED
[eva:final-states] Values at end of function jsmn_parse:
  r ∈ {-3; -2; -1; 0} or UNINITIALIZED
  i ∈ {-1; 0; 5} or UNINITIALIZED
  token ∈
       {{ NULL ; &tok[0] ; &toksmall{[0], [3]} ; &toklarge[0] ; &tokens[0] ;
          &tokens[0] ; &__malloc_parse_l76 ; &__malloc_parse_l76_0 ;
          &__malloc_parse_l76_1[0] ; &__malloc_parse_l76_2[0] ;
          &__malloc_parse_l76_3[0] ; &__malloc_parse_l76_4[0] ;
          &__malloc_parse_l76_5[0] ; &__malloc_parse_l76_6[0] ;
          &__malloc_parse_l76_7[0] ; &__malloc_parse_l76_8[0] ;
          &__malloc_parse_l76_9[0] ; &__malloc_parse_l76_10[0] ;
          &__malloc_parse_l76_11[0] ; &__malloc_parse_l76_12[0] ;
          &__malloc_parse_l76_13[0] ; &__malloc_parse_l76_14[0] ;
          &__malloc_parse_l76_15[0] ; &__malloc_parse_l76_16[0] ;
          &__malloc_parse_l76_17[0] ; &__malloc_parse_l76_18[0] ;
          &__malloc_parse_l76_19[0] ; &__malloc_parse_l76_20[0] ;
          &__malloc_parse_l76_21[0] ; &__malloc_parse_l76_22[0] ;
          &__malloc_parse_l76_23[3] ; &__malloc_parse_l76_24[5] ;
          &__malloc_parse_l76_28[0] ; &__malloc_parse_l76_29[0] ;
          &__malloc_parse_l76_30[0] ; &__malloc_parse_l76_31[0] ;
          &__malloc_parse_l76_32[0] ; &__malloc_parse_l76_33[0] }} or UNINITIALIZED
  count ∈ {1; 2; 3; 4; 5; 6; 7; 8; 61}
  p.pos ∈ {2; 4; 5; 7; 8; 11} ∪ [13..21] ∪ {26; 30; 40; 43; 51}
   .toknext ∈ {0; 1; 2; 3; 4; 5; 6; 7; 8}
   .toksuper ∈ {-1; 0; 1; 3; 4; 5}
  p.pos ∈ {1; 4; 5; 6; 14; 15; 16; 19; 20; 21; 30; 31}
   .toknext ∈ {1; 2; 3; 4; 5}
   .toksuper ∈ {-1; 0; 1; 3}
  tok[0].type ∈ {JSMN_OBJECT}
     [0].start ∈ {0}
     [0].end ∈ {-1; 31}
     [0].size ∈ {0; 1; 2}
     [1].type ∈ {JSMN_STRING} or UNINITIALIZED
     [1].start ∈ {2} or UNINITIALIZED
     [1].end ∈ {3} or UNINITIALIZED
     [1].size ∈ {0; 1} or UNINITIALIZED
     [2].type ∈ {JSMN_STRING} or UNINITIALIZED
     [2].start ∈ {7} or UNINITIALIZED
     [2].end ∈ {13} or UNINITIALIZED
     [2].size ∈ {0} or UNINITIALIZED
     [3].type ∈ {JSMN_STRING} or UNINITIALIZED
     [3].start ∈ {17} or UNINITIALIZED
     [3].end ∈ {18} or UNINITIALIZED
     [3].size ∈ {0; 1} or UNINITIALIZED
     [4].type ∈ {JSMN_STRING} or UNINITIALIZED
     [4].start ∈ {22} or UNINITIALIZED
     [4].end ∈ {29} or UNINITIALIZED
     [4].size ∈ {0} or UNINITIALIZED
  p.pos ∈ {2; 4; 7; 13; 14; 19; 28}
   .toknext ∈ {0; 1; 2; 3; 4; 5; 6}
   .toksuper ∈ {-1; 0; 3}
  toksmall[0]{.type; .start} ∈ {0; 2}
          [0].end ∈ {-1; 0}
          [0].size ∈ {0; 1; 2; 3}
          [1]{.type; .start} ∈ {0; 4}
          [1].end ∈ {0; 5}
          [1].size ∈ {0}
          [2].type ∈ {JSMN_UNDEFINED; JSMN_PRIMITIVE}
          [2].start ∈ {0; 7}
          [2].end ∈ {0; 11}
          [2].size ∈ {0}
          [3].type ∈ {JSMN_UNDEFINED; JSMN_ARRAY}
          [3].start ∈ {0; 13}
          [3].end ∈ {-1; 0}
          [3].size ∈ {0; 1}
          [4].type ∈ {JSMN_UNDEFINED; JSMN_PRIMITIVE}
          [4].start ∈ {0; 14}
          [4].end ∈ {0; 17}
          {[4].size; [5..9]} ∈ {0}
  toklarge[0]{.type; .start} ∈ {0; 2}
          [0].end ∈ {0; 28}
          [0].size ∈ {0; 3}
          [1]{.type; .start} ∈ {0; 4}
          [1].end ∈ {0; 5}
          [1].size ∈ {0}
          [2].type ∈ {JSMN_UNDEFINED; JSMN_PRIMITIVE}
          [2].start ∈ {0; 7}
          [2].end ∈ {0; 11}
          [2].size ∈ {0}
          [3].type ∈ {JSMN_UNDEFINED; JSMN_ARRAY}
          [3].start ∈ {0; 13}
          [3].end ∈ {0; 27}
          [3].size ∈ {0; 2}
          [4].type ∈ {JSMN_UNDEFINED; JSMN_PRIMITIVE}
          [4].start ∈ {0; 14}
          [4].end ∈ {0; 17}
          [4].size ∈ {0}
          [5].type ∈ {JSMN_UNDEFINED; JSMN_STRING}
          [5].start ∈ {0; 20}
          [5].end ∈ {0; 25}
          {[5].size; [6..9]} ∈ {0}
  p.pos ∈ {24}
   .toknext ∈ {4}
   .toksuper ∈ {2}
  tok[0].type ∈ {JSMN_PRIMITIVE}
     [0].start ∈ {0}
     [0].end ∈ {4}
     [0].size ∈ {2}
     [1].type ∈ {JSMN_STRING}
     [1].start ∈ {7}
     [1].end ∈ {12}
     [1].size ∈ {0}
     [2].type ∈ {JSMN_PRIMITIVE}
     [2].start ∈ {14}
     [2].end ∈ {18}
     [2].size ∈ {1}
     [3].type ∈ {JSMN_PRIMITIVE}
     [3].start ∈ {21}
     [3].end ∈ {24}
     [3].size ∈ {0}
     [4..9] ∈ UNINITIALIZED
  p.pos ∈ {458}
   .toknext ∈ {61}
   .toksuper ∈ {-1}
  tokens[0].type ∈ {JSMN_OBJECT}
        [0].start ∈ {0}
        [0].end ∈ {458}
        [0].size ∈ {9}
        [1]{.type; .start} ∈ {3}
        [1].end ∈ {9}
        [1].size ∈ {1}
        [2].type ∈ {JSMN_PRIMITIVE}
        [2].start ∈ {11}
        [2].end ∈ {13}
        [2].size ∈ {0}
        [3].type ∈ {JSMN_STRING}
        [3].start ∈ {16}
        [3].end ∈ {22}
        [3].size ∈ {1}
        [4].type ∈ {JSMN_ARRAY}
        [4].start ∈ {24}
        [4].end ∈ {159}
        {[4].size; [5].type} ∈ {1}
        [5].start ∈ {26}
        [5].end ∈ {158}
        [5].size ∈ {9}
        [6].type ∈ {JSMN_STRING}
        [6].start ∈ {29}
        [6].end ∈ {33}
        [6].size ∈ {1}
        [7].type ∈ {JSMN_ARRAY}
        [7].start ∈ {35}
        [7].end ∈ {41}
        [7].size ∈ {2}
        [8].type ∈ {JSMN_PRIMITIVE}
        [8].start ∈ {36}
        [8].end ∈ {37}
        [8].size ∈ {0}
        [9].type ∈ {JSMN_PRIMITIVE}
        [9].start ∈ {39}
        [9].end ∈ {40}
        [9].size ∈ {0}
        [10].type ∈ {JSMN_STRING}
        [10].start ∈ {44}
        [10].end ∈ {50}
        [10].size ∈ {1}
        [11].type ∈ {JSMN_PRIMITIVE}
        [11].start ∈ {52}
        [11].end ∈ {54}
        [11].size ∈ {0}
        [12].type ∈ {JSMN_STRING}
        [12].start ∈ {57}
        [12].end ∈ {61}
        [12].size ∈ {1}
        [13].type ∈ {JSMN_STRING}
        [13].start ∈ {64}
        [13].end ∈ {80}
        [13].size ∈ {0}
        [14].type ∈ {JSMN_STRING}
        [14].start ∈ {84}
        [14].end ∈ {91}
        [14].size ∈ {1}
        [15].type ∈ {JSMN_PRIMITIVE}
        [15].start ∈ {93}
        [15].end ∈ {94}
        [15].size ∈ {0}
        [16].type ∈ {JSMN_STRING}
        [16].start ∈ {97}
        [16].end ∈ {101}
        [16].size ∈ {1}
        [17].type ∈ {JSMN_STRING}
        [17].start ∈ {104}
        [17].end ∈ {113}
        [17].size ∈ {0}
        [18].type ∈ {JSMN_STRING}
        [18].start ∈ {117}
        [18].end ∈ {124}
        [18].size ∈ {1}
        [19].type ∈ {JSMN_PRIMITIVE}
        [19].start ∈ {126}
        [19].end ∈ {130}
        [19].size ∈ {0}
        [20].type ∈ {JSMN_STRING}
        [20].start ∈ {133}
        [20].end ∈ {138}
        [20].size ∈ {1}
        [21].type ∈ {JSMN_PRIMITIVE}
        [21].start ∈ {140}
        [21].end ∈ {142}
        [21].size ∈ {0}
        [22].type ∈ {JSMN_STRING}
        [22].start ∈ {145}
        [22].end ∈ {146}
        [22].size ∈ {1}
        [23].type ∈ {JSMN_PRIMITIVE}
        [23].start ∈ {148}
        [23].end ∈ {149}
        [23].size ∈ {0}
        [24].type ∈ {JSMN_STRING}
        [24].start ∈ {152}
        [24].end ∈ {153}
        [24].size ∈ {1}
        [25].type ∈ {JSMN_PRIMITIVE}
        [25].start ∈ {155}
        [25].end ∈ {156}
        [25].size ∈ {0}
        [26].type ∈ {JSMN_STRING}
        [26].start ∈ {162}
        [26].end ∈ {173}
        [26].size ∈ {1}
        [27].type ∈ {JSMN_STRING}
        [27].start ∈ {176}
        [27].end ∈ {186}
        [27].size ∈ {0}
        [28].type ∈ {JSMN_STRING}
        [28].start ∈ {190}
        [28].end ∈ {200}
        {[28].size; [29].type} ∈ {1}
        [29].start ∈ {203}
        [29].end ∈ {206}
        [29].size ∈ {0}
        [30].type ∈ {JSMN_STRING}
        [30].start ∈ {209}
        [30].end ∈ {219}
        [30].size ∈ {1}
        [31].type ∈ {JSMN_PRIMITIVE}
        [31].start ∈ {221}
        [31].end ∈ {223}
        [31].size ∈ {0}
        [32].type ∈ {JSMN_STRING}
        [32].start ∈ {226}
        [32].end ∈ {234}
        [32].size ∈ {1}
        [33].type ∈ {JSMN_ARRAY}
        [33].start ∈ {236}
        [33].end ∈ {415}
        {[33].size; [34].type} ∈ {1}
        [34].start ∈ {238}
        [34].end ∈ {414}
        [34].size ∈ {10}
        [35].type ∈ {JSMN_STRING}
        [35].start ∈ {241}
        [35].end ∈ {249}
        [35].size ∈ {1}
        [36].type ∈ {JSMN_PRIMITIVE}
        [36].start ∈ {251}
        [36].end ∈ {252}
        [36].size ∈ {0}
        [37].type ∈ {JSMN_STRING}
        [37].start ∈ {255}
        [37].end ∈ {260}
        [37].size ∈ {1}
        [38].type ∈ {JSMN_STRING}
        [38].start ∈ {263}
        [38].end ∈ {284}
        [38].size ∈ {0}
        [39].type ∈ {JSMN_STRING}
        [39].start ∈ {288}
        [39].end ∈ {299}
        [39].size ∈ {1}
        [40].type ∈ {JSMN_PRIMITIVE}
        [40].start ∈ {301}
        [40].end ∈ {303}
        [40].size ∈ {0}
        [41].type ∈ {JSMN_STRING}
        [41].start ∈ {306}
        [41].end ∈ {316}
        [41].size ∈ {1}
        [42].type ∈ {JSMN_PRIMITIVE}
        [42].start ∈ {318}
        [42].end ∈ {321}
        [42].size ∈ {0}
        [43].type ∈ {JSMN_STRING}
        [43].start ∈ {324}
        [43].end ∈ {330}
        [43].size ∈ {1}
        [44].type ∈ {JSMN_PRIMITIVE}
        [44].start ∈ {332}
        [44].end ∈ {333}
        [44].size ∈ {0}
        [45].type ∈ {JSMN_STRING}
        [45].start ∈ {336}
        [45].end ∈ {340}
        [45].size ∈ {1}
        [46].type ∈ {JSMN_STRING}
        [46].start ∈ {343}
        [46].end ∈ {348}
        [46].size ∈ {0}
        [47].type ∈ {JSMN_STRING}
        [47].start ∈ {352}
        [47].end ∈ {362}
        {[47].size; [48].type} ∈ {1}
        [48].start ∈ {364}
        [48].end ∈ {366}
        [48].size ∈ {0}
        [49].type ∈ {JSMN_STRING}
        [49].start ∈ {369}
        [49].end ∈ {376}
        [49].size ∈ {1}
        [50].type ∈ {JSMN_PRIMITIVE}
        [50].start ∈ {378}
        [50].end ∈ {379}
        [50].size ∈ {0}
        [51].type ∈ {JSMN_STRING}
        [51].start ∈ {382}
        [51].end ∈ {392}
        [51].size ∈ {1}
        [52].type ∈ {JSMN_PRIMITIVE}
        [52].start ∈ {394}
        [52].end ∈ {396}
        [52].size ∈ {0}
        [53].type ∈ {JSMN_STRING}
        [53].start ∈ {399}
        [53].end ∈ {408}
        [53].size ∈ {1}
        [54].type ∈ {JSMN_PRIMITIVE}
        [54].start ∈ {410}
        [54].end ∈ {412}
        [54].size ∈ {0}
        [55].type ∈ {JSMN_STRING}
        [55].start ∈ {418}
        [55].end ∈ {427}
        [55].size ∈ {1}
        [56].type ∈ {JSMN_PRIMITIVE}
        [56].start ∈ {429}
        [56].end ∈ {431}
        [56].size ∈ {0}
        [57].type ∈ {JSMN_STRING}
        [57].start ∈ {434}
        [57].end ∈ {441}
        [57].size ∈ {1}
        [58].type ∈ {JSMN_PRIMITIVE}
        [58].start ∈ {443}
        [58].end ∈ {444}
        [58].size ∈ {0}
        [59].type ∈ {JSMN_STRING}
        [59].start ∈ {447}
        [59].end ∈ {452}
        [59].size ∈ {1}
        [60].type ∈ {JSMN_PRIMITIVE}
        [60].start ∈ {454}
        [60].end ∈ {456}
        [60].size ∈ {0}
        [61..127] ∈ UNINITIALIZED
  p.pos ∈ {8}
   .toknext ∈ {3}
   .toksuper ∈ {-1}
  tokens[0].type ∈ {JSMN_OBJECT}
        [0].start ∈ {0}
        [0].end ∈ {8}
        [0].size ∈ {1}
        [1].type ∈ {JSMN_STRING}
        [1].start ∈ {2}
        [1].end ∈ {3}
        [1].size ∈ {1}
        [2].type ∈ {JSMN_PRIMITIVE}
        [2].start ∈ {6}
        [2].end ∈ {7}
        [2].size ∈ {0}
        [3..9] ∈ UNINITIALIZED
  p.pos ∈ {2; 4; 8; 9; 15; 20; 22}
   .toknext ∈ {0}
   .toksuper ∈ {-1}
  __retres ∈ {-3; -2; -1} ∪ [1..8] ∪ {61}
  __malloc_parse_l76.type ∈ {JSMN_OBJECT}
                    .start ∈ {0}
                    .end ∈ {2}
                    .size ∈ {0}
  __malloc_parse_l76_0.type ∈ {JSMN_ARRAY}
                      .start ∈ {0}
                      .end ∈ {2}
                      .size ∈ {0}
  __malloc_parse_l76_1[0].type ∈ {JSMN_ARRAY}
                      [0].start ∈ {0}
                      [0].end ∈ {7}
                      [0].size ∈ {2}
                      [1]{.type; .start} ∈ {1}
                      [1].end ∈ {3}
                      [1].size ∈ {0}
                      [2].type ∈ {JSMN_OBJECT}
                      [2].start ∈ {4}
                      [2].end ∈ {6}
                      [2].size ∈ {0}
  __malloc_parse_l76_2[0].type ∈ {JSMN_OBJECT}
                      [0].start ∈ {0}
                      [0].end ∈ {7}
                      [0].size ∈ {1}
                      [1].type ∈ {JSMN_STRING}
                      [1].start ∈ {2}
                      [1].end ∈ {3}
                      [1].size ∈ {1}
                      [2].type ∈ {JSMN_PRIMITIVE}
                      [2].start ∈ {5}
                      [2].end ∈ {6}
                      [2].size ∈ {0}
  __malloc_parse_l76_3[0].type ∈ {JSMN_OBJECT}
                      [0].start ∈ {0}
                      [0].end ∈ {8}
                      [0].size ∈ {1}
                      [1].type ∈ {JSMN_STRING}
                      [1].start ∈ {2}
                      [1].end ∈ {3}
                      [1].size ∈ {1}
                      [2].type ∈ {JSMN_ARRAY}
                      [2].start ∈ {5}
                      [2].end ∈ {7}
                      [2].size ∈ {0}
  __malloc_parse_l76_4[0].type ∈ {JSMN_OBJECT}
                      [0].start ∈ {0}
                      [0].end ∈ {16}
                      [0].size ∈ {2}
                      [1].type ∈ {JSMN_STRING}
                      [1].start ∈ {2}
                      [1].end ∈ {3}
                      {[1].size; [2].type} ∈ {1}
                      [2].start ∈ {5}
                      [2].end ∈ {7}
                      [2].size ∈ {0}
                      [3].type ∈ {JSMN_STRING}
                      [3].start ∈ {10}
                      [3].end ∈ {11}
                      {[3].size; [4].type} ∈ {1}
                      [4].start ∈ {13}
                      [4].end ∈ {15}
                      [4].size ∈ {0}
  __malloc_parse_l76_5[0].type ∈ {JSMN_OBJECT}
                      [0].start ∈ {0}
                      [0].end ∈ {43}
                      {[0].size; [1].type} ∈ {3}
                      [1].start ∈ {4}
                      [1].end ∈ {7}
                      [1].size ∈ {1}
                      [2].type ∈ {JSMN_PRIMITIVE}
                      [2].start ∈ {10}
                      [2].end ∈ {12}
                      [2].size ∈ {0}
                      [3].type ∈ {JSMN_STRING}
                      [3].start ∈ {17}
                      [3].end ∈ {22}
                      [3].size ∈ {1}
                      [4].type ∈ {JSMN_PRIMITIVE}
                      [4].start ∈ {25}
                      [4].end ∈ {26}
                      [4].size ∈ {0}
                      [5].type ∈ {JSMN_STRING}
                      [5].start ∈ {31}
                      [5].end ∈ {35}
                      [5].size ∈ {1}
                      [6].type ∈ {JSMN_PRIMITIVE}
                      [6].start ∈ {38}
                      [6].end ∈ {40}
                      [6].size ∈ {0}
  __malloc_parse_l76_6[0].type ∈ {JSMN_OBJECT}
                      [0].start ∈ {0}
                      [0].end ∈ {18}
                      [0].size ∈ {2}
                      [1].type ∈ {JSMN_STRING}
                      [1].start ∈ {2}
                      [1].end ∈ {3}
                      [1].size ∈ {1}
                      [2].type ∈ {JSMN_PRIMITIVE}
                      [2].start ∈ {6}
                      [2].end ∈ {7}
                      [2].size ∈ {0}
                      [3].type ∈ {JSMN_STRING}
                      [3].start ∈ {10}
                      [3].end ∈ {11}
                      [3].size ∈ {1}
                      [4].type ∈ {JSMN_STRING}
                      [4].start ∈ {15}
                      [4].end ∈ {16}
                      [4].size ∈ {0}
  __malloc_parse_l76_7[0].type ∈ {JSMN_ARRAY}
                      [0].start ∈ {0}
                      [0].end ∈ {4}
                      [0].size ∈ {1}
                      [1].type ∈ {JSMN_PRIMITIVE}
                      [1].start ∈ {1}
                      [1].end ∈ {3}
                      [1].size ∈ {0}
  __malloc_parse_l76_8[0].type ∈ {JSMN_OBJECT}
                      [0].start ∈ {0}
                      [0].end ∈ {-1}
                      [0].size ∈ {1}
                      [1].type ∈ {JSMN_STRING}
                      [1].start ∈ {2}
                      [1].end ∈ {3}
                      [1].size ∈ {1}
                      [2].type ∈ {JSMN_PRIMITIVE}
                      [2].start ∈ {6}
                      [2].end ∈ {7}
                      [2].size ∈ {0}
  __malloc_parse_l76_9[0].type ∈ {JSMN_OBJECT}
                      [0].start ∈ {0}
                      [0].end ∈ {19}
                      [0].size ∈ {1}
                      [1].type ∈ {JSMN_STRING}
                      [1].start ∈ {2}
                      [1].end ∈ {9}
                      [1].size ∈ {1}
                      [2].type ∈ {JSMN_PRIMITIVE}
                      [2].start ∈ {13}
                      [2].end ∈ {17}
                      [2].size ∈ {0}
  __malloc_parse_l76_10[0].type ∈ {JSMN_OBJECT}
                       [0].start ∈ {0}
                       [0].end ∈ {20}
                       [0].size ∈ {1}
                       [1].type ∈ {JSMN_STRING}
                       [1].start ∈ {2}
                       [1].end ∈ {9}
                       [1].size ∈ {1}
                       [2].type ∈ {JSMN_PRIMITIVE}
                       [2].start ∈ {13}
                       [2].end ∈ {18}
                       [2].size ∈ {0}
  __malloc_parse_l76_11[0].type ∈ {JSMN_OBJECT}
                       [0].start ∈ {0}
                       [0].end ∈ {19}
                       [0].size ∈ {1}
                       [1].type ∈ {JSMN_STRING}
                       [1].start ∈ {2}
                       [1].end ∈ {9}
                       [1].size ∈ {1}
                       [2].type ∈ {JSMN_PRIMITIVE}
                       [2].start ∈ {13}
                       [2].end ∈ {17}
                       [2].size ∈ {0}
  __malloc_parse_l76_12[0].type ∈ {JSMN_OBJECT}
                       [0].start ∈ {0}
                       [0].end ∈ {15}
                       [0].size ∈ {1}
                       [1].type ∈ {JSMN_STRING}
                       [1].start ∈ {2}
                       [1].end ∈ {8}
                       [1].size ∈ {1}
                       [2].type ∈ {JSMN_PRIMITIVE}
                       [2].start ∈ {12}
                       [2].end ∈ {14}
                       [2].size ∈ {0}
  __malloc_parse_l76_13[0].type ∈ {JSMN_OBJECT}
                       [0].start ∈ {0}
                       [0].end ∈ {21}
                       [0].size ∈ {1}
                       [1].type ∈ {JSMN_STRING}
                       [1].start ∈ {2}
                       [1].end ∈ {10}
                       [1].size ∈ {1}
                       [2].type ∈ {JSMN_PRIMITIVE}
                       [2].start ∈ {14}
                       [2].end ∈ {20}
                       [2].size ∈ {0}
  __malloc_parse_l76_14[0].type ∈ {JSMN_OBJECT}
                       [0].start ∈ {0}
                       [0].end ∈ {26}
                       [0].size ∈ {1}
                       [1].type ∈ {JSMN_STRING}
                       [1].start ∈ {2}
                       [1].end ∈ {8}
                       [1].size ∈ {1}
                       [2].type ∈ {JSMN_STRING}
                       [2].start ∈ {13}
                       [2].end ∈ {24}
                       [2].size ∈ {0}
  __malloc_parse_l76_15[0].type ∈ {JSMN_OBJECT}
                       [0].start ∈ {0}
                       [0].end ∈ {40}
                       [0].size ∈ {1}
                       [1].type ∈ {JSMN_STRING}
                       [1].start ∈ {2}
                       [1].end ∈ {8}
                       [1].size ∈ {1}
                       [2].type ∈ {JSMN_STRING}
                       [2].start ∈ {13}
                       [2].end ∈ {38}
                       [2].size ∈ {0}
  __malloc_parse_l76_16[0].type ∈ {JSMN_OBJECT}
                       [0].start ∈ {0}
                       [0].end ∈ {14}
                       [0].size ∈ {1}
                       [1].type ∈ {JSMN_STRING}
                       [1].start ∈ {2}
                       [1].end ∈ {8}
                       [1].size ∈ {1}
                       [2].type ∈ {JSMN_STRING}
                       [2]{.start; .end} ∈ {12}
                       [2].size ∈ {0}
  __malloc_parse_l76_17[0].type ∈ {JSMN_OBJECT}
                       [0].start ∈ {0}
                       [0].end ∈ {14}
                       [0].size ∈ {1}
                       [1].type ∈ {JSMN_STRING}
                       [1].start ∈ {2}
                       [1].end ∈ {3}
                       [1].size ∈ {1}
                       [2].type ∈ {JSMN_STRING}
                       [2].start ∈ {6}
                       [2].end ∈ {12}
                       [2].size ∈ {0}
  __malloc_parse_l76_18[0].type ∈ {JSMN_OBJECT}
                       [0].start ∈ {0}
                       [0].end ∈ {17}
                       [0].size ∈ {1}
                       [1].type ∈ {JSMN_STRING}
                       [1].start ∈ {2}
                       [1].end ∈ {3}
                       [1].size ∈ {1}
                       [2].type ∈ {JSMN_STRING}
                       [2].start ∈ {6}
                       [2].end ∈ {15}
                       [2].size ∈ {0}
  __malloc_parse_l76_19[0].type ∈ {JSMN_OBJECT}
                       [0].start ∈ {0}
                       [0].end ∈ {17}
                       [0].size ∈ {1}
                       [1].type ∈ {JSMN_STRING}
                       [1].start ∈ {2}
                       [1].end ∈ {3}
                       [1].size ∈ {1}
                       [2].type ∈ {JSMN_STRING}
                       [2].start ∈ {6}
                       [2].end ∈ {15}
                       [2].size ∈ {0}
  __malloc_parse_l76_20[0].type ∈ {JSMN_OBJECT}
                       [0].start ∈ {0}
                       [0].end ∈ {16}
                       [0].size ∈ {1}
                       [1].type ∈ {JSMN_STRING}
                       [1].start ∈ {2}
                       [1].end ∈ {3}
                       [1].size ∈ {1}
                       [2].type ∈ {JSMN_ARRAY}
                       [2].start ∈ {5}
                       [2].end ∈ {15}
                       [2].size ∈ {1}
                       [3].type ∈ {JSMN_STRING}
                       [3].start ∈ {7}
                       [3].end ∈ {13}
                       [3].size ∈ {0}
  __malloc_parse_l76_21[0].type ∈ {JSMN_OBJECT}
                       [0].start ∈ {0}
                       [0].end ∈ {-1}
                       [0].size ∈ {1}
                       [1].type ∈ {JSMN_STRING}
                       [1].start ∈ {2}
                       [1].end ∈ {3}
                       [1].size ∈ {0}
                       [2] ∈ UNINITIALIZED
  __malloc_parse_l76_22[0].type ∈ {JSMN_OBJECT}
                       [0].start ∈ {0}
                       [0].end ∈ {-1}
                       [0].size ∈ {1}
                       [1].type ∈ {JSMN_STRING}
                       [1].start ∈ {2}
                       [1].end ∈ {3}
                       [1].size ∈ {0}
                       [2] ∈ UNINITIALIZED
  __malloc_parse_l76_23[0].type ∈ {JSMN_OBJECT}
                       [0].start ∈ {0}
                       [0].end ∈ {-1}
                       {[0].size; [1]{.type; .start}} ∈ {1}
                       [1].end ∈ {-1}
                       [1].size ∈ {1}
                       [2]{.type; .start} ∈ {3}
                       [2].end ∈ {4}
                       [2].size ∈ {1}
                       [3].type ∈ {JSMN_ARRAY}
                       [3].start ∈ {6}
                       [3].end ∈ {-1}
                       [3].size ∈ {0}
  __malloc_parse_l76_24[0].type ∈ {JSMN_OBJECT}
                       [0].start ∈ {0}
                       [0].end ∈ {31}
                       [0].size ∈ {2}
                       [1]{.type; .start} ∈ {3}
                       [1].end ∈ {7}
                       [1].size ∈ {1}
                       [2].type ∈ {JSMN_STRING}
                       [2].start ∈ {12}
                       [2].end ∈ {16}
                       [2].size ∈ {0}
                       [3].type ∈ {JSMN_STRING}
                       [3].start ∈ {20}
                       [3].end ∈ {23}
                       [3].size ∈ {1}
                       [4].type ∈ {JSMN_PRIMITIVE}
                       [4].start ∈ {27}
                       [4].end ∈ {29}
                       [4].size ∈ {0}
                       [5].type ∈ {JSMN_OBJECT}
                       [5].start ∈ {32}
                       [5].end ∈ {-1}
                       [5].size ∈ {1}
                       [6].type ∈ {JSMN_STRING}
                       [6].start ∈ {35}
                       [6].end ∈ {39}
                       [6].size ∈ {1}
                       [7].type ∈ {JSMN_STRING}
                       [7].start ∈ {44}
                       [7].end ∈ {48}
                       [7].size ∈ {0}
  __malloc_parse_l76_25[0].type ∈ {JSMN_PRIMITIVE}
                       [0].start ∈ {0}
                       [0]{.end; .size} ∈ {1}
                       [1].type ∈ {JSMN_PRIMITIVE}
                       [1].start ∈ {3}
                       [1].end ∈ {11}
                       [1].size ∈ {0}
  __malloc_parse_l76_26[0].type ∈ {JSMN_PRIMITIVE}
                       [0].start ∈ {0}
                       [0].end ∈ {3}
                       [0].size ∈ {2}
                       [1].type ∈ {JSMN_PRIMITIVE}
                       [1].start ∈ {6}
                       [1].end ∈ {8}
                       [1].size ∈ {0}
                       [2].type ∈ {JSMN_PRIMITIVE}
                       [2].start ∈ {9}
                       [2].end ∈ {14}
                       [2].size ∈ {2}
                       [3].type ∈ {JSMN_PRIMITIVE}
                       [3].start ∈ {17}
                       [3].end ∈ {20}
                       [3].size ∈ {0}
                       [4].type ∈ {JSMN_PRIMITIVE}
                       [4].start ∈ {22}
                       [4].end ∈ {26}
                       [4].size ∈ {1}
                       [5].type ∈ {JSMN_PRIMITIVE}
                       [5].start ∈ {28}
                       [5].end ∈ {30}
                       [5].size ∈ {0}
  __malloc_parse_l76_27[0].type ∈ {JSMN_STRING}
                       [0].start ∈ {1}
                       [0].end ∈ {7}
                       [0].size ∈ {1}
                       [1].type ∈ {JSMN_PRIMITIVE}
                       [1].start ∈ {10}
                       [1].end ∈ {14}
                       [1].size ∈ {0}
  __malloc_parse_l76_28[0].type ∈ {JSMN_STRING}
                       [0].start ∈ {1}
                       [0].end ∈ {6}
                       [0].size ∈ {1}
                       [1].type ∈ {JSMN_PRIMITIVE}
                       [1].start ∈ {9}
                       [1].end ∈ {13}
                       [1].size ∈ {0}
  __malloc_parse_l76_29[0].type ∈ {JSMN_OBJECT}
                       [0].start ∈ {0}
                       [0].end ∈ {-1}
                       [0].size ∈ {1}
                       [1].type ∈ {JSMN_STRING}
                       [1].start ∈ {2}
                       [1].end ∈ {7}
                       [1].size ∈ {1}
                       [2].type ∈ {JSMN_PRIMITIVE}
                       [2].start ∈ {10}
                       [2].end ∈ {14}
                       [2].size ∈ {0}
  __malloc_parse_l76_30[0].type ∈ {JSMN_OBJECT}
                       [0].start ∈ {0}
                       [0].end ∈ {15}
                       [0].size ∈ {1}
                       [1].type ∈ {JSMN_STRING}
                       [1].start ∈ {2}
                       [1].end ∈ {7}
                       [1].size ∈ {1}
                       [2].type ∈ {JSMN_PRIMITIVE}
                       [2].start ∈ {10}
                       [2].end ∈ {14}
                       [2].size ∈ {0}
  __malloc_parse_l76_31[0].type ∈ {JSMN_STRING}
                       [0].start ∈ {1}
                       [0].end ∈ {6}
                       [0].size ∈ {0}
                       [1..2] ∈ UNINITIALIZED
  __malloc_parse_l76_32[0].type ∈ {JSMN_OBJECT}
                       [0].start ∈ {0}
                       [0].end ∈ {16}
                       [0].size ∈ {1}
                       [1].type ∈ {JSMN_STRING}
                       [1].start ∈ {2}
                       [1].end ∈ {8}
                       [1].size ∈ {1}
                       [2].type ∈ {JSMN_PRIMITIVE}
                       [2].start ∈ {11}
                       [2].end ∈ {15}
                       [2].size ∈ {0}
  __malloc_parse_l76_33[0].type ∈ {JSMN_OBJECT}
                       [0].start ∈ {0}
                       [0].end ∈ {-1}
                       {[0].size; [1]{.type; .start}} ∈ {1}
                       [1].end ∈ {16}
                       [1].size ∈ {1}
                       [2]{.type; .start} ∈ {3}
                       [2].end ∈ {8}
                       [2].size ∈ {1}
                       [3].type ∈ {JSMN_PRIMITIVE}
                       [3].start ∈ {11}
                       [3].end ∈ {15}
                       [3].size ∈ {0}
[eva:final-states] Values at end of function test_count:
  p.pos ∈ {22}
   .toknext ∈ {0}
   .toksuper ∈ {-1}
  js ∈ {{ "[1, 2, [3, \"a\"], null]" }}
  __retres ∈ {0}
[eva:final-states] Values at end of function test_issue_22:
  r ∈ {61}
  p.pos ∈ {458}
   .toknext ∈ {61}
   .toksuper ∈ {-1}
  tokens[0].type ∈ {JSMN_OBJECT}
        [0].start ∈ {0}
        [0].end ∈ {458}
        [0].size ∈ {9}
        [1]{.type; .start} ∈ {3}
        [1].end ∈ {9}
        [1].size ∈ {1}
        [2].type ∈ {JSMN_PRIMITIVE}
        [2].start ∈ {11}
        [2].end ∈ {13}
        [2].size ∈ {0}
        [3].type ∈ {JSMN_STRING}
        [3].start ∈ {16}
        [3].end ∈ {22}
        [3].size ∈ {1}
        [4].type ∈ {JSMN_ARRAY}
        [4].start ∈ {24}
        [4].end ∈ {159}
        {[4].size; [5].type} ∈ {1}
        [5].start ∈ {26}
        [5].end ∈ {158}
        [5].size ∈ {9}
        [6].type ∈ {JSMN_STRING}
        [6].start ∈ {29}
        [6].end ∈ {33}
        [6].size ∈ {1}
        [7].type ∈ {JSMN_ARRAY}
        [7].start ∈ {35}
        [7].end ∈ {41}
        [7].size ∈ {2}
        [8].type ∈ {JSMN_PRIMITIVE}
        [8].start ∈ {36}
        [8].end ∈ {37}
        [8].size ∈ {0}
        [9].type ∈ {JSMN_PRIMITIVE}
        [9].start ∈ {39}
        [9].end ∈ {40}
        [9].size ∈ {0}
        [10].type ∈ {JSMN_STRING}
        [10].start ∈ {44}
        [10].end ∈ {50}
        [10].size ∈ {1}
        [11].type ∈ {JSMN_PRIMITIVE}
        [11].start ∈ {52}
        [11].end ∈ {54}
        [11].size ∈ {0}
        [12].type ∈ {JSMN_STRING}
        [12].start ∈ {57}
        [12].end ∈ {61}
        [12].size ∈ {1}
        [13].type ∈ {JSMN_STRING}
        [13].start ∈ {64}
        [13].end ∈ {80}
        [13].size ∈ {0}
        [14].type ∈ {JSMN_STRING}
        [14].start ∈ {84}
        [14].end ∈ {91}
        [14].size ∈ {1}
        [15].type ∈ {JSMN_PRIMITIVE}
        [15].start ∈ {93}
        [15].end ∈ {94}
        [15].size ∈ {0}
        [16].type ∈ {JSMN_STRING}
        [16].start ∈ {97}
        [16].end ∈ {101}
        [16].size ∈ {1}
        [17].type ∈ {JSMN_STRING}
        [17].start ∈ {104}
        [17].end ∈ {113}
        [17].size ∈ {0}
        [18].type ∈ {JSMN_STRING}
        [18].start ∈ {117}
        [18].end ∈ {124}
        [18].size ∈ {1}
        [19].type ∈ {JSMN_PRIMITIVE}
        [19].start ∈ {126}
        [19].end ∈ {130}
        [19].size ∈ {0}
        [20].type ∈ {JSMN_STRING}
        [20].start ∈ {133}
        [20].end ∈ {138}
        [20].size ∈ {1}
        [21].type ∈ {JSMN_PRIMITIVE}
        [21].start ∈ {140}
        [21].end ∈ {142}
        [21].size ∈ {0}
        [22].type ∈ {JSMN_STRING}
        [22].start ∈ {145}
        [22].end ∈ {146}
        [22].size ∈ {1}
        [23].type ∈ {JSMN_PRIMITIVE}
        [23].start ∈ {148}
        [23].end ∈ {149}
        [23].size ∈ {0}
        [24].type ∈ {JSMN_STRING}
        [24].start ∈ {152}
        [24].end ∈ {153}
        [24].size ∈ {1}
        [25].type ∈ {JSMN_PRIMITIVE}
        [25].start ∈ {155}
        [25].end ∈ {156}
        [25].size ∈ {0}
        [26].type ∈ {JSMN_STRING}
        [26].start ∈ {162}
        [26].end ∈ {173}
        [26].size ∈ {1}
        [27].type ∈ {JSMN_STRING}
        [27].start ∈ {176}
        [27].end ∈ {186}
        [27].size ∈ {0}
        [28].type ∈ {JSMN_STRING}
        [28].start ∈ {190}
        [28].end ∈ {200}
        {[28].size; [29].type} ∈ {1}
        [29].start ∈ {203}
        [29].end ∈ {206}
        [29].size ∈ {0}
        [30].type ∈ {JSMN_STRING}
        [30].start ∈ {209}
        [30].end ∈ {219}
        [30].size ∈ {1}
        [31].type ∈ {JSMN_PRIMITIVE}
        [31].start ∈ {221}
        [31].end ∈ {223}
        [31].size ∈ {0}
        [32].type ∈ {JSMN_STRING}
        [32].start ∈ {226}
        [32].end ∈ {234}
        [32].size ∈ {1}
        [33].type ∈ {JSMN_ARRAY}
        [33].start ∈ {236}
        [33].end ∈ {415}
        {[33].size; [34].type} ∈ {1}
        [34].start ∈ {238}
        [34].end ∈ {414}
        [34].size ∈ {10}
        [35].type ∈ {JSMN_STRING}
        [35].start ∈ {241}
        [35].end ∈ {249}
        [35].size ∈ {1}
        [36].type ∈ {JSMN_PRIMITIVE}
        [36].start ∈ {251}
        [36].end ∈ {252}
        [36].size ∈ {0}
        [37].type ∈ {JSMN_STRING}
        [37].start ∈ {255}
        [37].end ∈ {260}
        [37].size ∈ {1}
        [38].type ∈ {JSMN_STRING}
        [38].start ∈ {263}
        [38].end ∈ {284}
        [38].size ∈ {0}
        [39].type ∈ {JSMN_STRING}
        [39].start ∈ {288}
        [39].end ∈ {299}
        [39].size ∈ {1}
        [40].type ∈ {JSMN_PRIMITIVE}
        [40].start ∈ {301}
        [40].end ∈ {303}
        [40].size ∈ {0}
        [41].type ∈ {JSMN_STRING}
        [41].start ∈ {306}
        [41].end ∈ {316}
        [41].size ∈ {1}
        [42].type ∈ {JSMN_PRIMITIVE}
        [42].start ∈ {318}
        [42].end ∈ {321}
        [42].size ∈ {0}
        [43].type ∈ {JSMN_STRING}
        [43].start ∈ {324}
        [43].end ∈ {330}
        [43].size ∈ {1}
        [44].type ∈ {JSMN_PRIMITIVE}
        [44].start ∈ {332}
        [44].end ∈ {333}
        [44].size ∈ {0}
        [45].type ∈ {JSMN_STRING}
        [45].start ∈ {336}
        [45].end ∈ {340}
        [45].size ∈ {1}
        [46].type ∈ {JSMN_STRING}
        [46].start ∈ {343}
        [46].end ∈ {348}
        [46].size ∈ {0}
        [47].type ∈ {JSMN_STRING}
        [47].start ∈ {352}
        [47].end ∈ {362}
        {[47].size; [48].type} ∈ {1}
        [48].start ∈ {364}
        [48].end ∈ {366}
        [48].size ∈ {0}
        [49].type ∈ {JSMN_STRING}
        [49].start ∈ {369}
        [49].end ∈ {376}
        [49].size ∈ {1}
        [50].type ∈ {JSMN_PRIMITIVE}
        [50].start ∈ {378}
        [50].end ∈ {379}
        [50].size ∈ {0}
        [51].type ∈ {JSMN_STRING}
        [51].start ∈ {382}
        [51].end ∈ {392}
        [51].size ∈ {1}
        [52].type ∈ {JSMN_PRIMITIVE}
        [52].start ∈ {394}
        [52].end ∈ {396}
        [52].size ∈ {0}
        [53].type ∈ {JSMN_STRING}
        [53].start ∈ {399}
        [53].end ∈ {408}
        [53].size ∈ {1}
        [54].type ∈ {JSMN_PRIMITIVE}
        [54].start ∈ {410}
        [54].end ∈ {412}
        [54].size ∈ {0}
        [55].type ∈ {JSMN_STRING}
        [55].start ∈ {418}
        [55].end ∈ {427}
        [55].size ∈ {1}
        [56].type ∈ {JSMN_PRIMITIVE}
        [56].start ∈ {429}
        [56].end ∈ {431}
        [56].size ∈ {0}
        [57].type ∈ {JSMN_STRING}
        [57].start ∈ {434}
        [57].end ∈ {441}
        [57].size ∈ {1}
        [58].type ∈ {JSMN_PRIMITIVE}
        [58].start ∈ {443}
        [58].end ∈ {444}
        [58].size ∈ {0}
        [59].type ∈ {JSMN_STRING}
        [59].start ∈ {447}
        [59].end ∈ {452}
        [59].size ∈ {1}
        [60].type ∈ {JSMN_PRIMITIVE}
        [60].start ∈ {454}
        [60].end ∈ {456}
        [60].size ∈ {0}
        [61..127] ∈ UNINITIALIZED
  js ∈
    {{ "{ \"height\":10, \"layers\":[ { \"data\":[6, 6], \"height\":10, \"name\":\"Calque de Tile 1\", \"opacity\":1, \"type\":\"tilelayer\", \"visible\":true, \"width\":10, \"x\":0, \"y\":0 }], \"orientation\":\"orthogonal\", \"properties\": { }, \"tileheight\":32, \"tilesets\":[ { \"firstgid\":1, \"image\":\"..\\/images\\/tiles.png\", \"imageheight\":64, \"imagewidth\":160, \"margin\":0, \"name\":\"Tiles\", \"properties\":{}, \"spacing\":0, \"tileheight\":32, \"tilewidth\":32 }], \"tilewidth\":32, \"version\":1, \"width\":10 }" }}
  __retres ∈ {0}
[eva:final-states] Values at end of function test_partial_array:
  __retres ∈ {0}
[eva:final-states] Values at end of function vtokeq:
  ap ∈
    {{ &__va_args[4] ; &__va_args_18[4] ; &__va_args_36[12] ;
       &__va_args{[7], [9]} ; &__va_args_37{[7], [11]} ;
       &__va_args_68{[7], [14], [18]} ;
       &__va_args_107{[7], [9], [12], [14], [17], [19]} ;
       &__va_args_139{[7], [9], [12], [15]} ; &__va_args[6] ;
       &__va_args{[7], [9]} ; &__va_args_35{[7], [9]} ;
       &__va_args_55{[7], [9]} ; &__va_args_75{[7], [9]} ;
       &__va_args_95{[7], [9]} ; &__va_args{[7], [10]} ;
       &__va_args_43{[7], [10]} ; &__va_args_65{[7], [10]} ;
       &__va_args_87{[7], [10]} ; &__va_args_109{[7], [10]} ;
       &__va_args_131{[7], [10]} ; &__va_args_157{[7], [14]} ;
       &__va_args{[7], [10], [13], [16]} ; &__va_args{[6], [8], [12]} ;
       &__va_args{[2], [5], [7], [9]} ; &__va_args{[7], [9]} ;
       &__va_args{[2], [4]} ; &__va_args_27{[2], [4], [6], [8], [10], [12]} ;
       &__va_args_39{[3], [5]} ; &__va_args_25{[7], [9]} }}
  __retres ∈ {0; 1}
  S___fc_stdout[0..1] ∈ [--..--]
[eva:final-states] Values at end of function parse:
  __fc_heap_status ∈ [--..--]
  r ∈ {-3; -2} ∪ [1..8]
  ok ∈ {0; 1}
  args ∈
      {{ &__va_args[0] ; &__va_args_18[0] ; &__va_args_36[0] ;
         &__va_args[0] ; &__va_args_37[0] ; &__va_args_68[0] ;
         &__va_args_107[0] ; &__va_args_139[0] ; &__va_args[0] ;
         &__va_args[0] ; &__va_args_35[0] ; &__va_args_55[0] ;
         &__va_args_75[0] ; &__va_args_95[0] ; &__va_args[0] ;
         &__va_args_43[0] ; &__va_args_65[0] ; &__va_args_87[0] ;
         &__va_args_109[0] ; &__va_args_131[0] ; &__va_args_157[0] ;
         &__va_args[0] ; &__va_args_27[0] ; &__va_args_39[0] ;
         &__va_args_25[0] }} or UNINITIALIZED
  p.pos ∈ {2; 4; 5; 7; 8; 11} ∪ [13..21] ∪ {26; 30; 40; 43; 51}
   .toknext ∈ {0; 1; 2; 3; 4; 5; 6; 7; 8}
   .toksuper ∈ {-1; 0; 1; 3; 4; 5}
  t ∈ {0} or ESCAPINGADDR
  __retres ∈ {0; 1}
  S___fc_stdout[0..1] ∈ [--..--]
[eva:final-states] Values at end of function test_array:
  __fc_heap_status ∈ [--..--]
  __retres ∈ {0; 44; 45}
  S___fc_stdout[0..1] ∈ [--..--]
[eva:final-states] Values at end of function test_empty:
  __fc_heap_status ∈ [--..--]
  __retres ∈ {0}
[eva:final-states] Values at end of function test_issue_27:
  __fc_heap_status ∈ [--..--]
  js ∈
    {{ "{ \"name\" : \"Jack\", \"age\" : 27 } { \"name\" : \"Anna\", " }}
  __retres ∈ {0; 182}
  S___fc_stdout[0..1] ∈ [--..--]
[eva:final-states] Values at end of function test_nonstrict:
  __fc_heap_status ∈ [--..--]
  js ∈
    {{ "a: 0garbage" ; "Day : 26\nMonth : Sep\n\nYear: 12" ;
       "\"key {1\": 1234" }}
  __retres ∈ {0; 253; 256; 260}
  S___fc_stdout[0..1] ∈ [--..--]
[eva:final-states] Values at end of function test_object:
  __fc_heap_status ∈ [--..--]
  __retres ∈ {0; 17; 18; 19; 20; 21}
  S___fc_stdout[0..1] ∈ [--..--]
[eva:final-states] Values at end of function test_primitive:
  __fc_heap_status ∈ [--..--]
  __retres ∈ {0; 52; 53; 54; 55; 56}
  S___fc_stdout[0..1] ∈ [--..--]
[eva:final-states] Values at end of function test_string:
  __fc_heap_status ∈ [--..--]
  __retres ∈ {0; 61; 62; 63; 64; 65; 66; 67}
  S___fc_stdout[0..1] ∈ [--..--]
[eva:final-states] Values at end of function test_unmatched_brackets:
  __fc_heap_status ∈ [--..--]
  js ∈
    {{ "\"key 1\": 1234}" ; "{\"key 1\": 1234" ; "{\"key 1\": 1234}}" ;
       "\"key 1\"}: 1234" ; "{\"key {1\": 1234}" ; "{{\"key 1\": 1234}" }}
  __retres ∈ {0; 270; 272; 274; 276; 278; 280}
  S___fc_stdout[0..1] ∈ [--..--]
[eva:final-states] Values at end of function tokeq:
  ok ∈ {0; 1}
  args ∈
      {{ &__va_args[0] ; &__va_args[0] ; &__va_args[0] ; &__va_args[0] }}
  S___fc_stdout[0..1] ∈ [--..--]
[eva:final-states] Values at end of function test_array_nomem:
  i ∈ {0; 1; 2; 3; 4; 5; 6}
  r ∈ {6}
  p.pos ∈ {28}
   .toknext ∈ {6}
   .toksuper ∈ {-1}
  toksmall[0]{.type; .start} ∈ {0; 2}
          [0].end ∈ {-1; 0}
          [0].size ∈ {0; 1; 2; 3}
          [1]{.type; .start} ∈ {0; 4}
          [1].end ∈ {0; 5}
          [1].size ∈ {0}
          [2].type ∈ {JSMN_UNDEFINED; JSMN_PRIMITIVE}
          [2].start ∈ {0; 7}
          [2].end ∈ {0; 11}
          [2].size ∈ {0}
          [3].type ∈ {JSMN_UNDEFINED; JSMN_ARRAY}
          [3].start ∈ {0; 13}
          [3].end ∈ {-1; 0}
          [3].size ∈ {0; 1}
          [4].type ∈ {JSMN_UNDEFINED; JSMN_PRIMITIVE}
          [4].start ∈ {0; 14}
          [4].end ∈ {0; 17}
          {[4].size; [5..9]} ∈ {0}
  toklarge[0]{.type; .start} ∈ {2}
          [0].end ∈ {28}
          [0].size ∈ {3}
          [1]{.type; .start} ∈ {4}
          [1].end ∈ {5}
          [1].size ∈ {0}
          [2].type ∈ {JSMN_PRIMITIVE}
          [2].start ∈ {7}
          [2].end ∈ {11}
          [2].size ∈ {0}
          [3].type ∈ {JSMN_ARRAY}
          [3].start ∈ {13}
          [3].end ∈ {27}
          [3].size ∈ {2}
          [4].type ∈ {JSMN_PRIMITIVE}
          [4].start ∈ {14}
          [4].end ∈ {17}
          [4].size ∈ {0}
          [5].type ∈ {JSMN_STRING}
          [5].start ∈ {20}
          [5].end ∈ {25}
          {[5].size; [6..9]} ∈ {0}
  js ∈ {{ "  [ 1, true, [123, \"hello\"]]" }}
  __retres ∈ {0; 137}
  S___fc_stdout[0..1] ∈ [--..--]
[eva:final-states] Values at end of function test_input_length:
  js ∈ {{ "{\"a\": 0}garbage" }}
  r ∈ {3}
  p.pos ∈ {8}
   .toknext ∈ {3}
   .toksuper ∈ {-1}
  tokens[0].type ∈ {JSMN_OBJECT}
        [0].start ∈ {0}
        [0].end ∈ {8}
        [0].size ∈ {1}
        [1].type ∈ {JSMN_STRING}
        [1].start ∈ {2}
        [1].end ∈ {3}
        [1].size ∈ {1}
        [2].type ∈ {JSMN_PRIMITIVE}
        [2].start ∈ {6}
        [2].end ∈ {7}
        [2].size ∈ {0}
        [3..9] ∈ UNINITIALIZED
  __retres ∈ {0; 197}
  S___fc_stdout[0..1] ∈ [--..--]
[eva:final-states] Values at end of function test_partial_string:
  i ∈ {31; 32}
  r ∈ {5}
  p.pos ∈ {31}
   .toknext ∈ {5}
   .toksuper ∈ {-1}
  tok[0].type ∈ {JSMN_OBJECT}
     [0].start ∈ {0}
     [0].end ∈ {31}
     [0].size ∈ {2}
     [1].type ∈ {JSMN_STRING}
     [1].start ∈ {2}
     [1].end ∈ {3}
     [1].size ∈ {1}
     [2].type ∈ {JSMN_STRING}
     [2].start ∈ {7}
     [2].end ∈ {13}
     [2].size ∈ {0}
     [3].type ∈ {JSMN_STRING}
     [3].start ∈ {17}
     [3].end ∈ {18}
     [3].size ∈ {1}
     [4].type ∈ {JSMN_STRING}
     [4].start ∈ {22}
     [4].end ∈ {29}
     [4].size ∈ {0}
  js ∈ {{ "{\"x\": \"va\\\\ue\", \"y\": \"value y\"}" }}
  __retres ∈ {0; 87}
  S___fc_stdout[0..1] ∈ [--..--]
[eva:final-states] Values at end of function test_unquoted_keys:
  r ∈ {4}
  p.pos ∈ {24}
   .toknext ∈ {4}
   .toksuper ∈ {2}
  tok[0].type ∈ {JSMN_PRIMITIVE}
     [0].start ∈ {0}
     [0].end ∈ {4}
     [0].size ∈ {2}
     [1].type ∈ {JSMN_STRING}
     [1].start ∈ {7}
     [1].end ∈ {12}
     [1].size ∈ {0}
     [2].type ∈ {JSMN_PRIMITIVE}
     [2].start ∈ {14}
     [2].end ∈ {18}
     [2].size ∈ {1}
     [3].type ∈ {JSMN_PRIMITIVE}
     [3].start ∈ {21}
     [3].end ∈ {24}
     [3].size ∈ {0}
     [4..9] ∈ UNINITIALIZED
  js ∈ {{ "key1: \"value\"\nkey2 : 123" }}
  __retres ∈ {0; 154}
  S___fc_stdout[0..1] ∈ [--..--]
[eva:final-states] Values at end of function test:
  __fc_heap_status ∈ [--..--]
  r ∈
   {0} ∪ [17..21] ∪ {44; 45} ∪ [52..56] ∪ [61..67]
    ∪ {87; 137; 154; 182; 197; 253; 256; 260; 270; 272; 274; 276; 278; 280}
  test_passed ∈ [1..15]
  test_failed ∈ [0..11]
  S___fc_stdout[0..1] ∈ [--..--]
[eva:final-states] Values at end of function main:
  __fc_heap_status ∈ [--..--]
  test_passed ∈ [4..15]
  test_failed ∈ [0..11]
  __retres ∈ {0; 1}
  S___fc_stdout[0..1] ∈ [--..--]
[eva:summary] ====== ANALYSIS SUMMARY ======
  ----------------------------------------------------------------------------
  26 functions analyzed (out of 26): 100% coverage.
  In these functions, 1116 statements reached (out of 1219): 91% coverage.
  ----------------------------------------------------------------------------
  No errors or warnings raised during the analysis.
  ----------------------------------------------------------------------------
  1 alarm generated by the analysis:
       1 invalid memory access
  ----------------------------------------------------------------------------
  Evaluation of the logical properties reached by the analysis:
    Assertions        0 valid     0 unknown     0 invalid      0 total
    Preconditions    33 valid     0 unknown     0 invalid     33 total
  100% of the logical properties reached have been proven.
  ----------------------------------------------------------------------------
8.02user 0.16system 0:08.18elapsed 99%CPU (0avgtext+0avgdata 295488maxresident)k
0inputs+2032outputs (0major+67180minor)pagefaults 0swaps
