[kernel] Parsing test/tests.c (with preprocessing)
[variadic:typing] test/testutil.h:30: Warning: 
  Incorrect type for argument 3. The argument will be cast from jsmntype_t (unsigned int) to int.
[eva] Option -eva-precision 0 detected, automatic configuration of the analysis:
  option -eva-min-loop-unroll set to 0 (default value).
  option -eva-auto-loop-unroll already set to 697 (not modified).
  option -eva-widening-delay set to 1.
  option -eva-partition-history set to 0 (default value).
  option -eva-slevel set to 0 (default value).
  option -eva-ilevel set to 8 (default value).
  option -eva-plevel set to 10.
  option -eva-subdivide-non-linear set to 0 (default value).
  option -eva-remove-redundant-alarms set to false.
  option -eva-domains set to 'cvalue' (default value).
  option -eva-split-return set to '' (default value).
  option -eva-equality-through-calls set to 'none'.
  option -eva-octagon-through-calls set to false (default value).
[eva] Analyzing a complete application starting at main
[eva:initial-state] Values of globals at initialization
  test_passed ∈ {0}
  test_failed ∈ {0}
[eva] test/testutil.h:76: allocating variable __malloc_parse_l76
[eva] jsmn.c:158: starting to merge loop iterations
[eva:alarm] jsmn.c:173: Warning: 
  accessing uninitialized left-value.
  assert \initialized(&(tokens + parser->toksuper)->size);
[eva:loop-unroll:auto] jsmn.c:209: Automatic loop unrolling.
[eva:alarm] jsmn.c:211: Warning: 
  accessing uninitialized left-value. assert \initialized(&token->start);
[eva:alarm] jsmn.c:211: Warning: 
  accessing uninitialized left-value. assert \initialized(&token->end);
[eva:alarm] jsmn.c:212: Warning: 
  accessing uninitialized left-value. assert \initialized(&token->type);
[eva:loop-unroll:auto] jsmn.c:222: Automatic loop unrolling.
[eva:alarm] jsmn.c:224: Warning: 
  accessing uninitialized left-value. assert \initialized(&token->start);
[eva:alarm] jsmn.c:224: Warning: 
  accessing uninitialized left-value. assert \initialized(&token->end);
[eva] jsmn.c:209: starting to merge loop iterations
[eva] jsmn.c:222: starting to merge loop iterations
[eva:alarm] jsmn.c:165: Warning: 
  signed overflow. assert count + 1 ≤ 2147483647;
[eva:alarm] jsmn.c:173: Warning: 
  signed overflow. assert (tokens + parser->toksuper)->size + 1 ≤ 2147483647;
[eva:loop-unroll:auto] jsmn.c:294: Automatic loop unrolling.
[eva:alarm] jsmn.c:296: Warning: 
  accessing uninitialized left-value.
  assert \initialized(&(tokens + i)->start);
[eva:alarm] jsmn.c:296: Warning: 
  accessing uninitialized left-value. assert \initialized(&(tokens + i)->end);
[eva] using specification for function printf_va_7
[eva:loop-unroll:auto] test/testutil.h:14: Automatic loop unrolling.
[eva:alarm] test/testutil.h:29: Warning: 
  accessing uninitialized left-value. assert \initialized(&(t + i)->type);
[eva:alarm] test/testutil.h:29: Warning: 
  out of bounds read. assert \valid_read(&(t + i)->type);
[eva:alarm] test/testutil.h:34: Warning: 
  accessing uninitialized left-value. assert \initialized(&(t + i)->start);
[eva:alarm] test/testutil.h:38: Warning: 
  accessing uninitialized left-value. assert \initialized(&(t + i)->end);
[eva:alarm] test/testutil.h:43: Warning: 
  accessing uninitialized left-value. assert \initialized(&(t + i)->size);
[eva] using specification for function printf_va_3
[eva] using specification for function printf_va_4
[eva] using specification for function printf_va_5
[eva] test/testutil.h:76: allocating variable __malloc_parse_l76_0
[eva] test/testutil.h:76: allocating variable __malloc_parse_l76_1
[eva:alarm] jsmn.c:173: Warning: 
  out of bounds write. assert \valid(&(tokens + parser->toksuper)->size);
[eva:alarm] jsmn.c:211: Warning: 
  out of bounds read. assert \valid_read(&token->start);
[eva:alarm] jsmn.c:224: Warning: 
  out of bounds read. assert \valid_read(&token->start);
[eva:alarm] jsmn.c:245: Warning: 
  accessing uninitialized left-value.
  assert \initialized(&(tokens + parser->toksuper)->type);
[eva:alarm] jsmn.c:245: Warning: 
  out of bounds read. assert \valid_read(&(tokens + parser->toksuper)->type);
[eva:alarm] jsmn.c:246: Warning: 
  accessing uninitialized left-value.
  assert \initialized(&(tokens + parser->toksuper)->type);
[eva:alarm] jsmn.c:251: Warning: 
  accessing uninitialized left-value. assert \initialized(&(tokens + i)->type);
[eva:alarm] jsmn.c:251: Warning: 
  out of bounds read. assert \valid_read(&(tokens + i)->type);
[eva:alarm] jsmn.c:251: Warning: 
  accessing uninitialized left-value. assert \initialized(&(tokens + i)->type);
[eva:alarm] jsmn.c:252: Warning: 
  accessing uninitialized left-value.
  assert \initialized(&(tokens + i)->start);
[eva:alarm] jsmn.c:252: Warning: 
  accessing uninitialized left-value. assert \initialized(&(tokens + i)->end);
[eva] jsmn.c:250: starting to merge loop iterations
[eva:alarm] jsmn.c:296: Warning: 
  out of bounds read. assert \valid_read(&(tokens + i)->start);
[eva:alarm] test/testutil.h:30: Warning: 
  accessing uninitialized left-value. assert \initialized(&(t + i)->type);
[eva] using specification for function printf_va_2
[eva:alarm] test/testutil.h:35: Warning: 
  accessing uninitialized left-value. assert \initialized(&(t + i)->start);
[eva:alarm] test/testutil.h:39: Warning: 
  accessing uninitialized left-value. assert \initialized(&(t + i)->end);
[eva:alarm] test/testutil.h:44: Warning: 
  accessing uninitialized left-value. assert \initialized(&(t + i)->size);
[eva] using specification for function printf_va_1
[eva] test/testutil.h:76: allocating variable __malloc_parse_l76_2
[eva] jsmn.c:93: starting to merge loop iterations
[eva:alarm] jsmn.c:236: Warning: 
  accessing uninitialized left-value.
  assert \initialized(&(tokens + parser->toksuper)->size);
[eva:alarm] jsmn.c:282: Warning: 
  accessing uninitialized left-value.
  assert \initialized(&(tokens + parser->toksuper)->size);
[eva:alarm] jsmn.c:234: Warning: 
  signed overflow. assert count + 1 ≤ 2147483647;
[eva:alarm] jsmn.c:236: Warning: 
  out of bounds write. assert \valid(&(tokens + parser->toksuper)->size);
[eva:alarm] jsmn.c:236: Warning: 
  signed overflow. assert (tokens + parser->toksuper)->size + 1 ≤ 2147483647;
[eva:alarm] jsmn.c:280: Warning: 
  signed overflow. assert count + 1 ≤ 2147483647;
[eva:alarm] jsmn.c:282: Warning: 
  out of bounds write. assert \valid(&(tokens + parser->toksuper)->size);
[eva:alarm] jsmn.c:282: Warning: 
  signed overflow. assert (tokens + parser->toksuper)->size + 1 ≤ 2147483647;
[eva:alarm] test/testutil.h:49: Warning: 
  accessing uninitialized left-value. assert \initialized(&(t + i)->start);
[eva:alarm] test/testutil.h:50: Warning: 
  accessing uninitialized left-value. assert \initialized(&(t + i)->end);
[eva:alarm] test/testutil.h:50: Warning: 
  signed overflow. assert (t + i)->end - (t + i)->start ≤ 2147483647;
[eva:alarm] test/testutil.h:51: Warning: 
  signed overflow. assert (t + i)->end - (t + i)->start ≤ 2147483647;
[eva] using specification for function strncmp
[eva:alarm] test/testutil.h:51: Warning: 
  function strncmp: precondition 'valid_string_s1' got status unknown.
[eva] FRAMAC_SHARE/libc/string.h:163: 
  cannot evaluate ACSL term, unsupported ACSL construct: logic function strncmp
[eva:alarm] test/testutil.h:52: Warning: 
  accessing uninitialized left-value. assert \initialized(&(t + i)->start);
[eva:alarm] test/testutil.h:52: Warning: 
  accessing uninitialized left-value. assert \initialized(&(t + i)->end);
[eva:alarm] test/testutil.h:52: Warning: 
  signed overflow. assert (t + i)->end - (t + i)->start ≤ 2147483647;
[eva] using specification for function printf_va_6
[eva:alarm] test/testutil.h:52: Warning: 
  function printf_va_6: precondition valid_read_nstring(param2, param1) got status unknown.
[eva] test/testutil.h:76: allocating variable __malloc_parse_l76_3
[eva] test/testutil.h:76: allocating variable __malloc_parse_l76_4
[eva:loop-unroll:auto] jsmn.c:250: Automatic loop unrolling.
[eva] test/testutil.h:76: allocating variable __malloc_parse_l76_5
[eva:loop-unroll:auto] jsmn.c:125: Automatic loop unrolling.
[eva] test/testutil.h:76: allocating variable __malloc_parse_l76_6
[eva] test/testutil.h:76: allocating variable __malloc_parse_l76_7
[eva] jsmn.c:42: starting to merge loop iterations
[eva] test/testutil.h:76: allocating variable __malloc_parse_l76_8
[eva] test/testutil.h:76: allocating variable __malloc_parse_l76_9
[eva] test/testutil.h:76: allocating variable __malloc_parse_l76_10
[eva] test/testutil.h:76: allocating variable __malloc_parse_l76_11
[eva] test/testutil.h:76: allocating variable __malloc_parse_l76_12
[eva] test/testutil.h:76: allocating variable __malloc_parse_l76_13
[eva] test/testutil.h:76: allocating variable __malloc_parse_l76_14
[eva] test/testutil.h:76: allocating variable __malloc_parse_l76_15
[eva] test/testutil.h:76: allocating variable __malloc_parse_l76_16
[eva] test/testutil.h:76: allocating variable __malloc_parse_l76_17
[eva] test/testutil.h:76: allocating variable __malloc_parse_l76_18
[eva] test/testutil.h:76: allocating variable __malloc_parse_l76_19
[eva] test/testutil.h:76: allocating variable __malloc_parse_l76_20
[eva] test/testutil.h:76: allocating variable __malloc_parse_l76_21
[eva] test/testutil.h:76: allocating variable __malloc_parse_l76_22
[eva] test/testutil.h:76: allocating variable __malloc_parse_l76_23
[eva] test/tests.c:83: starting to merge loop iterations
[eva:loop-unroll:auto] test/tests.c:126: Automatic loop unrolling.
[eva] FRAMAC_SHARE/libc/string.h:134: 
  cannot evaluate ACSL term, unsupported ACSL construct: logic function memset
[eva] FRAMAC_SHARE/libc/string.h:101: 
  cannot evaluate ACSL term, unsupported ACSL construct: logic function memcmp
[kernel] jsmn.c:13: 
  more than 10(128) locations to update in array. Approximating.
[kernel] jsmn.c:14: 
  more than 10(128) locations to update in array. Approximating.
[kernel] jsmn.c:13: more than 10(128) elements to enumerate. Approximating.
[kernel] jsmn.c:14: more than 10(128) elements to enumerate. Approximating.
[kernel] jsmn.c:173: 
  more than 10(128) locations to update in array. Approximating.
[kernel] jsmn.c:178: 
  more than 10(128) locations to update in array. Approximating.
[kernel] jsmn.c:179: 
  more than 10(128) locations to update in array. Approximating.
[kernel] jsmn.c:216: 
  more than 10(125) locations to update in array. Approximating.
[kernel] jsmn.c:26: 
  more than 10(128) locations to update in array. Approximating.
[kernel] jsmn.c:27: 
  more than 10(128) locations to update in array. Approximating.
[kernel] jsmn.c:28: 
  more than 10(128) locations to update in array. Approximating.
[kernel] jsmn.c:29: 
  more than 10(128) locations to update in array. Approximating.
[kernel] jsmn.c:26: more than 10(128) elements to enumerate. Approximating.
[kernel] jsmn.c:236: 
  more than 10(128) locations to update in array. Approximating.
[kernel] jsmn.c:282: 
  more than 10(128) locations to update in array. Approximating.
[kernel] jsmn.c:216: 
  more than 10(128) locations to update in array. Approximating.
[eva] test/testutil.h:76: allocating variable __malloc_parse_l76_24
[eva] test/testutil.h:76: allocating variable __malloc_parse_l76_25
[eva] test/testutil.h:76: allocating variable __malloc_parse_l76_26
[eva] test/testutil.h:76: allocating variable __malloc_parse_l76_27
[eva] test/testutil.h:76: allocating variable __malloc_parse_l76_28
[eva] test/testutil.h:76: allocating variable __malloc_parse_l76_29
[eva] test/testutil.h:76: allocating variable __malloc_parse_l76_30
[eva] test/testutil.h:76: allocating variable __malloc_parse_l76_31
[eva] test/testutil.h:76: allocating variable __malloc_parse_l76_32
[eva] test/testutil.h:76: allocating variable __malloc_parse_l76_33
[eva] using specification for function printf_va_8
[eva] ====== VALUES COMPUTED ======
[eva:final-states] Values at end of function jsmn_alloc_token:
  tok ∈
     {{ &tok{[0], [1], [2], [3], [4]} ; &toksmall{[0], [1], [2], [3], [4]} ;
        &toklarge + [0..144],0%16 ; &tok + [0..144],0%16 ;
        &tokens + [0..2032],0%16 ; &tokens + [0..144],0%16 ;
        &__malloc_parse_l76 ; &__malloc_parse_l76_0 ;
        &__malloc_parse_l76_1{[0], [1], [2]} ;
        &__malloc_parse_l76_2{[0], [1], [2]} ;
        &__malloc_parse_l76_3{[0], [1], [2]} ;
        &__malloc_parse_l76_4{[0], [1], [2], [3], [4]} ;
        &__malloc_parse_l76_5{[0], [1], [2], [3], [4], [5], [6]} ;
        &__malloc_parse_l76_6{[0], [1], [2], [3], [4]} ;
        &__malloc_parse_l76_7{[0], [1]} ;
        &__malloc_parse_l76_8{[0], [1], [2]} ;
        &__malloc_parse_l76_9{[0], [1], [2]} ;
        &__malloc_parse_l76_10{[0], [1], [2]} ;
        &__malloc_parse_l76_11{[0], [1], [2]} ;
        &__malloc_parse_l76_12{[0], [1], [2]} ;
        &__malloc_parse_l76_13{[0], [1], [2]} ;
        &__malloc_parse_l76_14{[0], [1], [2]} ;
        &__malloc_parse_l76_15{[0], [1], [2]} ;
        &__malloc_parse_l76_16{[0], [1], [2]} ;
        &__malloc_parse_l76_17{[0], [1], [2]} ;
        &__malloc_parse_l76_18{[0], [1], [2]} ;
        &__malloc_parse_l76_19{[0], [1], [2]} ;
        &__malloc_parse_l76_20{[0], [1], [2], [3]} ;
        &__malloc_parse_l76_21{[0], [1], [2]} ;
        &__malloc_parse_l76_22{[0], [1], [2]} ;
        &__malloc_parse_l76_23{[0], [1], [2], [3]} ;
        &__malloc_parse_l76_24{[0], [1], [2], [3], [4], [5], [6], [7]} ;
        &__malloc_parse_l76_25{[0], [1]} ;
        &__malloc_parse_l76_26{[0], [1], [2], [3], [4], [5]} ;
        &__malloc_parse_l76_27{[0], [1]} ; &__malloc_parse_l76_28{[0], [1]} ;
        &__malloc_parse_l76_29{[0], [1], [2]} ;
        &__malloc_parse_l76_30{[0], [1], [2]} ;
        &__malloc_parse_l76_31{[0], [1], [2]} ;
        &__malloc_parse_l76_32{[0], [1], [2]} ;
        &__malloc_parse_l76_33{[0], [1], [2], [3]} }} or UNINITIALIZED
  p.pos ∈ [0..2147483647]
   .toknext ∈ [1..2147483647]
   .toksuper ∈ [--..--]
  p.pos ∈ [0..2147483647]
   .toknext ∈ [1..2147483647]
   .toksuper ∈ [--..--]
  tok[0].type ∈ [1..2147483647] or UNINITIALIZED
     [0]{.start; .end} ∈ [-1..2147483647] or UNINITIALIZED
     [0].size ∈ [0..2147483647] or UNINITIALIZED
     [1].type ∈ [1..2147483647] or UNINITIALIZED
     [1]{.start; .end} ∈ [-1..2147483647] or UNINITIALIZED
     [1].size ∈ [0..2147483647] or UNINITIALIZED
     [2].type ∈ [1..2147483647] or UNINITIALIZED
     [2]{.start; .end} ∈ [-1..2147483647] or UNINITIALIZED
     [2].size ∈ [0..2147483647] or UNINITIALIZED
     [3].type ∈ [1..2147483647] or UNINITIALIZED
     [3]{.start; .end} ∈ [-1..2147483647] or UNINITIALIZED
     [3].size ∈ [0..2147483647] or UNINITIALIZED
     [4].type ∈ [1..2147483647] or UNINITIALIZED
     [4]{.start; .end} ∈ [-1..2147483647] or UNINITIALIZED
     [4].size ∈ [0..2147483647] or UNINITIALIZED
  p.pos ∈ [0..27]
   .toknext ∈ [0..2147483647]
   .toksuper ∈ [--..--]
  toksmall[0].type ∈
          {JSMN_UNDEFINED; JSMN_ARRAY; JSMN_STRING; JSMN_PRIMITIVE}
          [0]{.start; .end} ∈ [-1..28]
          [0].size ∈ [0..2147483647]
          [1].type ∈
          {JSMN_UNDEFINED; JSMN_ARRAY; JSMN_STRING; JSMN_PRIMITIVE}
          [1].start ∈ [-1..28]
          [1].end ∈ [-1..2147483647]
          [1].size ∈ [0..2147483647]
          [2].type ∈
          {JSMN_UNDEFINED; JSMN_ARRAY; JSMN_STRING; JSMN_PRIMITIVE}
          [2]{.start; .end} ∈ [-1..28]
          [2].size ∈ [0..2147483647]
          [3].type ∈
          {JSMN_UNDEFINED; JSMN_ARRAY; JSMN_STRING; JSMN_PRIMITIVE}
          [3].start ∈ [-1..28]
          [3].end ∈ [-1..2147483647]
          [3].size ∈ [0..2147483647]
          [4].type ∈
          {JSMN_UNDEFINED; JSMN_ARRAY; JSMN_STRING; JSMN_PRIMITIVE}
          [4].start ∈ [-1..28]
          [4].end ∈ [-1..2147483647]
          [4].size ∈ [0..2147483647]
          [5]{.type; .start; .end} ∈ {0}
          [5].size ∈ [0..2147483647]
          [6]{.type; .start; .end} ∈ {0}
          [6].size ∈ [0..2147483647]
          [7]{.type; .start; .end} ∈ {0}
          [7].size ∈ [0..2147483647]
          [8]{.type; .start; .end} ∈ {0}
          [8].size ∈ [0..2147483647]
          [9]{.type; .start; .end} ∈ {0}
          [9].size ∈ [0..2147483647]
  toklarge[0].type ∈
          {JSMN_UNDEFINED; JSMN_ARRAY; JSMN_STRING; JSMN_PRIMITIVE}
          [0]{.start; .end} ∈ [-1..28]
          [0].size ∈ [0..2147483647]
          [1].type ∈
          {JSMN_UNDEFINED; JSMN_ARRAY; JSMN_STRING; JSMN_PRIMITIVE}
          [1].start ∈ [-1..28]
          [1].end ∈ [-1..2147483647]
          [1].size ∈ [0..2147483647]
          [2].type ∈
          {JSMN_UNDEFINED; JSMN_ARRAY; JSMN_STRING; JSMN_PRIMITIVE}
          [2].start ∈ [-1..28]
          [2].end ∈ [-1..2147483647]
          [2].size ∈ [0..2147483647]
          [3].type ∈
          {JSMN_UNDEFINED; JSMN_ARRAY; JSMN_STRING; JSMN_PRIMITIVE}
          [3].start ∈ [-1..28]
          [3].end ∈ [-1..2147483647]
          [3].size ∈ [0..2147483647]
          [4].type ∈
          {JSMN_UNDEFINED; JSMN_ARRAY; JSMN_STRING; JSMN_PRIMITIVE}
          [4].start ∈ [-1..28]
          [4].end ∈ [-1..2147483647]
          [4].size ∈ [0..2147483647]
          [5].type ∈
          {JSMN_UNDEFINED; JSMN_ARRAY; JSMN_STRING; JSMN_PRIMITIVE}
          [5].start ∈ [-1..28]
          [5].end ∈ [-1..2147483647]
          [5].size ∈ [0..2147483647]
          [6].type ∈
          {JSMN_UNDEFINED; JSMN_ARRAY; JSMN_STRING; JSMN_PRIMITIVE}
          [6].start ∈ [-1..28]
          [6].end ∈ [-1..2147483647]
          [6].size ∈ [0..2147483647]
          [7].type ∈
          {JSMN_UNDEFINED; JSMN_ARRAY; JSMN_STRING; JSMN_PRIMITIVE}
          [7].start ∈ [-1..28]
          [7].end ∈ [-1..2147483647]
          [7].size ∈ [0..2147483647]
          [8].type ∈
          {JSMN_UNDEFINED; JSMN_ARRAY; JSMN_STRING; JSMN_PRIMITIVE}
          [8].start ∈ [-1..28]
          [8].end ∈ [-1..2147483647]
          [8].size ∈ [0..2147483647]
          [9].type ∈
          {JSMN_UNDEFINED; JSMN_ARRAY; JSMN_STRING; JSMN_PRIMITIVE}
          [9].start ∈ [-1..28]
          [9].end ∈ [-1..2147483647]
          [9].size ∈ [0..2147483647]
  p.pos ∈ [0..2147483647]
   .toknext ∈ [1..2147483647]
   .toksuper ∈ [--..--]
  tok[0].type ∈ {JSMN_ARRAY; JSMN_STRING; JSMN_PRIMITIVE} or UNINITIALIZED
     [0].start ∈ [-1..24] or UNINITIALIZED
     [0].end ∈ [-1..2147483647] or UNINITIALIZED
     [0].size ∈ [0..2147483647] or UNINITIALIZED
     [1].type ∈ {JSMN_ARRAY; JSMN_STRING; JSMN_PRIMITIVE} or UNINITIALIZED
     [1].start ∈ [-1..24] or UNINITIALIZED
     [1].end ∈ [-1..2147483647] or UNINITIALIZED
     [1].size ∈ [0..2147483647] or UNINITIALIZED
     [2].type ∈ {JSMN_ARRAY; JSMN_STRING; JSMN_PRIMITIVE} or UNINITIALIZED
     [2].start ∈ [-1..24] or UNINITIALIZED
     [2].end ∈ [-1..2147483647] or UNINITIALIZED
     [2].size ∈ [0..2147483647] or UNINITIALIZED
     [3].type ∈ {JSMN_ARRAY; JSMN_STRING; JSMN_PRIMITIVE} or UNINITIALIZED
     [3].start ∈ [-1..24] or UNINITIALIZED
     [3].end ∈ [-1..2147483647] or UNINITIALIZED
     [3].size ∈ [0..2147483647] or UNINITIALIZED
     [4].type ∈ {JSMN_ARRAY; JSMN_STRING; JSMN_PRIMITIVE} or UNINITIALIZED
     [4].start ∈ [-1..24] or UNINITIALIZED
     [4].end ∈ [-1..2147483647] or UNINITIALIZED
     [4].size ∈ [0..2147483647] or UNINITIALIZED
     [5].type ∈ {JSMN_ARRAY; JSMN_STRING; JSMN_PRIMITIVE} or UNINITIALIZED
     [5].start ∈ [-1..24] or UNINITIALIZED
     [5].end ∈ [-1..2147483647] or UNINITIALIZED
     [5].size ∈ [0..2147483647] or UNINITIALIZED
     [6].type ∈ {JSMN_ARRAY; JSMN_STRING; JSMN_PRIMITIVE} or UNINITIALIZED
     [6].start ∈ [-1..24] or UNINITIALIZED
     [6].end ∈ [-1..2147483647] or UNINITIALIZED
     [6].size ∈ [0..2147483647] or UNINITIALIZED
     [7].type ∈ {JSMN_ARRAY; JSMN_STRING; JSMN_PRIMITIVE} or UNINITIALIZED
     [7].start ∈ [-1..24] or UNINITIALIZED
     [7].end ∈ [-1..2147483647] or UNINITIALIZED
     [7].size ∈ [0..2147483647] or UNINITIALIZED
     [8].type ∈ {JSMN_ARRAY; JSMN_STRING; JSMN_PRIMITIVE} or UNINITIALIZED
     [8].start ∈ [-1..24] or UNINITIALIZED
     [8].end ∈ [-1..2147483647] or UNINITIALIZED
     [8].size ∈ [0..2147483647] or UNINITIALIZED
     [9].type ∈ {JSMN_ARRAY; JSMN_STRING; JSMN_PRIMITIVE} or UNINITIALIZED
     [9].start ∈ [-1..24] or UNINITIALIZED
     [9].end ∈ [-1..2147483647] or UNINITIALIZED
     [9].size ∈ [0..2147483647] or UNINITIALIZED
  p.pos ∈ [0..457]
   .toknext ∈ [1..2147483647]
   .toksuper ∈ [--..--]
  tokens[0].type ∈
        {JSMN_OBJECT; JSMN_ARRAY; JSMN_STRING; JSMN_PRIMITIVE} or UNINITIALIZED
        [0].start ∈ [-1..2147483647] or UNINITIALIZED
        [0].end ∈ [-1..458] or UNINITIALIZED
        {[0].size; [1..126]{.type; .start; .end; .size}; [127]{.type; .start; .end}} ∈
        [-1..2147483647] or UNINITIALIZED
        [127].size ∈ [0..2147483647] or UNINITIALIZED
  p.pos ∈ {0; 1; 2; 3; 4; 5; 6; 7}
   .toknext ∈ [1..2147483647]
   .toksuper ∈ [--..--]
  tokens[0].type ∈ [1..2147483647] or UNINITIALIZED
        [0]{.start; .end} ∈ [-1..2147483647] or UNINITIALIZED
        [0].size ∈ [0..2147483647] or UNINITIALIZED
        [1].type ∈ [1..2147483647] or UNINITIALIZED
        [1]{.start; .end} ∈ [-1..2147483647] or UNINITIALIZED
        [1].size ∈ [0..2147483647] or UNINITIALIZED
        [2].type ∈
        {JSMN_OBJECT; JSMN_STRING; JSMN_PRIMITIVE} or UNINITIALIZED
        [2]{.start; .end} ∈ [-1..8] or UNINITIALIZED
        [2].size ∈ [0..2147483647] or UNINITIALIZED
        [3].type ∈
        {JSMN_OBJECT; JSMN_STRING; JSMN_PRIMITIVE} or UNINITIALIZED
        [3].start ∈ [-1..8] or UNINITIALIZED
        [3].end ∈ [-1..2147483647] or UNINITIALIZED
        [3].size ∈ [0..2147483647] or UNINITIALIZED
        [4].type ∈
        {JSMN_OBJECT; JSMN_STRING; JSMN_PRIMITIVE} or UNINITIALIZED
        [4].start ∈ [-1..8] or UNINITIALIZED
        [4].end ∈ [-1..2147483647] or UNINITIALIZED
        [4].size ∈ [0..2147483647] or UNINITIALIZED
        [5].type ∈
        {JSMN_OBJECT; JSMN_STRING; JSMN_PRIMITIVE} or UNINITIALIZED
        [5].start ∈ [-1..8] or UNINITIALIZED
        [5].end ∈ [-1..2147483647] or UNINITIALIZED
        [5].size ∈ [0..2147483647] or UNINITIALIZED
        [6].type ∈
        {JSMN_OBJECT; JSMN_STRING; JSMN_PRIMITIVE} or UNINITIALIZED
        [6].start ∈ [-1..8] or UNINITIALIZED
        [6].end ∈ [-1..2147483647] or UNINITIALIZED
        [6].size ∈ [0..2147483647] or UNINITIALIZED
        [7].type ∈
        {JSMN_OBJECT; JSMN_STRING; JSMN_PRIMITIVE} or UNINITIALIZED
        [7].start ∈ [-1..8] or UNINITIALIZED
        [7].end ∈ [-1..2147483647] or UNINITIALIZED
        [7].size ∈ [0..2147483647] or UNINITIALIZED
        [8].type ∈
        {JSMN_OBJECT; JSMN_STRING; JSMN_PRIMITIVE} or UNINITIALIZED
        [8].start ∈ [-1..8] or UNINITIALIZED
        [8].end ∈ [-1..2147483647] or UNINITIALIZED
        [8].size ∈ [0..2147483647] or UNINITIALIZED
        [9].type ∈
        {JSMN_OBJECT; JSMN_STRING; JSMN_PRIMITIVE} or UNINITIALIZED
        [9].start ∈ [-1..8] or UNINITIALIZED
        [9].end ∈ [-1..2147483647] or UNINITIALIZED
        [9].size ∈ [0..2147483647] or UNINITIALIZED
  __retres ∈
          {{ NULL ; &tok{[0], [1], [2], [3], [4]} ;
             &toksmall{[0], [1], [2], [3], [4]} ; &toklarge + [0..144],0%16 ;
             &tok + [0..144],0%16 ; &tokens + [0..2032],0%16 ;
             &tokens + [0..144],0%16 ; &__malloc_parse_l76 ;
             &__malloc_parse_l76_0 ; &__malloc_parse_l76_1{[0], [1], [2]} ;
             &__malloc_parse_l76_2{[0], [1], [2]} ;
             &__malloc_parse_l76_3{[0], [1], [2]} ;
             &__malloc_parse_l76_4{[0], [1], [2], [3], [4]} ;
             &__malloc_parse_l76_5{[0], [1], [2], [3], [4], [5], [6]} ;
             &__malloc_parse_l76_6{[0], [1], [2], [3], [4]} ;
             &__malloc_parse_l76_7{[0], [1]} ;
             &__malloc_parse_l76_8{[0], [1], [2]} ;
             &__malloc_parse_l76_9{[0], [1], [2]} ;
             &__malloc_parse_l76_10{[0], [1], [2]} ;
             &__malloc_parse_l76_11{[0], [1], [2]} ;
             &__malloc_parse_l76_12{[0], [1], [2]} ;
             &__malloc_parse_l76_13{[0], [1], [2]} ;
             &__malloc_parse_l76_14{[0], [1], [2]} ;
             &__malloc_parse_l76_15{[0], [1], [2]} ;
             &__malloc_parse_l76_16{[0], [1], [2]} ;
             &__malloc_parse_l76_17{[0], [1], [2]} ;
             &__malloc_parse_l76_18{[0], [1], [2]} ;
             &__malloc_parse_l76_19{[0], [1], [2]} ;
             &__malloc_parse_l76_20{[0], [1], [2], [3]} ;
             &__malloc_parse_l76_21{[0], [1], [2]} ;
             &__malloc_parse_l76_22{[0], [1], [2]} ;
             &__malloc_parse_l76_23{[0], [1], [2], [3]} ;
             &__malloc_parse_l76_24{[0], [1], [2], [3], [4], [5], [6], [7]} ;
             &__malloc_parse_l76_25{[0], [1]} ;
             &__malloc_parse_l76_26{[0], [1], [2], [3], [4], [5]} ;
             &__malloc_parse_l76_27{[0], [1]} ;
             &__malloc_parse_l76_28{[0], [1]} ;
             &__malloc_parse_l76_29{[0], [1], [2]} ;
             &__malloc_parse_l76_30{[0], [1], [2]} ;
             &__malloc_parse_l76_31{[0], [1], [2]} ;
             &__malloc_parse_l76_32{[0], [1], [2]} ;
             &__malloc_parse_l76_33{[0], [1], [2], [3]} }}
  __malloc_parse_l76.type ∈ {JSMN_OBJECT} or UNINITIALIZED
                    .start ∈ {-1; 0; 1} or UNINITIALIZED
                    .end ∈ {-1; 1; 2} or UNINITIALIZED
                    .size ∈ [0..2147483647] or UNINITIALIZED
  __malloc_parse_l76_0.type ∈ {JSMN_ARRAY} or UNINITIALIZED
                      .start ∈ {-1; 0; 1} or UNINITIALIZED
                      .end ∈ {-1; 1; 2} or UNINITIALIZED
                      .size ∈ [0..2147483647] or UNINITIALIZED
  __malloc_parse_l76_1[0].type ∈ {JSMN_OBJECT; JSMN_ARRAY} or UNINITIALIZED
                      [0].start ∈ [-1..2147483647] or UNINITIALIZED
                      [0].end ∈ {-1; 1; 2; 3; 4; 5; 6; 7} or UNINITIALIZED
                      [0].size ∈ [0..2147483647] or UNINITIALIZED
                      [1].type ∈ {JSMN_OBJECT; JSMN_ARRAY} or UNINITIALIZED
                      [1].start ∈ [-1..2147483647] or UNINITIALIZED
                      [1].end ∈ {-1; 1; 2; 3; 4; 5; 6; 7} or UNINITIALIZED
                      [1].size ∈ [0..2147483647] or UNINITIALIZED
                      [2].type ∈ {JSMN_OBJECT; JSMN_ARRAY} or UNINITIALIZED
                      [2].start ∈
                      {-1; 0; 1; 2; 3; 4; 5; 6} or UNINITIALIZED
                      [2].end ∈ {-1; 1; 2; 3; 4; 5; 6; 7} or UNINITIALIZED
                      [2].size ∈ [0..2147483647] or UNINITIALIZED
  __malloc_parse_l76_2[0].type ∈ [1..2147483647] or UNINITIALIZED
                      [0]{.start; .end} ∈ [-1..2147483647] or UNINITIALIZED
                      [0].size ∈ [0..2147483647] or UNINITIALIZED
                      [1].type ∈ [1..2147483647] or UNINITIALIZED
                      [1]{.start; .end} ∈ [-1..2147483647] or UNINITIALIZED
                      [1].size ∈ [0..2147483647] or UNINITIALIZED
                      [2].type ∈
                      {JSMN_OBJECT; JSMN_STRING; JSMN_PRIMITIVE} or UNINITIALIZED
                      [2].start ∈ [-1..7] or UNINITIALIZED
                      [2].end ∈ {-1; 1; 2; 3; 4; 5; 6; 7} or UNINITIALIZED
                      [2].size ∈ [0..2147483647] or UNINITIALIZED
  __malloc_parse_l76_3[0].type ∈ [1..2147483647] or UNINITIALIZED
                      [0]{.start; .end} ∈ [-1..2147483647] or UNINITIALIZED
                      [0].size ∈ [0..2147483647] or UNINITIALIZED
                      [1].type ∈ [1..2147483647] or UNINITIALIZED
                      [1]{.start; .end} ∈ [-1..2147483647] or UNINITIALIZED
                      [1].size ∈ [0..2147483647] or UNINITIALIZED
                      [2].type ∈
                      {JSMN_OBJECT; JSMN_ARRAY; JSMN_STRING; JSMN_PRIMITIVE} or UNINITIALIZED
                      [2]{.start; .end} ∈ [-1..8] or UNINITIALIZED
                      [2].size ∈ [0..2147483647] or UNINITIALIZED
  __malloc_parse_l76_4[0].type ∈ [1..2147483647] or UNINITIALIZED
                      [0]{.start; .end} ∈ [-1..2147483647] or UNINITIALIZED
                      [0].size ∈ [0..2147483647] or UNINITIALIZED
                      [1].type ∈ [1..2147483647] or UNINITIALIZED
                      [1]{.start; .end} ∈ [-1..2147483647] or UNINITIALIZED
                      [1].size ∈ [0..2147483647] or UNINITIALIZED
                      [2].type ∈
                      {JSMN_OBJECT; JSMN_STRING; JSMN_PRIMITIVE} or UNINITIALIZED
                      [2]{.start; .end} ∈ [-1..16] or UNINITIALIZED
                      [2].size ∈ [0..2147483647] or UNINITIALIZED
                      [3].type ∈
                      {JSMN_OBJECT; JSMN_STRING; JSMN_PRIMITIVE} or UNINITIALIZED
                      [3].start ∈ [-1..16] or UNINITIALIZED
                      [3].end ∈ [-1..2147483647] or UNINITIALIZED
                      [3].size ∈ [0..2147483647] or UNINITIALIZED
                      [4].type ∈
                      {JSMN_OBJECT; JSMN_STRING; JSMN_PRIMITIVE} or UNINITIALIZED
                      [4].start ∈ [-1..16] or UNINITIALIZED
                      [4].end ∈ [-1..2147483647] or UNINITIALIZED
                      [4].size ∈ [0..2147483647] or UNINITIALIZED
  __malloc_parse_l76_5[0].type ∈
                      {JSMN_OBJECT; JSMN_ARRAY; JSMN_STRING; JSMN_PRIMITIVE} or UNINITIALIZED
                      [0].start ∈ [-1..2147483647] or UNINITIALIZED
                      [0].end ∈ [-1..43] or UNINITIALIZED
                      [0].size ∈ [0..2147483647] or UNINITIALIZED
                      [1].type ∈
                      {JSMN_OBJECT; JSMN_ARRAY; JSMN_STRING; JSMN_PRIMITIVE} or UNINITIALIZED
                      [1].start ∈ [-1..2147483647] or UNINITIALIZED
                      [1].end ∈ [-1..43] or UNINITIALIZED
                      [1].size ∈ [0..2147483647] or UNINITIALIZED
                      [2].type ∈
                      {JSMN_OBJECT; JSMN_ARRAY; JSMN_STRING; JSMN_PRIMITIVE} or UNINITIALIZED
                      [2]{.start; .end} ∈ [-1..43] or UNINITIALIZED
                      [2].size ∈ [0..2147483647] or UNINITIALIZED
                      [3].type ∈
                      {JSMN_OBJECT; JSMN_ARRAY; JSMN_STRING; JSMN_PRIMITIVE} or UNINITIALIZED
                      [3].start ∈ [-1..43] or UNINITIALIZED
                      [3].end ∈ [-1..2147483647] or UNINITIALIZED
                      [3].size ∈ [0..2147483647] or UNINITIALIZED
                      [4].type ∈
                      {JSMN_OBJECT; JSMN_ARRAY; JSMN_STRING; JSMN_PRIMITIVE} or UNINITIALIZED
                      [4].start ∈ [-1..43] or UNINITIALIZED
                      [4].end ∈ [-1..2147483647] or UNINITIALIZED
                      [4].size ∈ [0..2147483647] or UNINITIALIZED
                      [5].type ∈
                      {JSMN_OBJECT; JSMN_ARRAY; JSMN_STRING; JSMN_PRIMITIVE} or UNINITIALIZED
                      [5].start ∈ [-1..43] or UNINITIALIZED
                      [5].end ∈ [-1..2147483647] or UNINITIALIZED
                      [5].size ∈ [0..2147483647] or UNINITIALIZED
                      [6].type ∈
                      {JSMN_OBJECT; JSMN_ARRAY; JSMN_STRING; JSMN_PRIMITIVE} or UNINITIALIZED
                      [6].start ∈ [-1..43] or UNINITIALIZED
                      [6].end ∈ [-1..2147483647] or UNINITIALIZED
                      [6].size ∈ [0..2147483647] or UNINITIALIZED
  __malloc_parse_l76_6[0].type ∈ [1..2147483647] or UNINITIALIZED
                      [0]{.start; .end} ∈ [-1..2147483647] or UNINITIALIZED
                      [0].size ∈ [0..2147483647] or UNINITIALIZED
                      [1].type ∈ [1..2147483647] or UNINITIALIZED
                      [1]{.start; .end} ∈ [-1..2147483647] or UNINITIALIZED
                      [1].size ∈ [0..2147483647] or UNINITIALIZED
                      [2].type ∈
                      {JSMN_OBJECT; JSMN_ARRAY; JSMN_STRING; JSMN_PRIMITIVE} or UNINITIALIZED
                      [2]{.start; .end} ∈ [-1..18] or UNINITIALIZED
                      [2].size ∈ [0..2147483647] or UNINITIALIZED
                      [3].type ∈
                      {JSMN_OBJECT; JSMN_ARRAY; JSMN_STRING; JSMN_PRIMITIVE} or UNINITIALIZED
                      [3].start ∈ [-1..18] or UNINITIALIZED
                      [3].end ∈ [-1..2147483647] or UNINITIALIZED
                      [3].size ∈ [0..2147483647] or UNINITIALIZED
                      [4].type ∈
                      {JSMN_OBJECT; JSMN_ARRAY; JSMN_STRING; JSMN_PRIMITIVE} or UNINITIALIZED
                      [4].start ∈ [-1..18] or UNINITIALIZED
                      [4].end ∈ [-1..2147483647] or UNINITIALIZED
                      [4].size ∈ [0..2147483647] or UNINITIALIZED
  __malloc_parse_l76_7[0].type ∈
                      {JSMN_ARRAY; JSMN_PRIMITIVE} or UNINITIALIZED
                      [0]{.start; .end} ∈ [-1..2147483647] or UNINITIALIZED
                      [0].size ∈ [0..2147483647] or UNINITIALIZED
                      [1].type ∈
                      {JSMN_ARRAY; JSMN_PRIMITIVE} or UNINITIALIZED
                      [1]{.start; .end} ∈ [-1..2147483647] or UNINITIALIZED
                      [1].size ∈ [0..2147483647] or UNINITIALIZED
  __malloc_parse_l76_8[0].type ∈ [1..2147483647] or UNINITIALIZED
                      [0].start ∈ [-1..2147483647] or UNINITIALIZED
                      [0].end ∈ [-1..8] or UNINITIALIZED
                      [0].size ∈ [0..2147483647] or UNINITIALIZED
                      [1].type ∈ [1..2147483647] or UNINITIALIZED
                      [1].start ∈ [-1..2147483647] or UNINITIALIZED
                      [1].end ∈ [-1..8] or UNINITIALIZED
                      [1].size ∈ [0..2147483647] or UNINITIALIZED
                      [2].type ∈
                      {JSMN_OBJECT; JSMN_STRING; JSMN_PRIMITIVE} or UNINITIALIZED
                      [2].start ∈ [-1..8] or UNINITIALIZED
                      [2].end ∈ {-1; 1; 2; 3; 4; 5; 6; 7} or UNINITIALIZED
                      [2].size ∈ [0..2147483647] or UNINITIALIZED
  __malloc_parse_l76_9[0].type ∈ [1..2147483647] or UNINITIALIZED
                      [0]{.start; .end} ∈ [-1..2147483647] or UNINITIALIZED
                      [0].size ∈ [0..2147483647] or UNINITIALIZED
                      [1].type ∈ [1..2147483647] or UNINITIALIZED
                      [1]{.start; .end} ∈ [-1..2147483647] or UNINITIALIZED
                      [1].size ∈ [0..2147483647] or UNINITIALIZED
                      [2].type ∈
                      {JSMN_OBJECT; JSMN_ARRAY; JSMN_STRING; JSMN_PRIMITIVE} or UNINITIALIZED
                      [2]{.start; .end} ∈ [-1..19] or UNINITIALIZED
                      [2].size ∈ [0..2147483647] or UNINITIALIZED
  __malloc_parse_l76_10[0].type ∈ [1..2147483647] or UNINITIALIZED
                       [0]{.start; .end} ∈
                       [-1..2147483647] or UNINITIALIZED
                       [0].size ∈ [0..2147483647] or UNINITIALIZED
                       [1].type ∈ [1..2147483647] or UNINITIALIZED
                       [1]{.start; .end} ∈
                       [-1..2147483647] or UNINITIALIZED
                       [1].size ∈ [0..2147483647] or UNINITIALIZED
                       [2].type ∈
                       {JSMN_OBJECT; JSMN_ARRAY; JSMN_STRING; JSMN_PRIMITIVE} or UNINITIALIZED
                       [2]{.start; .end} ∈ [-1..20] or UNINITIALIZED
                       [2].size ∈ [0..2147483647] or UNINITIALIZED
  __malloc_parse_l76_11[0].type ∈ [1..2147483647] or UNINITIALIZED
                       [0]{.start; .end} ∈
                       [-1..2147483647] or UNINITIALIZED
                       [0].size ∈ [0..2147483647] or UNINITIALIZED
                       [1].type ∈ [1..2147483647] or UNINITIALIZED
                       [1]{.start; .end} ∈
                       [-1..2147483647] or UNINITIALIZED
                       [1].size ∈ [0..2147483647] or UNINITIALIZED
                       [2].type ∈
                       {JSMN_OBJECT; JSMN_ARRAY; JSMN_STRING; JSMN_PRIMITIVE} or UNINITIALIZED
                       [2]{.start; .end} ∈ [-1..19] or UNINITIALIZED
                       [2].size ∈ [0..2147483647] or UNINITIALIZED
  __malloc_parse_l76_12[0].type ∈ [1..2147483647] or UNINITIALIZED
                       [0]{.start; .end} ∈
                       [-1..2147483647] or UNINITIALIZED
                       [0].size ∈ [0..2147483647] or UNINITIALIZED
                       [1].type ∈ [1..2147483647] or UNINITIALIZED
                       [1]{.start; .end} ∈
                       [-1..2147483647] or UNINITIALIZED
                       [1].size ∈ [0..2147483647] or UNINITIALIZED
                       [2].type ∈
                       {JSMN_OBJECT; JSMN_ARRAY; JSMN_STRING; JSMN_PRIMITIVE} or UNINITIALIZED
                       [2]{.start; .end} ∈ [-1..15] or UNINITIALIZED
                       [2].size ∈ [0..2147483647] or UNINITIALIZED
  __malloc_parse_l76_13[0].type ∈ [1..2147483647] or UNINITIALIZED
                       [0]{.start; .end} ∈
                       [-1..2147483647] or UNINITIALIZED
                       [0].size ∈ [0..2147483647] or UNINITIALIZED
                       [1].type ∈ [1..2147483647] or UNINITIALIZED
                       [1]{.start; .end} ∈
                       [-1..2147483647] or UNINITIALIZED
                       [1].size ∈ [0..2147483647] or UNINITIALIZED
                       [2].type ∈
                       {JSMN_OBJECT; JSMN_ARRAY; JSMN_STRING; JSMN_PRIMITIVE} or UNINITIALIZED
                       [2]{.start; .end} ∈ [-1..21] or UNINITIALIZED
                       [2].size ∈ [0..2147483647] or UNINITIALIZED
  __malloc_parse_l76_14[0].type ∈ [1..2147483647] or UNINITIALIZED
                       [0]{.start; .end} ∈
                       [-1..2147483647] or UNINITIALIZED
                       [0].size ∈ [0..2147483647] or UNINITIALIZED
                       [1].type ∈ [1..2147483647] or UNINITIALIZED
                       [1]{.start; .end} ∈
                       [-1..2147483647] or UNINITIALIZED
                       [1].size ∈ [0..2147483647] or UNINITIALIZED
                       [2].type ∈
                       {JSMN_OBJECT; JSMN_ARRAY; JSMN_STRING; JSMN_PRIMITIVE} or UNINITIALIZED
                       [2]{.start; .end} ∈ [-1..26] or UNINITIALIZED
                       [2].size ∈ [0..2147483647] or UNINITIALIZED
  __malloc_parse_l76_15[0].type ∈ [1..2147483647] or UNINITIALIZED
                       [0]{.start; .end} ∈
                       [-1..2147483647] or UNINITIALIZED
                       [0].size ∈ [0..2147483647] or UNINITIALIZED
                       [1].type ∈ [1..2147483647] or UNINITIALIZED
                       [1]{.start; .end} ∈
                       [-1..2147483647] or UNINITIALIZED
                       [1].size ∈ [0..2147483647] or UNINITIALIZED
                       [2].type ∈
                       {JSMN_OBJECT; JSMN_ARRAY; JSMN_STRING; JSMN_PRIMITIVE} or UNINITIALIZED
                       [2]{.start; .end} ∈ [-1..40] or UNINITIALIZED
                       [2].size ∈ [0..2147483647] or UNINITIALIZED
  __malloc_parse_l76_16[0].type ∈ [1..2147483647] or UNINITIALIZED
                       [0]{.start; .end} ∈
                       [-1..2147483647] or UNINITIALIZED
                       [0].size ∈ [0..2147483647] or UNINITIALIZED
                       [1].type ∈ [1..2147483647] or UNINITIALIZED
                       [1]{.start; .end} ∈
                       [-1..2147483647] or UNINITIALIZED
                       [1].size ∈ [0..2147483647] or UNINITIALIZED
                       [2].type ∈
                       {JSMN_OBJECT; JSMN_ARRAY; JSMN_STRING; JSMN_PRIMITIVE} or UNINITIALIZED
                       [2]{.start; .end} ∈ [-1..14] or UNINITIALIZED
                       [2].size ∈ [0..2147483647] or UNINITIALIZED
  __malloc_parse_l76_17[0].type ∈ [1..2147483647] or UNINITIALIZED
                       [0]{.start; .end} ∈
                       [-1..2147483647] or UNINITIALIZED
                       [0].size ∈ [0..2147483647] or UNINITIALIZED
                       [1].type ∈ [1..2147483647] or UNINITIALIZED
                       [1]{.start; .end} ∈
                       [-1..2147483647] or UNINITIALIZED
                       [1].size ∈ [0..2147483647] or UNINITIALIZED
                       [2].type ∈
                       {JSMN_OBJECT; JSMN_ARRAY; JSMN_STRING; JSMN_PRIMITIVE} or UNINITIALIZED
                       [2]{.start; .end} ∈ [-1..14] or UNINITIALIZED
                       [2].size ∈ [0..2147483647] or UNINITIALIZED
  __malloc_parse_l76_18[0].type ∈ [1..2147483647] or UNINITIALIZED
                       [0]{.start; .end} ∈
                       [-1..2147483647] or UNINITIALIZED
                       [0].size ∈ [0..2147483647] or UNINITIALIZED
                       [1].type ∈ [1..2147483647] or UNINITIALIZED
                       [1]{.start; .end} ∈
                       [-1..2147483647] or UNINITIALIZED
                       [1].size ∈ [0..2147483647] or UNINITIALIZED
                       [2].type ∈
                       {JSMN_OBJECT; JSMN_ARRAY; JSMN_STRING; JSMN_PRIMITIVE} or UNINITIALIZED
                       [2]{.start; .end} ∈ [-1..17] or UNINITIALIZED
                       [2].size ∈ [0..2147483647] or UNINITIALIZED
  __malloc_parse_l76_19[0].type ∈ [1..2147483647] or UNINITIALIZED
                       [0]{.start; .end} ∈
                       [-1..2147483647] or UNINITIALIZED
                       [0].size ∈ [0..2147483647] or UNINITIALIZED
                       [1].type ∈ [1..2147483647] or UNINITIALIZED
                       [1]{.start; .end} ∈
                       [-1..2147483647] or UNINITIALIZED
                       [1].size ∈ [0..2147483647] or UNINITIALIZED
                       [2].type ∈
                       {JSMN_OBJECT; JSMN_ARRAY; JSMN_STRING; JSMN_PRIMITIVE} or UNINITIALIZED
                       [2]{.start; .end} ∈ [-1..17] or UNINITIALIZED
                       [2].size ∈ [0..2147483647] or UNINITIALIZED
  __malloc_parse_l76_20[0].type ∈ [1..2147483647] or UNINITIALIZED
                       [0]{.start; .end} ∈
                       [-1..2147483647] or UNINITIALIZED
                       [0].size ∈ [0..2147483647] or UNINITIALIZED
                       [1].type ∈ [1..2147483647] or UNINITIALIZED
                       [1]{.start; .end} ∈
                       [-1..2147483647] or UNINITIALIZED
                       [1].size ∈ [0..2147483647] or UNINITIALIZED
                       [2].type ∈
                       {JSMN_OBJECT; JSMN_ARRAY; JSMN_STRING; JSMN_PRIMITIVE} or UNINITIALIZED
                       [2]{.start; .end} ∈ [-1..16] or UNINITIALIZED
                       [2].size ∈ [0..2147483647] or UNINITIALIZED
                       [3].type ∈
                       {JSMN_OBJECT; JSMN_ARRAY; JSMN_STRING; JSMN_PRIMITIVE} or UNINITIALIZED
                       [3].start ∈ [-1..16] or UNINITIALIZED
                       [3].end ∈ [-1..2147483647] or UNINITIALIZED
                       [3].size ∈ [0..2147483647] or UNINITIALIZED
  __malloc_parse_l76_21[0].type ∈ [1..2147483647] or UNINITIALIZED
                       [0]{.start; .end} ∈
                       [-1..2147483647] or UNINITIALIZED
                       [0].size ∈ [0..2147483647] or UNINITIALIZED
                       [1].type ∈ [1..2147483647] or UNINITIALIZED
                       [1]{.start; .end} ∈
                       [-1..2147483647] or UNINITIALIZED
                       [1].size ∈ [0..2147483647] or UNINITIALIZED
                       [2].type ∈
                       {JSMN_OBJECT; JSMN_ARRAY; JSMN_STRING; JSMN_PRIMITIVE} or UNINITIALIZED
                       [2]{.start; .end} ∈ [-1..20] or UNINITIALIZED
                       [2].size ∈ [0..2147483647] or UNINITIALIZED
  __malloc_parse_l76_22[0].type ∈ [1..2147483647] or UNINITIALIZED
                       [0]{.start; .end} ∈
                       [-1..2147483647] or UNINITIALIZED
                       [0].size ∈ [0..2147483647] or UNINITIALIZED
                       [1].type ∈ [1..2147483647] or UNINITIALIZED
                       [1]{.start; .end} ∈
                       [-1..2147483647] or UNINITIALIZED
                       [1].size ∈ [0..2147483647] or UNINITIALIZED
                       [2].type ∈
                       {JSMN_OBJECT; JSMN_ARRAY; JSMN_STRING; JSMN_PRIMITIVE} or UNINITIALIZED
                       [2]{.start; .end} ∈ [-1..17] or UNINITIALIZED
                       [2].size ∈ [0..2147483647] or UNINITIALIZED
  __malloc_parse_l76_23[0].type ∈
                       {JSMN_OBJECT; JSMN_ARRAY; JSMN_STRING; JSMN_PRIMITIVE} or UNINITIALIZED
                       [0].start ∈ [-1..2147483647] or UNINITIALIZED
                       [0].end ∈ [-1..16] or UNINITIALIZED
                       [0].size ∈ [0..2147483647] or UNINITIALIZED
                       [1].type ∈
                       {JSMN_OBJECT; JSMN_ARRAY; JSMN_STRING; JSMN_PRIMITIVE} or UNINITIALIZED
                       [1].start ∈ [-1..2147483647] or UNINITIALIZED
                       [1].end ∈ [-1..16] or UNINITIALIZED
                       [1].size ∈ [0..2147483647] or UNINITIALIZED
                       [2].type ∈
                       {JSMN_OBJECT; JSMN_ARRAY; JSMN_STRING; JSMN_PRIMITIVE} or UNINITIALIZED
                       [2]{.start; .end} ∈ [-1..16] or UNINITIALIZED
                       [2].size ∈ [0..2147483647] or UNINITIALIZED
                       [3].type ∈
                       {JSMN_OBJECT; JSMN_ARRAY; JSMN_STRING; JSMN_PRIMITIVE} or UNINITIALIZED
                       [3].start ∈ [-1..16] or UNINITIALIZED
                       [3].end ∈ [-1..2147483647] or UNINITIALIZED
                       [3].size ∈ [0..2147483647] or UNINITIALIZED
  __malloc_parse_l76_24[0].type ∈
                       {JSMN_OBJECT; JSMN_ARRAY; JSMN_STRING; JSMN_PRIMITIVE} or UNINITIALIZED
                       [0].start ∈ [-1..2147483647] or UNINITIALIZED
                       [0].end ∈ [-1..51] or UNINITIALIZED
                       [0].size ∈ [0..2147483647] or UNINITIALIZED
                       [1].type ∈
                       {JSMN_OBJECT; JSMN_ARRAY; JSMN_STRING; JSMN_PRIMITIVE} or UNINITIALIZED
                       [1].start ∈ [-1..2147483647] or UNINITIALIZED
                       [1].end ∈ [-1..51] or UNINITIALIZED
                       [1].size ∈ [0..2147483647] or UNINITIALIZED
                       [2].type ∈
                       {JSMN_OBJECT; JSMN_ARRAY; JSMN_STRING; JSMN_PRIMITIVE} or UNINITIALIZED
                       [2]{.start; .end} ∈ [-1..51] or UNINITIALIZED
                       [2].size ∈ [0..2147483647] or UNINITIALIZED
                       [3].type ∈
                       {JSMN_OBJECT; JSMN_ARRAY; JSMN_STRING; JSMN_PRIMITIVE} or UNINITIALIZED
                       [3].start ∈ [-1..51] or UNINITIALIZED
                       [3].end ∈ [-1..2147483647] or UNINITIALIZED
                       [3].size ∈ [0..2147483647] or UNINITIALIZED
                       [4].type ∈
                       {JSMN_OBJECT; JSMN_ARRAY; JSMN_STRING; JSMN_PRIMITIVE} or UNINITIALIZED
                       [4].start ∈ [-1..51] or UNINITIALIZED
                       [4].end ∈ [-1..2147483647] or UNINITIALIZED
                       [4].size ∈ [0..2147483647] or UNINITIALIZED
                       [5].type ∈
                       {JSMN_OBJECT; JSMN_ARRAY; JSMN_STRING; JSMN_PRIMITIVE} or UNINITIALIZED
                       [5].start ∈ [-1..51] or UNINITIALIZED
                       [5].end ∈ [-1..2147483647] or UNINITIALIZED
                       [5].size ∈ [0..2147483647] or UNINITIALIZED
                       [6].type ∈
                       {JSMN_OBJECT; JSMN_ARRAY; JSMN_STRING; JSMN_PRIMITIVE} or UNINITIALIZED
                       [6].start ∈ [-1..51] or UNINITIALIZED
                       [6].end ∈ [-1..2147483647] or UNINITIALIZED
                       [6].size ∈ [0..2147483647] or UNINITIALIZED
                       [7].type ∈
                       {JSMN_OBJECT; JSMN_ARRAY; JSMN_STRING; JSMN_PRIMITIVE} or UNINITIALIZED
                       [7].start ∈ [-1..51] or UNINITIALIZED
                       [7].end ∈ [-1..2147483647] or UNINITIALIZED
                       [7].size ∈ [0..2147483647] or UNINITIALIZED
  __malloc_parse_l76_25[0].type ∈ {JSMN_PRIMITIVE} or UNINITIALIZED
                       [0]{.start; .end} ∈
                       [-1..2147483647] or UNINITIALIZED
                       [0].size ∈ [0..2147483647] or UNINITIALIZED
                       [1].type ∈ {JSMN_PRIMITIVE} or UNINITIALIZED
                       [1]{.start; .end} ∈
                       [-1..2147483647] or UNINITIALIZED
                       [1].size ∈ [0..2147483647] or UNINITIALIZED
  __malloc_parse_l76_26[0].type ∈
                       {JSMN_ARRAY; JSMN_STRING; JSMN_PRIMITIVE} or UNINITIALIZED
                       [0].start ∈ [-1..30] or UNINITIALIZED
                       [0].end ∈ [-1..2147483647] or UNINITIALIZED
                       [0].size ∈ [0..2147483647] or UNINITIALIZED
                       [1].type ∈
                       {JSMN_ARRAY; JSMN_STRING; JSMN_PRIMITIVE} or UNINITIALIZED
                       [1].start ∈ [-1..30] or UNINITIALIZED
                       [1].end ∈ [-1..2147483647] or UNINITIALIZED
                       [1].size ∈ [0..2147483647] or UNINITIALIZED
                       [2].type ∈
                       {JSMN_ARRAY; JSMN_STRING; JSMN_PRIMITIVE} or UNINITIALIZED
                       [2].start ∈ [-1..30] or UNINITIALIZED
                       [2].end ∈ [-1..2147483647] or UNINITIALIZED
                       [2].size ∈ [0..2147483647] or UNINITIALIZED
                       [3].type ∈
                       {JSMN_ARRAY; JSMN_STRING; JSMN_PRIMITIVE} or UNINITIALIZED
                       [3].start ∈ [-1..30] or UNINITIALIZED
                       [3].end ∈ [-1..2147483647] or UNINITIALIZED
                       [3].size ∈ [0..2147483647] or UNINITIALIZED
                       [4].type ∈
                       {JSMN_ARRAY; JSMN_STRING; JSMN_PRIMITIVE} or UNINITIALIZED
                       [4].start ∈ [-1..30] or UNINITIALIZED
                       [4].end ∈ [-1..2147483647] or UNINITIALIZED
                       [4].size ∈ [0..2147483647] or UNINITIALIZED
                       [5].type ∈
                       {JSMN_ARRAY; JSMN_STRING; JSMN_PRIMITIVE} or UNINITIALIZED
                       [5].start ∈ [-1..30] or UNINITIALIZED
                       [5].end ∈ [-1..2147483647] or UNINITIALIZED
                       [5].size ∈ [0..2147483647] or UNINITIALIZED
  __malloc_parse_l76_27[0].type ∈
                       {JSMN_OBJECT; JSMN_ARRAY; JSMN_STRING; JSMN_PRIMITIVE} or UNINITIALIZED
                       [0].start ∈ [-1..14] or UNINITIALIZED
                       [0].end ∈ [-1..2147483647] or UNINITIALIZED
                       [0].size ∈ [0..2147483647] or UNINITIALIZED
                       [1].type ∈
                       {JSMN_OBJECT; JSMN_ARRAY; JSMN_STRING; JSMN_PRIMITIVE} or UNINITIALIZED
                       [1].start ∈ [-1..14] or UNINITIALIZED
                       [1].end ∈ [-1..2147483647] or UNINITIALIZED
                       [1].size ∈ [0..2147483647] or UNINITIALIZED
  __malloc_parse_l76_28[0].type ∈
                       {JSMN_OBJECT; JSMN_ARRAY; JSMN_STRING; JSMN_PRIMITIVE} or UNINITIALIZED
                       [0].start ∈ [-1..14] or UNINITIALIZED
                       [0].end ∈ [-1..2147483647] or UNINITIALIZED
                       [0].size ∈ [0..2147483647] or UNINITIALIZED
                       [1].type ∈
                       {JSMN_OBJECT; JSMN_ARRAY; JSMN_STRING; JSMN_PRIMITIVE} or UNINITIALIZED
                       [1].start ∈ [-1..14] or UNINITIALIZED
                       [1].end ∈ [-1..2147483647] or UNINITIALIZED
                       [1].size ∈ [0..2147483647] or UNINITIALIZED
  __malloc_parse_l76_29[0].type ∈ [1..2147483647] or UNINITIALIZED
                       [0]{.start; .end} ∈
                       [-1..2147483647] or UNINITIALIZED
                       [0].size ∈ [0..2147483647] or UNINITIALIZED
                       [1].type ∈ [1..2147483647] or UNINITIALIZED
                       [1]{.start; .end} ∈
                       [-1..2147483647] or UNINITIALIZED
                       [1].size ∈ [0..2147483647] or UNINITIALIZED
                       [2].type ∈
                       {JSMN_OBJECT; JSMN_ARRAY; JSMN_STRING; JSMN_PRIMITIVE} or UNINITIALIZED
                       [2].start ∈ [-1..14] or UNINITIALIZED
                       [2].end ∈ [-1..2147483647] or UNINITIALIZED
                       [2].size ∈ [0..2147483647] or UNINITIALIZED
  __malloc_parse_l76_30[0].type ∈ [1..2147483647] or UNINITIALIZED
                       [0]{.start; .end} ∈
                       [-1..2147483647] or UNINITIALIZED
                       [0].size ∈ [0..2147483647] or UNINITIALIZED
                       [1].type ∈ [1..2147483647] or UNINITIALIZED
                       [1]{.start; .end} ∈
                       [-1..2147483647] or UNINITIALIZED
                       [1].size ∈ [0..2147483647] or UNINITIALIZED
                       [2].type ∈
                       {JSMN_OBJECT; JSMN_ARRAY; JSMN_STRING; JSMN_PRIMITIVE} or UNINITIALIZED
                       [2]{.start; .end} ∈ [-1..16] or UNINITIALIZED
                       [2].size ∈ [0..2147483647] or UNINITIALIZED
  __malloc_parse_l76_31[0].type ∈
                       {JSMN_OBJECT; JSMN_ARRAY; JSMN_STRING; JSMN_PRIMITIVE} or UNINITIALIZED
                       [0].start ∈ [-1..14] or UNINITIALIZED
                       [0].end ∈ [-1..2147483647] or UNINITIALIZED
                       [0].size ∈ [0..2147483647] or UNINITIALIZED
                       [1].type ∈
                       {JSMN_OBJECT; JSMN_ARRAY; JSMN_STRING; JSMN_PRIMITIVE} or UNINITIALIZED
                       [1].start ∈ [-1..14] or UNINITIALIZED
                       [1].end ∈ [-1..2147483647] or UNINITIALIZED
                       [1].size ∈ [0..2147483647] or UNINITIALIZED
                       [2].type ∈
                       {JSMN_OBJECT; JSMN_ARRAY; JSMN_STRING; JSMN_PRIMITIVE} or UNINITIALIZED
                       [2].start ∈ [-1..14] or UNINITIALIZED
                       [2].end ∈ [-1..2147483647] or UNINITIALIZED
                       [2].size ∈ [0..2147483647] or UNINITIALIZED
  __malloc_parse_l76_32[0].type ∈ [1..2147483647] or UNINITIALIZED
                       [0]{.start; .end} ∈
                       [-1..2147483647] or UNINITIALIZED
                       [0].size ∈ [0..2147483647] or UNINITIALIZED
                       [1].type ∈ [1..2147483647] or UNINITIALIZED
                       [1]{.start; .end} ∈
                       [-1..2147483647] or UNINITIALIZED
                       [1].size ∈ [0..2147483647] or UNINITIALIZED
                       [2].type ∈
                       {JSMN_OBJECT; JSMN_ARRAY; JSMN_STRING; JSMN_PRIMITIVE} or UNINITIALIZED
                       [2]{.start; .end} ∈ [-1..16] or UNINITIALIZED
                       [2].size ∈ [0..2147483647] or UNINITIALIZED
  __malloc_parse_l76_33[0].type ∈
                       {JSMN_OBJECT; JSMN_ARRAY; JSMN_STRING; JSMN_PRIMITIVE} or UNINITIALIZED
                       [0].start ∈ [-1..2147483647] or UNINITIALIZED
                       [0].end ∈ [-1..16] or UNINITIALIZED
                       [0].size ∈ [0..2147483647] or UNINITIALIZED
                       [1].type ∈
                       {JSMN_OBJECT; JSMN_ARRAY; JSMN_STRING; JSMN_PRIMITIVE} or UNINITIALIZED
                       [1].start ∈ [-1..2147483647] or UNINITIALIZED
                       [1].end ∈ [-1..16] or UNINITIALIZED
                       [1].size ∈ [0..2147483647] or UNINITIALIZED
                       [2].type ∈
                       {JSMN_OBJECT; JSMN_ARRAY; JSMN_STRING; JSMN_PRIMITIVE} or UNINITIALIZED
                       [2]{.start; .end} ∈ [-1..16] or UNINITIALIZED
                       [2].size ∈ [0..2147483647] or UNINITIALIZED
                       [3].type ∈
                       {JSMN_OBJECT; JSMN_ARRAY; JSMN_STRING; JSMN_PRIMITIVE} or UNINITIALIZED
                       [3].start ∈ [-1..16] or UNINITIALIZED
                       [3].end ∈ [-1..2147483647] or UNINITIALIZED
                       [3].size ∈ [0..2147483647] or UNINITIALIZED
[eva:final-states] Values at end of function jsmn_fill_token:
  tok[0].type ∈ [1..2147483647] or UNINITIALIZED
     [0]{.start; .end} ∈ [-1..2147483647] or UNINITIALIZED
     [0].size ∈ [0..2147483647] or UNINITIALIZED
     [1].type ∈ [1..2147483647] or UNINITIALIZED
     [1]{.start; .end} ∈ [-1..2147483647] or UNINITIALIZED
     [1].size ∈ [0..2147483647] or UNINITIALIZED
     [2].type ∈ [1..2147483647] or UNINITIALIZED
     [2]{.start; .end} ∈ [-1..2147483647] or UNINITIALIZED
     [2].size ∈ [0..2147483647] or UNINITIALIZED
     [3].type ∈ [1..2147483647] or UNINITIALIZED
     [3]{.start; .end} ∈ [-1..2147483647] or UNINITIALIZED
     [3].size ∈ [0..2147483647] or UNINITIALIZED
     [4].type ∈ [1..2147483647] or UNINITIALIZED
     [4]{.start; .end} ∈ [-1..2147483647] or UNINITIALIZED
     [4].size ∈ [0..2147483647] or UNINITIALIZED
  toksmall[0].type ∈
          {JSMN_UNDEFINED; JSMN_ARRAY; JSMN_STRING; JSMN_PRIMITIVE}
          [0]{.start; .end} ∈ [-1..28]
          [0].size ∈ [0..2147483647]
          [1].type ∈
          {JSMN_UNDEFINED; JSMN_ARRAY; JSMN_STRING; JSMN_PRIMITIVE}
          [1].start ∈ [-1..28]
          [1].end ∈ [-1..2147483647]
          [1].size ∈ [0..2147483647]
          [2].type ∈
          {JSMN_UNDEFINED; JSMN_ARRAY; JSMN_STRING; JSMN_PRIMITIVE}
          [2]{.start; .end} ∈ [-1..28]
          [2].size ∈ [0..2147483647]
          [3].type ∈
          {JSMN_UNDEFINED; JSMN_ARRAY; JSMN_STRING; JSMN_PRIMITIVE}
          [3].start ∈ [-1..28]
          [3].end ∈ [-1..2147483647]
          [3].size ∈ [0..2147483647]
          [4].type ∈
          {JSMN_UNDEFINED; JSMN_ARRAY; JSMN_STRING; JSMN_PRIMITIVE}
          [4].start ∈ [-1..28]
          [4].end ∈ [-1..2147483647]
          [4].size ∈ [0..2147483647]
          [5]{.type; .start; .end} ∈ {0}
          [5].size ∈ [0..2147483647]
          [6]{.type; .start; .end} ∈ {0}
          [6].size ∈ [0..2147483647]
          [7]{.type; .start; .end} ∈ {0}
          [7].size ∈ [0..2147483647]
          [8]{.type; .start; .end} ∈ {0}
          [8].size ∈ [0..2147483647]
          [9]{.type; .start; .end} ∈ {0}
          [9].size ∈ [0..2147483647]
  toklarge[0].type ∈
          {JSMN_UNDEFINED; JSMN_ARRAY; JSMN_STRING; JSMN_PRIMITIVE}
          [0]{.start; .end} ∈ [-1..28]
          [0].size ∈ [0..2147483647]
          [1].type ∈
          {JSMN_UNDEFINED; JSMN_ARRAY; JSMN_STRING; JSMN_PRIMITIVE}
          [1].start ∈ [-1..28]
          [1].end ∈ [-1..2147483647]
          [1].size ∈ [0..2147483647]
          [2].type ∈
          {JSMN_UNDEFINED; JSMN_ARRAY; JSMN_STRING; JSMN_PRIMITIVE}
          [2].start ∈ [-1..28]
          [2].end ∈ [-1..2147483647]
          [2].size ∈ [0..2147483647]
          [3].type ∈
          {JSMN_UNDEFINED; JSMN_ARRAY; JSMN_STRING; JSMN_PRIMITIVE}
          [3].start ∈ [-1..28]
          [3].end ∈ [-1..2147483647]
          [3].size ∈ [0..2147483647]
          [4].type ∈
          {JSMN_UNDEFINED; JSMN_ARRAY; JSMN_STRING; JSMN_PRIMITIVE}
          [4].start ∈ [-1..28]
          [4].end ∈ [-1..2147483647]
          [4].size ∈ [0..2147483647]
          [5].type ∈
          {JSMN_UNDEFINED; JSMN_ARRAY; JSMN_STRING; JSMN_PRIMITIVE}
          [5].start ∈ [-1..28]
          [5].end ∈ [-1..2147483647]
          [5].size ∈ [0..2147483647]
          [6].type ∈
          {JSMN_UNDEFINED; JSMN_ARRAY; JSMN_STRING; JSMN_PRIMITIVE}
          [6].start ∈ [-1..28]
          [6].end ∈ [-1..2147483647]
          [6].size ∈ [0..2147483647]
          [7].type ∈
          {JSMN_UNDEFINED; JSMN_ARRAY; JSMN_STRING; JSMN_PRIMITIVE}
          [7].start ∈ [-1..28]
          [7].end ∈ [-1..2147483647]
          [7].size ∈ [0..2147483647]
          [8].type ∈
          {JSMN_UNDEFINED; JSMN_ARRAY; JSMN_STRING; JSMN_PRIMITIVE}
          [8].start ∈ [-1..28]
          [8].end ∈ [-1..2147483647]
          [8].size ∈ [0..2147483647]
          [9].type ∈
          {JSMN_UNDEFINED; JSMN_ARRAY; JSMN_STRING; JSMN_PRIMITIVE}
          [9].start ∈ [-1..28]
          [9].end ∈ [-1..2147483647]
          [9].size ∈ [0..2147483647]
  tok[0].type ∈ {JSMN_ARRAY; JSMN_STRING; JSMN_PRIMITIVE} or UNINITIALIZED
     [0].start ∈ [-1..24] or UNINITIALIZED
     [0].end ∈ [-1..2147483647] or UNINITIALIZED
     [0].size ∈ [0..2147483647] or UNINITIALIZED
     [1].type ∈ {JSMN_ARRAY; JSMN_STRING; JSMN_PRIMITIVE} or UNINITIALIZED
     [1].start ∈ [-1..24] or UNINITIALIZED
     [1].end ∈ [-1..2147483647] or UNINITIALIZED
     [1].size ∈ [0..2147483647] or UNINITIALIZED
     [2].type ∈ {JSMN_ARRAY; JSMN_STRING; JSMN_PRIMITIVE} or UNINITIALIZED
     [2].start ∈ [-1..24] or UNINITIALIZED
     [2].end ∈ [-1..2147483647] or UNINITIALIZED
     [2].size ∈ [0..2147483647] or UNINITIALIZED
     [3].type ∈ {JSMN_ARRAY; JSMN_STRING; JSMN_PRIMITIVE} or UNINITIALIZED
     [3].start ∈ [-1..24] or UNINITIALIZED
     [3].end ∈ [-1..2147483647] or UNINITIALIZED
     [3].size ∈ [0..2147483647] or UNINITIALIZED
     [4].type ∈ {JSMN_ARRAY; JSMN_STRING; JSMN_PRIMITIVE} or UNINITIALIZED
     [4].start ∈ [-1..24] or UNINITIALIZED
     [4].end ∈ [-1..2147483647] or UNINITIALIZED
     [4].size ∈ [0..2147483647] or UNINITIALIZED
     [5].type ∈ {JSMN_ARRAY; JSMN_STRING; JSMN_PRIMITIVE} or UNINITIALIZED
     [5].start ∈ [-1..24] or UNINITIALIZED
     [5].end ∈ [-1..2147483647] or UNINITIALIZED
     [5].size ∈ [0..2147483647] or UNINITIALIZED
     [6].type ∈ {JSMN_ARRAY; JSMN_STRING; JSMN_PRIMITIVE} or UNINITIALIZED
     [6].start ∈ [-1..24] or UNINITIALIZED
     [6].end ∈ [-1..2147483647] or UNINITIALIZED
     [6].size ∈ [0..2147483647] or UNINITIALIZED
     [7].type ∈ {JSMN_ARRAY; JSMN_STRING; JSMN_PRIMITIVE} or UNINITIALIZED
     [7].start ∈ [-1..24] or UNINITIALIZED
     [7].end ∈ [-1..2147483647] or UNINITIALIZED
     [7].size ∈ [0..2147483647] or UNINITIALIZED
     [8].type ∈ {JSMN_ARRAY; JSMN_STRING; JSMN_PRIMITIVE} or UNINITIALIZED
     [8].start ∈ [-1..24] or UNINITIALIZED
     [8].end ∈ [-1..2147483647] or UNINITIALIZED
     [8].size ∈ [0..2147483647] or UNINITIALIZED
     [9].type ∈ {JSMN_ARRAY; JSMN_STRING; JSMN_PRIMITIVE} or UNINITIALIZED
     [9].start ∈ [-1..24] or UNINITIALIZED
     [9].end ∈ [-1..2147483647] or UNINITIALIZED
     [9].size ∈ [0..2147483647] or UNINITIALIZED
  tokens[0].type ∈
        {JSMN_OBJECT; JSMN_ARRAY; JSMN_STRING; JSMN_PRIMITIVE} or UNINITIALIZED
        [0].start ∈ [-1..2147483647] or UNINITIALIZED
        [0].end ∈ [-1..458] or UNINITIALIZED
        {[0].size; [1..126]{.type; .start; .end; .size}; [127]{.type; .start; .end}} ∈
        [-1..2147483647] or UNINITIALIZED
        [127].size ∈ [0..2147483647] or UNINITIALIZED
  tokens[0].type ∈ [1..2147483647] or UNINITIALIZED
        [0]{.start; .end} ∈ [-1..2147483647] or UNINITIALIZED
        [0].size ∈ [0..2147483647] or UNINITIALIZED
        [1].type ∈ [1..2147483647] or UNINITIALIZED
        [1]{.start; .end} ∈ [-1..2147483647] or UNINITIALIZED
        [1].size ∈ [0..2147483647] or UNINITIALIZED
        [2].type ∈
        {JSMN_OBJECT; JSMN_STRING; JSMN_PRIMITIVE} or UNINITIALIZED
        [2]{.start; .end} ∈ [-1..8] or UNINITIALIZED
        [2].size ∈ [0..2147483647] or UNINITIALIZED
        [3].type ∈
        {JSMN_OBJECT; JSMN_STRING; JSMN_PRIMITIVE} or UNINITIALIZED
        [3].start ∈ [-1..8] or UNINITIALIZED
        [3].end ∈ [-1..2147483647] or UNINITIALIZED
        [3].size ∈ [0..2147483647] or UNINITIALIZED
        [4].type ∈
        {JSMN_OBJECT; JSMN_STRING; JSMN_PRIMITIVE} or UNINITIALIZED
        [4].start ∈ [-1..8] or UNINITIALIZED
        [4].end ∈ [-1..2147483647] or UNINITIALIZED
        [4].size ∈ [0..2147483647] or UNINITIALIZED
        [5].type ∈
        {JSMN_OBJECT; JSMN_STRING; JSMN_PRIMITIVE} or UNINITIALIZED
        [5].start ∈ [-1..8] or UNINITIALIZED
        [5].end ∈ [-1..2147483647] or UNINITIALIZED
        [5].size ∈ [0..2147483647] or UNINITIALIZED
        [6].type ∈
        {JSMN_OBJECT; JSMN_STRING; JSMN_PRIMITIVE} or UNINITIALIZED
        [6].start ∈ [-1..8] or UNINITIALIZED
        [6].end ∈ [-1..2147483647] or UNINITIALIZED
        [6].size ∈ [0..2147483647] or UNINITIALIZED
        [7].type ∈
        {JSMN_OBJECT; JSMN_STRING; JSMN_PRIMITIVE} or UNINITIALIZED
        [7].start ∈ [-1..8] or UNINITIALIZED
        [7].end ∈ [-1..2147483647] or UNINITIALIZED
        [7].size ∈ [0..2147483647] or UNINITIALIZED
        [8].type ∈
        {JSMN_OBJECT; JSMN_STRING; JSMN_PRIMITIVE} or UNINITIALIZED
        [8].start ∈ [-1..8] or UNINITIALIZED
        [8].end ∈ [-1..2147483647] or UNINITIALIZED
        [8].size ∈ [0..2147483647] or UNINITIALIZED
        [9].type ∈
        {JSMN_OBJECT; JSMN_STRING; JSMN_PRIMITIVE} or UNINITIALIZED
        [9].start ∈ [-1..8] or UNINITIALIZED
        [9].end ∈ [-1..2147483647] or UNINITIALIZED
        [9].size ∈ [0..2147483647] or UNINITIALIZED
  __malloc_parse_l76_2[0].type ∈ [1..2147483647] or UNINITIALIZED
                      [0]{.start; .end} ∈ [-1..2147483647] or UNINITIALIZED
                      [0].size ∈ [0..2147483647] or UNINITIALIZED
                      [1].type ∈ [1..2147483647] or UNINITIALIZED
                      [1]{.start; .end} ∈ [-1..2147483647] or UNINITIALIZED
                      [1].size ∈ [0..2147483647] or UNINITIALIZED
                      [2].type ∈
                      {JSMN_OBJECT; JSMN_STRING; JSMN_PRIMITIVE} or UNINITIALIZED
                      [2].start ∈ [-1..7] or UNINITIALIZED
                      [2].end ∈ {-1; 1; 2; 3; 4; 5; 6; 7} or UNINITIALIZED
                      [2].size ∈ [0..2147483647] or UNINITIALIZED
  __malloc_parse_l76_3[0].type ∈ [1..2147483647] or UNINITIALIZED
                      [0]{.start; .end} ∈ [-1..2147483647] or UNINITIALIZED
                      [0].size ∈ [0..2147483647] or UNINITIALIZED
                      [1].type ∈ [1..2147483647] or UNINITIALIZED
                      [1]{.start; .end} ∈ [-1..2147483647] or UNINITIALIZED
                      [1].size ∈ [0..2147483647] or UNINITIALIZED
                      [2].type ∈
                      {JSMN_OBJECT; JSMN_ARRAY; JSMN_STRING; JSMN_PRIMITIVE} or UNINITIALIZED
                      [2]{.start; .end} ∈ [-1..8] or UNINITIALIZED
                      [2].size ∈ [0..2147483647] or UNINITIALIZED
  __malloc_parse_l76_4[0].type ∈ [1..2147483647] or UNINITIALIZED
                      [0]{.start; .end} ∈ [-1..2147483647] or UNINITIALIZED
                      [0].size ∈ [0..2147483647] or UNINITIALIZED
                      [1].type ∈ [1..2147483647] or UNINITIALIZED
                      [1]{.start; .end} ∈ [-1..2147483647] or UNINITIALIZED
                      [1].size ∈ [0..2147483647] or UNINITIALIZED
                      [2].type ∈
                      {JSMN_OBJECT; JSMN_STRING; JSMN_PRIMITIVE} or UNINITIALIZED
                      [2]{.start; .end} ∈ [-1..16] or UNINITIALIZED
                      [2].size ∈ [0..2147483647] or UNINITIALIZED
                      [3].type ∈
                      {JSMN_OBJECT; JSMN_STRING; JSMN_PRIMITIVE} or UNINITIALIZED
                      [3].start ∈ [-1..16] or UNINITIALIZED
                      [3].end ∈ [-1..2147483647] or UNINITIALIZED
                      [3].size ∈ [0..2147483647] or UNINITIALIZED
                      [4].type ∈
                      {JSMN_OBJECT; JSMN_STRING; JSMN_PRIMITIVE} or UNINITIALIZED
                      [4].start ∈ [-1..16] or UNINITIALIZED
                      [4].end ∈ [-1..2147483647] or UNINITIALIZED
                      [4].size ∈ [0..2147483647] or UNINITIALIZED
  __malloc_parse_l76_5[0].type ∈
                      {JSMN_OBJECT; JSMN_ARRAY; JSMN_STRING; JSMN_PRIMITIVE} or UNINITIALIZED
                      [0].start ∈ [-1..2147483647] or UNINITIALIZED
                      [0].end ∈ [-1..43] or UNINITIALIZED
                      [0].size ∈ [0..2147483647] or UNINITIALIZED
                      [1].type ∈
                      {JSMN_OBJECT; JSMN_ARRAY; JSMN_STRING; JSMN_PRIMITIVE} or UNINITIALIZED
                      [1].start ∈ [-1..2147483647] or UNINITIALIZED
                      [1].end ∈ [-1..43] or UNINITIALIZED
                      [1].size ∈ [0..2147483647] or UNINITIALIZED
                      [2].type ∈
                      {JSMN_OBJECT; JSMN_ARRAY; JSMN_STRING; JSMN_PRIMITIVE} or UNINITIALIZED
                      [2]{.start; .end} ∈ [-1..43] or UNINITIALIZED
                      [2].size ∈ [0..2147483647] or UNINITIALIZED
                      [3].type ∈
                      {JSMN_OBJECT; JSMN_ARRAY; JSMN_STRING; JSMN_PRIMITIVE} or UNINITIALIZED
                      [3].start ∈ [-1..43] or UNINITIALIZED
                      [3].end ∈ [-1..2147483647] or UNINITIALIZED
                      [3].size ∈ [0..2147483647] or UNINITIALIZED
                      [4].type ∈
                      {JSMN_OBJECT; JSMN_ARRAY; JSMN_STRING; JSMN_PRIMITIVE} or UNINITIALIZED
                      [4].start ∈ [-1..43] or UNINITIALIZED
                      [4].end ∈ [-1..2147483647] or UNINITIALIZED
                      [4].size ∈ [0..2147483647] or UNINITIALIZED
                      [5].type ∈
                      {JSMN_OBJECT; JSMN_ARRAY; JSMN_STRING; JSMN_PRIMITIVE} or UNINITIALIZED
                      [5].start ∈ [-1..43] or UNINITIALIZED
                      [5].end ∈ [-1..2147483647] or UNINITIALIZED
                      [5].size ∈ [0..2147483647] or UNINITIALIZED
                      [6].type ∈
                      {JSMN_OBJECT; JSMN_ARRAY; JSMN_STRING; JSMN_PRIMITIVE} or UNINITIALIZED
                      [6].start ∈ [-1..43] or UNINITIALIZED
                      [6].end ∈ [-1..2147483647] or UNINITIALIZED
                      [6].size ∈ [0..2147483647] or UNINITIALIZED
  __malloc_parse_l76_6[0].type ∈ [1..2147483647] or UNINITIALIZED
                      [0]{.start; .end} ∈ [-1..2147483647] or UNINITIALIZED
                      [0].size ∈ [0..2147483647] or UNINITIALIZED
                      [1].type ∈ [1..2147483647] or UNINITIALIZED
                      [1]{.start; .end} ∈ [-1..2147483647] or UNINITIALIZED
                      [1].size ∈ [0..2147483647] or UNINITIALIZED
                      [2].type ∈
                      {JSMN_OBJECT; JSMN_ARRAY; JSMN_STRING; JSMN_PRIMITIVE} or UNINITIALIZED
                      [2]{.start; .end} ∈ [-1..18] or UNINITIALIZED
                      [2].size ∈ [0..2147483647] or UNINITIALIZED
                      [3].type ∈
                      {JSMN_OBJECT; JSMN_ARRAY; JSMN_STRING; JSMN_PRIMITIVE} or UNINITIALIZED
                      [3].start ∈ [-1..18] or UNINITIALIZED
                      [3].end ∈ [-1..2147483647] or UNINITIALIZED
                      [3].size ∈ [0..2147483647] or UNINITIALIZED
                      [4].type ∈
                      {JSMN_OBJECT; JSMN_ARRAY; JSMN_STRING; JSMN_PRIMITIVE} or UNINITIALIZED
                      [4].start ∈ [-1..18] or UNINITIALIZED
                      [4].end ∈ [-1..2147483647] or UNINITIALIZED
                      [4].size ∈ [0..2147483647] or UNINITIALIZED
  __malloc_parse_l76_7[0].type ∈
                      {JSMN_ARRAY; JSMN_PRIMITIVE} or UNINITIALIZED
                      [0]{.start; .end} ∈ [-1..2147483647] or UNINITIALIZED
                      [0].size ∈ [0..2147483647] or UNINITIALIZED
                      [1].type ∈
                      {JSMN_ARRAY; JSMN_PRIMITIVE} or UNINITIALIZED
                      [1]{.start; .end} ∈ [-1..2147483647] or UNINITIALIZED
                      [1].size ∈ [0..2147483647] or UNINITIALIZED
  __malloc_parse_l76_8[0].type ∈ [1..2147483647] or UNINITIALIZED
                      [0].start ∈ [-1..2147483647] or UNINITIALIZED
                      [0].end ∈ [-1..8] or UNINITIALIZED
                      [0].size ∈ [0..2147483647] or UNINITIALIZED
                      [1].type ∈ [1..2147483647] or UNINITIALIZED
                      [1].start ∈ [-1..2147483647] or UNINITIALIZED
                      [1].end ∈ [-1..8] or UNINITIALIZED
                      [1].size ∈ [0..2147483647] or UNINITIALIZED
                      [2].type ∈
                      {JSMN_OBJECT; JSMN_STRING; JSMN_PRIMITIVE} or UNINITIALIZED
                      [2].start ∈ [-1..8] or UNINITIALIZED
                      [2].end ∈ {-1; 1; 2; 3; 4; 5; 6; 7} or UNINITIALIZED
                      [2].size ∈ [0..2147483647] or UNINITIALIZED
  __malloc_parse_l76_9[0].type ∈ [1..2147483647] or UNINITIALIZED
                      [0]{.start; .end} ∈ [-1..2147483647] or UNINITIALIZED
                      [0].size ∈ [0..2147483647] or UNINITIALIZED
                      [1].type ∈ [1..2147483647] or UNINITIALIZED
                      [1]{.start; .end} ∈ [-1..2147483647] or UNINITIALIZED
                      [1].size ∈ [0..2147483647] or UNINITIALIZED
                      [2].type ∈
                      {JSMN_OBJECT; JSMN_ARRAY; JSMN_STRING; JSMN_PRIMITIVE} or UNINITIALIZED
                      [2]{.start; .end} ∈ [-1..19] or UNINITIALIZED
                      [2].size ∈ [0..2147483647] or UNINITIALIZED
  __malloc_parse_l76_10[0].type ∈ [1..2147483647] or UNINITIALIZED
                       [0]{.start; .end} ∈
                       [-1..2147483647] or UNINITIALIZED
                       [0].size ∈ [0..2147483647] or UNINITIALIZED
                       [1].type ∈ [1..2147483647] or UNINITIALIZED
                       [1]{.start; .end} ∈
                       [-1..2147483647] or UNINITIALIZED
                       [1].size ∈ [0..2147483647] or UNINITIALIZED
                       [2].type ∈
                       {JSMN_OBJECT; JSMN_ARRAY; JSMN_STRING; JSMN_PRIMITIVE} or UNINITIALIZED
                       [2]{.start; .end} ∈ [-1..20] or UNINITIALIZED
                       [2].size ∈ [0..2147483647] or UNINITIALIZED
  __malloc_parse_l76_11[0].type ∈ [1..2147483647] or UNINITIALIZED
                       [0]{.start; .end} ∈
                       [-1..2147483647] or UNINITIALIZED
                       [0].size ∈ [0..2147483647] or UNINITIALIZED
                       [1].type ∈ [1..2147483647] or UNINITIALIZED
                       [1]{.start; .end} ∈
                       [-1..2147483647] or UNINITIALIZED
                       [1].size ∈ [0..2147483647] or UNINITIALIZED
                       [2].type ∈
                       {JSMN_OBJECT; JSMN_ARRAY; JSMN_STRING; JSMN_PRIMITIVE} or UNINITIALIZED
                       [2]{.start; .end} ∈ [-1..19] or UNINITIALIZED
                       [2].size ∈ [0..2147483647] or UNINITIALIZED
  __malloc_parse_l76_12[0].type ∈ [1..2147483647] or UNINITIALIZED
                       [0]{.start; .end} ∈
                       [-1..2147483647] or UNINITIALIZED
                       [0].size ∈ [0..2147483647] or UNINITIALIZED
                       [1].type ∈ [1..2147483647] or UNINITIALIZED
                       [1]{.start; .end} ∈
                       [-1..2147483647] or UNINITIALIZED
                       [1].size ∈ [0..2147483647] or UNINITIALIZED
                       [2].type ∈
                       {JSMN_OBJECT; JSMN_ARRAY; JSMN_STRING; JSMN_PRIMITIVE} or UNINITIALIZED
                       [2]{.start; .end} ∈ [-1..15] or UNINITIALIZED
                       [2].size ∈ [0..2147483647] or UNINITIALIZED
  __malloc_parse_l76_13[0].type ∈ [1..2147483647] or UNINITIALIZED
                       [0]{.start; .end} ∈
                       [-1..2147483647] or UNINITIALIZED
                       [0].size ∈ [0..2147483647] or UNINITIALIZED
                       [1].type ∈ [1..2147483647] or UNINITIALIZED
                       [1]{.start; .end} ∈
                       [-1..2147483647] or UNINITIALIZED
                       [1].size ∈ [0..2147483647] or UNINITIALIZED
                       [2].type ∈
                       {JSMN_OBJECT; JSMN_ARRAY; JSMN_STRING; JSMN_PRIMITIVE} or UNINITIALIZED
                       [2]{.start; .end} ∈ [-1..21] or UNINITIALIZED
                       [2].size ∈ [0..2147483647] or UNINITIALIZED
  __malloc_parse_l76_14[0].type ∈ [1..2147483647] or UNINITIALIZED
                       [0]{.start; .end} ∈
                       [-1..2147483647] or UNINITIALIZED
                       [0].size ∈ [0..2147483647] or UNINITIALIZED
                       [1].type ∈ [1..2147483647] or UNINITIALIZED
                       [1]{.start; .end} ∈
                       [-1..2147483647] or UNINITIALIZED
                       [1].size ∈ [0..2147483647] or UNINITIALIZED
                       [2].type ∈
                       {JSMN_OBJECT; JSMN_ARRAY; JSMN_STRING; JSMN_PRIMITIVE} or UNINITIALIZED
                       [2]{.start; .end} ∈ [-1..26] or UNINITIALIZED
                       [2].size ∈ [0..2147483647] or UNINITIALIZED
  __malloc_parse_l76_15[0].type ∈ [1..2147483647] or UNINITIALIZED
                       [0]{.start; .end} ∈
                       [-1..2147483647] or UNINITIALIZED
                       [0].size ∈ [0..2147483647] or UNINITIALIZED
                       [1].type ∈ [1..2147483647] or UNINITIALIZED
                       [1]{.start; .end} ∈
                       [-1..2147483647] or UNINITIALIZED
                       [1].size ∈ [0..2147483647] or UNINITIALIZED
                       [2].type ∈
                       {JSMN_OBJECT; JSMN_ARRAY; JSMN_STRING; JSMN_PRIMITIVE} or UNINITIALIZED
                       [2]{.start; .end} ∈ [-1..40] or UNINITIALIZED
                       [2].size ∈ [0..2147483647] or UNINITIALIZED
  __malloc_parse_l76_16[0].type ∈ [1..2147483647] or UNINITIALIZED
                       [0]{.start; .end} ∈
                       [-1..2147483647] or UNINITIALIZED
                       [0].size ∈ [0..2147483647] or UNINITIALIZED
                       [1].type ∈ [1..2147483647] or UNINITIALIZED
                       [1]{.start; .end} ∈
                       [-1..2147483647] or UNINITIALIZED
                       [1].size ∈ [0..2147483647] or UNINITIALIZED
                       [2].type ∈
                       {JSMN_OBJECT; JSMN_ARRAY; JSMN_STRING; JSMN_PRIMITIVE} or UNINITIALIZED
                       [2]{.start; .end} ∈ [-1..14] or UNINITIALIZED
                       [2].size ∈ [0..2147483647] or UNINITIALIZED
  __malloc_parse_l76_17[0].type ∈ [1..2147483647] or UNINITIALIZED
                       [0]{.start; .end} ∈
                       [-1..2147483647] or UNINITIALIZED
                       [0].size ∈ [0..2147483647] or UNINITIALIZED
                       [1].type ∈ [1..2147483647] or UNINITIALIZED
                       [1]{.start; .end} ∈
                       [-1..2147483647] or UNINITIALIZED
                       [1].size ∈ [0..2147483647] or UNINITIALIZED
                       [2].type ∈
                       {JSMN_OBJECT; JSMN_ARRAY; JSMN_STRING; JSMN_PRIMITIVE} or UNINITIALIZED
                       [2]{.start; .end} ∈ [-1..14] or UNINITIALIZED
                       [2].size ∈ [0..2147483647] or UNINITIALIZED
  __malloc_parse_l76_18[0].type ∈ [1..2147483647] or UNINITIALIZED
                       [0]{.start; .end} ∈
                       [-1..2147483647] or UNINITIALIZED
                       [0].size ∈ [0..2147483647] or UNINITIALIZED
                       [1].type ∈ [1..2147483647] or UNINITIALIZED
                       [1]{.start; .end} ∈
                       [-1..2147483647] or UNINITIALIZED
                       [1].size ∈ [0..2147483647] or UNINITIALIZED
                       [2].type ∈
                       {JSMN_OBJECT; JSMN_ARRAY; JSMN_STRING; JSMN_PRIMITIVE} or UNINITIALIZED
                       [2]{.start; .end} ∈ [-1..17] or UNINITIALIZED
                       [2].size ∈ [0..2147483647] or UNINITIALIZED
  __malloc_parse_l76_19[0].type ∈ [1..2147483647] or UNINITIALIZED
                       [0]{.start; .end} ∈
                       [-1..2147483647] or UNINITIALIZED
                       [0].size ∈ [0..2147483647] or UNINITIALIZED
                       [1].type ∈ [1..2147483647] or UNINITIALIZED
                       [1]{.start; .end} ∈
                       [-1..2147483647] or UNINITIALIZED
                       [1].size ∈ [0..2147483647] or UNINITIALIZED
                       [2].type ∈
                       {JSMN_OBJECT; JSMN_ARRAY; JSMN_STRING; JSMN_PRIMITIVE} or UNINITIALIZED
                       [2]{.start; .end} ∈ [-1..17] or UNINITIALIZED
                       [2].size ∈ [0..2147483647] or UNINITIALIZED
  __malloc_parse_l76_20[0].type ∈ [1..2147483647] or UNINITIALIZED
                       [0]{.start; .end} ∈
                       [-1..2147483647] or UNINITIALIZED
                       [0].size ∈ [0..2147483647] or UNINITIALIZED
                       [1].type ∈ [1..2147483647] or UNINITIALIZED
                       [1]{.start; .end} ∈
                       [-1..2147483647] or UNINITIALIZED
                       [1].size ∈ [0..2147483647] or UNINITIALIZED
                       [2].type ∈
                       {JSMN_OBJECT; JSMN_ARRAY; JSMN_STRING; JSMN_PRIMITIVE} or UNINITIALIZED
                       [2]{.start; .end} ∈ [-1..16] or UNINITIALIZED
                       [2].size ∈ [0..2147483647] or UNINITIALIZED
                       [3].type ∈
                       {JSMN_OBJECT; JSMN_ARRAY; JSMN_STRING; JSMN_PRIMITIVE} or UNINITIALIZED
                       [3].start ∈ [-1..16] or UNINITIALIZED
                       [3].end ∈ [-1..2147483647] or UNINITIALIZED
                       [3].size ∈ [0..2147483647] or UNINITIALIZED
  __malloc_parse_l76_21[0].type ∈ [1..2147483647] or UNINITIALIZED
                       [0]{.start; .end} ∈
                       [-1..2147483647] or UNINITIALIZED
                       [0].size ∈ [0..2147483647] or UNINITIALIZED
                       [1].type ∈ [1..2147483647] or UNINITIALIZED
                       [1]{.start; .end} ∈
                       [-1..2147483647] or UNINITIALIZED
                       [1].size ∈ [0..2147483647] or UNINITIALIZED
                       [2].type ∈
                       {JSMN_OBJECT; JSMN_ARRAY; JSMN_STRING; JSMN_PRIMITIVE} or UNINITIALIZED
                       [2]{.start; .end} ∈ [-1..20] or UNINITIALIZED
                       [2].size ∈ [0..2147483647] or UNINITIALIZED
  __malloc_parse_l76_22[0].type ∈ [1..2147483647] or UNINITIALIZED
                       [0]{.start; .end} ∈
                       [-1..2147483647] or UNINITIALIZED
                       [0].size ∈ [0..2147483647] or UNINITIALIZED
                       [1].type ∈ [1..2147483647] or UNINITIALIZED
                       [1]{.start; .end} ∈
                       [-1..2147483647] or UNINITIALIZED
                       [1].size ∈ [0..2147483647] or UNINITIALIZED
                       [2].type ∈
                       {JSMN_OBJECT; JSMN_ARRAY; JSMN_STRING; JSMN_PRIMITIVE} or UNINITIALIZED
                       [2]{.start; .end} ∈ [-1..17] or UNINITIALIZED
                       [2].size ∈ [0..2147483647] or UNINITIALIZED
  __malloc_parse_l76_23[0].type ∈
                       {JSMN_OBJECT; JSMN_ARRAY; JSMN_STRING; JSMN_PRIMITIVE} or UNINITIALIZED
                       [0].start ∈ [-1..2147483647] or UNINITIALIZED
                       [0].end ∈ [-1..16] or UNINITIALIZED
                       [0].size ∈ [0..2147483647] or UNINITIALIZED
                       [1].type ∈
                       {JSMN_OBJECT; JSMN_ARRAY; JSMN_STRING; JSMN_PRIMITIVE} or UNINITIALIZED
                       [1].start ∈ [-1..2147483647] or UNINITIALIZED
                       [1].end ∈ [-1..16] or UNINITIALIZED
                       [1].size ∈ [0..2147483647] or UNINITIALIZED
                       [2].type ∈
                       {JSMN_OBJECT; JSMN_ARRAY; JSMN_STRING; JSMN_PRIMITIVE} or UNINITIALIZED
                       [2]{.start; .end} ∈ [-1..16] or UNINITIALIZED
                       [2].size ∈ [0..2147483647] or UNINITIALIZED
                       [3].type ∈
                       {JSMN_OBJECT; JSMN_ARRAY; JSMN_STRING; JSMN_PRIMITIVE} or UNINITIALIZED
                       [3].start ∈ [-1..16] or UNINITIALIZED
                       [3].end ∈ [-1..2147483647] or UNINITIALIZED
                       [3].size ∈ [0..2147483647] or UNINITIALIZED
  __malloc_parse_l76_24[0].type ∈
                       {JSMN_OBJECT; JSMN_ARRAY; JSMN_STRING; JSMN_PRIMITIVE} or UNINITIALIZED
                       [0].start ∈ [-1..2147483647] or UNINITIALIZED
                       [0].end ∈ [-1..51] or UNINITIALIZED
                       [0].size ∈ [0..2147483647] or UNINITIALIZED
                       [1].type ∈
                       {JSMN_OBJECT; JSMN_ARRAY; JSMN_STRING; JSMN_PRIMITIVE} or UNINITIALIZED
                       [1].start ∈ [-1..2147483647] or UNINITIALIZED
                       [1].end ∈ [-1..51] or UNINITIALIZED
                       [1].size ∈ [0..2147483647] or UNINITIALIZED
                       [2].type ∈
                       {JSMN_OBJECT; JSMN_ARRAY; JSMN_STRING; JSMN_PRIMITIVE} or UNINITIALIZED
                       [2]{.start; .end} ∈ [-1..51] or UNINITIALIZED
                       [2].size ∈ [0..2147483647] or UNINITIALIZED
                       [3].type ∈
                       {JSMN_OBJECT; JSMN_ARRAY; JSMN_STRING; JSMN_PRIMITIVE} or UNINITIALIZED
                       [3].start ∈ [-1..51] or UNINITIALIZED
                       [3].end ∈ [-1..2147483647] or UNINITIALIZED
                       [3].size ∈ [0..2147483647] or UNINITIALIZED
                       [4].type ∈
                       {JSMN_OBJECT; JSMN_ARRAY; JSMN_STRING; JSMN_PRIMITIVE} or UNINITIALIZED
                       [4].start ∈ [-1..51] or UNINITIALIZED
                       [4].end ∈ [-1..2147483647] or UNINITIALIZED
                       [4].size ∈ [0..2147483647] or UNINITIALIZED
                       [5].type ∈
                       {JSMN_OBJECT; JSMN_ARRAY; JSMN_STRING; JSMN_PRIMITIVE} or UNINITIALIZED
                       [5].start ∈ [-1..51] or UNINITIALIZED
                       [5].end ∈ [-1..2147483647] or UNINITIALIZED
                       [5].size ∈ [0..2147483647] or UNINITIALIZED
                       [6].type ∈
                       {JSMN_OBJECT; JSMN_ARRAY; JSMN_STRING; JSMN_PRIMITIVE} or UNINITIALIZED
                       [6].start ∈ [-1..51] or UNINITIALIZED
                       [6].end ∈ [-1..2147483647] or UNINITIALIZED
                       [6].size ∈ [0..2147483647] or UNINITIALIZED
                       [7].type ∈
                       {JSMN_OBJECT; JSMN_ARRAY; JSMN_STRING; JSMN_PRIMITIVE} or UNINITIALIZED
                       [7].start ∈ [-1..51] or UNINITIALIZED
                       [7].end ∈ [-1..2147483647] or UNINITIALIZED
                       [7].size ∈ [0..2147483647] or UNINITIALIZED
  __malloc_parse_l76_25[0].type ∈ {JSMN_PRIMITIVE} or UNINITIALIZED
                       [0]{.start; .end} ∈
                       [-1..2147483647] or UNINITIALIZED
                       [0].size ∈ [0..2147483647] or UNINITIALIZED
                       [1].type ∈ {JSMN_PRIMITIVE} or UNINITIALIZED
                       [1]{.start; .end} ∈
                       [-1..2147483647] or UNINITIALIZED
                       [1].size ∈ [0..2147483647] or UNINITIALIZED
  __malloc_parse_l76_26[0].type ∈
                       {JSMN_ARRAY; JSMN_STRING; JSMN_PRIMITIVE} or UNINITIALIZED
                       [0].start ∈ [-1..30] or UNINITIALIZED
                       [0].end ∈ [-1..2147483647] or UNINITIALIZED
                       [0].size ∈ [0..2147483647] or UNINITIALIZED
                       [1].type ∈
                       {JSMN_ARRAY; JSMN_STRING; JSMN_PRIMITIVE} or UNINITIALIZED
                       [1].start ∈ [-1..30] or UNINITIALIZED
                       [1].end ∈ [-1..2147483647] or UNINITIALIZED
                       [1].size ∈ [0..2147483647] or UNINITIALIZED
                       [2].type ∈
                       {JSMN_ARRAY; JSMN_STRING; JSMN_PRIMITIVE} or UNINITIALIZED
                       [2].start ∈ [-1..30] or UNINITIALIZED
                       [2].end ∈ [-1..2147483647] or UNINITIALIZED
                       [2].size ∈ [0..2147483647] or UNINITIALIZED
                       [3].type ∈
                       {JSMN_ARRAY; JSMN_STRING; JSMN_PRIMITIVE} or UNINITIALIZED
                       [3].start ∈ [-1..30] or UNINITIALIZED
                       [3].end ∈ [-1..2147483647] or UNINITIALIZED
                       [3].size ∈ [0..2147483647] or UNINITIALIZED
                       [4].type ∈
                       {JSMN_ARRAY; JSMN_STRING; JSMN_PRIMITIVE} or UNINITIALIZED
                       [4].start ∈ [-1..30] or UNINITIALIZED
                       [4].end ∈ [-1..2147483647] or UNINITIALIZED
                       [4].size ∈ [0..2147483647] or UNINITIALIZED
                       [5].type ∈
                       {JSMN_ARRAY; JSMN_STRING; JSMN_PRIMITIVE} or UNINITIALIZED
                       [5].start ∈ [-1..30] or UNINITIALIZED
                       [5].end ∈ [-1..2147483647] or UNINITIALIZED
                       [5].size ∈ [0..2147483647] or UNINITIALIZED
  __malloc_parse_l76_27[0].type ∈
                       {JSMN_OBJECT; JSMN_ARRAY; JSMN_STRING; JSMN_PRIMITIVE} or UNINITIALIZED
                       [0].start ∈ [-1..14] or UNINITIALIZED
                       [0].end ∈ [-1..2147483647] or UNINITIALIZED
                       [0].size ∈ [0..2147483647] or UNINITIALIZED
                       [1].type ∈
                       {JSMN_OBJECT; JSMN_ARRAY; JSMN_STRING; JSMN_PRIMITIVE} or UNINITIALIZED
                       [1].start ∈ [-1..14] or UNINITIALIZED
                       [1].end ∈ [-1..2147483647] or UNINITIALIZED
                       [1].size ∈ [0..2147483647] or UNINITIALIZED
  __malloc_parse_l76_28[0].type ∈
                       {JSMN_OBJECT; JSMN_ARRAY; JSMN_STRING; JSMN_PRIMITIVE} or UNINITIALIZED
                       [0].start ∈ [-1..14] or UNINITIALIZED
                       [0].end ∈ [-1..2147483647] or UNINITIALIZED
                       [0].size ∈ [0..2147483647] or UNINITIALIZED
                       [1].type ∈
                       {JSMN_OBJECT; JSMN_ARRAY; JSMN_STRING; JSMN_PRIMITIVE} or UNINITIALIZED
                       [1].start ∈ [-1..14] or UNINITIALIZED
                       [1].end ∈ [-1..2147483647] or UNINITIALIZED
                       [1].size ∈ [0..2147483647] or UNINITIALIZED
  __malloc_parse_l76_29[0].type ∈ [1..2147483647] or UNINITIALIZED
                       [0]{.start; .end} ∈
                       [-1..2147483647] or UNINITIALIZED
                       [0].size ∈ [0..2147483647] or UNINITIALIZED
                       [1].type ∈ [1..2147483647] or UNINITIALIZED
                       [1]{.start; .end} ∈
                       [-1..2147483647] or UNINITIALIZED
                       [1].size ∈ [0..2147483647] or UNINITIALIZED
                       [2].type ∈
                       {JSMN_OBJECT; JSMN_ARRAY; JSMN_STRING; JSMN_PRIMITIVE} or UNINITIALIZED
                       [2].start ∈ [-1..14] or UNINITIALIZED
                       [2].end ∈ [-1..2147483647] or UNINITIALIZED
                       [2].size ∈ [0..2147483647] or UNINITIALIZED
  __malloc_parse_l76_30[0].type ∈ [1..2147483647] or UNINITIALIZED
                       [0]{.start; .end} ∈
                       [-1..2147483647] or UNINITIALIZED
                       [0].size ∈ [0..2147483647] or UNINITIALIZED
                       [1].type ∈ [1..2147483647] or UNINITIALIZED
                       [1]{.start; .end} ∈
                       [-1..2147483647] or UNINITIALIZED
                       [1].size ∈ [0..2147483647] or UNINITIALIZED
                       [2].type ∈
                       {JSMN_OBJECT; JSMN_ARRAY; JSMN_STRING; JSMN_PRIMITIVE} or UNINITIALIZED
                       [2]{.start; .end} ∈ [-1..16] or UNINITIALIZED
                       [2].size ∈ [0..2147483647] or UNINITIALIZED
  __malloc_parse_l76_31[0].type ∈
                       {JSMN_OBJECT; JSMN_ARRAY; JSMN_STRING; JSMN_PRIMITIVE} or UNINITIALIZED
                       [0].start ∈ [-1..14] or UNINITIALIZED
                       [0].end ∈ [-1..2147483647] or UNINITIALIZED
                       [0].size ∈ [0..2147483647] or UNINITIALIZED
                       [1].type ∈
                       {JSMN_OBJECT; JSMN_ARRAY; JSMN_STRING; JSMN_PRIMITIVE} or UNINITIALIZED
                       [1].start ∈ [-1..14] or UNINITIALIZED
                       [1].end ∈ [-1..2147483647] or UNINITIALIZED
                       [1].size ∈ [0..2147483647] or UNINITIALIZED
                       [2].type ∈
                       {JSMN_OBJECT; JSMN_ARRAY; JSMN_STRING; JSMN_PRIMITIVE} or UNINITIALIZED
                       [2].start ∈ [-1..14] or UNINITIALIZED
                       [2].end ∈ [-1..2147483647] or UNINITIALIZED
                       [2].size ∈ [0..2147483647] or UNINITIALIZED
  __malloc_parse_l76_32[0].type ∈ [1..2147483647] or UNINITIALIZED
                       [0]{.start; .end} ∈
                       [-1..2147483647] or UNINITIALIZED
                       [0].size ∈ [0..2147483647] or UNINITIALIZED
                       [1].type ∈ [1..2147483647] or UNINITIALIZED
                       [1]{.start; .end} ∈
                       [-1..2147483647] or UNINITIALIZED
                       [1].size ∈ [0..2147483647] or UNINITIALIZED
                       [2].type ∈
                       {JSMN_OBJECT; JSMN_ARRAY; JSMN_STRING; JSMN_PRIMITIVE} or UNINITIALIZED
                       [2]{.start; .end} ∈ [-1..16] or UNINITIALIZED
                       [2].size ∈ [0..2147483647] or UNINITIALIZED
  __malloc_parse_l76_33[0].type ∈
                       {JSMN_OBJECT; JSMN_ARRAY; JSMN_STRING; JSMN_PRIMITIVE} or UNINITIALIZED
                       [0].start ∈ [-1..2147483647] or UNINITIALIZED
                       [0].end ∈ [-1..16] or UNINITIALIZED
                       [0].size ∈ [0..2147483647] or UNINITIALIZED
                       [1].type ∈
                       {JSMN_OBJECT; JSMN_ARRAY; JSMN_STRING; JSMN_PRIMITIVE} or UNINITIALIZED
                       [1].start ∈ [-1..2147483647] or UNINITIALIZED
                       [1].end ∈ [-1..16] or UNINITIALIZED
                       [1].size ∈ [0..2147483647] or UNINITIALIZED
                       [2].type ∈
                       {JSMN_OBJECT; JSMN_ARRAY; JSMN_STRING; JSMN_PRIMITIVE} or UNINITIALIZED
                       [2]{.start; .end} ∈ [-1..16] or UNINITIALIZED
                       [2].size ∈ [0..2147483647] or UNINITIALIZED
                       [3].type ∈
                       {JSMN_OBJECT; JSMN_ARRAY; JSMN_STRING; JSMN_PRIMITIVE} or UNINITIALIZED
                       [3].start ∈ [-1..16] or UNINITIALIZED
                       [3].end ∈ [-1..2147483647] or UNINITIALIZED
                       [3].size ∈ [0..2147483647] or UNINITIALIZED
[eva:final-states] Values at end of function jsmn_init:
  p{.pos; .toknext} ∈ {0}
   .toksuper ∈ {-1}
  p{.pos; .toknext} ∈ {0}
   .toksuper ∈ {-1}
  p{.pos; .toknext} ∈ {0}
   .toksuper ∈ {-1}
  p{.pos; .toknext} ∈ {0}
   .toksuper ∈ {-1}
  p{.pos; .toknext} ∈ {0}
   .toksuper ∈ {-1}
  p{.pos; .toknext} ∈ {0}
   .toksuper ∈ {-1}
  p{.pos; .toknext} ∈ {0}
   .toksuper ∈ {-1}
[eva:final-states] Values at end of function jsmn_parse_primitive:
  token ∈
       {{ NULL ; &tok{[0], [1], [2], [3], [4]} ;
          &toksmall{[0], [1], [2], [3], [4]} ; &toklarge + [0..144],0%16 ;
          &tok + [0..144],0%16 ; &tokens + [0..2032],0%16 ;
          &tokens + [0..144],0%16 ; &__malloc_parse_l76_2{[0], [1], [2]} ;
          &__malloc_parse_l76_3{[0], [1], [2]} ;
          &__malloc_parse_l76_4{[0], [1], [2], [3], [4]} ;
          &__malloc_parse_l76_5{[0], [1], [2], [3], [4], [5], [6]} ;
          &__malloc_parse_l76_6{[0], [1], [2], [3], [4]} ;
          &__malloc_parse_l76_7{[0], [1]} ;
          &__malloc_parse_l76_8{[0], [1], [2]} ;
          &__malloc_parse_l76_9{[0], [1], [2]} ;
          &__malloc_parse_l76_10{[0], [1], [2]} ;
          &__malloc_parse_l76_11{[0], [1], [2]} ;
          &__malloc_parse_l76_12{[0], [1], [2]} ;
          &__malloc_parse_l76_13{[0], [1], [2]} ;
          &__malloc_parse_l76_14{[0], [1], [2]} ;
          &__malloc_parse_l76_15{[0], [1], [2]} ;
          &__malloc_parse_l76_16{[0], [1], [2]} ;
          &__malloc_parse_l76_17{[0], [1], [2]} ;
          &__malloc_parse_l76_18{[0], [1], [2]} ;
          &__malloc_parse_l76_19{[0], [1], [2]} ;
          &__malloc_parse_l76_20{[0], [1], [2], [3]} ;
          &__malloc_parse_l76_21{[0], [1], [2]} ;
          &__malloc_parse_l76_22{[0], [1], [2]} ;
          &__malloc_parse_l76_23{[0], [1], [2], [3]} ;
          &__malloc_parse_l76_24{[0], [1], [2], [3], [4], [5], [6], [7]} ;
          &__malloc_parse_l76_25{[0], [1]} ;
          &__malloc_parse_l76_26{[0], [1], [2], [3], [4], [5]} ;
          &__malloc_parse_l76_27{[0], [1]} ;
          &__malloc_parse_l76_28{[0], [1]} ;
          &__malloc_parse_l76_29{[0], [1], [2]} ;
          &__malloc_parse_l76_30{[0], [1], [2]} ;
          &__malloc_parse_l76_31{[0], [1], [2]} ;
          &__malloc_parse_l76_32{[0], [1], [2]} ;
          &__malloc_parse_l76_33{[0], [1], [2], [3]} }} or UNINITIALIZED
  start ∈ [0..457]
  p.pos ∈ [0..2147483646]
   .toknext ∈ [0..2147483647]
   .toksuper ∈ [--..--]
  p.pos ∈ [0..2147483646]
   .toknext ∈ [1..2147483647]
   .toksuper ∈ [--..--]
  tok[0].type ∈ [1..2147483647] or UNINITIALIZED
     [0]{.start; .end} ∈ [-1..2147483647] or UNINITIALIZED
     [0].size ∈ [0..2147483647] or UNINITIALIZED
     [1].type ∈ [1..2147483647] or UNINITIALIZED
     [1]{.start; .end} ∈ [-1..2147483647] or UNINITIALIZED
     [1].size ∈ [0..2147483647] or UNINITIALIZED
     [2].type ∈ [1..2147483647] or UNINITIALIZED
     [2]{.start; .end} ∈ [-1..2147483647] or UNINITIALIZED
     [2].size ∈ [0..2147483647] or UNINITIALIZED
     [3].type ∈ [1..2147483647] or UNINITIALIZED
     [3]{.start; .end} ∈ [-1..2147483647] or UNINITIALIZED
     [3].size ∈ [0..2147483647] or UNINITIALIZED
     [4].type ∈ [1..2147483647] or UNINITIALIZED
     [4]{.start; .end} ∈ [-1..2147483647] or UNINITIALIZED
     [4].size ∈ [0..2147483647] or UNINITIALIZED
  p.pos ∈ [--..--]
   .toknext ∈ [0..2147483647]
   .toksuper ∈ [--..--]
  toksmall[0].type ∈
          {JSMN_UNDEFINED; JSMN_ARRAY; JSMN_STRING; JSMN_PRIMITIVE}
          [0]{.start; .end} ∈ [-1..28]
          [0].size ∈ [0..2147483647]
          [1].type ∈
          {JSMN_UNDEFINED; JSMN_ARRAY; JSMN_STRING; JSMN_PRIMITIVE}
          [1].start ∈ [-1..28]
          [1].end ∈ [-1..2147483647]
          [1].size ∈ [0..2147483647]
          [2].type ∈
          {JSMN_UNDEFINED; JSMN_ARRAY; JSMN_STRING; JSMN_PRIMITIVE}
          [2]{.start; .end} ∈ [-1..28]
          [2].size ∈ [0..2147483647]
          [3].type ∈
          {JSMN_UNDEFINED; JSMN_ARRAY; JSMN_STRING; JSMN_PRIMITIVE}
          [3].start ∈ [-1..28]
          [3].end ∈ [-1..2147483647]
          [3].size ∈ [0..2147483647]
          [4].type ∈
          {JSMN_UNDEFINED; JSMN_ARRAY; JSMN_STRING; JSMN_PRIMITIVE}
          [4].start ∈ [-1..28]
          [4].end ∈ [-1..2147483647]
          [4].size ∈ [0..2147483647]
          [5]{.type; .start; .end} ∈ {0}
          [5].size ∈ [0..2147483647]
          [6]{.type; .start; .end} ∈ {0}
          [6].size ∈ [0..2147483647]
          [7]{.type; .start; .end} ∈ {0}
          [7].size ∈ [0..2147483647]
          [8]{.type; .start; .end} ∈ {0}
          [8].size ∈ [0..2147483647]
          [9]{.type; .start; .end} ∈ {0}
          [9].size ∈ [0..2147483647]
  toklarge[0].type ∈
          {JSMN_UNDEFINED; JSMN_ARRAY; JSMN_STRING; JSMN_PRIMITIVE}
          [0]{.start; .end} ∈ [-1..28]
          [0].size ∈ [0..2147483647]
          [1].type ∈
          {JSMN_UNDEFINED; JSMN_ARRAY; JSMN_STRING; JSMN_PRIMITIVE}
          [1].start ∈ [-1..28]
          [1].end ∈ [-1..2147483647]
          [1].size ∈ [0..2147483647]
          [2].type ∈
          {JSMN_UNDEFINED; JSMN_ARRAY; JSMN_STRING; JSMN_PRIMITIVE}
          [2].start ∈ [-1..28]
          [2].end ∈ [-1..2147483647]
          [2].size ∈ [0..2147483647]
          [3].type ∈
          {JSMN_UNDEFINED; JSMN_ARRAY; JSMN_STRING; JSMN_PRIMITIVE}
          [3].start ∈ [-1..28]
          [3].end ∈ [-1..2147483647]
          [3].size ∈ [0..2147483647]
          [4].type ∈
          {JSMN_UNDEFINED; JSMN_ARRAY; JSMN_STRING; JSMN_PRIMITIVE}
          [4].start ∈ [-1..28]
          [4].end ∈ [-1..2147483647]
          [4].size ∈ [0..2147483647]
          [5].type ∈
          {JSMN_UNDEFINED; JSMN_ARRAY; JSMN_STRING; JSMN_PRIMITIVE}
          [5].start ∈ [-1..28]
          [5].end ∈ [-1..2147483647]
          [5].size ∈ [0..2147483647]
          [6].type ∈
          {JSMN_UNDEFINED; JSMN_ARRAY; JSMN_STRING; JSMN_PRIMITIVE}
          [6].start ∈ [-1..28]
          [6].end ∈ [-1..2147483647]
          [6].size ∈ [0..2147483647]
          [7].type ∈
          {JSMN_UNDEFINED; JSMN_ARRAY; JSMN_STRING; JSMN_PRIMITIVE}
          [7].start ∈ [-1..28]
          [7].end ∈ [-1..2147483647]
          [7].size ∈ [0..2147483647]
          [8].type ∈
          {JSMN_UNDEFINED; JSMN_ARRAY; JSMN_STRING; JSMN_PRIMITIVE}
          [8].start ∈ [-1..28]
          [8].end ∈ [-1..2147483647]
          [8].size ∈ [0..2147483647]
          [9].type ∈
          {JSMN_UNDEFINED; JSMN_ARRAY; JSMN_STRING; JSMN_PRIMITIVE}
          [9].start ∈ [-1..28]
          [9].end ∈ [-1..2147483647]
          [9].size ∈ [0..2147483647]
  p.pos ∈ [0..2147483646]
   .toknext ∈ [0..2147483647]
   .toksuper ∈ [--..--]
  tok[0].type ∈ {JSMN_ARRAY; JSMN_STRING; JSMN_PRIMITIVE} or UNINITIALIZED
     [0].start ∈ [-1..24] or UNINITIALIZED
     [0].end ∈ [-1..2147483647] or UNINITIALIZED
     [0].size ∈ [0..2147483647] or UNINITIALIZED
     [1].type ∈ {JSMN_ARRAY; JSMN_STRING; JSMN_PRIMITIVE} or UNINITIALIZED
     [1].start ∈ [-1..24] or UNINITIALIZED
     [1].end ∈ [-1..2147483647] or UNINITIALIZED
     [1].size ∈ [0..2147483647] or UNINITIALIZED
     [2].type ∈ {JSMN_ARRAY; JSMN_STRING; JSMN_PRIMITIVE} or UNINITIALIZED
     [2].start ∈ [-1..24] or UNINITIALIZED
     [2].end ∈ [-1..2147483647] or UNINITIALIZED
     [2].size ∈ [0..2147483647] or UNINITIALIZED
     [3].type ∈ {JSMN_ARRAY; JSMN_STRING; JSMN_PRIMITIVE} or UNINITIALIZED
     [3].start ∈ [-1..24] or UNINITIALIZED
     [3].end ∈ [-1..2147483647] or UNINITIALIZED
     [3].size ∈ [0..2147483647] or UNINITIALIZED
     [4].type ∈ {JSMN_ARRAY; JSMN_STRING; JSMN_PRIMITIVE} or UNINITIALIZED
     [4].start ∈ [-1..24] or UNINITIALIZED
     [4].end ∈ [-1..2147483647] or UNINITIALIZED
     [4].size ∈ [0..2147483647] or UNINITIALIZED
     [5].type ∈ {JSMN_ARRAY; JSMN_STRING; JSMN_PRIMITIVE} or UNINITIALIZED
     [5].start ∈ [-1..24] or UNINITIALIZED
     [5].end ∈ [-1..2147483647] or UNINITIALIZED
     [5].size ∈ [0..2147483647] or UNINITIALIZED
     [6].type ∈ {JSMN_ARRAY; JSMN_STRING; JSMN_PRIMITIVE} or UNINITIALIZED
     [6].start ∈ [-1..24] or UNINITIALIZED
     [6].end ∈ [-1..2147483647] or UNINITIALIZED
     [6].size ∈ [0..2147483647] or UNINITIALIZED
     [7].type ∈ {JSMN_ARRAY; JSMN_STRING; JSMN_PRIMITIVE} or UNINITIALIZED
     [7].start ∈ [-1..24] or UNINITIALIZED
     [7].end ∈ [-1..2147483647] or UNINITIALIZED
     [7].size ∈ [0..2147483647] or UNINITIALIZED
     [8].type ∈ {JSMN_ARRAY; JSMN_STRING; JSMN_PRIMITIVE} or UNINITIALIZED
     [8].start ∈ [-1..24] or UNINITIALIZED
     [8].end ∈ [-1..2147483647] or UNINITIALIZED
     [8].size ∈ [0..2147483647] or UNINITIALIZED
     [9].type ∈ {JSMN_ARRAY; JSMN_STRING; JSMN_PRIMITIVE} or UNINITIALIZED
     [9].start ∈ [-1..24] or UNINITIALIZED
     [9].end ∈ [-1..2147483647] or UNINITIALIZED
     [9].size ∈ [0..2147483647] or UNINITIALIZED
  p.pos ∈ [0..457]
   .toknext ∈ [1..2147483647]
   .toksuper ∈ [--..--]
  tokens[0].type ∈
        {JSMN_OBJECT; JSMN_ARRAY; JSMN_STRING; JSMN_PRIMITIVE} or UNINITIALIZED
        [0].start ∈ [-1..2147483647] or UNINITIALIZED
        [0].end ∈ [-1..458] or UNINITIALIZED
        {[0].size; [1..126]{.type; .start; .end; .size}; [127]{.type; .start; .end}} ∈
        [-1..2147483647] or UNINITIALIZED
        [127].size ∈ [0..2147483647] or UNINITIALIZED
  p.pos ∈ {0; 1; 2; 3; 4; 5; 6; 7}
   .toknext ∈ [1..2147483647]
   .toksuper ∈ [--..--]
  tokens[0].type ∈ [1..2147483647] or UNINITIALIZED
        [0]{.start; .end} ∈ [-1..2147483647] or UNINITIALIZED
        [0].size ∈ [0..2147483647] or UNINITIALIZED
        [1].type ∈ [1..2147483647] or UNINITIALIZED
        [1]{.start; .end} ∈ [-1..2147483647] or UNINITIALIZED
        [1].size ∈ [0..2147483647] or UNINITIALIZED
        [2].type ∈
        {JSMN_OBJECT; JSMN_STRING; JSMN_PRIMITIVE} or UNINITIALIZED
        [2]{.start; .end} ∈ [-1..8] or UNINITIALIZED
        [2].size ∈ [0..2147483647] or UNINITIALIZED
        [3].type ∈
        {JSMN_OBJECT; JSMN_STRING; JSMN_PRIMITIVE} or UNINITIALIZED
        [3].start ∈ [-1..8] or UNINITIALIZED
        [3].end ∈ [-1..2147483647] or UNINITIALIZED
        [3].size ∈ [0..2147483647] or UNINITIALIZED
        [4].type ∈
        {JSMN_OBJECT; JSMN_STRING; JSMN_PRIMITIVE} or UNINITIALIZED
        [4].start ∈ [-1..8] or UNINITIALIZED
        [4].end ∈ [-1..2147483647] or UNINITIALIZED
        [4].size ∈ [0..2147483647] or UNINITIALIZED
        [5].type ∈
        {JSMN_OBJECT; JSMN_STRING; JSMN_PRIMITIVE} or UNINITIALIZED
        [5].start ∈ [-1..8] or UNINITIALIZED
        [5].end ∈ [-1..2147483647] or UNINITIALIZED
        [5].size ∈ [0..2147483647] or UNINITIALIZED
        [6].type ∈
        {JSMN_OBJECT; JSMN_STRING; JSMN_PRIMITIVE} or UNINITIALIZED
        [6].start ∈ [-1..8] or UNINITIALIZED
        [6].end ∈ [-1..2147483647] or UNINITIALIZED
        [6].size ∈ [0..2147483647] or UNINITIALIZED
        [7].type ∈
        {JSMN_OBJECT; JSMN_STRING; JSMN_PRIMITIVE} or UNINITIALIZED
        [7].start ∈ [-1..8] or UNINITIALIZED
        [7].end ∈ [-1..2147483647] or UNINITIALIZED
        [7].size ∈ [0..2147483647] or UNINITIALIZED
        [8].type ∈
        {JSMN_OBJECT; JSMN_STRING; JSMN_PRIMITIVE} or UNINITIALIZED
        [8].start ∈ [-1..8] or UNINITIALIZED
        [8].end ∈ [-1..2147483647] or UNINITIALIZED
        [8].size ∈ [0..2147483647] or UNINITIALIZED
        [9].type ∈
        {JSMN_OBJECT; JSMN_STRING; JSMN_PRIMITIVE} or UNINITIALIZED
        [9].start ∈ [-1..8] or UNINITIALIZED
        [9].end ∈ [-1..2147483647] or UNINITIALIZED
        [9].size ∈ [0..2147483647] or UNINITIALIZED
  p.pos ∈ [0..2147483646]
   .toknext ∈ {0}
   .toksuper ∈ {-1}
  __retres ∈ {-2; -1; 0}
  __malloc_parse_l76_2[0].type ∈ [1..2147483647] or UNINITIALIZED
                      [0]{.start; .end} ∈ [-1..2147483647] or UNINITIALIZED
                      [0].size ∈ [0..2147483647] or UNINITIALIZED
                      [1].type ∈ [1..2147483647] or UNINITIALIZED
                      [1]{.start; .end} ∈ [-1..2147483647] or UNINITIALIZED
                      [1].size ∈ [0..2147483647] or UNINITIALIZED
                      [2].type ∈
                      {JSMN_OBJECT; JSMN_STRING; JSMN_PRIMITIVE} or UNINITIALIZED
                      [2].start ∈ [-1..7] or UNINITIALIZED
                      [2].end ∈ {-1; 1; 2; 3; 4; 5; 6; 7} or UNINITIALIZED
                      [2].size ∈ [0..2147483647] or UNINITIALIZED
  __malloc_parse_l76_3[0].type ∈ [1..2147483647] or UNINITIALIZED
                      [0]{.start; .end} ∈ [-1..2147483647] or UNINITIALIZED
                      [0].size ∈ [0..2147483647] or UNINITIALIZED
                      [1].type ∈ [1..2147483647] or UNINITIALIZED
                      [1]{.start; .end} ∈ [-1..2147483647] or UNINITIALIZED
                      [1].size ∈ [0..2147483647] or UNINITIALIZED
                      [2].type ∈
                      {JSMN_OBJECT; JSMN_ARRAY; JSMN_STRING; JSMN_PRIMITIVE} or UNINITIALIZED
                      [2]{.start; .end} ∈ [-1..8] or UNINITIALIZED
                      [2].size ∈ [0..2147483647] or UNINITIALIZED
  __malloc_parse_l76_4[0].type ∈ [1..2147483647] or UNINITIALIZED
                      [0]{.start; .end} ∈ [-1..2147483647] or UNINITIALIZED
                      [0].size ∈ [0..2147483647] or UNINITIALIZED
                      [1].type ∈ [1..2147483647] or UNINITIALIZED
                      [1]{.start; .end} ∈ [-1..2147483647] or UNINITIALIZED
                      [1].size ∈ [0..2147483647] or UNINITIALIZED
                      [2].type ∈
                      {JSMN_OBJECT; JSMN_STRING; JSMN_PRIMITIVE} or UNINITIALIZED
                      [2]{.start; .end} ∈ [-1..16] or UNINITIALIZED
                      [2].size ∈ [0..2147483647] or UNINITIALIZED
                      [3].type ∈
                      {JSMN_OBJECT; JSMN_STRING; JSMN_PRIMITIVE} or UNINITIALIZED
                      [3].start ∈ [-1..16] or UNINITIALIZED
                      [3].end ∈ [-1..2147483647] or UNINITIALIZED
                      [3].size ∈ [0..2147483647] or UNINITIALIZED
                      [4].type ∈
                      {JSMN_OBJECT; JSMN_STRING; JSMN_PRIMITIVE} or UNINITIALIZED
                      [4].start ∈ [-1..16] or UNINITIALIZED
                      [4].end ∈ [-1..2147483647] or UNINITIALIZED
                      [4].size ∈ [0..2147483647] or UNINITIALIZED
  __malloc_parse_l76_5[0].type ∈
                      {JSMN_OBJECT; JSMN_ARRAY; JSMN_STRING; JSMN_PRIMITIVE} or UNINITIALIZED
                      [0].start ∈ [-1..2147483647] or UNINITIALIZED
                      [0].end ∈ [-1..43] or UNINITIALIZED
                      [0].size ∈ [0..2147483647] or UNINITIALIZED
                      [1].type ∈
                      {JSMN_OBJECT; JSMN_ARRAY; JSMN_STRING; JSMN_PRIMITIVE} or UNINITIALIZED
                      [1].start ∈ [-1..2147483647] or UNINITIALIZED
                      [1].end ∈ [-1..43] or UNINITIALIZED
                      [1].size ∈ [0..2147483647] or UNINITIALIZED
                      [2].type ∈
                      {JSMN_OBJECT; JSMN_ARRAY; JSMN_STRING; JSMN_PRIMITIVE} or UNINITIALIZED
                      [2]{.start; .end} ∈ [-1..43] or UNINITIALIZED
                      [2].size ∈ [0..2147483647] or UNINITIALIZED
                      [3].type ∈
                      {JSMN_OBJECT; JSMN_ARRAY; JSMN_STRING; JSMN_PRIMITIVE} or UNINITIALIZED
                      [3].start ∈ [-1..43] or UNINITIALIZED
                      [3].end ∈ [-1..2147483647] or UNINITIALIZED
                      [3].size ∈ [0..2147483647] or UNINITIALIZED
                      [4].type ∈
                      {JSMN_OBJECT; JSMN_ARRAY; JSMN_STRING; JSMN_PRIMITIVE} or UNINITIALIZED
                      [4].start ∈ [-1..43] or UNINITIALIZED
                      [4].end ∈ [-1..2147483647] or UNINITIALIZED
                      [4].size ∈ [0..2147483647] or UNINITIALIZED
                      [5].type ∈
                      {JSMN_OBJECT; JSMN_ARRAY; JSMN_STRING; JSMN_PRIMITIVE} or UNINITIALIZED
                      [5].start ∈ [-1..43] or UNINITIALIZED
                      [5].end ∈ [-1..2147483647] or UNINITIALIZED
                      [5].size ∈ [0..2147483647] or UNINITIALIZED
                      [6].type ∈
                      {JSMN_OBJECT; JSMN_ARRAY; JSMN_STRING; JSMN_PRIMITIVE} or UNINITIALIZED
                      [6].start ∈ [-1..43] or UNINITIALIZED
                      [6].end ∈ [-1..2147483647] or UNINITIALIZED
                      [6].size ∈ [0..2147483647] or UNINITIALIZED
  __malloc_parse_l76_6[0].type ∈ [1..2147483647] or UNINITIALIZED
                      [0]{.start; .end} ∈ [-1..2147483647] or UNINITIALIZED
                      [0].size ∈ [0..2147483647] or UNINITIALIZED
                      [1].type ∈ [1..2147483647] or UNINITIALIZED
                      [1]{.start; .end} ∈ [-1..2147483647] or UNINITIALIZED
                      [1].size ∈ [0..2147483647] or UNINITIALIZED
                      [2].type ∈
                      {JSMN_OBJECT; JSMN_ARRAY; JSMN_STRING; JSMN_PRIMITIVE} or UNINITIALIZED
                      [2]{.start; .end} ∈ [-1..18] or UNINITIALIZED
                      [2].size ∈ [0..2147483647] or UNINITIALIZED
                      [3].type ∈
                      {JSMN_OBJECT; JSMN_ARRAY; JSMN_STRING; JSMN_PRIMITIVE} or UNINITIALIZED
                      [3].start ∈ [-1..18] or UNINITIALIZED
                      [3].end ∈ [-1..2147483647] or UNINITIALIZED
                      [3].size ∈ [0..2147483647] or UNINITIALIZED
                      [4].type ∈
                      {JSMN_OBJECT; JSMN_ARRAY; JSMN_STRING; JSMN_PRIMITIVE} or UNINITIALIZED
                      [4].start ∈ [-1..18] or UNINITIALIZED
                      [4].end ∈ [-1..2147483647] or UNINITIALIZED
                      [4].size ∈ [0..2147483647] or UNINITIALIZED
  __malloc_parse_l76_7[0].type ∈
                      {JSMN_ARRAY; JSMN_PRIMITIVE} or UNINITIALIZED
                      [0]{.start; .end} ∈ [-1..2147483647] or UNINITIALIZED
                      [0].size ∈ [0..2147483647] or UNINITIALIZED
                      [1].type ∈
                      {JSMN_ARRAY; JSMN_PRIMITIVE} or UNINITIALIZED
                      [1]{.start; .end} ∈ [-1..2147483647] or UNINITIALIZED
                      [1].size ∈ [0..2147483647] or UNINITIALIZED
  __malloc_parse_l76_8[0].type ∈ [1..2147483647] or UNINITIALIZED
                      [0].start ∈ [-1..2147483647] or UNINITIALIZED
                      [0].end ∈ [-1..8] or UNINITIALIZED
                      [0].size ∈ [0..2147483647] or UNINITIALIZED
                      [1].type ∈ [1..2147483647] or UNINITIALIZED
                      [1].start ∈ [-1..2147483647] or UNINITIALIZED
                      [1].end ∈ [-1..8] or UNINITIALIZED
                      [1].size ∈ [0..2147483647] or UNINITIALIZED
                      [2].type ∈
                      {JSMN_OBJECT; JSMN_STRING; JSMN_PRIMITIVE} or UNINITIALIZED
                      [2].start ∈ [-1..8] or UNINITIALIZED
                      [2].end ∈ {-1; 1; 2; 3; 4; 5; 6; 7} or UNINITIALIZED
                      [2].size ∈ [0..2147483647] or UNINITIALIZED
  __malloc_parse_l76_9[0].type ∈ [1..2147483647] or UNINITIALIZED
                      [0]{.start; .end} ∈ [-1..2147483647] or UNINITIALIZED
                      [0].size ∈ [0..2147483647] or UNINITIALIZED
                      [1].type ∈ [1..2147483647] or UNINITIALIZED
                      [1]{.start; .end} ∈ [-1..2147483647] or UNINITIALIZED
                      [1].size ∈ [0..2147483647] or UNINITIALIZED
                      [2].type ∈
                      {JSMN_OBJECT; JSMN_ARRAY; JSMN_STRING; JSMN_PRIMITIVE} or UNINITIALIZED
                      [2]{.start; .end} ∈ [-1..19] or UNINITIALIZED
                      [2].size ∈ [0..2147483647] or UNINITIALIZED
  __malloc_parse_l76_10[0].type ∈ [1..2147483647] or UNINITIALIZED
                       [0]{.start; .end} ∈
                       [-1..2147483647] or UNINITIALIZED
                       [0].size ∈ [0..2147483647] or UNINITIALIZED
                       [1].type ∈ [1..2147483647] or UNINITIALIZED
                       [1]{.start; .end} ∈
                       [-1..2147483647] or UNINITIALIZED
                       [1].size ∈ [0..2147483647] or UNINITIALIZED
                       [2].type ∈
                       {JSMN_OBJECT; JSMN_ARRAY; JSMN_STRING; JSMN_PRIMITIVE} or UNINITIALIZED
                       [2]{.start; .end} ∈ [-1..20] or UNINITIALIZED
                       [2].size ∈ [0..2147483647] or UNINITIALIZED
  __malloc_parse_l76_11[0].type ∈ [1..2147483647] or UNINITIALIZED
                       [0]{.start; .end} ∈
                       [-1..2147483647] or UNINITIALIZED
                       [0].size ∈ [0..2147483647] or UNINITIALIZED
                       [1].type ∈ [1..2147483647] or UNINITIALIZED
                       [1]{.start; .end} ∈
                       [-1..2147483647] or UNINITIALIZED
                       [1].size ∈ [0..2147483647] or UNINITIALIZED
                       [2].type ∈
                       {JSMN_OBJECT; JSMN_ARRAY; JSMN_STRING; JSMN_PRIMITIVE} or UNINITIALIZED
                       [2]{.start; .end} ∈ [-1..19] or UNINITIALIZED
                       [2].size ∈ [0..2147483647] or UNINITIALIZED
  __malloc_parse_l76_12[0].type ∈ [1..2147483647] or UNINITIALIZED
                       [0]{.start; .end} ∈
                       [-1..2147483647] or UNINITIALIZED
                       [0].size ∈ [0..2147483647] or UNINITIALIZED
                       [1].type ∈ [1..2147483647] or UNINITIALIZED
                       [1]{.start; .end} ∈
                       [-1..2147483647] or UNINITIALIZED
                       [1].size ∈ [0..2147483647] or UNINITIALIZED
                       [2].type ∈
                       {JSMN_OBJECT; JSMN_ARRAY; JSMN_STRING; JSMN_PRIMITIVE} or UNINITIALIZED
                       [2]{.start; .end} ∈ [-1..15] or UNINITIALIZED
                       [2].size ∈ [0..2147483647] or UNINITIALIZED
  __malloc_parse_l76_13[0].type ∈ [1..2147483647] or UNINITIALIZED
                       [0]{.start; .end} ∈
                       [-1..2147483647] or UNINITIALIZED
                       [0].size ∈ [0..2147483647] or UNINITIALIZED
                       [1].type ∈ [1..2147483647] or UNINITIALIZED
                       [1]{.start; .end} ∈
                       [-1..2147483647] or UNINITIALIZED
                       [1].size ∈ [0..2147483647] or UNINITIALIZED
                       [2].type ∈
                       {JSMN_OBJECT; JSMN_ARRAY; JSMN_STRING; JSMN_PRIMITIVE} or UNINITIALIZED
                       [2]{.start; .end} ∈ [-1..21] or UNINITIALIZED
                       [2].size ∈ [0..2147483647] or UNINITIALIZED
  __malloc_parse_l76_14[0].type ∈ [1..2147483647] or UNINITIALIZED
                       [0]{.start; .end} ∈
                       [-1..2147483647] or UNINITIALIZED
                       [0].size ∈ [0..2147483647] or UNINITIALIZED
                       [1].type ∈ [1..2147483647] or UNINITIALIZED
                       [1]{.start; .end} ∈
                       [-1..2147483647] or UNINITIALIZED
                       [1].size ∈ [0..2147483647] or UNINITIALIZED
                       [2].type ∈
                       {JSMN_OBJECT; JSMN_ARRAY; JSMN_STRING; JSMN_PRIMITIVE} or UNINITIALIZED
                       [2]{.start; .end} ∈ [-1..26] or UNINITIALIZED
                       [2].size ∈ [0..2147483647] or UNINITIALIZED
  __malloc_parse_l76_15[0].type ∈ [1..2147483647] or UNINITIALIZED
                       [0]{.start; .end} ∈
                       [-1..2147483647] or UNINITIALIZED
                       [0].size ∈ [0..2147483647] or UNINITIALIZED
                       [1].type ∈ [1..2147483647] or UNINITIALIZED
                       [1]{.start; .end} ∈
                       [-1..2147483647] or UNINITIALIZED
                       [1].size ∈ [0..2147483647] or UNINITIALIZED
                       [2].type ∈
                       {JSMN_OBJECT; JSMN_ARRAY; JSMN_STRING; JSMN_PRIMITIVE} or UNINITIALIZED
                       [2]{.start; .end} ∈ [-1..40] or UNINITIALIZED
                       [2].size ∈ [0..2147483647] or UNINITIALIZED
  __malloc_parse_l76_16[0].type ∈ [1..2147483647] or UNINITIALIZED
                       [0]{.start; .end} ∈
                       [-1..2147483647] or UNINITIALIZED
                       [0].size ∈ [0..2147483647] or UNINITIALIZED
                       [1].type ∈ [1..2147483647] or UNINITIALIZED
                       [1]{.start; .end} ∈
                       [-1..2147483647] or UNINITIALIZED
                       [1].size ∈ [0..2147483647] or UNINITIALIZED
                       [2].type ∈
                       {JSMN_OBJECT; JSMN_ARRAY; JSMN_STRING; JSMN_PRIMITIVE} or UNINITIALIZED
                       [2]{.start; .end} ∈ [-1..14] or UNINITIALIZED
                       [2].size ∈ [0..2147483647] or UNINITIALIZED
  __malloc_parse_l76_17[0].type ∈ [1..2147483647] or UNINITIALIZED
                       [0]{.start; .end} ∈
                       [-1..2147483647] or UNINITIALIZED
                       [0].size ∈ [0..2147483647] or UNINITIALIZED
                       [1].type ∈ [1..2147483647] or UNINITIALIZED
                       [1]{.start; .end} ∈
                       [-1..2147483647] or UNINITIALIZED
                       [1].size ∈ [0..2147483647] or UNINITIALIZED
                       [2].type ∈
                       {JSMN_OBJECT; JSMN_ARRAY; JSMN_STRING; JSMN_PRIMITIVE} or UNINITIALIZED
                       [2]{.start; .end} ∈ [-1..14] or UNINITIALIZED
                       [2].size ∈ [0..2147483647] or UNINITIALIZED
  __malloc_parse_l76_18[0].type ∈ [1..2147483647] or UNINITIALIZED
                       [0]{.start; .end} ∈
                       [-1..2147483647] or UNINITIALIZED
                       [0].size ∈ [0..2147483647] or UNINITIALIZED
                       [1].type ∈ [1..2147483647] or UNINITIALIZED
                       [1]{.start; .end} ∈
                       [-1..2147483647] or UNINITIALIZED
                       [1].size ∈ [0..2147483647] or UNINITIALIZED
                       [2].type ∈
                       {JSMN_OBJECT; JSMN_ARRAY; JSMN_STRING; JSMN_PRIMITIVE} or UNINITIALIZED
                       [2]{.start; .end} ∈ [-1..17] or UNINITIALIZED
                       [2].size ∈ [0..2147483647] or UNINITIALIZED
  __malloc_parse_l76_19[0].type ∈ [1..2147483647] or UNINITIALIZED
                       [0]{.start; .end} ∈
                       [-1..2147483647] or UNINITIALIZED
                       [0].size ∈ [0..2147483647] or UNINITIALIZED
                       [1].type ∈ [1..2147483647] or UNINITIALIZED
                       [1]{.start; .end} ∈
                       [-1..2147483647] or UNINITIALIZED
                       [1].size ∈ [0..2147483647] or UNINITIALIZED
                       [2].type ∈
                       {JSMN_OBJECT; JSMN_ARRAY; JSMN_STRING; JSMN_PRIMITIVE} or UNINITIALIZED
                       [2]{.start; .end} ∈ [-1..17] or UNINITIALIZED
                       [2].size ∈ [0..2147483647] or UNINITIALIZED
  __malloc_parse_l76_20[0].type ∈ [1..2147483647] or UNINITIALIZED
                       [0]{.start; .end} ∈
                       [-1..2147483647] or UNINITIALIZED
                       [0].size ∈ [0..2147483647] or UNINITIALIZED
                       [1].type ∈ [1..2147483647] or UNINITIALIZED
                       [1]{.start; .end} ∈
                       [-1..2147483647] or UNINITIALIZED
                       [1].size ∈ [0..2147483647] or UNINITIALIZED
                       [2].type ∈
                       {JSMN_OBJECT; JSMN_ARRAY; JSMN_STRING; JSMN_PRIMITIVE} or UNINITIALIZED
                       [2]{.start; .end} ∈ [-1..16] or UNINITIALIZED
                       [2].size ∈ [0..2147483647] or UNINITIALIZED
                       [3].type ∈
                       {JSMN_OBJECT; JSMN_ARRAY; JSMN_STRING; JSMN_PRIMITIVE} or UNINITIALIZED
                       [3].start ∈ [-1..16] or UNINITIALIZED
                       [3].end ∈ [-1..2147483647] or UNINITIALIZED
                       [3].size ∈ [0..2147483647] or UNINITIALIZED
  __malloc_parse_l76_21[0].type ∈ [1..2147483647] or UNINITIALIZED
                       [0]{.start; .end} ∈
                       [-1..2147483647] or UNINITIALIZED
                       [0].size ∈ [0..2147483647] or UNINITIALIZED
                       [1].type ∈ [1..2147483647] or UNINITIALIZED
                       [1]{.start; .end} ∈
                       [-1..2147483647] or UNINITIALIZED
                       [1].size ∈ [0..2147483647] or UNINITIALIZED
                       [2].type ∈
                       {JSMN_OBJECT; JSMN_ARRAY; JSMN_STRING; JSMN_PRIMITIVE} or UNINITIALIZED
                       [2]{.start; .end} ∈ [-1..20] or UNINITIALIZED
                       [2].size ∈ [0..2147483647] or UNINITIALIZED
  __malloc_parse_l76_22[0].type ∈ [1..2147483647] or UNINITIALIZED
                       [0]{.start; .end} ∈
                       [-1..2147483647] or UNINITIALIZED
                       [0].size ∈ [0..2147483647] or UNINITIALIZED
                       [1].type ∈ [1..2147483647] or UNINITIALIZED
                       [1]{.start; .end} ∈
                       [-1..2147483647] or UNINITIALIZED
                       [1].size ∈ [0..2147483647] or UNINITIALIZED
                       [2].type ∈
                       {JSMN_OBJECT; JSMN_ARRAY; JSMN_STRING; JSMN_PRIMITIVE} or UNINITIALIZED
                       [2]{.start; .end} ∈ [-1..17] or UNINITIALIZED
                       [2].size ∈ [0..2147483647] or UNINITIALIZED
  __malloc_parse_l76_23[0].type ∈
                       {JSMN_OBJECT; JSMN_ARRAY; JSMN_STRING; JSMN_PRIMITIVE} or UNINITIALIZED
                       [0].start ∈ [-1..2147483647] or UNINITIALIZED
                       [0].end ∈ [-1..16] or UNINITIALIZED
                       [0].size ∈ [0..2147483647] or UNINITIALIZED
                       [1].type ∈
                       {JSMN_OBJECT; JSMN_ARRAY; JSMN_STRING; JSMN_PRIMITIVE} or UNINITIALIZED
                       [1].start ∈ [-1..2147483647] or UNINITIALIZED
                       [1].end ∈ [-1..16] or UNINITIALIZED
                       [1].size ∈ [0..2147483647] or UNINITIALIZED
                       [2].type ∈
                       {JSMN_OBJECT; JSMN_ARRAY; JSMN_STRING; JSMN_PRIMITIVE} or UNINITIALIZED
                       [2]{.start; .end} ∈ [-1..16] or UNINITIALIZED
                       [2].size ∈ [0..2147483647] or UNINITIALIZED
                       [3].type ∈
                       {JSMN_OBJECT; JSMN_ARRAY; JSMN_STRING; JSMN_PRIMITIVE} or UNINITIALIZED
                       [3].start ∈ [-1..16] or UNINITIALIZED
                       [3].end ∈ [-1..2147483647] or UNINITIALIZED
                       [3].size ∈ [0..2147483647] or UNINITIALIZED
  __malloc_parse_l76_24[0].type ∈
                       {JSMN_OBJECT; JSMN_ARRAY; JSMN_STRING; JSMN_PRIMITIVE} or UNINITIALIZED
                       [0].start ∈ [-1..2147483647] or UNINITIALIZED
                       [0].end ∈ [-1..51] or UNINITIALIZED
                       [0].size ∈ [0..2147483647] or UNINITIALIZED
                       [1].type ∈
                       {JSMN_OBJECT; JSMN_ARRAY; JSMN_STRING; JSMN_PRIMITIVE} or UNINITIALIZED
                       [1].start ∈ [-1..2147483647] or UNINITIALIZED
                       [1].end ∈ [-1..51] or UNINITIALIZED
                       [1].size ∈ [0..2147483647] or UNINITIALIZED
                       [2].type ∈
                       {JSMN_OBJECT; JSMN_ARRAY; JSMN_STRING; JSMN_PRIMITIVE} or UNINITIALIZED
                       [2]{.start; .end} ∈ [-1..51] or UNINITIALIZED
                       [2].size ∈ [0..2147483647] or UNINITIALIZED
                       [3].type ∈
                       {JSMN_OBJECT; JSMN_ARRAY; JSMN_STRING; JSMN_PRIMITIVE} or UNINITIALIZED
                       [3].start ∈ [-1..51] or UNINITIALIZED
                       [3].end ∈ [-1..2147483647] or UNINITIALIZED
                       [3].size ∈ [0..2147483647] or UNINITIALIZED
                       [4].type ∈
                       {JSMN_OBJECT; JSMN_ARRAY; JSMN_STRING; JSMN_PRIMITIVE} or UNINITIALIZED
                       [4].start ∈ [-1..51] or UNINITIALIZED
                       [4].end ∈ [-1..2147483647] or UNINITIALIZED
                       [4].size ∈ [0..2147483647] or UNINITIALIZED
                       [5].type ∈
                       {JSMN_OBJECT; JSMN_ARRAY; JSMN_STRING; JSMN_PRIMITIVE} or UNINITIALIZED
                       [5].start ∈ [-1..51] or UNINITIALIZED
                       [5].end ∈ [-1..2147483647] or UNINITIALIZED
                       [5].size ∈ [0..2147483647] or UNINITIALIZED
                       [6].type ∈
                       {JSMN_OBJECT; JSMN_ARRAY; JSMN_STRING; JSMN_PRIMITIVE} or UNINITIALIZED
                       [6].start ∈ [-1..51] or UNINITIALIZED
                       [6].end ∈ [-1..2147483647] or UNINITIALIZED
                       [6].size ∈ [0..2147483647] or UNINITIALIZED
                       [7].type ∈
                       {JSMN_OBJECT; JSMN_ARRAY; JSMN_STRING; JSMN_PRIMITIVE} or UNINITIALIZED
                       [7].start ∈ [-1..51] or UNINITIALIZED
                       [7].end ∈ [-1..2147483647] or UNINITIALIZED
                       [7].size ∈ [0..2147483647] or UNINITIALIZED
  __malloc_parse_l76_25[0].type ∈ {JSMN_PRIMITIVE} or UNINITIALIZED
                       [0]{.start; .end} ∈
                       [-1..2147483647] or UNINITIALIZED
                       [0].size ∈ [0..2147483647] or UNINITIALIZED
                       [1].type ∈ {JSMN_PRIMITIVE} or UNINITIALIZED
                       [1]{.start; .end} ∈
                       [-1..2147483647] or UNINITIALIZED
                       [1].size ∈ [0..2147483647] or UNINITIALIZED
  __malloc_parse_l76_26[0].type ∈
                       {JSMN_ARRAY; JSMN_STRING; JSMN_PRIMITIVE} or UNINITIALIZED
                       [0].start ∈ [-1..30] or UNINITIALIZED
                       [0].end ∈ [-1..2147483647] or UNINITIALIZED
                       [0].size ∈ [0..2147483647] or UNINITIALIZED
                       [1].type ∈
                       {JSMN_ARRAY; JSMN_STRING; JSMN_PRIMITIVE} or UNINITIALIZED
                       [1].start ∈ [-1..30] or UNINITIALIZED
                       [1].end ∈ [-1..2147483647] or UNINITIALIZED
                       [1].size ∈ [0..2147483647] or UNINITIALIZED
                       [2].type ∈
                       {JSMN_ARRAY; JSMN_STRING; JSMN_PRIMITIVE} or UNINITIALIZED
                       [2].start ∈ [-1..30] or UNINITIALIZED
                       [2].end ∈ [-1..2147483647] or UNINITIALIZED
                       [2].size ∈ [0..2147483647] or UNINITIALIZED
                       [3].type ∈
                       {JSMN_ARRAY; JSMN_STRING; JSMN_PRIMITIVE} or UNINITIALIZED
                       [3].start ∈ [-1..30] or UNINITIALIZED
                       [3].end ∈ [-1..2147483647] or UNINITIALIZED
                       [3].size ∈ [0..2147483647] or UNINITIALIZED
                       [4].type ∈
                       {JSMN_ARRAY; JSMN_STRING; JSMN_PRIMITIVE} or UNINITIALIZED
                       [4].start ∈ [-1..30] or UNINITIALIZED
                       [4].end ∈ [-1..2147483647] or UNINITIALIZED
                       [4].size ∈ [0..2147483647] or UNINITIALIZED
                       [5].type ∈
                       {JSMN_ARRAY; JSMN_STRING; JSMN_PRIMITIVE} or UNINITIALIZED
                       [5].start ∈ [-1..30] or UNINITIALIZED
                       [5].end ∈ [-1..2147483647] or UNINITIALIZED
                       [5].size ∈ [0..2147483647] or UNINITIALIZED
  __malloc_parse_l76_27[0].type ∈
                       {JSMN_OBJECT; JSMN_ARRAY; JSMN_STRING; JSMN_PRIMITIVE} or UNINITIALIZED
                       [0].start ∈ [-1..14] or UNINITIALIZED
                       [0].end ∈ [-1..2147483647] or UNINITIALIZED
                       [0].size ∈ [0..2147483647] or UNINITIALIZED
                       [1].type ∈
                       {JSMN_OBJECT; JSMN_ARRAY; JSMN_STRING; JSMN_PRIMITIVE} or UNINITIALIZED
                       [1].start ∈ [-1..14] or UNINITIALIZED
                       [1].end ∈ [-1..2147483647] or UNINITIALIZED
                       [1].size ∈ [0..2147483647] or UNINITIALIZED
  __malloc_parse_l76_28[0].type ∈
                       {JSMN_OBJECT; JSMN_ARRAY; JSMN_STRING; JSMN_PRIMITIVE} or UNINITIALIZED
                       [0].start ∈ [-1..14] or UNINITIALIZED
                       [0].end ∈ [-1..2147483647] or UNINITIALIZED
                       [0].size ∈ [0..2147483647] or UNINITIALIZED
                       [1].type ∈
                       {JSMN_OBJECT; JSMN_ARRAY; JSMN_STRING; JSMN_PRIMITIVE} or UNINITIALIZED
                       [1].start ∈ [-1..14] or UNINITIALIZED
                       [1].end ∈ [-1..2147483647] or UNINITIALIZED
                       [1].size ∈ [0..2147483647] or UNINITIALIZED
  __malloc_parse_l76_29[0].type ∈ [1..2147483647] or UNINITIALIZED
                       [0]{.start; .end} ∈
                       [-1..2147483647] or UNINITIALIZED
                       [0].size ∈ [0..2147483647] or UNINITIALIZED
                       [1].type ∈ [1..2147483647] or UNINITIALIZED
                       [1]{.start; .end} ∈
                       [-1..2147483647] or UNINITIALIZED
                       [1].size ∈ [0..2147483647] or UNINITIALIZED
                       [2].type ∈
                       {JSMN_OBJECT; JSMN_ARRAY; JSMN_STRING; JSMN_PRIMITIVE} or UNINITIALIZED
                       [2].start ∈ [-1..14] or UNINITIALIZED
                       [2].end ∈ [-1..2147483647] or UNINITIALIZED
                       [2].size ∈ [0..2147483647] or UNINITIALIZED
  __malloc_parse_l76_30[0].type ∈ [1..2147483647] or UNINITIALIZED
                       [0]{.start; .end} ∈
                       [-1..2147483647] or UNINITIALIZED
                       [0].size ∈ [0..2147483647] or UNINITIALIZED
                       [1].type ∈ [1..2147483647] or UNINITIALIZED
                       [1]{.start; .end} ∈
                       [-1..2147483647] or UNINITIALIZED
                       [1].size ∈ [0..2147483647] or UNINITIALIZED
                       [2].type ∈
                       {JSMN_OBJECT; JSMN_ARRAY; JSMN_STRING; JSMN_PRIMITIVE} or UNINITIALIZED
                       [2]{.start; .end} ∈ [-1..16] or UNINITIALIZED
                       [2].size ∈ [0..2147483647] or UNINITIALIZED
  __malloc_parse_l76_31[0].type ∈
                       {JSMN_OBJECT; JSMN_ARRAY; JSMN_STRING; JSMN_PRIMITIVE} or UNINITIALIZED
                       [0].start ∈ [-1..14] or UNINITIALIZED
                       [0].end ∈ [-1..2147483647] or UNINITIALIZED
                       [0].size ∈ [0..2147483647] or UNINITIALIZED
                       [1].type ∈
                       {JSMN_OBJECT; JSMN_ARRAY; JSMN_STRING; JSMN_PRIMITIVE} or UNINITIALIZED
                       [1].start ∈ [-1..14] or UNINITIALIZED
                       [1].end ∈ [-1..2147483647] or UNINITIALIZED
                       [1].size ∈ [0..2147483647] or UNINITIALIZED
                       [2].type ∈
                       {JSMN_OBJECT; JSMN_ARRAY; JSMN_STRING; JSMN_PRIMITIVE} or UNINITIALIZED
                       [2].start ∈ [-1..14] or UNINITIALIZED
                       [2].end ∈ [-1..2147483647] or UNINITIALIZED
                       [2].size ∈ [0..2147483647] or UNINITIALIZED
  __malloc_parse_l76_32[0].type ∈ [1..2147483647] or UNINITIALIZED
                       [0]{.start; .end} ∈
                       [-1..2147483647] or UNINITIALIZED
                       [0].size ∈ [0..2147483647] or UNINITIALIZED
                       [1].type ∈ [1..2147483647] or UNINITIALIZED
                       [1]{.start; .end} ∈
                       [-1..2147483647] or UNINITIALIZED
                       [1].size ∈ [0..2147483647] or UNINITIALIZED
                       [2].type ∈
                       {JSMN_OBJECT; JSMN_ARRAY; JSMN_STRING; JSMN_PRIMITIVE} or UNINITIALIZED
                       [2]{.start; .end} ∈ [-1..16] or UNINITIALIZED
                       [2].size ∈ [0..2147483647] or UNINITIALIZED
  __malloc_parse_l76_33[0].type ∈
                       {JSMN_OBJECT; JSMN_ARRAY; JSMN_STRING; JSMN_PRIMITIVE} or UNINITIALIZED
                       [0].start ∈ [-1..2147483647] or UNINITIALIZED
                       [0].end ∈ [-1..16] or UNINITIALIZED
                       [0].size ∈ [0..2147483647] or UNINITIALIZED
                       [1].type ∈
                       {JSMN_OBJECT; JSMN_ARRAY; JSMN_STRING; JSMN_PRIMITIVE} or UNINITIALIZED
                       [1].start ∈ [-1..2147483647] or UNINITIALIZED
                       [1].end ∈ [-1..16] or UNINITIALIZED
                       [1].size ∈ [0..2147483647] or UNINITIALIZED
                       [2].type ∈
                       {JSMN_OBJECT; JSMN_ARRAY; JSMN_STRING; JSMN_PRIMITIVE} or UNINITIALIZED
                       [2]{.start; .end} ∈ [-1..16] or UNINITIALIZED
                       [2].size ∈ [0..2147483647] or UNINITIALIZED
                       [3].type ∈
                       {JSMN_OBJECT; JSMN_ARRAY; JSMN_STRING; JSMN_PRIMITIVE} or UNINITIALIZED
                       [3].start ∈ [-1..16] or UNINITIALIZED
                       [3].end ∈ [-1..2147483647] or UNINITIALIZED
                       [3].size ∈ [0..2147483647] or UNINITIALIZED
[eva:final-states] Values at end of function jsmn_parse_string:
  token ∈
       {{ NULL ; &tok{[0], [1], [2], [3], [4]} ;
          &toksmall{[0], [1], [2], [3], [4]} ; &toklarge + [0..144],0%16 ;
          &tok + [0..144],0%16 ; &tokens + [0..2032],0%16 ;
          &tokens + [0..144],0%16 ; &__malloc_parse_l76_2{[0], [1], [2]} ;
          &__malloc_parse_l76_3{[0], [1], [2]} ;
          &__malloc_parse_l76_4{[0], [1], [2], [3], [4]} ;
          &__malloc_parse_l76_5{[0], [1], [2], [3], [4], [5], [6]} ;
          &__malloc_parse_l76_6{[0], [1], [2], [3], [4]} ;
          &__malloc_parse_l76_8{[0], [1], [2]} ;
          &__malloc_parse_l76_9{[0], [1], [2]} ;
          &__malloc_parse_l76_10{[0], [1], [2]} ;
          &__malloc_parse_l76_11{[0], [1], [2]} ;
          &__malloc_parse_l76_12{[0], [1], [2]} ;
          &__malloc_parse_l76_13{[0], [1], [2]} ;
          &__malloc_parse_l76_14{[0], [1], [2]} ;
          &__malloc_parse_l76_15{[0], [1], [2]} ;
          &__malloc_parse_l76_16{[0], [1], [2]} ;
          &__malloc_parse_l76_17{[0], [1], [2]} ;
          &__malloc_parse_l76_18{[0], [1], [2]} ;
          &__malloc_parse_l76_19{[0], [1], [2]} ;
          &__malloc_parse_l76_20{[0], [1], [2], [3]} ;
          &__malloc_parse_l76_21{[0], [1], [2]} ;
          &__malloc_parse_l76_22{[0], [1], [2]} ;
          &__malloc_parse_l76_23{[0], [1], [2], [3]} ;
          &__malloc_parse_l76_24{[0], [1], [2], [3], [4], [5], [6], [7]} ;
          &__malloc_parse_l76_26{[0], [1], [2], [3], [4], [5]} ;
          &__malloc_parse_l76_27{[0], [1]} ;
          &__malloc_parse_l76_28{[0], [1]} ;
          &__malloc_parse_l76_29{[0], [1], [2]} ;
          &__malloc_parse_l76_30{[0], [1], [2]} ;
          &__malloc_parse_l76_31{[0], [1], [2]} ;
          &__malloc_parse_l76_32{[0], [1], [2]} ;
          &__malloc_parse_l76_33{[0], [1], [2], [3]} }} or UNINITIALIZED
  start ∈ [0..457]
  p.pos ∈ [0..50]
   .toknext ∈ [0..2147483647]
   .toksuper ∈ [--..--]
  p.pos ∈ [0..30]
   .toknext ∈ [0..2147483647]
   .toksuper ∈ [--..--]
  tok[0].type ∈ [1..2147483647] or UNINITIALIZED
     [0]{.start; .end} ∈ [-1..2147483647] or UNINITIALIZED
     [0].size ∈ [0..2147483647] or UNINITIALIZED
     [1].type ∈ [1..2147483647] or UNINITIALIZED
     [1]{.start; .end} ∈ [-1..2147483647] or UNINITIALIZED
     [1].size ∈ [0..2147483647] or UNINITIALIZED
     [2].type ∈ [1..2147483647] or UNINITIALIZED
     [2]{.start; .end} ∈ [-1..2147483647] or UNINITIALIZED
     [2].size ∈ [0..2147483647] or UNINITIALIZED
     [3].type ∈ [1..2147483647] or UNINITIALIZED
     [3]{.start; .end} ∈ [-1..2147483647] or UNINITIALIZED
     [3].size ∈ [0..2147483647] or UNINITIALIZED
     [4].type ∈ [1..2147483647] or UNINITIALIZED
     [4]{.start; .end} ∈ [-1..2147483647] or UNINITIALIZED
     [4].size ∈ [0..2147483647] or UNINITIALIZED
  p.pos ∈ [0..27]
   .toknext ∈ [0..2147483647]
   .toksuper ∈ [--..--]
  toksmall[0].type ∈
          {JSMN_UNDEFINED; JSMN_ARRAY; JSMN_STRING; JSMN_PRIMITIVE}
          [0]{.start; .end} ∈ [-1..28]
          [0].size ∈ [0..2147483647]
          [1].type ∈
          {JSMN_UNDEFINED; JSMN_ARRAY; JSMN_STRING; JSMN_PRIMITIVE}
          [1].start ∈ [-1..28]
          [1].end ∈ [-1..2147483647]
          [1].size ∈ [0..2147483647]
          [2].type ∈
          {JSMN_UNDEFINED; JSMN_ARRAY; JSMN_STRING; JSMN_PRIMITIVE}
          [2]{.start; .end} ∈ [-1..28]
          [2].size ∈ [0..2147483647]
          [3].type ∈
          {JSMN_UNDEFINED; JSMN_ARRAY; JSMN_STRING; JSMN_PRIMITIVE}
          [3].start ∈ [-1..28]
          [3].end ∈ [-1..2147483647]
          [3].size ∈ [0..2147483647]
          [4].type ∈
          {JSMN_UNDEFINED; JSMN_ARRAY; JSMN_STRING; JSMN_PRIMITIVE}
          [4].start ∈ [-1..28]
          [4].end ∈ [-1..2147483647]
          [4].size ∈ [0..2147483647]
          [5]{.type; .start; .end} ∈ {0}
          [5].size ∈ [0..2147483647]
          [6]{.type; .start; .end} ∈ {0}
          [6].size ∈ [0..2147483647]
          [7]{.type; .start; .end} ∈ {0}
          [7].size ∈ [0..2147483647]
          [8]{.type; .start; .end} ∈ {0}
          [8].size ∈ [0..2147483647]
          [9]{.type; .start; .end} ∈ {0}
          [9].size ∈ [0..2147483647]
  toklarge[0].type ∈
          {JSMN_UNDEFINED; JSMN_ARRAY; JSMN_STRING; JSMN_PRIMITIVE}
          [0]{.start; .end} ∈ [-1..28]
          [0].size ∈ [0..2147483647]
          [1].type ∈
          {JSMN_UNDEFINED; JSMN_ARRAY; JSMN_STRING; JSMN_PRIMITIVE}
          [1].start ∈ [-1..28]
          [1].end ∈ [-1..2147483647]
          [1].size ∈ [0..2147483647]
          [2].type ∈
          {JSMN_UNDEFINED; JSMN_ARRAY; JSMN_STRING; JSMN_PRIMITIVE}
          [2].start ∈ [-1..28]
          [2].end ∈ [-1..2147483647]
          [2].size ∈ [0..2147483647]
          [3].type ∈
          {JSMN_UNDEFINED; JSMN_ARRAY; JSMN_STRING; JSMN_PRIMITIVE}
          [3].start ∈ [-1..28]
          [3].end ∈ [-1..2147483647]
          [3].size ∈ [0..2147483647]
          [4].type ∈
          {JSMN_UNDEFINED; JSMN_ARRAY; JSMN_STRING; JSMN_PRIMITIVE}
          [4].start ∈ [-1..28]
          [4].end ∈ [-1..2147483647]
          [4].size ∈ [0..2147483647]
          [5].type ∈
          {JSMN_UNDEFINED; JSMN_ARRAY; JSMN_STRING; JSMN_PRIMITIVE}
          [5].start ∈ [-1..28]
          [5].end ∈ [-1..2147483647]
          [5].size ∈ [0..2147483647]
          [6].type ∈
          {JSMN_UNDEFINED; JSMN_ARRAY; JSMN_STRING; JSMN_PRIMITIVE}
          [6].start ∈ [-1..28]
          [6].end ∈ [-1..2147483647]
          [6].size ∈ [0..2147483647]
          [7].type ∈
          {JSMN_UNDEFINED; JSMN_ARRAY; JSMN_STRING; JSMN_PRIMITIVE}
          [7].start ∈ [-1..28]
          [7].end ∈ [-1..2147483647]
          [7].size ∈ [0..2147483647]
          [8].type ∈
          {JSMN_UNDEFINED; JSMN_ARRAY; JSMN_STRING; JSMN_PRIMITIVE}
          [8].start ∈ [-1..28]
          [8].end ∈ [-1..2147483647]
          [8].size ∈ [0..2147483647]
          [9].type ∈
          {JSMN_UNDEFINED; JSMN_ARRAY; JSMN_STRING; JSMN_PRIMITIVE}
          [9].start ∈ [-1..28]
          [9].end ∈ [-1..2147483647]
          [9].size ∈ [0..2147483647]
  p.pos ∈ [0..23]
   .toknext ∈ [0..2147483647]
   .toksuper ∈ [--..--]
  tok[0].type ∈ {JSMN_ARRAY; JSMN_STRING; JSMN_PRIMITIVE} or UNINITIALIZED
     [0].start ∈ [-1..24] or UNINITIALIZED
     [0].end ∈ [-1..2147483647] or UNINITIALIZED
     [0].size ∈ [0..2147483647] or UNINITIALIZED
     [1].type ∈ {JSMN_ARRAY; JSMN_STRING; JSMN_PRIMITIVE} or UNINITIALIZED
     [1].start ∈ [-1..24] or UNINITIALIZED
     [1].end ∈ [-1..2147483647] or UNINITIALIZED
     [1].size ∈ [0..2147483647] or UNINITIALIZED
     [2].type ∈ {JSMN_ARRAY; JSMN_STRING; JSMN_PRIMITIVE} or UNINITIALIZED
     [2].start ∈ [-1..24] or UNINITIALIZED
     [2].end ∈ [-1..2147483647] or UNINITIALIZED
     [2].size ∈ [0..2147483647] or UNINITIALIZED
     [3].type ∈ {JSMN_ARRAY; JSMN_STRING; JSMN_PRIMITIVE} or UNINITIALIZED
     [3].start ∈ [-1..24] or UNINITIALIZED
     [3].end ∈ [-1..2147483647] or UNINITIALIZED
     [3].size ∈ [0..2147483647] or UNINITIALIZED
     [4].type ∈ {JSMN_ARRAY; JSMN_STRING; JSMN_PRIMITIVE} or UNINITIALIZED
     [4].start ∈ [-1..24] or UNINITIALIZED
     [4].end ∈ [-1..2147483647] or UNINITIALIZED
     [4].size ∈ [0..2147483647] or UNINITIALIZED
     [5].type ∈ {JSMN_ARRAY; JSMN_STRING; JSMN_PRIMITIVE} or UNINITIALIZED
     [5].start ∈ [-1..24] or UNINITIALIZED
     [5].end ∈ [-1..2147483647] or UNINITIALIZED
     [5].size ∈ [0..2147483647] or UNINITIALIZED
     [6].type ∈ {JSMN_ARRAY; JSMN_STRING; JSMN_PRIMITIVE} or UNINITIALIZED
     [6].start ∈ [-1..24] or UNINITIALIZED
     [6].end ∈ [-1..2147483647] or UNINITIALIZED
     [6].size ∈ [0..2147483647] or UNINITIALIZED
     [7].type ∈ {JSMN_ARRAY; JSMN_STRING; JSMN_PRIMITIVE} or UNINITIALIZED
     [7].start ∈ [-1..24] or UNINITIALIZED
     [7].end ∈ [-1..2147483647] or UNINITIALIZED
     [7].size ∈ [0..2147483647] or UNINITIALIZED
     [8].type ∈ {JSMN_ARRAY; JSMN_STRING; JSMN_PRIMITIVE} or UNINITIALIZED
     [8].start ∈ [-1..24] or UNINITIALIZED
     [8].end ∈ [-1..2147483647] or UNINITIALIZED
     [8].size ∈ [0..2147483647] or UNINITIALIZED
     [9].type ∈ {JSMN_ARRAY; JSMN_STRING; JSMN_PRIMITIVE} or UNINITIALIZED
     [9].start ∈ [-1..24] or UNINITIALIZED
     [9].end ∈ [-1..2147483647] or UNINITIALIZED
     [9].size ∈ [0..2147483647] or UNINITIALIZED
  p.pos ∈ [0..457]
   .toknext ∈ [0..2147483647]
   .toksuper ∈ [--..--]
  tokens[0].type ∈
        {JSMN_OBJECT; JSMN_ARRAY; JSMN_STRING; JSMN_PRIMITIVE} or UNINITIALIZED
        [0].start ∈ [-1..2147483647] or UNINITIALIZED
        [0].end ∈ [-1..458] or UNINITIALIZED
        {[0].size; [1..126]{.type; .start; .end; .size}; [127]{.type; .start; .end}} ∈
        [-1..2147483647] or UNINITIALIZED
        [127].size ∈ [0..2147483647] or UNINITIALIZED
  p.pos ∈ {0; 1; 2; 3; 4; 5; 6; 7}
   .toknext ∈ [0..2147483647]
   .toksuper ∈ [--..--]
  tokens[0].type ∈ [1..2147483647] or UNINITIALIZED
        [0]{.start; .end} ∈ [-1..2147483647] or UNINITIALIZED
        [0].size ∈ [0..2147483647] or UNINITIALIZED
        [1].type ∈ [1..2147483647] or UNINITIALIZED
        [1]{.start; .end} ∈ [-1..2147483647] or UNINITIALIZED
        [1].size ∈ [0..2147483647] or UNINITIALIZED
        [2].type ∈
        {JSMN_OBJECT; JSMN_STRING; JSMN_PRIMITIVE} or UNINITIALIZED
        [2]{.start; .end} ∈ [-1..8] or UNINITIALIZED
        [2].size ∈ [0..2147483647] or UNINITIALIZED
        [3].type ∈
        {JSMN_OBJECT; JSMN_STRING; JSMN_PRIMITIVE} or UNINITIALIZED
        [3].start ∈ [-1..8] or UNINITIALIZED
        [3].end ∈ [-1..2147483647] or UNINITIALIZED
        [3].size ∈ [0..2147483647] or UNINITIALIZED
        [4].type ∈
        {JSMN_OBJECT; JSMN_STRING; JSMN_PRIMITIVE} or UNINITIALIZED
        [4].start ∈ [-1..8] or UNINITIALIZED
        [4].end ∈ [-1..2147483647] or UNINITIALIZED
        [4].size ∈ [0..2147483647] or UNINITIALIZED
        [5].type ∈
        {JSMN_OBJECT; JSMN_STRING; JSMN_PRIMITIVE} or UNINITIALIZED
        [5].start ∈ [-1..8] or UNINITIALIZED
        [5].end ∈ [-1..2147483647] or UNINITIALIZED
        [5].size ∈ [0..2147483647] or UNINITIALIZED
        [6].type ∈
        {JSMN_OBJECT; JSMN_STRING; JSMN_PRIMITIVE} or UNINITIALIZED
        [6].start ∈ [-1..8] or UNINITIALIZED
        [6].end ∈ [-1..2147483647] or UNINITIALIZED
        [6].size ∈ [0..2147483647] or UNINITIALIZED
        [7].type ∈
        {JSMN_OBJECT; JSMN_STRING; JSMN_PRIMITIVE} or UNINITIALIZED
        [7].start ∈ [-1..8] or UNINITIALIZED
        [7].end ∈ [-1..2147483647] or UNINITIALIZED
        [7].size ∈ [0..2147483647] or UNINITIALIZED
        [8].type ∈
        {JSMN_OBJECT; JSMN_STRING; JSMN_PRIMITIVE} or UNINITIALIZED
        [8].start ∈ [-1..8] or UNINITIALIZED
        [8].end ∈ [-1..2147483647] or UNINITIALIZED
        [8].size ∈ [0..2147483647] or UNINITIALIZED
        [9].type ∈
        {JSMN_OBJECT; JSMN_STRING; JSMN_PRIMITIVE} or UNINITIALIZED
        [9].start ∈ [-1..8] or UNINITIALIZED
        [9].end ∈ [-1..2147483647] or UNINITIALIZED
        [9].size ∈ [0..2147483647] or UNINITIALIZED
  p.pos ∈ [0..21]
   .toknext ∈ {0}
   .toksuper ∈ {-1}
  __retres ∈ {-3; -2; -1; 0}
  __malloc_parse_l76_2[0].type ∈ [1..2147483647] or UNINITIALIZED
                      [0]{.start; .end} ∈ [-1..2147483647] or UNINITIALIZED
                      [0].size ∈ [0..2147483647] or UNINITIALIZED
                      [1].type ∈ [1..2147483647] or UNINITIALIZED
                      [1]{.start; .end} ∈ [-1..2147483647] or UNINITIALIZED
                      [1].size ∈ [0..2147483647] or UNINITIALIZED
                      [2].type ∈
                      {JSMN_OBJECT; JSMN_STRING; JSMN_PRIMITIVE} or UNINITIALIZED
                      [2].start ∈ [-1..7] or UNINITIALIZED
                      [2].end ∈ {-1; 1; 2; 3; 4; 5; 6; 7} or UNINITIALIZED
                      [2].size ∈ [0..2147483647] or UNINITIALIZED
  __malloc_parse_l76_3[0].type ∈ [1..2147483647] or UNINITIALIZED
                      [0]{.start; .end} ∈ [-1..2147483647] or UNINITIALIZED
                      [0].size ∈ [0..2147483647] or UNINITIALIZED
                      [1].type ∈ [1..2147483647] or UNINITIALIZED
                      [1]{.start; .end} ∈ [-1..2147483647] or UNINITIALIZED
                      [1].size ∈ [0..2147483647] or UNINITIALIZED
                      [2].type ∈
                      {JSMN_OBJECT; JSMN_ARRAY; JSMN_STRING; JSMN_PRIMITIVE} or UNINITIALIZED
                      [2]{.start; .end} ∈ [-1..8] or UNINITIALIZED
                      [2].size ∈ [0..2147483647] or UNINITIALIZED
  __malloc_parse_l76_4[0].type ∈ [1..2147483647] or UNINITIALIZED
                      [0]{.start; .end} ∈ [-1..2147483647] or UNINITIALIZED
                      [0].size ∈ [0..2147483647] or UNINITIALIZED
                      [1].type ∈ [1..2147483647] or UNINITIALIZED
                      [1]{.start; .end} ∈ [-1..2147483647] or UNINITIALIZED
                      [1].size ∈ [0..2147483647] or UNINITIALIZED
                      [2].type ∈
                      {JSMN_OBJECT; JSMN_STRING; JSMN_PRIMITIVE} or UNINITIALIZED
                      [2]{.start; .end} ∈ [-1..16] or UNINITIALIZED
                      [2].size ∈ [0..2147483647] or UNINITIALIZED
                      [3].type ∈
                      {JSMN_OBJECT; JSMN_STRING; JSMN_PRIMITIVE} or UNINITIALIZED
                      [3].start ∈ [-1..16] or UNINITIALIZED
                      [3].end ∈ [-1..2147483647] or UNINITIALIZED
                      [3].size ∈ [0..2147483647] or UNINITIALIZED
                      [4].type ∈
                      {JSMN_OBJECT; JSMN_STRING; JSMN_PRIMITIVE} or UNINITIALIZED
                      [4].start ∈ [-1..16] or UNINITIALIZED
                      [4].end ∈ [-1..2147483647] or UNINITIALIZED
                      [4].size ∈ [0..2147483647] or UNINITIALIZED
  __malloc_parse_l76_5[0].type ∈
                      {JSMN_OBJECT; JSMN_ARRAY; JSMN_STRING; JSMN_PRIMITIVE} or UNINITIALIZED
                      [0].start ∈ [-1..2147483647] or UNINITIALIZED
                      [0].end ∈ [-1..43] or UNINITIALIZED
                      [0].size ∈ [0..2147483647] or UNINITIALIZED
                      [1].type ∈
                      {JSMN_OBJECT; JSMN_ARRAY; JSMN_STRING; JSMN_PRIMITIVE} or UNINITIALIZED
                      [1].start ∈ [-1..2147483647] or UNINITIALIZED
                      [1].end ∈ [-1..43] or UNINITIALIZED
                      [1].size ∈ [0..2147483647] or UNINITIALIZED
                      [2].type ∈
                      {JSMN_OBJECT; JSMN_ARRAY; JSMN_STRING; JSMN_PRIMITIVE} or UNINITIALIZED
                      [2]{.start; .end} ∈ [-1..43] or UNINITIALIZED
                      [2].size ∈ [0..2147483647] or UNINITIALIZED
                      [3].type ∈
                      {JSMN_OBJECT; JSMN_ARRAY; JSMN_STRING; JSMN_PRIMITIVE} or UNINITIALIZED
                      [3].start ∈ [-1..43] or UNINITIALIZED
                      [3].end ∈ [-1..2147483647] or UNINITIALIZED
                      [3].size ∈ [0..2147483647] or UNINITIALIZED
                      [4].type ∈
                      {JSMN_OBJECT; JSMN_ARRAY; JSMN_STRING; JSMN_PRIMITIVE} or UNINITIALIZED
                      [4].start ∈ [-1..43] or UNINITIALIZED
                      [4].end ∈ [-1..2147483647] or UNINITIALIZED
                      [4].size ∈ [0..2147483647] or UNINITIALIZED
                      [5].type ∈
                      {JSMN_OBJECT; JSMN_ARRAY; JSMN_STRING; JSMN_PRIMITIVE} or UNINITIALIZED
                      [5].start ∈ [-1..43] or UNINITIALIZED
                      [5].end ∈ [-1..2147483647] or UNINITIALIZED
                      [5].size ∈ [0..2147483647] or UNINITIALIZED
                      [6].type ∈
                      {JSMN_OBJECT; JSMN_ARRAY; JSMN_STRING; JSMN_PRIMITIVE} or UNINITIALIZED
                      [6].start ∈ [-1..43] or UNINITIALIZED
                      [6].end ∈ [-1..2147483647] or UNINITIALIZED
                      [6].size ∈ [0..2147483647] or UNINITIALIZED
  __malloc_parse_l76_6[0].type ∈ [1..2147483647] or UNINITIALIZED
                      [0]{.start; .end} ∈ [-1..2147483647] or UNINITIALIZED
                      [0].size ∈ [0..2147483647] or UNINITIALIZED
                      [1].type ∈ [1..2147483647] or UNINITIALIZED
                      [1]{.start; .end} ∈ [-1..2147483647] or UNINITIALIZED
                      [1].size ∈ [0..2147483647] or UNINITIALIZED
                      [2].type ∈
                      {JSMN_OBJECT; JSMN_ARRAY; JSMN_STRING; JSMN_PRIMITIVE} or UNINITIALIZED
                      [2]{.start; .end} ∈ [-1..18] or UNINITIALIZED
                      [2].size ∈ [0..2147483647] or UNINITIALIZED
                      [3].type ∈
                      {JSMN_OBJECT; JSMN_ARRAY; JSMN_STRING; JSMN_PRIMITIVE} or UNINITIALIZED
                      [3].start ∈ [-1..18] or UNINITIALIZED
                      [3].end ∈ [-1..2147483647] or UNINITIALIZED
                      [3].size ∈ [0..2147483647] or UNINITIALIZED
                      [4].type ∈
                      {JSMN_OBJECT; JSMN_ARRAY; JSMN_STRING; JSMN_PRIMITIVE} or UNINITIALIZED
                      [4].start ∈ [-1..18] or UNINITIALIZED
                      [4].end ∈ [-1..2147483647] or UNINITIALIZED
                      [4].size ∈ [0..2147483647] or UNINITIALIZED
  __malloc_parse_l76_8[0].type ∈ [1..2147483647] or UNINITIALIZED
                      [0].start ∈ [-1..2147483647] or UNINITIALIZED
                      [0].end ∈ [-1..8] or UNINITIALIZED
                      [0].size ∈ [0..2147483647] or UNINITIALIZED
                      [1].type ∈ [1..2147483647] or UNINITIALIZED
                      [1].start ∈ [-1..2147483647] or UNINITIALIZED
                      [1].end ∈ [-1..8] or UNINITIALIZED
                      [1].size ∈ [0..2147483647] or UNINITIALIZED
                      [2].type ∈
                      {JSMN_OBJECT; JSMN_STRING; JSMN_PRIMITIVE} or UNINITIALIZED
                      [2].start ∈ [-1..8] or UNINITIALIZED
                      [2].end ∈ {-1; 1; 2; 3; 4; 5; 6; 7} or UNINITIALIZED
                      [2].size ∈ [0..2147483647] or UNINITIALIZED
  __malloc_parse_l76_9[0].type ∈ [1..2147483647] or UNINITIALIZED
                      [0]{.start; .end} ∈ [-1..2147483647] or UNINITIALIZED
                      [0].size ∈ [0..2147483647] or UNINITIALIZED
                      [1].type ∈ [1..2147483647] or UNINITIALIZED
                      [1]{.start; .end} ∈ [-1..2147483647] or UNINITIALIZED
                      [1].size ∈ [0..2147483647] or UNINITIALIZED
                      [2].type ∈
                      {JSMN_OBJECT; JSMN_ARRAY; JSMN_STRING; JSMN_PRIMITIVE} or UNINITIALIZED
                      [2]{.start; .end} ∈ [-1..19] or UNINITIALIZED
                      [2].size ∈ [0..2147483647] or UNINITIALIZED
  __malloc_parse_l76_10[0].type ∈ [1..2147483647] or UNINITIALIZED
                       [0]{.start; .end} ∈
                       [-1..2147483647] or UNINITIALIZED
                       [0].size ∈ [0..2147483647] or UNINITIALIZED
                       [1].type ∈ [1..2147483647] or UNINITIALIZED
                       [1]{.start; .end} ∈
                       [-1..2147483647] or UNINITIALIZED
                       [1].size ∈ [0..2147483647] or UNINITIALIZED
                       [2].type ∈
                       {JSMN_OBJECT; JSMN_ARRAY; JSMN_STRING; JSMN_PRIMITIVE} or UNINITIALIZED
                       [2]{.start; .end} ∈ [-1..20] or UNINITIALIZED
                       [2].size ∈ [0..2147483647] or UNINITIALIZED
  __malloc_parse_l76_11[0].type ∈ [1..2147483647] or UNINITIALIZED
                       [0]{.start; .end} ∈
                       [-1..2147483647] or UNINITIALIZED
                       [0].size ∈ [0..2147483647] or UNINITIALIZED
                       [1].type ∈ [1..2147483647] or UNINITIALIZED
                       [1]{.start; .end} ∈
                       [-1..2147483647] or UNINITIALIZED
                       [1].size ∈ [0..2147483647] or UNINITIALIZED
                       [2].type ∈
                       {JSMN_OBJECT; JSMN_ARRAY; JSMN_STRING; JSMN_PRIMITIVE} or UNINITIALIZED
                       [2]{.start; .end} ∈ [-1..19] or UNINITIALIZED
                       [2].size ∈ [0..2147483647] or UNINITIALIZED
  __malloc_parse_l76_12[0].type ∈ [1..2147483647] or UNINITIALIZED
                       [0]{.start; .end} ∈
                       [-1..2147483647] or UNINITIALIZED
                       [0].size ∈ [0..2147483647] or UNINITIALIZED
                       [1].type ∈ [1..2147483647] or UNINITIALIZED
                       [1]{.start; .end} ∈
                       [-1..2147483647] or UNINITIALIZED
                       [1].size ∈ [0..2147483647] or UNINITIALIZED
                       [2].type ∈
                       {JSMN_OBJECT; JSMN_ARRAY; JSMN_STRING; JSMN_PRIMITIVE} or UNINITIALIZED
                       [2]{.start; .end} ∈ [-1..15] or UNINITIALIZED
                       [2].size ∈ [0..2147483647] or UNINITIALIZED
  __malloc_parse_l76_13[0].type ∈ [1..2147483647] or UNINITIALIZED
                       [0]{.start; .end} ∈
                       [-1..2147483647] or UNINITIALIZED
                       [0].size ∈ [0..2147483647] or UNINITIALIZED
                       [1].type ∈ [1..2147483647] or UNINITIALIZED
                       [1]{.start; .end} ∈
                       [-1..2147483647] or UNINITIALIZED
                       [1].size ∈ [0..2147483647] or UNINITIALIZED
                       [2].type ∈
                       {JSMN_OBJECT; JSMN_ARRAY; JSMN_STRING; JSMN_PRIMITIVE} or UNINITIALIZED
                       [2]{.start; .end} ∈ [-1..21] or UNINITIALIZED
                       [2].size ∈ [0..2147483647] or UNINITIALIZED
  __malloc_parse_l76_14[0].type ∈ [1..2147483647] or UNINITIALIZED
                       [0]{.start; .end} ∈
                       [-1..2147483647] or UNINITIALIZED
                       [0].size ∈ [0..2147483647] or UNINITIALIZED
                       [1].type ∈ [1..2147483647] or UNINITIALIZED
                       [1]{.start; .end} ∈
                       [-1..2147483647] or UNINITIALIZED
                       [1].size ∈ [0..2147483647] or UNINITIALIZED
                       [2].type ∈
                       {JSMN_OBJECT; JSMN_ARRAY; JSMN_STRING; JSMN_PRIMITIVE} or UNINITIALIZED
                       [2]{.start; .end} ∈ [-1..26] or UNINITIALIZED
                       [2].size ∈ [0..2147483647] or UNINITIALIZED
  __malloc_parse_l76_15[0].type ∈ [1..2147483647] or UNINITIALIZED
                       [0]{.start; .end} ∈
                       [-1..2147483647] or UNINITIALIZED
                       [0].size ∈ [0..2147483647] or UNINITIALIZED
                       [1].type ∈ [1..2147483647] or UNINITIALIZED
                       [1]{.start; .end} ∈
                       [-1..2147483647] or UNINITIALIZED
                       [1].size ∈ [0..2147483647] or UNINITIALIZED
                       [2].type ∈
                       {JSMN_OBJECT; JSMN_ARRAY; JSMN_STRING; JSMN_PRIMITIVE} or UNINITIALIZED
                       [2]{.start; .end} ∈ [-1..40] or UNINITIALIZED
                       [2].size ∈ [0..2147483647] or UNINITIALIZED
  __malloc_parse_l76_16[0].type ∈ [1..2147483647] or UNINITIALIZED
                       [0]{.start; .end} ∈
                       [-1..2147483647] or UNINITIALIZED
                       [0].size ∈ [0..2147483647] or UNINITIALIZED
                       [1].type ∈ [1..2147483647] or UNINITIALIZED
                       [1]{.start; .end} ∈
                       [-1..2147483647] or UNINITIALIZED
                       [1].size ∈ [0..2147483647] or UNINITIALIZED
                       [2].type ∈
                       {JSMN_OBJECT; JSMN_ARRAY; JSMN_STRING; JSMN_PRIMITIVE} or UNINITIALIZED
                       [2]{.start; .end} ∈ [-1..14] or UNINITIALIZED
                       [2].size ∈ [0..2147483647] or UNINITIALIZED
  __malloc_parse_l76_17[0].type ∈ [1..2147483647] or UNINITIALIZED
                       [0]{.start; .end} ∈
                       [-1..2147483647] or UNINITIALIZED
                       [0].size ∈ [0..2147483647] or UNINITIALIZED
                       [1].type ∈ [1..2147483647] or UNINITIALIZED
                       [1]{.start; .end} ∈
                       [-1..2147483647] or UNINITIALIZED
                       [1].size ∈ [0..2147483647] or UNINITIALIZED
                       [2].type ∈
                       {JSMN_OBJECT; JSMN_ARRAY; JSMN_STRING; JSMN_PRIMITIVE} or UNINITIALIZED
                       [2]{.start; .end} ∈ [-1..14] or UNINITIALIZED
                       [2].size ∈ [0..2147483647] or UNINITIALIZED
  __malloc_parse_l76_18[0].type ∈ [1..2147483647] or UNINITIALIZED
                       [0]{.start; .end} ∈
                       [-1..2147483647] or UNINITIALIZED
                       [0].size ∈ [0..2147483647] or UNINITIALIZED
                       [1].type ∈ [1..2147483647] or UNINITIALIZED
                       [1]{.start; .end} ∈
                       [-1..2147483647] or UNINITIALIZED
                       [1].size ∈ [0..2147483647] or UNINITIALIZED
                       [2].type ∈
                       {JSMN_OBJECT; JSMN_ARRAY; JSMN_STRING; JSMN_PRIMITIVE} or UNINITIALIZED
                       [2]{.start; .end} ∈ [-1..17] or UNINITIALIZED
                       [2].size ∈ [0..2147483647] or UNINITIALIZED
  __malloc_parse_l76_19[0].type ∈ [1..2147483647] or UNINITIALIZED
                       [0]{.start; .end} ∈
                       [-1..2147483647] or UNINITIALIZED
                       [0].size ∈ [0..2147483647] or UNINITIALIZED
                       [1].type ∈ [1..2147483647] or UNINITIALIZED
                       [1]{.start; .end} ∈
                       [-1..2147483647] or UNINITIALIZED
                       [1].size ∈ [0..2147483647] or UNINITIALIZED
                       [2].type ∈
                       {JSMN_OBJECT; JSMN_ARRAY; JSMN_STRING; JSMN_PRIMITIVE} or UNINITIALIZED
                       [2]{.start; .end} ∈ [-1..17] or UNINITIALIZED
                       [2].size ∈ [0..2147483647] or UNINITIALIZED
  __malloc_parse_l76_20[0].type ∈ [1..2147483647] or UNINITIALIZED
                       [0]{.start; .end} ∈
                       [-1..2147483647] or UNINITIALIZED
                       [0].size ∈ [0..2147483647] or UNINITIALIZED
                       [1].type ∈ [1..2147483647] or UNINITIALIZED
                       [1]{.start; .end} ∈
                       [-1..2147483647] or UNINITIALIZED
                       [1].size ∈ [0..2147483647] or UNINITIALIZED
                       [2].type ∈
                       {JSMN_OBJECT; JSMN_ARRAY; JSMN_STRING; JSMN_PRIMITIVE} or UNINITIALIZED
                       [2]{.start; .end} ∈ [-1..16] or UNINITIALIZED
                       [2].size ∈ [0..2147483647] or UNINITIALIZED
                       [3].type ∈
                       {JSMN_OBJECT; JSMN_ARRAY; JSMN_STRING; JSMN_PRIMITIVE} or UNINITIALIZED
                       [3].start ∈ [-1..16] or UNINITIALIZED
                       [3].end ∈ [-1..2147483647] or UNINITIALIZED
                       [3].size ∈ [0..2147483647] or UNINITIALIZED
  __malloc_parse_l76_21[0].type ∈ [1..2147483647] or UNINITIALIZED
                       [0]{.start; .end} ∈
                       [-1..2147483647] or UNINITIALIZED
                       [0].size ∈ [0..2147483647] or UNINITIALIZED
                       [1].type ∈ [1..2147483647] or UNINITIALIZED
                       [1]{.start; .end} ∈
                       [-1..2147483647] or UNINITIALIZED
                       [1].size ∈ [0..2147483647] or UNINITIALIZED
                       [2].type ∈
                       {JSMN_OBJECT; JSMN_ARRAY; JSMN_STRING; JSMN_PRIMITIVE} or UNINITIALIZED
                       [2]{.start; .end} ∈ [-1..20] or UNINITIALIZED
                       [2].size ∈ [0..2147483647] or UNINITIALIZED
  __malloc_parse_l76_22[0].type ∈ [1..2147483647] or UNINITIALIZED
                       [0]{.start; .end} ∈
                       [-1..2147483647] or UNINITIALIZED
                       [0].size ∈ [0..2147483647] or UNINITIALIZED
                       [1].type ∈ [1..2147483647] or UNINITIALIZED
                       [1]{.start; .end} ∈
                       [-1..2147483647] or UNINITIALIZED
                       [1].size ∈ [0..2147483647] or UNINITIALIZED
                       [2].type ∈
                       {JSMN_OBJECT; JSMN_ARRAY; JSMN_STRING; JSMN_PRIMITIVE} or UNINITIALIZED
                       [2]{.start; .end} ∈ [-1..17] or UNINITIALIZED
                       [2].size ∈ [0..2147483647] or UNINITIALIZED
  __malloc_parse_l76_23[0].type ∈
                       {JSMN_OBJECT; JSMN_ARRAY; JSMN_STRING; JSMN_PRIMITIVE} or UNINITIALIZED
                       [0].start ∈ [-1..2147483647] or UNINITIALIZED
                       [0].end ∈ [-1..16] or UNINITIALIZED
                       [0].size ∈ [0..2147483647] or UNINITIALIZED
                       [1].type ∈
                       {JSMN_OBJECT; JSMN_ARRAY; JSMN_STRING; JSMN_PRIMITIVE} or UNINITIALIZED
                       [1].start ∈ [-1..2147483647] or UNINITIALIZED
                       [1].end ∈ [-1..16] or UNINITIALIZED
                       [1].size ∈ [0..2147483647] or UNINITIALIZED
                       [2].type ∈
                       {JSMN_OBJECT; JSMN_ARRAY; JSMN_STRING; JSMN_PRIMITIVE} or UNINITIALIZED
                       [2]{.start; .end} ∈ [-1..16] or UNINITIALIZED
                       [2].size ∈ [0..2147483647] or UNINITIALIZED
                       [3].type ∈
                       {JSMN_OBJECT; JSMN_ARRAY; JSMN_STRING; JSMN_PRIMITIVE} or UNINITIALIZED
                       [3].start ∈ [-1..16] or UNINITIALIZED
                       [3].end ∈ [-1..2147483647] or UNINITIALIZED
                       [3].size ∈ [0..2147483647] or UNINITIALIZED
  __malloc_parse_l76_24[0].type ∈
                       {JSMN_OBJECT; JSMN_ARRAY; JSMN_STRING; JSMN_PRIMITIVE} or UNINITIALIZED
                       [0].start ∈ [-1..2147483647] or UNINITIALIZED
                       [0].end ∈ [-1..51] or UNINITIALIZED
                       [0].size ∈ [0..2147483647] or UNINITIALIZED
                       [1].type ∈
                       {JSMN_OBJECT; JSMN_ARRAY; JSMN_STRING; JSMN_PRIMITIVE} or UNINITIALIZED
                       [1].start ∈ [-1..2147483647] or UNINITIALIZED
                       [1].end ∈ [-1..51] or UNINITIALIZED
                       [1].size ∈ [0..2147483647] or UNINITIALIZED
                       [2].type ∈
                       {JSMN_OBJECT; JSMN_ARRAY; JSMN_STRING; JSMN_PRIMITIVE} or UNINITIALIZED
                       [2]{.start; .end} ∈ [-1..51] or UNINITIALIZED
                       [2].size ∈ [0..2147483647] or UNINITIALIZED
                       [3].type ∈
                       {JSMN_OBJECT; JSMN_ARRAY; JSMN_STRING; JSMN_PRIMITIVE} or UNINITIALIZED
                       [3].start ∈ [-1..51] or UNINITIALIZED
                       [3].end ∈ [-1..2147483647] or UNINITIALIZED
                       [3].size ∈ [0..2147483647] or UNINITIALIZED
                       [4].type ∈
                       {JSMN_OBJECT; JSMN_ARRAY; JSMN_STRING; JSMN_PRIMITIVE} or UNINITIALIZED
                       [4].start ∈ [-1..51] or UNINITIALIZED
                       [4].end ∈ [-1..2147483647] or UNINITIALIZED
                       [4].size ∈ [0..2147483647] or UNINITIALIZED
                       [5].type ∈
                       {JSMN_OBJECT; JSMN_ARRAY; JSMN_STRING; JSMN_PRIMITIVE} or UNINITIALIZED
                       [5].start ∈ [-1..51] or UNINITIALIZED
                       [5].end ∈ [-1..2147483647] or UNINITIALIZED
                       [5].size ∈ [0..2147483647] or UNINITIALIZED
                       [6].type ∈
                       {JSMN_OBJECT; JSMN_ARRAY; JSMN_STRING; JSMN_PRIMITIVE} or UNINITIALIZED
                       [6].start ∈ [-1..51] or UNINITIALIZED
                       [6].end ∈ [-1..2147483647] or UNINITIALIZED
                       [6].size ∈ [0..2147483647] or UNINITIALIZED
                       [7].type ∈
                       {JSMN_OBJECT; JSMN_ARRAY; JSMN_STRING; JSMN_PRIMITIVE} or UNINITIALIZED
                       [7].start ∈ [-1..51] or UNINITIALIZED
                       [7].end ∈ [-1..2147483647] or UNINITIALIZED
                       [7].size ∈ [0..2147483647] or UNINITIALIZED
  __malloc_parse_l76_26[0].type ∈
                       {JSMN_ARRAY; JSMN_STRING; JSMN_PRIMITIVE} or UNINITIALIZED
                       [0].start ∈ [-1..30] or UNINITIALIZED
                       [0].end ∈ [-1..2147483647] or UNINITIALIZED
                       [0].size ∈ [0..2147483647] or UNINITIALIZED
                       [1].type ∈
                       {JSMN_ARRAY; JSMN_STRING; JSMN_PRIMITIVE} or UNINITIALIZED
                       [1].start ∈ [-1..30] or UNINITIALIZED
                       [1].end ∈ [-1..2147483647] or UNINITIALIZED
                       [1].size ∈ [0..2147483647] or UNINITIALIZED
                       [2].type ∈
                       {JSMN_ARRAY; JSMN_STRING; JSMN_PRIMITIVE} or UNINITIALIZED
                       [2].start ∈ [-1..30] or UNINITIALIZED
                       [2].end ∈ [-1..2147483647] or UNINITIALIZED
                       [2].size ∈ [0..2147483647] or UNINITIALIZED
                       [3].type ∈
                       {JSMN_ARRAY; JSMN_STRING; JSMN_PRIMITIVE} or UNINITIALIZED
                       [3].start ∈ [-1..30] or UNINITIALIZED
                       [3].end ∈ [-1..2147483647] or UNINITIALIZED
                       [3].size ∈ [0..2147483647] or UNINITIALIZED
                       [4].type ∈
                       {JSMN_ARRAY; JSMN_STRING; JSMN_PRIMITIVE} or UNINITIALIZED
                       [4].start ∈ [-1..30] or UNINITIALIZED
                       [4].end ∈ [-1..2147483647] or UNINITIALIZED
                       [4].size ∈ [0..2147483647] or UNINITIALIZED
                       [5].type ∈
                       {JSMN_ARRAY; JSMN_STRING; JSMN_PRIMITIVE} or UNINITIALIZED
                       [5].start ∈ [-1..30] or UNINITIALIZED
                       [5].end ∈ [-1..2147483647] or UNINITIALIZED
                       [5].size ∈ [0..2147483647] or UNINITIALIZED
  __malloc_parse_l76_27[0].type ∈
                       {JSMN_OBJECT; JSMN_ARRAY; JSMN_STRING; JSMN_PRIMITIVE} or UNINITIALIZED
                       [0].start ∈ [-1..14] or UNINITIALIZED
                       [0].end ∈ [-1..2147483647] or UNINITIALIZED
                       [0].size ∈ [0..2147483647] or UNINITIALIZED
                       [1].type ∈
                       {JSMN_OBJECT; JSMN_ARRAY; JSMN_STRING; JSMN_PRIMITIVE} or UNINITIALIZED
                       [1].start ∈ [-1..14] or UNINITIALIZED
                       [1].end ∈ [-1..2147483647] or UNINITIALIZED
                       [1].size ∈ [0..2147483647] or UNINITIALIZED
  __malloc_parse_l76_28[0].type ∈
                       {JSMN_OBJECT; JSMN_ARRAY; JSMN_STRING; JSMN_PRIMITIVE} or UNINITIALIZED
                       [0].start ∈ [-1..14] or UNINITIALIZED
                       [0].end ∈ [-1..2147483647] or UNINITIALIZED
                       [0].size ∈ [0..2147483647] or UNINITIALIZED
                       [1].type ∈
                       {JSMN_OBJECT; JSMN_ARRAY; JSMN_STRING; JSMN_PRIMITIVE} or UNINITIALIZED
                       [1].start ∈ [-1..14] or UNINITIALIZED
                       [1].end ∈ [-1..2147483647] or UNINITIALIZED
                       [1].size ∈ [0..2147483647] or UNINITIALIZED
  __malloc_parse_l76_29[0].type ∈ [1..2147483647] or UNINITIALIZED
                       [0]{.start; .end} ∈
                       [-1..2147483647] or UNINITIALIZED
                       [0].size ∈ [0..2147483647] or UNINITIALIZED
                       [1].type ∈ [1..2147483647] or UNINITIALIZED
                       [1]{.start; .end} ∈
                       [-1..2147483647] or UNINITIALIZED
                       [1].size ∈ [0..2147483647] or UNINITIALIZED
                       [2].type ∈
                       {JSMN_OBJECT; JSMN_ARRAY; JSMN_STRING; JSMN_PRIMITIVE} or UNINITIALIZED
                       [2].start ∈ [-1..14] or UNINITIALIZED
                       [2].end ∈ [-1..2147483647] or UNINITIALIZED
                       [2].size ∈ [0..2147483647] or UNINITIALIZED
  __malloc_parse_l76_30[0].type ∈ [1..2147483647] or UNINITIALIZED
                       [0]{.start; .end} ∈
                       [-1..2147483647] or UNINITIALIZED
                       [0].size ∈ [0..2147483647] or UNINITIALIZED
                       [1].type ∈ [1..2147483647] or UNINITIALIZED
                       [1]{.start; .end} ∈
                       [-1..2147483647] or UNINITIALIZED
                       [1].size ∈ [0..2147483647] or UNINITIALIZED
                       [2].type ∈
                       {JSMN_OBJECT; JSMN_ARRAY; JSMN_STRING; JSMN_PRIMITIVE} or UNINITIALIZED
                       [2]{.start; .end} ∈ [-1..16] or UNINITIALIZED
                       [2].size ∈ [0..2147483647] or UNINITIALIZED
  __malloc_parse_l76_31[0].type ∈
                       {JSMN_OBJECT; JSMN_ARRAY; JSMN_STRING; JSMN_PRIMITIVE} or UNINITIALIZED
                       [0].start ∈ [-1..14] or UNINITIALIZED
                       [0].end ∈ [-1..2147483647] or UNINITIALIZED
                       [0].size ∈ [0..2147483647] or UNINITIALIZED
                       [1].type ∈
                       {JSMN_OBJECT; JSMN_ARRAY; JSMN_STRING; JSMN_PRIMITIVE} or UNINITIALIZED
                       [1].start ∈ [-1..14] or UNINITIALIZED
                       [1].end ∈ [-1..2147483647] or UNINITIALIZED
                       [1].size ∈ [0..2147483647] or UNINITIALIZED
                       [2].type ∈
                       {JSMN_OBJECT; JSMN_ARRAY; JSMN_STRING; JSMN_PRIMITIVE} or UNINITIALIZED
                       [2].start ∈ [-1..14] or UNINITIALIZED
                       [2].end ∈ [-1..2147483647] or UNINITIALIZED
                       [2].size ∈ [0..2147483647] or UNINITIALIZED
  __malloc_parse_l76_32[0].type ∈ [1..2147483647] or UNINITIALIZED
                       [0]{.start; .end} ∈
                       [-1..2147483647] or UNINITIALIZED
                       [0].size ∈ [0..2147483647] or UNINITIALIZED
                       [1].type ∈ [1..2147483647] or UNINITIALIZED
                       [1]{.start; .end} ∈
                       [-1..2147483647] or UNINITIALIZED
                       [1].size ∈ [0..2147483647] or UNINITIALIZED
                       [2].type ∈
                       {JSMN_OBJECT; JSMN_ARRAY; JSMN_STRING; JSMN_PRIMITIVE} or UNINITIALIZED
                       [2]{.start; .end} ∈ [-1..16] or UNINITIALIZED
                       [2].size ∈ [0..2147483647] or UNINITIALIZED
  __malloc_parse_l76_33[0].type ∈
                       {JSMN_OBJECT; JSMN_ARRAY; JSMN_STRING; JSMN_PRIMITIVE} or UNINITIALIZED
                       [0].start ∈ [-1..2147483647] or UNINITIALIZED
                       [0].end ∈ [-1..16] or UNINITIALIZED
                       [0].size ∈ [0..2147483647] or UNINITIALIZED
                       [1].type ∈
                       {JSMN_OBJECT; JSMN_ARRAY; JSMN_STRING; JSMN_PRIMITIVE} or UNINITIALIZED
                       [1].start ∈ [-1..2147483647] or UNINITIALIZED
                       [1].end ∈ [-1..16] or UNINITIALIZED
                       [1].size ∈ [0..2147483647] or UNINITIALIZED
                       [2].type ∈
                       {JSMN_OBJECT; JSMN_ARRAY; JSMN_STRING; JSMN_PRIMITIVE} or UNINITIALIZED
                       [2]{.start; .end} ∈ [-1..16] or UNINITIALIZED
                       [2].size ∈ [0..2147483647] or UNINITIALIZED
                       [3].type ∈
                       {JSMN_OBJECT; JSMN_ARRAY; JSMN_STRING; JSMN_PRIMITIVE} or UNINITIALIZED
                       [3].start ∈ [-1..16] or UNINITIALIZED
                       [3].end ∈ [-1..2147483647] or UNINITIALIZED
                       [3].size ∈ [0..2147483647] or UNINITIALIZED
[eva:final-states] Values at end of function jsmn_parse:
  r ∈ {-3; -2; -1; 0} or UNINITIALIZED
  i ∈ [--..--] or UNINITIALIZED
  token ∈
       {{ NULL ; &tok{[0], [1], [2], [3], [4]} ; &toksmall + [0..144],0%16 ;
          &toklarge + [0..144],0%16 ; &tok + [0..144],0%16 ;
          &tokens + [0..2032],0%16 ; &tokens + [0..144],0%16 ;
          &__malloc_parse_l76 ; &__malloc_parse_l76_0 ;
          &__malloc_parse_l76_1{[0], [1], [2]} ;
          &__malloc_parse_l76_2{[0], [1], [2]} ;
          &__malloc_parse_l76_3{[0], [1], [2]} ;
          &__malloc_parse_l76_4{[0], [1], [2], [3], [4]} ;
          &__malloc_parse_l76_5{[0], [1], [2], [3], [4], [5], [6]} ;
          &__malloc_parse_l76_6{[0], [1], [2], [3], [4]} ;
          &__malloc_parse_l76_7{[0], [1]} ;
          &__malloc_parse_l76_8{[0], [1], [2]} ;
          &__malloc_parse_l76_9{[0], [1], [2]} ;
          &__malloc_parse_l76_10{[0], [1], [2]} ;
          &__malloc_parse_l76_11{[0], [1], [2]} ;
          &__malloc_parse_l76_12{[0], [1], [2]} ;
          &__malloc_parse_l76_13{[0], [1], [2]} ;
          &__malloc_parse_l76_14{[0], [1], [2]} ;
          &__malloc_parse_l76_15{[0], [1], [2]} ;
          &__malloc_parse_l76_16{[0], [1], [2]} ;
          &__malloc_parse_l76_17{[0], [1], [2]} ;
          &__malloc_parse_l76_18{[0], [1], [2]} ;
          &__malloc_parse_l76_19{[0], [1], [2]} ;
          &__malloc_parse_l76_20{[0], [1], [2], [3]} ;
          &__malloc_parse_l76_21{[0], [1], [2]} ;
          &__malloc_parse_l76_22{[0], [1], [2]} ;
          &__malloc_parse_l76_23{[0], [1], [2], [3]} ;
          &__malloc_parse_l76_24{[0], [1], [2], [3], [4], [5], [6], [7]} ;
          &__malloc_parse_l76_26{[0], [1], [2], [3], [4], [5]} ;
          &__malloc_parse_l76_27{[0], [1]} ;
          &__malloc_parse_l76_28{[0], [1]} ;
          &__malloc_parse_l76_29{[0], [1], [2]} ;
          &__malloc_parse_l76_30{[0], [1], [2]} ;
          &__malloc_parse_l76_31{[0], [1], [2]} ;
          &__malloc_parse_l76_32{[0], [1], [2]} ;
          &__malloc_parse_l76_33{[0], [1], [2], [3]} }} or UNINITIALIZED
  count ∈ [0..2147483647]
  p{.pos; .toknext} ∈ [0..2147483647]
   .toksuper ∈ [--..--]
  p{.pos; .toknext} ∈ [0..2147483647]
   .toksuper ∈ [--..--]
  tok[0].type ∈ [1..2147483647] or UNINITIALIZED
     [0]{.start; .end} ∈ [-1..2147483647] or UNINITIALIZED
     [0].size ∈ [0..2147483647] or UNINITIALIZED
     [1].type ∈ [1..2147483647] or UNINITIALIZED
     [1]{.start; .end} ∈ [-1..2147483647] or UNINITIALIZED
     [1].size ∈ [0..2147483647] or UNINITIALIZED
     [2].type ∈ [1..2147483647] or UNINITIALIZED
     [2]{.start; .end} ∈ [-1..2147483647] or UNINITIALIZED
     [2].size ∈ [0..2147483647] or UNINITIALIZED
     [3].type ∈ [1..2147483647] or UNINITIALIZED
     [3]{.start; .end} ∈ [-1..2147483647] or UNINITIALIZED
     [3].size ∈ [0..2147483647] or UNINITIALIZED
     [4].type ∈ [1..2147483647] or UNINITIALIZED
     [4]{.start; .end} ∈ [-1..2147483647] or UNINITIALIZED
     [4].size ∈ [0..2147483647] or UNINITIALIZED
  p.pos ∈ [--..--]
   .toknext ∈ [0..2147483647]
   .toksuper ∈ [--..--]
  toksmall[0].type ∈
          {JSMN_UNDEFINED; JSMN_ARRAY; JSMN_STRING; JSMN_PRIMITIVE}
          [0]{.start; .end} ∈ [-1..28]
          [0].size ∈ [0..2147483647]
          [1].type ∈
          {JSMN_UNDEFINED; JSMN_ARRAY; JSMN_STRING; JSMN_PRIMITIVE}
          [1].start ∈ [-1..28]
          [1].end ∈ [-1..2147483647]
          [1].size ∈ [0..2147483647]
          [2].type ∈
          {JSMN_UNDEFINED; JSMN_ARRAY; JSMN_STRING; JSMN_PRIMITIVE}
          [2]{.start; .end} ∈ [-1..28]
          [2].size ∈ [0..2147483647]
          [3].type ∈
          {JSMN_UNDEFINED; JSMN_ARRAY; JSMN_STRING; JSMN_PRIMITIVE}
          [3].start ∈ [-1..28]
          [3].end ∈ [-1..2147483647]
          [3].size ∈ [0..2147483647]
          [4].type ∈
          {JSMN_UNDEFINED; JSMN_ARRAY; JSMN_STRING; JSMN_PRIMITIVE}
          [4].start ∈ [-1..28]
          [4].end ∈ [-1..2147483647]
          [4].size ∈ [0..2147483647]
          [5]{.type; .start; .end} ∈ {0}
          [5].size ∈ [0..2147483647]
          [6]{.type; .start; .end} ∈ {0}
          [6].size ∈ [0..2147483647]
          [7]{.type; .start; .end} ∈ {0}
          [7].size ∈ [0..2147483647]
          [8]{.type; .start; .end} ∈ {0}
          [8].size ∈ [0..2147483647]
          [9]{.type; .start; .end} ∈ {0}
          [9].size ∈ [0..2147483647]
  toklarge[0].type ∈
          {JSMN_UNDEFINED; JSMN_ARRAY; JSMN_STRING; JSMN_PRIMITIVE}
          [0]{.start; .end} ∈ [-1..28]
          [0].size ∈ [0..2147483647]
          [1].type ∈
          {JSMN_UNDEFINED; JSMN_ARRAY; JSMN_STRING; JSMN_PRIMITIVE}
          [1].start ∈ [-1..28]
          [1].end ∈ [-1..2147483647]
          [1].size ∈ [0..2147483647]
          [2].type ∈
          {JSMN_UNDEFINED; JSMN_ARRAY; JSMN_STRING; JSMN_PRIMITIVE}
          [2].start ∈ [-1..28]
          [2].end ∈ [-1..2147483647]
          [2].size ∈ [0..2147483647]
          [3].type ∈
          {JSMN_UNDEFINED; JSMN_ARRAY; JSMN_STRING; JSMN_PRIMITIVE}
          [3].start ∈ [-1..28]
          [3].end ∈ [-1..2147483647]
          [3].size ∈ [0..2147483647]
          [4].type ∈
          {JSMN_UNDEFINED; JSMN_ARRAY; JSMN_STRING; JSMN_PRIMITIVE}
          [4].start ∈ [-1..28]
          [4].end ∈ [-1..2147483647]
          [4].size ∈ [0..2147483647]
          [5].type ∈
          {JSMN_UNDEFINED; JSMN_ARRAY; JSMN_STRING; JSMN_PRIMITIVE}
          [5].start ∈ [-1..28]
          [5].end ∈ [-1..2147483647]
          [5].size ∈ [0..2147483647]
          [6].type ∈
          {JSMN_UNDEFINED; JSMN_ARRAY; JSMN_STRING; JSMN_PRIMITIVE}
          [6].start ∈ [-1..28]
          [6].end ∈ [-1..2147483647]
          [6].size ∈ [0..2147483647]
          [7].type ∈
          {JSMN_UNDEFINED; JSMN_ARRAY; JSMN_STRING; JSMN_PRIMITIVE}
          [7].start ∈ [-1..28]
          [7].end ∈ [-1..2147483647]
          [7].size ∈ [0..2147483647]
          [8].type ∈
          {JSMN_UNDEFINED; JSMN_ARRAY; JSMN_STRING; JSMN_PRIMITIVE}
          [8].start ∈ [-1..28]
          [8].end ∈ [-1..2147483647]
          [8].size ∈ [0..2147483647]
          [9].type ∈
          {JSMN_UNDEFINED; JSMN_ARRAY; JSMN_STRING; JSMN_PRIMITIVE}
          [9].start ∈ [-1..28]
          [9].end ∈ [-1..2147483647]
          [9].size ∈ [0..2147483647]
  p{.pos; .toknext} ∈ [0..2147483647]
   .toksuper ∈ [--..--]
  tok[0].type ∈ {JSMN_ARRAY; JSMN_STRING; JSMN_PRIMITIVE} or UNINITIALIZED
     [0].start ∈ [-1..24] or UNINITIALIZED
     [0].end ∈ [-1..2147483647] or UNINITIALIZED
     [0].size ∈ [0..2147483647] or UNINITIALIZED
     [1].type ∈ {JSMN_ARRAY; JSMN_STRING; JSMN_PRIMITIVE} or UNINITIALIZED
     [1].start ∈ [-1..24] or UNINITIALIZED
     [1].end ∈ [-1..2147483647] or UNINITIALIZED
     [1].size ∈ [0..2147483647] or UNINITIALIZED
     [2].type ∈ {JSMN_ARRAY; JSMN_STRING; JSMN_PRIMITIVE} or UNINITIALIZED
     [2].start ∈ [-1..24] or UNINITIALIZED
     [2].end ∈ [-1..2147483647] or UNINITIALIZED
     [2].size ∈ [0..2147483647] or UNINITIALIZED
     [3].type ∈ {JSMN_ARRAY; JSMN_STRING; JSMN_PRIMITIVE} or UNINITIALIZED
     [3].start ∈ [-1..24] or UNINITIALIZED
     [3].end ∈ [-1..2147483647] or UNINITIALIZED
     [3].size ∈ [0..2147483647] or UNINITIALIZED
     [4].type ∈ {JSMN_ARRAY; JSMN_STRING; JSMN_PRIMITIVE} or UNINITIALIZED
     [4].start ∈ [-1..24] or UNINITIALIZED
     [4].end ∈ [-1..2147483647] or UNINITIALIZED
     [4].size ∈ [0..2147483647] or UNINITIALIZED
     [5].type ∈ {JSMN_ARRAY; JSMN_STRING; JSMN_PRIMITIVE} or UNINITIALIZED
     [5].start ∈ [-1..24] or UNINITIALIZED
     [5].end ∈ [-1..2147483647] or UNINITIALIZED
     [5].size ∈ [0..2147483647] or UNINITIALIZED
     [6].type ∈ {JSMN_ARRAY; JSMN_STRING; JSMN_PRIMITIVE} or UNINITIALIZED
     [6].start ∈ [-1..24] or UNINITIALIZED
     [6].end ∈ [-1..2147483647] or UNINITIALIZED
     [6].size ∈ [0..2147483647] or UNINITIALIZED
     [7].type ∈ {JSMN_ARRAY; JSMN_STRING; JSMN_PRIMITIVE} or UNINITIALIZED
     [7].start ∈ [-1..24] or UNINITIALIZED
     [7].end ∈ [-1..2147483647] or UNINITIALIZED
     [7].size ∈ [0..2147483647] or UNINITIALIZED
     [8].type ∈ {JSMN_ARRAY; JSMN_STRING; JSMN_PRIMITIVE} or UNINITIALIZED
     [8].start ∈ [-1..24] or UNINITIALIZED
     [8].end ∈ [-1..2147483647] or UNINITIALIZED
     [8].size ∈ [0..2147483647] or UNINITIALIZED
     [9].type ∈ {JSMN_ARRAY; JSMN_STRING; JSMN_PRIMITIVE} or UNINITIALIZED
     [9].start ∈ [-1..24] or UNINITIALIZED
     [9].end ∈ [-1..2147483647] or UNINITIALIZED
     [9].size ∈ [0..2147483647] or UNINITIALIZED
  p{.pos; .toknext} ∈ [0..2147483647]
   .toksuper ∈ [--..--]
  tokens[0].type ∈
        {JSMN_OBJECT; JSMN_ARRAY; JSMN_STRING; JSMN_PRIMITIVE} or UNINITIALIZED
        [0].start ∈ [-1..2147483647] or UNINITIALIZED
        [0].end ∈ [-1..458] or UNINITIALIZED
        {[0].size; [1..126]{.type; .start; .end; .size}; [127]{.type; .start; .end}} ∈
        [-1..2147483647] or UNINITIALIZED
        [127].size ∈ [0..2147483647] or UNINITIALIZED
  p.pos ∈ [0..8]
   .toknext ∈ [0..2147483647]
   .toksuper ∈ [--..--]
  tokens[0].type ∈ [1..2147483647] or UNINITIALIZED
        [0]{.start; .end} ∈ [-1..2147483647] or UNINITIALIZED
        [0].size ∈ [0..2147483647] or UNINITIALIZED
        [1].type ∈ [1..2147483647] or UNINITIALIZED
        [1]{.start; .end} ∈ [-1..2147483647] or UNINITIALIZED
        [1].size ∈ [0..2147483647] or UNINITIALIZED
        [2].type ∈
        {JSMN_OBJECT; JSMN_STRING; JSMN_PRIMITIVE} or UNINITIALIZED
        [2]{.start; .end} ∈ [-1..8] or UNINITIALIZED
        [2].size ∈ [0..2147483647] or UNINITIALIZED
        [3].type ∈
        {JSMN_OBJECT; JSMN_STRING; JSMN_PRIMITIVE} or UNINITIALIZED
        [3].start ∈ [-1..8] or UNINITIALIZED
        [3].end ∈ [-1..2147483647] or UNINITIALIZED
        [3].size ∈ [0..2147483647] or UNINITIALIZED
        [4].type ∈
        {JSMN_OBJECT; JSMN_STRING; JSMN_PRIMITIVE} or UNINITIALIZED
        [4].start ∈ [-1..8] or UNINITIALIZED
        [4].end ∈ [-1..2147483647] or UNINITIALIZED
        [4].size ∈ [0..2147483647] or UNINITIALIZED
        [5].type ∈
        {JSMN_OBJECT; JSMN_STRING; JSMN_PRIMITIVE} or UNINITIALIZED
        [5].start ∈ [-1..8] or UNINITIALIZED
        [5].end ∈ [-1..2147483647] or UNINITIALIZED
        [5].size ∈ [0..2147483647] or UNINITIALIZED
        [6].type ∈
        {JSMN_OBJECT; JSMN_STRING; JSMN_PRIMITIVE} or UNINITIALIZED
        [6].start ∈ [-1..8] or UNINITIALIZED
        [6].end ∈ [-1..2147483647] or UNINITIALIZED
        [6].size ∈ [0..2147483647] or UNINITIALIZED
        [7].type ∈
        {JSMN_OBJECT; JSMN_STRING; JSMN_PRIMITIVE} or UNINITIALIZED
        [7].start ∈ [-1..8] or UNINITIALIZED
        [7].end ∈ [-1..2147483647] or UNINITIALIZED
        [7].size ∈ [0..2147483647] or UNINITIALIZED
        [8].type ∈
        {JSMN_OBJECT; JSMN_STRING; JSMN_PRIMITIVE} or UNINITIALIZED
        [8].start ∈ [-1..8] or UNINITIALIZED
        [8].end ∈ [-1..2147483647] or UNINITIALIZED
        [8].size ∈ [0..2147483647] or UNINITIALIZED
        [9].type ∈
        {JSMN_OBJECT; JSMN_STRING; JSMN_PRIMITIVE} or UNINITIALIZED
        [9].start ∈ [-1..8] or UNINITIALIZED
        [9].end ∈ [-1..2147483647] or UNINITIALIZED
        [9].size ∈ [0..2147483647] or UNINITIALIZED
  p.pos ∈ [0..2147483647]
   .toknext ∈ {0}
   .toksuper ∈ {-1}
  __retres ∈ [-3..2147483647]
  __malloc_parse_l76.type ∈ {JSMN_OBJECT} or UNINITIALIZED
                    .start ∈ {-1; 0; 1} or UNINITIALIZED
                    .end ∈ {-1; 1; 2} or UNINITIALIZED
                    .size ∈ [0..2147483647] or UNINITIALIZED
  __malloc_parse_l76_0.type ∈ {JSMN_ARRAY} or UNINITIALIZED
                      .start ∈ {-1; 0; 1} or UNINITIALIZED
                      .end ∈ {-1; 1; 2} or UNINITIALIZED
                      .size ∈ [0..2147483647] or UNINITIALIZED
  __malloc_parse_l76_1[0].type ∈ {JSMN_OBJECT; JSMN_ARRAY} or UNINITIALIZED
                      [0].start ∈ [-1..2147483647] or UNINITIALIZED
                      [0].end ∈ {-1; 1; 2; 3; 4; 5; 6; 7} or UNINITIALIZED
                      [0].size ∈ [0..2147483647] or UNINITIALIZED
                      [1].type ∈ {JSMN_OBJECT; JSMN_ARRAY} or UNINITIALIZED
                      [1].start ∈ [-1..2147483647] or UNINITIALIZED
                      [1].end ∈ {-1; 1; 2; 3; 4; 5; 6; 7} or UNINITIALIZED
                      [1].size ∈ [0..2147483647] or UNINITIALIZED
                      [2].type ∈ {JSMN_OBJECT; JSMN_ARRAY} or UNINITIALIZED
                      [2].start ∈
                      {-1; 0; 1; 2; 3; 4; 5; 6} or UNINITIALIZED
                      [2].end ∈ {-1; 1; 2; 3; 4; 5; 6; 7} or UNINITIALIZED
                      [2].size ∈ [0..2147483647] or UNINITIALIZED
  __malloc_parse_l76_2[0].type ∈ [1..2147483647] or UNINITIALIZED
                      [0]{.start; .end} ∈ [-1..2147483647] or UNINITIALIZED
                      [0].size ∈ [0..2147483647] or UNINITIALIZED
                      [1].type ∈ [1..2147483647] or UNINITIALIZED
                      [1]{.start; .end} ∈ [-1..2147483647] or UNINITIALIZED
                      [1].size ∈ [0..2147483647] or UNINITIALIZED
                      [2].type ∈
                      {JSMN_OBJECT; JSMN_STRING; JSMN_PRIMITIVE} or UNINITIALIZED
                      [2].start ∈ [-1..7] or UNINITIALIZED
                      [2].end ∈ {-1; 1; 2; 3; 4; 5; 6; 7} or UNINITIALIZED
                      [2].size ∈ [0..2147483647] or UNINITIALIZED
  __malloc_parse_l76_3[0].type ∈ [1..2147483647] or UNINITIALIZED
                      [0]{.start; .end} ∈ [-1..2147483647] or UNINITIALIZED
                      [0].size ∈ [0..2147483647] or UNINITIALIZED
                      [1].type ∈ [1..2147483647] or UNINITIALIZED
                      [1]{.start; .end} ∈ [-1..2147483647] or UNINITIALIZED
                      [1].size ∈ [0..2147483647] or UNINITIALIZED
                      [2].type ∈
                      {JSMN_OBJECT; JSMN_ARRAY; JSMN_STRING; JSMN_PRIMITIVE} or UNINITIALIZED
                      [2]{.start; .end} ∈ [-1..8] or UNINITIALIZED
                      [2].size ∈ [0..2147483647] or UNINITIALIZED
  __malloc_parse_l76_4[0].type ∈ [1..2147483647] or UNINITIALIZED
                      [0]{.start; .end} ∈ [-1..2147483647] or UNINITIALIZED
                      [0].size ∈ [0..2147483647] or UNINITIALIZED
                      [1].type ∈ [1..2147483647] or UNINITIALIZED
                      [1]{.start; .end} ∈ [-1..2147483647] or UNINITIALIZED
                      [1].size ∈ [0..2147483647] or UNINITIALIZED
                      [2].type ∈
                      {JSMN_OBJECT; JSMN_STRING; JSMN_PRIMITIVE} or UNINITIALIZED
                      [2]{.start; .end} ∈ [-1..16] or UNINITIALIZED
                      [2].size ∈ [0..2147483647] or UNINITIALIZED
                      [3].type ∈
                      {JSMN_OBJECT; JSMN_STRING; JSMN_PRIMITIVE} or UNINITIALIZED
                      [3].start ∈ [-1..16] or UNINITIALIZED
                      [3].end ∈ [-1..2147483647] or UNINITIALIZED
                      [3].size ∈ [0..2147483647] or UNINITIALIZED
                      [4].type ∈
                      {JSMN_OBJECT; JSMN_STRING; JSMN_PRIMITIVE} or UNINITIALIZED
                      [4].start ∈ [-1..16] or UNINITIALIZED
                      [4].end ∈ [-1..2147483647] or UNINITIALIZED
                      [4].size ∈ [0..2147483647] or UNINITIALIZED
  __malloc_parse_l76_5[0].type ∈
                      {JSMN_OBJECT; JSMN_ARRAY; JSMN_STRING; JSMN_PRIMITIVE} or UNINITIALIZED
                      [0].start ∈ [-1..2147483647] or UNINITIALIZED
                      [0].end ∈ [-1..43] or UNINITIALIZED
                      [0].size ∈ [0..2147483647] or UNINITIALIZED
                      [1].type ∈
                      {JSMN_OBJECT; JSMN_ARRAY; JSMN_STRING; JSMN_PRIMITIVE} or UNINITIALIZED
                      [1].start ∈ [-1..2147483647] or UNINITIALIZED
                      [1].end ∈ [-1..43] or UNINITIALIZED
                      [1].size ∈ [0..2147483647] or UNINITIALIZED
                      [2].type ∈
                      {JSMN_OBJECT; JSMN_ARRAY; JSMN_STRING; JSMN_PRIMITIVE} or UNINITIALIZED
                      [2]{.start; .end} ∈ [-1..43] or UNINITIALIZED
                      [2].size ∈ [0..2147483647] or UNINITIALIZED
                      [3].type ∈
                      {JSMN_OBJECT; JSMN_ARRAY; JSMN_STRING; JSMN_PRIMITIVE} or UNINITIALIZED
                      [3].start ∈ [-1..43] or UNINITIALIZED
                      [3].end ∈ [-1..2147483647] or UNINITIALIZED
                      [3].size ∈ [0..2147483647] or UNINITIALIZED
                      [4].type ∈
                      {JSMN_OBJECT; JSMN_ARRAY; JSMN_STRING; JSMN_PRIMITIVE} or UNINITIALIZED
                      [4].start ∈ [-1..43] or UNINITIALIZED
                      [4].end ∈ [-1..2147483647] or UNINITIALIZED
                      [4].size ∈ [0..2147483647] or UNINITIALIZED
                      [5].type ∈
                      {JSMN_OBJECT; JSMN_ARRAY; JSMN_STRING; JSMN_PRIMITIVE} or UNINITIALIZED
                      [5].start ∈ [-1..43] or UNINITIALIZED
                      [5].end ∈ [-1..2147483647] or UNINITIALIZED
                      [5].size ∈ [0..2147483647] or UNINITIALIZED
                      [6].type ∈
                      {JSMN_OBJECT; JSMN_ARRAY; JSMN_STRING; JSMN_PRIMITIVE} or UNINITIALIZED
                      [6].start ∈ [-1..43] or UNINITIALIZED
                      [6].end ∈ [-1..2147483647] or UNINITIALIZED
                      [6].size ∈ [0..2147483647] or UNINITIALIZED
  __malloc_parse_l76_6[0].type ∈ [1..2147483647] or UNINITIALIZED
                      [0]{.start; .end} ∈ [-1..2147483647] or UNINITIALIZED
                      [0].size ∈ [0..2147483647] or UNINITIALIZED
                      [1].type ∈ [1..2147483647] or UNINITIALIZED
                      [1]{.start; .end} ∈ [-1..2147483647] or UNINITIALIZED
                      [1].size ∈ [0..2147483647] or UNINITIALIZED
                      [2].type ∈
                      {JSMN_OBJECT; JSMN_ARRAY; JSMN_STRING; JSMN_PRIMITIVE} or UNINITIALIZED
                      [2]{.start; .end} ∈ [-1..18] or UNINITIALIZED
                      [2].size ∈ [0..2147483647] or UNINITIALIZED
                      [3].type ∈
                      {JSMN_OBJECT; JSMN_ARRAY; JSMN_STRING; JSMN_PRIMITIVE} or UNINITIALIZED
                      [3].start ∈ [-1..18] or UNINITIALIZED
                      [3].end ∈ [-1..2147483647] or UNINITIALIZED
                      [3].size ∈ [0..2147483647] or UNINITIALIZED
                      [4].type ∈
                      {JSMN_OBJECT; JSMN_ARRAY; JSMN_STRING; JSMN_PRIMITIVE} or UNINITIALIZED
                      [4].start ∈ [-1..18] or UNINITIALIZED
                      [4].end ∈ [-1..2147483647] or UNINITIALIZED
                      [4].size ∈ [0..2147483647] or UNINITIALIZED
  __malloc_parse_l76_7[0].type ∈
                      {JSMN_ARRAY; JSMN_PRIMITIVE} or UNINITIALIZED
                      [0]{.start; .end} ∈ [-1..2147483647] or UNINITIALIZED
                      [0].size ∈ [0..2147483647] or UNINITIALIZED
                      [1].type ∈
                      {JSMN_ARRAY; JSMN_PRIMITIVE} or UNINITIALIZED
                      [1]{.start; .end} ∈ [-1..2147483647] or UNINITIALIZED
                      [1].size ∈ [0..2147483647] or UNINITIALIZED
  __malloc_parse_l76_8[0].type ∈ [1..2147483647] or UNINITIALIZED
                      [0].start ∈ [-1..2147483647] or UNINITIALIZED
                      [0].end ∈ [-1..8] or UNINITIALIZED
                      [0].size ∈ [0..2147483647] or UNINITIALIZED
                      [1].type ∈ [1..2147483647] or UNINITIALIZED
                      [1].start ∈ [-1..2147483647] or UNINITIALIZED
                      [1].end ∈ [-1..8] or UNINITIALIZED
                      [1].size ∈ [0..2147483647] or UNINITIALIZED
                      [2].type ∈
                      {JSMN_OBJECT; JSMN_STRING; JSMN_PRIMITIVE} or UNINITIALIZED
                      [2].start ∈ [-1..8] or UNINITIALIZED
                      [2].end ∈ {-1; 1; 2; 3; 4; 5; 6; 7} or UNINITIALIZED
                      [2].size ∈ [0..2147483647] or UNINITIALIZED
  __malloc_parse_l76_9[0].type ∈ [1..2147483647] or UNINITIALIZED
                      [0]{.start; .end} ∈ [-1..2147483647] or UNINITIALIZED
                      [0].size ∈ [0..2147483647] or UNINITIALIZED
                      [1].type ∈ [1..2147483647] or UNINITIALIZED
                      [1]{.start; .end} ∈ [-1..2147483647] or UNINITIALIZED
                      [1].size ∈ [0..2147483647] or UNINITIALIZED
                      [2].type ∈
                      {JSMN_OBJECT; JSMN_ARRAY; JSMN_STRING; JSMN_PRIMITIVE} or UNINITIALIZED
                      [2]{.start; .end} ∈ [-1..19] or UNINITIALIZED
                      [2].size ∈ [0..2147483647] or UNINITIALIZED
  __malloc_parse_l76_10[0].type ∈ [1..2147483647] or UNINITIALIZED
                       [0]{.start; .end} ∈
                       [-1..2147483647] or UNINITIALIZED
                       [0].size ∈ [0..2147483647] or UNINITIALIZED
                       [1].type ∈ [1..2147483647] or UNINITIALIZED
                       [1]{.start; .end} ∈
                       [-1..2147483647] or UNINITIALIZED
                       [1].size ∈ [0..2147483647] or UNINITIALIZED
                       [2].type ∈
                       {JSMN_OBJECT; JSMN_ARRAY; JSMN_STRING; JSMN_PRIMITIVE} or UNINITIALIZED
                       [2]{.start; .end} ∈ [-1..20] or UNINITIALIZED
                       [2].size ∈ [0..2147483647] or UNINITIALIZED
  __malloc_parse_l76_11[0].type ∈ [1..2147483647] or UNINITIALIZED
                       [0]{.start; .end} ∈
                       [-1..2147483647] or UNINITIALIZED
                       [0].size ∈ [0..2147483647] or UNINITIALIZED
                       [1].type ∈ [1..2147483647] or UNINITIALIZED
                       [1]{.start; .end} ∈
                       [-1..2147483647] or UNINITIALIZED
                       [1].size ∈ [0..2147483647] or UNINITIALIZED
                       [2].type ∈
                       {JSMN_OBJECT; JSMN_ARRAY; JSMN_STRING; JSMN_PRIMITIVE} or UNINITIALIZED
                       [2]{.start; .end} ∈ [-1..19] or UNINITIALIZED
                       [2].size ∈ [0..2147483647] or UNINITIALIZED
  __malloc_parse_l76_12[0].type ∈ [1..2147483647] or UNINITIALIZED
                       [0]{.start; .end} ∈
                       [-1..2147483647] or UNINITIALIZED
                       [0].size ∈ [0..2147483647] or UNINITIALIZED
                       [1].type ∈ [1..2147483647] or UNINITIALIZED
                       [1]{.start; .end} ∈
                       [-1..2147483647] or UNINITIALIZED
                       [1].size ∈ [0..2147483647] or UNINITIALIZED
                       [2].type ∈
                       {JSMN_OBJECT; JSMN_ARRAY; JSMN_STRING; JSMN_PRIMITIVE} or UNINITIALIZED
                       [2]{.start; .end} ∈ [-1..15] or UNINITIALIZED
                       [2].size ∈ [0..2147483647] or UNINITIALIZED
  __malloc_parse_l76_13[0].type ∈ [1..2147483647] or UNINITIALIZED
                       [0]{.start; .end} ∈
                       [-1..2147483647] or UNINITIALIZED
                       [0].size ∈ [0..2147483647] or UNINITIALIZED
                       [1].type ∈ [1..2147483647] or UNINITIALIZED
                       [1]{.start; .end} ∈
                       [-1..2147483647] or UNINITIALIZED
                       [1].size ∈ [0..2147483647] or UNINITIALIZED
                       [2].type ∈
                       {JSMN_OBJECT; JSMN_ARRAY; JSMN_STRING; JSMN_PRIMITIVE} or UNINITIALIZED
                       [2]{.start; .end} ∈ [-1..21] or UNINITIALIZED
                       [2].size ∈ [0..2147483647] or UNINITIALIZED
  __malloc_parse_l76_14[0].type ∈ [1..2147483647] or UNINITIALIZED
                       [0]{.start; .end} ∈
                       [-1..2147483647] or UNINITIALIZED
                       [0].size ∈ [0..2147483647] or UNINITIALIZED
                       [1].type ∈ [1..2147483647] or UNINITIALIZED
                       [1]{.start; .end} ∈
                       [-1..2147483647] or UNINITIALIZED
                       [1].size ∈ [0..2147483647] or UNINITIALIZED
                       [2].type ∈
                       {JSMN_OBJECT; JSMN_ARRAY; JSMN_STRING; JSMN_PRIMITIVE} or UNINITIALIZED
                       [2]{.start; .end} ∈ [-1..26] or UNINITIALIZED
                       [2].size ∈ [0..2147483647] or UNINITIALIZED
  __malloc_parse_l76_15[0].type ∈ [1..2147483647] or UNINITIALIZED
                       [0]{.start; .end} ∈
                       [-1..2147483647] or UNINITIALIZED
                       [0].size ∈ [0..2147483647] or UNINITIALIZED
                       [1].type ∈ [1..2147483647] or UNINITIALIZED
                       [1]{.start; .end} ∈
                       [-1..2147483647] or UNINITIALIZED
                       [1].size ∈ [0..2147483647] or UNINITIALIZED
                       [2].type ∈
                       {JSMN_OBJECT; JSMN_ARRAY; JSMN_STRING; JSMN_PRIMITIVE} or UNINITIALIZED
                       [2]{.start; .end} ∈ [-1..40] or UNINITIALIZED
                       [2].size ∈ [0..2147483647] or UNINITIALIZED
  __malloc_parse_l76_16[0].type ∈ [1..2147483647] or UNINITIALIZED
                       [0]{.start; .end} ∈
                       [-1..2147483647] or UNINITIALIZED
                       [0].size ∈ [0..2147483647] or UNINITIALIZED
                       [1].type ∈ [1..2147483647] or UNINITIALIZED
                       [1]{.start; .end} ∈
                       [-1..2147483647] or UNINITIALIZED
                       [1].size ∈ [0..2147483647] or UNINITIALIZED
                       [2].type ∈
                       {JSMN_OBJECT; JSMN_ARRAY; JSMN_STRING; JSMN_PRIMITIVE} or UNINITIALIZED
                       [2]{.start; .end} ∈ [-1..14] or UNINITIALIZED
                       [2].size ∈ [0..2147483647] or UNINITIALIZED
  __malloc_parse_l76_17[0].type ∈ [1..2147483647] or UNINITIALIZED
                       [0]{.start; .end} ∈
                       [-1..2147483647] or UNINITIALIZED
                       [0].size ∈ [0..2147483647] or UNINITIALIZED
                       [1].type ∈ [1..2147483647] or UNINITIALIZED
                       [1]{.start; .end} ∈
                       [-1..2147483647] or UNINITIALIZED
                       [1].size ∈ [0..2147483647] or UNINITIALIZED
                       [2].type ∈
                       {JSMN_OBJECT; JSMN_ARRAY; JSMN_STRING; JSMN_PRIMITIVE} or UNINITIALIZED
                       [2]{.start; .end} ∈ [-1..14] or UNINITIALIZED
                       [2].size ∈ [0..2147483647] or UNINITIALIZED
  __malloc_parse_l76_18[0].type ∈ [1..2147483647] or UNINITIALIZED
                       [0]{.start; .end} ∈
                       [-1..2147483647] or UNINITIALIZED
                       [0].size ∈ [0..2147483647] or UNINITIALIZED
                       [1].type ∈ [1..2147483647] or UNINITIALIZED
                       [1]{.start; .end} ∈
                       [-1..2147483647] or UNINITIALIZED
                       [1].size ∈ [0..2147483647] or UNINITIALIZED
                       [2].type ∈
                       {JSMN_OBJECT; JSMN_ARRAY; JSMN_STRING; JSMN_PRIMITIVE} or UNINITIALIZED
                       [2]{.start; .end} ∈ [-1..17] or UNINITIALIZED
                       [2].size ∈ [0..2147483647] or UNINITIALIZED
  __malloc_parse_l76_19[0].type ∈ [1..2147483647] or UNINITIALIZED
                       [0]{.start; .end} ∈
                       [-1..2147483647] or UNINITIALIZED
                       [0].size ∈ [0..2147483647] or UNINITIALIZED
                       [1].type ∈ [1..2147483647] or UNINITIALIZED
                       [1]{.start; .end} ∈
                       [-1..2147483647] or UNINITIALIZED
                       [1].size ∈ [0..2147483647] or UNINITIALIZED
                       [2].type ∈
                       {JSMN_OBJECT; JSMN_ARRAY; JSMN_STRING; JSMN_PRIMITIVE} or UNINITIALIZED
                       [2]{.start; .end} ∈ [-1..17] or UNINITIALIZED
                       [2].size ∈ [0..2147483647] or UNINITIALIZED
  __malloc_parse_l76_20[0].type ∈ [1..2147483647] or UNINITIALIZED
                       [0]{.start; .end} ∈
                       [-1..2147483647] or UNINITIALIZED
                       [0].size ∈ [0..2147483647] or UNINITIALIZED
                       [1].type ∈ [1..2147483647] or UNINITIALIZED
                       [1]{.start; .end} ∈
                       [-1..2147483647] or UNINITIALIZED
                       [1].size ∈ [0..2147483647] or UNINITIALIZED
                       [2].type ∈
                       {JSMN_OBJECT; JSMN_ARRAY; JSMN_STRING; JSMN_PRIMITIVE} or UNINITIALIZED
                       [2]{.start; .end} ∈ [-1..16] or UNINITIALIZED
                       [2].size ∈ [0..2147483647] or UNINITIALIZED
                       [3].type ∈
                       {JSMN_OBJECT; JSMN_ARRAY; JSMN_STRING; JSMN_PRIMITIVE} or UNINITIALIZED
                       [3].start ∈ [-1..16] or UNINITIALIZED
                       [3].end ∈ [-1..2147483647] or UNINITIALIZED
                       [3].size ∈ [0..2147483647] or UNINITIALIZED
  __malloc_parse_l76_21[0].type ∈ [1..2147483647] or UNINITIALIZED
                       [0]{.start; .end} ∈
                       [-1..2147483647] or UNINITIALIZED
                       [0].size ∈ [0..2147483647] or UNINITIALIZED
                       [1].type ∈ [1..2147483647] or UNINITIALIZED
                       [1]{.start; .end} ∈
                       [-1..2147483647] or UNINITIALIZED
                       [1].size ∈ [0..2147483647] or UNINITIALIZED
                       [2].type ∈
                       {JSMN_OBJECT; JSMN_ARRAY; JSMN_STRING; JSMN_PRIMITIVE} or UNINITIALIZED
                       [2]{.start; .end} ∈ [-1..20] or UNINITIALIZED
                       [2].size ∈ [0..2147483647] or UNINITIALIZED
  __malloc_parse_l76_22[0].type ∈ [1..2147483647] or UNINITIALIZED
                       [0]{.start; .end} ∈
                       [-1..2147483647] or UNINITIALIZED
                       [0].size ∈ [0..2147483647] or UNINITIALIZED
                       [1].type ∈ [1..2147483647] or UNINITIALIZED
                       [1]{.start; .end} ∈
                       [-1..2147483647] or UNINITIALIZED
                       [1].size ∈ [0..2147483647] or UNINITIALIZED
                       [2].type ∈
                       {JSMN_OBJECT; JSMN_ARRAY; JSMN_STRING; JSMN_PRIMITIVE} or UNINITIALIZED
                       [2]{.start; .end} ∈ [-1..17] or UNINITIALIZED
                       [2].size ∈ [0..2147483647] or UNINITIALIZED
  __malloc_parse_l76_23[0].type ∈
                       {JSMN_OBJECT; JSMN_ARRAY; JSMN_STRING; JSMN_PRIMITIVE} or UNINITIALIZED
                       [0].start ∈ [-1..2147483647] or UNINITIALIZED
                       [0].end ∈ [-1..16] or UNINITIALIZED
                       [0].size ∈ [0..2147483647] or UNINITIALIZED
                       [1].type ∈
                       {JSMN_OBJECT; JSMN_ARRAY; JSMN_STRING; JSMN_PRIMITIVE} or UNINITIALIZED
                       [1].start ∈ [-1..2147483647] or UNINITIALIZED
                       [1].end ∈ [-1..16] or UNINITIALIZED
                       [1].size ∈ [0..2147483647] or UNINITIALIZED
                       [2].type ∈
                       {JSMN_OBJECT; JSMN_ARRAY; JSMN_STRING; JSMN_PRIMITIVE} or UNINITIALIZED
                       [2]{.start; .end} ∈ [-1..16] or UNINITIALIZED
                       [2].size ∈ [0..2147483647] or UNINITIALIZED
                       [3].type ∈
                       {JSMN_OBJECT; JSMN_ARRAY; JSMN_STRING; JSMN_PRIMITIVE} or UNINITIALIZED
                       [3].start ∈ [-1..16] or UNINITIALIZED
                       [3].end ∈ [-1..2147483647] or UNINITIALIZED
                       [3].size ∈ [0..2147483647] or UNINITIALIZED
  __malloc_parse_l76_24[0].type ∈
                       {JSMN_OBJECT; JSMN_ARRAY; JSMN_STRING; JSMN_PRIMITIVE} or UNINITIALIZED
                       [0].start ∈ [-1..2147483647] or UNINITIALIZED
                       [0].end ∈ [-1..51] or UNINITIALIZED
                       [0].size ∈ [0..2147483647] or UNINITIALIZED
                       [1].type ∈
                       {JSMN_OBJECT; JSMN_ARRAY; JSMN_STRING; JSMN_PRIMITIVE} or UNINITIALIZED
                       [1].start ∈ [-1..2147483647] or UNINITIALIZED
                       [1].end ∈ [-1..51] or UNINITIALIZED
                       [1].size ∈ [0..2147483647] or UNINITIALIZED
                       [2].type ∈
                       {JSMN_OBJECT; JSMN_ARRAY; JSMN_STRING; JSMN_PRIMITIVE} or UNINITIALIZED
                       [2]{.start; .end} ∈ [-1..51] or UNINITIALIZED
                       [2].size ∈ [0..2147483647] or UNINITIALIZED
                       [3].type ∈
                       {JSMN_OBJECT; JSMN_ARRAY; JSMN_STRING; JSMN_PRIMITIVE} or UNINITIALIZED
                       [3].start ∈ [-1..51] or UNINITIALIZED
                       [3].end ∈ [-1..2147483647] or UNINITIALIZED
                       [3].size ∈ [0..2147483647] or UNINITIALIZED
                       [4].type ∈
                       {JSMN_OBJECT; JSMN_ARRAY; JSMN_STRING; JSMN_PRIMITIVE} or UNINITIALIZED
                       [4].start ∈ [-1..51] or UNINITIALIZED
                       [4].end ∈ [-1..2147483647] or UNINITIALIZED
                       [4].size ∈ [0..2147483647] or UNINITIALIZED
                       [5].type ∈
                       {JSMN_OBJECT; JSMN_ARRAY; JSMN_STRING; JSMN_PRIMITIVE} or UNINITIALIZED
                       [5].start ∈ [-1..51] or UNINITIALIZED
                       [5].end ∈ [-1..2147483647] or UNINITIALIZED
                       [5].size ∈ [0..2147483647] or UNINITIALIZED
                       [6].type ∈
                       {JSMN_OBJECT; JSMN_ARRAY; JSMN_STRING; JSMN_PRIMITIVE} or UNINITIALIZED
                       [6].start ∈ [-1..51] or UNINITIALIZED
                       [6].end ∈ [-1..2147483647] or UNINITIALIZED
                       [6].size ∈ [0..2147483647] or UNINITIALIZED
                       [7].type ∈
                       {JSMN_OBJECT; JSMN_ARRAY; JSMN_STRING; JSMN_PRIMITIVE} or UNINITIALIZED
                       [7].start ∈ [-1..51] or UNINITIALIZED
                       [7].end ∈ [-1..2147483647] or UNINITIALIZED
                       [7].size ∈ [0..2147483647] or UNINITIALIZED
  __malloc_parse_l76_25[0].type ∈ {JSMN_PRIMITIVE} or UNINITIALIZED
                       [0]{.start; .end} ∈
                       [-1..2147483647] or UNINITIALIZED
                       [0].size ∈ [0..2147483647] or UNINITIALIZED
                       [1].type ∈ {JSMN_PRIMITIVE} or UNINITIALIZED
                       [1]{.start; .end} ∈
                       [-1..2147483647] or UNINITIALIZED
                       [1].size ∈ [0..2147483647] or UNINITIALIZED
  __malloc_parse_l76_26[0].type ∈
                       {JSMN_ARRAY; JSMN_STRING; JSMN_PRIMITIVE} or UNINITIALIZED
                       [0].start ∈ [-1..30] or UNINITIALIZED
                       [0].end ∈ [-1..2147483647] or UNINITIALIZED
                       [0].size ∈ [0..2147483647] or UNINITIALIZED
                       [1].type ∈
                       {JSMN_ARRAY; JSMN_STRING; JSMN_PRIMITIVE} or UNINITIALIZED
                       [1].start ∈ [-1..30] or UNINITIALIZED
                       [1].end ∈ [-1..2147483647] or UNINITIALIZED
                       [1].size ∈ [0..2147483647] or UNINITIALIZED
                       [2].type ∈
                       {JSMN_ARRAY; JSMN_STRING; JSMN_PRIMITIVE} or UNINITIALIZED
                       [2].start ∈ [-1..30] or UNINITIALIZED
                       [2].end ∈ [-1..2147483647] or UNINITIALIZED
                       [2].size ∈ [0..2147483647] or UNINITIALIZED
                       [3].type ∈
                       {JSMN_ARRAY; JSMN_STRING; JSMN_PRIMITIVE} or UNINITIALIZED
                       [3].start ∈ [-1..30] or UNINITIALIZED
                       [3].end ∈ [-1..2147483647] or UNINITIALIZED
                       [3].size ∈ [0..2147483647] or UNINITIALIZED
                       [4].type ∈
                       {JSMN_ARRAY; JSMN_STRING; JSMN_PRIMITIVE} or UNINITIALIZED
                       [4].start ∈ [-1..30] or UNINITIALIZED
                       [4].end ∈ [-1..2147483647] or UNINITIALIZED
                       [4].size ∈ [0..2147483647] or UNINITIALIZED
                       [5].type ∈
                       {JSMN_ARRAY; JSMN_STRING; JSMN_PRIMITIVE} or UNINITIALIZED
                       [5].start ∈ [-1..30] or UNINITIALIZED
                       [5].end ∈ [-1..2147483647] or UNINITIALIZED
                       [5].size ∈ [0..2147483647] or UNINITIALIZED
  __malloc_parse_l76_27[0].type ∈
                       {JSMN_OBJECT; JSMN_ARRAY; JSMN_STRING; JSMN_PRIMITIVE} or UNINITIALIZED
                       [0].start ∈ [-1..14] or UNINITIALIZED
                       [0].end ∈ [-1..2147483647] or UNINITIALIZED
                       [0].size ∈ [0..2147483647] or UNINITIALIZED
                       [1].type ∈
                       {JSMN_OBJECT; JSMN_ARRAY; JSMN_STRING; JSMN_PRIMITIVE} or UNINITIALIZED
                       [1].start ∈ [-1..14] or UNINITIALIZED
                       [1].end ∈ [-1..2147483647] or UNINITIALIZED
                       [1].size ∈ [0..2147483647] or UNINITIALIZED
  __malloc_parse_l76_28[0].type ∈
                       {JSMN_OBJECT; JSMN_ARRAY; JSMN_STRING; JSMN_PRIMITIVE} or UNINITIALIZED
                       [0].start ∈ [-1..14] or UNINITIALIZED
                       [0].end ∈ [-1..2147483647] or UNINITIALIZED
                       [0].size ∈ [0..2147483647] or UNINITIALIZED
                       [1].type ∈
                       {JSMN_OBJECT; JSMN_ARRAY; JSMN_STRING; JSMN_PRIMITIVE} or UNINITIALIZED
                       [1].start ∈ [-1..14] or UNINITIALIZED
                       [1].end ∈ [-1..2147483647] or UNINITIALIZED
                       [1].size ∈ [0..2147483647] or UNINITIALIZED
  __malloc_parse_l76_29[0].type ∈ [1..2147483647] or UNINITIALIZED
                       [0]{.start; .end} ∈
                       [-1..2147483647] or UNINITIALIZED
                       [0].size ∈ [0..2147483647] or UNINITIALIZED
                       [1].type ∈ [1..2147483647] or UNINITIALIZED
                       [1]{.start; .end} ∈
                       [-1..2147483647] or UNINITIALIZED
                       [1].size ∈ [0..2147483647] or UNINITIALIZED
                       [2].type ∈
                       {JSMN_OBJECT; JSMN_ARRAY; JSMN_STRING; JSMN_PRIMITIVE} or UNINITIALIZED
                       [2].start ∈ [-1..14] or UNINITIALIZED
                       [2].end ∈ [-1..2147483647] or UNINITIALIZED
                       [2].size ∈ [0..2147483647] or UNINITIALIZED
  __malloc_parse_l76_30[0].type ∈ [1..2147483647] or UNINITIALIZED
                       [0]{.start; .end} ∈
                       [-1..2147483647] or UNINITIALIZED
                       [0].size ∈ [0..2147483647] or UNINITIALIZED
                       [1].type ∈ [1..2147483647] or UNINITIALIZED
                       [1]{.start; .end} ∈
                       [-1..2147483647] or UNINITIALIZED
                       [1].size ∈ [0..2147483647] or UNINITIALIZED
                       [2].type ∈
                       {JSMN_OBJECT; JSMN_ARRAY; JSMN_STRING; JSMN_PRIMITIVE} or UNINITIALIZED
                       [2]{.start; .end} ∈ [-1..16] or UNINITIALIZED
                       [2].size ∈ [0..2147483647] or UNINITIALIZED
  __malloc_parse_l76_31[0].type ∈
                       {JSMN_OBJECT; JSMN_ARRAY; JSMN_STRING; JSMN_PRIMITIVE} or UNINITIALIZED
                       [0].start ∈ [-1..14] or UNINITIALIZED
                       [0].end ∈ [-1..2147483647] or UNINITIALIZED
                       [0].size ∈ [0..2147483647] or UNINITIALIZED
                       [1].type ∈
                       {JSMN_OBJECT; JSMN_ARRAY; JSMN_STRING; JSMN_PRIMITIVE} or UNINITIALIZED
                       [1].start ∈ [-1..14] or UNINITIALIZED
                       [1].end ∈ [-1..2147483647] or UNINITIALIZED
                       [1].size ∈ [0..2147483647] or UNINITIALIZED
                       [2].type ∈
                       {JSMN_OBJECT; JSMN_ARRAY; JSMN_STRING; JSMN_PRIMITIVE} or UNINITIALIZED
                       [2].start ∈ [-1..14] or UNINITIALIZED
                       [2].end ∈ [-1..2147483647] or UNINITIALIZED
                       [2].size ∈ [0..2147483647] or UNINITIALIZED
  __malloc_parse_l76_32[0].type ∈ [1..2147483647] or UNINITIALIZED
                       [0]{.start; .end} ∈
                       [-1..2147483647] or UNINITIALIZED
                       [0].size ∈ [0..2147483647] or UNINITIALIZED
                       [1].type ∈ [1..2147483647] or UNINITIALIZED
                       [1]{.start; .end} ∈
                       [-1..2147483647] or UNINITIALIZED
                       [1].size ∈ [0..2147483647] or UNINITIALIZED
                       [2].type ∈
                       {JSMN_OBJECT; JSMN_ARRAY; JSMN_STRING; JSMN_PRIMITIVE} or UNINITIALIZED
                       [2]{.start; .end} ∈ [-1..16] or UNINITIALIZED
                       [2].size ∈ [0..2147483647] or UNINITIALIZED
  __malloc_parse_l76_33[0].type ∈
                       {JSMN_OBJECT; JSMN_ARRAY; JSMN_STRING; JSMN_PRIMITIVE} or UNINITIALIZED
                       [0].start ∈ [-1..2147483647] or UNINITIALIZED
                       [0].end ∈ [-1..16] or UNINITIALIZED
                       [0].size ∈ [0..2147483647] or UNINITIALIZED
                       [1].type ∈
                       {JSMN_OBJECT; JSMN_ARRAY; JSMN_STRING; JSMN_PRIMITIVE} or UNINITIALIZED
                       [1].start ∈ [-1..2147483647] or UNINITIALIZED
                       [1].end ∈ [-1..16] or UNINITIALIZED
                       [1].size ∈ [0..2147483647] or UNINITIALIZED
                       [2].type ∈
                       {JSMN_OBJECT; JSMN_ARRAY; JSMN_STRING; JSMN_PRIMITIVE} or UNINITIALIZED
                       [2]{.start; .end} ∈ [-1..16] or UNINITIALIZED
                       [2].size ∈ [0..2147483647] or UNINITIALIZED
                       [3].type ∈
                       {JSMN_OBJECT; JSMN_ARRAY; JSMN_STRING; JSMN_PRIMITIVE} or UNINITIALIZED
                       [3].start ∈ [-1..16] or UNINITIALIZED
                       [3].end ∈ [-1..2147483647] or UNINITIALIZED
                       [3].size ∈ [0..2147483647] or UNINITIALIZED
[eva:final-states] Values at end of function test_count:
  p.pos ∈ [0..2147483647]
   .toknext ∈ {0}
   .toksuper ∈ {-1}
  js ∈
    {{ "{}" ; "[]" ; "[[]]" ; "[[], []]" ; "[[], []]" ;
       "[[], [[]], [[], []]]" ; "[\"a\", [[], []]]" ;
       "[[], \"[], [[]]\", [[]]]" ; "[1, 2, 3]" ;
       "[1, 2, [3, \"a\"], null]" }}
  __retres ∈ [0..243]
[eva:final-states] Values at end of function test_issue_22:
  r ∈ [-3..2147483647]
  p{.pos; .toknext} ∈ [0..2147483647]
   .toksuper ∈ [--..--]
  tokens[0].type ∈
        {JSMN_OBJECT; JSMN_ARRAY; JSMN_STRING; JSMN_PRIMITIVE} or UNINITIALIZED
        [0].start ∈ [-1..2147483647] or UNINITIALIZED
        [0].end ∈ [-1..458] or UNINITIALIZED
        {[0].size; [1..126]{.type; .start; .end; .size}; [127]{.type; .start; .end}} ∈
        [-1..2147483647] or UNINITIALIZED
        [127].size ∈ [0..2147483647] or UNINITIALIZED
  js ∈
    {{ "{ \"height\":10, \"layers\":[ { \"data\":[6, 6], \"height\":10, \"name\":\"Calque de Tile 1\", \"opacity\":1, \"type\":\"tilelayer\", \"visible\":true, \"width\":10, \"x\":0, \"y\":0 }], \"orientation\":\"orthogonal\", \"properties\": { }, \"tileheight\":32, \"tilesets\":[ { \"firstgid\":1, \"image\":\"..\\/images\\/tiles.png\", \"imageheight\":64, \"imagewidth\":160, \"margin\":0, \"name\":\"Tiles\", \"properties\":{}, \"spacing\":0, \"tileheight\":32, \"tilewidth\":32 }], \"tilewidth\":32, \"version\":1, \"width\":10 }" }}
  __retres ∈ {0; 175}
[eva:final-states] Values at end of function test_partial_array:
  __retres ∈ {0}
[eva:final-states] Values at end of function vtokeq:
  ap ∈
    {{ &__va_args[4] ; &__va_args_18[4] ; &__va_args_36{[4], [8], [12]} ;
       &__va_args{[4], [7], [9]} ; &__va_args_37{[4], [7], [11]} ;
       &__va_args_68{[4], [7], [11], [14], [18]} ;
       &__va_args_107{[4], [7], [9], [12], [14], [17], [19]} ;
       &__va_args_139{[4], [7], [9], [12], [15]} ; &__va_args{[4], [6]} ;
       &__va_args{[4], [7], [9]} ; &__va_args_35{[4], [7], [9]} ;
       &__va_args_55{[4], [7], [9]} ; &__va_args_75{[4], [7], [9]} ;
       &__va_args_95{[4], [7], [9]} ; &__va_args{[4], [7], [10]} ;
       &__va_args_43{[4], [7], [10]} ; &__va_args_65{[4], [7], [10]} ;
       &__va_args_87{[4], [7], [10]} ; &__va_args_109{[4], [7], [10]} ;
       &__va_args_131{[4], [7], [10]} ;
       &__va_args_157{[4], [7], [11], [14]} ;
       &__va_args{[4], [7], [10], [13], [16]} ;
       &__va_args{[4], [6], [8], [12]} ; &__va_args{[2], [5], [7], [9]} ;
       &__va_args{[4], [7], [9]} ; &__va_args{[2], [4]} ;
       &__va_args_27{[2], [4], [6], [8], [10], [12]} ;
       &__va_args_39{[3], [5]} ; &__va_args_25{[4], [7], [9]} }}
  __retres ∈ {0; 1}
  S___fc_stdout[0..1] ∈ [--..--]
[eva:final-states] Values at end of function parse:
  __fc_heap_status ∈ [--..--]
  r ∈ [-3..2147483647]
  ok ∈ {0; 1}
  args ∈
      {{ &__va_args[0] ; &__va_args_18[0] ; &__va_args_36[0] ;
         &__va_args[0] ; &__va_args_37[0] ; &__va_args_68[0] ;
         &__va_args_107[0] ; &__va_args_139[0] ; &__va_args[0] ;
         &__va_args[0] ; &__va_args_35[0] ; &__va_args_55[0] ;
         &__va_args_75[0] ; &__va_args_95[0] ; &__va_args[0] ;
         &__va_args_43[0] ; &__va_args_65[0] ; &__va_args_87[0] ;
         &__va_args_109[0] ; &__va_args_131[0] ; &__va_args_157[0] ;
         &__va_args[0] ; &__va_args_27[0] ; &__va_args_39[0] ;
         &__va_args_25[0] }} or UNINITIALIZED
  p{.pos; .toknext} ∈ [0..2147483647]
   .toksuper ∈ [--..--]
  t ∈
   {{ NULL ; &__malloc_parse_l76 ; &__malloc_parse_l76_0 ;
      &__malloc_parse_l76_1[0] ; &__malloc_parse_l76_2[0] ;
      &__malloc_parse_l76_3[0] ; &__malloc_parse_l76_4[0] ;
      &__malloc_parse_l76_5[0] ; &__malloc_parse_l76_6[0] ;
      &__malloc_parse_l76_7[0] ; &__malloc_parse_l76_8[0] ;
      &__malloc_parse_l76_9[0] ; &__malloc_parse_l76_10[0] ;
      &__malloc_parse_l76_11[0] ; &__malloc_parse_l76_12[0] ;
      &__malloc_parse_l76_13[0] ; &__malloc_parse_l76_14[0] ;
      &__malloc_parse_l76_15[0] ; &__malloc_parse_l76_16[0] ;
      &__malloc_parse_l76_17[0] ; &__malloc_parse_l76_18[0] ;
      &__malloc_parse_l76_19[0] ; &__malloc_parse_l76_20[0] ;
      &__malloc_parse_l76_21[0] ; &__malloc_parse_l76_22[0] ;
      &__malloc_parse_l76_23[0] ; &__malloc_parse_l76_24[0] ;
      &__malloc_parse_l76_25[0] ; &__malloc_parse_l76_26[0] ;
      &__malloc_parse_l76_27[0] ; &__malloc_parse_l76_28[0] ;
      &__malloc_parse_l76_29[0] ; &__malloc_parse_l76_30[0] ;
      &__malloc_parse_l76_31[0] ; &__malloc_parse_l76_32[0] ;
      &__malloc_parse_l76_33[0] }} or ESCAPINGADDR
  __retres ∈ {0; 1}
  S___fc_stdout[0..1] ∈ [--..--]
  __malloc_parse_l76.type ∈ {JSMN_OBJECT} or UNINITIALIZED
                    .start ∈ {-1; 0; 1} or UNINITIALIZED
                    .end ∈ {-1; 1; 2} or UNINITIALIZED
                    .size ∈ [0..2147483647] or UNINITIALIZED
  __malloc_parse_l76_0.type ∈ {JSMN_ARRAY} or UNINITIALIZED
                      .start ∈ {-1; 0; 1} or UNINITIALIZED
                      .end ∈ {-1; 1; 2} or UNINITIALIZED
                      .size ∈ [0..2147483647] or UNINITIALIZED
  __malloc_parse_l76_1[0].type ∈ {JSMN_OBJECT; JSMN_ARRAY} or UNINITIALIZED
                      [0].start ∈ [-1..2147483647] or UNINITIALIZED
                      [0].end ∈ {-1; 1; 2; 3; 4; 5; 6; 7} or UNINITIALIZED
                      [0].size ∈ [0..2147483647] or UNINITIALIZED
                      [1].type ∈ {JSMN_OBJECT; JSMN_ARRAY} or UNINITIALIZED
                      [1].start ∈ [-1..2147483647] or UNINITIALIZED
                      [1].end ∈ {-1; 1; 2; 3; 4; 5; 6; 7} or UNINITIALIZED
                      [1].size ∈ [0..2147483647] or UNINITIALIZED
                      [2].type ∈ {JSMN_OBJECT; JSMN_ARRAY} or UNINITIALIZED
                      [2].start ∈
                      {-1; 0; 1; 2; 3; 4; 5; 6} or UNINITIALIZED
                      [2].end ∈ {-1; 1; 2; 3; 4; 5; 6; 7} or UNINITIALIZED
                      [2].size ∈ [0..2147483647] or UNINITIALIZED
  __malloc_parse_l76_2[0].type ∈ [1..2147483647] or UNINITIALIZED
                      [0]{.start; .end} ∈ [-1..2147483647] or UNINITIALIZED
                      [0].size ∈ [0..2147483647] or UNINITIALIZED
                      [1].type ∈ [1..2147483647] or UNINITIALIZED
                      [1]{.start; .end} ∈ [-1..2147483647] or UNINITIALIZED
                      [1].size ∈ [0..2147483647] or UNINITIALIZED
                      [2].type ∈
                      {JSMN_OBJECT; JSMN_STRING; JSMN_PRIMITIVE} or UNINITIALIZED
                      [2].start ∈ [-1..7] or UNINITIALIZED
                      [2].end ∈ {-1; 1; 2; 3; 4; 5; 6; 7} or UNINITIALIZED
                      [2].size ∈ [0..2147483647] or UNINITIALIZED
  __malloc_parse_l76_3[0].type ∈ [1..2147483647] or UNINITIALIZED
                      [0]{.start; .end} ∈ [-1..2147483647] or UNINITIALIZED
                      [0].size ∈ [0..2147483647] or UNINITIALIZED
                      [1].type ∈ [1..2147483647] or UNINITIALIZED
                      [1]{.start; .end} ∈ [-1..2147483647] or UNINITIALIZED
                      [1].size ∈ [0..2147483647] or UNINITIALIZED
                      [2].type ∈
                      {JSMN_OBJECT; JSMN_ARRAY; JSMN_STRING; JSMN_PRIMITIVE} or UNINITIALIZED
                      [2]{.start; .end} ∈ [-1..8] or UNINITIALIZED
                      [2].size ∈ [0..2147483647] or UNINITIALIZED
  __malloc_parse_l76_4[0].type ∈ [1..2147483647] or UNINITIALIZED
                      [0]{.start; .end} ∈ [-1..2147483647] or UNINITIALIZED
                      [0].size ∈ [0..2147483647] or UNINITIALIZED
                      [1].type ∈ [1..2147483647] or UNINITIALIZED
                      [1]{.start; .end} ∈ [-1..2147483647] or UNINITIALIZED
                      [1].size ∈ [0..2147483647] or UNINITIALIZED
                      [2].type ∈
                      {JSMN_OBJECT; JSMN_STRING; JSMN_PRIMITIVE} or UNINITIALIZED
                      [2]{.start; .end} ∈ [-1..16] or UNINITIALIZED
                      [2].size ∈ [0..2147483647] or UNINITIALIZED
                      [3].type ∈
                      {JSMN_OBJECT; JSMN_STRING; JSMN_PRIMITIVE} or UNINITIALIZED
                      [3].start ∈ [-1..16] or UNINITIALIZED
                      [3].end ∈ [-1..2147483647] or UNINITIALIZED
                      [3].size ∈ [0..2147483647] or UNINITIALIZED
                      [4].type ∈
                      {JSMN_OBJECT; JSMN_STRING; JSMN_PRIMITIVE} or UNINITIALIZED
                      [4].start ∈ [-1..16] or UNINITIALIZED
                      [4].end ∈ [-1..2147483647] or UNINITIALIZED
                      [4].size ∈ [0..2147483647] or UNINITIALIZED
  __malloc_parse_l76_5[0].type ∈
                      {JSMN_OBJECT; JSMN_ARRAY; JSMN_STRING; JSMN_PRIMITIVE} or UNINITIALIZED
                      [0].start ∈ [-1..2147483647] or UNINITIALIZED
                      [0].end ∈ [-1..43] or UNINITIALIZED
                      [0].size ∈ [0..2147483647] or UNINITIALIZED
                      [1].type ∈
                      {JSMN_OBJECT; JSMN_ARRAY; JSMN_STRING; JSMN_PRIMITIVE} or UNINITIALIZED
                      [1].start ∈ [-1..2147483647] or UNINITIALIZED
                      [1].end ∈ [-1..43] or UNINITIALIZED
                      [1].size ∈ [0..2147483647] or UNINITIALIZED
                      [2].type ∈
                      {JSMN_OBJECT; JSMN_ARRAY; JSMN_STRING; JSMN_PRIMITIVE} or UNINITIALIZED
                      [2]{.start; .end} ∈ [-1..43] or UNINITIALIZED
                      [2].size ∈ [0..2147483647] or UNINITIALIZED
                      [3].type ∈
                      {JSMN_OBJECT; JSMN_ARRAY; JSMN_STRING; JSMN_PRIMITIVE} or UNINITIALIZED
                      [3].start ∈ [-1..43] or UNINITIALIZED
                      [3].end ∈ [-1..2147483647] or UNINITIALIZED
                      [3].size ∈ [0..2147483647] or UNINITIALIZED
                      [4].type ∈
                      {JSMN_OBJECT; JSMN_ARRAY; JSMN_STRING; JSMN_PRIMITIVE} or UNINITIALIZED
                      [4].start ∈ [-1..43] or UNINITIALIZED
                      [4].end ∈ [-1..2147483647] or UNINITIALIZED
                      [4].size ∈ [0..2147483647] or UNINITIALIZED
                      [5].type ∈
                      {JSMN_OBJECT; JSMN_ARRAY; JSMN_STRING; JSMN_PRIMITIVE} or UNINITIALIZED
                      [5].start ∈ [-1..43] or UNINITIALIZED
                      [5].end ∈ [-1..2147483647] or UNINITIALIZED
                      [5].size ∈ [0..2147483647] or UNINITIALIZED
                      [6].type ∈
                      {JSMN_OBJECT; JSMN_ARRAY; JSMN_STRING; JSMN_PRIMITIVE} or UNINITIALIZED
                      [6].start ∈ [-1..43] or UNINITIALIZED
                      [6].end ∈ [-1..2147483647] or UNINITIALIZED
                      [6].size ∈ [0..2147483647] or UNINITIALIZED
  __malloc_parse_l76_6[0].type ∈ [1..2147483647] or UNINITIALIZED
                      [0]{.start; .end} ∈ [-1..2147483647] or UNINITIALIZED
                      [0].size ∈ [0..2147483647] or UNINITIALIZED
                      [1].type ∈ [1..2147483647] or UNINITIALIZED
                      [1]{.start; .end} ∈ [-1..2147483647] or UNINITIALIZED
                      [1].size ∈ [0..2147483647] or UNINITIALIZED
                      [2].type ∈
                      {JSMN_OBJECT; JSMN_ARRAY; JSMN_STRING; JSMN_PRIMITIVE} or UNINITIALIZED
                      [2]{.start; .end} ∈ [-1..18] or UNINITIALIZED
                      [2].size ∈ [0..2147483647] or UNINITIALIZED
                      [3].type ∈
                      {JSMN_OBJECT; JSMN_ARRAY; JSMN_STRING; JSMN_PRIMITIVE} or UNINITIALIZED
                      [3].start ∈ [-1..18] or UNINITIALIZED
                      [3].end ∈ [-1..2147483647] or UNINITIALIZED
                      [3].size ∈ [0..2147483647] or UNINITIALIZED
                      [4].type ∈
                      {JSMN_OBJECT; JSMN_ARRAY; JSMN_STRING; JSMN_PRIMITIVE} or UNINITIALIZED
                      [4].start ∈ [-1..18] or UNINITIALIZED
                      [4].end ∈ [-1..2147483647] or UNINITIALIZED
                      [4].size ∈ [0..2147483647] or UNINITIALIZED
  __malloc_parse_l76_7[0].type ∈
                      {JSMN_ARRAY; JSMN_PRIMITIVE} or UNINITIALIZED
                      [0]{.start; .end} ∈ [-1..2147483647] or UNINITIALIZED
                      [0].size ∈ [0..2147483647] or UNINITIALIZED
                      [1].type ∈
                      {JSMN_ARRAY; JSMN_PRIMITIVE} or UNINITIALIZED
                      [1]{.start; .end} ∈ [-1..2147483647] or UNINITIALIZED
                      [1].size ∈ [0..2147483647] or UNINITIALIZED
  __malloc_parse_l76_8[0].type ∈ [1..2147483647] or UNINITIALIZED
                      [0].start ∈ [-1..2147483647] or UNINITIALIZED
                      [0].end ∈ [-1..8] or UNINITIALIZED
                      [0].size ∈ [0..2147483647] or UNINITIALIZED
                      [1].type ∈ [1..2147483647] or UNINITIALIZED
                      [1].start ∈ [-1..2147483647] or UNINITIALIZED
                      [1].end ∈ [-1..8] or UNINITIALIZED
                      [1].size ∈ [0..2147483647] or UNINITIALIZED
                      [2].type ∈
                      {JSMN_OBJECT; JSMN_STRING; JSMN_PRIMITIVE} or UNINITIALIZED
                      [2].start ∈ [-1..8] or UNINITIALIZED
                      [2].end ∈ {-1; 1; 2; 3; 4; 5; 6; 7} or UNINITIALIZED
                      [2].size ∈ [0..2147483647] or UNINITIALIZED
  __malloc_parse_l76_9[0].type ∈ [1..2147483647] or UNINITIALIZED
                      [0]{.start; .end} ∈ [-1..2147483647] or UNINITIALIZED
                      [0].size ∈ [0..2147483647] or UNINITIALIZED
                      [1].type ∈ [1..2147483647] or UNINITIALIZED
                      [1]{.start; .end} ∈ [-1..2147483647] or UNINITIALIZED
                      [1].size ∈ [0..2147483647] or UNINITIALIZED
                      [2].type ∈
                      {JSMN_OBJECT; JSMN_ARRAY; JSMN_STRING; JSMN_PRIMITIVE} or UNINITIALIZED
                      [2]{.start; .end} ∈ [-1..19] or UNINITIALIZED
                      [2].size ∈ [0..2147483647] or UNINITIALIZED
  __malloc_parse_l76_10[0].type ∈ [1..2147483647] or UNINITIALIZED
                       [0]{.start; .end} ∈
                       [-1..2147483647] or UNINITIALIZED
                       [0].size ∈ [0..2147483647] or UNINITIALIZED
                       [1].type ∈ [1..2147483647] or UNINITIALIZED
                       [1]{.start; .end} ∈
                       [-1..2147483647] or UNINITIALIZED
                       [1].size ∈ [0..2147483647] or UNINITIALIZED
                       [2].type ∈
                       {JSMN_OBJECT; JSMN_ARRAY; JSMN_STRING; JSMN_PRIMITIVE} or UNINITIALIZED
                       [2]{.start; .end} ∈ [-1..20] or UNINITIALIZED
                       [2].size ∈ [0..2147483647] or UNINITIALIZED
  __malloc_parse_l76_11[0].type ∈ [1..2147483647] or UNINITIALIZED
                       [0]{.start; .end} ∈
                       [-1..2147483647] or UNINITIALIZED
                       [0].size ∈ [0..2147483647] or UNINITIALIZED
                       [1].type ∈ [1..2147483647] or UNINITIALIZED
                       [1]{.start; .end} ∈
                       [-1..2147483647] or UNINITIALIZED
                       [1].size ∈ [0..2147483647] or UNINITIALIZED
                       [2].type ∈
                       {JSMN_OBJECT; JSMN_ARRAY; JSMN_STRING; JSMN_PRIMITIVE} or UNINITIALIZED
                       [2]{.start; .end} ∈ [-1..19] or UNINITIALIZED
                       [2].size ∈ [0..2147483647] or UNINITIALIZED
  __malloc_parse_l76_12[0].type ∈ [1..2147483647] or UNINITIALIZED
                       [0]{.start; .end} ∈
                       [-1..2147483647] or UNINITIALIZED
                       [0].size ∈ [0..2147483647] or UNINITIALIZED
                       [1].type ∈ [1..2147483647] or UNINITIALIZED
                       [1]{.start; .end} ∈
                       [-1..2147483647] or UNINITIALIZED
                       [1].size ∈ [0..2147483647] or UNINITIALIZED
                       [2].type ∈
                       {JSMN_OBJECT; JSMN_ARRAY; JSMN_STRING; JSMN_PRIMITIVE} or UNINITIALIZED
                       [2]{.start; .end} ∈ [-1..15] or UNINITIALIZED
                       [2].size ∈ [0..2147483647] or UNINITIALIZED
  __malloc_parse_l76_13[0].type ∈ [1..2147483647] or UNINITIALIZED
                       [0]{.start; .end} ∈
                       [-1..2147483647] or UNINITIALIZED
                       [0].size ∈ [0..2147483647] or UNINITIALIZED
                       [1].type ∈ [1..2147483647] or UNINITIALIZED
                       [1]{.start; .end} ∈
                       [-1..2147483647] or UNINITIALIZED
                       [1].size ∈ [0..2147483647] or UNINITIALIZED
                       [2].type ∈
                       {JSMN_OBJECT; JSMN_ARRAY; JSMN_STRING; JSMN_PRIMITIVE} or UNINITIALIZED
                       [2]{.start; .end} ∈ [-1..21] or UNINITIALIZED
                       [2].size ∈ [0..2147483647] or UNINITIALIZED
  __malloc_parse_l76_14[0].type ∈ [1..2147483647] or UNINITIALIZED
                       [0]{.start; .end} ∈
                       [-1..2147483647] or UNINITIALIZED
                       [0].size ∈ [0..2147483647] or UNINITIALIZED
                       [1].type ∈ [1..2147483647] or UNINITIALIZED
                       [1]{.start; .end} ∈
                       [-1..2147483647] or UNINITIALIZED
                       [1].size ∈ [0..2147483647] or UNINITIALIZED
                       [2].type ∈
                       {JSMN_OBJECT; JSMN_ARRAY; JSMN_STRING; JSMN_PRIMITIVE} or UNINITIALIZED
                       [2]{.start; .end} ∈ [-1..26] or UNINITIALIZED
                       [2].size ∈ [0..2147483647] or UNINITIALIZED
  __malloc_parse_l76_15[0].type ∈ [1..2147483647] or UNINITIALIZED
                       [0]{.start; .end} ∈
                       [-1..2147483647] or UNINITIALIZED
                       [0].size ∈ [0..2147483647] or UNINITIALIZED
                       [1].type ∈ [1..2147483647] or UNINITIALIZED
                       [1]{.start; .end} ∈
                       [-1..2147483647] or UNINITIALIZED
                       [1].size ∈ [0..2147483647] or UNINITIALIZED
                       [2].type ∈
                       {JSMN_OBJECT; JSMN_ARRAY; JSMN_STRING; JSMN_PRIMITIVE} or UNINITIALIZED
                       [2]{.start; .end} ∈ [-1..40] or UNINITIALIZED
                       [2].size ∈ [0..2147483647] or UNINITIALIZED
  __malloc_parse_l76_16[0].type ∈ [1..2147483647] or UNINITIALIZED
                       [0]{.start; .end} ∈
                       [-1..2147483647] or UNINITIALIZED
                       [0].size ∈ [0..2147483647] or UNINITIALIZED
                       [1].type ∈ [1..2147483647] or UNINITIALIZED
                       [1]{.start; .end} ∈
                       [-1..2147483647] or UNINITIALIZED
                       [1].size ∈ [0..2147483647] or UNINITIALIZED
                       [2].type ∈
                       {JSMN_OBJECT; JSMN_ARRAY; JSMN_STRING; JSMN_PRIMITIVE} or UNINITIALIZED
                       [2]{.start; .end} ∈ [-1..14] or UNINITIALIZED
                       [2].size ∈ [0..2147483647] or UNINITIALIZED
  __malloc_parse_l76_17[0].type ∈ [1..2147483647] or UNINITIALIZED
                       [0]{.start; .end} ∈
                       [-1..2147483647] or UNINITIALIZED
                       [0].size ∈ [0..2147483647] or UNINITIALIZED
                       [1].type ∈ [1..2147483647] or UNINITIALIZED
                       [1]{.start; .end} ∈
                       [-1..2147483647] or UNINITIALIZED
                       [1].size ∈ [0..2147483647] or UNINITIALIZED
                       [2].type ∈
                       {JSMN_OBJECT; JSMN_ARRAY; JSMN_STRING; JSMN_PRIMITIVE} or UNINITIALIZED
                       [2]{.start; .end} ∈ [-1..14] or UNINITIALIZED
                       [2].size ∈ [0..2147483647] or UNINITIALIZED
  __malloc_parse_l76_18[0].type ∈ [1..2147483647] or UNINITIALIZED
                       [0]{.start; .end} ∈
                       [-1..2147483647] or UNINITIALIZED
                       [0].size ∈ [0..2147483647] or UNINITIALIZED
                       [1].type ∈ [1..2147483647] or UNINITIALIZED
                       [1]{.start; .end} ∈
                       [-1..2147483647] or UNINITIALIZED
                       [1].size ∈ [0..2147483647] or UNINITIALIZED
                       [2].type ∈
                       {JSMN_OBJECT; JSMN_ARRAY; JSMN_STRING; JSMN_PRIMITIVE} or UNINITIALIZED
                       [2]{.start; .end} ∈ [-1..17] or UNINITIALIZED
                       [2].size ∈ [0..2147483647] or UNINITIALIZED
  __malloc_parse_l76_19[0].type ∈ [1..2147483647] or UNINITIALIZED
                       [0]{.start; .end} ∈
                       [-1..2147483647] or UNINITIALIZED
                       [0].size ∈ [0..2147483647] or UNINITIALIZED
                       [1].type ∈ [1..2147483647] or UNINITIALIZED
                       [1]{.start; .end} ∈
                       [-1..2147483647] or UNINITIALIZED
                       [1].size ∈ [0..2147483647] or UNINITIALIZED
                       [2].type ∈
                       {JSMN_OBJECT; JSMN_ARRAY; JSMN_STRING; JSMN_PRIMITIVE} or UNINITIALIZED
                       [2]{.start; .end} ∈ [-1..17] or UNINITIALIZED
                       [2].size ∈ [0..2147483647] or UNINITIALIZED
  __malloc_parse_l76_20[0].type ∈ [1..2147483647] or UNINITIALIZED
                       [0]{.start; .end} ∈
                       [-1..2147483647] or UNINITIALIZED
                       [0].size ∈ [0..2147483647] or UNINITIALIZED
                       [1].type ∈ [1..2147483647] or UNINITIALIZED
                       [1]{.start; .end} ∈
                       [-1..2147483647] or UNINITIALIZED
                       [1].size ∈ [0..2147483647] or UNINITIALIZED
                       [2].type ∈
                       {JSMN_OBJECT; JSMN_ARRAY; JSMN_STRING; JSMN_PRIMITIVE} or UNINITIALIZED
                       [2]{.start; .end} ∈ [-1..16] or UNINITIALIZED
                       [2].size ∈ [0..2147483647] or UNINITIALIZED
                       [3].type ∈
                       {JSMN_OBJECT; JSMN_ARRAY; JSMN_STRING; JSMN_PRIMITIVE} or UNINITIALIZED
                       [3].start ∈ [-1..16] or UNINITIALIZED
                       [3].end ∈ [-1..2147483647] or UNINITIALIZED
                       [3].size ∈ [0..2147483647] or UNINITIALIZED
  __malloc_parse_l76_21[0].type ∈ [1..2147483647] or UNINITIALIZED
                       [0]{.start; .end} ∈
                       [-1..2147483647] or UNINITIALIZED
                       [0].size ∈ [0..2147483647] or UNINITIALIZED
                       [1].type ∈ [1..2147483647] or UNINITIALIZED
                       [1]{.start; .end} ∈
                       [-1..2147483647] or UNINITIALIZED
                       [1].size ∈ [0..2147483647] or UNINITIALIZED
                       [2].type ∈
                       {JSMN_OBJECT; JSMN_ARRAY; JSMN_STRING; JSMN_PRIMITIVE} or UNINITIALIZED
                       [2]{.start; .end} ∈ [-1..20] or UNINITIALIZED
                       [2].size ∈ [0..2147483647] or UNINITIALIZED
  __malloc_parse_l76_22[0].type ∈ [1..2147483647] or UNINITIALIZED
                       [0]{.start; .end} ∈
                       [-1..2147483647] or UNINITIALIZED
                       [0].size ∈ [0..2147483647] or UNINITIALIZED
                       [1].type ∈ [1..2147483647] or UNINITIALIZED
                       [1]{.start; .end} ∈
                       [-1..2147483647] or UNINITIALIZED
                       [1].size ∈ [0..2147483647] or UNINITIALIZED
                       [2].type ∈
                       {JSMN_OBJECT; JSMN_ARRAY; JSMN_STRING; JSMN_PRIMITIVE} or UNINITIALIZED
                       [2]{.start; .end} ∈ [-1..17] or UNINITIALIZED
                       [2].size ∈ [0..2147483647] or UNINITIALIZED
  __malloc_parse_l76_23[0].type ∈
                       {JSMN_OBJECT; JSMN_ARRAY; JSMN_STRING; JSMN_PRIMITIVE} or UNINITIALIZED
                       [0].start ∈ [-1..2147483647] or UNINITIALIZED
                       [0].end ∈ [-1..16] or UNINITIALIZED
                       [0].size ∈ [0..2147483647] or UNINITIALIZED
                       [1].type ∈
                       {JSMN_OBJECT; JSMN_ARRAY; JSMN_STRING; JSMN_PRIMITIVE} or UNINITIALIZED
                       [1].start ∈ [-1..2147483647] or UNINITIALIZED
                       [1].end ∈ [-1..16] or UNINITIALIZED
                       [1].size ∈ [0..2147483647] or UNINITIALIZED
                       [2].type ∈
                       {JSMN_OBJECT; JSMN_ARRAY; JSMN_STRING; JSMN_PRIMITIVE} or UNINITIALIZED
                       [2]{.start; .end} ∈ [-1..16] or UNINITIALIZED
                       [2].size ∈ [0..2147483647] or UNINITIALIZED
                       [3].type ∈
                       {JSMN_OBJECT; JSMN_ARRAY; JSMN_STRING; JSMN_PRIMITIVE} or UNINITIALIZED
                       [3].start ∈ [-1..16] or UNINITIALIZED
                       [3].end ∈ [-1..2147483647] or UNINITIALIZED
                       [3].size ∈ [0..2147483647] or UNINITIALIZED
  __malloc_parse_l76_24[0].type ∈
                       {JSMN_OBJECT; JSMN_ARRAY; JSMN_STRING; JSMN_PRIMITIVE} or UNINITIALIZED
                       [0].start ∈ [-1..2147483647] or UNINITIALIZED
                       [0].end ∈ [-1..51] or UNINITIALIZED
                       [0].size ∈ [0..2147483647] or UNINITIALIZED
                       [1].type ∈
                       {JSMN_OBJECT; JSMN_ARRAY; JSMN_STRING; JSMN_PRIMITIVE} or UNINITIALIZED
                       [1].start ∈ [-1..2147483647] or UNINITIALIZED
                       [1].end ∈ [-1..51] or UNINITIALIZED
                       [1].size ∈ [0..2147483647] or UNINITIALIZED
                       [2].type ∈
                       {JSMN_OBJECT; JSMN_ARRAY; JSMN_STRING; JSMN_PRIMITIVE} or UNINITIALIZED
                       [2]{.start; .end} ∈ [-1..51] or UNINITIALIZED
                       [2].size ∈ [0..2147483647] or UNINITIALIZED
                       [3].type ∈
                       {JSMN_OBJECT; JSMN_ARRAY; JSMN_STRING; JSMN_PRIMITIVE} or UNINITIALIZED
                       [3].start ∈ [-1..51] or UNINITIALIZED
                       [3].end ∈ [-1..2147483647] or UNINITIALIZED
                       [3].size ∈ [0..2147483647] or UNINITIALIZED
                       [4].type ∈
                       {JSMN_OBJECT; JSMN_ARRAY; JSMN_STRING; JSMN_PRIMITIVE} or UNINITIALIZED
                       [4].start ∈ [-1..51] or UNINITIALIZED
                       [4].end ∈ [-1..2147483647] or UNINITIALIZED
                       [4].size ∈ [0..2147483647] or UNINITIALIZED
                       [5].type ∈
                       {JSMN_OBJECT; JSMN_ARRAY; JSMN_STRING; JSMN_PRIMITIVE} or UNINITIALIZED
                       [5].start ∈ [-1..51] or UNINITIALIZED
                       [5].end ∈ [-1..2147483647] or UNINITIALIZED
                       [5].size ∈ [0..2147483647] or UNINITIALIZED
                       [6].type ∈
                       {JSMN_OBJECT; JSMN_ARRAY; JSMN_STRING; JSMN_PRIMITIVE} or UNINITIALIZED
                       [6].start ∈ [-1..51] or UNINITIALIZED
                       [6].end ∈ [-1..2147483647] or UNINITIALIZED
                       [6].size ∈ [0..2147483647] or UNINITIALIZED
                       [7].type ∈
                       {JSMN_OBJECT; JSMN_ARRAY; JSMN_STRING; JSMN_PRIMITIVE} or UNINITIALIZED
                       [7].start ∈ [-1..51] or UNINITIALIZED
                       [7].end ∈ [-1..2147483647] or UNINITIALIZED
                       [7].size ∈ [0..2147483647] or UNINITIALIZED
  __malloc_parse_l76_25[0].type ∈ {JSMN_PRIMITIVE} or UNINITIALIZED
                       [0]{.start; .end} ∈
                       [-1..2147483647] or UNINITIALIZED
                       [0].size ∈ [0..2147483647] or UNINITIALIZED
                       [1].type ∈ {JSMN_PRIMITIVE} or UNINITIALIZED
                       [1]{.start; .end} ∈
                       [-1..2147483647] or UNINITIALIZED
                       [1].size ∈ [0..2147483647] or UNINITIALIZED
  __malloc_parse_l76_26[0].type ∈
                       {JSMN_ARRAY; JSMN_STRING; JSMN_PRIMITIVE} or UNINITIALIZED
                       [0].start ∈ [-1..30] or UNINITIALIZED
                       [0].end ∈ [-1..2147483647] or UNINITIALIZED
                       [0].size ∈ [0..2147483647] or UNINITIALIZED
                       [1].type ∈
                       {JSMN_ARRAY; JSMN_STRING; JSMN_PRIMITIVE} or UNINITIALIZED
                       [1].start ∈ [-1..30] or UNINITIALIZED
                       [1].end ∈ [-1..2147483647] or UNINITIALIZED
                       [1].size ∈ [0..2147483647] or UNINITIALIZED
                       [2].type ∈
                       {JSMN_ARRAY; JSMN_STRING; JSMN_PRIMITIVE} or UNINITIALIZED
                       [2].start ∈ [-1..30] or UNINITIALIZED
                       [2].end ∈ [-1..2147483647] or UNINITIALIZED
                       [2].size ∈ [0..2147483647] or UNINITIALIZED
                       [3].type ∈
                       {JSMN_ARRAY; JSMN_STRING; JSMN_PRIMITIVE} or UNINITIALIZED
                       [3].start ∈ [-1..30] or UNINITIALIZED
                       [3].end ∈ [-1..2147483647] or UNINITIALIZED
                       [3].size ∈ [0..2147483647] or UNINITIALIZED
                       [4].type ∈
                       {JSMN_ARRAY; JSMN_STRING; JSMN_PRIMITIVE} or UNINITIALIZED
                       [4].start ∈ [-1..30] or UNINITIALIZED
                       [4].end ∈ [-1..2147483647] or UNINITIALIZED
                       [4].size ∈ [0..2147483647] or UNINITIALIZED
                       [5].type ∈
                       {JSMN_ARRAY; JSMN_STRING; JSMN_PRIMITIVE} or UNINITIALIZED
                       [5].start ∈ [-1..30] or UNINITIALIZED
                       [5].end ∈ [-1..2147483647] or UNINITIALIZED
                       [5].size ∈ [0..2147483647] or UNINITIALIZED
  __malloc_parse_l76_27[0].type ∈
                       {JSMN_OBJECT; JSMN_ARRAY; JSMN_STRING; JSMN_PRIMITIVE} or UNINITIALIZED
                       [0].start ∈ [-1..14] or UNINITIALIZED
                       [0].end ∈ [-1..2147483647] or UNINITIALIZED
                       [0].size ∈ [0..2147483647] or UNINITIALIZED
                       [1].type ∈
                       {JSMN_OBJECT; JSMN_ARRAY; JSMN_STRING; JSMN_PRIMITIVE} or UNINITIALIZED
                       [1].start ∈ [-1..14] or UNINITIALIZED
                       [1].end ∈ [-1..2147483647] or UNINITIALIZED
                       [1].size ∈ [0..2147483647] or UNINITIALIZED
  __malloc_parse_l76_28[0].type ∈
                       {JSMN_OBJECT; JSMN_ARRAY; JSMN_STRING; JSMN_PRIMITIVE} or UNINITIALIZED
                       [0].start ∈ [-1..14] or UNINITIALIZED
                       [0].end ∈ [-1..2147483647] or UNINITIALIZED
                       [0].size ∈ [0..2147483647] or UNINITIALIZED
                       [1].type ∈
                       {JSMN_OBJECT; JSMN_ARRAY; JSMN_STRING; JSMN_PRIMITIVE} or UNINITIALIZED
                       [1].start ∈ [-1..14] or UNINITIALIZED
                       [1].end ∈ [-1..2147483647] or UNINITIALIZED
                       [1].size ∈ [0..2147483647] or UNINITIALIZED
  __malloc_parse_l76_29[0].type ∈ [1..2147483647] or UNINITIALIZED
                       [0]{.start; .end} ∈
                       [-1..2147483647] or UNINITIALIZED
                       [0].size ∈ [0..2147483647] or UNINITIALIZED
                       [1].type ∈ [1..2147483647] or UNINITIALIZED
                       [1]{.start; .end} ∈
                       [-1..2147483647] or UNINITIALIZED
                       [1].size ∈ [0..2147483647] or UNINITIALIZED
                       [2].type ∈
                       {JSMN_OBJECT; JSMN_ARRAY; JSMN_STRING; JSMN_PRIMITIVE} or UNINITIALIZED
                       [2].start ∈ [-1..14] or UNINITIALIZED
                       [2].end ∈ [-1..2147483647] or UNINITIALIZED
                       [2].size ∈ [0..2147483647] or UNINITIALIZED
  __malloc_parse_l76_30[0].type ∈ [1..2147483647] or UNINITIALIZED
                       [0]{.start; .end} ∈
                       [-1..2147483647] or UNINITIALIZED
                       [0].size ∈ [0..2147483647] or UNINITIALIZED
                       [1].type ∈ [1..2147483647] or UNINITIALIZED
                       [1]{.start; .end} ∈
                       [-1..2147483647] or UNINITIALIZED
                       [1].size ∈ [0..2147483647] or UNINITIALIZED
                       [2].type ∈
                       {JSMN_OBJECT; JSMN_ARRAY; JSMN_STRING; JSMN_PRIMITIVE} or UNINITIALIZED
                       [2]{.start; .end} ∈ [-1..16] or UNINITIALIZED
                       [2].size ∈ [0..2147483647] or UNINITIALIZED
  __malloc_parse_l76_31[0].type ∈
                       {JSMN_OBJECT; JSMN_ARRAY; JSMN_STRING; JSMN_PRIMITIVE} or UNINITIALIZED
                       [0].start ∈ [-1..14] or UNINITIALIZED
                       [0].end ∈ [-1..2147483647] or UNINITIALIZED
                       [0].size ∈ [0..2147483647] or UNINITIALIZED
                       [1].type ∈
                       {JSMN_OBJECT; JSMN_ARRAY; JSMN_STRING; JSMN_PRIMITIVE} or UNINITIALIZED
                       [1].start ∈ [-1..14] or UNINITIALIZED
                       [1].end ∈ [-1..2147483647] or UNINITIALIZED
                       [1].size ∈ [0..2147483647] or UNINITIALIZED
                       [2].type ∈
                       {JSMN_OBJECT; JSMN_ARRAY; JSMN_STRING; JSMN_PRIMITIVE} or UNINITIALIZED
                       [2].start ∈ [-1..14] or UNINITIALIZED
                       [2].end ∈ [-1..2147483647] or UNINITIALIZED
                       [2].size ∈ [0..2147483647] or UNINITIALIZED
  __malloc_parse_l76_32[0].type ∈ [1..2147483647] or UNINITIALIZED
                       [0]{.start; .end} ∈
                       [-1..2147483647] or UNINITIALIZED
                       [0].size ∈ [0..2147483647] or UNINITIALIZED
                       [1].type ∈ [1..2147483647] or UNINITIALIZED
                       [1]{.start; .end} ∈
                       [-1..2147483647] or UNINITIALIZED
                       [1].size ∈ [0..2147483647] or UNINITIALIZED
                       [2].type ∈
                       {JSMN_OBJECT; JSMN_ARRAY; JSMN_STRING; JSMN_PRIMITIVE} or UNINITIALIZED
                       [2]{.start; .end} ∈ [-1..16] or UNINITIALIZED
                       [2].size ∈ [0..2147483647] or UNINITIALIZED
  __malloc_parse_l76_33[0].type ∈
                       {JSMN_OBJECT; JSMN_ARRAY; JSMN_STRING; JSMN_PRIMITIVE} or UNINITIALIZED
                       [0].start ∈ [-1..2147483647] or UNINITIALIZED
                       [0].end ∈ [-1..16] or UNINITIALIZED
                       [0].size ∈ [0..2147483647] or UNINITIALIZED
                       [1].type ∈
                       {JSMN_OBJECT; JSMN_ARRAY; JSMN_STRING; JSMN_PRIMITIVE} or UNINITIALIZED
                       [1].start ∈ [-1..2147483647] or UNINITIALIZED
                       [1].end ∈ [-1..16] or UNINITIALIZED
                       [1].size ∈ [0..2147483647] or UNINITIALIZED
                       [2].type ∈
                       {JSMN_OBJECT; JSMN_ARRAY; JSMN_STRING; JSMN_PRIMITIVE} or UNINITIALIZED
                       [2]{.start; .end} ∈ [-1..16] or UNINITIALIZED
                       [2].size ∈ [0..2147483647] or UNINITIALIZED
                       [3].type ∈
                       {JSMN_OBJECT; JSMN_ARRAY; JSMN_STRING; JSMN_PRIMITIVE} or UNINITIALIZED
                       [3].start ∈ [-1..16] or UNINITIALIZED
                       [3].end ∈ [-1..2147483647] or UNINITIALIZED
                       [3].size ∈ [0..2147483647] or UNINITIALIZED
[eva:final-states] Values at end of function test_array:
  __fc_heap_status ∈ [--..--]
  __retres ∈ {0; 44; 45}
  S___fc_stdout[0..1] ∈ [--..--]
  __malloc_parse_l76_7[0].type ∈
                      {JSMN_ARRAY; JSMN_PRIMITIVE} or UNINITIALIZED
                      [0]{.start; .end} ∈ [-1..2147483647] or UNINITIALIZED
                      [0].size ∈ [0..2147483647] or UNINITIALIZED
                      [1].type ∈
                      {JSMN_ARRAY; JSMN_PRIMITIVE} or UNINITIALIZED
                      [1]{.start; .end} ∈ [-1..2147483647] or UNINITIALIZED
                      [1].size ∈ [0..2147483647] or UNINITIALIZED
  __malloc_parse_l76_8[0].type ∈ [1..2147483647] or UNINITIALIZED
                      [0].start ∈ [-1..2147483647] or UNINITIALIZED
                      [0].end ∈ [-1..8] or UNINITIALIZED
                      [0].size ∈ [0..2147483647] or UNINITIALIZED
                      [1].type ∈ [1..2147483647] or UNINITIALIZED
                      [1].start ∈ [-1..2147483647] or UNINITIALIZED
                      [1].end ∈ [-1..8] or UNINITIALIZED
                      [1].size ∈ [0..2147483647] or UNINITIALIZED
                      [2].type ∈
                      {JSMN_OBJECT; JSMN_STRING; JSMN_PRIMITIVE} or UNINITIALIZED
                      [2].start ∈ [-1..8] or UNINITIALIZED
                      [2].end ∈ {-1; 1; 2; 3; 4; 5; 6; 7} or UNINITIALIZED
                      [2].size ∈ [0..2147483647] or UNINITIALIZED
[eva:final-states] Values at end of function test_empty:
  __fc_heap_status ∈ [--..--]
  __retres ∈ {0; 10; 11; 12}
  S___fc_stdout[0..1] ∈ [--..--]
  __malloc_parse_l76.type ∈ {JSMN_OBJECT} or UNINITIALIZED
                    .start ∈ {-1; 0; 1} or UNINITIALIZED
                    .end ∈ {-1; 1; 2} or UNINITIALIZED
                    .size ∈ [0..2147483647] or UNINITIALIZED
  __malloc_parse_l76_0.type ∈ {JSMN_ARRAY} or UNINITIALIZED
                      .start ∈ {-1; 0; 1} or UNINITIALIZED
                      .end ∈ {-1; 1; 2} or UNINITIALIZED
                      .size ∈ [0..2147483647] or UNINITIALIZED
  __malloc_parse_l76_1[0].type ∈ {JSMN_OBJECT; JSMN_ARRAY} or UNINITIALIZED
                      [0].start ∈ [-1..2147483647] or UNINITIALIZED
                      [0].end ∈ {-1; 1; 2; 3; 4; 5; 6; 7} or UNINITIALIZED
                      [0].size ∈ [0..2147483647] or UNINITIALIZED
                      [1].type ∈ {JSMN_OBJECT; JSMN_ARRAY} or UNINITIALIZED
                      [1].start ∈ [-1..2147483647] or UNINITIALIZED
                      [1].end ∈ {-1; 1; 2; 3; 4; 5; 6; 7} or UNINITIALIZED
                      [1].size ∈ [0..2147483647] or UNINITIALIZED
                      [2].type ∈ {JSMN_OBJECT; JSMN_ARRAY} or UNINITIALIZED
                      [2].start ∈
                      {-1; 0; 1; 2; 3; 4; 5; 6} or UNINITIALIZED
                      [2].end ∈ {-1; 1; 2; 3; 4; 5; 6; 7} or UNINITIALIZED
                      [2].size ∈ [0..2147483647] or UNINITIALIZED
[eva:final-states] Values at end of function test_issue_27:
  __fc_heap_status ∈ [--..--]
  js ∈
    {{ "{ \"name\" : \"Jack\", \"age\" : 27 } { \"name\" : \"Anna\", " }}
  __retres ∈ {0; 182}
  S___fc_stdout[0..1] ∈ [--..--]
  __malloc_parse_l76_24[0].type ∈
                       {JSMN_OBJECT; JSMN_ARRAY; JSMN_STRING; JSMN_PRIMITIVE} or UNINITIALIZED
                       [0].start ∈ [-1..2147483647] or UNINITIALIZED
                       [0].end ∈ [-1..51] or UNINITIALIZED
                       [0].size ∈ [0..2147483647] or UNINITIALIZED
                       [1].type ∈
                       {JSMN_OBJECT; JSMN_ARRAY; JSMN_STRING; JSMN_PRIMITIVE} or UNINITIALIZED
                       [1].start ∈ [-1..2147483647] or UNINITIALIZED
                       [1].end ∈ [-1..51] or UNINITIALIZED
                       [1].size ∈ [0..2147483647] or UNINITIALIZED
                       [2].type ∈
                       {JSMN_OBJECT; JSMN_ARRAY; JSMN_STRING; JSMN_PRIMITIVE} or UNINITIALIZED
                       [2]{.start; .end} ∈ [-1..51] or UNINITIALIZED
                       [2].size ∈ [0..2147483647] or UNINITIALIZED
                       [3].type ∈
                       {JSMN_OBJECT; JSMN_ARRAY; JSMN_STRING; JSMN_PRIMITIVE} or UNINITIALIZED
                       [3].start ∈ [-1..51] or UNINITIALIZED
                       [3].end ∈ [-1..2147483647] or UNINITIALIZED
                       [3].size ∈ [0..2147483647] or UNINITIALIZED
                       [4].type ∈
                       {JSMN_OBJECT; JSMN_ARRAY; JSMN_STRING; JSMN_PRIMITIVE} or UNINITIALIZED
                       [4].start ∈ [-1..51] or UNINITIALIZED
                       [4].end ∈ [-1..2147483647] or UNINITIALIZED
                       [4].size ∈ [0..2147483647] or UNINITIALIZED
                       [5].type ∈
                       {JSMN_OBJECT; JSMN_ARRAY; JSMN_STRING; JSMN_PRIMITIVE} or UNINITIALIZED
                       [5].start ∈ [-1..51] or UNINITIALIZED
                       [5].end ∈ [-1..2147483647] or UNINITIALIZED
                       [5].size ∈ [0..2147483647] or UNINITIALIZED
                       [6].type ∈
                       {JSMN_OBJECT; JSMN_ARRAY; JSMN_STRING; JSMN_PRIMITIVE} or UNINITIALIZED
                       [6].start ∈ [-1..51] or UNINITIALIZED
                       [6].end ∈ [-1..2147483647] or UNINITIALIZED
                       [6].size ∈ [0..2147483647] or UNINITIALIZED
                       [7].type ∈
                       {JSMN_OBJECT; JSMN_ARRAY; JSMN_STRING; JSMN_PRIMITIVE} or UNINITIALIZED
                       [7].start ∈ [-1..51] or UNINITIALIZED
                       [7].end ∈ [-1..2147483647] or UNINITIALIZED
                       [7].size ∈ [0..2147483647] or UNINITIALIZED
[eva:final-states] Values at end of function test_nonstrict:
  __fc_heap_status ∈ [--..--]
  js ∈
    {{ "a: 0garbage" ; "Day : 26\nMonth : Sep\n\nYear: 12" ;
       "\"key {1\": 1234" }}
  __retres ∈ {0; 253; 256; 260}
  S___fc_stdout[0..1] ∈ [--..--]
  __malloc_parse_l76_25[0].type ∈ {JSMN_PRIMITIVE} or UNINITIALIZED
                       [0]{.start; .end} ∈
                       [-1..2147483647] or UNINITIALIZED
                       [0].size ∈ [0..2147483647] or UNINITIALIZED
                       [1].type ∈ {JSMN_PRIMITIVE} or UNINITIALIZED
                       [1]{.start; .end} ∈
                       [-1..2147483647] or UNINITIALIZED
                       [1].size ∈ [0..2147483647] or UNINITIALIZED
  __malloc_parse_l76_26[0].type ∈
                       {JSMN_ARRAY; JSMN_STRING; JSMN_PRIMITIVE} or UNINITIALIZED
                       [0].start ∈ [-1..30] or UNINITIALIZED
                       [0].end ∈ [-1..2147483647] or UNINITIALIZED
                       [0].size ∈ [0..2147483647] or UNINITIALIZED
                       [1].type ∈
                       {JSMN_ARRAY; JSMN_STRING; JSMN_PRIMITIVE} or UNINITIALIZED
                       [1].start ∈ [-1..30] or UNINITIALIZED
                       [1].end ∈ [-1..2147483647] or UNINITIALIZED
                       [1].size ∈ [0..2147483647] or UNINITIALIZED
                       [2].type ∈
                       {JSMN_ARRAY; JSMN_STRING; JSMN_PRIMITIVE} or UNINITIALIZED
                       [2].start ∈ [-1..30] or UNINITIALIZED
                       [2].end ∈ [-1..2147483647] or UNINITIALIZED
                       [2].size ∈ [0..2147483647] or UNINITIALIZED
                       [3].type ∈
                       {JSMN_ARRAY; JSMN_STRING; JSMN_PRIMITIVE} or UNINITIALIZED
                       [3].start ∈ [-1..30] or UNINITIALIZED
                       [3].end ∈ [-1..2147483647] or UNINITIALIZED
                       [3].size ∈ [0..2147483647] or UNINITIALIZED
                       [4].type ∈
                       {JSMN_ARRAY; JSMN_STRING; JSMN_PRIMITIVE} or UNINITIALIZED
                       [4].start ∈ [-1..30] or UNINITIALIZED
                       [4].end ∈ [-1..2147483647] or UNINITIALIZED
                       [4].size ∈ [0..2147483647] or UNINITIALIZED
                       [5].type ∈
                       {JSMN_ARRAY; JSMN_STRING; JSMN_PRIMITIVE} or UNINITIALIZED
                       [5].start ∈ [-1..30] or UNINITIALIZED
                       [5].end ∈ [-1..2147483647] or UNINITIALIZED
                       [5].size ∈ [0..2147483647] or UNINITIALIZED
  __malloc_parse_l76_27[0].type ∈
                       {JSMN_OBJECT; JSMN_ARRAY; JSMN_STRING; JSMN_PRIMITIVE} or UNINITIALIZED
                       [0].start ∈ [-1..14] or UNINITIALIZED
                       [0].end ∈ [-1..2147483647] or UNINITIALIZED
                       [0].size ∈ [0..2147483647] or UNINITIALIZED
                       [1].type ∈
                       {JSMN_OBJECT; JSMN_ARRAY; JSMN_STRING; JSMN_PRIMITIVE} or UNINITIALIZED
                       [1].start ∈ [-1..14] or UNINITIALIZED
                       [1].end ∈ [-1..2147483647] or UNINITIALIZED
                       [1].size ∈ [0..2147483647] or UNINITIALIZED
[eva:final-states] Values at end of function test_object:
  __fc_heap_status ∈ [--..--]
  __retres ∈ {0; 17; 18; 19; 20; 21}
  S___fc_stdout[0..1] ∈ [--..--]
  __malloc_parse_l76_2[0].type ∈ [1..2147483647] or UNINITIALIZED
                      [0]{.start; .end} ∈ [-1..2147483647] or UNINITIALIZED
                      [0].size ∈ [0..2147483647] or UNINITIALIZED
                      [1].type ∈ [1..2147483647] or UNINITIALIZED
                      [1]{.start; .end} ∈ [-1..2147483647] or UNINITIALIZED
                      [1].size ∈ [0..2147483647] or UNINITIALIZED
                      [2].type ∈
                      {JSMN_OBJECT; JSMN_STRING; JSMN_PRIMITIVE} or UNINITIALIZED
                      [2].start ∈ [-1..7] or UNINITIALIZED
                      [2].end ∈ {-1; 1; 2; 3; 4; 5; 6; 7} or UNINITIALIZED
                      [2].size ∈ [0..2147483647] or UNINITIALIZED
  __malloc_parse_l76_3[0].type ∈ [1..2147483647] or UNINITIALIZED
                      [0]{.start; .end} ∈ [-1..2147483647] or UNINITIALIZED
                      [0].size ∈ [0..2147483647] or UNINITIALIZED
                      [1].type ∈ [1..2147483647] or UNINITIALIZED
                      [1]{.start; .end} ∈ [-1..2147483647] or UNINITIALIZED
                      [1].size ∈ [0..2147483647] or UNINITIALIZED
                      [2].type ∈
                      {JSMN_OBJECT; JSMN_ARRAY; JSMN_STRING; JSMN_PRIMITIVE} or UNINITIALIZED
                      [2]{.start; .end} ∈ [-1..8] or UNINITIALIZED
                      [2].size ∈ [0..2147483647] or UNINITIALIZED
  __malloc_parse_l76_4[0].type ∈ [1..2147483647] or UNINITIALIZED
                      [0]{.start; .end} ∈ [-1..2147483647] or UNINITIALIZED
                      [0].size ∈ [0..2147483647] or UNINITIALIZED
                      [1].type ∈ [1..2147483647] or UNINITIALIZED
                      [1]{.start; .end} ∈ [-1..2147483647] or UNINITIALIZED
                      [1].size ∈ [0..2147483647] or UNINITIALIZED
                      [2].type ∈
                      {JSMN_OBJECT; JSMN_STRING; JSMN_PRIMITIVE} or UNINITIALIZED
                      [2]{.start; .end} ∈ [-1..16] or UNINITIALIZED
                      [2].size ∈ [0..2147483647] or UNINITIALIZED
                      [3].type ∈
                      {JSMN_OBJECT; JSMN_STRING; JSMN_PRIMITIVE} or UNINITIALIZED
                      [3].start ∈ [-1..16] or UNINITIALIZED
                      [3].end ∈ [-1..2147483647] or UNINITIALIZED
                      [3].size ∈ [0..2147483647] or UNINITIALIZED
                      [4].type ∈
                      {JSMN_OBJECT; JSMN_STRING; JSMN_PRIMITIVE} or UNINITIALIZED
                      [4].start ∈ [-1..16] or UNINITIALIZED
                      [4].end ∈ [-1..2147483647] or UNINITIALIZED
                      [4].size ∈ [0..2147483647] or UNINITIALIZED
  __malloc_parse_l76_5[0].type ∈
                      {JSMN_OBJECT; JSMN_ARRAY; JSMN_STRING; JSMN_PRIMITIVE} or UNINITIALIZED
                      [0].start ∈ [-1..2147483647] or UNINITIALIZED
                      [0].end ∈ [-1..43] or UNINITIALIZED
                      [0].size ∈ [0..2147483647] or UNINITIALIZED
                      [1].type ∈
                      {JSMN_OBJECT; JSMN_ARRAY; JSMN_STRING; JSMN_PRIMITIVE} or UNINITIALIZED
                      [1].start ∈ [-1..2147483647] or UNINITIALIZED
                      [1].end ∈ [-1..43] or UNINITIALIZED
                      [1].size ∈ [0..2147483647] or UNINITIALIZED
                      [2].type ∈
                      {JSMN_OBJECT; JSMN_ARRAY; JSMN_STRING; JSMN_PRIMITIVE} or UNINITIALIZED
                      [2]{.start; .end} ∈ [-1..43] or UNINITIALIZED
                      [2].size ∈ [0..2147483647] or UNINITIALIZED
                      [3].type ∈
                      {JSMN_OBJECT; JSMN_ARRAY; JSMN_STRING; JSMN_PRIMITIVE} or UNINITIALIZED
                      [3].start ∈ [-1..43] or UNINITIALIZED
                      [3].end ∈ [-1..2147483647] or UNINITIALIZED
                      [3].size ∈ [0..2147483647] or UNINITIALIZED
                      [4].type ∈
                      {JSMN_OBJECT; JSMN_ARRAY; JSMN_STRING; JSMN_PRIMITIVE} or UNINITIALIZED
                      [4].start ∈ [-1..43] or UNINITIALIZED
                      [4].end ∈ [-1..2147483647] or UNINITIALIZED
                      [4].size ∈ [0..2147483647] or UNINITIALIZED
                      [5].type ∈
                      {JSMN_OBJECT; JSMN_ARRAY; JSMN_STRING; JSMN_PRIMITIVE} or UNINITIALIZED
                      [5].start ∈ [-1..43] or UNINITIALIZED
                      [5].end ∈ [-1..2147483647] or UNINITIALIZED
                      [5].size ∈ [0..2147483647] or UNINITIALIZED
                      [6].type ∈
                      {JSMN_OBJECT; JSMN_ARRAY; JSMN_STRING; JSMN_PRIMITIVE} or UNINITIALIZED
                      [6].start ∈ [-1..43] or UNINITIALIZED
                      [6].end ∈ [-1..2147483647] or UNINITIALIZED
                      [6].size ∈ [0..2147483647] or UNINITIALIZED
  __malloc_parse_l76_6[0].type ∈ [1..2147483647] or UNINITIALIZED
                      [0]{.start; .end} ∈ [-1..2147483647] or UNINITIALIZED
                      [0].size ∈ [0..2147483647] or UNINITIALIZED
                      [1].type ∈ [1..2147483647] or UNINITIALIZED
                      [1]{.start; .end} ∈ [-1..2147483647] or UNINITIALIZED
                      [1].size ∈ [0..2147483647] or UNINITIALIZED
                      [2].type ∈
                      {JSMN_OBJECT; JSMN_ARRAY; JSMN_STRING; JSMN_PRIMITIVE} or UNINITIALIZED
                      [2]{.start; .end} ∈ [-1..18] or UNINITIALIZED
                      [2].size ∈ [0..2147483647] or UNINITIALIZED
                      [3].type ∈
                      {JSMN_OBJECT; JSMN_ARRAY; JSMN_STRING; JSMN_PRIMITIVE} or UNINITIALIZED
                      [3].start ∈ [-1..18] or UNINITIALIZED
                      [3].end ∈ [-1..2147483647] or UNINITIALIZED
                      [3].size ∈ [0..2147483647] or UNINITIALIZED
                      [4].type ∈
                      {JSMN_OBJECT; JSMN_ARRAY; JSMN_STRING; JSMN_PRIMITIVE} or UNINITIALIZED
                      [4].start ∈ [-1..18] or UNINITIALIZED
                      [4].end ∈ [-1..2147483647] or UNINITIALIZED
                      [4].size ∈ [0..2147483647] or UNINITIALIZED
[eva:final-states] Values at end of function test_primitive:
  __fc_heap_status ∈ [--..--]
  __retres ∈ {0; 52; 53; 54; 55; 56}
  S___fc_stdout[0..1] ∈ [--..--]
  __malloc_parse_l76_9[0].type ∈ [1..2147483647] or UNINITIALIZED
                      [0]{.start; .end} ∈ [-1..2147483647] or UNINITIALIZED
                      [0].size ∈ [0..2147483647] or UNINITIALIZED
                      [1].type ∈ [1..2147483647] or UNINITIALIZED
                      [1]{.start; .end} ∈ [-1..2147483647] or UNINITIALIZED
                      [1].size ∈ [0..2147483647] or UNINITIALIZED
                      [2].type ∈
                      {JSMN_OBJECT; JSMN_ARRAY; JSMN_STRING; JSMN_PRIMITIVE} or UNINITIALIZED
                      [2]{.start; .end} ∈ [-1..19] or UNINITIALIZED
                      [2].size ∈ [0..2147483647] or UNINITIALIZED
  __malloc_parse_l76_10[0].type ∈ [1..2147483647] or UNINITIALIZED
                       [0]{.start; .end} ∈
                       [-1..2147483647] or UNINITIALIZED
                       [0].size ∈ [0..2147483647] or UNINITIALIZED
                       [1].type ∈ [1..2147483647] or UNINITIALIZED
                       [1]{.start; .end} ∈
                       [-1..2147483647] or UNINITIALIZED
                       [1].size ∈ [0..2147483647] or UNINITIALIZED
                       [2].type ∈
                       {JSMN_OBJECT; JSMN_ARRAY; JSMN_STRING; JSMN_PRIMITIVE} or UNINITIALIZED
                       [2]{.start; .end} ∈ [-1..20] or UNINITIALIZED
                       [2].size ∈ [0..2147483647] or UNINITIALIZED
  __malloc_parse_l76_11[0].type ∈ [1..2147483647] or UNINITIALIZED
                       [0]{.start; .end} ∈
                       [-1..2147483647] or UNINITIALIZED
                       [0].size ∈ [0..2147483647] or UNINITIALIZED
                       [1].type ∈ [1..2147483647] or UNINITIALIZED
                       [1]{.start; .end} ∈
                       [-1..2147483647] or UNINITIALIZED
                       [1].size ∈ [0..2147483647] or UNINITIALIZED
                       [2].type ∈
                       {JSMN_OBJECT; JSMN_ARRAY; JSMN_STRING; JSMN_PRIMITIVE} or UNINITIALIZED
                       [2]{.start; .end} ∈ [-1..19] or UNINITIALIZED
                       [2].size ∈ [0..2147483647] or UNINITIALIZED
  __malloc_parse_l76_12[0].type ∈ [1..2147483647] or UNINITIALIZED
                       [0]{.start; .end} ∈
                       [-1..2147483647] or UNINITIALIZED
                       [0].size ∈ [0..2147483647] or UNINITIALIZED
                       [1].type ∈ [1..2147483647] or UNINITIALIZED
                       [1]{.start; .end} ∈
                       [-1..2147483647] or UNINITIALIZED
                       [1].size ∈ [0..2147483647] or UNINITIALIZED
                       [2].type ∈
                       {JSMN_OBJECT; JSMN_ARRAY; JSMN_STRING; JSMN_PRIMITIVE} or UNINITIALIZED
                       [2]{.start; .end} ∈ [-1..15] or UNINITIALIZED
                       [2].size ∈ [0..2147483647] or UNINITIALIZED
  __malloc_parse_l76_13[0].type ∈ [1..2147483647] or UNINITIALIZED
                       [0]{.start; .end} ∈
                       [-1..2147483647] or UNINITIALIZED
                       [0].size ∈ [0..2147483647] or UNINITIALIZED
                       [1].type ∈ [1..2147483647] or UNINITIALIZED
                       [1]{.start; .end} ∈
                       [-1..2147483647] or UNINITIALIZED
                       [1].size ∈ [0..2147483647] or UNINITIALIZED
                       [2].type ∈
                       {JSMN_OBJECT; JSMN_ARRAY; JSMN_STRING; JSMN_PRIMITIVE} or UNINITIALIZED
                       [2]{.start; .end} ∈ [-1..21] or UNINITIALIZED
                       [2].size ∈ [0..2147483647] or UNINITIALIZED
[eva:final-states] Values at end of function test_string:
  __fc_heap_status ∈ [--..--]
  __retres ∈ [0..71]
  S___fc_stdout[0..1] ∈ [--..--]
  __malloc_parse_l76_14[0].type ∈ [1..2147483647] or UNINITIALIZED
                       [0]{.start; .end} ∈
                       [-1..2147483647] or UNINITIALIZED
                       [0].size ∈ [0..2147483647] or UNINITIALIZED
                       [1].type ∈ [1..2147483647] or UNINITIALIZED
                       [1]{.start; .end} ∈
                       [-1..2147483647] or UNINITIALIZED
                       [1].size ∈ [0..2147483647] or UNINITIALIZED
                       [2].type ∈
                       {JSMN_OBJECT; JSMN_ARRAY; JSMN_STRING; JSMN_PRIMITIVE} or UNINITIALIZED
                       [2]{.start; .end} ∈ [-1..26] or UNINITIALIZED
                       [2].size ∈ [0..2147483647] or UNINITIALIZED
  __malloc_parse_l76_15[0].type ∈ [1..2147483647] or UNINITIALIZED
                       [0]{.start; .end} ∈
                       [-1..2147483647] or UNINITIALIZED
                       [0].size ∈ [0..2147483647] or UNINITIALIZED
                       [1].type ∈ [1..2147483647] or UNINITIALIZED
                       [1]{.start; .end} ∈
                       [-1..2147483647] or UNINITIALIZED
                       [1].size ∈ [0..2147483647] or UNINITIALIZED
                       [2].type ∈
                       {JSMN_OBJECT; JSMN_ARRAY; JSMN_STRING; JSMN_PRIMITIVE} or UNINITIALIZED
                       [2]{.start; .end} ∈ [-1..40] or UNINITIALIZED
                       [2].size ∈ [0..2147483647] or UNINITIALIZED
  __malloc_parse_l76_16[0].type ∈ [1..2147483647] or UNINITIALIZED
                       [0]{.start; .end} ∈
                       [-1..2147483647] or UNINITIALIZED
                       [0].size ∈ [0..2147483647] or UNINITIALIZED
                       [1].type ∈ [1..2147483647] or UNINITIALIZED
                       [1]{.start; .end} ∈
                       [-1..2147483647] or UNINITIALIZED
                       [1].size ∈ [0..2147483647] or UNINITIALIZED
                       [2].type ∈
                       {JSMN_OBJECT; JSMN_ARRAY; JSMN_STRING; JSMN_PRIMITIVE} or UNINITIALIZED
                       [2]{.start; .end} ∈ [-1..14] or UNINITIALIZED
                       [2].size ∈ [0..2147483647] or UNINITIALIZED
  __malloc_parse_l76_17[0].type ∈ [1..2147483647] or UNINITIALIZED
                       [0]{.start; .end} ∈
                       [-1..2147483647] or UNINITIALIZED
                       [0].size ∈ [0..2147483647] or UNINITIALIZED
                       [1].type ∈ [1..2147483647] or UNINITIALIZED
                       [1]{.start; .end} ∈
                       [-1..2147483647] or UNINITIALIZED
                       [1].size ∈ [0..2147483647] or UNINITIALIZED
                       [2].type ∈
                       {JSMN_OBJECT; JSMN_ARRAY; JSMN_STRING; JSMN_PRIMITIVE} or UNINITIALIZED
                       [2]{.start; .end} ∈ [-1..14] or UNINITIALIZED
                       [2].size ∈ [0..2147483647] or UNINITIALIZED
  __malloc_parse_l76_18[0].type ∈ [1..2147483647] or UNINITIALIZED
                       [0]{.start; .end} ∈
                       [-1..2147483647] or UNINITIALIZED
                       [0].size ∈ [0..2147483647] or UNINITIALIZED
                       [1].type ∈ [1..2147483647] or UNINITIALIZED
                       [1]{.start; .end} ∈
                       [-1..2147483647] or UNINITIALIZED
                       [1].size ∈ [0..2147483647] or UNINITIALIZED
                       [2].type ∈
                       {JSMN_OBJECT; JSMN_ARRAY; JSMN_STRING; JSMN_PRIMITIVE} or UNINITIALIZED
                       [2]{.start; .end} ∈ [-1..17] or UNINITIALIZED
                       [2].size ∈ [0..2147483647] or UNINITIALIZED
  __malloc_parse_l76_19[0].type ∈ [1..2147483647] or UNINITIALIZED
                       [0]{.start; .end} ∈
                       [-1..2147483647] or UNINITIALIZED
                       [0].size ∈ [0..2147483647] or UNINITIALIZED
                       [1].type ∈ [1..2147483647] or UNINITIALIZED
                       [1]{.start; .end} ∈
                       [-1..2147483647] or UNINITIALIZED
                       [1].size ∈ [0..2147483647] or UNINITIALIZED
                       [2].type ∈
                       {JSMN_OBJECT; JSMN_ARRAY; JSMN_STRING; JSMN_PRIMITIVE} or UNINITIALIZED
                       [2]{.start; .end} ∈ [-1..17] or UNINITIALIZED
                       [2].size ∈ [0..2147483647] or UNINITIALIZED
  __malloc_parse_l76_20[0].type ∈ [1..2147483647] or UNINITIALIZED
                       [0]{.start; .end} ∈
                       [-1..2147483647] or UNINITIALIZED
                       [0].size ∈ [0..2147483647] or UNINITIALIZED
                       [1].type ∈ [1..2147483647] or UNINITIALIZED
                       [1]{.start; .end} ∈
                       [-1..2147483647] or UNINITIALIZED
                       [1].size ∈ [0..2147483647] or UNINITIALIZED
                       [2].type ∈
                       {JSMN_OBJECT; JSMN_ARRAY; JSMN_STRING; JSMN_PRIMITIVE} or UNINITIALIZED
                       [2]{.start; .end} ∈ [-1..16] or UNINITIALIZED
                       [2].size ∈ [0..2147483647] or UNINITIALIZED
                       [3].type ∈
                       {JSMN_OBJECT; JSMN_ARRAY; JSMN_STRING; JSMN_PRIMITIVE} or UNINITIALIZED
                       [3].start ∈ [-1..16] or UNINITIALIZED
                       [3].end ∈ [-1..2147483647] or UNINITIALIZED
                       [3].size ∈ [0..2147483647] or UNINITIALIZED
  __malloc_parse_l76_21[0].type ∈ [1..2147483647] or UNINITIALIZED
                       [0]{.start; .end} ∈
                       [-1..2147483647] or UNINITIALIZED
                       [0].size ∈ [0..2147483647] or UNINITIALIZED
                       [1].type ∈ [1..2147483647] or UNINITIALIZED
                       [1]{.start; .end} ∈
                       [-1..2147483647] or UNINITIALIZED
                       [1].size ∈ [0..2147483647] or UNINITIALIZED
                       [2].type ∈
                       {JSMN_OBJECT; JSMN_ARRAY; JSMN_STRING; JSMN_PRIMITIVE} or UNINITIALIZED
                       [2]{.start; .end} ∈ [-1..20] or UNINITIALIZED
                       [2].size ∈ [0..2147483647] or UNINITIALIZED
  __malloc_parse_l76_22[0].type ∈ [1..2147483647] or UNINITIALIZED
                       [0]{.start; .end} ∈
                       [-1..2147483647] or UNINITIALIZED
                       [0].size ∈ [0..2147483647] or UNINITIALIZED
                       [1].type ∈ [1..2147483647] or UNINITIALIZED
                       [1]{.start; .end} ∈
                       [-1..2147483647] or UNINITIALIZED
                       [1].size ∈ [0..2147483647] or UNINITIALIZED
                       [2].type ∈
                       {JSMN_OBJECT; JSMN_ARRAY; JSMN_STRING; JSMN_PRIMITIVE} or UNINITIALIZED
                       [2]{.start; .end} ∈ [-1..17] or UNINITIALIZED
                       [2].size ∈ [0..2147483647] or UNINITIALIZED
  __malloc_parse_l76_23[0].type ∈
                       {JSMN_OBJECT; JSMN_ARRAY; JSMN_STRING; JSMN_PRIMITIVE} or UNINITIALIZED
                       [0].start ∈ [-1..2147483647] or UNINITIALIZED
                       [0].end ∈ [-1..16] or UNINITIALIZED
                       [0].size ∈ [0..2147483647] or UNINITIALIZED
                       [1].type ∈
                       {JSMN_OBJECT; JSMN_ARRAY; JSMN_STRING; JSMN_PRIMITIVE} or UNINITIALIZED
                       [1].start ∈ [-1..2147483647] or UNINITIALIZED
                       [1].end ∈ [-1..16] or UNINITIALIZED
                       [1].size ∈ [0..2147483647] or UNINITIALIZED
                       [2].type ∈
                       {JSMN_OBJECT; JSMN_ARRAY; JSMN_STRING; JSMN_PRIMITIVE} or UNINITIALIZED
                       [2]{.start; .end} ∈ [-1..16] or UNINITIALIZED
                       [2].size ∈ [0..2147483647] or UNINITIALIZED
                       [3].type ∈
                       {JSMN_OBJECT; JSMN_ARRAY; JSMN_STRING; JSMN_PRIMITIVE} or UNINITIALIZED
                       [3].start ∈ [-1..16] or UNINITIALIZED
                       [3].end ∈ [-1..2147483647] or UNINITIALIZED
                       [3].size ∈ [0..2147483647] or UNINITIALIZED
[eva:final-states] Values at end of function test_unmatched_brackets:
  __fc_heap_status ∈ [--..--]
  js ∈
    {{ "\"key 1\": 1234}" ; "{\"key 1\": 1234" ; "{\"key 1\": 1234}}" ;
       "\"key 1\"}: 1234" ; "{\"key {1\": 1234}" ; "{{\"key 1\": 1234}" }}
  __retres ∈ {0; 270; 272; 274; 276; 278; 280}
  S___fc_stdout[0..1] ∈ [--..--]
  __malloc_parse_l76_28[0].type ∈
                       {JSMN_OBJECT; JSMN_ARRAY; JSMN_STRING; JSMN_PRIMITIVE} or UNINITIALIZED
                       [0].start ∈ [-1..14] or UNINITIALIZED
                       [0].end ∈ [-1..2147483647] or UNINITIALIZED
                       [0].size ∈ [0..2147483647] or UNINITIALIZED
                       [1].type ∈
                       {JSMN_OBJECT; JSMN_ARRAY; JSMN_STRING; JSMN_PRIMITIVE} or UNINITIALIZED
                       [1].start ∈ [-1..14] or UNINITIALIZED
                       [1].end ∈ [-1..2147483647] or UNINITIALIZED
                       [1].size ∈ [0..2147483647] or UNINITIALIZED
  __malloc_parse_l76_29[0].type ∈ [1..2147483647] or UNINITIALIZED
                       [0]{.start; .end} ∈
                       [-1..2147483647] or UNINITIALIZED
                       [0].size ∈ [0..2147483647] or UNINITIALIZED
                       [1].type ∈ [1..2147483647] or UNINITIALIZED
                       [1]{.start; .end} ∈
                       [-1..2147483647] or UNINITIALIZED
                       [1].size ∈ [0..2147483647] or UNINITIALIZED
                       [2].type ∈
                       {JSMN_OBJECT; JSMN_ARRAY; JSMN_STRING; JSMN_PRIMITIVE} or UNINITIALIZED
                       [2].start ∈ [-1..14] or UNINITIALIZED
                       [2].end ∈ [-1..2147483647] or UNINITIALIZED
                       [2].size ∈ [0..2147483647] or UNINITIALIZED
  __malloc_parse_l76_30[0].type ∈ [1..2147483647] or UNINITIALIZED
                       [0]{.start; .end} ∈
                       [-1..2147483647] or UNINITIALIZED
                       [0].size ∈ [0..2147483647] or UNINITIALIZED
                       [1].type ∈ [1..2147483647] or UNINITIALIZED
                       [1]{.start; .end} ∈
                       [-1..2147483647] or UNINITIALIZED
                       [1].size ∈ [0..2147483647] or UNINITIALIZED
                       [2].type ∈
                       {JSMN_OBJECT; JSMN_ARRAY; JSMN_STRING; JSMN_PRIMITIVE} or UNINITIALIZED
                       [2]{.start; .end} ∈ [-1..16] or UNINITIALIZED
                       [2].size ∈ [0..2147483647] or UNINITIALIZED
  __malloc_parse_l76_31[0].type ∈
                       {JSMN_OBJECT; JSMN_ARRAY; JSMN_STRING; JSMN_PRIMITIVE} or UNINITIALIZED
                       [0].start ∈ [-1..14] or UNINITIALIZED
                       [0].end ∈ [-1..2147483647] or UNINITIALIZED
                       [0].size ∈ [0..2147483647] or UNINITIALIZED
                       [1].type ∈
                       {JSMN_OBJECT; JSMN_ARRAY; JSMN_STRING; JSMN_PRIMITIVE} or UNINITIALIZED
                       [1].start ∈ [-1..14] or UNINITIALIZED
                       [1].end ∈ [-1..2147483647] or UNINITIALIZED
                       [1].size ∈ [0..2147483647] or UNINITIALIZED
                       [2].type ∈
                       {JSMN_OBJECT; JSMN_ARRAY; JSMN_STRING; JSMN_PRIMITIVE} or UNINITIALIZED
                       [2].start ∈ [-1..14] or UNINITIALIZED
                       [2].end ∈ [-1..2147483647] or UNINITIALIZED
                       [2].size ∈ [0..2147483647] or UNINITIALIZED
  __malloc_parse_l76_32[0].type ∈ [1..2147483647] or UNINITIALIZED
                       [0]{.start; .end} ∈
                       [-1..2147483647] or UNINITIALIZED
                       [0].size ∈ [0..2147483647] or UNINITIALIZED
                       [1].type ∈ [1..2147483647] or UNINITIALIZED
                       [1]{.start; .end} ∈
                       [-1..2147483647] or UNINITIALIZED
                       [1].size ∈ [0..2147483647] or UNINITIALIZED
                       [2].type ∈
                       {JSMN_OBJECT; JSMN_ARRAY; JSMN_STRING; JSMN_PRIMITIVE} or UNINITIALIZED
                       [2]{.start; .end} ∈ [-1..16] or UNINITIALIZED
                       [2].size ∈ [0..2147483647] or UNINITIALIZED
  __malloc_parse_l76_33[0].type ∈
                       {JSMN_OBJECT; JSMN_ARRAY; JSMN_STRING; JSMN_PRIMITIVE} or UNINITIALIZED
                       [0].start ∈ [-1..2147483647] or UNINITIALIZED
                       [0].end ∈ [-1..16] or UNINITIALIZED
                       [0].size ∈ [0..2147483647] or UNINITIALIZED
                       [1].type ∈
                       {JSMN_OBJECT; JSMN_ARRAY; JSMN_STRING; JSMN_PRIMITIVE} or UNINITIALIZED
                       [1].start ∈ [-1..2147483647] or UNINITIALIZED
                       [1].end ∈ [-1..16] or UNINITIALIZED
                       [1].size ∈ [0..2147483647] or UNINITIALIZED
                       [2].type ∈
                       {JSMN_OBJECT; JSMN_ARRAY; JSMN_STRING; JSMN_PRIMITIVE} or UNINITIALIZED
                       [2]{.start; .end} ∈ [-1..16] or UNINITIALIZED
                       [2].size ∈ [0..2147483647] or UNINITIALIZED
                       [3].type ∈
                       {JSMN_OBJECT; JSMN_ARRAY; JSMN_STRING; JSMN_PRIMITIVE} or UNINITIALIZED
                       [3].start ∈ [-1..16] or UNINITIALIZED
                       [3].end ∈ [-1..2147483647] or UNINITIALIZED
                       [3].size ∈ [0..2147483647] or UNINITIALIZED
[eva:final-states] Values at end of function tokeq:
  ok ∈ {0; 1}
  args ∈
      {{ &__va_args[0] ; &__va_args[0] ; &__va_args[0] ; &__va_args[0] }}
  S___fc_stdout[0..1] ∈ [--..--]
[eva:final-states] Values at end of function test_array_nomem:
  i ∈ {0; 1; 2; 3; 4; 5; 6}
  r ∈ [-3..2147483647]
  p.pos ∈ [--..--]
   .toknext ∈ [0..2147483647]
   .toksuper ∈ [--..--]
  toksmall[0].type ∈
          {JSMN_UNDEFINED; JSMN_ARRAY; JSMN_STRING; JSMN_PRIMITIVE}
          [0]{.start; .end} ∈ [-1..28]
          [0].size ∈ [0..2147483647]
          [1].type ∈
          {JSMN_UNDEFINED; JSMN_ARRAY; JSMN_STRING; JSMN_PRIMITIVE}
          [1].start ∈ [-1..28]
          [1].end ∈ [-1..2147483647]
          [1].size ∈ [0..2147483647]
          [2].type ∈
          {JSMN_UNDEFINED; JSMN_ARRAY; JSMN_STRING; JSMN_PRIMITIVE}
          [2]{.start; .end} ∈ [-1..28]
          [2].size ∈ [0..2147483647]
          [3].type ∈
          {JSMN_UNDEFINED; JSMN_ARRAY; JSMN_STRING; JSMN_PRIMITIVE}
          [3].start ∈ [-1..28]
          [3].end ∈ [-1..2147483647]
          [3].size ∈ [0..2147483647]
          [4].type ∈
          {JSMN_UNDEFINED; JSMN_ARRAY; JSMN_STRING; JSMN_PRIMITIVE}
          [4].start ∈ [-1..28]
          [4].end ∈ [-1..2147483647]
          [4].size ∈ [0..2147483647]
          [5]{.type; .start; .end} ∈ {0}
          [5].size ∈ [0..2147483647]
          [6]{.type; .start; .end} ∈ {0}
          [6].size ∈ [0..2147483647]
          [7]{.type; .start; .end} ∈ {0}
          [7].size ∈ [0..2147483647]
          [8]{.type; .start; .end} ∈ {0}
          [8].size ∈ [0..2147483647]
          [9]{.type; .start; .end} ∈ {0}
          [9].size ∈ [0..2147483647]
  toklarge[0].type ∈
          {JSMN_UNDEFINED; JSMN_ARRAY; JSMN_STRING; JSMN_PRIMITIVE}
          [0]{.start; .end} ∈ [-1..28]
          [0].size ∈ [0..2147483647]
          [1].type ∈
          {JSMN_UNDEFINED; JSMN_ARRAY; JSMN_STRING; JSMN_PRIMITIVE}
          [1].start ∈ [-1..28]
          [1].end ∈ [-1..2147483647]
          [1].size ∈ [0..2147483647]
          [2].type ∈
          {JSMN_UNDEFINED; JSMN_ARRAY; JSMN_STRING; JSMN_PRIMITIVE}
          [2].start ∈ [-1..28]
          [2].end ∈ [-1..2147483647]
          [2].size ∈ [0..2147483647]
          [3].type ∈
          {JSMN_UNDEFINED; JSMN_ARRAY; JSMN_STRING; JSMN_PRIMITIVE}
          [3].start ∈ [-1..28]
          [3].end ∈ [-1..2147483647]
          [3].size ∈ [0..2147483647]
          [4].type ∈
          {JSMN_UNDEFINED; JSMN_ARRAY; JSMN_STRING; JSMN_PRIMITIVE}
          [4].start ∈ [-1..28]
          [4].end ∈ [-1..2147483647]
          [4].size ∈ [0..2147483647]
          [5].type ∈
          {JSMN_UNDEFINED; JSMN_ARRAY; JSMN_STRING; JSMN_PRIMITIVE}
          [5].start ∈ [-1..28]
          [5].end ∈ [-1..2147483647]
          [5].size ∈ [0..2147483647]
          [6].type ∈
          {JSMN_UNDEFINED; JSMN_ARRAY; JSMN_STRING; JSMN_PRIMITIVE}
          [6].start ∈ [-1..28]
          [6].end ∈ [-1..2147483647]
          [6].size ∈ [0..2147483647]
          [7].type ∈
          {JSMN_UNDEFINED; JSMN_ARRAY; JSMN_STRING; JSMN_PRIMITIVE}
          [7].start ∈ [-1..28]
          [7].end ∈ [-1..2147483647]
          [7].size ∈ [0..2147483647]
          [8].type ∈
          {JSMN_UNDEFINED; JSMN_ARRAY; JSMN_STRING; JSMN_PRIMITIVE}
          [8].start ∈ [-1..28]
          [8].end ∈ [-1..2147483647]
          [8].size ∈ [0..2147483647]
          [9].type ∈
          {JSMN_UNDEFINED; JSMN_ARRAY; JSMN_STRING; JSMN_PRIMITIVE}
          [9].start ∈ [-1..28]
          [9].end ∈ [-1..2147483647]
          [9].size ∈ [0..2147483647]
  js ∈ {{ "  [ 1, true, [123, \"hello\"]]" }}
  __retres ∈ {0; 131; 136; 137}
  S___fc_stdout[0..1] ∈ [--..--]
[eva:final-states] Values at end of function test_input_length:
  js ∈ {{ "{\"a\": 0}garbage" }}
  r ∈ [-3..2147483647]
  p.pos ∈ [0..8]
   .toknext ∈ [0..2147483647]
   .toksuper ∈ [--..--]
  tokens[0].type ∈ [1..2147483647] or UNINITIALIZED
        [0]{.start; .end} ∈ [-1..2147483647] or UNINITIALIZED
        [0].size ∈ [0..2147483647] or UNINITIALIZED
        [1].type ∈ [1..2147483647] or UNINITIALIZED
        [1]{.start; .end} ∈ [-1..2147483647] or UNINITIALIZED
        [1].size ∈ [0..2147483647] or UNINITIALIZED
        [2].type ∈
        {JSMN_OBJECT; JSMN_STRING; JSMN_PRIMITIVE} or UNINITIALIZED
        [2]{.start; .end} ∈ [-1..8] or UNINITIALIZED
        [2].size ∈ [0..2147483647] or UNINITIALIZED
        [3].type ∈
        {JSMN_OBJECT; JSMN_STRING; JSMN_PRIMITIVE} or UNINITIALIZED
        [3].start ∈ [-1..8] or UNINITIALIZED
        [3].end ∈ [-1..2147483647] or UNINITIALIZED
        [3].size ∈ [0..2147483647] or UNINITIALIZED
        [4].type ∈
        {JSMN_OBJECT; JSMN_STRING; JSMN_PRIMITIVE} or UNINITIALIZED
        [4].start ∈ [-1..8] or UNINITIALIZED
        [4].end ∈ [-1..2147483647] or UNINITIALIZED
        [4].size ∈ [0..2147483647] or UNINITIALIZED
        [5].type ∈
        {JSMN_OBJECT; JSMN_STRING; JSMN_PRIMITIVE} or UNINITIALIZED
        [5].start ∈ [-1..8] or UNINITIALIZED
        [5].end ∈ [-1..2147483647] or UNINITIALIZED
        [5].size ∈ [0..2147483647] or UNINITIALIZED
        [6].type ∈
        {JSMN_OBJECT; JSMN_STRING; JSMN_PRIMITIVE} or UNINITIALIZED
        [6].start ∈ [-1..8] or UNINITIALIZED
        [6].end ∈ [-1..2147483647] or UNINITIALIZED
        [6].size ∈ [0..2147483647] or UNINITIALIZED
        [7].type ∈
        {JSMN_OBJECT; JSMN_STRING; JSMN_PRIMITIVE} or UNINITIALIZED
        [7].start ∈ [-1..8] or UNINITIALIZED
        [7].end ∈ [-1..2147483647] or UNINITIALIZED
        [7].size ∈ [0..2147483647] or UNINITIALIZED
        [8].type ∈
        {JSMN_OBJECT; JSMN_STRING; JSMN_PRIMITIVE} or UNINITIALIZED
        [8].start ∈ [-1..8] or UNINITIALIZED
        [8].end ∈ [-1..2147483647] or UNINITIALIZED
        [8].size ∈ [0..2147483647] or UNINITIALIZED
        [9].type ∈
        {JSMN_OBJECT; JSMN_STRING; JSMN_PRIMITIVE} or UNINITIALIZED
        [9].start ∈ [-1..8] or UNINITIALIZED
        [9].end ∈ [-1..2147483647] or UNINITIALIZED
        [9].size ∈ [0..2147483647] or UNINITIALIZED
  __retres ∈ {0; 196; 197}
  S___fc_stdout[0..1] ∈ [--..--]
[eva:final-states] Values at end of function test_partial_string:
  i ∈ [1..2147483647]
  r ∈ [-3..2147483647] or UNINITIALIZED
  p{.pos; .toknext} ∈ [0..2147483647]
   .toksuper ∈ [--..--]
  tok[0].type ∈ [1..2147483647] or UNINITIALIZED
     [0]{.start; .end} ∈ [-1..2147483647] or UNINITIALIZED
     [0].size ∈ [0..2147483647] or UNINITIALIZED
     [1].type ∈ [1..2147483647] or UNINITIALIZED
     [1]{.start; .end} ∈ [-1..2147483647] or UNINITIALIZED
     [1].size ∈ [0..2147483647] or UNINITIALIZED
     [2].type ∈ [1..2147483647] or UNINITIALIZED
     [2]{.start; .end} ∈ [-1..2147483647] or UNINITIALIZED
     [2].size ∈ [0..2147483647] or UNINITIALIZED
     [3].type ∈ [1..2147483647] or UNINITIALIZED
     [3]{.start; .end} ∈ [-1..2147483647] or UNINITIALIZED
     [3].size ∈ [0..2147483647] or UNINITIALIZED
     [4].type ∈ [1..2147483647] or UNINITIALIZED
     [4]{.start; .end} ∈ [-1..2147483647] or UNINITIALIZED
     [4].size ∈ [0..2147483647] or UNINITIALIZED
  js ∈ {{ "{\"x\": \"va\\\\ue\", \"y\": \"value y\"}" }}
  __retres ∈ {0; 86; 87; 89}
  S___fc_stdout[0..1] ∈ [--..--]
[eva:final-states] Values at end of function test_unquoted_keys:
  r ∈ [-3..2147483647]
  p{.pos; .toknext} ∈ [0..2147483647]
   .toksuper ∈ [--..--]
  tok[0].type ∈ {JSMN_ARRAY; JSMN_STRING; JSMN_PRIMITIVE} or UNINITIALIZED
     [0].start ∈ [-1..24] or UNINITIALIZED
     [0].end ∈ [-1..2147483647] or UNINITIALIZED
     [0].size ∈ [0..2147483647] or UNINITIALIZED
     [1].type ∈ {JSMN_ARRAY; JSMN_STRING; JSMN_PRIMITIVE} or UNINITIALIZED
     [1].start ∈ [-1..24] or UNINITIALIZED
     [1].end ∈ [-1..2147483647] or UNINITIALIZED
     [1].size ∈ [0..2147483647] or UNINITIALIZED
     [2].type ∈ {JSMN_ARRAY; JSMN_STRING; JSMN_PRIMITIVE} or UNINITIALIZED
     [2].start ∈ [-1..24] or UNINITIALIZED
     [2].end ∈ [-1..2147483647] or UNINITIALIZED
     [2].size ∈ [0..2147483647] or UNINITIALIZED
     [3].type ∈ {JSMN_ARRAY; JSMN_STRING; JSMN_PRIMITIVE} or UNINITIALIZED
     [3].start ∈ [-1..24] or UNINITIALIZED
     [3].end ∈ [-1..2147483647] or UNINITIALIZED
     [3].size ∈ [0..2147483647] or UNINITIALIZED
     [4].type ∈ {JSMN_ARRAY; JSMN_STRING; JSMN_PRIMITIVE} or UNINITIALIZED
     [4].start ∈ [-1..24] or UNINITIALIZED
     [4].end ∈ [-1..2147483647] or UNINITIALIZED
     [4].size ∈ [0..2147483647] or UNINITIALIZED
     [5].type ∈ {JSMN_ARRAY; JSMN_STRING; JSMN_PRIMITIVE} or UNINITIALIZED
     [5].start ∈ [-1..24] or UNINITIALIZED
     [5].end ∈ [-1..2147483647] or UNINITIALIZED
     [5].size ∈ [0..2147483647] or UNINITIALIZED
     [6].type ∈ {JSMN_ARRAY; JSMN_STRING; JSMN_PRIMITIVE} or UNINITIALIZED
     [6].start ∈ [-1..24] or UNINITIALIZED
     [6].end ∈ [-1..2147483647] or UNINITIALIZED
     [6].size ∈ [0..2147483647] or UNINITIALIZED
     [7].type ∈ {JSMN_ARRAY; JSMN_STRING; JSMN_PRIMITIVE} or UNINITIALIZED
     [7].start ∈ [-1..24] or UNINITIALIZED
     [7].end ∈ [-1..2147483647] or UNINITIALIZED
     [7].size ∈ [0..2147483647] or UNINITIALIZED
     [8].type ∈ {JSMN_ARRAY; JSMN_STRING; JSMN_PRIMITIVE} or UNINITIALIZED
     [8].start ∈ [-1..24] or UNINITIALIZED
     [8].end ∈ [-1..2147483647] or UNINITIALIZED
     [8].size ∈ [0..2147483647] or UNINITIALIZED
     [9].type ∈ {JSMN_ARRAY; JSMN_STRING; JSMN_PRIMITIVE} or UNINITIALIZED
     [9].start ∈ [-1..24] or UNINITIALIZED
     [9].end ∈ [-1..2147483647] or UNINITIALIZED
     [9].size ∈ [0..2147483647] or UNINITIALIZED
  js ∈ {{ "key1: \"value\"\nkey2 : 123" }}
  __retres ∈ {0; 153; 154}
  S___fc_stdout[0..1] ∈ [--..--]
[eva:final-states] Values at end of function test:
  __fc_heap_status ∈ [--..--]
  r ∈ [0..280]
  test_passed ∈ [0..15]
  test_failed ∈ [0..14]
  S___fc_stdout[0..1] ∈ [--..--]
  __malloc_parse_l76.type ∈ {JSMN_OBJECT} or UNINITIALIZED
                    .start ∈ {-1; 0; 1} or UNINITIALIZED
                    .end ∈ {-1; 1; 2} or UNINITIALIZED
                    .size ∈ [0..2147483647] or UNINITIALIZED
  __malloc_parse_l76_0.type ∈ {JSMN_ARRAY} or UNINITIALIZED
                      .start ∈ {-1; 0; 1} or UNINITIALIZED
                      .end ∈ {-1; 1; 2} or UNINITIALIZED
                      .size ∈ [0..2147483647] or UNINITIALIZED
  __malloc_parse_l76_1[0].type ∈ {JSMN_OBJECT; JSMN_ARRAY} or UNINITIALIZED
                      [0].start ∈ [-1..2147483647] or UNINITIALIZED
                      [0].end ∈ {-1; 1; 2; 3; 4; 5; 6; 7} or UNINITIALIZED
                      [0].size ∈ [0..2147483647] or UNINITIALIZED
                      [1].type ∈ {JSMN_OBJECT; JSMN_ARRAY} or UNINITIALIZED
                      [1].start ∈ [-1..2147483647] or UNINITIALIZED
                      [1].end ∈ {-1; 1; 2; 3; 4; 5; 6; 7} or UNINITIALIZED
                      [1].size ∈ [0..2147483647] or UNINITIALIZED
                      [2].type ∈ {JSMN_OBJECT; JSMN_ARRAY} or UNINITIALIZED
                      [2].start ∈
                      {-1; 0; 1; 2; 3; 4; 5; 6} or UNINITIALIZED
                      [2].end ∈ {-1; 1; 2; 3; 4; 5; 6; 7} or UNINITIALIZED
                      [2].size ∈ [0..2147483647] or UNINITIALIZED
  __malloc_parse_l76_2[0].type ∈ [1..2147483647] or UNINITIALIZED
                      [0]{.start; .end} ∈ [-1..2147483647] or UNINITIALIZED
                      [0].size ∈ [0..2147483647] or UNINITIALIZED
                      [1].type ∈ [1..2147483647] or UNINITIALIZED
                      [1]{.start; .end} ∈ [-1..2147483647] or UNINITIALIZED
                      [1].size ∈ [0..2147483647] or UNINITIALIZED
                      [2].type ∈
                      {JSMN_OBJECT; JSMN_STRING; JSMN_PRIMITIVE} or UNINITIALIZED
                      [2].start ∈ [-1..7] or UNINITIALIZED
                      [2].end ∈ {-1; 1; 2; 3; 4; 5; 6; 7} or UNINITIALIZED
                      [2].size ∈ [0..2147483647] or UNINITIALIZED
  __malloc_parse_l76_3[0].type ∈ [1..2147483647] or UNINITIALIZED
                      [0]{.start; .end} ∈ [-1..2147483647] or UNINITIALIZED
                      [0].size ∈ [0..2147483647] or UNINITIALIZED
                      [1].type ∈ [1..2147483647] or UNINITIALIZED
                      [1]{.start; .end} ∈ [-1..2147483647] or UNINITIALIZED
                      [1].size ∈ [0..2147483647] or UNINITIALIZED
                      [2].type ∈
                      {JSMN_OBJECT; JSMN_ARRAY; JSMN_STRING; JSMN_PRIMITIVE} or UNINITIALIZED
                      [2]{.start; .end} ∈ [-1..8] or UNINITIALIZED
                      [2].size ∈ [0..2147483647] or UNINITIALIZED
  __malloc_parse_l76_4[0].type ∈ [1..2147483647] or UNINITIALIZED
                      [0]{.start; .end} ∈ [-1..2147483647] or UNINITIALIZED
                      [0].size ∈ [0..2147483647] or UNINITIALIZED
                      [1].type ∈ [1..2147483647] or UNINITIALIZED
                      [1]{.start; .end} ∈ [-1..2147483647] or UNINITIALIZED
                      [1].size ∈ [0..2147483647] or UNINITIALIZED
                      [2].type ∈
                      {JSMN_OBJECT; JSMN_STRING; JSMN_PRIMITIVE} or UNINITIALIZED
                      [2]{.start; .end} ∈ [-1..16] or UNINITIALIZED
                      [2].size ∈ [0..2147483647] or UNINITIALIZED
                      [3].type ∈
                      {JSMN_OBJECT; JSMN_STRING; JSMN_PRIMITIVE} or UNINITIALIZED
                      [3].start ∈ [-1..16] or UNINITIALIZED
                      [3].end ∈ [-1..2147483647] or UNINITIALIZED
                      [3].size ∈ [0..2147483647] or UNINITIALIZED
                      [4].type ∈
                      {JSMN_OBJECT; JSMN_STRING; JSMN_PRIMITIVE} or UNINITIALIZED
                      [4].start ∈ [-1..16] or UNINITIALIZED
                      [4].end ∈ [-1..2147483647] or UNINITIALIZED
                      [4].size ∈ [0..2147483647] or UNINITIALIZED
  __malloc_parse_l76_5[0].type ∈
                      {JSMN_OBJECT; JSMN_ARRAY; JSMN_STRING; JSMN_PRIMITIVE} or UNINITIALIZED
                      [0].start ∈ [-1..2147483647] or UNINITIALIZED
                      [0].end ∈ [-1..43] or UNINITIALIZED
                      [0].size ∈ [0..2147483647] or UNINITIALIZED
                      [1].type ∈
                      {JSMN_OBJECT; JSMN_ARRAY; JSMN_STRING; JSMN_PRIMITIVE} or UNINITIALIZED
                      [1].start ∈ [-1..2147483647] or UNINITIALIZED
                      [1].end ∈ [-1..43] or UNINITIALIZED
                      [1].size ∈ [0..2147483647] or UNINITIALIZED
                      [2].type ∈
                      {JSMN_OBJECT; JSMN_ARRAY; JSMN_STRING; JSMN_PRIMITIVE} or UNINITIALIZED
                      [2]{.start; .end} ∈ [-1..43] or UNINITIALIZED
                      [2].size ∈ [0..2147483647] or UNINITIALIZED
                      [3].type ∈
                      {JSMN_OBJECT; JSMN_ARRAY; JSMN_STRING; JSMN_PRIMITIVE} or UNINITIALIZED
                      [3].start ∈ [-1..43] or UNINITIALIZED
                      [3].end ∈ [-1..2147483647] or UNINITIALIZED
                      [3].size ∈ [0..2147483647] or UNINITIALIZED
                      [4].type ∈
                      {JSMN_OBJECT; JSMN_ARRAY; JSMN_STRING; JSMN_PRIMITIVE} or UNINITIALIZED
                      [4].start ∈ [-1..43] or UNINITIALIZED
                      [4].end ∈ [-1..2147483647] or UNINITIALIZED
                      [4].size ∈ [0..2147483647] or UNINITIALIZED
                      [5].type ∈
                      {JSMN_OBJECT; JSMN_ARRAY; JSMN_STRING; JSMN_PRIMITIVE} or UNINITIALIZED
                      [5].start ∈ [-1..43] or UNINITIALIZED
                      [5].end ∈ [-1..2147483647] or UNINITIALIZED
                      [5].size ∈ [0..2147483647] or UNINITIALIZED
                      [6].type ∈
                      {JSMN_OBJECT; JSMN_ARRAY; JSMN_STRING; JSMN_PRIMITIVE} or UNINITIALIZED
                      [6].start ∈ [-1..43] or UNINITIALIZED
                      [6].end ∈ [-1..2147483647] or UNINITIALIZED
                      [6].size ∈ [0..2147483647] or UNINITIALIZED
  __malloc_parse_l76_6[0].type ∈ [1..2147483647] or UNINITIALIZED
                      [0]{.start; .end} ∈ [-1..2147483647] or UNINITIALIZED
                      [0].size ∈ [0..2147483647] or UNINITIALIZED
                      [1].type ∈ [1..2147483647] or UNINITIALIZED
                      [1]{.start; .end} ∈ [-1..2147483647] or UNINITIALIZED
                      [1].size ∈ [0..2147483647] or UNINITIALIZED
                      [2].type ∈
                      {JSMN_OBJECT; JSMN_ARRAY; JSMN_STRING; JSMN_PRIMITIVE} or UNINITIALIZED
                      [2]{.start; .end} ∈ [-1..18] or UNINITIALIZED
                      [2].size ∈ [0..2147483647] or UNINITIALIZED
                      [3].type ∈
                      {JSMN_OBJECT; JSMN_ARRAY; JSMN_STRING; JSMN_PRIMITIVE} or UNINITIALIZED
                      [3].start ∈ [-1..18] or UNINITIALIZED
                      [3].end ∈ [-1..2147483647] or UNINITIALIZED
                      [3].size ∈ [0..2147483647] or UNINITIALIZED
                      [4].type ∈
                      {JSMN_OBJECT; JSMN_ARRAY; JSMN_STRING; JSMN_PRIMITIVE} or UNINITIALIZED
                      [4].start ∈ [-1..18] or UNINITIALIZED
                      [4].end ∈ [-1..2147483647] or UNINITIALIZED
                      [4].size ∈ [0..2147483647] or UNINITIALIZED
  __malloc_parse_l76_7[0].type ∈
                      {JSMN_ARRAY; JSMN_PRIMITIVE} or UNINITIALIZED
                      [0]{.start; .end} ∈ [-1..2147483647] or UNINITIALIZED
                      [0].size ∈ [0..2147483647] or UNINITIALIZED
                      [1].type ∈
                      {JSMN_ARRAY; JSMN_PRIMITIVE} or UNINITIALIZED
                      [1]{.start; .end} ∈ [-1..2147483647] or UNINITIALIZED
                      [1].size ∈ [0..2147483647] or UNINITIALIZED
  __malloc_parse_l76_8[0].type ∈ [1..2147483647] or UNINITIALIZED
                      [0].start ∈ [-1..2147483647] or UNINITIALIZED
                      [0].end ∈ [-1..8] or UNINITIALIZED
                      [0].size ∈ [0..2147483647] or UNINITIALIZED
                      [1].type ∈ [1..2147483647] or UNINITIALIZED
                      [1].start ∈ [-1..2147483647] or UNINITIALIZED
                      [1].end ∈ [-1..8] or UNINITIALIZED
                      [1].size ∈ [0..2147483647] or UNINITIALIZED
                      [2].type ∈
                      {JSMN_OBJECT; JSMN_STRING; JSMN_PRIMITIVE} or UNINITIALIZED
                      [2].start ∈ [-1..8] or UNINITIALIZED
                      [2].end ∈ {-1; 1; 2; 3; 4; 5; 6; 7} or UNINITIALIZED
                      [2].size ∈ [0..2147483647] or UNINITIALIZED
  __malloc_parse_l76_9[0].type ∈ [1..2147483647] or UNINITIALIZED
                      [0]{.start; .end} ∈ [-1..2147483647] or UNINITIALIZED
                      [0].size ∈ [0..2147483647] or UNINITIALIZED
                      [1].type ∈ [1..2147483647] or UNINITIALIZED
                      [1]{.start; .end} ∈ [-1..2147483647] or UNINITIALIZED
                      [1].size ∈ [0..2147483647] or UNINITIALIZED
                      [2].type ∈
                      {JSMN_OBJECT; JSMN_ARRAY; JSMN_STRING; JSMN_PRIMITIVE} or UNINITIALIZED
                      [2]{.start; .end} ∈ [-1..19] or UNINITIALIZED
                      [2].size ∈ [0..2147483647] or UNINITIALIZED
  __malloc_parse_l76_10[0].type ∈ [1..2147483647] or UNINITIALIZED
                       [0]{.start; .end} ∈
                       [-1..2147483647] or UNINITIALIZED
                       [0].size ∈ [0..2147483647] or UNINITIALIZED
                       [1].type ∈ [1..2147483647] or UNINITIALIZED
                       [1]{.start; .end} ∈
                       [-1..2147483647] or UNINITIALIZED
                       [1].size ∈ [0..2147483647] or UNINITIALIZED
                       [2].type ∈
                       {JSMN_OBJECT; JSMN_ARRAY; JSMN_STRING; JSMN_PRIMITIVE} or UNINITIALIZED
                       [2]{.start; .end} ∈ [-1..20] or UNINITIALIZED
                       [2].size ∈ [0..2147483647] or UNINITIALIZED
  __malloc_parse_l76_11[0].type ∈ [1..2147483647] or UNINITIALIZED
                       [0]{.start; .end} ∈
                       [-1..2147483647] or UNINITIALIZED
                       [0].size ∈ [0..2147483647] or UNINITIALIZED
                       [1].type ∈ [1..2147483647] or UNINITIALIZED
                       [1]{.start; .end} ∈
                       [-1..2147483647] or UNINITIALIZED
                       [1].size ∈ [0..2147483647] or UNINITIALIZED
                       [2].type ∈
                       {JSMN_OBJECT; JSMN_ARRAY; JSMN_STRING; JSMN_PRIMITIVE} or UNINITIALIZED
                       [2]{.start; .end} ∈ [-1..19] or UNINITIALIZED
                       [2].size ∈ [0..2147483647] or UNINITIALIZED
  __malloc_parse_l76_12[0].type ∈ [1..2147483647] or UNINITIALIZED
                       [0]{.start; .end} ∈
                       [-1..2147483647] or UNINITIALIZED
                       [0].size ∈ [0..2147483647] or UNINITIALIZED
                       [1].type ∈ [1..2147483647] or UNINITIALIZED
                       [1]{.start; .end} ∈
                       [-1..2147483647] or UNINITIALIZED
                       [1].size ∈ [0..2147483647] or UNINITIALIZED
                       [2].type ∈
                       {JSMN_OBJECT; JSMN_ARRAY; JSMN_STRING; JSMN_PRIMITIVE} or UNINITIALIZED
                       [2]{.start; .end} ∈ [-1..15] or UNINITIALIZED
                       [2].size ∈ [0..2147483647] or UNINITIALIZED
  __malloc_parse_l76_13[0].type ∈ [1..2147483647] or UNINITIALIZED
                       [0]{.start; .end} ∈
                       [-1..2147483647] or UNINITIALIZED
                       [0].size ∈ [0..2147483647] or UNINITIALIZED
                       [1].type ∈ [1..2147483647] or UNINITIALIZED
                       [1]{.start; .end} ∈
                       [-1..2147483647] or UNINITIALIZED
                       [1].size ∈ [0..2147483647] or UNINITIALIZED
                       [2].type ∈
                       {JSMN_OBJECT; JSMN_ARRAY; JSMN_STRING; JSMN_PRIMITIVE} or UNINITIALIZED
                       [2]{.start; .end} ∈ [-1..21] or UNINITIALIZED
                       [2].size ∈ [0..2147483647] or UNINITIALIZED
  __malloc_parse_l76_14[0].type ∈ [1..2147483647] or UNINITIALIZED
                       [0]{.start; .end} ∈
                       [-1..2147483647] or UNINITIALIZED
                       [0].size ∈ [0..2147483647] or UNINITIALIZED
                       [1].type ∈ [1..2147483647] or UNINITIALIZED
                       [1]{.start; .end} ∈
                       [-1..2147483647] or UNINITIALIZED
                       [1].size ∈ [0..2147483647] or UNINITIALIZED
                       [2].type ∈
                       {JSMN_OBJECT; JSMN_ARRAY; JSMN_STRING; JSMN_PRIMITIVE} or UNINITIALIZED
                       [2]{.start; .end} ∈ [-1..26] or UNINITIALIZED
                       [2].size ∈ [0..2147483647] or UNINITIALIZED
  __malloc_parse_l76_15[0].type ∈ [1..2147483647] or UNINITIALIZED
                       [0]{.start; .end} ∈
                       [-1..2147483647] or UNINITIALIZED
                       [0].size ∈ [0..2147483647] or UNINITIALIZED
                       [1].type ∈ [1..2147483647] or UNINITIALIZED
                       [1]{.start; .end} ∈
                       [-1..2147483647] or UNINITIALIZED
                       [1].size ∈ [0..2147483647] or UNINITIALIZED
                       [2].type ∈
                       {JSMN_OBJECT; JSMN_ARRAY; JSMN_STRING; JSMN_PRIMITIVE} or UNINITIALIZED
                       [2]{.start; .end} ∈ [-1..40] or UNINITIALIZED
                       [2].size ∈ [0..2147483647] or UNINITIALIZED
  __malloc_parse_l76_16[0].type ∈ [1..2147483647] or UNINITIALIZED
                       [0]{.start; .end} ∈
                       [-1..2147483647] or UNINITIALIZED
                       [0].size ∈ [0..2147483647] or UNINITIALIZED
                       [1].type ∈ [1..2147483647] or UNINITIALIZED
                       [1]{.start; .end} ∈
                       [-1..2147483647] or UNINITIALIZED
                       [1].size ∈ [0..2147483647] or UNINITIALIZED
                       [2].type ∈
                       {JSMN_OBJECT; JSMN_ARRAY; JSMN_STRING; JSMN_PRIMITIVE} or UNINITIALIZED
                       [2]{.start; .end} ∈ [-1..14] or UNINITIALIZED
                       [2].size ∈ [0..2147483647] or UNINITIALIZED
  __malloc_parse_l76_17[0].type ∈ [1..2147483647] or UNINITIALIZED
                       [0]{.start; .end} ∈
                       [-1..2147483647] or UNINITIALIZED
                       [0].size ∈ [0..2147483647] or UNINITIALIZED
                       [1].type ∈ [1..2147483647] or UNINITIALIZED
                       [1]{.start; .end} ∈
                       [-1..2147483647] or UNINITIALIZED
                       [1].size ∈ [0..2147483647] or UNINITIALIZED
                       [2].type ∈
                       {JSMN_OBJECT; JSMN_ARRAY; JSMN_STRING; JSMN_PRIMITIVE} or UNINITIALIZED
                       [2]{.start; .end} ∈ [-1..14] or UNINITIALIZED
                       [2].size ∈ [0..2147483647] or UNINITIALIZED
  __malloc_parse_l76_18[0].type ∈ [1..2147483647] or UNINITIALIZED
                       [0]{.start; .end} ∈
                       [-1..2147483647] or UNINITIALIZED
                       [0].size ∈ [0..2147483647] or UNINITIALIZED
                       [1].type ∈ [1..2147483647] or UNINITIALIZED
                       [1]{.start; .end} ∈
                       [-1..2147483647] or UNINITIALIZED
                       [1].size ∈ [0..2147483647] or UNINITIALIZED
                       [2].type ∈
                       {JSMN_OBJECT; JSMN_ARRAY; JSMN_STRING; JSMN_PRIMITIVE} or UNINITIALIZED
                       [2]{.start; .end} ∈ [-1..17] or UNINITIALIZED
                       [2].size ∈ [0..2147483647] or UNINITIALIZED
  __malloc_parse_l76_19[0].type ∈ [1..2147483647] or UNINITIALIZED
                       [0]{.start; .end} ∈
                       [-1..2147483647] or UNINITIALIZED
                       [0].size ∈ [0..2147483647] or UNINITIALIZED
                       [1].type ∈ [1..2147483647] or UNINITIALIZED
                       [1]{.start; .end} ∈
                       [-1..2147483647] or UNINITIALIZED
                       [1].size ∈ [0..2147483647] or UNINITIALIZED
                       [2].type ∈
                       {JSMN_OBJECT; JSMN_ARRAY; JSMN_STRING; JSMN_PRIMITIVE} or UNINITIALIZED
                       [2]{.start; .end} ∈ [-1..17] or UNINITIALIZED
                       [2].size ∈ [0..2147483647] or UNINITIALIZED
  __malloc_parse_l76_20[0].type ∈ [1..2147483647] or UNINITIALIZED
                       [0]{.start; .end} ∈
                       [-1..2147483647] or UNINITIALIZED
                       [0].size ∈ [0..2147483647] or UNINITIALIZED
                       [1].type ∈ [1..2147483647] or UNINITIALIZED
                       [1]{.start; .end} ∈
                       [-1..2147483647] or UNINITIALIZED
                       [1].size ∈ [0..2147483647] or UNINITIALIZED
                       [2].type ∈
                       {JSMN_OBJECT; JSMN_ARRAY; JSMN_STRING; JSMN_PRIMITIVE} or UNINITIALIZED
                       [2]{.start; .end} ∈ [-1..16] or UNINITIALIZED
                       [2].size ∈ [0..2147483647] or UNINITIALIZED
                       [3].type ∈
                       {JSMN_OBJECT; JSMN_ARRAY; JSMN_STRING; JSMN_PRIMITIVE} or UNINITIALIZED
                       [3].start ∈ [-1..16] or UNINITIALIZED
                       [3].end ∈ [-1..2147483647] or UNINITIALIZED
                       [3].size ∈ [0..2147483647] or UNINITIALIZED
  __malloc_parse_l76_21[0].type ∈ [1..2147483647] or UNINITIALIZED
                       [0]{.start; .end} ∈
                       [-1..2147483647] or UNINITIALIZED
                       [0].size ∈ [0..2147483647] or UNINITIALIZED
                       [1].type ∈ [1..2147483647] or UNINITIALIZED
                       [1]{.start; .end} ∈
                       [-1..2147483647] or UNINITIALIZED
                       [1].size ∈ [0..2147483647] or UNINITIALIZED
                       [2].type ∈
                       {JSMN_OBJECT; JSMN_ARRAY; JSMN_STRING; JSMN_PRIMITIVE} or UNINITIALIZED
                       [2]{.start; .end} ∈ [-1..20] or UNINITIALIZED
                       [2].size ∈ [0..2147483647] or UNINITIALIZED
  __malloc_parse_l76_22[0].type ∈ [1..2147483647] or UNINITIALIZED
                       [0]{.start; .end} ∈
                       [-1..2147483647] or UNINITIALIZED
                       [0].size ∈ [0..2147483647] or UNINITIALIZED
                       [1].type ∈ [1..2147483647] or UNINITIALIZED
                       [1]{.start; .end} ∈
                       [-1..2147483647] or UNINITIALIZED
                       [1].size ∈ [0..2147483647] or UNINITIALIZED
                       [2].type ∈
                       {JSMN_OBJECT; JSMN_ARRAY; JSMN_STRING; JSMN_PRIMITIVE} or UNINITIALIZED
                       [2]{.start; .end} ∈ [-1..17] or UNINITIALIZED
                       [2].size ∈ [0..2147483647] or UNINITIALIZED
  __malloc_parse_l76_23[0].type ∈
                       {JSMN_OBJECT; JSMN_ARRAY; JSMN_STRING; JSMN_PRIMITIVE} or UNINITIALIZED
                       [0].start ∈ [-1..2147483647] or UNINITIALIZED
                       [0].end ∈ [-1..16] or UNINITIALIZED
                       [0].size ∈ [0..2147483647] or UNINITIALIZED
                       [1].type ∈
                       {JSMN_OBJECT; JSMN_ARRAY; JSMN_STRING; JSMN_PRIMITIVE} or UNINITIALIZED
                       [1].start ∈ [-1..2147483647] or UNINITIALIZED
                       [1].end ∈ [-1..16] or UNINITIALIZED
                       [1].size ∈ [0..2147483647] or UNINITIALIZED
                       [2].type ∈
                       {JSMN_OBJECT; JSMN_ARRAY; JSMN_STRING; JSMN_PRIMITIVE} or UNINITIALIZED
                       [2]{.start; .end} ∈ [-1..16] or UNINITIALIZED
                       [2].size ∈ [0..2147483647] or UNINITIALIZED
                       [3].type ∈
                       {JSMN_OBJECT; JSMN_ARRAY; JSMN_STRING; JSMN_PRIMITIVE} or UNINITIALIZED
                       [3].start ∈ [-1..16] or UNINITIALIZED
                       [3].end ∈ [-1..2147483647] or UNINITIALIZED
                       [3].size ∈ [0..2147483647] or UNINITIALIZED
  __malloc_parse_l76_24[0].type ∈
                       {JSMN_OBJECT; JSMN_ARRAY; JSMN_STRING; JSMN_PRIMITIVE} or UNINITIALIZED
                       [0].start ∈ [-1..2147483647] or UNINITIALIZED
                       [0].end ∈ [-1..51] or UNINITIALIZED
                       [0].size ∈ [0..2147483647] or UNINITIALIZED
                       [1].type ∈
                       {JSMN_OBJECT; JSMN_ARRAY; JSMN_STRING; JSMN_PRIMITIVE} or UNINITIALIZED
                       [1].start ∈ [-1..2147483647] or UNINITIALIZED
                       [1].end ∈ [-1..51] or UNINITIALIZED
                       [1].size ∈ [0..2147483647] or UNINITIALIZED
                       [2].type ∈
                       {JSMN_OBJECT; JSMN_ARRAY; JSMN_STRING; JSMN_PRIMITIVE} or UNINITIALIZED
                       [2]{.start; .end} ∈ [-1..51] or UNINITIALIZED
                       [2].size ∈ [0..2147483647] or UNINITIALIZED
                       [3].type ∈
                       {JSMN_OBJECT; JSMN_ARRAY; JSMN_STRING; JSMN_PRIMITIVE} or UNINITIALIZED
                       [3].start ∈ [-1..51] or UNINITIALIZED
                       [3].end ∈ [-1..2147483647] or UNINITIALIZED
                       [3].size ∈ [0..2147483647] or UNINITIALIZED
                       [4].type ∈
                       {JSMN_OBJECT; JSMN_ARRAY; JSMN_STRING; JSMN_PRIMITIVE} or UNINITIALIZED
                       [4].start ∈ [-1..51] or UNINITIALIZED
                       [4].end ∈ [-1..2147483647] or UNINITIALIZED
                       [4].size ∈ [0..2147483647] or UNINITIALIZED
                       [5].type ∈
                       {JSMN_OBJECT; JSMN_ARRAY; JSMN_STRING; JSMN_PRIMITIVE} or UNINITIALIZED
                       [5].start ∈ [-1..51] or UNINITIALIZED
                       [5].end ∈ [-1..2147483647] or UNINITIALIZED
                       [5].size ∈ [0..2147483647] or UNINITIALIZED
                       [6].type ∈
                       {JSMN_OBJECT; JSMN_ARRAY; JSMN_STRING; JSMN_PRIMITIVE} or UNINITIALIZED
                       [6].start ∈ [-1..51] or UNINITIALIZED
                       [6].end ∈ [-1..2147483647] or UNINITIALIZED
                       [6].size ∈ [0..2147483647] or UNINITIALIZED
                       [7].type ∈
                       {JSMN_OBJECT; JSMN_ARRAY; JSMN_STRING; JSMN_PRIMITIVE} or UNINITIALIZED
                       [7].start ∈ [-1..51] or UNINITIALIZED
                       [7].end ∈ [-1..2147483647] or UNINITIALIZED
                       [7].size ∈ [0..2147483647] or UNINITIALIZED
  __malloc_parse_l76_25[0].type ∈ {JSMN_PRIMITIVE} or UNINITIALIZED
                       [0]{.start; .end} ∈
                       [-1..2147483647] or UNINITIALIZED
                       [0].size ∈ [0..2147483647] or UNINITIALIZED
                       [1].type ∈ {JSMN_PRIMITIVE} or UNINITIALIZED
                       [1]{.start; .end} ∈
                       [-1..2147483647] or UNINITIALIZED
                       [1].size ∈ [0..2147483647] or UNINITIALIZED
  __malloc_parse_l76_26[0].type ∈
                       {JSMN_ARRAY; JSMN_STRING; JSMN_PRIMITIVE} or UNINITIALIZED
                       [0].start ∈ [-1..30] or UNINITIALIZED
                       [0].end ∈ [-1..2147483647] or UNINITIALIZED
                       [0].size ∈ [0..2147483647] or UNINITIALIZED
                       [1].type ∈
                       {JSMN_ARRAY; JSMN_STRING; JSMN_PRIMITIVE} or UNINITIALIZED
                       [1].start ∈ [-1..30] or UNINITIALIZED
                       [1].end ∈ [-1..2147483647] or UNINITIALIZED
                       [1].size ∈ [0..2147483647] or UNINITIALIZED
                       [2].type ∈
                       {JSMN_ARRAY; JSMN_STRING; JSMN_PRIMITIVE} or UNINITIALIZED
                       [2].start ∈ [-1..30] or UNINITIALIZED
                       [2].end ∈ [-1..2147483647] or UNINITIALIZED
                       [2].size ∈ [0..2147483647] or UNINITIALIZED
                       [3].type ∈
                       {JSMN_ARRAY; JSMN_STRING; JSMN_PRIMITIVE} or UNINITIALIZED
                       [3].start ∈ [-1..30] or UNINITIALIZED
                       [3].end ∈ [-1..2147483647] or UNINITIALIZED
                       [3].size ∈ [0..2147483647] or UNINITIALIZED
                       [4].type ∈
                       {JSMN_ARRAY; JSMN_STRING; JSMN_PRIMITIVE} or UNINITIALIZED
                       [4].start ∈ [-1..30] or UNINITIALIZED
                       [4].end ∈ [-1..2147483647] or UNINITIALIZED
                       [4].size ∈ [0..2147483647] or UNINITIALIZED
                       [5].type ∈
                       {JSMN_ARRAY; JSMN_STRING; JSMN_PRIMITIVE} or UNINITIALIZED
                       [5].start ∈ [-1..30] or UNINITIALIZED
                       [5].end ∈ [-1..2147483647] or UNINITIALIZED
                       [5].size ∈ [0..2147483647] or UNINITIALIZED
  __malloc_parse_l76_27[0].type ∈
                       {JSMN_OBJECT; JSMN_ARRAY; JSMN_STRING; JSMN_PRIMITIVE} or UNINITIALIZED
                       [0].start ∈ [-1..14] or UNINITIALIZED
                       [0].end ∈ [-1..2147483647] or UNINITIALIZED
                       [0].size ∈ [0..2147483647] or UNINITIALIZED
                       [1].type ∈
                       {JSMN_OBJECT; JSMN_ARRAY; JSMN_STRING; JSMN_PRIMITIVE} or UNINITIALIZED
                       [1].start ∈ [-1..14] or UNINITIALIZED
                       [1].end ∈ [-1..2147483647] or UNINITIALIZED
                       [1].size ∈ [0..2147483647] or UNINITIALIZED
  __malloc_parse_l76_28[0].type ∈
                       {JSMN_OBJECT; JSMN_ARRAY; JSMN_STRING; JSMN_PRIMITIVE} or UNINITIALIZED
                       [0].start ∈ [-1..14] or UNINITIALIZED
                       [0].end ∈ [-1..2147483647] or UNINITIALIZED
                       [0].size ∈ [0..2147483647] or UNINITIALIZED
                       [1].type ∈
                       {JSMN_OBJECT; JSMN_ARRAY; JSMN_STRING; JSMN_PRIMITIVE} or UNINITIALIZED
                       [1].start ∈ [-1..14] or UNINITIALIZED
                       [1].end ∈ [-1..2147483647] or UNINITIALIZED
                       [1].size ∈ [0..2147483647] or UNINITIALIZED
  __malloc_parse_l76_29[0].type ∈ [1..2147483647] or UNINITIALIZED
                       [0]{.start; .end} ∈
                       [-1..2147483647] or UNINITIALIZED
                       [0].size ∈ [0..2147483647] or UNINITIALIZED
                       [1].type ∈ [1..2147483647] or UNINITIALIZED
                       [1]{.start; .end} ∈
                       [-1..2147483647] or UNINITIALIZED
                       [1].size ∈ [0..2147483647] or UNINITIALIZED
                       [2].type ∈
                       {JSMN_OBJECT; JSMN_ARRAY; JSMN_STRING; JSMN_PRIMITIVE} or UNINITIALIZED
                       [2].start ∈ [-1..14] or UNINITIALIZED
                       [2].end ∈ [-1..2147483647] or UNINITIALIZED
                       [2].size ∈ [0..2147483647] or UNINITIALIZED
  __malloc_parse_l76_30[0].type ∈ [1..2147483647] or UNINITIALIZED
                       [0]{.start; .end} ∈
                       [-1..2147483647] or UNINITIALIZED
                       [0].size ∈ [0..2147483647] or UNINITIALIZED
                       [1].type ∈ [1..2147483647] or UNINITIALIZED
                       [1]{.start; .end} ∈
                       [-1..2147483647] or UNINITIALIZED
                       [1].size ∈ [0..2147483647] or UNINITIALIZED
                       [2].type ∈
                       {JSMN_OBJECT; JSMN_ARRAY; JSMN_STRING; JSMN_PRIMITIVE} or UNINITIALIZED
                       [2]{.start; .end} ∈ [-1..16] or UNINITIALIZED
                       [2].size ∈ [0..2147483647] or UNINITIALIZED
  __malloc_parse_l76_31[0].type ∈
                       {JSMN_OBJECT; JSMN_ARRAY; JSMN_STRING; JSMN_PRIMITIVE} or UNINITIALIZED
                       [0].start ∈ [-1..14] or UNINITIALIZED
                       [0].end ∈ [-1..2147483647] or UNINITIALIZED
                       [0].size ∈ [0..2147483647] or UNINITIALIZED
                       [1].type ∈
                       {JSMN_OBJECT; JSMN_ARRAY; JSMN_STRING; JSMN_PRIMITIVE} or UNINITIALIZED
                       [1].start ∈ [-1..14] or UNINITIALIZED
                       [1].end ∈ [-1..2147483647] or UNINITIALIZED
                       [1].size ∈ [0..2147483647] or UNINITIALIZED
                       [2].type ∈
                       {JSMN_OBJECT; JSMN_ARRAY; JSMN_STRING; JSMN_PRIMITIVE} or UNINITIALIZED
                       [2].start ∈ [-1..14] or UNINITIALIZED
                       [2].end ∈ [-1..2147483647] or UNINITIALIZED
                       [2].size ∈ [0..2147483647] or UNINITIALIZED
  __malloc_parse_l76_32[0].type ∈ [1..2147483647] or UNINITIALIZED
                       [0]{.start; .end} ∈
                       [-1..2147483647] or UNINITIALIZED
                       [0].size ∈ [0..2147483647] or UNINITIALIZED
                       [1].type ∈ [1..2147483647] or UNINITIALIZED
                       [1]{.start; .end} ∈
                       [-1..2147483647] or UNINITIALIZED
                       [1].size ∈ [0..2147483647] or UNINITIALIZED
                       [2].type ∈
                       {JSMN_OBJECT; JSMN_ARRAY; JSMN_STRING; JSMN_PRIMITIVE} or UNINITIALIZED
                       [2]{.start; .end} ∈ [-1..16] or UNINITIALIZED
                       [2].size ∈ [0..2147483647] or UNINITIALIZED
  __malloc_parse_l76_33[0].type ∈
                       {JSMN_OBJECT; JSMN_ARRAY; JSMN_STRING; JSMN_PRIMITIVE} or UNINITIALIZED
                       [0].start ∈ [-1..2147483647] or UNINITIALIZED
                       [0].end ∈ [-1..16] or UNINITIALIZED
                       [0].size ∈ [0..2147483647] or UNINITIALIZED
                       [1].type ∈
                       {JSMN_OBJECT; JSMN_ARRAY; JSMN_STRING; JSMN_PRIMITIVE} or UNINITIALIZED
                       [1].start ∈ [-1..2147483647] or UNINITIALIZED
                       [1].end ∈ [-1..16] or UNINITIALIZED
                       [1].size ∈ [0..2147483647] or UNINITIALIZED
                       [2].type ∈
                       {JSMN_OBJECT; JSMN_ARRAY; JSMN_STRING; JSMN_PRIMITIVE} or UNINITIALIZED
                       [2]{.start; .end} ∈ [-1..16] or UNINITIALIZED
                       [2].size ∈ [0..2147483647] or UNINITIALIZED
                       [3].type ∈
                       {JSMN_OBJECT; JSMN_ARRAY; JSMN_STRING; JSMN_PRIMITIVE} or UNINITIALIZED
                       [3].start ∈ [-1..16] or UNINITIALIZED
                       [3].end ∈ [-1..2147483647] or UNINITIALIZED
                       [3].size ∈ [0..2147483647] or UNINITIALIZED
[eva:final-states] Values at end of function main:
  __fc_heap_status ∈ [--..--]
  test_passed ∈ [1..15]
  test_failed ∈ [0..14]
  __retres ∈ {0; 1}
  S___fc_stdout[0..1] ∈ [--..--]
  __malloc_parse_l76.type ∈ {JSMN_OBJECT} or UNINITIALIZED
                    .start ∈ {-1; 0; 1} or UNINITIALIZED
                    .end ∈ {-1; 1; 2} or UNINITIALIZED
                    .size ∈ [0..2147483647] or UNINITIALIZED
  __malloc_parse_l76_0.type ∈ {JSMN_ARRAY} or UNINITIALIZED
                      .start ∈ {-1; 0; 1} or UNINITIALIZED
                      .end ∈ {-1; 1; 2} or UNINITIALIZED
                      .size ∈ [0..2147483647] or UNINITIALIZED
  __malloc_parse_l76_1[0].type ∈ {JSMN_OBJECT; JSMN_ARRAY} or UNINITIALIZED
                      [0].start ∈ [-1..2147483647] or UNINITIALIZED
                      [0].end ∈ {-1; 1; 2; 3; 4; 5; 6; 7} or UNINITIALIZED
                      [0].size ∈ [0..2147483647] or UNINITIALIZED
                      [1].type ∈ {JSMN_OBJECT; JSMN_ARRAY} or UNINITIALIZED
                      [1].start ∈ [-1..2147483647] or UNINITIALIZED
                      [1].end ∈ {-1; 1; 2; 3; 4; 5; 6; 7} or UNINITIALIZED
                      [1].size ∈ [0..2147483647] or UNINITIALIZED
                      [2].type ∈ {JSMN_OBJECT; JSMN_ARRAY} or UNINITIALIZED
                      [2].start ∈
                      {-1; 0; 1; 2; 3; 4; 5; 6} or UNINITIALIZED
                      [2].end ∈ {-1; 1; 2; 3; 4; 5; 6; 7} or UNINITIALIZED
                      [2].size ∈ [0..2147483647] or UNINITIALIZED
  __malloc_parse_l76_2[0].type ∈ [1..2147483647] or UNINITIALIZED
                      [0]{.start; .end} ∈ [-1..2147483647] or UNINITIALIZED
                      [0].size ∈ [0..2147483647] or UNINITIALIZED
                      [1].type ∈ [1..2147483647] or UNINITIALIZED
                      [1]{.start; .end} ∈ [-1..2147483647] or UNINITIALIZED
                      [1].size ∈ [0..2147483647] or UNINITIALIZED
                      [2].type ∈
                      {JSMN_OBJECT; JSMN_STRING; JSMN_PRIMITIVE} or UNINITIALIZED
                      [2].start ∈ [-1..7] or UNINITIALIZED
                      [2].end ∈ {-1; 1; 2; 3; 4; 5; 6; 7} or UNINITIALIZED
                      [2].size ∈ [0..2147483647] or UNINITIALIZED
  __malloc_parse_l76_3[0].type ∈ [1..2147483647] or UNINITIALIZED
                      [0]{.start; .end} ∈ [-1..2147483647] or UNINITIALIZED
                      [0].size ∈ [0..2147483647] or UNINITIALIZED
                      [1].type ∈ [1..2147483647] or UNINITIALIZED
                      [1]{.start; .end} ∈ [-1..2147483647] or UNINITIALIZED
                      [1].size ∈ [0..2147483647] or UNINITIALIZED
                      [2].type ∈
                      {JSMN_OBJECT; JSMN_ARRAY; JSMN_STRING; JSMN_PRIMITIVE} or UNINITIALIZED
                      [2]{.start; .end} ∈ [-1..8] or UNINITIALIZED
                      [2].size ∈ [0..2147483647] or UNINITIALIZED
  __malloc_parse_l76_4[0].type ∈ [1..2147483647] or UNINITIALIZED
                      [0]{.start; .end} ∈ [-1..2147483647] or UNINITIALIZED
                      [0].size ∈ [0..2147483647] or UNINITIALIZED
                      [1].type ∈ [1..2147483647] or UNINITIALIZED
                      [1]{.start; .end} ∈ [-1..2147483647] or UNINITIALIZED
                      [1].size ∈ [0..2147483647] or UNINITIALIZED
                      [2].type ∈
                      {JSMN_OBJECT; JSMN_STRING; JSMN_PRIMITIVE} or UNINITIALIZED
                      [2]{.start; .end} ∈ [-1..16] or UNINITIALIZED
                      [2].size ∈ [0..2147483647] or UNINITIALIZED
                      [3].type ∈
                      {JSMN_OBJECT; JSMN_STRING; JSMN_PRIMITIVE} or UNINITIALIZED
                      [3].start ∈ [-1..16] or UNINITIALIZED
                      [3].end ∈ [-1..2147483647] or UNINITIALIZED
                      [3].size ∈ [0..2147483647] or UNINITIALIZED
                      [4].type ∈
                      {JSMN_OBJECT; JSMN_STRING; JSMN_PRIMITIVE} or UNINITIALIZED
                      [4].start ∈ [-1..16] or UNINITIALIZED
                      [4].end ∈ [-1..2147483647] or UNINITIALIZED
                      [4].size ∈ [0..2147483647] or UNINITIALIZED
  __malloc_parse_l76_5[0].type ∈
                      {JSMN_OBJECT; JSMN_ARRAY; JSMN_STRING; JSMN_PRIMITIVE} or UNINITIALIZED
                      [0].start ∈ [-1..2147483647] or UNINITIALIZED
                      [0].end ∈ [-1..43] or UNINITIALIZED
                      [0].size ∈ [0..2147483647] or UNINITIALIZED
                      [1].type ∈
                      {JSMN_OBJECT; JSMN_ARRAY; JSMN_STRING; JSMN_PRIMITIVE} or UNINITIALIZED
                      [1].start ∈ [-1..2147483647] or UNINITIALIZED
                      [1].end ∈ [-1..43] or UNINITIALIZED
                      [1].size ∈ [0..2147483647] or UNINITIALIZED
                      [2].type ∈
                      {JSMN_OBJECT; JSMN_ARRAY; JSMN_STRING; JSMN_PRIMITIVE} or UNINITIALIZED
                      [2]{.start; .end} ∈ [-1..43] or UNINITIALIZED
                      [2].size ∈ [0..2147483647] or UNINITIALIZED
                      [3].type ∈
                      {JSMN_OBJECT; JSMN_ARRAY; JSMN_STRING; JSMN_PRIMITIVE} or UNINITIALIZED
                      [3].start ∈ [-1..43] or UNINITIALIZED
                      [3].end ∈ [-1..2147483647] or UNINITIALIZED
                      [3].size ∈ [0..2147483647] or UNINITIALIZED
                      [4].type ∈
                      {JSMN_OBJECT; JSMN_ARRAY; JSMN_STRING; JSMN_PRIMITIVE} or UNINITIALIZED
                      [4].start ∈ [-1..43] or UNINITIALIZED
                      [4].end ∈ [-1..2147483647] or UNINITIALIZED
                      [4].size ∈ [0..2147483647] or UNINITIALIZED
                      [5].type ∈
                      {JSMN_OBJECT; JSMN_ARRAY; JSMN_STRING; JSMN_PRIMITIVE} or UNINITIALIZED
                      [5].start ∈ [-1..43] or UNINITIALIZED
                      [5].end ∈ [-1..2147483647] or UNINITIALIZED
                      [5].size ∈ [0..2147483647] or UNINITIALIZED
                      [6].type ∈
                      {JSMN_OBJECT; JSMN_ARRAY; JSMN_STRING; JSMN_PRIMITIVE} or UNINITIALIZED
                      [6].start ∈ [-1..43] or UNINITIALIZED
                      [6].end ∈ [-1..2147483647] or UNINITIALIZED
                      [6].size ∈ [0..2147483647] or UNINITIALIZED
  __malloc_parse_l76_6[0].type ∈ [1..2147483647] or UNINITIALIZED
                      [0]{.start; .end} ∈ [-1..2147483647] or UNINITIALIZED
                      [0].size ∈ [0..2147483647] or UNINITIALIZED
                      [1].type ∈ [1..2147483647] or UNINITIALIZED
                      [1]{.start; .end} ∈ [-1..2147483647] or UNINITIALIZED
                      [1].size ∈ [0..2147483647] or UNINITIALIZED
                      [2].type ∈
                      {JSMN_OBJECT; JSMN_ARRAY; JSMN_STRING; JSMN_PRIMITIVE} or UNINITIALIZED
                      [2]{.start; .end} ∈ [-1..18] or UNINITIALIZED
                      [2].size ∈ [0..2147483647] or UNINITIALIZED
                      [3].type ∈
                      {JSMN_OBJECT; JSMN_ARRAY; JSMN_STRING; JSMN_PRIMITIVE} or UNINITIALIZED
                      [3].start ∈ [-1..18] or UNINITIALIZED
                      [3].end ∈ [-1..2147483647] or UNINITIALIZED
                      [3].size ∈ [0..2147483647] or UNINITIALIZED
                      [4].type ∈
                      {JSMN_OBJECT; JSMN_ARRAY; JSMN_STRING; JSMN_PRIMITIVE} or UNINITIALIZED
                      [4].start ∈ [-1..18] or UNINITIALIZED
                      [4].end ∈ [-1..2147483647] or UNINITIALIZED
                      [4].size ∈ [0..2147483647] or UNINITIALIZED
  __malloc_parse_l76_7[0].type ∈
                      {JSMN_ARRAY; JSMN_PRIMITIVE} or UNINITIALIZED
                      [0]{.start; .end} ∈ [-1..2147483647] or UNINITIALIZED
                      [0].size ∈ [0..2147483647] or UNINITIALIZED
                      [1].type ∈
                      {JSMN_ARRAY; JSMN_PRIMITIVE} or UNINITIALIZED
                      [1]{.start; .end} ∈ [-1..2147483647] or UNINITIALIZED
                      [1].size ∈ [0..2147483647] or UNINITIALIZED
  __malloc_parse_l76_8[0].type ∈ [1..2147483647] or UNINITIALIZED
                      [0].start ∈ [-1..2147483647] or UNINITIALIZED
                      [0].end ∈ [-1..8] or UNINITIALIZED
                      [0].size ∈ [0..2147483647] or UNINITIALIZED
                      [1].type ∈ [1..2147483647] or UNINITIALIZED
                      [1].start ∈ [-1..2147483647] or UNINITIALIZED
                      [1].end ∈ [-1..8] or UNINITIALIZED
                      [1].size ∈ [0..2147483647] or UNINITIALIZED
                      [2].type ∈
                      {JSMN_OBJECT; JSMN_STRING; JSMN_PRIMITIVE} or UNINITIALIZED
                      [2].start ∈ [-1..8] or UNINITIALIZED
                      [2].end ∈ {-1; 1; 2; 3; 4; 5; 6; 7} or UNINITIALIZED
                      [2].size ∈ [0..2147483647] or UNINITIALIZED
  __malloc_parse_l76_9[0].type ∈ [1..2147483647] or UNINITIALIZED
                      [0]{.start; .end} ∈ [-1..2147483647] or UNINITIALIZED
                      [0].size ∈ [0..2147483647] or UNINITIALIZED
                      [1].type ∈ [1..2147483647] or UNINITIALIZED
                      [1]{.start; .end} ∈ [-1..2147483647] or UNINITIALIZED
                      [1].size ∈ [0..2147483647] or UNINITIALIZED
                      [2].type ∈
                      {JSMN_OBJECT; JSMN_ARRAY; JSMN_STRING; JSMN_PRIMITIVE} or UNINITIALIZED
                      [2]{.start; .end} ∈ [-1..19] or UNINITIALIZED
                      [2].size ∈ [0..2147483647] or UNINITIALIZED
  __malloc_parse_l76_10[0].type ∈ [1..2147483647] or UNINITIALIZED
                       [0]{.start; .end} ∈
                       [-1..2147483647] or UNINITIALIZED
                       [0].size ∈ [0..2147483647] or UNINITIALIZED
                       [1].type ∈ [1..2147483647] or UNINITIALIZED
                       [1]{.start; .end} ∈
                       [-1..2147483647] or UNINITIALIZED
                       [1].size ∈ [0..2147483647] or UNINITIALIZED
                       [2].type ∈
                       {JSMN_OBJECT; JSMN_ARRAY; JSMN_STRING; JSMN_PRIMITIVE} or UNINITIALIZED
                       [2]{.start; .end} ∈ [-1..20] or UNINITIALIZED
                       [2].size ∈ [0..2147483647] or UNINITIALIZED
  __malloc_parse_l76_11[0].type ∈ [1..2147483647] or UNINITIALIZED
                       [0]{.start; .end} ∈
                       [-1..2147483647] or UNINITIALIZED
                       [0].size ∈ [0..2147483647] or UNINITIALIZED
                       [1].type ∈ [1..2147483647] or UNINITIALIZED
                       [1]{.start; .end} ∈
                       [-1..2147483647] or UNINITIALIZED
                       [1].size ∈ [0..2147483647] or UNINITIALIZED
                       [2].type ∈
                       {JSMN_OBJECT; JSMN_ARRAY; JSMN_STRING; JSMN_PRIMITIVE} or UNINITIALIZED
                       [2]{.start; .end} ∈ [-1..19] or UNINITIALIZED
                       [2].size ∈ [0..2147483647] or UNINITIALIZED
  __malloc_parse_l76_12[0].type ∈ [1..2147483647] or UNINITIALIZED
                       [0]{.start; .end} ∈
                       [-1..2147483647] or UNINITIALIZED
                       [0].size ∈ [0..2147483647] or UNINITIALIZED
                       [1].type ∈ [1..2147483647] or UNINITIALIZED
                       [1]{.start; .end} ∈
                       [-1..2147483647] or UNINITIALIZED
                       [1].size ∈ [0..2147483647] or UNINITIALIZED
                       [2].type ∈
                       {JSMN_OBJECT; JSMN_ARRAY; JSMN_STRING; JSMN_PRIMITIVE} or UNINITIALIZED
                       [2]{.start; .end} ∈ [-1..15] or UNINITIALIZED
                       [2].size ∈ [0..2147483647] or UNINITIALIZED
  __malloc_parse_l76_13[0].type ∈ [1..2147483647] or UNINITIALIZED
                       [0]{.start; .end} ∈
                       [-1..2147483647] or UNINITIALIZED
                       [0].size ∈ [0..2147483647] or UNINITIALIZED
                       [1].type ∈ [1..2147483647] or UNINITIALIZED
                       [1]{.start; .end} ∈
                       [-1..2147483647] or UNINITIALIZED
                       [1].size ∈ [0..2147483647] or UNINITIALIZED
                       [2].type ∈
                       {JSMN_OBJECT; JSMN_ARRAY; JSMN_STRING; JSMN_PRIMITIVE} or UNINITIALIZED
                       [2]{.start; .end} ∈ [-1..21] or UNINITIALIZED
                       [2].size ∈ [0..2147483647] or UNINITIALIZED
  __malloc_parse_l76_14[0].type ∈ [1..2147483647] or UNINITIALIZED
                       [0]{.start; .end} ∈
                       [-1..2147483647] or UNINITIALIZED
                       [0].size ∈ [0..2147483647] or UNINITIALIZED
                       [1].type ∈ [1..2147483647] or UNINITIALIZED
                       [1]{.start; .end} ∈
                       [-1..2147483647] or UNINITIALIZED
                       [1].size ∈ [0..2147483647] or UNINITIALIZED
                       [2].type ∈
                       {JSMN_OBJECT; JSMN_ARRAY; JSMN_STRING; JSMN_PRIMITIVE} or UNINITIALIZED
                       [2]{.start; .end} ∈ [-1..26] or UNINITIALIZED
                       [2].size ∈ [0..2147483647] or UNINITIALIZED
  __malloc_parse_l76_15[0].type ∈ [1..2147483647] or UNINITIALIZED
                       [0]{.start; .end} ∈
                       [-1..2147483647] or UNINITIALIZED
                       [0].size ∈ [0..2147483647] or UNINITIALIZED
                       [1].type ∈ [1..2147483647] or UNINITIALIZED
                       [1]{.start; .end} ∈
                       [-1..2147483647] or UNINITIALIZED
                       [1].size ∈ [0..2147483647] or UNINITIALIZED
                       [2].type ∈
                       {JSMN_OBJECT; JSMN_ARRAY; JSMN_STRING; JSMN_PRIMITIVE} or UNINITIALIZED
                       [2]{.start; .end} ∈ [-1..40] or UNINITIALIZED
                       [2].size ∈ [0..2147483647] or UNINITIALIZED
  __malloc_parse_l76_16[0].type ∈ [1..2147483647] or UNINITIALIZED
                       [0]{.start; .end} ∈
                       [-1..2147483647] or UNINITIALIZED
                       [0].size ∈ [0..2147483647] or UNINITIALIZED
                       [1].type ∈ [1..2147483647] or UNINITIALIZED
                       [1]{.start; .end} ∈
                       [-1..2147483647] or UNINITIALIZED
                       [1].size ∈ [0..2147483647] or UNINITIALIZED
                       [2].type ∈
                       {JSMN_OBJECT; JSMN_ARRAY; JSMN_STRING; JSMN_PRIMITIVE} or UNINITIALIZED
                       [2]{.start; .end} ∈ [-1..14] or UNINITIALIZED
                       [2].size ∈ [0..2147483647] or UNINITIALIZED
  __malloc_parse_l76_17[0].type ∈ [1..2147483647] or UNINITIALIZED
                       [0]{.start; .end} ∈
                       [-1..2147483647] or UNINITIALIZED
                       [0].size ∈ [0..2147483647] or UNINITIALIZED
                       [1].type ∈ [1..2147483647] or UNINITIALIZED
                       [1]{.start; .end} ∈
                       [-1..2147483647] or UNINITIALIZED
                       [1].size ∈ [0..2147483647] or UNINITIALIZED
                       [2].type ∈
                       {JSMN_OBJECT; JSMN_ARRAY; JSMN_STRING; JSMN_PRIMITIVE} or UNINITIALIZED
                       [2]{.start; .end} ∈ [-1..14] or UNINITIALIZED
                       [2].size ∈ [0..2147483647] or UNINITIALIZED
  __malloc_parse_l76_18[0].type ∈ [1..2147483647] or UNINITIALIZED
                       [0]{.start; .end} ∈
                       [-1..2147483647] or UNINITIALIZED
                       [0].size ∈ [0..2147483647] or UNINITIALIZED
                       [1].type ∈ [1..2147483647] or UNINITIALIZED
                       [1]{.start; .end} ∈
                       [-1..2147483647] or UNINITIALIZED
                       [1].size ∈ [0..2147483647] or UNINITIALIZED
                       [2].type ∈
                       {JSMN_OBJECT; JSMN_ARRAY; JSMN_STRING; JSMN_PRIMITIVE} or UNINITIALIZED
                       [2]{.start; .end} ∈ [-1..17] or UNINITIALIZED
                       [2].size ∈ [0..2147483647] or UNINITIALIZED
  __malloc_parse_l76_19[0].type ∈ [1..2147483647] or UNINITIALIZED
                       [0]{.start; .end} ∈
                       [-1..2147483647] or UNINITIALIZED
                       [0].size ∈ [0..2147483647] or UNINITIALIZED
                       [1].type ∈ [1..2147483647] or UNINITIALIZED
                       [1]{.start; .end} ∈
                       [-1..2147483647] or UNINITIALIZED
                       [1].size ∈ [0..2147483647] or UNINITIALIZED
                       [2].type ∈
                       {JSMN_OBJECT; JSMN_ARRAY; JSMN_STRING; JSMN_PRIMITIVE} or UNINITIALIZED
                       [2]{.start; .end} ∈ [-1..17] or UNINITIALIZED
                       [2].size ∈ [0..2147483647] or UNINITIALIZED
  __malloc_parse_l76_20[0].type ∈ [1..2147483647] or UNINITIALIZED
                       [0]{.start; .end} ∈
                       [-1..2147483647] or UNINITIALIZED
                       [0].size ∈ [0..2147483647] or UNINITIALIZED
                       [1].type ∈ [1..2147483647] or UNINITIALIZED
                       [1]{.start; .end} ∈
                       [-1..2147483647] or UNINITIALIZED
                       [1].size ∈ [0..2147483647] or UNINITIALIZED
                       [2].type ∈
                       {JSMN_OBJECT; JSMN_ARRAY; JSMN_STRING; JSMN_PRIMITIVE} or UNINITIALIZED
                       [2]{.start; .end} ∈ [-1..16] or UNINITIALIZED
                       [2].size ∈ [0..2147483647] or UNINITIALIZED
                       [3].type ∈
                       {JSMN_OBJECT; JSMN_ARRAY; JSMN_STRING; JSMN_PRIMITIVE} or UNINITIALIZED
                       [3].start ∈ [-1..16] or UNINITIALIZED
                       [3].end ∈ [-1..2147483647] or UNINITIALIZED
                       [3].size ∈ [0..2147483647] or UNINITIALIZED
  __malloc_parse_l76_21[0].type ∈ [1..2147483647] or UNINITIALIZED
                       [0]{.start; .end} ∈
                       [-1..2147483647] or UNINITIALIZED
                       [0].size ∈ [0..2147483647] or UNINITIALIZED
                       [1].type ∈ [1..2147483647] or UNINITIALIZED
                       [1]{.start; .end} ∈
                       [-1..2147483647] or UNINITIALIZED
                       [1].size ∈ [0..2147483647] or UNINITIALIZED
                       [2].type ∈
                       {JSMN_OBJECT; JSMN_ARRAY; JSMN_STRING; JSMN_PRIMITIVE} or UNINITIALIZED
                       [2]{.start; .end} ∈ [-1..20] or UNINITIALIZED
                       [2].size ∈ [0..2147483647] or UNINITIALIZED
  __malloc_parse_l76_22[0].type ∈ [1..2147483647] or UNINITIALIZED
                       [0]{.start; .end} ∈
                       [-1..2147483647] or UNINITIALIZED
                       [0].size ∈ [0..2147483647] or UNINITIALIZED
                       [1].type ∈ [1..2147483647] or UNINITIALIZED
                       [1]{.start; .end} ∈
                       [-1..2147483647] or UNINITIALIZED
                       [1].size ∈ [0..2147483647] or UNINITIALIZED
                       [2].type ∈
                       {JSMN_OBJECT; JSMN_ARRAY; JSMN_STRING; JSMN_PRIMITIVE} or UNINITIALIZED
                       [2]{.start; .end} ∈ [-1..17] or UNINITIALIZED
                       [2].size ∈ [0..2147483647] or UNINITIALIZED
  __malloc_parse_l76_23[0].type ∈
                       {JSMN_OBJECT; JSMN_ARRAY; JSMN_STRING; JSMN_PRIMITIVE} or UNINITIALIZED
                       [0].start ∈ [-1..2147483647] or UNINITIALIZED
                       [0].end ∈ [-1..16] or UNINITIALIZED
                       [0].size ∈ [0..2147483647] or UNINITIALIZED
                       [1].type ∈
                       {JSMN_OBJECT; JSMN_ARRAY; JSMN_STRING; JSMN_PRIMITIVE} or UNINITIALIZED
                       [1].start ∈ [-1..2147483647] or UNINITIALIZED
                       [1].end ∈ [-1..16] or UNINITIALIZED
                       [1].size ∈ [0..2147483647] or UNINITIALIZED
                       [2].type ∈
                       {JSMN_OBJECT; JSMN_ARRAY; JSMN_STRING; JSMN_PRIMITIVE} or UNINITIALIZED
                       [2]{.start; .end} ∈ [-1..16] or UNINITIALIZED
                       [2].size ∈ [0..2147483647] or UNINITIALIZED
                       [3].type ∈
                       {JSMN_OBJECT; JSMN_ARRAY; JSMN_STRING; JSMN_PRIMITIVE} or UNINITIALIZED
                       [3].start ∈ [-1..16] or UNINITIALIZED
                       [3].end ∈ [-1..2147483647] or UNINITIALIZED
                       [3].size ∈ [0..2147483647] or UNINITIALIZED
  __malloc_parse_l76_24[0].type ∈
                       {JSMN_OBJECT; JSMN_ARRAY; JSMN_STRING; JSMN_PRIMITIVE} or UNINITIALIZED
                       [0].start ∈ [-1..2147483647] or UNINITIALIZED
                       [0].end ∈ [-1..51] or UNINITIALIZED
                       [0].size ∈ [0..2147483647] or UNINITIALIZED
                       [1].type ∈
                       {JSMN_OBJECT; JSMN_ARRAY; JSMN_STRING; JSMN_PRIMITIVE} or UNINITIALIZED
                       [1].start ∈ [-1..2147483647] or UNINITIALIZED
                       [1].end ∈ [-1..51] or UNINITIALIZED
                       [1].size ∈ [0..2147483647] or UNINITIALIZED
                       [2].type ∈
                       {JSMN_OBJECT; JSMN_ARRAY; JSMN_STRING; JSMN_PRIMITIVE} or UNINITIALIZED
                       [2]{.start; .end} ∈ [-1..51] or UNINITIALIZED
                       [2].size ∈ [0..2147483647] or UNINITIALIZED
                       [3].type ∈
                       {JSMN_OBJECT; JSMN_ARRAY; JSMN_STRING; JSMN_PRIMITIVE} or UNINITIALIZED
                       [3].start ∈ [-1..51] or UNINITIALIZED
                       [3].end ∈ [-1..2147483647] or UNINITIALIZED
                       [3].size ∈ [0..2147483647] or UNINITIALIZED
                       [4].type ∈
                       {JSMN_OBJECT; JSMN_ARRAY; JSMN_STRING; JSMN_PRIMITIVE} or UNINITIALIZED
                       [4].start ∈ [-1..51] or UNINITIALIZED
                       [4].end ∈ [-1..2147483647] or UNINITIALIZED
                       [4].size ∈ [0..2147483647] or UNINITIALIZED
                       [5].type ∈
                       {JSMN_OBJECT; JSMN_ARRAY; JSMN_STRING; JSMN_PRIMITIVE} or UNINITIALIZED
                       [5].start ∈ [-1..51] or UNINITIALIZED
                       [5].end ∈ [-1..2147483647] or UNINITIALIZED
                       [5].size ∈ [0..2147483647] or UNINITIALIZED
                       [6].type ∈
                       {JSMN_OBJECT; JSMN_ARRAY; JSMN_STRING; JSMN_PRIMITIVE} or UNINITIALIZED
                       [6].start ∈ [-1..51] or UNINITIALIZED
                       [6].end ∈ [-1..2147483647] or UNINITIALIZED
                       [6].size ∈ [0..2147483647] or UNINITIALIZED
                       [7].type ∈
                       {JSMN_OBJECT; JSMN_ARRAY; JSMN_STRING; JSMN_PRIMITIVE} or UNINITIALIZED
                       [7].start ∈ [-1..51] or UNINITIALIZED
                       [7].end ∈ [-1..2147483647] or UNINITIALIZED
                       [7].size ∈ [0..2147483647] or UNINITIALIZED
  __malloc_parse_l76_25[0].type ∈ {JSMN_PRIMITIVE} or UNINITIALIZED
                       [0]{.start; .end} ∈
                       [-1..2147483647] or UNINITIALIZED
                       [0].size ∈ [0..2147483647] or UNINITIALIZED
                       [1].type ∈ {JSMN_PRIMITIVE} or UNINITIALIZED
                       [1]{.start; .end} ∈
                       [-1..2147483647] or UNINITIALIZED
                       [1].size ∈ [0..2147483647] or UNINITIALIZED
  __malloc_parse_l76_26[0].type ∈
                       {JSMN_ARRAY; JSMN_STRING; JSMN_PRIMITIVE} or UNINITIALIZED
                       [0].start ∈ [-1..30] or UNINITIALIZED
                       [0].end ∈ [-1..2147483647] or UNINITIALIZED
                       [0].size ∈ [0..2147483647] or UNINITIALIZED
                       [1].type ∈
                       {JSMN_ARRAY; JSMN_STRING; JSMN_PRIMITIVE} or UNINITIALIZED
                       [1].start ∈ [-1..30] or UNINITIALIZED
                       [1].end ∈ [-1..2147483647] or UNINITIALIZED
                       [1].size ∈ [0..2147483647] or UNINITIALIZED
                       [2].type ∈
                       {JSMN_ARRAY; JSMN_STRING; JSMN_PRIMITIVE} or UNINITIALIZED
                       [2].start ∈ [-1..30] or UNINITIALIZED
                       [2].end ∈ [-1..2147483647] or UNINITIALIZED
                       [2].size ∈ [0..2147483647] or UNINITIALIZED
                       [3].type ∈
                       {JSMN_ARRAY; JSMN_STRING; JSMN_PRIMITIVE} or UNINITIALIZED
                       [3].start ∈ [-1..30] or UNINITIALIZED
                       [3].end ∈ [-1..2147483647] or UNINITIALIZED
                       [3].size ∈ [0..2147483647] or UNINITIALIZED
                       [4].type ∈
                       {JSMN_ARRAY; JSMN_STRING; JSMN_PRIMITIVE} or UNINITIALIZED
                       [4].start ∈ [-1..30] or UNINITIALIZED
                       [4].end ∈ [-1..2147483647] or UNINITIALIZED
                       [4].size ∈ [0..2147483647] or UNINITIALIZED
                       [5].type ∈
                       {JSMN_ARRAY; JSMN_STRING; JSMN_PRIMITIVE} or UNINITIALIZED
                       [5].start ∈ [-1..30] or UNINITIALIZED
                       [5].end ∈ [-1..2147483647] or UNINITIALIZED
                       [5].size ∈ [0..2147483647] or UNINITIALIZED
  __malloc_parse_l76_27[0].type ∈
                       {JSMN_OBJECT; JSMN_ARRAY; JSMN_STRING; JSMN_PRIMITIVE} or UNINITIALIZED
                       [0].start ∈ [-1..14] or UNINITIALIZED
                       [0].end ∈ [-1..2147483647] or UNINITIALIZED
                       [0].size ∈ [0..2147483647] or UNINITIALIZED
                       [1].type ∈
                       {JSMN_OBJECT; JSMN_ARRAY; JSMN_STRING; JSMN_PRIMITIVE} or UNINITIALIZED
                       [1].start ∈ [-1..14] or UNINITIALIZED
                       [1].end ∈ [-1..2147483647] or UNINITIALIZED
                       [1].size ∈ [0..2147483647] or UNINITIALIZED
  __malloc_parse_l76_28[0].type ∈
                       {JSMN_OBJECT; JSMN_ARRAY; JSMN_STRING; JSMN_PRIMITIVE} or UNINITIALIZED
                       [0].start ∈ [-1..14] or UNINITIALIZED
                       [0].end ∈ [-1..2147483647] or UNINITIALIZED
                       [0].size ∈ [0..2147483647] or UNINITIALIZED
                       [1].type ∈
                       {JSMN_OBJECT; JSMN_ARRAY; JSMN_STRING; JSMN_PRIMITIVE} or UNINITIALIZED
                       [1].start ∈ [-1..14] or UNINITIALIZED
                       [1].end ∈ [-1..2147483647] or UNINITIALIZED
                       [1].size ∈ [0..2147483647] or UNINITIALIZED
  __malloc_parse_l76_29[0].type ∈ [1..2147483647] or UNINITIALIZED
                       [0]{.start; .end} ∈
                       [-1..2147483647] or UNINITIALIZED
                       [0].size ∈ [0..2147483647] or UNINITIALIZED
                       [1].type ∈ [1..2147483647] or UNINITIALIZED
                       [1]{.start; .end} ∈
                       [-1..2147483647] or UNINITIALIZED
                       [1].size ∈ [0..2147483647] or UNINITIALIZED
                       [2].type ∈
                       {JSMN_OBJECT; JSMN_ARRAY; JSMN_STRING; JSMN_PRIMITIVE} or UNINITIALIZED
                       [2].start ∈ [-1..14] or UNINITIALIZED
                       [2].end ∈ [-1..2147483647] or UNINITIALIZED
                       [2].size ∈ [0..2147483647] or UNINITIALIZED
  __malloc_parse_l76_30[0].type ∈ [1..2147483647] or UNINITIALIZED
                       [0]{.start; .end} ∈
                       [-1..2147483647] or UNINITIALIZED
                       [0].size ∈ [0..2147483647] or UNINITIALIZED
                       [1].type ∈ [1..2147483647] or UNINITIALIZED
                       [1]{.start; .end} ∈
                       [-1..2147483647] or UNINITIALIZED
                       [1].size ∈ [0..2147483647] or UNINITIALIZED
                       [2].type ∈
                       {JSMN_OBJECT; JSMN_ARRAY; JSMN_STRING; JSMN_PRIMITIVE} or UNINITIALIZED
                       [2]{.start; .end} ∈ [-1..16] or UNINITIALIZED
                       [2].size ∈ [0..2147483647] or UNINITIALIZED
  __malloc_parse_l76_31[0].type ∈
                       {JSMN_OBJECT; JSMN_ARRAY; JSMN_STRING; JSMN_PRIMITIVE} or UNINITIALIZED
                       [0].start ∈ [-1..14] or UNINITIALIZED
                       [0].end ∈ [-1..2147483647] or UNINITIALIZED
                       [0].size ∈ [0..2147483647] or UNINITIALIZED
                       [1].type ∈
                       {JSMN_OBJECT; JSMN_ARRAY; JSMN_STRING; JSMN_PRIMITIVE} or UNINITIALIZED
                       [1].start ∈ [-1..14] or UNINITIALIZED
                       [1].end ∈ [-1..2147483647] or UNINITIALIZED
                       [1].size ∈ [0..2147483647] or UNINITIALIZED
                       [2].type ∈
                       {JSMN_OBJECT; JSMN_ARRAY; JSMN_STRING; JSMN_PRIMITIVE} or UNINITIALIZED
                       [2].start ∈ [-1..14] or UNINITIALIZED
                       [2].end ∈ [-1..2147483647] or UNINITIALIZED
                       [2].size ∈ [0..2147483647] or UNINITIALIZED
  __malloc_parse_l76_32[0].type ∈ [1..2147483647] or UNINITIALIZED
                       [0]{.start; .end} ∈
                       [-1..2147483647] or UNINITIALIZED
                       [0].size ∈ [0..2147483647] or UNINITIALIZED
                       [1].type ∈ [1..2147483647] or UNINITIALIZED
                       [1]{.start; .end} ∈
                       [-1..2147483647] or UNINITIALIZED
                       [1].size ∈ [0..2147483647] or UNINITIALIZED
                       [2].type ∈
                       {JSMN_OBJECT; JSMN_ARRAY; JSMN_STRING; JSMN_PRIMITIVE} or UNINITIALIZED
                       [2]{.start; .end} ∈ [-1..16] or UNINITIALIZED
                       [2].size ∈ [0..2147483647] or UNINITIALIZED
  __malloc_parse_l76_33[0].type ∈
                       {JSMN_OBJECT; JSMN_ARRAY; JSMN_STRING; JSMN_PRIMITIVE} or UNINITIALIZED
                       [0].start ∈ [-1..2147483647] or UNINITIALIZED
                       [0].end ∈ [-1..16] or UNINITIALIZED
                       [0].size ∈ [0..2147483647] or UNINITIALIZED
                       [1].type ∈
                       {JSMN_OBJECT; JSMN_ARRAY; JSMN_STRING; JSMN_PRIMITIVE} or UNINITIALIZED
                       [1].start ∈ [-1..2147483647] or UNINITIALIZED
                       [1].end ∈ [-1..16] or UNINITIALIZED
                       [1].size ∈ [0..2147483647] or UNINITIALIZED
                       [2].type ∈
                       {JSMN_OBJECT; JSMN_ARRAY; JSMN_STRING; JSMN_PRIMITIVE} or UNINITIALIZED
                       [2]{.start; .end} ∈ [-1..16] or UNINITIALIZED
                       [2].size ∈ [0..2147483647] or UNINITIALIZED
                       [3].type ∈
                       {JSMN_OBJECT; JSMN_ARRAY; JSMN_STRING; JSMN_PRIMITIVE} or UNINITIALIZED
                       [3].start ∈ [-1..16] or UNINITIALIZED
                       [3].end ∈ [-1..2147483647] or UNINITIALIZED
                       [3].size ∈ [0..2147483647] or UNINITIALIZED
[eva:summary] ====== ANALYSIS SUMMARY ======
  ----------------------------------------------------------------------------
  26 functions analyzed (out of 26): 100% coverage.
  In these functions, 1215 statements reached (out of 1219): 99% coverage.
  ----------------------------------------------------------------------------
  No errors or warnings raised during the analysis.
  ----------------------------------------------------------------------------
  46 alarms generated by the analysis:
      28 accesses to uninitialized left-values
       9 invalid memory accesses
       9 integer overflows
  ----------------------------------------------------------------------------
  Evaluation of the logical properties reached by the analysis:
    Assertions        0 valid     0 unknown     0 invalid      0 total
    Preconditions    35 valid     2 unknown     0 invalid     37 total
  94% of the logical properties reached have been proven.
  ----------------------------------------------------------------------------
6.67user 0.17system 0:06.84elapsed 99%CPU (0avgtext+0avgdata 224844maxresident)k
0inputs+2392outputs (0major+49541minor)pagefaults 0swaps
