[kernel] Parsing fc_stubs.c (with preprocessing)
[kernel] Parsing examples/example.c (with preprocessing)
[kernel] Parsing spng.c (with preprocessing)
[kernel:typing:incompatible-types-call] spng.c:401: Warning: 
  expected 'unsigned char *' but got argument of type 'unsigned char const *': ctx->data
[kernel:typing:incompatible-types-call] spng.c:1024: Warning: 
  expected 'unsigned char *' but got argument of type 'unsigned char const *': 
  data + 12
[kernel:parser:decimal-float] spng.c:1830: Warning: 
  Floating-point constant 2.2f is not represented exactly. Will use 0x1.19999a0000000p1.
  (warn-once: no further messages from category 'parser:decimal-float' will be emitted)
[kernel] Parsing FRAMAC_SHARE/libc/stdio.c (with preprocessing)
[eva] Splitting return states on:
  \return(Frama_C_nondet_ptr) == 0 (auto)
  \return(Frama_C_interval) == 0, 10 (auto)
  \return(Frama_C_malloc_fresh) == 0 (auto)
  \return(seed48) == 0 (auto)
  \return(calloc) == 0 (auto)
  \return(malloc) == 0 (auto)
  \return(realloc) == 0 (auto)
  \return(reallocarray) == 0 (auto)
  \return(getenv) == 0 (auto)
  \return(bsearch) == 0 (auto)
  \return(spng_ctx_new) == 0 (auto)
  \return(spng_ctx_new2) == 0 (auto)
  \return(spng_set_png_buffer) == 0 (auto)
  \return(spng_set_crc_action) == 0 (auto)
  \return(spng_decoded_image_size) == 0 (auto)
  \return(spng_decode_image) == 0 (auto)
  \return(spng_get_ihdr) == 0 (auto)
  \return(spng_strerror) == 0 (auto)
  \return(spng_version_string) == 0 (auto)
  \return(tmpfile) == 0 (auto)
  \return(tmpnam) == 0 (auto)
  \return(fopen) == 0 (auto)
  \return(fdopen) == 0 (auto)
  \return(freopen) == 0 (auto)
  \return(fgetc) == -1, 10 (auto)
  \return(fgets) == 0 (auto)
  \return(gets) == 0 (auto)
  \return(fread) == 1 (auto)
  \return(feof) == 0 (auto)
  \return(ferror) == 0 (auto)
  \return(popen) == 0 (auto)
  \return(fmemopen) == 0 (auto)
  \return(memcmp) == 0 (auto)
  \return(memchr) == 0 (auto)
  \return(memcpy) == 0 (auto)
  \return(mempcpy) == 0 (auto)
  \return(memmove) == 0 (auto)
  \return(memset) == 0 (auto)
  \return(strcmp) == 0 (auto)
  \return(strchr) == 0 (auto)
  \return(strchrnul) == 0 (auto)
  \return(strrchr) == 0 (auto)
  \return(strpbrk) == 0 (auto)
  \return(strstr) == 0 (auto)
  \return(strcasestr) == 0 (auto)
  \return(strtok) == 0 (auto)
  \return(strtok_r) == 0 (auto)
  \return(strsep) == 0 (auto)
  \return(strerror) == 0 (auto)
  \return(strcpy) == 0 (auto)
  \return(strncpy) == 0 (auto)
  \return(stpcpy) == 0 (auto)
  \return(strcat) == 0 (auto)
  \return(strncat) == 0 (auto)
  \return(strdup) == 0 (auto)
  \return(strndup) == 0 (auto)
  \return(strsignal) == 0 (auto)
  \return(__fc_fpclassifyf) == 2 (auto)
  \return(__fc_fpclassify) == 2 (auto)
  \return(inflateInit) == 0 (auto)
  \return(inflate) == -5, 0, 1 (auto)
  \return(spng__malloc) == 0 (auto)
  \return(spng__calloc) == 0 (auto)
  \return(spng__realloc) == 0 (auto)
  \return(spng__zalloc) == 0 (auto)
  \return(read_u32) == 0, 1, 2, 3, 4, 6, 7, 9, 13, 32 (auto)
  \return(is_critical_chunk) == 0 (auto)
  \return(read_data) == -1, 0 (auto)
  \return(read_and_check_crc) == -1, 0 (auto)
  \return(read_header) == -1, 0 (auto)
  \return(read_chunk_bytes) == -1, 0 (auto)
  \return(discard_chunk_bytes) == -1, 0 (auto)
  \return(read_idat_bytes) == -5, 0, 1 (auto)
  \return(read_scanline_bytes) == 0 (auto)
  \return(defilter_scanline) == 0 (auto)
  \return(check_ihdr) == 0 (auto)
  \return(check_plte) == 0 (auto)
  \return(check_sbit) == 0 (auto)
  \return(check_chrm_int) == 0 (auto)
  \return(check_phys) == 0 (auto)
  \return(check_time) == 0 (auto)
  \return(check_offs) == 0 (auto)
  \return(check_exif) == 0 (auto)
  \return(check_png_keyword) == 0 (auto)
  \return(check_png_text) == 0 (auto)
  \return(chunk_fits_in_cache) == 0 (auto)
  \return(read_chunks_before_idat) == 0 (auto)
  \return(read_chunks_after_idat) == 0 (auto)
  \return(calculate_subimages) == 0 (auto)
  \return(get_ancillary) == 0 (auto)
  \return(get_ancillary2) == 0 (auto)
  \return(is_valid_mode) == 0 (auto)
[eva] Analyzing a complete application starting at main
[eva:initial-state] Values of globals at initialization
  png_u32max ∈ {2147483647}
  png_s32min ∈ {-2147483647}
  type_ihdr[0] ∈ {73}
           [1] ∈ {72}
           [2] ∈ {68}
           [3] ∈ {82}
  type_plte[0] ∈ {80}
           [1] ∈ {76}
           [2] ∈ {84}
           [3] ∈ {69}
  type_idat[0] ∈ {73}
           [1] ∈ {68}
           [2] ∈ {65}
           [3] ∈ {84}
  type_iend[0] ∈ {73}
           [1] ∈ {69}
           [2] ∈ {78}
           [3] ∈ {68}
  type_trns[0] ∈ {116}
           [1] ∈ {82}
           [2] ∈ {78}
           [3] ∈ {83}
  type_chrm[0] ∈ {99}
           [1] ∈ {72}
           [2] ∈ {82}
           [3] ∈ {77}
  type_gama[0] ∈ {103}
           [1] ∈ {65}
           [2] ∈ {77}
           [3] ∈ {65}
  type_iccp[0] ∈ {105}
           [1..2] ∈ {67}
           [3] ∈ {80}
  type_sbit[0] ∈ {115}
           [1] ∈ {66}
           [2] ∈ {73}
           [3] ∈ {84}
  type_srgb[0] ∈ {115}
           [1] ∈ {82}
           [2] ∈ {71}
           [3] ∈ {66}
  type_text[0] ∈ {116}
           [1] ∈ {69}
           [2] ∈ {88}
           [3] ∈ {116}
  type_ztxt[0] ∈ {122}
           [1] ∈ {84}
           [2] ∈ {88}
           [3] ∈ {116}
  type_itxt[0] ∈ {105}
           [1] ∈ {84}
           [2] ∈ {88}
           [3] ∈ {116}
  type_bkgd[0] ∈ {98}
           [1] ∈ {75}
           [2] ∈ {71}
           [3] ∈ {68}
  type_hist[0] ∈ {104}
           [1] ∈ {73}
           [2] ∈ {83}
           [3] ∈ {84}
  type_phys[0] ∈ {112}
           [1] ∈ {72}
           [2] ∈ {89}
           [3] ∈ {115}
  type_splt[0] ∈ {115}
           [1] ∈ {80}
           [2] ∈ {76}
           [3] ∈ {84}
  type_time[0] ∈ {116}
           [1] ∈ {73}
           [2] ∈ {77}
           [3] ∈ {69}
  type_offs[0] ∈ {111}
           [1..2] ∈ {70}
           [3] ∈ {115}
  type_exif[0] ∈ {101}
           [1] ∈ {88}
           [2] ∈ {73}
           [3] ∈ {102}
[eva] using specification for function printf_va_1
[eva:alarm] examples/example.c:20: Warning: 
  out of bounds read. assert \valid_read(argv + 1);
[eva] using specification for function fopen
[eva:alarm] examples/example.c:20: Warning: 
  function fopen: precondition 'valid_filename' got status unknown.
[eva:alarm] examples/example.c:23: Warning: 
  out of bounds read. assert \valid_read(argv + 1);
[eva] using specification for function printf_va_2
[eva:alarm] examples/example.c:23: Warning: 
  function printf_va_2: precondition valid_read_string(param0) got status unknown.
[eva] using specification for function fseek
[eva] using specification for function ftell
[eva] using specification for function rewind
[eva] examples/example.c:34: allocating variable __malloc_main_l34
[eva] using specification for function printf_va_3
[eva] using specification for function fread
[eva:alarm] examples/example.c:41: Warning: 
  function fread: precondition 'valid_ptr_block' got status unknown.
[eva] using specification for function printf_va_4
[eva] spng.c:2274: allocating variable __calloc_spng_ctx_new2_l2274
[eva] FRAMAC_SHARE/libc/string.h:101: 
  cannot evaluate ACSL term, unsupported ACSL construct: logic function memcmp
[eva] using specification for function printf_va_5
[eva] using specification for function memcmp
[eva:alarm] spng.c:1015: Warning: 
  function memcmp: precondition 'valid_s1' got status unknown.
[eva:alarm] spng.c:1015: Warning: 
  function memcmp: precondition 'initialization,s1' got status unknown.
[eva:alarm] spng.c:1015: Warning: 
  function memcmp: precondition 'danglingness,s1' got status unknown.
[eva] FRAMAC_SHARE/libc/string.h:63: 
  cannot evaluate ACSL term, unsupported ACSL construct: logic function memcmp
[eva:alarm] spng.c:266: Warning: 
  accessing uninitialized left-value. assert \initialized(data + 0);
[eva:alarm] spng.c:266: Warning: 
  accessing uninitialized left-value. assert \initialized(data + 1);
[eva:alarm] spng.c:266: Warning: 
  accessing uninitialized left-value. assert \initialized(data + 2);
[eva:alarm] spng.c:266: Warning: 
  accessing uninitialized left-value. assert \initialized(data + 3);
[eva:alarm] spng.c:266: Warning: 
  out of bounds read. assert \valid_read(data + 0);
[eva:alarm] spng.c:266: Warning: 
  out of bounds read. assert \valid_read(data + 1);
[eva:alarm] spng.c:266: Warning: 
  out of bounds read. assert \valid_read(data + 2);
[eva:alarm] spng.c:266: Warning: 
  out of bounds read. assert \valid_read(data + 3);
[eva] spng.c:266: cannot properly split on \result == 0
[eva:alarm] spng.c:1018: Warning: 
  function memcpy: precondition 'valid_src' got status unknown.
[eva:alarm] spng.c:1021: Warning: 
  function memcmp: precondition 'initialization,s1' got status unknown.
[eva:alarm] tests/framac_stubs.h:78: Warning: 
  pointer comparison. assert \pointer_comparable((void *)buf, (void *)0);
[eva:alarm] spng.c:1028: Warning: 
  function memcpy: precondition 'valid_src' got status unknown.
[eva:alarm] spng.c:1029: Warning: 
  function memcpy: precondition 'valid_src' got status unknown.
[eva:alarm] spng.c:1030: Warning: 
  function memcpy: precondition 'valid_src' got status unknown.
[eva:alarm] spng.c:1031: Warning: 
  function memcpy: precondition 'valid_src' got status unknown.
[eva:alarm] spng.c:1032: Warning: 
  function memcpy: precondition 'valid_src' got status unknown.
[eva:alarm] spng.c:765: Warning: 
  accessing uninitialized left-value. assert \initialized(&ihdr->color_type);
[eva:alarm] spng.c:769: Warning: 
  accessing uninitialized left-value. assert \initialized(&ihdr->bit_depth);
[eva:alarm] spng.c:780: Warning: 
  accessing uninitialized left-value. assert \initialized(&ihdr->bit_depth);
[eva:alarm] spng.c:787: Warning: 
  accessing uninitialized left-value. assert \initialized(&ihdr->bit_depth);
[eva:alarm] spng.c:796: Warning: 
  accessing uninitialized left-value.
  assert \initialized(&ihdr->compression_method);
[eva:alarm] spng.c:797: Warning: 
  accessing uninitialized left-value.
  assert \initialized(&ihdr->filter_method);
[eva:alarm] spng.c:799: Warning: 
  accessing uninitialized left-value.
  assert \initialized(&ihdr->interlace_method);
[eva:alarm] spng.c:371: Warning: 
  function memcpy: precondition 'valid_src' got status unknown.
[eva:alarm] spng.c:1057: Warning: 
  function memcmp: precondition 'initialization,s1' got status unknown.
[eva:alarm] spng.c:286: Warning: 
  accessing uninitialized left-value. assert \initialized(&chunk->type[0]);
[eva:alarm] spng.c:1088: Warning: 
  function memcpy: precondition 'valid_src' got status unknown.
[eva:alarm] spng.c:1089: Warning: 
  function memcpy: precondition 'valid_src' got status unknown.
[eva:alarm] spng.c:1090: Warning: 
  function memcpy: precondition 'valid_src' got status unknown.
[eva:loop-unroll:partial] spng.c:1086: loop not completely unrolled
[eva] spng.c:1086: starting to merge loop iterations
[kernel] spng.c:1088: more than 69(237) elements to enumerate. Approximating.
[kernel] spng.c:1088: 
  more than 69(237) locations to update in array. Approximating.
[kernel] spng.c:1089: more than 69(237) elements to enumerate. Approximating.
[kernel] spng.c:1089: 
  more than 69(237) locations to update in array. Approximating.
[kernel] spng.c:1090: more than 69(237) elements to enumerate. Approximating.
[kernel] spng.c:1090: 
  more than 69(237) locations to update in array. Approximating.
[eva] spng.c:220: allocating variable __malloc_spng__malloc_l220
[eva:alarm] spng.c:1467: Warning: 
  function memcpy: precondition 'valid_dest' got status unknown.
[eva:alarm] spng.c:1467: Warning: 
  function memcpy: precondition 'valid_src' got status unknown.
[eva:alarm] spng.c:928: Warning: 
  function memcmp: precondition 'valid_s1' got status unknown.
[eva:alarm] spng.c:928: Warning: 
  function memcmp: precondition 'initialization,s1' got status unknown.
[eva:alarm] spng.c:928: Warning: 
  function memcmp: precondition 'danglingness,s1' got status unknown.
[eva:alarm] spng.c:928: Warning: 
  function memcmp: precondition 'valid_s1' got status unknown.
[eva:alarm] spng.c:928: Warning: 
  function memcmp: precondition 'initialization,s1' got status unknown.
[eva:alarm] spng.c:928: Warning: 
  function memcmp: precondition 'danglingness,s1' got status unknown.
[eva] spng.c:225: allocating variable __calloc_spng__calloc_l225
[eva:alarm] spng.c:1372: Warning: 
  function memchr: precondition 'valid' got status unknown.
[eva:alarm] spng.c:1372: Warning: 
  function memchr: precondition 'initialization' got status unknown.
[eva:alarm] spng.c:1372: Warning: 
  function memchr: precondition 'danglingness' got status unknown.
[eva] FRAMAC_SHARE/libc/string.h:78: 
  cannot evaluate ACSL term, unsupported ACSL construct: logic function memchr
[eva] FRAMAC_SHARE/libc/string.h:85: 
  cannot evaluate ACSL term, unsupported ACSL construct: logic function memchr
[eva:alarm] spng.c:1373: Warning: 
  pointer comparison.
  assert \pointer_comparable((void *)keyword_nul, (void *)0);
[eva:alarm] spng.c:1375: Warning: 
  function memcpy: precondition 'valid_src' got status unknown.
[eva:alarm] spng.c:937: Warning: 
  function memchr: precondition 'initialization' got status unknown.
[eva:alarm] spng.c:942: Warning: 
  accessing uninitialized left-value. assert \initialized(end + (int)(-1));
[eva] using specification for function strstr
[eva:alarm] spng.c:943: Warning: 
  function strstr: precondition 'valid_string_haystack' got status unknown.
[eva] FRAMAC_SHARE/libc/string.h:243: 
  cannot evaluate ACSL term, unsupported ACSL construct: logic function memcmp
[eva:alarm] spng.c:950: Warning: 
  accessing uninitialized left-value. assert \initialized(&c);
[eva:loop-unroll:partial] spng.c:950: loop not completely unrolled
[eva] spng.c:946: starting to merge loop iterations
[eva:alarm] spng.c:948: Warning: 
  function memcpy: precondition 'valid_src' got status unknown.
[eva:alarm] spng.c:946: Warning: 
  pointer comparison. assert \pointer_comparable((void *)str, (void *)end);
[eva:alarm] spng.c:1379: Warning: 
  function strlen: precondition 'valid_string_s' got status unknown.
[eva:alarm] spng.c:1383: Warning: 
  function memcpy: precondition 'valid_src' got status unknown.
[eva:alarm] spng.c:1394: Warning: 
  accessing uninitialized left-value.
  assert \initialized(&(ctx->splt_list + i_0)->sample_depth);
[eva] spng.c:220: allocating variable __malloc_spng__malloc_l220_0
[eva:alarm] spng.c:259: Warning: 
  accessing uninitialized left-value. assert \initialized(data + 0);
[eva:alarm] spng.c:259: Warning: 
  accessing uninitialized left-value. assert \initialized(data + 1);
[eva:alarm] spng.c:259: Warning: 
  out of bounds read. assert \valid_read(data + 0);
[eva:alarm] spng.c:259: Warning: 
  out of bounds read. assert \valid_read(data + 1);
[eva:alarm] spng.c:1419: Warning: 
  out of bounds write.
  assert \valid(&((ctx->splt_list + i_0)->entries + k_1)->red);
[eva:alarm] spng.c:1420: Warning: 
  out of bounds write.
  assert \valid(&((ctx->splt_list + i_0)->entries + k_1)->green);
[eva:alarm] spng.c:1421: Warning: 
  out of bounds write.
  assert \valid(&((ctx->splt_list + i_0)->entries + k_1)->blue);
[eva:alarm] spng.c:1422: Warning: 
  out of bounds write.
  assert \valid(&((ctx->splt_list + i_0)->entries + k_1)->alpha);
[eva:alarm] spng.c:1423: Warning: 
  out of bounds write.
  assert \valid(&((ctx->splt_list + i_0)->entries + k_1)->frequency);
[eva:loop-unroll:partial] spng.c:1417: loop not completely unrolled
[eva] spng.c:1417: starting to merge loop iterations
[kernel] spng.c:1419: 
  more than 69(4294967286) locations to update in array. Approximating.
[kernel] spng.c:1419: 
  more than 69(4294967286) elements to enumerate. Approximating.
[kernel] spng.c:1420: 
  more than 69(4294967286) locations to update in array. Approximating.
[kernel] spng.c:1420: 
  more than 69(4294967286) elements to enumerate. Approximating.
[kernel] spng.c:1421: 
  more than 69(4294967286) locations to update in array. Approximating.
[kernel] spng.c:1421: 
  more than 69(4294967286) elements to enumerate. Approximating.
[kernel] spng.c:1422: 
  more than 69(4294967286) locations to update in array. Approximating.
[kernel] spng.c:1422: 
  more than 69(4294967286) elements to enumerate. Approximating.
[kernel] spng.c:1423: 
  more than 69(4294967286) locations to update in array. Approximating.
[kernel] spng.c:1423: 
  more than 69(4294967286) elements to enumerate. Approximating.
[eva:alarm] spng.c:1431: Warning: 
  function memcpy: precondition 'valid_src' got status unknown.
[eva:alarm] spng.c:1432: Warning: 
  function memcpy: precondition 'valid_src' got status unknown.
[eva:alarm] spng.c:1433: Warning: 
  function memcpy: precondition 'valid_src' got status unknown.
[eva:alarm] spng.c:1434: Warning: 
  function memcpy: precondition 'valid_src' got status unknown.
[eva:alarm] spng.c:1437: Warning: 
  accessing uninitialized left-value. assert \initialized(&red);
[eva:alarm] spng.c:1438: Warning: 
  accessing uninitialized left-value. assert \initialized(&green);
[eva:alarm] spng.c:1439: Warning: 
  accessing uninitialized left-value. assert \initialized(&blue);
[eva:alarm] spng.c:1440: Warning: 
  accessing uninitialized left-value. assert \initialized(&alpha);
[eva:alarm] spng.c:1435: Warning: 
  out of bounds write.
  assert \valid(&((ctx->splt_list + i_0)->entries + k_1)->frequency);
[eva:alarm] spng.c:1437: Warning: 
  out of bounds write.
  assert \valid(&((ctx->splt_list + i_0)->entries + k_1)->red);
[eva:alarm] spng.c:1438: Warning: 
  out of bounds write.
  assert \valid(&((ctx->splt_list + i_0)->entries + k_1)->green);
[eva:alarm] spng.c:1439: Warning: 
  out of bounds write.
  assert \valid(&((ctx->splt_list + i_0)->entries + k_1)->blue);
[eva:alarm] spng.c:1440: Warning: 
  out of bounds write.
  assert \valid(&((ctx->splt_list + i_0)->entries + k_1)->alpha);
[eva:loop-unroll:partial] spng.c:1428: loop not completely unrolled
[eva] spng.c:1428: starting to merge loop iterations
[kernel] spng.c:1435: 
  more than 69(4294967286) locations to update in array. Approximating.
[kernel] spng.c:1437: 
  more than 69(4294967286) locations to update in array. Approximating.
[kernel] spng.c:1438: 
  more than 69(4294967286) locations to update in array. Approximating.
[kernel] spng.c:1439: 
  more than 69(4294967286) locations to update in array. Approximating.
[kernel] spng.c:1440: 
  more than 69(4294967286) locations to update in array. Approximating.
[eva:alarm] spng.c:275: Warning: 
  accessing uninitialized left-value. assert \initialized(data + 0);
[eva:alarm] spng.c:275: Warning: 
  accessing uninitialized left-value. assert \initialized(data + 1);
[eva:alarm] spng.c:275: Warning: 
  accessing uninitialized left-value. assert \initialized(data + 2);
[eva:alarm] spng.c:275: Warning: 
  accessing uninitialized left-value. assert \initialized(data + 3);
[eva:alarm] spng.c:275: Warning: 
  out of bounds read. assert \valid_read(data + 0);
[eva:alarm] spng.c:275: Warning: 
  out of bounds read. assert \valid_read(data + 1);
[eva:alarm] spng.c:275: Warning: 
  out of bounds read. assert \valid_read(data + 2);
[eva:alarm] spng.c:275: Warning: 
  out of bounds read. assert \valid_read(data + 3);
[eva:alarm] spng.c:1337: Warning: 
  function memcpy: precondition 'valid_src' got status unknown.
[eva:alarm] spng.c:913: Warning: 
  accessing uninitialized left-value.
  assert \initialized(&offs->unit_specifier);
[eva:alarm] spng.c:1315: Warning: 
  function memcpy: precondition 'valid_src' got status unknown.
[eva:alarm] spng.c:1316: Warning: 
  function memcpy: precondition 'valid_src' got status unknown.
[eva:alarm] spng.c:1317: Warning: 
  function memcpy: precondition 'valid_src' got status unknown.
[eva:alarm] spng.c:1318: Warning: 
  function memcpy: precondition 'valid_src' got status unknown.
[eva:alarm] spng.c:1319: Warning: 
  function memcpy: precondition 'valid_src' got status unknown.
[eva:alarm] spng.c:899: Warning: 
  accessing uninitialized left-value. assert \initialized(&time->month);
[eva:alarm] spng.c:900: Warning: 
  accessing uninitialized left-value. assert \initialized(&time->day);
[eva:alarm] spng.c:901: Warning: 
  accessing uninitialized left-value. assert \initialized(&time->hour);
[eva:alarm] spng.c:902: Warning: 
  accessing uninitialized left-value. assert \initialized(&time->minute);
[eva:alarm] spng.c:903: Warning: 
  accessing uninitialized left-value. assert \initialized(&time->second);
[eva:alarm] spng.c:1299: Warning: 
  function memcpy: precondition 'valid_src' got status unknown.
[eva:alarm] spng.c:887: Warning: 
  accessing uninitialized left-value.
  assert \initialized(&phys->unit_specifier);
[eva:alarm] spng.c:1193: Warning: 
  function memcpy: precondition 'valid_src' got status unknown.
[eva:alarm] spng.c:1195: Warning: 
  accessing uninitialized left-value.
  assert \initialized(&ctx->srgb_rendering_intent);
[eva:alarm] spng.c:1154: Warning: 
  function memcpy: precondition 'valid_src' got status unknown.
[eva:alarm] spng.c:1160: Warning: 
  function memcpy: precondition 'valid_src' got status unknown.
[eva:alarm] spng.c:1161: Warning: 
  function memcpy: precondition 'valid_src' got status unknown.
[eva:alarm] spng.c:1162: Warning: 
  function memcpy: precondition 'valid_src' got status unknown.
[eva:alarm] spng.c:1168: Warning: 
  function memcpy: precondition 'valid_src' got status unknown.
[eva:alarm] spng.c:1169: Warning: 
  function memcpy: precondition 'valid_src' got status unknown.
[eva:alarm] spng.c:1175: Warning: 
  function memcpy: precondition 'valid_src' got status unknown.
[eva:alarm] spng.c:1176: Warning: 
  function memcpy: precondition 'valid_src' got status unknown.
[eva:alarm] spng.c:1177: Warning: 
  function memcpy: precondition 'valid_src' got status unknown.
[eva:alarm] spng.c:1178: Warning: 
  function memcpy: precondition 'valid_src' got status unknown.
[eva:alarm] spng.c:826: Warning: 
  accessing uninitialized left-value.
  assert \initialized(&sbit->grayscale_bits);
[eva:alarm] spng.c:831: Warning: 
  accessing uninitialized left-value. assert \initialized(&sbit->red_bits);
[eva:alarm] spng.c:832: Warning: 
  accessing uninitialized left-value. assert \initialized(&sbit->green_bits);
[eva:alarm] spng.c:833: Warning: 
  accessing uninitialized left-value. assert \initialized(&sbit->blue_bits);
[eva:alarm] spng.c:845: Warning: 
  accessing uninitialized left-value.
  assert \initialized(&sbit->grayscale_bits);
[eva:alarm] spng.c:846: Warning: 
  accessing uninitialized left-value. assert \initialized(&sbit->alpha_bits);
[eva:alarm] spng.c:853: Warning: 
  accessing uninitialized left-value. assert \initialized(&sbit->red_bits);
[eva:alarm] spng.c:854: Warning: 
  accessing uninitialized left-value. assert \initialized(&sbit->green_bits);
[eva:alarm] spng.c:855: Warning: 
  accessing uninitialized left-value. assert \initialized(&sbit->blue_bits);
[eva:alarm] spng.c:856: Warning: 
  accessing uninitialized left-value. assert \initialized(&sbit->alpha_bits);
[kernel] spng.c:1088: more than 69(254) elements to enumerate. Approximating.
[kernel] spng.c:1088: 
  more than 69(254) locations to update in array. Approximating.
[kernel] spng.c:1089: more than 69(254) elements to enumerate. Approximating.
[kernel] spng.c:1089: 
  more than 69(254) locations to update in array. Approximating.
[kernel] spng.c:1090: more than 69(254) elements to enumerate. Approximating.
[kernel] spng.c:1090: 
  more than 69(254) locations to update in array. Approximating.
[eva] spng.c:230: allocating variable __realloc_spng__realloc_l230
[eva:alarm] spng.c:1366: Warning: 
  function memset: precondition 'valid_s' got status unknown.
[eva] FRAMAC_SHARE/libc/string.h:134: 
  cannot evaluate ACSL term, unsupported ACSL construct: logic function memset
[eva:alarm] spng.c:1375: Warning: 
  function memcpy: precondition 'valid_dest' got status unknown.
[eva:alarm] spng.c:941: Warning: 
  accessing uninitialized left-value. assert \initialized(str + 0);
[eva:alarm] spng.c:942: Warning: 
  out of bounds read. assert \valid_read(end + (int)(-1));
[eva:alarm] spng.c:937: Warning: 
  function memchr: precondition 'valid' got status unknown.
[eva:alarm] spng.c:937: Warning: 
  function memchr: precondition 'danglingness' got status unknown.
[eva:alarm] spng.c:939: Warning: 
  pointer comparison. assert \pointer_comparable((void *)end, (void *)0);
[eva:alarm] spng.c:940: Warning: 
  pointer comparison. assert \pointer_comparable((void *)end, (void *)str);
[eva:alarm] spng.c:941: Warning: 
  out of bounds read. assert \valid_read(str + 0);
[eva:alarm] spng.c:943: Warning: 
  pointer comparison.
  assert \pointer_comparable((void *)tmp_0, (void *)0);
  (tmp_0 from strstr(str, "  "))
[eva:alarm] spng.c:1383: Warning: 
  function memcpy: precondition 'valid_dest' got status unknown.
[eva:loop-unroll:auto] spng.c:1388: Automatic loop unrolling.
[eva] using specification for function strcmp
[eva:alarm] spng.c:1390: Warning: 
  function strcmp: precondition 'valid_string_s1' got status unknown.
[eva:alarm] spng.c:1390: Warning: 
  function strcmp: precondition 'valid_string_s2' got status unknown.
[eva] FRAMAC_SHARE/libc/string.h:156: 
  cannot evaluate ACSL term, unsupported ACSL construct: logic function strcmp
[eva:alarm] spng.c:1394: Warning: 
  out of bounds read.
  assert \valid_read(&(ctx->splt_list + i_0)->sample_depth);
[eva:alarm] spng.c:1397: Warning: 
  out of bounds write. assert \valid(&(ctx->splt_list + i_0)->n_entries);
[eva:alarm] spng.c:1399: Warning: 
  out of bounds read.
  assert \valid_read(&(ctx->splt_list + i_0)->sample_depth);
[eva:alarm] spng.c:1402: Warning: 
  out of bounds write. assert \valid(&(ctx->splt_list + i_0)->n_entries);
[eva:alarm] spng.c:1406: Warning: 
  out of bounds read. assert \valid_read(&(ctx->splt_list + i_0)->n_entries);
[eva:alarm] spng.c:1407: Warning: 
  out of bounds read. assert \valid_read(&(ctx->splt_list + i_0)->n_entries);
[eva:alarm] spng.c:1409: Warning: 
  out of bounds read. assert \valid_read(&(ctx->splt_list + i_0)->n_entries);
[eva:alarm] spng.c:1409: Warning: 
  out of bounds write. assert \valid(&(ctx->splt_list + i_0)->entries);
[eva:alarm] spng.c:1410: Warning: 
  accessing uninitialized left-value.
  assert \initialized(&(ctx->splt_list + i_0)->entries);
[eva:alarm] spng.c:1410: Warning: 
  out of bounds read. assert \valid_read(&(ctx->splt_list + i_0)->entries);
[eva:alarm] spng.c:1415: Warning: 
  accessing uninitialized left-value.
  assert \initialized(&(ctx->splt_list + i_0)->sample_depth);
[eva:alarm] spng.c:1415: Warning: 
  out of bounds read.
  assert \valid_read(&(ctx->splt_list + i_0)->sample_depth);
[eva:alarm] spng.c:1417: Warning: 
  accessing uninitialized left-value.
  assert \initialized(&(ctx->splt_list + i_0)->n_entries);
[eva:alarm] spng.c:1417: Warning: 
  out of bounds read. assert \valid_read(&(ctx->splt_list + i_0)->n_entries);
[eva:alarm] spng.c:1419: Warning: 
  out of bounds read. assert \valid_read(&(ctx->splt_list + i_0)->entries);
[eva:alarm] spng.c:1420: Warning: 
  out of bounds read. assert \valid_read(&(ctx->splt_list + i_0)->entries);
[eva:alarm] spng.c:1421: Warning: 
  out of bounds read. assert \valid_read(&(ctx->splt_list + i_0)->entries);
[eva:alarm] spng.c:1422: Warning: 
  out of bounds read. assert \valid_read(&(ctx->splt_list + i_0)->entries);
[eva:alarm] spng.c:1423: Warning: 
  out of bounds read. assert \valid_read(&(ctx->splt_list + i_0)->entries);
[kernel] spng.c:1419: 
  more than 69(4294967293) locations to update in array. Approximating.
[kernel] spng.c:1419: 
  more than 69(4294967293) elements to enumerate. Approximating.
[kernel] spng.c:1420: 
  more than 69(4294967293) locations to update in array. Approximating.
[kernel] spng.c:1420: 
  more than 69(4294967293) elements to enumerate. Approximating.
[kernel] spng.c:1421: 
  more than 69(4294967293) locations to update in array. Approximating.
[kernel] spng.c:1421: 
  more than 69(4294967293) elements to enumerate. Approximating.
[kernel] spng.c:1422: 
  more than 69(4294967293) locations to update in array. Approximating.
[kernel] spng.c:1422: 
  more than 69(4294967293) elements to enumerate. Approximating.
[kernel] spng.c:1423: 
  more than 69(4294967293) locations to update in array. Approximating.
[kernel] spng.c:1423: 
  more than 69(4294967293) elements to enumerate. Approximating.
[eva:alarm] spng.c:1426: Warning: 
  out of bounds read.
  assert \valid_read(&(ctx->splt_list + i_0)->sample_depth);
[eva:alarm] spng.c:1428: Warning: 
  accessing uninitialized left-value.
  assert \initialized(&(ctx->splt_list + i_0)->n_entries);
[eva:alarm] spng.c:1428: Warning: 
  out of bounds read. assert \valid_read(&(ctx->splt_list + i_0)->n_entries);
[eva:alarm] spng.c:1435: Warning: 
  out of bounds read. assert \valid_read(&(ctx->splt_list + i_0)->entries);
[eva:alarm] spng.c:1437: Warning: 
  out of bounds read. assert \valid_read(&(ctx->splt_list + i_0)->entries);
[eva:alarm] spng.c:1438: Warning: 
  out of bounds read. assert \valid_read(&(ctx->splt_list + i_0)->entries);
[eva:alarm] spng.c:1439: Warning: 
  out of bounds read. assert \valid_read(&(ctx->splt_list + i_0)->entries);
[eva:alarm] spng.c:1440: Warning: 
  out of bounds read. assert \valid_read(&(ctx->splt_list + i_0)->entries);
[kernel] spng.c:1435: 
  more than 69(4294967293) locations to update in array. Approximating.
[kernel] spng.c:1437: 
  more than 69(4294967293) locations to update in array. Approximating.
[kernel] spng.c:1438: 
  more than 69(4294967293) locations to update in array. Approximating.
[kernel] spng.c:1439: 
  more than 69(4294967293) locations to update in array. Approximating.
[kernel] spng.c:1440: 
  more than 69(4294967293) locations to update in array. Approximating.
[eva:loop-unroll:partial] spng.c:1283: loop not completely unrolled
[eva] spng.c:1283: starting to merge loop iterations
[eva:alarm] spng.c:1265: Warning: 
  function memcpy: precondition 'valid_src' got status unknown.
[eva:loop-unroll:partial] spng.c:1263: loop not completely unrolled
[eva] spng.c:1263: starting to merge loop iterations
[eva:alarm] spng.c:1227: Warning: 
  function memcpy: precondition 'valid_src' got status unknown.
[eva:alarm] spng.c:1228: Warning: 
  accessing uninitialized left-value.
  assert \initialized(&ctx->bkgd.plte_index);
[eva] spng.c:1046: Trace partitioning superposing up to 100 states
[eva:alarm] spng.c:936: Warning: 
  pointer comparison. assert \pointer_comparable((void *)str, (void *)0);
[eva:loop-unroll:partial] spng.c:1067: loop not completely unrolled
[eva:loop-unroll:partial] spng.c:1452: loop not completely unrolled
[eva:loop-unroll:partial] spng.c:1143: loop not completely unrolled
[eva:loop-unroll:partial] spng.c:1075: loop not completely unrolled
[eva] spng.c:1046: starting to merge loop iterations
[eva] spng.c:1046: Trace partitioning superposing up to 200 states
[kernel] spng.c:1375: 
  more than 69(2147483648) elements to enumerate. Approximating.
[kernel] spng.c:1375: 
  more than 69(2147483648) locations to update in array. Approximating.
[kernel] spng.c:948: 
  more than 69(2147483648) elements to enumerate. Approximating.
[kernel] spng.c:1383: 
  more than 69(2147483648) elements to enumerate. Approximating.
[kernel] spng.c:1383: 
  more than 69(2147483648) locations to update in array. Approximating.
[kernel] spng.c:1390: 
  more than 69(2147483647) elements to enumerate. Approximating.
[kernel] spng.c:1390: 
  more than 69(2147483646) elements to enumerate. Approximating.
[kernel] spng.c:1390: 
  more than 69(2147483645) elements to enumerate. Approximating.
[eva:loop-unroll:partial] spng.c:1388: loop not completely unrolled
[kernel] spng.c:1390: 
  more than 69(2147483644) elements to enumerate. Approximating.
[kernel] spng.c:1390: 
  more than 69(2147483643) elements to enumerate. Approximating.
[kernel] spng.c:1390: 
  more than 69(2147483642) elements to enumerate. Approximating.
[kernel] spng.c:1390: 
  more than 69(2147483641) elements to enumerate. Approximating.
[kernel] spng.c:1390: 
  more than 69(2147483640) elements to enumerate. Approximating.
[kernel] spng.c:1390: 
  more than 69(2147483639) elements to enumerate. Approximating.
[eva] spng.c:1388: starting to merge loop iterations
[kernel] spng.c:1397: 
  more than 69(2147483648) locations to update in array. Approximating.
[kernel] spng.c:1397: 
  more than 69(2147483648) elements to enumerate. Approximating.
[kernel] spng.c:1402: 
  more than 69(2147483648) locations to update in array. Approximating.
[kernel] spng.c:1409: 
  more than 69(2147483648) locations to update in array. Approximating.
[kernel] spng.c:1409: 
  more than 69(2147483648) elements to enumerate. Approximating.
[eva] spng.c:1046: Trace partitioning superposing up to 300 states
[kernel] spng.c:1375: 
  more than 69(2147483649) elements to enumerate. Approximating.
[kernel] spng.c:1375: 
  more than 69(2147483649) locations to update in array. Approximating.
[kernel] spng.c:948: 
  more than 69(2147483649) elements to enumerate. Approximating.
[kernel] spng.c:1383: 
  more than 69(2147483649) elements to enumerate. Approximating.
[kernel] spng.c:1383: 
  more than 69(2147483649) locations to update in array. Approximating.
[kernel] spng.c:1390: 
  more than 69(2147483648) elements to enumerate. Approximating.
[kernel] spng.c:1397: 
  more than 69(2147483649) locations to update in array. Approximating.
[kernel] spng.c:1397: 
  more than 69(2147483649) elements to enumerate. Approximating.
[kernel] spng.c:1402: 
  more than 69(2147483649) locations to update in array. Approximating.
[kernel] spng.c:1409: 
  more than 69(2147483649) locations to update in array. Approximating.
[kernel] spng.c:1409: 
  more than 69(2147483649) elements to enumerate. Approximating.
[kernel] spng.c:1375: 
  more than 69(4294967295) elements to enumerate. Approximating.
[kernel] spng.c:1375: 
  more than 69(4294967295) locations to update in array. Approximating.
[kernel] spng.c:948: 
  more than 69(4294967295) elements to enumerate. Approximating.
[kernel] spng.c:1383: 
  more than 69(4294967295) elements to enumerate. Approximating.
[kernel] spng.c:1383: 
  more than 69(4294967295) locations to update in array. Approximating.
[kernel] spng.c:1390: 
  more than 69(4294967294) elements to enumerate. Approximating.
[kernel] spng.c:1390: 
  more than 69(4294967293) elements to enumerate. Approximating.
[kernel] spng.c:1390: 
  more than 69(4294967292) elements to enumerate. Approximating.
[kernel] spng.c:1397: 
  more than 69(4294967295) locations to update in array. Approximating.
[kernel] spng.c:1397: 
  more than 69(4294967295) elements to enumerate. Approximating.
[kernel] spng.c:1402: 
  more than 69(4294967295) locations to update in array. Approximating.
[kernel] spng.c:1409: 
  more than 69(4294967295) locations to update in array. Approximating.
[kernel] spng.c:1409: 
  more than 69(4294967295) elements to enumerate. Approximating.
[eva] spng.c:1483: Trace partitioning superposing up to 1300 states
[kernel] spng.c:1419: 
  more than 69(4294967295) elements to enumerate. Approximating.
[kernel] spng.c:1420: 
  more than 69(4294967295) elements to enumerate. Approximating.
[kernel] spng.c:1421: 
  more than 69(4294967295) elements to enumerate. Approximating.
[kernel] spng.c:1422: 
  more than 69(4294967295) elements to enumerate. Approximating.
[kernel] spng.c:1423: 
  more than 69(4294967295) elements to enumerate. Approximating.
[eva] spng.c:1690: cannot properly split on \result == 0
[eva] spng.c:2476: cannot properly split on \result == 0
[eva] using specification for function printf_va_8
[eva:alarm] examples/example.c:80: Warning: 
  accessing uninitialized left-value. assert \initialized(&ihdr.color_type);
[eva:alarm] examples/example.c:91: Warning: 
  accessing uninitialized left-value. assert \initialized(&ihdr.bit_depth);
[eva] using specification for function printf_va_9
[eva:alarm] examples/example.c:95: Warning: 
  accessing uninitialized left-value.
  assert \initialized(&ihdr.compression_method);
[eva:alarm] examples/example.c:95: Warning: 
  accessing uninitialized left-value. assert \initialized(&ihdr.filter_method);
[eva:alarm] examples/example.c:95: Warning: 
  accessing uninitialized left-value.
  assert \initialized(&ihdr.interlace_method);
[eva] using specification for function printf_va_10
[eva:alarm] spng.c:997: Warning: 
  pointer comparison. assert \pointer_comparable((void *)ctx->data, (void *)0);
[eva] spng.c:220: allocating variable __malloc_spng__malloc_l220_1
[eva] spng.c:225: allocating variable __calloc_spng__calloc_l225_0
[eva] spng.c:230: allocating variable __realloc_spng__realloc_l230_0
[kernel] spng.c:1390: 
  more than 69(4294967291) elements to enumerate. Approximating.
[kernel] spng.c:1390: 
  more than 69(4294967290) elements to enumerate. Approximating.
[kernel] spng.c:1390: 
  more than 69(4294967289) elements to enumerate. Approximating.
[kernel] spng.c:1390: 
  more than 69(4294967288) elements to enumerate. Approximating.
[kernel] spng.c:1390: 
  more than 69(4294967287) elements to enumerate. Approximating.
[kernel] spng.c:1390: 
  more than 69(4294967286) elements to enumerate. Approximating.
[kernel] spng.c:1390: 
  more than 69(4294967285) elements to enumerate. Approximating.
[eva] spng.c:220: allocating variable __malloc_spng__malloc_l220_2
[kernel] spng.c:1419: 
  more than 69(4294967276) locations to update in array. Approximating.
[kernel] spng.c:1419: 
  more than 69(4294967276) elements to enumerate. Approximating.
[kernel] spng.c:1420: 
  more than 69(4294967276) locations to update in array. Approximating.
[kernel] spng.c:1420: 
  more than 69(4294967276) elements to enumerate. Approximating.
[kernel] spng.c:1421: 
  more than 69(4294967276) locations to update in array. Approximating.
[kernel] spng.c:1421: 
  more than 69(4294967276) elements to enumerate. Approximating.
[kernel] spng.c:1422: 
  more than 69(4294967276) locations to update in array. Approximating.
[kernel] spng.c:1422: 
  more than 69(4294967276) elements to enumerate. Approximating.
[kernel] spng.c:1423: 
  more than 69(4294967276) locations to update in array. Approximating.
[kernel] spng.c:1423: 
  more than 69(4294967276) elements to enumerate. Approximating.
[kernel] spng.c:1417: 
  more than 69(4294967295) elements to enumerate. Approximating.
[kernel] spng.c:1415: 
  more than 69(4294967295) elements to enumerate. Approximating.
[kernel] spng.c:1435: 
  more than 69(4294967295) elements to enumerate. Approximating.
[kernel] spng.c:1435: 
  more than 69(4294967276) locations to update in array. Approximating.
[kernel] spng.c:1435: 
  more than 69(4294967276) elements to enumerate. Approximating.
[kernel] spng.c:1437: 
  more than 69(4294967276) locations to update in array. Approximating.
[kernel] spng.c:1437: 
  more than 69(4294967276) elements to enumerate. Approximating.
[kernel] spng.c:1438: 
  more than 69(4294967276) locations to update in array. Approximating.
[kernel] spng.c:1439: 
  more than 69(4294967276) locations to update in array. Approximating.
[kernel] spng.c:1440: 
  more than 69(4294967276) locations to update in array. Approximating.
[kernel] spng.c:1428: 
  more than 69(4294967295) elements to enumerate. Approximating.
[kernel] spng.c:1426: 
  more than 69(4294967295) elements to enumerate. Approximating.
[eva:alarm] spng.c:1285: Warning: 
  accessing out of bounds index. assert k_0 < 256;
[eva:alarm] spng.c:1265: Warning: 
  function memcpy: precondition 'valid_dest' got status unknown.
[eva:alarm] spng.c:1359: Warning: 
  accessing uninitialized left-value. assert \initialized(&ctx->n_splt);
[eva:alarm] spng.c:1363: Warning: 
  accessing uninitialized left-value. assert \initialized(&ctx->splt_list);
[eva:alarm] spng.c:230: Warning: 
  function realloc: precondition 'freeable' got status unknown.
[eva] spng.c:1483: Trace partitioning superposing up to 1000 states
[eva:alarm] spng.c:2449: Warning: 
  division by zero. assert (unsigned long)ctx->ihdr.width ≢ 0;
[eva:alarm] spng.c:2452: Warning: 
  division by zero. assert (unsigned long)ctx->ihdr.height ≢ 0;
[eva] spng.c:2467: cannot properly split on \result == 0
[eva] spng.c:1483: Trace partitioning superposing up to 900 states
[eva] examples/example.c:106: allocating variable __malloc_main_l106
[eva:alarm] examples/example.c:106: Warning: 
  accessing uninitialized left-value. assert \initialized(&out_size);
[eva] spng.c:220: allocating variable __malloc_spng__malloc_l220_3
[eva] spng.c:225: allocating variable __calloc_spng__calloc_l225_1
[eva] spng.c:230: allocating variable __realloc_spng__realloc_l230_1
[eva] spng.c:220: allocating variable __malloc_spng__malloc_l220_4
[eva:alarm] spng.c:1715: Warning: 
  accessing uninitialized left-value. assert \initialized(&out_size_required);
[eva:alarm] spng.c:1721: Warning: 
  accessing uninitialized left-value.
  assert \initialized(&ctx->ihdr.color_type);
[eva:alarm] spng.c:1727: Warning: 
  accessing uninitialized left-value.
  assert \initialized(&ctx->ihdr.bit_depth);
[eva:alarm] spng.c:1753: Warning: 
  accessing uninitialized left-value.
  assert \initialized(&ctx->ihdr.interlace_method);
[eva:alarm] spng.c:1762: Warning: 
  division by zero. assert (int)ctx->ihdr.bit_depth ≢ 0;
[eva:alarm] spng.c:1763: Warning: 
  invalid RHS operand for shift. assert 0 ≤ (int)ctx->ihdr.bit_depth < 32;
[eva:alarm] spng.c:1763: Warning: 
  signed overflow. assert 1 << (int)ctx->ihdr.bit_depth ≤ 2147483647;
[eva:loop-unroll:auto] spng.c:1650: Automatic loop unrolling.
[eva] spng.c:220: allocating variable __malloc_spng__malloc_l220_5
[eva] spng.c:220: allocating variable __malloc_spng__malloc_l220_6
[eva] spng.c:220: allocating variable __malloc_spng__malloc_l220_7
[eva:alarm] spng.c:1929: Warning: 
  accessing uninitialized left-value.
  assert \initialized(&ctx->plte.entries[i].red);
[eva:alarm] spng.c:648: Warning: 
  invalid RHS operand for shift. assert 0 ≤ (int)shift_amount < 32;
[eva:alarm] spng.c:648: Warning: 
  signed overflow. assert (int)sample_bits << (int)shift_amount ≤ 2147483647;
[eva:loop-unroll:partial] spng.c:649: loop not completely unrolled
[eva] spng.c:646: starting to merge loop iterations
[eva] using specification for function abs
[eva:alarm] spng.c:654: Warning: 
  invalid RHS operand for shift.
  assert 0 ≤ tmp < 32;
  (tmp from abs((int)shift_amount))
[eva:alarm] spng.c:636: Warning: 
  invalid RHS operand for shift.
  assert 0 ≤ (unsigned int)(bit_depth - sbits) < 32;
[eva:alarm] spng.c:1930: Warning: 
  accessing uninitialized left-value.
  assert \initialized(&ctx->plte.entries[i].green);
[eva:alarm] spng.c:1931: Warning: 
  accessing uninitialized left-value.
  assert \initialized(&ctx->plte.entries[i].blue);
[eva] spng.c:1922: Trace partitioning superposing up to 100 states
[eva] spng.c:1922: Trace partitioning superposing up to 200 states
[eva:loop-unroll:auto] spng.c:1967: Automatic loop unrolling.
[eva:alarm] spng.c:1975: Warning: 
  function memset: precondition 'valid_s' got status unknown.
[eva:alarm] spng.c:442: Warning: 
  function memcmp: precondition 'initialization,s1' got status unknown.
[eva:alarm] spng.c:452: Warning: 
  function memcmp: precondition 'initialization,s1' got status unknown.
[eva:loop-unroll:partial] spng.c:452: loop not completely unrolled
[eva] spng.c:450: Trace partitioning superposing up to 100 states
[eva] spng.c:447: starting to merge loop iterations
[eva] spng.c:466: cannot properly split on \result == 1
[eva:loop-unroll:partial] spng.c:511: loop not completely unrolled
[eva] spng.c:488: starting to merge loop iterations
[eva:alarm] spng.c:1513: Warning: 
  function memcmp: precondition 'initialization,s1' got status unknown.
[eva:alarm] spng.c:1546: Warning: 
  function memcmp: precondition 'initialization,s1' got status unknown.
[eva] spng.c:220: allocating variable __malloc_spng__malloc_l220_8
[eva:alarm] spng.c:1593: Warning: 
  function memcpy: precondition 'valid_dest' got status unknown.
[eva:alarm] spng.c:1593: Warning: 
  function memcpy: precondition 'valid_src' got status unknown.
[eva:alarm] spng.c:1566: Warning: 
  function memcpy: precondition 'valid_src' got status unknown.
[eva:alarm] spng.c:1567: Warning: 
  function memcpy: precondition 'valid_src' got status unknown.
[eva:alarm] spng.c:1568: Warning: 
  function memcpy: precondition 'valid_src' got status unknown.
[eva:alarm] spng.c:1569: Warning: 
  function memcpy: precondition 'valid_src' got status unknown.
[eva:alarm] spng.c:1570: Warning: 
  function memcpy: precondition 'valid_src' got status unknown.
[eva:loop-unroll:partial] spng.c:1527: loop not completely unrolled
[eva:loop-unroll:partial] spng.c:1536: loop not completely unrolled
[eva:loop-unroll:partial] spng.c:1613: loop not completely unrolled
[eva:loop-unroll:partial] spng.c:1546: loop not completely unrolled
[eva] spng.c:1500: starting to merge loop iterations
[eva] spng.c:1617: Trace partitioning superposing up to 200 states
[eva] spng.c:1617: cannot properly split on \result == 0
[eva] spng.c:2246: cannot properly split on \result == 0
[kernel] spng.c:1927: more than 69(256) elements to enumerate. Approximating.
[kernel] spng.c:1929: more than 69(256) elements to enumerate. Approximating.
[kernel] spng.c:1930: more than 69(256) elements to enumerate. Approximating.
[kernel] spng.c:1931: more than 69(256) elements to enumerate. Approximating.
[kernel] spng.c:1932: more than 69(256) elements to enumerate. Approximating.
[eva] using specification for function printf_va_11
[eva:alarm] spng.c:2293: Warning: 
  accessing uninitialized left-value. assert \initialized(&ctx->exif.data);
[eva:alarm] spng.c:2293: Warning: 
  accessing left-value that contains escaping addresses.
  assert ¬\dangling(&ctx->exif.data);
[eva:alarm] spng.c:235: Warning: 
  function free: precondition 'freeable' got status unknown.
[eva:alarm] spng.c:2299: Warning: 
  accessing uninitialized left-value. assert \initialized(&ctx->splt_list);
[eva:alarm] spng.c:2302: Warning: 
  accessing uninitialized left-value. assert \initialized(&ctx->n_splt);
[eva:alarm] spng.c:2304: Warning: 
  accessing uninitialized left-value.
  assert \initialized(&(ctx->splt_list + i)->entries);
[eva:alarm] spng.c:2304: Warning: 
  out of bounds read. assert \valid_read(&(ctx->splt_list + i)->entries);
[eva:alarm] spng.c:2304: Warning: 
  accessing left-value that contains escaping addresses.
  assert ¬\dangling(&(ctx->splt_list + i)->entries);
[eva:alarm] spng.c:2304: Warning: 
  out of bounds read. assert \valid_read(&(ctx->splt_list + i)->entries);
[eva:loop-unroll:partial] spng.c:2302: loop not completely unrolled
[eva] spng.c:2302: starting to merge loop iterations
[kernel] spng.c:2304: 
  more than 69(2147483638) elements to enumerate. Approximating.
[kernel] spng.c:2304: 
  more than 69(2147483639) elements to enumerate. Approximating.
[kernel] spng.c:2304: 
  more than 69(4294967285) elements to enumerate. Approximating.
[kernel] spng.c:2304: 
  more than 69(4294967295) elements to enumerate. Approximating.
[eva:alarm] examples/example.c:120: Warning: 
  accessing left-value that contains escaping addresses.
  assert ¬\dangling(&out);
[kernel] spng.c:941: 
  more than 69(4294967295) elements to enumerate. Approximating.
[kernel] spng.c:1394: 
  more than 69(4294967295) elements to enumerate. Approximating.
[scope:rm_asserts] removing 19 assertion(s)
[eva] ====== VALUES COMPUTED ======
[eva:final-states] Values at end of function buffer_read_fn:
  __retres ∈ {-1; 0}
  __calloc_spng_ctx_new2_l2274.data_size ∈ [1..9223372036854775807]
                              .bytes_read ∈ [--..--]
                              .stream_buf ∈ {0}
                              .data ∈ {{ &__malloc_main_l34 + [0..--] }}
                              .read_fn ∈ {{ &buffer_read_fn }}
                              .read_user_ptr ∈ {0}
                              .png_buf ∈
                              {{ (unsigned char const *)&__malloc_main_l34 }}
                              .bytes_left ∈ [--..--]
                              .last_read_size ∈ [0..4294967295]
                              .current_chunk.offset ∈ [--..--]
                              .current_chunk.length ∈ [0..2147483647]
                              .current_chunk.type[0..3] ∈
                              [--..--] or UNINITIALIZED
                              .current_chunk.crc ∈ [--..--]
                              .current_chunk.[bits 160 to 191] ∈ {0}
                              .cur_chunk_bytes_left ∈ [--..--]
                              .cur_actual_crc ∈ {0; 4; 17}
                              .alloc.malloc_fn ∈ {{ &malloc }}
                              .alloc.realloc_fn ∈ {{ &realloc }}
                              .alloc.calloc_fn ∈ {{ &calloc }}
                              .alloc.free_fn ∈ {{ &free }}
                              .valid_state ∈ [--..--]
                              {.streaming; .encode_only; .have_first_idat; .have_last_idat; .[bits 1093 to 1119]} ∈
                              {0}
                              .file{.ihdr; .plte; .chrm} ∈ [--..--]
                              .file.iccp ∈ {0}
                              .file{.gama; .sbit; .srgb; .text; .bkgd; .hist; .trns; .phys; .splt; .time; .offs; .exif} ∈
                              [--..--]
                              {.file.[bits 16 to 31]; .user} ∈ {0}
                              .stored.ihdr ∈ [--..--]
                              .stored.plte ∈ {0}
                              .stored.chrm ∈ [--..--]
                              .stored.iccp ∈ {0}
                              .stored{.gama; .sbit; .srgb} ∈ [--..--]
                              .stored.text ∈ {0}
                              .stored{.bkgd; .hist; .trns; .phys; .splt; .time; .offs; .exif} ∈
                              [--..--]
                              .stored.[bits 16 to 31] ∈ {0}
                              .first_idat.offset ∈
                              [0..18446744073709551607]
                              .first_idat.length ∈ [0..2147483647]
                              .first_idat.type[0..3] ∈ [--..--]
                              .first_idat{.crc; .[bits 160 to 191]} ∈ {0}
                              .last_idat.offset ∈ [--..--]
                              .last_idat.length ∈ [0..2147483647]
                              .last_idat.type[0..3] ∈
                              [--..--] or UNINITIALIZED
                              .last_idat.crc ∈ [--..--]
                              .last_idat.[bits 160 to 191] ∈ {0}
                              {.max_width; .max_height} ∈ {0; 2147483647}
                              .max_chunk_size ∈ {2147483647}
                              .[bits 1696 to 1727] ∈ {0}
                              .chunk_cache_limit ∈ {18446744073709551615}
                              .chunk_cache_usage ∈ [--..--]
                              {.crc_action_critical; .crc_action_ancillary} ∈
                              {2}
                              .ihdr{.width; .height} ∈ [--..--]
                              .ihdr{.bit_depth; .color_type; .compression_method; .filter_method; .interlace_method} ∈
                              [--..--] or UNINITIALIZED
                              .ihdr.[bits 104 to 127] ∈ {0}
                              .plte_offset ∈ [--..--]
                              .plte.n_entries ∈ [0..715827882]
                              .plte.entries[0]{.red; .green; .blue} ∈
                              [--..--] or UNINITIALIZED
                              .plte.entries[0].alpha ∈ {0; 255}
                              .plte.entries[1]{.red; .green; .blue} ∈
                              [--..--] or UNINITIALIZED
                              .plte.entries[1].alpha ∈ {0; 255}
                              .plte.entries{[2..254]; [255]{.red; .green; .blue}} ∈
                              [--..--] or UNINITIALIZED
                              .plte.entries[255].alpha ∈ {0; 255}
                              .chrm_int ∈ [--..--]
                              {.iccp; .[bits 10592 to 10623]} ∈ {0}
                              .gama ∈ [--..--]
                              {.gamma_lut; .[bits 11424 to 11455]} ∈ {0}
                              .sbit ∈ [--..--] or UNINITIALIZED
                              .srgb_rendering_intent ∈ [--..--]
                              {.n_text; .text_list; .[bits 11568 to 11583]; .[bits 11616 to 11647]} ∈
                              {0}
                              .bkgd{.gray; .red; .green; .blue} ∈ [--..--]
                              .bkgd.plte_index ∈ [0..255]
                              .hist ∈ [--..--]
                              .[bits 15888 to 15903] ∈ {0}
                              .trns{.gray; .red; .green; .blue} ∈ [--..--]
                              .trns.n_type3_entries ∈ [0..715827882]
                              {.trns.type3_alpha[0..255]; .phys; .n_splt} ∈
                              [--..--] or UNINITIALIZED
                              .splt_list ∈
                              {{ NULL + [--..--] ;
                                 (struct spng_splt *)&__calloc_w_spng__calloc_l225 ;
                                 (struct spng_splt *)&__realloc_w_spng__realloc_l230 ;
                                 (struct spng_splt *)&__calloc_w_spng__calloc_l225_0 ;
                                 (struct spng_splt *)&__realloc_w_spng__realloc_l230_0 ;
                                 (struct spng_splt *)&__calloc_w_spng__calloc_l225_1 ;
                                 (struct spng_splt *)&__realloc_w_spng__realloc_l230_1 }} or UNINITIALIZED
                              {.time; .offs; .exif.length; .[bits 18400 to 18431]} ∈
                              [--..--] or UNINITIALIZED
                              .exif.data ∈
                              {{ NULL + [--..--] ;
                                 &__malloc_w_spng__malloc_l220[0] ;
                                 &__malloc_w_spng__malloc_l220_1[0] ;
                                 &__malloc_w_spng__malloc_l220_3[0] ;
                                 &__malloc_w_spng__malloc_l220_8[0] }} or UNINITIALIZED or ESCAPINGADDR
                              .gamma_lut8[0..255] ∈
                              [--..--] or UNINITIALIZED
[eva:final-states] Values at end of function calculate_subimages:
  scanline_width ∈ [1..66571993074] or UNINITIALIZED
  widest ∈ [0..66571993074]
  i ∈ {7}
  sub[0]{.width; .height} ∈ [--..--]
     [0].scanline_width ∈ [0..66571993074]
     [1]{.width; .height} ∈ [0..536870911]
     [1].scanline_width ∈ [0..8321499122]
     [2].width ∈ [0..1073741823]
     [2].height ∈ [0..536870911]
     [2].scanline_width ∈ [0..16642998258]
     [3]{.width; .height} ∈ [0..1073741823]
     [3].scanline_width ∈ [0..16642998258]
     [4].width ∈ [0..2147483647]
     [4].height ∈ [0..1073741823]
     [4].scanline_width ∈ [0..33285996530]
     [5]{.width; .height} ∈ [0..2147483647]
     [5].scanline_width ∈ [0..33285996530]
     [6].width ∈ [--..--]
     [6].height ∈ [0..2147483647]
     [6].scanline_width ∈ [0..66571993074]
  scanline_width ∈ [0..66571993074]
  __retres ∈ {0}
[eva:final-states] Values at end of function check_chrm_int:
  __retres ∈ {0; 34}
[eva:final-states] Values at end of function check_ihdr:
  __retres ∈ {0; 5; 6; 9; 10; 11; 12; 13}
[eva:final-states] Values at end of function check_offs:
  __retres ∈ {0; 1}
[eva:final-states] Values at end of function check_phys:
  __retres ∈ {0; 55}
[eva:final-states] Values at end of function check_plte:
  __retres ∈ {0; 1}
[eva:final-states] Values at end of function check_sbit:
  __retres ∈ {0; 41}
[eva:final-states] Values at end of function check_time:
  __retres ∈ {0; 1}
[eva:final-states] Values at end of function chunk_fits_in_cache:
  usage ∈ [--..--]
  __retres ∈ {0; 1}
  __calloc_spng_ctx_new2_l2274.data_size ∈ [1..9223372036854775807]
                              .bytes_read ∈ [--..--]
                              .stream_buf ∈ {0}
                              .data ∈ {{ &__malloc_main_l34 + [0..--] }}
                              .read_fn ∈ {{ &buffer_read_fn }}
                              .read_user_ptr ∈ {0}
                              .png_buf ∈
                              {{ (unsigned char const *)&__malloc_main_l34 }}
                              .bytes_left ∈ [0..18446744073709551611]
                              .last_read_size ∈ [0..4294967295]
                              .current_chunk.offset ∈
                              [0..18446744073709551607]
                              .current_chunk.length ∈ [0..2147483647]
                              .current_chunk.type[0..3] ∈
                              [--..--] or UNINITIALIZED
                              .current_chunk.crc ∈ [--..--]
                              .current_chunk.[bits 160 to 191] ∈ {0}
                              .cur_chunk_bytes_left ∈ [--..--]
                              .cur_actual_crc ∈ {4}
                              .alloc.malloc_fn ∈ {{ &malloc }}
                              .alloc.realloc_fn ∈ {{ &realloc }}
                              .alloc.calloc_fn ∈ {{ &calloc }}
                              .alloc.free_fn ∈ {{ &free }}
                              .valid_state ∈ [--..--]
                              {.streaming; .encode_only; .have_first_idat; .have_last_idat; .[bits 1093 to 1119]} ∈
                              {0}
                              .file{.ihdr; .plte; .chrm} ∈ [--..--]
                              .file.iccp ∈ {0}
                              .file{.gama; .sbit; .srgb; .text; .bkgd; .hist; .trns; .phys; .splt; .time; .offs; .exif} ∈
                              [--..--]
                              {.file.[bits 16 to 31]; .user} ∈ {0}
                              .stored.ihdr ∈ [--..--]
                              .stored.plte ∈ {0}
                              .stored.chrm ∈ [--..--]
                              .stored.iccp ∈ {0}
                              .stored{.gama; .sbit; .srgb} ∈ [--..--]
                              .stored.text ∈ {0}
                              .stored{.bkgd; .hist; .trns; .phys; .splt; .time; .offs; .exif} ∈
                              [--..--]
                              .stored.[bits 16 to 31] ∈ {0}
                              .first_idat.offset ∈
                              [0..18446744073709551607]
                              .first_idat.length ∈ [0..2147483647]
                              .first_idat.type[0..3] ∈ [--..--]
                              .first_idat{.crc; .[bits 160 to 191]} ∈ {0}
                              .last_idat.offset ∈ [--..--]
                              .last_idat.length ∈ [0..2147483647]
                              .last_idat.type[0..3] ∈
                              [--..--] or UNINITIALIZED
                              .last_idat.crc ∈ [--..--]
                              .last_idat.[bits 160 to 191] ∈ {0}
                              {.max_width; .max_height} ∈ {0; 2147483647}
                              .max_chunk_size ∈ {2147483647}
                              .[bits 1696 to 1727] ∈ {0}
                              .chunk_cache_limit ∈ {18446744073709551615}
                              .chunk_cache_usage ∈ [--..--]
                              {.crc_action_critical; .crc_action_ancillary} ∈
                              {2}
                              .ihdr{.width; .height} ∈ [1..4294967295]
                              .ihdr.bit_depth ∈ [1..31]
                              .ihdr.color_type ∈ [--..--]
                              .ihdr{.compression_method; .filter_method} ∈
                              [--..--] or UNINITIALIZED
                              .ihdr.interlace_method ∈ [--..--]
                              .ihdr.[bits 104 to 127] ∈ {0}
                              .plte_offset ∈ [--..--]
                              .plte.n_entries ∈ [0..715827882]
                              .plte.entries[0]{.red; .green; .blue} ∈
                              [--..--] or UNINITIALIZED
                              .plte.entries[0].alpha ∈ {0; 255}
                              .plte.entries[1]{.red; .green; .blue} ∈
                              [--..--] or UNINITIALIZED
                              .plte.entries[1].alpha ∈ {0; 255}
                              .plte.entries{[2..254]; [255]{.red; .green; .blue}} ∈
                              [--..--] or UNINITIALIZED
                              .plte.entries[255].alpha ∈ {0; 255}
                              .chrm_int ∈ [--..--]
                              {.iccp; .[bits 10592 to 10623]} ∈ {0}
                              .gama ∈ [--..--]
                              {.gamma_lut; .[bits 11424 to 11455]} ∈ {0}
                              .sbit ∈ [--..--] or UNINITIALIZED
                              .srgb_rendering_intent ∈ [--..--]
                              {.n_text; .text_list; .[bits 11568 to 11583]; .[bits 11616 to 11647]} ∈
                              {0}
                              .bkgd{.gray; .red; .green; .blue} ∈ [--..--]
                              .bkgd.plte_index ∈ [0..255]
                              .hist ∈ [--..--]
                              .[bits 15888 to 15903] ∈ {0}
                              .trns{.gray; .red; .green; .blue} ∈ [--..--]
                              .trns.n_type3_entries ∈ [0..715827882]
                              {.trns.type3_alpha[0..255]; .phys; .n_splt} ∈
                              [--..--] or UNINITIALIZED
                              .splt_list ∈
                              {{ NULL + [--..--] ;
                                 (struct spng_splt *)&__calloc_w_spng__calloc_l225 ;
                                 (struct spng_splt *)&__realloc_w_spng__realloc_l230 ;
                                 (struct spng_splt *)&__calloc_w_spng__calloc_l225_0 ;
                                 (struct spng_splt *)&__realloc_w_spng__realloc_l230_0 ;
                                 (struct spng_splt *)&__calloc_w_spng__calloc_l225_1 ;
                                 (struct spng_splt *)&__realloc_w_spng__realloc_l230_1 }} or UNINITIALIZED
                              {.time; .offs; .exif.length; .[bits 18400 to 18431]} ∈
                              [--..--] or UNINITIALIZED
                              .exif.data ∈
                              {{ NULL + [--..--] ;
                                 &__malloc_w_spng__malloc_l220[0] ;
                                 &__malloc_w_spng__malloc_l220_1[0] ;
                                 &__malloc_w_spng__malloc_l220_3[0] ;
                                 &__malloc_w_spng__malloc_l220_8[0] }} or UNINITIALIZED or ESCAPINGADDR
                              .gamma_lut8[0..255] ∈
                              [--..--] or UNINITIALIZED
[eva:final-states] Values at end of function crc32:
  __retres ∈ {0; 4; 17}
[eva:final-states] Values at end of function inflate:
  stream.next_in ∈ {{ &__malloc_main_l34 + [0..--] }}
        .avail_in ∈ [0..2147483647]
        {.total_in; .[bits 96 to 127]} ∈ UNINITIALIZED
        .next_out ∈ {{ &filter + [0..--] }}
        .avail_out ∈ {1}
        {.total_out; .[bits 288 to 319]} ∈ UNINITIALIZED
        .zalloc ∈ {{ &spng__zalloc }}
        .zfree ∈ {{ &spng__zfree }}
        .opaque ∈ {{ (void *)&__calloc_spng_ctx_new2_l2274 }}
        {.data_type; .adler; .[bits 608 to 639]} ∈ UNINITIALIZED
  __retres ∈ {-5; 0}
[eva:final-states] Values at end of function inflateEnd:
  __retres ∈ {0}
[eva:final-states] Values at end of function inflateInit:
  __retres ∈ {0}
[eva:final-states] Values at end of function is_critical_chunk:
  __retres ∈ {0; 1}
[eva:final-states] Values at end of function check_exif:
  exif_le[0..1] ∈ {73} or UNINITIALIZED
         [2] ∈ {42} or UNINITIALIZED
         [3] ∈ {0} or UNINITIALIZED
  exif_be[0..1] ∈ {77} or UNINITIALIZED
         [2] ∈ {0} or UNINITIALIZED
         [3] ∈ {42} or UNINITIALIZED
  __retres ∈ {0; 1; 17}
[eva:final-states] Values at end of function read_data:
  ret ∈ {-1; 0}
  __retres ∈ {-1; 0; 3}
  __calloc_spng_ctx_new2_l2274.data_size ∈ [1..9223372036854775807]
                              .bytes_read ∈ [--..--]
                              .stream_buf ∈ {0}
                              .data ∈ {{ &__malloc_main_l34 + [0..--] }}
                              .read_fn ∈ {{ &buffer_read_fn }}
                              .read_user_ptr ∈ {0}
                              .png_buf ∈
                              {{ (unsigned char const *)&__malloc_main_l34 }}
                              .bytes_left ∈ [--..--]
                              .last_read_size ∈ [0..4294967295]
                              .current_chunk.offset ∈ [--..--]
                              .current_chunk.length ∈ [0..2147483647]
                              .current_chunk.type[0..3] ∈
                              [--..--] or UNINITIALIZED
                              .current_chunk.crc ∈ [--..--]
                              .current_chunk.[bits 160 to 191] ∈ {0}
                              .cur_chunk_bytes_left ∈ [--..--]
                              .cur_actual_crc ∈ {0; 4; 17}
                              .alloc.malloc_fn ∈ {{ &malloc }}
                              .alloc.realloc_fn ∈ {{ &realloc }}
                              .alloc.calloc_fn ∈ {{ &calloc }}
                              .alloc.free_fn ∈ {{ &free }}
                              .valid_state ∈ [--..--]
                              {.streaming; .encode_only; .have_first_idat; .have_last_idat; .[bits 1093 to 1119]} ∈
                              {0}
                              .file{.ihdr; .plte; .chrm} ∈ [--..--]
                              .file.iccp ∈ {0}
                              .file{.gama; .sbit; .srgb; .text; .bkgd; .hist; .trns; .phys; .splt; .time; .offs; .exif} ∈
                              [--..--]
                              {.file.[bits 16 to 31]; .user} ∈ {0}
                              .stored.ihdr ∈ [--..--]
                              .stored.plte ∈ {0}
                              .stored.chrm ∈ [--..--]
                              .stored.iccp ∈ {0}
                              .stored{.gama; .sbit; .srgb} ∈ [--..--]
                              .stored.text ∈ {0}
                              .stored{.bkgd; .hist; .trns; .phys; .splt; .time; .offs; .exif} ∈
                              [--..--]
                              .stored.[bits 16 to 31] ∈ {0}
                              .first_idat.offset ∈
                              [0..18446744073709551607]
                              .first_idat.length ∈ [0..2147483647]
                              .first_idat.type[0..3] ∈ [--..--]
                              .first_idat{.crc; .[bits 160 to 191]} ∈ {0}
                              .last_idat.offset ∈ [--..--]
                              .last_idat.length ∈ [0..2147483647]
                              .last_idat.type[0..3] ∈
                              [--..--] or UNINITIALIZED
                              .last_idat.crc ∈ [--..--]
                              .last_idat.[bits 160 to 191] ∈ {0}
                              {.max_width; .max_height} ∈ {0; 2147483647}
                              .max_chunk_size ∈ {2147483647}
                              .[bits 1696 to 1727] ∈ {0}
                              .chunk_cache_limit ∈ {18446744073709551615}
                              .chunk_cache_usage ∈ [--..--]
                              {.crc_action_critical; .crc_action_ancillary} ∈
                              {2}
                              .ihdr{.width; .height} ∈ [--..--]
                              .ihdr{.bit_depth; .color_type; .compression_method; .filter_method; .interlace_method} ∈
                              [--..--] or UNINITIALIZED
                              .ihdr.[bits 104 to 127] ∈ {0}
                              .plte_offset ∈ [--..--]
                              .plte.n_entries ∈ [0..715827882]
                              .plte.entries[0]{.red; .green; .blue} ∈
                              [--..--] or UNINITIALIZED
                              .plte.entries[0].alpha ∈ {0; 255}
                              .plte.entries[1]{.red; .green; .blue} ∈
                              [--..--] or UNINITIALIZED
                              .plte.entries[1].alpha ∈ {0; 255}
                              .plte.entries{[2..254]; [255]{.red; .green; .blue}} ∈
                              [--..--] or UNINITIALIZED
                              .plte.entries[255].alpha ∈ {0; 255}
                              .chrm_int ∈ [--..--]
                              {.iccp; .[bits 10592 to 10623]} ∈ {0}
                              .gama ∈ [--..--]
                              {.gamma_lut; .[bits 11424 to 11455]} ∈ {0}
                              .sbit ∈ [--..--] or UNINITIALIZED
                              .srgb_rendering_intent ∈ [--..--]
                              {.n_text; .text_list; .[bits 11568 to 11583]; .[bits 11616 to 11647]} ∈
                              {0}
                              .bkgd{.gray; .red; .green; .blue} ∈ [--..--]
                              .bkgd.plte_index ∈ [0..255]
                              .hist ∈ [--..--]
                              .[bits 15888 to 15903] ∈ {0}
                              .trns{.gray; .red; .green; .blue} ∈ [--..--]
                              .trns.n_type3_entries ∈ [0..715827882]
                              {.trns.type3_alpha[0..255]; .phys; .n_splt} ∈
                              [--..--] or UNINITIALIZED
                              .splt_list ∈
                              {{ NULL + [--..--] ;
                                 (struct spng_splt *)&__calloc_w_spng__calloc_l225 ;
                                 (struct spng_splt *)&__realloc_w_spng__realloc_l230 ;
                                 (struct spng_splt *)&__calloc_w_spng__calloc_l225_0 ;
                                 (struct spng_splt *)&__realloc_w_spng__realloc_l230_0 ;
                                 (struct spng_splt *)&__calloc_w_spng__calloc_l225_1 ;
                                 (struct spng_splt *)&__realloc_w_spng__realloc_l230_1 }} or UNINITIALIZED
                              {.time; .offs; .exif.length; .[bits 18400 to 18431]} ∈
                              [--..--] or UNINITIALIZED
                              .exif.data ∈
                              {{ NULL + [--..--] ;
                                 &__malloc_w_spng__malloc_l220[0] ;
                                 &__malloc_w_spng__malloc_l220_1[0] ;
                                 &__malloc_w_spng__malloc_l220_3[0] ;
                                 &__malloc_w_spng__malloc_l220_8[0] }} or UNINITIALIZED or ESCAPINGADDR
                              .gamma_lut8[0..255] ∈
                              [--..--] or UNINITIALIZED
[eva:final-states] Values at end of function read_chunk_bytes:
  ret ∈ {-1; 0; 3} or UNINITIALIZED
  __retres ∈ {-1; 0; 1; 3}
  __calloc_spng_ctx_new2_l2274.data_size ∈ [1..9223372036854775807]
                              .bytes_read ∈ [--..--]
                              .stream_buf ∈ {0}
                              .data ∈ {{ &__malloc_main_l34 + [0..--] }}
                              .read_fn ∈ {{ &buffer_read_fn }}
                              .read_user_ptr ∈ {0}
                              .png_buf ∈
                              {{ (unsigned char const *)&__malloc_main_l34 }}
                              .bytes_left ∈ [--..--]
                              .last_read_size ∈ [0..4294967295]
                              .current_chunk.offset ∈ [--..--]
                              .current_chunk.length ∈ [0..2147483647]
                              .current_chunk.type[0..3] ∈
                              [--..--] or UNINITIALIZED
                              .current_chunk.crc ∈ [--..--]
                              .current_chunk.[bits 160 to 191] ∈ {0}
                              .cur_chunk_bytes_left ∈ [--..--]
                              .cur_actual_crc ∈ {0; 4; 17}
                              .alloc.malloc_fn ∈ {{ &malloc }}
                              .alloc.realloc_fn ∈ {{ &realloc }}
                              .alloc.calloc_fn ∈ {{ &calloc }}
                              .alloc.free_fn ∈ {{ &free }}
                              .valid_state ∈ [--..--]
                              {.streaming; .encode_only; .have_first_idat; .have_last_idat; .[bits 1093 to 1119]} ∈
                              {0}
                              .file{.ihdr; .plte; .chrm} ∈ [--..--]
                              .file.iccp ∈ {0}
                              .file{.gama; .sbit; .srgb; .text; .bkgd; .hist; .trns; .phys; .splt; .time; .offs; .exif} ∈
                              [--..--]
                              {.file.[bits 16 to 31]; .user} ∈ {0}
                              .stored.ihdr ∈ [--..--]
                              .stored.plte ∈ {0}
                              .stored.chrm ∈ [--..--]
                              .stored.iccp ∈ {0}
                              .stored{.gama; .sbit; .srgb} ∈ [--..--]
                              .stored.text ∈ {0}
                              .stored{.bkgd; .hist; .trns; .phys; .splt; .time; .offs; .exif} ∈
                              [--..--]
                              .stored.[bits 16 to 31] ∈ {0}
                              .first_idat.offset ∈
                              [0..18446744073709551607]
                              .first_idat.length ∈ [0..2147483647]
                              .first_idat.type[0..3] ∈ [--..--]
                              .first_idat{.crc; .[bits 160 to 191]} ∈ {0}
                              .last_idat.offset ∈ [--..--]
                              .last_idat.length ∈ [0..2147483647]
                              .last_idat.type[0..3] ∈
                              [--..--] or UNINITIALIZED
                              .last_idat.crc ∈ [--..--]
                              .last_idat.[bits 160 to 191] ∈ {0}
                              {.max_width; .max_height} ∈ {0; 2147483647}
                              .max_chunk_size ∈ {2147483647}
                              .[bits 1696 to 1727] ∈ {0}
                              .chunk_cache_limit ∈ {18446744073709551615}
                              .chunk_cache_usage ∈ [--..--]
                              {.crc_action_critical; .crc_action_ancillary} ∈
                              {2}
                              .ihdr{.width; .height} ∈ [1..4294967295]
                              .ihdr.bit_depth ∈ [1..31]
                              .ihdr.color_type ∈ [--..--]
                              .ihdr{.compression_method; .filter_method} ∈
                              [--..--] or UNINITIALIZED
                              .ihdr.interlace_method ∈ [--..--]
                              .ihdr.[bits 104 to 127] ∈ {0}
                              .plte_offset ∈ [--..--]
                              .plte.n_entries ∈ [0..715827882]
                              .plte.entries[0]{.red; .green; .blue} ∈
                              [--..--] or UNINITIALIZED
                              .plte.entries[0].alpha ∈ {0; 255}
                              .plte.entries[1]{.red; .green; .blue} ∈
                              [--..--] or UNINITIALIZED
                              .plte.entries[1].alpha ∈ {0; 255}
                              .plte.entries{[2..254]; [255]{.red; .green; .blue}} ∈
                              [--..--] or UNINITIALIZED
                              .plte.entries[255].alpha ∈ {0; 255}
                              .chrm_int ∈ [--..--]
                              {.iccp; .[bits 10592 to 10623]} ∈ {0}
                              .gama ∈ [--..--]
                              {.gamma_lut; .[bits 11424 to 11455]} ∈ {0}
                              .sbit ∈ [--..--] or UNINITIALIZED
                              .srgb_rendering_intent ∈ [--..--]
                              {.n_text; .text_list; .[bits 11568 to 11583]; .[bits 11616 to 11647]} ∈
                              {0}
                              .bkgd{.gray; .red; .green; .blue} ∈ [--..--]
                              .bkgd.plte_index ∈ [0..255]
                              .hist ∈ [--..--]
                              .[bits 15888 to 15903] ∈ {0}
                              .trns{.gray; .red; .green; .blue} ∈ [--..--]
                              .trns.n_type3_entries ∈ [0..715827882]
                              {.trns.type3_alpha[0..255]; .phys; .n_splt} ∈
                              [--..--] or UNINITIALIZED
                              .splt_list ∈
                              {{ NULL + [--..--] ;
                                 (struct spng_splt *)&__calloc_w_spng__calloc_l225 ;
                                 (struct spng_splt *)&__realloc_w_spng__realloc_l230 ;
                                 (struct spng_splt *)&__calloc_w_spng__calloc_l225_0 ;
                                 (struct spng_splt *)&__realloc_w_spng__realloc_l230_0 ;
                                 (struct spng_splt *)&__calloc_w_spng__calloc_l225_1 ;
                                 (struct spng_splt *)&__realloc_w_spng__realloc_l230_1 }} or UNINITIALIZED
                              {.time; .offs; .exif.length; .[bits 18400 to 18431]} ∈
                              [--..--] or UNINITIALIZED
                              .exif.data ∈
                              {{ NULL + [--..--] ;
                                 &__malloc_w_spng__malloc_l220[0] ;
                                 &__malloc_w_spng__malloc_l220_1[0] ;
                                 &__malloc_w_spng__malloc_l220_3[0] ;
                                 &__malloc_w_spng__malloc_l220_8[0] }} or UNINITIALIZED or ESCAPINGADDR
                              .gamma_lut8[0..255] ∈
                              [--..--] or UNINITIALIZED
[eva:final-states] Values at end of function discard_chunk_bytes:
  ret ∈ {-1; 0; 1; 3}
  __retres ∈ {-1; 0; 1; 3}
  __calloc_spng_ctx_new2_l2274.data_size ∈ [1..9223372036854775807]
                              .bytes_read ∈ [--..--]
                              .stream_buf ∈ {0}
                              .data ∈ {{ &__malloc_main_l34 + [0..--] }}
                              .read_fn ∈ {{ &buffer_read_fn }}
                              .read_user_ptr ∈ {0}
                              .png_buf ∈
                              {{ (unsigned char const *)&__malloc_main_l34 }}
                              .bytes_left ∈ [--..--]
                              .last_read_size ∈ [0..4294967295]
                              .current_chunk.offset ∈ [--..--]
                              .current_chunk.length ∈ [0..2147483647]
                              .current_chunk.type[0..3] ∈
                              [--..--] or UNINITIALIZED
                              .current_chunk.crc ∈ [--..--]
                              .current_chunk.[bits 160 to 191] ∈ {0}
                              .cur_chunk_bytes_left ∈ [--..--]
                              .cur_actual_crc ∈ {0; 4; 17}
                              .alloc.malloc_fn ∈ {{ &malloc }}
                              .alloc.realloc_fn ∈ {{ &realloc }}
                              .alloc.calloc_fn ∈ {{ &calloc }}
                              .alloc.free_fn ∈ {{ &free }}
                              .valid_state ∈ [--..--]
                              {.streaming; .encode_only; .have_first_idat; .have_last_idat; .[bits 1093 to 1119]} ∈
                              {0}
                              .file{.ihdr; .plte; .chrm} ∈ [--..--]
                              .file.iccp ∈ {0}
                              .file{.gama; .sbit; .srgb; .text; .bkgd; .hist; .trns; .phys; .splt; .time; .offs; .exif} ∈
                              [--..--]
                              {.file.[bits 16 to 31]; .user} ∈ {0}
                              .stored.ihdr ∈ [--..--]
                              .stored.plte ∈ {0}
                              .stored.chrm ∈ [--..--]
                              .stored.iccp ∈ {0}
                              .stored{.gama; .sbit; .srgb} ∈ [--..--]
                              .stored.text ∈ {0}
                              .stored{.bkgd; .hist; .trns; .phys; .splt; .time; .offs; .exif} ∈
                              [--..--]
                              .stored.[bits 16 to 31] ∈ {0}
                              .first_idat.offset ∈
                              [0..18446744073709551607]
                              .first_idat.length ∈ [0..2147483647]
                              .first_idat.type[0..3] ∈ [--..--]
                              .first_idat{.crc; .[bits 160 to 191]} ∈ {0}
                              .last_idat.offset ∈ [--..--]
                              .last_idat.length ∈ [0..2147483647]
                              .last_idat.type[0..3] ∈
                              [--..--] or UNINITIALIZED
                              .last_idat.crc ∈ [--..--]
                              .last_idat.[bits 160 to 191] ∈ {0}
                              {.max_width; .max_height} ∈ {0; 2147483647}
                              .max_chunk_size ∈ {2147483647}
                              .[bits 1696 to 1727] ∈ {0}
                              .chunk_cache_limit ∈ {18446744073709551615}
                              .chunk_cache_usage ∈ [--..--]
                              {.crc_action_critical; .crc_action_ancillary} ∈
                              {2}
                              .ihdr{.width; .height} ∈ [1..4294967295]
                              .ihdr.bit_depth ∈ [1..31]
                              .ihdr.color_type ∈ [--..--]
                              .ihdr{.compression_method; .filter_method} ∈
                              [--..--] or UNINITIALIZED
                              .ihdr.interlace_method ∈ [--..--]
                              .ihdr.[bits 104 to 127] ∈ {0}
                              .plte_offset ∈ [--..--]
                              .plte.n_entries ∈ [0..715827882]
                              .plte.entries[0]{.red; .green; .blue} ∈
                              [--..--] or UNINITIALIZED
                              .plte.entries[0].alpha ∈ {0; 255}
                              .plte.entries[1]{.red; .green; .blue} ∈
                              [--..--] or UNINITIALIZED
                              .plte.entries[1].alpha ∈ {0; 255}
                              .plte.entries{[2..254]; [255]{.red; .green; .blue}} ∈
                              [--..--] or UNINITIALIZED
                              .plte.entries[255].alpha ∈ {0; 255}
                              .chrm_int ∈ [--..--]
                              {.iccp; .[bits 10592 to 10623]} ∈ {0}
                              .gama ∈ [--..--]
                              {.gamma_lut; .[bits 11424 to 11455]} ∈ {0}
                              .sbit ∈ [--..--] or UNINITIALIZED
                              .srgb_rendering_intent ∈ [--..--]
                              {.n_text; .text_list; .[bits 11568 to 11583]; .[bits 11616 to 11647]} ∈
                              {0}
                              .bkgd{.gray; .red; .green; .blue} ∈ [--..--]
                              .bkgd.plte_index ∈ [0..255]
                              .hist ∈ [--..--]
                              .[bits 15888 to 15903] ∈ {0}
                              .trns{.gray; .red; .green; .blue} ∈ [--..--]
                              .trns.n_type3_entries ∈ [0..715827882]
                              {.trns.type3_alpha[0..255]; .phys; .n_splt} ∈
                              [--..--] or UNINITIALIZED
                              .splt_list ∈
                              {{ NULL + [--..--] ;
                                 (struct spng_splt *)&__calloc_w_spng__calloc_l225 ;
                                 (struct spng_splt *)&__realloc_w_spng__realloc_l230 ;
                                 (struct spng_splt *)&__calloc_w_spng__calloc_l225_0 ;
                                 (struct spng_splt *)&__realloc_w_spng__realloc_l230_0 ;
                                 (struct spng_splt *)&__calloc_w_spng__calloc_l225_1 ;
                                 (struct spng_splt *)&__realloc_w_spng__realloc_l230_1 }} or UNINITIALIZED
                              {.time; .offs; .exif.length; .[bits 18400 to 18431]} ∈
                              [--..--] or UNINITIALIZED
                              .exif.data ∈
                              {{ NULL + [--..--] ;
                                 &__malloc_w_spng__malloc_l220[0] ;
                                 &__malloc_w_spng__malloc_l220_1[0] ;
                                 &__malloc_w_spng__malloc_l220_3[0] ;
                                 &__malloc_w_spng__malloc_l220_8[0] }} or UNINITIALIZED or ESCAPINGADDR
                              .gamma_lut8[0..255] ∈
                              [--..--] or UNINITIALIZED
[eva:final-states] Values at end of function read_s32:
  data ∈ {{ &__malloc_main_l34 + [0..9223372036854775803] }}
  ret ∈ [--..--]
  val ∈ [--..--]
[eva:final-states] Values at end of function read_u16:
  data ∈ {{ &__malloc_main_l34 + [0..9223372036854775805] }}
  __retres ∈ [--..--]
[eva:final-states] Values at end of function read_u32:
  data ∈ {{ &__malloc_main_l34 + [0..9223372036854775803] }}
  __retres ∈ [--..--]
[eva:final-states] Values at end of function read_and_check_crc:
  ret ∈ {-1; 0; 3}
  __retres ∈ {-1; 0; 3}
  __calloc_spng_ctx_new2_l2274.data_size ∈ [1..9223372036854775807]
                              .bytes_read ∈ [--..--]
                              .stream_buf ∈ {0}
                              .data ∈ {{ &__malloc_main_l34 + [0..--] }}
                              .read_fn ∈ {{ &buffer_read_fn }}
                              .read_user_ptr ∈ {0}
                              .png_buf ∈
                              {{ (unsigned char const *)&__malloc_main_l34 }}
                              .bytes_left ∈ [0..18446744073709551611]
                              .last_read_size ∈ [0..4294967295]
                              .current_chunk.offset ∈ [--..--]
                              .current_chunk.length ∈ [0..2147483647]
                              .current_chunk.type[0..3] ∈
                              [--..--] or UNINITIALIZED
                              .current_chunk.crc ∈ [--..--]
                              .current_chunk.[bits 160 to 191] ∈ {0}
                              .cur_chunk_bytes_left ∈ [--..--]
                              .cur_actual_crc ∈ {0; 4; 17}
                              .alloc.malloc_fn ∈ {{ &malloc }}
                              .alloc.realloc_fn ∈ {{ &realloc }}
                              .alloc.calloc_fn ∈ {{ &calloc }}
                              .alloc.free_fn ∈ {{ &free }}
                              .valid_state ∈ [--..--]
                              {.streaming; .encode_only; .have_first_idat; .have_last_idat; .[bits 1093 to 1119]} ∈
                              {0}
                              .file{.ihdr; .plte; .chrm} ∈ [--..--]
                              .file.iccp ∈ {0}
                              .file{.gama; .sbit; .srgb; .text; .bkgd; .hist; .trns; .phys; .splt; .time; .offs; .exif} ∈
                              [--..--]
                              {.file.[bits 16 to 31]; .user} ∈ {0}
                              .stored.ihdr ∈ [--..--]
                              .stored.plte ∈ {0}
                              .stored.chrm ∈ [--..--]
                              .stored.iccp ∈ {0}
                              .stored{.gama; .sbit; .srgb} ∈ [--..--]
                              .stored.text ∈ {0}
                              .stored{.bkgd; .hist; .trns; .phys; .splt; .time; .offs; .exif} ∈
                              [--..--]
                              .stored.[bits 16 to 31] ∈ {0}
                              .first_idat.offset ∈
                              [0..18446744073709551607]
                              .first_idat.length ∈ [0..2147483647]
                              .first_idat.type[0..3] ∈ [--..--]
                              .first_idat{.crc; .[bits 160 to 191]} ∈ {0}
                              .last_idat.offset ∈ [--..--]
                              .last_idat.length ∈ [0..2147483647]
                              .last_idat.type[0..3] ∈
                              [--..--] or UNINITIALIZED
                              .last_idat.crc ∈ [--..--]
                              .last_idat.[bits 160 to 191] ∈ {0}
                              {.max_width; .max_height} ∈ {0; 2147483647}
                              .max_chunk_size ∈ {2147483647}
                              .[bits 1696 to 1727] ∈ {0}
                              .chunk_cache_limit ∈ {18446744073709551615}
                              .chunk_cache_usage ∈ [--..--]
                              {.crc_action_critical; .crc_action_ancillary} ∈
                              {2}
                              .ihdr{.width; .height} ∈ [1..4294967295]
                              .ihdr.bit_depth ∈ [1..31]
                              .ihdr.color_type ∈ [--..--]
                              .ihdr{.compression_method; .filter_method} ∈
                              [--..--] or UNINITIALIZED
                              .ihdr.interlace_method ∈ [--..--]
                              .ihdr.[bits 104 to 127] ∈ {0}
                              .plte_offset ∈ [--..--]
                              .plte.n_entries ∈ [0..715827882]
                              .plte.entries[0]{.red; .green; .blue} ∈
                              [--..--] or UNINITIALIZED
                              .plte.entries[0].alpha ∈ {0; 255}
                              .plte.entries[1]{.red; .green; .blue} ∈
                              [--..--] or UNINITIALIZED
                              .plte.entries[1].alpha ∈ {0; 255}
                              .plte.entries{[2..254]; [255]{.red; .green; .blue}} ∈
                              [--..--] or UNINITIALIZED
                              .plte.entries[255].alpha ∈ {0; 255}
                              .chrm_int ∈ [--..--]
                              {.iccp; .[bits 10592 to 10623]} ∈ {0}
                              .gama ∈ [--..--]
                              {.gamma_lut; .[bits 11424 to 11455]} ∈ {0}
                              .sbit ∈ [--..--] or UNINITIALIZED
                              .srgb_rendering_intent ∈ [--..--]
                              {.n_text; .text_list; .[bits 11568 to 11583]; .[bits 11616 to 11647]} ∈
                              {0}
                              .bkgd{.gray; .red; .green; .blue} ∈ [--..--]
                              .bkgd.plte_index ∈ [0..255]
                              .hist ∈ [--..--]
                              .[bits 15888 to 15903] ∈ {0}
                              .trns{.gray; .red; .green; .blue} ∈ [--..--]
                              .trns.n_type3_entries ∈ [0..715827882]
                              {.trns.type3_alpha[0..255]; .phys; .n_splt} ∈
                              [--..--] or UNINITIALIZED
                              .splt_list ∈
                              {{ NULL + [--..--] ;
                                 (struct spng_splt *)&__calloc_w_spng__calloc_l225 ;
                                 (struct spng_splt *)&__realloc_w_spng__realloc_l230 ;
                                 (struct spng_splt *)&__calloc_w_spng__calloc_l225_0 ;
                                 (struct spng_splt *)&__realloc_w_spng__realloc_l230_0 ;
                                 (struct spng_splt *)&__calloc_w_spng__calloc_l225_1 ;
                                 (struct spng_splt *)&__realloc_w_spng__realloc_l230_1 }} or UNINITIALIZED
                              {.time; .offs; .exif.length; .[bits 18400 to 18431]} ∈
                              [--..--] or UNINITIALIZED
                              .exif.data ∈
                              {{ NULL + [--..--] ;
                                 &__malloc_w_spng__malloc_l220[0] ;
                                 &__malloc_w_spng__malloc_l220_1[0] ;
                                 &__malloc_w_spng__malloc_l220_3[0] ;
                                 &__malloc_w_spng__malloc_l220_8[0] }} or UNINITIALIZED or ESCAPINGADDR
                              .gamma_lut8[0..255] ∈
                              [--..--] or UNINITIALIZED
[eva:final-states] Values at end of function read_header:
  ret ∈ {-1; 0; 3}
  chunk.offset ∈ [0..18446744073709551607]
       .length ∈ [--..--]
       .type[0..3] ∈ [--..--] or UNINITIALIZED
       {.crc; .[bits 160 to 191]} ∈ {0}
  discard ∈ {0; 1}
  discard ∈ {0; 1}
  __retres ∈ {-1; 0; 3; 17}
  __calloc_spng_ctx_new2_l2274.data_size ∈ [1..9223372036854775807]
                              .bytes_read ∈ [--..--]
                              .stream_buf ∈ {0}
                              .data ∈ {{ &__malloc_main_l34 + [0..--] }}
                              .read_fn ∈ {{ &buffer_read_fn }}
                              .read_user_ptr ∈ {0}
                              .png_buf ∈
                              {{ (unsigned char const *)&__malloc_main_l34 }}
                              .bytes_left ∈ [0..18446744073709551611]
                              .last_read_size ∈ [0..4294967295]
                              .current_chunk.offset ∈ [--..--]
                              .current_chunk.length ∈ [0..2147483647]
                              .current_chunk.type[0..3] ∈
                              [--..--] or UNINITIALIZED
                              .current_chunk.crc ∈ [--..--]
                              .current_chunk.[bits 160 to 191] ∈ {0}
                              .cur_chunk_bytes_left ∈ [--..--]
                              .cur_actual_crc ∈ {0; 4; 17}
                              .alloc.malloc_fn ∈ {{ &malloc }}
                              .alloc.realloc_fn ∈ {{ &realloc }}
                              .alloc.calloc_fn ∈ {{ &calloc }}
                              .alloc.free_fn ∈ {{ &free }}
                              .valid_state ∈ [--..--]
                              {.streaming; .encode_only; .have_first_idat; .have_last_idat; .[bits 1093 to 1119]} ∈
                              {0}
                              .file{.ihdr; .plte; .chrm} ∈ [--..--]
                              .file.iccp ∈ {0}
                              .file{.gama; .sbit; .srgb; .text; .bkgd; .hist; .trns; .phys; .splt; .time; .offs; .exif} ∈
                              [--..--]
                              {.file.[bits 16 to 31]; .user} ∈ {0}
                              .stored.ihdr ∈ [--..--]
                              .stored.plte ∈ {0}
                              .stored.chrm ∈ [--..--]
                              .stored.iccp ∈ {0}
                              .stored{.gama; .sbit; .srgb} ∈ [--..--]
                              .stored.text ∈ {0}
                              .stored{.bkgd; .hist; .trns; .phys; .splt; .time; .offs; .exif} ∈
                              [--..--]
                              .stored.[bits 16 to 31] ∈ {0}
                              .first_idat.offset ∈
                              [0..18446744073709551607]
                              .first_idat.length ∈ [0..2147483647]
                              .first_idat.type[0..3] ∈ [--..--]
                              .first_idat{.crc; .[bits 160 to 191]} ∈ {0}
                              .last_idat.offset ∈ [--..--]
                              .last_idat.length ∈ [0..2147483647]
                              .last_idat.type[0..3] ∈
                              [--..--] or UNINITIALIZED
                              .last_idat.crc ∈ [--..--]
                              .last_idat.[bits 160 to 191] ∈ {0}
                              {.max_width; .max_height} ∈ {0; 2147483647}
                              .max_chunk_size ∈ {2147483647}
                              .[bits 1696 to 1727] ∈ {0}
                              .chunk_cache_limit ∈ {18446744073709551615}
                              .chunk_cache_usage ∈ [--..--]
                              {.crc_action_critical; .crc_action_ancillary} ∈
                              {2}
                              .ihdr{.width; .height} ∈ [1..4294967295]
                              .ihdr.bit_depth ∈ [1..31]
                              .ihdr.color_type ∈ [--..--]
                              .ihdr{.compression_method; .filter_method} ∈
                              [--..--] or UNINITIALIZED
                              .ihdr.interlace_method ∈ [--..--]
                              .ihdr.[bits 104 to 127] ∈ {0}
                              .plte_offset ∈ [--..--]
                              .plte.n_entries ∈ [0..715827882]
                              .plte.entries[0]{.red; .green; .blue} ∈
                              [--..--] or UNINITIALIZED
                              .plte.entries[0].alpha ∈ {0; 255}
                              .plte.entries[1]{.red; .green; .blue} ∈
                              [--..--] or UNINITIALIZED
                              .plte.entries[1].alpha ∈ {0; 255}
                              .plte.entries{[2..254]; [255]{.red; .green; .blue}} ∈
                              [--..--] or UNINITIALIZED
                              .plte.entries[255].alpha ∈ {0; 255}
                              .chrm_int ∈ [--..--]
                              {.iccp; .[bits 10592 to 10623]} ∈ {0}
                              .gama ∈ [--..--]
                              {.gamma_lut; .[bits 11424 to 11455]} ∈ {0}
                              .sbit ∈ [--..--] or UNINITIALIZED
                              .srgb_rendering_intent ∈ [--..--]
                              {.n_text; .text_list; .[bits 11568 to 11583]; .[bits 11616 to 11647]} ∈
                              {0}
                              .bkgd{.gray; .red; .green; .blue} ∈ [--..--]
                              .bkgd.plte_index ∈ [0..255]
                              .hist ∈ [--..--]
                              .[bits 15888 to 15903] ∈ {0}
                              .trns{.gray; .red; .green; .blue} ∈ [--..--]
                              .trns.n_type3_entries ∈ [0..715827882]
                              {.trns.type3_alpha[0..255]; .phys; .n_splt} ∈
                              [--..--] or UNINITIALIZED
                              .splt_list ∈
                              {{ NULL + [--..--] ;
                                 (struct spng_splt *)&__calloc_w_spng__calloc_l225 ;
                                 (struct spng_splt *)&__realloc_w_spng__realloc_l230 ;
                                 (struct spng_splt *)&__calloc_w_spng__calloc_l225_0 ;
                                 (struct spng_splt *)&__realloc_w_spng__realloc_l230_0 ;
                                 (struct spng_splt *)&__calloc_w_spng__calloc_l225_1 ;
                                 (struct spng_splt *)&__realloc_w_spng__realloc_l230_1 }} or UNINITIALIZED
                              {.time; .offs; .exif.length; .[bits 18400 to 18431]} ∈
                              [--..--] or UNINITIALIZED
                              .exif.data ∈
                              {{ NULL + [--..--] ;
                                 &__malloc_w_spng__malloc_l220[0] ;
                                 &__malloc_w_spng__malloc_l220_1[0] ;
                                 &__malloc_w_spng__malloc_l220_3[0] ;
                                 &__malloc_w_spng__malloc_l220_8[0] }} or UNINITIALIZED or ESCAPINGADDR
                              .gamma_lut8[0..255] ∈
                              [--..--] or UNINITIALIZED
[eva:final-states] Values at end of function read_idat_bytes:
  ret ∈ {-1; 0; 1; 3; 17} or UNINITIALIZED
  len ∈ [0..2147483647] or UNINITIALIZED
  bytes_read ∈ [0..2147483647] or UNINITIALIZED
  __retres ∈ {-1; 0; 1; 3; 17; 62}
  __calloc_spng_ctx_new2_l2274.data_size ∈ [1..9223372036854775807]
                              .bytes_read ∈ [--..--]
                              .stream_buf ∈ {0}
                              .data ∈ {{ &__malloc_main_l34 + [0..--] }}
                              .read_fn ∈ {{ &buffer_read_fn }}
                              .read_user_ptr ∈ {0}
                              .png_buf ∈
                              {{ (unsigned char const *)&__malloc_main_l34 }}
                              .bytes_left ∈ [--..--]
                              .last_read_size ∈ [0..2147483647]
                              .current_chunk.offset ∈ [--..--]
                              .current_chunk.length ∈ [0..2147483647]
                              .current_chunk.type[0..3] ∈
                              [--..--] or UNINITIALIZED
                              .current_chunk.crc ∈ [--..--]
                              .current_chunk.[bits 160 to 191] ∈ {0}
                              .cur_chunk_bytes_left ∈ [--..--]
                              .cur_actual_crc ∈ {0; 4; 17}
                              .alloc.malloc_fn ∈ {{ &malloc }}
                              .alloc.realloc_fn ∈ {{ &realloc }}
                              .alloc.calloc_fn ∈ {{ &calloc }}
                              .alloc.free_fn ∈ {{ &free }}
                              .valid_state ∈ [--..--]
                              {.streaming; .encode_only; .have_first_idat; .have_last_idat; .[bits 1093 to 1119]} ∈
                              {0}
                              .file{.ihdr; .plte; .chrm} ∈ [--..--]
                              .file.iccp ∈ {0}
                              .file{.gama; .sbit; .srgb; .text; .bkgd; .hist; .trns; .phys; .splt; .time; .offs; .exif} ∈
                              [--..--]
                              {.file.[bits 16 to 31]; .user} ∈ {0}
                              .stored.ihdr ∈ [--..--]
                              .stored.plte ∈ {0}
                              .stored.chrm ∈ [--..--]
                              .stored.iccp ∈ {0}
                              .stored{.gama; .sbit; .srgb} ∈ [--..--]
                              .stored.text ∈ {0}
                              .stored{.bkgd; .hist; .trns; .phys; .splt; .time; .offs; .exif} ∈
                              [--..--]
                              .stored.[bits 16 to 31] ∈ {0}
                              .first_idat.offset ∈
                              [0..18446744073709551607]
                              .first_idat.length ∈ [0..2147483647]
                              .first_idat.type[0..3] ∈ [--..--]
                              {.first_idat{.crc; .[bits 160 to 191]}; .last_idat} ∈
                              {0}
                              {.max_width; .max_height} ∈ {0; 2147483647}
                              .max_chunk_size ∈ {2147483647}
                              .[bits 1696 to 1727] ∈ {0}
                              .chunk_cache_limit ∈ {18446744073709551615}
                              .chunk_cache_usage ∈ [--..--]
                              {.crc_action_critical; .crc_action_ancillary} ∈
                              {2}
                              .ihdr{.width; .height} ∈ [1..4294967295]
                              .ihdr.bit_depth ∈ [1..31]
                              .ihdr.color_type ∈ [--..--]
                              .ihdr{.compression_method; .filter_method} ∈
                              [--..--] or UNINITIALIZED
                              .ihdr.interlace_method ∈ [--..--]
                              .ihdr.[bits 104 to 127] ∈ {0}
                              .plte_offset ∈ [--..--]
                              .plte.n_entries ∈ [0..715827882]
                              .plte.entries[0]{.red; .green; .blue} ∈
                              [--..--] or UNINITIALIZED
                              .plte.entries[0].alpha ∈ {0; 255}
                              .plte.entries[1]{.red; .green; .blue} ∈
                              [--..--] or UNINITIALIZED
                              .plte.entries[1].alpha ∈ {0; 255}
                              .plte.entries{[2..254]; [255]{.red; .green; .blue}} ∈
                              [--..--] or UNINITIALIZED
                              .plte.entries[255].alpha ∈ {0; 255}
                              .chrm_int ∈ [--..--]
                              {.iccp; .[bits 10592 to 10623]} ∈ {0}
                              .gama ∈ [--..--]
                              {.gamma_lut; .[bits 11424 to 11455]} ∈ {0}
                              .sbit ∈ [--..--] or UNINITIALIZED
                              .srgb_rendering_intent ∈ [--..--]
                              {.n_text; .text_list; .[bits 11568 to 11583]; .[bits 11616 to 11647]} ∈
                              {0}
                              .bkgd{.gray; .red; .green; .blue} ∈ [--..--]
                              .bkgd.plte_index ∈ [0..255]
                              .hist ∈ [--..--]
                              .[bits 15888 to 15903] ∈ {0}
                              .trns{.gray; .red; .green; .blue} ∈ [--..--]
                              .trns.n_type3_entries ∈ [0..715827882]
                              {.trns.type3_alpha[0..255]; .phys; .n_splt} ∈
                              [--..--] or UNINITIALIZED
                              .splt_list ∈
                              {{ NULL + [--..--] ;
                                 (struct spng_splt *)&__calloc_w_spng__calloc_l225 ;
                                 (struct spng_splt *)&__realloc_w_spng__realloc_l230 ;
                                 (struct spng_splt *)&__calloc_w_spng__calloc_l225_0 ;
                                 (struct spng_splt *)&__realloc_w_spng__realloc_l230_0 ;
                                 (struct spng_splt *)&__calloc_w_spng__calloc_l225_1 ;
                                 (struct spng_splt *)&__realloc_w_spng__realloc_l230_1 }} or UNINITIALIZED
                              {.time; .offs; .exif.length; .[bits 18400 to 18431]} ∈
                              [--..--] or UNINITIALIZED
                              .exif.data ∈
                              {{ NULL + [--..--] ;
                                 &__malloc_w_spng__malloc_l220[0] ;
                                 &__malloc_w_spng__malloc_l220_1[0] ;
                                 &__malloc_w_spng__malloc_l220_3[0] }} or UNINITIALIZED or ESCAPINGADDR
                              .gamma_lut8[0..255] ∈
                              [--..--] or UNINITIALIZED
[eva:final-states] Values at end of function read_scanline_bytes:
  ret ∈ {-1; 1; 3; 17; 62}
  bytes_read ∈ [0..2147483647] or UNINITIALIZED
  stream.next_in ∈ {{ &__malloc_main_l34 + [0..--] }}
        .avail_in ∈ {0}
        {.total_in; .[bits 96 to 127]} ∈ UNINITIALIZED
        .next_out ∈ {{ &filter + [0..--] }}
        .avail_out ∈ {1}
        {.total_out; .[bits 288 to 319]} ∈ UNINITIALIZED
        .zalloc ∈ {{ &spng__zalloc }}
        .zfree ∈ {{ &spng__zfree }}
        .opaque ∈ {{ (void *)&__calloc_spng_ctx_new2_l2274 }}
        {.data_type; .adler; .[bits 608 to 639]} ∈ UNINITIALIZED
  __retres ∈ {-1; 1; 3; 17; 62}
  __calloc_spng_ctx_new2_l2274.data_size ∈ [1..9223372036854775807]
                              .bytes_read ∈ [--..--]
                              .stream_buf ∈ {0}
                              .data ∈ {{ &__malloc_main_l34 + [0..--] }}
                              .read_fn ∈ {{ &buffer_read_fn }}
                              .read_user_ptr ∈ {0}
                              .png_buf ∈
                              {{ (unsigned char const *)&__malloc_main_l34 }}
                              .bytes_left ∈ [--..--]
                              .last_read_size ∈ [0..2147483647]
                              .current_chunk.offset ∈ [--..--]
                              .current_chunk.length ∈ [0..2147483647]
                              .current_chunk.type[0..3] ∈
                              [--..--] or UNINITIALIZED
                              .current_chunk.crc ∈ [--..--]
                              .current_chunk.[bits 160 to 191] ∈ {0}
                              .cur_chunk_bytes_left ∈ [--..--]
                              .cur_actual_crc ∈ {0; 4; 17}
                              .alloc.malloc_fn ∈ {{ &malloc }}
                              .alloc.realloc_fn ∈ {{ &realloc }}
                              .alloc.calloc_fn ∈ {{ &calloc }}
                              .alloc.free_fn ∈ {{ &free }}
                              .valid_state ∈ [--..--]
                              {.streaming; .encode_only; .have_first_idat; .have_last_idat; .[bits 1093 to 1119]} ∈
                              {0}
                              .file{.ihdr; .plte; .chrm} ∈ [--..--]
                              .file.iccp ∈ {0}
                              .file{.gama; .sbit; .srgb; .text; .bkgd; .hist; .trns; .phys; .splt; .time; .offs; .exif} ∈
                              [--..--]
                              {.file.[bits 16 to 31]; .user} ∈ {0}
                              .stored.ihdr ∈ [--..--]
                              .stored.plte ∈ {0}
                              .stored.chrm ∈ [--..--]
                              .stored.iccp ∈ {0}
                              .stored{.gama; .sbit; .srgb} ∈ [--..--]
                              .stored.text ∈ {0}
                              .stored{.bkgd; .hist; .trns; .phys; .splt; .time; .offs; .exif} ∈
                              [--..--]
                              .stored.[bits 16 to 31] ∈ {0}
                              .first_idat.offset ∈
                              [0..18446744073709551607]
                              .first_idat.length ∈ [0..2147483647]
                              .first_idat.type[0..3] ∈ [--..--]
                              {.first_idat{.crc; .[bits 160 to 191]}; .last_idat} ∈
                              {0}
                              {.max_width; .max_height} ∈ {0; 2147483647}
                              .max_chunk_size ∈ {2147483647}
                              .[bits 1696 to 1727] ∈ {0}
                              .chunk_cache_limit ∈ {18446744073709551615}
                              .chunk_cache_usage ∈ [--..--]
                              {.crc_action_critical; .crc_action_ancillary} ∈
                              {2}
                              .ihdr{.width; .height} ∈ [1..4294967295]
                              .ihdr.bit_depth ∈ [1..31]
                              .ihdr.color_type ∈ [--..--]
                              .ihdr{.compression_method; .filter_method} ∈
                              [--..--] or UNINITIALIZED
                              .ihdr.interlace_method ∈ [--..--]
                              .ihdr.[bits 104 to 127] ∈ {0}
                              .plte_offset ∈ [--..--]
                              .plte.n_entries ∈ [0..715827882]
                              .plte.entries[0]{.red; .green; .blue} ∈
                              [--..--] or UNINITIALIZED
                              .plte.entries[0].alpha ∈ {0; 255}
                              .plte.entries[1]{.red; .green; .blue} ∈
                              [--..--] or UNINITIALIZED
                              .plte.entries[1].alpha ∈ {0; 255}
                              .plte.entries{[2..254]; [255]{.red; .green; .blue}} ∈
                              [--..--] or UNINITIALIZED
                              .plte.entries[255].alpha ∈ {0; 255}
                              .chrm_int ∈ [--..--]
                              {.iccp; .[bits 10592 to 10623]} ∈ {0}
                              .gama ∈ [--..--]
                              {.gamma_lut; .[bits 11424 to 11455]} ∈ {0}
                              .sbit ∈ [--..--] or UNINITIALIZED
                              .srgb_rendering_intent ∈ [--..--]
                              {.n_text; .text_list; .[bits 11568 to 11583]; .[bits 11616 to 11647]} ∈
                              {0}
                              .bkgd{.gray; .red; .green; .blue} ∈ [--..--]
                              .bkgd.plte_index ∈ [0..255]
                              .hist ∈ [--..--]
                              .[bits 15888 to 15903] ∈ {0}
                              .trns{.gray; .red; .green; .blue} ∈ [--..--]
                              .trns.n_type3_entries ∈ [0..715827882]
                              {.trns.type3_alpha[0..255]; .phys; .n_splt} ∈
                              [--..--] or UNINITIALIZED
                              .splt_list ∈
                              {{ NULL + [--..--] ;
                                 (struct spng_splt *)&__calloc_w_spng__calloc_l225 ;
                                 (struct spng_splt *)&__realloc_w_spng__realloc_l230 ;
                                 (struct spng_splt *)&__calloc_w_spng__calloc_l225_0 ;
                                 (struct spng_splt *)&__realloc_w_spng__realloc_l230_0 ;
                                 (struct spng_splt *)&__calloc_w_spng__calloc_l225_1 ;
                                 (struct spng_splt *)&__realloc_w_spng__realloc_l230_1 }} or UNINITIALIZED
                              {.time; .offs; .exif.length; .[bits 18400 to 18431]} ∈
                              [--..--] or UNINITIALIZED
                              .exif.data ∈
                              {{ NULL + [--..--] ;
                                 &__malloc_w_spng__malloc_l220[0] ;
                                 &__malloc_w_spng__malloc_l220_1[0] ;
                                 &__malloc_w_spng__malloc_l220_3[0] }} or UNINITIALIZED or ESCAPINGADDR
                              .gamma_lut8[0..255] ∈
                              [--..--] or UNINITIALIZED
[eva:final-states] Values at end of function sample_to_target:
  sample ∈ [--..--]
  shift_amount ∈ [-128..-1] or UNINITIALIZED
  sample_bits ∈ [0..255] or UNINITIALIZED
  partial ∈ [-127..7] or UNINITIALIZED
  __retres ∈ [--..--]
[eva:final-states] Values at end of function spng__calloc:
  __fc_heap_status ∈ [--..--]
[eva:final-states] Values at end of function spng__free:
  out ∈ {{ NULL ; &__malloc_main_l106[0] }} or ESCAPINGADDR
  ptr ∈
     {{ NULL + [0..18446744073709551615] ;
        (void *)&__malloc_w_spng__malloc_l220 ;
        (void *)&__calloc_w_spng__calloc_l225 ;
        (void *)&__malloc_w_spng__malloc_l220_0 ;
        (void *)&__realloc_w_spng__realloc_l230 ;
        (void *)&__malloc_w_spng__malloc_l220_1 ;
        (void *)&__calloc_w_spng__calloc_l225_0 ;
        (void *)&__realloc_w_spng__realloc_l230_0 ;
        (void *)&__malloc_w_spng__malloc_l220_2 ;
        (void *)&__malloc_main_l106 ;
        (void *)&__malloc_w_spng__malloc_l220_3 ;
        (void *)&__calloc_w_spng__calloc_l225_1 ;
        (void *)&__realloc_w_spng__realloc_l230_1 ;
        (void *)&__malloc_w_spng__malloc_l220_4 ;
        (void *)&__malloc_spng__malloc_l220_5 ;
        (void *)&__malloc_spng__malloc_l220_6 ;
        (void *)&__malloc_spng__malloc_l220_7 ;
        (void *)&__malloc_w_spng__malloc_l220_8 }} or ESCAPINGADDR
  exif.length ∈ [1..2147483647]
      .data ∈
      {{ &__malloc_w_spng__malloc_l220[0] ;
         &__malloc_w_spng__malloc_l220_1[0] ;
         &__malloc_w_spng__malloc_l220_3[0] }} or ESCAPINGADDR
  exif.length ∈ [1..2147483647]
      .data ∈ {{ &__malloc_w_spng__malloc_l220_8[0] }} or ESCAPINGADDR
  out ∈ {{ &__malloc_main_l106[0] }} or ESCAPINGADDR
  row ∈
     {{ NULL ; &__malloc_main_l106[0] ;
        (unsigned char *)&__malloc_spng__malloc_l220_7 }} or UNINITIALIZED or ESCAPINGADDR
  scanline ∈
          {{ NULL ; (unsigned char *)&__malloc_spng__malloc_l220_5 }} or UNINITIALIZED or ESCAPINGADDR
  prev_scanline ∈
               {{ NULL ; (unsigned char *)&__malloc_spng__malloc_l220_6 }} or UNINITIALIZED or ESCAPINGADDR
  __calloc_spng_ctx_new2_l2274.data_size ∈ [1..9223372036854775807]
                              .bytes_read ∈ [--..--]
                              .stream_buf ∈ {0}
                              .data ∈ {{ &__malloc_main_l34 + [0..--] }}
                              .read_fn ∈ {{ &buffer_read_fn }}
                              .read_user_ptr ∈ {0}
                              .png_buf ∈
                              {{ (unsigned char const *)&__malloc_main_l34 }}
                              .bytes_left ∈ [--..--]
                              .last_read_size ∈ [0..4294967295]
                              .current_chunk.offset ∈ [--..--]
                              .current_chunk.length ∈ [0..2147483647]
                              .current_chunk.type[0..3] ∈
                              [--..--] or UNINITIALIZED
                              .current_chunk.crc ∈ [--..--]
                              .current_chunk.[bits 160 to 191] ∈ {0}
                              .cur_chunk_bytes_left ∈ [--..--]
                              .cur_actual_crc ∈ {0; 4; 17}
                              .alloc.malloc_fn ∈ {{ &malloc }}
                              .alloc.realloc_fn ∈ {{ &realloc }}
                              .alloc.calloc_fn ∈ {{ &calloc }}
                              .alloc.free_fn ∈ {{ &free }}
                              .valid_state ∈ [--..--]
                              {.streaming; .encode_only; .have_first_idat; .have_last_idat; .[bits 1093 to 1119]} ∈
                              {0}
                              .file{.ihdr; .plte; .chrm} ∈ [--..--]
                              .file.iccp ∈ {0}
                              .file{.gama; .sbit; .srgb; .text; .bkgd; .hist; .trns; .phys; .splt; .time; .offs; .exif} ∈
                              [--..--]
                              {.file.[bits 16 to 31]; .user} ∈ {0}
                              .stored.ihdr ∈ [--..--]
                              .stored.plte ∈ {0}
                              .stored.chrm ∈ [--..--]
                              .stored.iccp ∈ {0}
                              .stored{.gama; .sbit; .srgb} ∈ [--..--]
                              .stored.text ∈ {0}
                              .stored{.bkgd; .hist; .trns; .phys; .splt; .time; .offs; .exif} ∈
                              [--..--]
                              .stored.[bits 16 to 31] ∈ {0}
                              .first_idat.offset ∈
                              [0..18446744073709551607]
                              .first_idat.length ∈ [0..2147483647]
                              .first_idat.type[0..3] ∈ [--..--]
                              .first_idat{.crc; .[bits 160 to 191]} ∈ {0}
                              .last_idat.offset ∈ [--..--]
                              .last_idat.length ∈ [0..2147483647]
                              .last_idat.type[0..3] ∈
                              [--..--] or UNINITIALIZED
                              .last_idat.crc ∈ [--..--]
                              .last_idat.[bits 160 to 191] ∈ {0}
                              {.max_width; .max_height} ∈ {0; 2147483647}
                              .max_chunk_size ∈ {2147483647}
                              .[bits 1696 to 1727] ∈ {0}
                              .chunk_cache_limit ∈ {18446744073709551615}
                              .chunk_cache_usage ∈ [--..--]
                              {.crc_action_critical; .crc_action_ancillary} ∈
                              {2}
                              .ihdr{.width; .height} ∈ [--..--]
                              .ihdr{.bit_depth; .color_type; .compression_method; .filter_method; .interlace_method} ∈
                              [--..--] or UNINITIALIZED
                              .ihdr.[bits 104 to 127] ∈ {0}
                              .plte_offset ∈ [--..--]
                              .plte.n_entries ∈ [0..715827882]
                              .plte.entries[0]{.red; .green; .blue} ∈
                              [--..--] or UNINITIALIZED
                              .plte.entries[0].alpha ∈ {0; 255}
                              .plte.entries[1]{.red; .green; .blue} ∈
                              [--..--] or UNINITIALIZED
                              .plte.entries[1].alpha ∈ {0; 255}
                              .plte.entries{[2..254]; [255]{.red; .green; .blue}} ∈
                              [--..--] or UNINITIALIZED
                              .plte.entries[255].alpha ∈ {0; 255}
                              .chrm_int ∈ [--..--]
                              {.iccp; .[bits 10592 to 10623]} ∈ {0}
                              .gama ∈ [--..--]
                              {.gamma_lut; .[bits 11424 to 11455]} ∈ {0}
                              .sbit ∈ [--..--] or UNINITIALIZED
                              .srgb_rendering_intent ∈ [--..--]
                              {.n_text; .text_list; .[bits 11568 to 11583]; .[bits 11616 to 11647]} ∈
                              {0}
                              .bkgd{.gray; .red; .green; .blue} ∈ [--..--]
                              .bkgd.plte_index ∈ [0..255]
                              .hist ∈ [--..--]
                              .[bits 15888 to 15903] ∈ {0}
                              .trns{.gray; .red; .green; .blue} ∈ [--..--]
                              .trns.n_type3_entries ∈ [0..715827882]
                              {.trns.type3_alpha[0..255]; .phys; .n_splt} ∈
                              [--..--] or UNINITIALIZED
                              .splt_list ∈
                              {{ NULL + [--..--] ;
                                 (struct spng_splt *)&__calloc_w_spng__calloc_l225 ;
                                 (struct spng_splt *)&__realloc_w_spng__realloc_l230 ;
                                 (struct spng_splt *)&__calloc_w_spng__calloc_l225_0 ;
                                 (struct spng_splt *)&__realloc_w_spng__realloc_l230_0 ;
                                 (struct spng_splt *)&__calloc_w_spng__calloc_l225_1 ;
                                 (struct spng_splt *)&__realloc_w_spng__realloc_l230_1 }} or UNINITIALIZED or ESCAPINGADDR
                              {.time; .offs; .exif.length; .[bits 18400 to 18431]} ∈
                              [--..--] or UNINITIALIZED
                              .exif.data ∈
                              {{ NULL + [--..--] ;
                                 &__malloc_w_spng__malloc_l220[0] ;
                                 &__malloc_w_spng__malloc_l220_1[0] ;
                                 &__malloc_w_spng__malloc_l220_3[0] ;
                                 &__malloc_w_spng__malloc_l220_8[0] }} or UNINITIALIZED or ESCAPINGADDR
                              .gamma_lut8[0..255] ∈
                              [--..--] or UNINITIALIZED
  __calloc_w_spng__calloc_l225[0..87] ∈ [--..--] or UNINITIALIZED
                              [bits 704 to 767] ∈
                              {{ NULL + [--..--] ;
                                 (? *)&__malloc_w_spng__malloc_l220_0 }} or UNINITIALIZED or ESCAPINGADDR
  __realloc_w_spng__realloc_l230[0..87] ∈ [--..--] or UNINITIALIZED
                                [bits 704 to 1407]# ∈
                                {{ NULL + [--..--] ;
                                   (? *)&__malloc_w_spng__malloc_l220_0 }} or UNINITIALIZED or ESCAPINGADDR repeated %64 
                                [176] ∈
                                {{ garbled mix of &{__malloc_w_spng__malloc_l220_0}
                                 (origin: Merge {spng.c:1483}) }} or UNINITIALIZED or ESCAPINGADDR
                                [bits 1416 to 1439]# ∈
                                {{ NULL + [--..--] ;
                                   (? *)&__malloc_w_spng__malloc_l220_0 }} or UNINITIALIZED or ESCAPINGADDR%64, bits 8 to 31 
                                [180..183] ∈
                                {{ garbled mix of &{__malloc_w_spng__malloc_l220_0}
                                 (origin: Merge {spng.c:1483}) }} or UNINITIALIZED or ESCAPINGADDR
                                [bits 1472 to 2183]# ∈
                                {{ NULL + [--..--] ;
                                   (? *)&__malloc_w_spng__malloc_l220_0 }} or UNINITIALIZED or ESCAPINGADDR repeated %64, bits 0 to 711 
                                [bits 2184 to 2207]# ∈
                                {{ NULL + [--..--] ;
                                   (? *)&__malloc_w_spng__malloc_l220_0 }} or UNINITIALIZED or ESCAPINGADDR%64, bits 8 to 31 
                                [bits 2208 to 2951]# ∈
                                {{ NULL + [--..--] ;
                                   (? *)&__malloc_w_spng__malloc_l220_0 }} or UNINITIALIZED or ESCAPINGADDR repeated %64, bits 32 to 775 
                                [bits 2952 to 2975]# ∈
                                {{ NULL + [--..--] ;
                                   (? *)&__malloc_w_spng__malloc_l220_0 }} or UNINITIALIZED or ESCAPINGADDR%64, bits 8 to 31 
                                [bits 2976 to 3719]# ∈
                                {{ NULL + [--..--] ;
                                   (? *)&__malloc_w_spng__malloc_l220_0 }} or UNINITIALIZED or ESCAPINGADDR repeated %64, bits 32 to 775 
                                [bits 3720 to 3743]# ∈
                                {{ NULL + [--..--] ;
                                   (? *)&__malloc_w_spng__malloc_l220_0 }} or UNINITIALIZED or ESCAPINGADDR%64, bits 8 to 31 
                                [bits 3744 to 4487]# ∈
                                {{ NULL + [--..--] ;
                                   (? *)&__malloc_w_spng__malloc_l220_0 }} or UNINITIALIZED or ESCAPINGADDR repeated %64, bits 32 to 775 
                                [bits 4488 to 4511]# ∈
                                {{ NULL + [--..--] ;
                                   (? *)&__malloc_w_spng__malloc_l220_0 }} or UNINITIALIZED or ESCAPINGADDR%64, bits 8 to 31 
                                [bits 4512 to 1649267441543]# ∈
                                {{ NULL + [--..--] ;
                                   (? *)&__malloc_w_spng__malloc_l220_0 }} or UNINITIALIZED or ESCAPINGADDR repeated %64, bits 32 to 1649267437063 
                                [bits 1649267441544 to 1649267442311]# ∈
                                {{ NULL + [--..--] ;
                                   (? *)&__malloc_w_spng__malloc_l220_0 }} or UNINITIALIZED or ESCAPINGADDR repeated %64, bits 8 to 775 
                                [bits 1649267442312 to 3298534881799]# ∈
                                {{ NULL + [--..--] ;
                                   (? *)&__malloc_w_spng__malloc_l220_0 }} or UNINITIALIZED or ESCAPINGADDR repeated %64, bits 8 to 1649267439495 
                                [bits 3298534881800 to 3298534882439]# ∈
                                {{ NULL + [--..--] ;
                                   (? *)&__malloc_w_spng__malloc_l220_0 }} or UNINITIALIZED or ESCAPINGADDR repeated %64, bits 8 to 647 
                                [bits 3298534882440 to 3298534882495]# ∈
                                {{ NULL + [--..--] ;
                                   (? *)&__malloc_w_spng__malloc_l220_0 }} or UNINITIALIZED or ESCAPINGADDR%64, bits 8 to 63 
                                [bits 3298534882496 to 3298534882559] ∈
                                {{ NULL ;
                                   (? *)&__malloc_w_spng__malloc_l220_0 }} or UNINITIALIZED or ESCAPINGADDR
  __calloc_w_spng__calloc_l225_0[0..87] ∈ [--..--] or UNINITIALIZED
                                [bits 704 to 767] ∈
                                {{ NULL + [--..--] ;
                                   (? *)&__malloc_w_spng__malloc_l220_2 }} or UNINITIALIZED or ESCAPINGADDR
  __realloc_w_spng__realloc_l230_0[0..87] ∈ [--..--] or UNINITIALIZED
                                  [bits 704 to 1407]# ∈
                                  {{ NULL + [--..--] ;
                                     (? *)&__malloc_w_spng__malloc_l220_0 ;
                                     (? *)&__malloc_w_spng__malloc_l220_2 }} or UNINITIALIZED or ESCAPINGADDR repeated %64 
                                  [176] ∈
                                  {{ garbled mix of &{__malloc_w_spng__malloc_l220_0;
                                                      __malloc_w_spng__malloc_l220_2}
                                   (origin: Merge {spng.c:1483}) }} or UNINITIALIZED or ESCAPINGADDR
                                  [bits 1416 to 1439]# ∈
                                  {{ NULL + [--..--] ;
                                     (? *)&__malloc_w_spng__malloc_l220_0 ;
                                     (? *)&__malloc_w_spng__malloc_l220_2 }} or UNINITIALIZED or ESCAPINGADDR%64, bits 8 to 31 
                                  [180..183] ∈
                                  {{ garbled mix of &{__malloc_w_spng__malloc_l220_0;
                                                      __malloc_w_spng__malloc_l220_2}
                                   (origin: Merge {spng.c:1483}) }} or UNINITIALIZED or ESCAPINGADDR
                                  [bits 1472 to 2183]# ∈
                                  {{ NULL + [--..--] ;
                                     (? *)&__malloc_w_spng__malloc_l220_0 ;
                                     (? *)&__malloc_w_spng__malloc_l220_2 }} or UNINITIALIZED or ESCAPINGADDR repeated %64, bits 0 to 711 
                                  [bits 2184 to 2207]# ∈
                                  {{ NULL + [--..--] ;
                                     (? *)&__malloc_w_spng__malloc_l220_0 ;
                                     (? *)&__malloc_w_spng__malloc_l220_2 }} or UNINITIALIZED or ESCAPINGADDR%64, bits 8 to 31 
                                  [bits 2208 to 2951]# ∈
                                  {{ NULL + [--..--] ;
                                     (? *)&__malloc_w_spng__malloc_l220_0 ;
                                     (? *)&__malloc_w_spng__malloc_l220_2 }} or UNINITIALIZED or ESCAPINGADDR repeated %64, bits 32 to 775 
                                  [bits 2952 to 2975]# ∈
                                  {{ NULL + [--..--] ;
                                     (? *)&__malloc_w_spng__malloc_l220_0 ;
                                     (? *)&__malloc_w_spng__malloc_l220_2 }} or UNINITIALIZED or ESCAPINGADDR%64, bits 8 to 31 
                                  [bits 2976 to 3719]# ∈
                                  {{ NULL + [--..--] ;
                                     (? *)&__malloc_w_spng__malloc_l220_0 ;
                                     (? *)&__malloc_w_spng__malloc_l220_2 }} or UNINITIALIZED or ESCAPINGADDR repeated %64, bits 32 to 775 
                                  [bits 3720 to 3743]# ∈
                                  {{ NULL + [--..--] ;
                                     (? *)&__malloc_w_spng__malloc_l220_0 ;
                                     (? *)&__malloc_w_spng__malloc_l220_2 }} or UNINITIALIZED or ESCAPINGADDR%64, bits 8 to 31 
                                  [bits 3744 to 4487]# ∈
                                  {{ NULL + [--..--] ;
                                     (? *)&__malloc_w_spng__malloc_l220_0 ;
                                     (? *)&__malloc_w_spng__malloc_l220_2 }} or UNINITIALIZED or ESCAPINGADDR repeated %64, bits 32 to 775 
                                  [bits 4488 to 4511]# ∈
                                  {{ NULL + [--..--] ;
                                     (? *)&__malloc_w_spng__malloc_l220_0 ;
                                     (? *)&__malloc_w_spng__malloc_l220_2 }} or UNINITIALIZED or ESCAPINGADDR%64, bits 8 to 31 
                                  [bits 4512 to 1649267441543]# ∈
                                  {{ NULL + [--..--] ;
                                     (? *)&__malloc_w_spng__malloc_l220_0 ;
                                     (? *)&__malloc_w_spng__malloc_l220_2 }} or UNINITIALIZED or ESCAPINGADDR repeated %64, bits 32 to 1649267437063 
                                  [bits 1649267441544 to 1649267442311]# ∈
                                  {{ NULL + [--..--] ;
                                     (? *)&__malloc_w_spng__malloc_l220_0 ;
                                     (? *)&__malloc_w_spng__malloc_l220_2 }} or UNINITIALIZED or ESCAPINGADDR repeated %64, bits 8 to 775 
                                  [bits 1649267442312 to 3298534881799]# ∈
                                  {{ NULL + [--..--] ;
                                     (? *)&__malloc_w_spng__malloc_l220_0 ;
                                     (? *)&__malloc_w_spng__malloc_l220_2 }} or UNINITIALIZED or ESCAPINGADDR repeated %64, bits 8 to 1649267439495 
                                  [bits 3298534881800 to 3298534882439]# ∈
                                  {{ NULL + [--..--] ;
                                     (? *)&__malloc_w_spng__malloc_l220_0 ;
                                     (? *)&__malloc_w_spng__malloc_l220_2 }} or UNINITIALIZED or ESCAPINGADDR repeated %64, bits 8 to 647 
                                  [bits 3298534882440 to 3298534882495]# ∈
                                  {{ NULL + [--..--] ;
                                     (? *)&__malloc_w_spng__malloc_l220_0 ;
                                     (? *)&__malloc_w_spng__malloc_l220_2 }} or UNINITIALIZED or ESCAPINGADDR%64, bits 8 to 63 
                                  [bits 3298534882496 to 3298534882559] ∈
                                  {{ NULL ;
                                     (? *)&__malloc_w_spng__malloc_l220_0 ;
                                     (? *)&__malloc_w_spng__malloc_l220_2 }} or UNINITIALIZED or ESCAPINGADDR
  __calloc_w_spng__calloc_l225_1[0..87] ∈ [--..--] or UNINITIALIZED
                                [bits 704 to 767] ∈
                                {{ NULL + [--..--] ;
                                   (? *)&__malloc_w_spng__malloc_l220_4 }} or UNINITIALIZED or ESCAPINGADDR
  __realloc_w_spng__realloc_l230_1[0..87] ∈ [--..--] or UNINITIALIZED
                                  [bits 704 to 1407]# ∈
                                  {{ NULL + [--..--] ;
                                     (? *)&__malloc_w_spng__malloc_l220_0 ;
                                     (? *)&__malloc_w_spng__malloc_l220_2 ;
                                     (? *)&__malloc_w_spng__malloc_l220_4 }} or UNINITIALIZED or ESCAPINGADDR repeated %64 
                                  [176] ∈
                                  {{ garbled mix of &{__malloc_w_spng__malloc_l220_0;
                                                      __malloc_w_spng__malloc_l220_2;
                                                      __malloc_w_spng__malloc_l220_4}
                                   (origin: Merge {spng.c:1483}) }} or UNINITIALIZED or ESCAPINGADDR
                                  [bits 1416 to 1439]# ∈
                                  {{ NULL + [--..--] ;
                                     (? *)&__malloc_w_spng__malloc_l220_0 ;
                                     (? *)&__malloc_w_spng__malloc_l220_2 ;
                                     (? *)&__malloc_w_spng__malloc_l220_4 }} or UNINITIALIZED or ESCAPINGADDR%64, bits 8 to 31 
                                  [180..183] ∈
                                  {{ garbled mix of &{__malloc_w_spng__malloc_l220_0;
                                                      __malloc_w_spng__malloc_l220_2;
                                                      __malloc_w_spng__malloc_l220_4}
                                   (origin: Merge {spng.c:1483}) }} or UNINITIALIZED or ESCAPINGADDR
                                  [bits 1472 to 2183]# ∈
                                  {{ NULL + [--..--] ;
                                     (? *)&__malloc_w_spng__malloc_l220_0 ;
                                     (? *)&__malloc_w_spng__malloc_l220_2 ;
                                     (? *)&__malloc_w_spng__malloc_l220_4 }} or UNINITIALIZED or ESCAPINGADDR repeated %64, bits 0 to 711 
                                  [bits 2184 to 2207]# ∈
                                  {{ NULL + [--..--] ;
                                     (? *)&__malloc_w_spng__malloc_l220_0 ;
                                     (? *)&__malloc_w_spng__malloc_l220_2 ;
                                     (? *)&__malloc_w_spng__malloc_l220_4 }} or UNINITIALIZED or ESCAPINGADDR%64, bits 8 to 31 
                                  [bits 2208 to 2951]# ∈
                                  {{ NULL + [--..--] ;
                                     (? *)&__malloc_w_spng__malloc_l220_0 ;
                                     (? *)&__malloc_w_spng__malloc_l220_2 ;
                                     (? *)&__malloc_w_spng__malloc_l220_4 }} or UNINITIALIZED or ESCAPINGADDR repeated %64, bits 32 to 775 
                                  [bits 2952 to 2975]# ∈
                                  {{ NULL + [--..--] ;
                                     (? *)&__malloc_w_spng__malloc_l220_0 ;
                                     (? *)&__malloc_w_spng__malloc_l220_2 ;
                                     (? *)&__malloc_w_spng__malloc_l220_4 }} or UNINITIALIZED or ESCAPINGADDR%64, bits 8 to 31 
                                  [bits 2976 to 3719]# ∈
                                  {{ NULL + [--..--] ;
                                     (? *)&__malloc_w_spng__malloc_l220_0 ;
                                     (? *)&__malloc_w_spng__malloc_l220_2 ;
                                     (? *)&__malloc_w_spng__malloc_l220_4 }} or UNINITIALIZED or ESCAPINGADDR repeated %64, bits 32 to 775 
                                  [bits 3720 to 3743]# ∈
                                  {{ NULL + [--..--] ;
                                     (? *)&__malloc_w_spng__malloc_l220_0 ;
                                     (? *)&__malloc_w_spng__malloc_l220_2 ;
                                     (? *)&__malloc_w_spng__malloc_l220_4 }} or UNINITIALIZED or ESCAPINGADDR%64, bits 8 to 31 
                                  [bits 3744 to 4487]# ∈
                                  {{ NULL + [--..--] ;
                                     (? *)&__malloc_w_spng__malloc_l220_0 ;
                                     (? *)&__malloc_w_spng__malloc_l220_2 ;
                                     (? *)&__malloc_w_spng__malloc_l220_4 }} or UNINITIALIZED or ESCAPINGADDR repeated %64, bits 32 to 775 
                                  [bits 4488 to 4511]# ∈
                                  {{ NULL + [--..--] ;
                                     (? *)&__malloc_w_spng__malloc_l220_0 ;
                                     (? *)&__malloc_w_spng__malloc_l220_2 ;
                                     (? *)&__malloc_w_spng__malloc_l220_4 }} or UNINITIALIZED or ESCAPINGADDR%64, bits 8 to 31 
                                  [bits 4512 to 1649267441543]# ∈
                                  {{ NULL + [--..--] ;
                                     (? *)&__malloc_w_spng__malloc_l220_0 ;
                                     (? *)&__malloc_w_spng__malloc_l220_2 ;
                                     (? *)&__malloc_w_spng__malloc_l220_4 }} or UNINITIALIZED or ESCAPINGADDR repeated %64, bits 32 to 1649267437063 
                                  [bits 1649267441544 to 1649267442311]# ∈
                                  {{ NULL + [--..--] ;
                                     (? *)&__malloc_w_spng__malloc_l220_0 ;
                                     (? *)&__malloc_w_spng__malloc_l220_2 ;
                                     (? *)&__malloc_w_spng__malloc_l220_4 }} or UNINITIALIZED or ESCAPINGADDR repeated %64, bits 8 to 775 
                                  [bits 1649267442312 to 3298534881799]# ∈
                                  {{ NULL + [--..--] ;
                                     (? *)&__malloc_w_spng__malloc_l220_0 ;
                                     (? *)&__malloc_w_spng__malloc_l220_2 ;
                                     (? *)&__malloc_w_spng__malloc_l220_4 }} or UNINITIALIZED or ESCAPINGADDR repeated %64, bits 8 to 1649267439495 
                                  [bits 3298534881800 to 3298534882439]# ∈
                                  {{ NULL + [--..--] ;
                                     (? *)&__malloc_w_spng__malloc_l220_0 ;
                                     (? *)&__malloc_w_spng__malloc_l220_2 ;
                                     (? *)&__malloc_w_spng__malloc_l220_4 }} or UNINITIALIZED or ESCAPINGADDR repeated %64, bits 8 to 647 
                                  [bits 3298534882440 to 3298534882495]# ∈
                                  {{ NULL + [--..--] ;
                                     (? *)&__malloc_w_spng__malloc_l220_0 ;
                                     (? *)&__malloc_w_spng__malloc_l220_2 ;
                                     (? *)&__malloc_w_spng__malloc_l220_4 }} or UNINITIALIZED or ESCAPINGADDR%64, bits 8 to 63 
                                  [bits 3298534882496 to 3298534882559] ∈
                                  {{ NULL ;
                                     (? *)&__malloc_w_spng__malloc_l220_0 ;
                                     (? *)&__malloc_w_spng__malloc_l220_2 ;
                                     (? *)&__malloc_w_spng__malloc_l220_4 }} or UNINITIALIZED or ESCAPINGADDR
[eva:final-states] Values at end of function spng__malloc:
  __fc_heap_status ∈ [--..--]
[eva:final-states] Values at end of function read_chunks_after_idat:
  __fc_heap_status ∈ [--..--]
  ret ∈ {-1; 0; 1; 3; 17}
  discard ∈ {0; 1}
  prev_was_idat ∈ {0; 1}
  chunk.offset ∈ [--..--]
       .length ∈ [0..2147483647]
       .type[0..3] ∈ [--..--] or UNINITIALIZED
       .crc ∈ [--..--]
       .[bits 160 to 191] ∈ {0}
  data ∈ {{ &__malloc_main_l34 + [0..--] }} or UNINITIALIZED
  stored.ihdr ∈ [--..--]
        .plte ∈ {0}
        .chrm ∈ [--..--]
        .iccp ∈ {0}
        {.gama; .sbit; .srgb} ∈ [--..--]
        .text ∈ {0}
        {.bkgd; .hist; .trns; .phys; .splt; .time; .offs; .exif} ∈ [--..--]
        .[bits 16 to 31] ∈ {0}
  __retres ∈ [-1..61]
  __calloc_spng_ctx_new2_l2274.data_size ∈ [1..9223372036854775807]
                              .bytes_read ∈ [--..--]
                              .stream_buf ∈ {0}
                              .data ∈ {{ &__malloc_main_l34 + [0..--] }}
                              .read_fn ∈ {{ &buffer_read_fn }}
                              .read_user_ptr ∈ {0}
                              .png_buf ∈
                              {{ (unsigned char const *)&__malloc_main_l34 }}
                              .bytes_left ∈ [--..--]
                              .last_read_size ∈ [0..4294967295]
                              .current_chunk.offset ∈ [--..--]
                              .current_chunk.length ∈ [0..2147483647]
                              .current_chunk.type[0..3] ∈
                              [--..--] or UNINITIALIZED
                              .current_chunk.crc ∈ [--..--]
                              .current_chunk.[bits 160 to 191] ∈ {0}
                              .cur_chunk_bytes_left ∈ [--..--]
                              .cur_actual_crc ∈ {0; 4; 17}
                              .alloc.malloc_fn ∈ {{ &malloc }}
                              .alloc.realloc_fn ∈ {{ &realloc }}
                              .alloc.calloc_fn ∈ {{ &calloc }}
                              .alloc.free_fn ∈ {{ &free }}
                              .valid_state ∈ [--..--]
                              {.streaming; .encode_only; .have_first_idat; .have_last_idat; .[bits 1093 to 1119]} ∈
                              {0}
                              .file{.ihdr; .plte; .chrm} ∈ [--..--]
                              .file.iccp ∈ {0}
                              .file{.gama; .sbit; .srgb; .text; .bkgd; .hist; .trns; .phys; .splt; .time; .offs; .exif} ∈
                              [--..--]
                              {.file.[bits 16 to 31]; .user} ∈ {0}
                              .stored.ihdr ∈ [--..--]
                              .stored.plte ∈ {0}
                              .stored.chrm ∈ [--..--]
                              .stored.iccp ∈ {0}
                              .stored{.gama; .sbit; .srgb} ∈ [--..--]
                              .stored.text ∈ {0}
                              .stored{.bkgd; .hist; .trns; .phys; .splt; .time; .offs; .exif} ∈
                              [--..--]
                              .stored.[bits 16 to 31] ∈ {0}
                              .first_idat.offset ∈
                              [0..18446744073709551607]
                              .first_idat.length ∈ [0..2147483647]
                              .first_idat.type[0..3] ∈ [--..--]
                              .first_idat{.crc; .[bits 160 to 191]} ∈ {0}
                              .last_idat.offset ∈ [--..--]
                              .last_idat.length ∈ [0..2147483647]
                              .last_idat.type[0..3] ∈
                              [--..--] or UNINITIALIZED
                              .last_idat.crc ∈ [--..--]
                              .last_idat.[bits 160 to 191] ∈ {0}
                              {.max_width; .max_height} ∈ {0; 2147483647}
                              .max_chunk_size ∈ {2147483647}
                              .[bits 1696 to 1727] ∈ {0}
                              .chunk_cache_limit ∈ {18446744073709551615}
                              .chunk_cache_usage ∈ [--..--]
                              {.crc_action_critical; .crc_action_ancillary} ∈
                              {2}
                              .ihdr{.width; .height} ∈ [1..4294967295]
                              .ihdr.bit_depth ∈ [1..31]
                              .ihdr.color_type ∈ [--..--]
                              .ihdr{.compression_method; .filter_method} ∈
                              [--..--] or UNINITIALIZED
                              .ihdr.interlace_method ∈ [--..--]
                              .ihdr.[bits 104 to 127] ∈ {0}
                              .plte_offset ∈ [--..--]
                              .plte.n_entries ∈ [0..715827882]
                              .plte.entries[0]{.red; .green; .blue} ∈
                              [--..--] or UNINITIALIZED
                              .plte.entries[0].alpha ∈ {0; 255}
                              .plte.entries[1]{.red; .green; .blue} ∈
                              [--..--] or UNINITIALIZED
                              .plte.entries[1].alpha ∈ {0; 255}
                              .plte.entries{[2..254]; [255]{.red; .green; .blue}} ∈
                              [--..--] or UNINITIALIZED
                              .plte.entries[255].alpha ∈ {0; 255}
                              .chrm_int ∈ [--..--]
                              {.iccp; .[bits 10592 to 10623]} ∈ {0}
                              .gama ∈ [--..--]
                              {.gamma_lut; .[bits 11424 to 11455]} ∈ {0}
                              .sbit ∈ [--..--] or UNINITIALIZED
                              .srgb_rendering_intent ∈ [--..--]
                              {.n_text; .text_list; .[bits 11568 to 11583]; .[bits 11616 to 11647]} ∈
                              {0}
                              .bkgd{.gray; .red; .green; .blue} ∈ [--..--]
                              .bkgd.plte_index ∈ [0..255]
                              .hist ∈ [--..--]
                              .[bits 15888 to 15903] ∈ {0}
                              .trns{.gray; .red; .green; .blue} ∈ [--..--]
                              .trns.n_type3_entries ∈ [0..715827882]
                              {.trns.type3_alpha[0..255]; .phys; .n_splt} ∈
                              [--..--] or UNINITIALIZED
                              .splt_list ∈
                              {{ NULL + [--..--] ;
                                 (struct spng_splt *)&__calloc_w_spng__calloc_l225 ;
                                 (struct spng_splt *)&__realloc_w_spng__realloc_l230 ;
                                 (struct spng_splt *)&__calloc_w_spng__calloc_l225_0 ;
                                 (struct spng_splt *)&__realloc_w_spng__realloc_l230_0 ;
                                 (struct spng_splt *)&__calloc_w_spng__calloc_l225_1 ;
                                 (struct spng_splt *)&__realloc_w_spng__realloc_l230_1 }} or UNINITIALIZED
                              {.time; .offs; .exif.length; .[bits 18400 to 18431]} ∈
                              [--..--] or UNINITIALIZED
                              .exif.data ∈
                              {{ NULL + [--..--] ;
                                 &__malloc_w_spng__malloc_l220[0] ;
                                 &__malloc_w_spng__malloc_l220_1[0] ;
                                 &__malloc_w_spng__malloc_l220_3[0] ;
                                 &__malloc_w_spng__malloc_l220_8[0] }} or UNINITIALIZED or ESCAPINGADDR
                              .gamma_lut8[0..255] ∈
                              [--..--] or UNINITIALIZED
  __malloc_w_spng__malloc_l220_8[0..2147483646] ∈ [--..--] or UNINITIALIZED
[eva:final-states] Values at end of function spng__realloc:
  ptr ∈
     {{ NULL + [0..18446744073709551615] ;
        (void *)&__calloc_w_spng__calloc_l225 ;
        (void *)&__realloc_w_spng__realloc_l230 ;
        (void *)&__calloc_w_spng__calloc_l225_0 ;
        (void *)&__realloc_w_spng__realloc_l230_0 ;
        (void *)&__calloc_w_spng__calloc_l225_1 ;
        (void *)&__realloc_w_spng__realloc_l230_1 }} or ESCAPINGADDR
  __calloc_spng_ctx_new2_l2274.data_size ∈ [1..9223372036854775807]
                              .bytes_read ∈ [--..--]
                              .stream_buf ∈ {0}
                              .data ∈
                              {{ &__malloc_main_l34 +
                                 [0..9223372039002259450] }}
                              .read_fn ∈ {{ &buffer_read_fn }}
                              .read_user_ptr ∈ {0}
                              .png_buf ∈
                              {{ (unsigned char const *)&__malloc_main_l34 }}
                              .bytes_left ∈ [--..--]
                              .last_read_size ∈ [0..2147483647]
                              .current_chunk.offset ∈
                              [0..18446744073709551607]
                              .current_chunk.length ∈ [0..2147483647]
                              .current_chunk.type[0..3] ∈
                              [--..--] or UNINITIALIZED
                              .current_chunk{.crc; .[bits 160 to 191]} ∈
                              {0}
                              .cur_chunk_bytes_left ∈ [--..--]
                              .cur_actual_crc ∈ {4}
                              .alloc.malloc_fn ∈ {{ &malloc }}
                              .alloc.realloc_fn ∈ {{ &realloc }}
                              .alloc.calloc_fn ∈ {{ &calloc }}
                              .alloc.free_fn ∈ {{ &free }}
                              .valid_state ∈ {1}
                              {.streaming; .encode_only; .have_first_idat; .have_last_idat; .[bits 1093 to 1119]} ∈
                              {0}
                              .file.ihdr ∈ {1}
                              .file{.plte; .chrm} ∈ [--..--]
                              .file.iccp ∈ {0}
                              .file{.gama; .sbit; .srgb; .text; .bkgd; .hist; .trns; .phys} ∈
                              [--..--]
                              .file.splt ∈ {1}
                              .file{.time; .offs; .exif} ∈ [--..--]
                              {.file.[bits 16 to 31]; .user} ∈ {0}
                              .stored.ihdr ∈ {1}
                              .stored.plte ∈ {0}
                              .stored.chrm ∈ [--..--]
                              .stored.iccp ∈ {0}
                              .stored{.gama; .sbit; .srgb} ∈ [--..--]
                              .stored.text ∈ {0}
                              .stored{.bkgd; .hist; .trns; .phys} ∈
                              [--..--]
                              .stored.splt ∈ {1}
                              .stored{.time; .offs; .exif} ∈ [--..--]
                              {.stored.[bits 16 to 31]; .first_idat.offset} ∈
                              {0}
                              .first_idat.length ∈ [0..2147483647]
                              .first_idat.type[0..3] ∈ [--..--]
                              {.first_idat{.crc; .[bits 160 to 191]}; .last_idat} ∈
                              {0}
                              {.max_width; .max_height; .max_chunk_size} ∈
                              {2147483647}
                              .[bits 1696 to 1727] ∈ {0}
                              .chunk_cache_limit ∈ {18446744073709551615}
                              .chunk_cache_usage ∈ [--..--]
                              {.crc_action_critical; .crc_action_ancillary} ∈
                              {2}
                              .ihdr{.width; .height} ∈ [1..2147483647]
                              .ihdr.bit_depth ∈ {1; 2; 4; 8; 16}
                              .ihdr.color_type ∈ {0; 2; 3; 4; 6}
                              .ihdr{.compression_method; .filter_method} ∈
                              {0}
                              .ihdr.interlace_method ∈ {0; 1}
                              .ihdr.[bits 104 to 127] ∈ {0}
                              .plte_offset ∈ [--..--]
                              .plte.n_entries ∈ [0..715827882]
                              .plte.entries[0]{.red; .green; .blue} ∈
                              [--..--] or UNINITIALIZED
                              .plte.entries[0].alpha ∈ {0}
                              .plte.entries[1]{.red; .green; .blue} ∈
                              [--..--] or UNINITIALIZED
                              .plte.entries[1].alpha ∈ {0}
                              .plte.entries{[2..254]; [255]{.red; .green; .blue}} ∈
                              [--..--] or UNINITIALIZED
                              .plte.entries[255].alpha ∈ {0}
                              .chrm_int ∈ [--..--]
                              {.iccp; .[bits 10592 to 10623]} ∈ {0}
                              .gama ∈ [--..--]
                              {.gamma_lut; .[bits 11424 to 11455]} ∈ {0}
                              .sbit ∈ [--..--] or UNINITIALIZED
                              .srgb_rendering_intent ∈ [--..--]
                              {.n_text; .text_list; .[bits 11568 to 11583]; .[bits 11616 to 11647]} ∈
                              {0}
                              .bkgd{.gray; .red; .green; .blue} ∈ [--..--]
                              .bkgd.plte_index ∈ [0..255]
                              .hist ∈ [--..--]
                              .[bits 15888 to 15903] ∈ {0}
                              .trns{.gray; .red; .green; .blue} ∈ [--..--]
                              .trns.n_type3_entries ∈ [0..715827882]
                              {.trns.type3_alpha[0..255]; .phys} ∈
                              [--..--] or UNINITIALIZED
                              .n_splt ∈ [1..4294967295]
                              .splt_list ∈
                              {{ NULL + [0..18446744073709551615] ;
                                 (struct spng_splt *)&__calloc_w_spng__calloc_l225 ;
                                 (struct spng_splt *)&__realloc_w_spng__realloc_l230 ;
                                 (struct spng_splt *)&__calloc_w_spng__calloc_l225_0 ;
                                 (struct spng_splt *)&__realloc_w_spng__realloc_l230_0 ;
                                 (struct spng_splt *)&__calloc_w_spng__calloc_l225_1 ;
                                 (struct spng_splt *)&__realloc_w_spng__realloc_l230_1 }} or ESCAPINGADDR
                              {.time; .offs; .exif.length; .[bits 18400 to 18431]} ∈
                              [--..--] or UNINITIALIZED
                              .exif.data ∈
                              {{ NULL + [--..--] ;
                                 &__malloc_w_spng__malloc_l220[0] ;
                                 &__malloc_w_spng__malloc_l220_1[0] ;
                                 &__malloc_w_spng__malloc_l220_3[0] }} or UNINITIALIZED or ESCAPINGADDR
                              .gamma_lut8[0..255] ∈
                              [--..--] or UNINITIALIZED
[eva:final-states] Values at end of function spng_ctx_free:
  ctx ∈ {0} or ESCAPINGADDR
  ctx ∈ {0} or ESCAPINGADDR
  free_func ∈ {{ &free }} or UNINITIALIZED
  __calloc_w_spng__calloc_l225[0..87] ∈ [--..--] or UNINITIALIZED
                              [bits 704 to 767] ∈
                              {{ NULL + [--..--] ;
                                 (? *)&__malloc_w_spng__malloc_l220_0 }} or UNINITIALIZED or ESCAPINGADDR
  __realloc_w_spng__realloc_l230[0..87] ∈ [--..--] or UNINITIALIZED
                                [bits 704 to 1407]# ∈
                                {{ NULL + [--..--] ;
                                   (? *)&__malloc_w_spng__malloc_l220_0 }} or UNINITIALIZED or ESCAPINGADDR repeated %64 
                                [176] ∈
                                {{ garbled mix of &{__malloc_w_spng__malloc_l220_0}
                                 (origin: Merge {spng.c:1483}) }} or UNINITIALIZED or ESCAPINGADDR
                                [bits 1416 to 1439]# ∈
                                {{ NULL + [--..--] ;
                                   (? *)&__malloc_w_spng__malloc_l220_0 }} or UNINITIALIZED or ESCAPINGADDR%64, bits 8 to 31 
                                [180..183] ∈
                                {{ garbled mix of &{__malloc_w_spng__malloc_l220_0}
                                 (origin: Merge {spng.c:1483}) }} or UNINITIALIZED or ESCAPINGADDR
                                [bits 1472 to 2183]# ∈
                                {{ NULL + [--..--] ;
                                   (? *)&__malloc_w_spng__malloc_l220_0 }} or UNINITIALIZED or ESCAPINGADDR repeated %64, bits 0 to 711 
                                [bits 2184 to 2207]# ∈
                                {{ NULL + [--..--] ;
                                   (? *)&__malloc_w_spng__malloc_l220_0 }} or UNINITIALIZED or ESCAPINGADDR%64, bits 8 to 31 
                                [bits 2208 to 2951]# ∈
                                {{ NULL + [--..--] ;
                                   (? *)&__malloc_w_spng__malloc_l220_0 }} or UNINITIALIZED or ESCAPINGADDR repeated %64, bits 32 to 775 
                                [bits 2952 to 2975]# ∈
                                {{ NULL + [--..--] ;
                                   (? *)&__malloc_w_spng__malloc_l220_0 }} or UNINITIALIZED or ESCAPINGADDR%64, bits 8 to 31 
                                [bits 2976 to 3719]# ∈
                                {{ NULL + [--..--] ;
                                   (? *)&__malloc_w_spng__malloc_l220_0 }} or UNINITIALIZED or ESCAPINGADDR repeated %64, bits 32 to 775 
                                [bits 3720 to 3743]# ∈
                                {{ NULL + [--..--] ;
                                   (? *)&__malloc_w_spng__malloc_l220_0 }} or UNINITIALIZED or ESCAPINGADDR%64, bits 8 to 31 
                                [bits 3744 to 4487]# ∈
                                {{ NULL + [--..--] ;
                                   (? *)&__malloc_w_spng__malloc_l220_0 }} or UNINITIALIZED or ESCAPINGADDR repeated %64, bits 32 to 775 
                                [bits 4488 to 4511]# ∈
                                {{ NULL + [--..--] ;
                                   (? *)&__malloc_w_spng__malloc_l220_0 }} or UNINITIALIZED or ESCAPINGADDR%64, bits 8 to 31 
                                [bits 4512 to 1649267441543]# ∈
                                {{ NULL + [--..--] ;
                                   (? *)&__malloc_w_spng__malloc_l220_0 }} or UNINITIALIZED or ESCAPINGADDR repeated %64, bits 32 to 1649267437063 
                                [bits 1649267441544 to 1649267442311]# ∈
                                {{ NULL + [--..--] ;
                                   (? *)&__malloc_w_spng__malloc_l220_0 }} or UNINITIALIZED or ESCAPINGADDR repeated %64, bits 8 to 775 
                                [bits 1649267442312 to 3298534881799]# ∈
                                {{ NULL + [--..--] ;
                                   (? *)&__malloc_w_spng__malloc_l220_0 }} or UNINITIALIZED or ESCAPINGADDR repeated %64, bits 8 to 1649267439495 
                                [bits 3298534881800 to 3298534882439]# ∈
                                {{ NULL + [--..--] ;
                                   (? *)&__malloc_w_spng__malloc_l220_0 }} or UNINITIALIZED or ESCAPINGADDR repeated %64, bits 8 to 647 
                                [bits 3298534882440 to 3298534882495]# ∈
                                {{ NULL + [--..--] ;
                                   (? *)&__malloc_w_spng__malloc_l220_0 }} or UNINITIALIZED or ESCAPINGADDR%64, bits 8 to 63 
                                [bits 3298534882496 to 3298534882559] ∈
                                {{ NULL ;
                                   (? *)&__malloc_w_spng__malloc_l220_0 }} or UNINITIALIZED or ESCAPINGADDR
  __calloc_w_spng__calloc_l225_0[0..87] ∈ [--..--] or UNINITIALIZED
                                [bits 704 to 767] ∈
                                {{ NULL + [--..--] ;
                                   (? *)&__malloc_w_spng__malloc_l220_2 }} or UNINITIALIZED or ESCAPINGADDR
  __realloc_w_spng__realloc_l230_0[0..87] ∈ [--..--] or UNINITIALIZED
                                  [bits 704 to 1407]# ∈
                                  {{ NULL + [--..--] ;
                                     (? *)&__malloc_w_spng__malloc_l220_0 ;
                                     (? *)&__malloc_w_spng__malloc_l220_2 }} or UNINITIALIZED or ESCAPINGADDR repeated %64 
                                  [176] ∈
                                  {{ garbled mix of &{__malloc_w_spng__malloc_l220_0;
                                                      __malloc_w_spng__malloc_l220_2}
                                   (origin: Merge {spng.c:1483}) }} or UNINITIALIZED or ESCAPINGADDR
                                  [bits 1416 to 1439]# ∈
                                  {{ NULL + [--..--] ;
                                     (? *)&__malloc_w_spng__malloc_l220_0 ;
                                     (? *)&__malloc_w_spng__malloc_l220_2 }} or UNINITIALIZED or ESCAPINGADDR%64, bits 8 to 31 
                                  [180..183] ∈
                                  {{ garbled mix of &{__malloc_w_spng__malloc_l220_0;
                                                      __malloc_w_spng__malloc_l220_2}
                                   (origin: Merge {spng.c:1483}) }} or UNINITIALIZED or ESCAPINGADDR
                                  [bits 1472 to 2183]# ∈
                                  {{ NULL + [--..--] ;
                                     (? *)&__malloc_w_spng__malloc_l220_0 ;
                                     (? *)&__malloc_w_spng__malloc_l220_2 }} or UNINITIALIZED or ESCAPINGADDR repeated %64, bits 0 to 711 
                                  [bits 2184 to 2207]# ∈
                                  {{ NULL + [--..--] ;
                                     (? *)&__malloc_w_spng__malloc_l220_0 ;
                                     (? *)&__malloc_w_spng__malloc_l220_2 }} or UNINITIALIZED or ESCAPINGADDR%64, bits 8 to 31 
                                  [bits 2208 to 2951]# ∈
                                  {{ NULL + [--..--] ;
                                     (? *)&__malloc_w_spng__malloc_l220_0 ;
                                     (? *)&__malloc_w_spng__malloc_l220_2 }} or UNINITIALIZED or ESCAPINGADDR repeated %64, bits 32 to 775 
                                  [bits 2952 to 2975]# ∈
                                  {{ NULL + [--..--] ;
                                     (? *)&__malloc_w_spng__malloc_l220_0 ;
                                     (? *)&__malloc_w_spng__malloc_l220_2 }} or UNINITIALIZED or ESCAPINGADDR%64, bits 8 to 31 
                                  [bits 2976 to 3719]# ∈
                                  {{ NULL + [--..--] ;
                                     (? *)&__malloc_w_spng__malloc_l220_0 ;
                                     (? *)&__malloc_w_spng__malloc_l220_2 }} or UNINITIALIZED or ESCAPINGADDR repeated %64, bits 32 to 775 
                                  [bits 3720 to 3743]# ∈
                                  {{ NULL + [--..--] ;
                                     (? *)&__malloc_w_spng__malloc_l220_0 ;
                                     (? *)&__malloc_w_spng__malloc_l220_2 }} or UNINITIALIZED or ESCAPINGADDR%64, bits 8 to 31 
                                  [bits 3744 to 4487]# ∈
                                  {{ NULL + [--..--] ;
                                     (? *)&__malloc_w_spng__malloc_l220_0 ;
                                     (? *)&__malloc_w_spng__malloc_l220_2 }} or UNINITIALIZED or ESCAPINGADDR repeated %64, bits 32 to 775 
                                  [bits 4488 to 4511]# ∈
                                  {{ NULL + [--..--] ;
                                     (? *)&__malloc_w_spng__malloc_l220_0 ;
                                     (? *)&__malloc_w_spng__malloc_l220_2 }} or UNINITIALIZED or ESCAPINGADDR%64, bits 8 to 31 
                                  [bits 4512 to 1649267441543]# ∈
                                  {{ NULL + [--..--] ;
                                     (? *)&__malloc_w_spng__malloc_l220_0 ;
                                     (? *)&__malloc_w_spng__malloc_l220_2 }} or UNINITIALIZED or ESCAPINGADDR repeated %64, bits 32 to 1649267437063 
                                  [bits 1649267441544 to 1649267442311]# ∈
                                  {{ NULL + [--..--] ;
                                     (? *)&__malloc_w_spng__malloc_l220_0 ;
                                     (? *)&__malloc_w_spng__malloc_l220_2 }} or UNINITIALIZED or ESCAPINGADDR repeated %64, bits 8 to 775 
                                  [bits 1649267442312 to 3298534881799]# ∈
                                  {{ NULL + [--..--] ;
                                     (? *)&__malloc_w_spng__malloc_l220_0 ;
                                     (? *)&__malloc_w_spng__malloc_l220_2 }} or UNINITIALIZED or ESCAPINGADDR repeated %64, bits 8 to 1649267439495 
                                  [bits 3298534881800 to 3298534882439]# ∈
                                  {{ NULL + [--..--] ;
                                     (? *)&__malloc_w_spng__malloc_l220_0 ;
                                     (? *)&__malloc_w_spng__malloc_l220_2 }} or UNINITIALIZED or ESCAPINGADDR repeated %64, bits 8 to 647 
                                  [bits 3298534882440 to 3298534882495]# ∈
                                  {{ NULL + [--..--] ;
                                     (? *)&__malloc_w_spng__malloc_l220_0 ;
                                     (? *)&__malloc_w_spng__malloc_l220_2 }} or UNINITIALIZED or ESCAPINGADDR%64, bits 8 to 63 
                                  [bits 3298534882496 to 3298534882559] ∈
                                  {{ NULL ;
                                     (? *)&__malloc_w_spng__malloc_l220_0 ;
                                     (? *)&__malloc_w_spng__malloc_l220_2 }} or UNINITIALIZED or ESCAPINGADDR
  __calloc_w_spng__calloc_l225_1[0..87] ∈ [--..--] or UNINITIALIZED
                                [bits 704 to 767] ∈
                                {{ NULL + [--..--] ;
                                   (? *)&__malloc_w_spng__malloc_l220_4 }} or UNINITIALIZED or ESCAPINGADDR
  __realloc_w_spng__realloc_l230_1[0..87] ∈ [--..--] or UNINITIALIZED
                                  [bits 704 to 1407]# ∈
                                  {{ NULL + [--..--] ;
                                     (? *)&__malloc_w_spng__malloc_l220_0 ;
                                     (? *)&__malloc_w_spng__malloc_l220_2 ;
                                     (? *)&__malloc_w_spng__malloc_l220_4 }} or UNINITIALIZED or ESCAPINGADDR repeated %64 
                                  [176] ∈
                                  {{ garbled mix of &{__malloc_w_spng__malloc_l220_0;
                                                      __malloc_w_spng__malloc_l220_2;
                                                      __malloc_w_spng__malloc_l220_4}
                                   (origin: Merge {spng.c:1483}) }} or UNINITIALIZED or ESCAPINGADDR
                                  [bits 1416 to 1439]# ∈
                                  {{ NULL + [--..--] ;
                                     (? *)&__malloc_w_spng__malloc_l220_0 ;
                                     (? *)&__malloc_w_spng__malloc_l220_2 ;
                                     (? *)&__malloc_w_spng__malloc_l220_4 }} or UNINITIALIZED or ESCAPINGADDR%64, bits 8 to 31 
                                  [180..183] ∈
                                  {{ garbled mix of &{__malloc_w_spng__malloc_l220_0;
                                                      __malloc_w_spng__malloc_l220_2;
                                                      __malloc_w_spng__malloc_l220_4}
                                   (origin: Merge {spng.c:1483}) }} or UNINITIALIZED or ESCAPINGADDR
                                  [bits 1472 to 2183]# ∈
                                  {{ NULL + [--..--] ;
                                     (? *)&__malloc_w_spng__malloc_l220_0 ;
                                     (? *)&__malloc_w_spng__malloc_l220_2 ;
                                     (? *)&__malloc_w_spng__malloc_l220_4 }} or UNINITIALIZED or ESCAPINGADDR repeated %64, bits 0 to 711 
                                  [bits 2184 to 2207]# ∈
                                  {{ NULL + [--..--] ;
                                     (? *)&__malloc_w_spng__malloc_l220_0 ;
                                     (? *)&__malloc_w_spng__malloc_l220_2 ;
                                     (? *)&__malloc_w_spng__malloc_l220_4 }} or UNINITIALIZED or ESCAPINGADDR%64, bits 8 to 31 
                                  [bits 2208 to 2951]# ∈
                                  {{ NULL + [--..--] ;
                                     (? *)&__malloc_w_spng__malloc_l220_0 ;
                                     (? *)&__malloc_w_spng__malloc_l220_2 ;
                                     (? *)&__malloc_w_spng__malloc_l220_4 }} or UNINITIALIZED or ESCAPINGADDR repeated %64, bits 32 to 775 
                                  [bits 2952 to 2975]# ∈
                                  {{ NULL + [--..--] ;
                                     (? *)&__malloc_w_spng__malloc_l220_0 ;
                                     (? *)&__malloc_w_spng__malloc_l220_2 ;
                                     (? *)&__malloc_w_spng__malloc_l220_4 }} or UNINITIALIZED or ESCAPINGADDR%64, bits 8 to 31 
                                  [bits 2976 to 3719]# ∈
                                  {{ NULL + [--..--] ;
                                     (? *)&__malloc_w_spng__malloc_l220_0 ;
                                     (? *)&__malloc_w_spng__malloc_l220_2 ;
                                     (? *)&__malloc_w_spng__malloc_l220_4 }} or UNINITIALIZED or ESCAPINGADDR repeated %64, bits 32 to 775 
                                  [bits 3720 to 3743]# ∈
                                  {{ NULL + [--..--] ;
                                     (? *)&__malloc_w_spng__malloc_l220_0 ;
                                     (? *)&__malloc_w_spng__malloc_l220_2 ;
                                     (? *)&__malloc_w_spng__malloc_l220_4 }} or UNINITIALIZED or ESCAPINGADDR%64, bits 8 to 31 
                                  [bits 3744 to 4487]# ∈
                                  {{ NULL + [--..--] ;
                                     (? *)&__malloc_w_spng__malloc_l220_0 ;
                                     (? *)&__malloc_w_spng__malloc_l220_2 ;
                                     (? *)&__malloc_w_spng__malloc_l220_4 }} or UNINITIALIZED or ESCAPINGADDR repeated %64, bits 32 to 775 
                                  [bits 4488 to 4511]# ∈
                                  {{ NULL + [--..--] ;
                                     (? *)&__malloc_w_spng__malloc_l220_0 ;
                                     (? *)&__malloc_w_spng__malloc_l220_2 ;
                                     (? *)&__malloc_w_spng__malloc_l220_4 }} or UNINITIALIZED or ESCAPINGADDR%64, bits 8 to 31 
                                  [bits 4512 to 1649267441543]# ∈
                                  {{ NULL + [--..--] ;
                                     (? *)&__malloc_w_spng__malloc_l220_0 ;
                                     (? *)&__malloc_w_spng__malloc_l220_2 ;
                                     (? *)&__malloc_w_spng__malloc_l220_4 }} or UNINITIALIZED or ESCAPINGADDR repeated %64, bits 32 to 1649267437063 
                                  [bits 1649267441544 to 1649267442311]# ∈
                                  {{ NULL + [--..--] ;
                                     (? *)&__malloc_w_spng__malloc_l220_0 ;
                                     (? *)&__malloc_w_spng__malloc_l220_2 ;
                                     (? *)&__malloc_w_spng__malloc_l220_4 }} or UNINITIALIZED or ESCAPINGADDR repeated %64, bits 8 to 775 
                                  [bits 1649267442312 to 3298534881799]# ∈
                                  {{ NULL + [--..--] ;
                                     (? *)&__malloc_w_spng__malloc_l220_0 ;
                                     (? *)&__malloc_w_spng__malloc_l220_2 ;
                                     (? *)&__malloc_w_spng__malloc_l220_4 }} or UNINITIALIZED or ESCAPINGADDR repeated %64, bits 8 to 1649267439495 
                                  [bits 3298534881800 to 3298534882439]# ∈
                                  {{ NULL + [--..--] ;
                                     (? *)&__malloc_w_spng__malloc_l220_0 ;
                                     (? *)&__malloc_w_spng__malloc_l220_2 ;
                                     (? *)&__malloc_w_spng__malloc_l220_4 }} or UNINITIALIZED or ESCAPINGADDR repeated %64, bits 8 to 647 
                                  [bits 3298534882440 to 3298534882495]# ∈
                                  {{ NULL + [--..--] ;
                                     (? *)&__malloc_w_spng__malloc_l220_0 ;
                                     (? *)&__malloc_w_spng__malloc_l220_2 ;
                                     (? *)&__malloc_w_spng__malloc_l220_4 }} or UNINITIALIZED or ESCAPINGADDR%64, bits 8 to 63 
                                  [bits 3298534882496 to 3298534882559] ∈
                                  {{ NULL ;
                                     (? *)&__malloc_w_spng__malloc_l220_0 ;
                                     (? *)&__malloc_w_spng__malloc_l220_2 ;
                                     (? *)&__malloc_w_spng__malloc_l220_4 }} or UNINITIALIZED or ESCAPINGADDR
[eva:final-states] Values at end of function spng_ctx_new2:
  __fc_heap_status ∈ [--..--]
  ctx ∈ {{ NULL ; &__calloc_spng_ctx_new2_l2274 }}
  __retres ∈ {{ NULL ; &__calloc_spng_ctx_new2_l2274 }}
  __calloc_spng_ctx_new2_l2274{.data_size; .bytes_read; .stream_buf; .data; .read_fn; .read_user_ptr; .png_buf; .bytes_left; .last_read_size; .current_chunk; .cur_chunk_bytes_left; .cur_actual_crc} ∈
                              {0}
                              .alloc.malloc_fn ∈ {{ &malloc }}
                              .alloc.realloc_fn ∈ {{ &realloc }}
                              .alloc.calloc_fn ∈ {{ &calloc }}
                              .alloc.free_fn ∈ {{ &free }}
                              .valid_state ∈ {1}
                              {.streaming; .encode_only; .have_first_idat; .have_last_idat; .file; .user; .stored; .first_idat; .last_idat; .max_width; .max_height; .[bits 1093 to 1119]} ∈
                              {0}
                              .max_chunk_size ∈ {2147483647}
                              .[bits 1696 to 1727] ∈ {0}
                              .chunk_cache_limit ∈ {18446744073709551615}
                              {.chunk_cache_usage; .crc_action_critical; .crc_action_ancillary; .ihdr; .plte_offset; .plte; .chrm_int; .iccp; .gama; .gamma_lut; .sbit; .srgb_rendering_intent; .n_text; .text_list; .bkgd; .hist; .trns; .phys; .n_splt; .splt_list; .time; .offs; .exif; .gamma_lut8[0..255]; .[bits 10592 to 10623]; .[bits 11424 to 11455]; .[bits 11568 to 11583]; .[bits 11616 to 11647]; .[bits 15888 to 15903]; .[bits 18400 to 18431]} ∈
                              {0}
[eva:final-states] Values at end of function spng_ctx_new:
  __fc_heap_status ∈ [--..--]
  alloc.malloc_fn ∈ {{ &malloc }}
       .realloc_fn ∈ {{ &realloc }}
       .calloc_fn ∈ {{ &calloc }}
       .free_fn ∈ {{ &free }}
  __retres ∈ {{ NULL ; &__calloc_spng_ctx_new2_l2274 }}
  __calloc_spng_ctx_new2_l2274{.data_size; .bytes_read; .stream_buf; .data; .read_fn; .read_user_ptr; .png_buf; .bytes_left; .last_read_size; .current_chunk; .cur_chunk_bytes_left; .cur_actual_crc} ∈
                              {0}
                              .alloc.malloc_fn ∈ {{ &malloc }}
                              .alloc.realloc_fn ∈ {{ &realloc }}
                              .alloc.calloc_fn ∈ {{ &calloc }}
                              .alloc.free_fn ∈ {{ &free }}
                              .valid_state ∈ {1}
                              {.streaming; .encode_only; .have_first_idat; .have_last_idat; .file; .user; .stored; .first_idat; .last_idat; .max_width; .max_height; .[bits 1093 to 1119]} ∈
                              {0}
                              .max_chunk_size ∈ {2147483647}
                              .[bits 1696 to 1727] ∈ {0}
                              .chunk_cache_limit ∈ {18446744073709551615}
                              {.chunk_cache_usage; .crc_action_critical; .crc_action_ancillary; .ihdr; .plte_offset; .plte; .chrm_int; .iccp; .gama; .gamma_lut; .sbit; .srgb_rendering_intent; .n_text; .text_list; .bkgd; .hist; .trns; .phys; .n_splt; .splt_list; .time; .offs; .exif; .gamma_lut8[0..255]; .[bits 10592 to 10623]; .[bits 11424 to 11455]; .[bits 11568 to 11583]; .[bits 11616 to 11647]; .[bits 15888 to 15903]; .[bits 18400 to 18431]} ∈
                              {0}
[eva:final-states] Values at end of function spng_set_crc_action:
  __retres ∈ {0}
  __calloc_spng_ctx_new2_l2274{.data_size; .bytes_read; .stream_buf; .data; .read_fn; .read_user_ptr; .png_buf; .bytes_left; .last_read_size; .current_chunk; .cur_chunk_bytes_left; .cur_actual_crc} ∈
                              {0}
                              .alloc.malloc_fn ∈ {{ &malloc }}
                              .alloc.realloc_fn ∈ {{ &realloc }}
                              .alloc.calloc_fn ∈ {{ &calloc }}
                              .alloc.free_fn ∈ {{ &free }}
                              .valid_state ∈ {1}
                              {.streaming; .encode_only; .have_first_idat; .have_last_idat; .file; .user; .stored; .first_idat; .last_idat; .max_width; .max_height; .[bits 1093 to 1119]} ∈
                              {0}
                              .max_chunk_size ∈ {2147483647}
                              .[bits 1696 to 1727] ∈ {0}
                              .chunk_cache_limit ∈ {18446744073709551615}
                              .chunk_cache_usage ∈ {0}
                              {.crc_action_critical; .crc_action_ancillary} ∈
                              {2}
                              {.ihdr; .plte_offset; .plte; .chrm_int; .iccp; .gama; .gamma_lut; .sbit; .srgb_rendering_intent; .n_text; .text_list; .bkgd; .hist; .trns; .phys; .n_splt; .splt_list; .time; .offs; .exif; .gamma_lut8[0..255]; .[bits 10592 to 10623]; .[bits 11424 to 11455]; .[bits 11568 to 11583]; .[bits 11616 to 11647]; .[bits 15888 to 15903]; .[bits 18400 to 18431]} ∈
                              {0}
[eva:final-states] Values at end of function spng_set_png_buffer:
  __retres ∈ {0}
  __calloc_spng_ctx_new2_l2274.data_size ∈ [1..9223372036854775807]
                              {.bytes_read; .stream_buf} ∈ {0}
                              .data ∈
                              {{ (unsigned char const *)&__malloc_main_l34 }}
                              .read_fn ∈ {{ &buffer_read_fn }}
                              .read_user_ptr ∈ {0}
                              .png_buf ∈
                              {{ (unsigned char const *)&__malloc_main_l34 }}
                              .bytes_left ∈ [1..9223372036854775807]
                              {.last_read_size; .current_chunk; .cur_chunk_bytes_left; .cur_actual_crc} ∈
                              {0}
                              .alloc.malloc_fn ∈ {{ &malloc }}
                              .alloc.realloc_fn ∈ {{ &realloc }}
                              .alloc.calloc_fn ∈ {{ &calloc }}
                              .alloc.free_fn ∈ {{ &free }}
                              .valid_state ∈ {1}
                              {.streaming; .encode_only; .have_first_idat; .have_last_idat; .file; .user; .stored; .first_idat; .last_idat; .max_width; .max_height; .[bits 1093 to 1119]} ∈
                              {0}
                              .max_chunk_size ∈ {2147483647}
                              .[bits 1696 to 1727] ∈ {0}
                              .chunk_cache_limit ∈ {18446744073709551615}
                              .chunk_cache_usage ∈ {0}
                              {.crc_action_critical; .crc_action_ancillary} ∈
                              {2}
                              {.ihdr; .plte_offset; .plte; .chrm_int; .iccp; .gama; .gamma_lut; .sbit; .srgb_rendering_intent; .n_text; .text_list; .bkgd; .hist; .trns; .phys; .n_splt; .splt_list; .time; .offs; .exif; .gamma_lut8[0..255]; .[bits 10592 to 10623]; .[bits 11424 to 11455]; .[bits 11568 to 11583]; .[bits 11616 to 11647]; .[bits 15888 to 15903]; .[bits 18400 to 18431]} ∈
                              {0}
[eva:final-states] Values at end of function spng_strerror:
  __retres ∈
          {{ "end of stream" ; "success" ; "invalid argument" ;
             "out of memory" ; "arithmetic overflow" ; "invalid signature" ;
             "invalid image width" ; "invalid image height" ;
             "image width exceeds user limit" ;
             "image height exceeds user limit" ; "invalid bit depth" ;
             "invalid color type" ; "invalid compression method" ;
             "invalid filter method" ; "invalid interlace method" ;
             "invalid IHDR chunk size" ; "missing IHDR chunk" ;
             "invalid chunk position" ; "invalid chunk length" ;
             "invalid chunk checksum" ; "invalid chunk type" ;
             "unknown critical chunk" ; "duplicate PLTE chunk" ;
             "duplicate cHRM chunk" ; "duplicate gAMA chunk" ;
             "duplicate iCCP chunk" ; "duplicate sBIT chunk" ;
             "duplicate sRGB chunk" ; "duplicate bKGD chunk" ;
             "duplicate hIST chunk" ; "duplicate tRNS chunk" ;
             "duplicate pHYs chunk" ; "duplicate tIME chunk" ;
             "duplicate oFFs chunk" ; "duplicate eXIf chunk" ;
             "invalid cHRM chunk" ; "invalid palette (PLTE) index" ;
             "tRNS chunk with incompatible color type" ;
             "missing palette (PLTE) for tRNS chunk" ; "invalid gAMA chunk" ;
             "invalid iCCP profile name" ;
             "invalid iCCP compression method" ; "invalid sBIT chunk" ;
             "invalid sRGB chunk" ; "invalid tEXt chunk" ;
             "invalid tEXt keyword" ; "invalid zTXt chunk" ;
             "invalid zTXt compression method" ; "invalid iTXt chunk" ;
             "invalid iTXt compression flag" ;
             "invalid iTXt compression method" ;
             "invalid iTXt language tag" ; "invalid iTXt translated key" ;
             "missing palette for bKGD chunk" ;
             "invalid palette index for bKGD chunk" ;
             "missing palette for hIST chunk" ; "invalid pHYs chunk" ;
             "invalid suggested palette name" ;
             "duplicate suggested palette (sPLT) name" ;
             "invalid suggested palette (sPLT) sample depth" ;
             "invalid tIME chunk" ; "invalid oFFs chunk" ;
             "invalid eXIf chunk" ; "IDAT stream too short" ;
             "IDAT stream error" ; "zlib error" ; "invalid scanline filter" ;
             "output buffer too small" ; "i/o error" ; "end of file" ;
             "buffer already set" ; "non-recoverable state" }}
[eva:final-states] Values at end of function check_png_keyword:
  str ∈
     {{ &__calloc_w_spng__calloc_l225 + [0..--] ;
        &__realloc_w_spng__realloc_l230 + [0..--] ;
        &__calloc_w_spng__calloc_l225_0 + [0..--] ;
        &__realloc_w_spng__realloc_l230_0 + [0..--] ;
        &__calloc_w_spng__calloc_l225_1 + [0..--] ;
        &__realloc_w_spng__realloc_l230_1 + [0..--] }}
  end ∈
     {{ NULL ; &__calloc_w_spng__calloc_l225 + [--..--] ;
        &__realloc_w_spng__realloc_l230 + [--..--] ;
        &__calloc_w_spng__calloc_l225_0 + [--..--] ;
        &__realloc_w_spng__realloc_l230_0 + [--..--] ;
        &__calloc_w_spng__calloc_l225_1 + [--..--] ;
        &__realloc_w_spng__realloc_l230_1 + [--..--] }}
  c ∈
   {{ garbled mix of &{__malloc_w_spng__malloc_l220_0;
                       __malloc_w_spng__malloc_l220_2;
                       __malloc_w_spng__malloc_l220_4}
    (origin: Misaligned {spng.c:950}) }} or UNINITIALIZED
  __retres ∈ {0; 1}
[eva:final-states] Values at end of function read_chunks_before_idat:
  __fc_heap_status ∈ [--..--]
  ret ∈ [-1..17] or UNINITIALIZED
  discard ∈ {0; 1} or UNINITIALIZED
  data ∈
      {{ &__malloc_main_l34 + [0..9223372039002259450] }} or UNINITIALIZED
  chunk{.offset; .length; .type[0..3]} ∈ [--..--] or UNINITIALIZED
       {.crc; .[bits 160 to 191]} ∈ {0} or UNINITIALIZED
  sizeof_sig_ihdr ∈ {29} or UNINITIALIZED
  signature[0] ∈ {137} or UNINITIALIZED
           [1] ∈ {80} or UNINITIALIZED
           [2] ∈ {78} or UNINITIALIZED
           [3] ∈ {71} or UNINITIALIZED
           [4] ∈ {13} or UNINITIALIZED
           [5] ∈ {10} or UNINITIALIZED
           [6] ∈ {26} or UNINITIALIZED
           [7] ∈ {10} or UNINITIALIZED
  stored.ihdr ∈ {1} or UNINITIALIZED
        .plte ∈ {0} or UNINITIALIZED
        .chrm ∈ [--..--] or UNINITIALIZED
        .iccp ∈ {0} or UNINITIALIZED
        {.gama; .sbit; .srgb} ∈ [--..--] or UNINITIALIZED
        .text ∈ {0} or UNINITIALIZED
        {.bkgd; .hist; .trns; .phys; .splt; .time; .offs; .exif} ∈
        [--..--] or UNINITIALIZED
        .[bits 16 to 31] ∈ {0} or UNINITIALIZED
  __retres ∈ [-1..70]
  __calloc_spng_ctx_new2_l2274.data_size ∈ [1..9223372036854775807]
                              .bytes_read ∈ [--..--]
                              .stream_buf ∈ {0}
                              .data ∈
                              {{ &__malloc_main_l34 +
                                 [0..9223372047592194038] }}
                              .read_fn ∈ {{ &buffer_read_fn }}
                              .read_user_ptr ∈ {0}
                              .png_buf ∈
                              {{ (unsigned char const *)&__malloc_main_l34 }}
                              .bytes_left ∈ [--..--]
                              .last_read_size ∈ [0..2147483647]
                              .current_chunk.offset ∈ [--..--]
                              .current_chunk.length ∈ [0..2147483647]
                              .current_chunk.type[0..3] ∈
                              [--..--] or UNINITIALIZED
                              .current_chunk.crc ∈ [--..--]
                              .current_chunk.[bits 160 to 191] ∈ {0}
                              .cur_chunk_bytes_left ∈ [--..--]
                              .cur_actual_crc ∈ {0; 4; 17}
                              .alloc.malloc_fn ∈ {{ &malloc }}
                              .alloc.realloc_fn ∈ {{ &realloc }}
                              .alloc.calloc_fn ∈ {{ &calloc }}
                              .alloc.free_fn ∈ {{ &free }}
                              .valid_state ∈ [--..--]
                              {.streaming; .encode_only; .have_first_idat; .have_last_idat; .[bits 1093 to 1119]} ∈
                              {0}
                              .file{.ihdr; .plte; .chrm} ∈ [--..--]
                              .file.iccp ∈ {0}
                              .file{.gama; .sbit; .srgb; .text; .bkgd; .hist; .trns; .phys; .splt; .time; .offs; .exif} ∈
                              [--..--]
                              {.file.[bits 16 to 31]; .user} ∈ {0}
                              .stored.ihdr ∈ [--..--]
                              .stored.plte ∈ {0}
                              .stored.chrm ∈ [--..--]
                              .stored.iccp ∈ {0}
                              .stored{.gama; .sbit; .srgb} ∈ [--..--]
                              .stored.text ∈ {0}
                              .stored{.bkgd; .hist; .trns; .phys; .splt; .time; .offs; .exif} ∈
                              [--..--]
                              .stored.[bits 16 to 31] ∈ {0}
                              .first_idat.offset ∈
                              [0..18446744073709551607]
                              .first_idat.length ∈ [0..2147483647]
                              .first_idat.type[0..3] ∈ [--..--]
                              {.first_idat{.crc; .[bits 160 to 191]}; .last_idat} ∈
                              {0}
                              {.max_width; .max_height} ∈ {0; 2147483647}
                              .max_chunk_size ∈ {2147483647}
                              .[bits 1696 to 1727] ∈ {0}
                              .chunk_cache_limit ∈ {18446744073709551615}
                              .chunk_cache_usage ∈ [--..--]
                              {.crc_action_critical; .crc_action_ancillary} ∈
                              {2}
                              .ihdr{.width; .height} ∈ [--..--]
                              .ihdr{.bit_depth; .color_type; .compression_method; .filter_method; .interlace_method} ∈
                              [--..--] or UNINITIALIZED
                              .ihdr.[bits 104 to 127] ∈ {0}
                              .plte_offset ∈ [--..--]
                              .plte.n_entries ∈ [0..715827882]
                              .plte.entries[0]{.red; .green; .blue} ∈
                              [--..--] or UNINITIALIZED
                              .plte.entries[0].alpha ∈ {0}
                              .plte.entries[1]{.red; .green; .blue} ∈
                              [--..--] or UNINITIALIZED
                              .plte.entries[1].alpha ∈ {0}
                              .plte.entries{[2..254]; [255]{.red; .green; .blue}} ∈
                              [--..--] or UNINITIALIZED
                              .plte.entries[255].alpha ∈ {0}
                              .chrm_int ∈ [--..--]
                              {.iccp; .[bits 10592 to 10623]} ∈ {0}
                              .gama ∈ [--..--]
                              {.gamma_lut; .[bits 11424 to 11455]} ∈ {0}
                              .sbit ∈ [--..--] or UNINITIALIZED
                              .srgb_rendering_intent ∈ [--..--]
                              {.n_text; .text_list; .[bits 11568 to 11583]; .[bits 11616 to 11647]} ∈
                              {0}
                              .bkgd{.gray; .red; .green; .blue} ∈ [--..--]
                              .bkgd.plte_index ∈ [0..255]
                              .hist ∈ [--..--]
                              .[bits 15888 to 15903] ∈ {0}
                              .trns{.gray; .red; .green; .blue} ∈ [--..--]
                              .trns.n_type3_entries ∈ [0..715827882]
                              {.trns.type3_alpha[0..255]; .phys; .n_splt} ∈
                              [--..--] or UNINITIALIZED
                              .splt_list ∈
                              {{ NULL + [--..--] ;
                                 (struct spng_splt *)&__calloc_w_spng__calloc_l225 ;
                                 (struct spng_splt *)&__realloc_w_spng__realloc_l230 ;
                                 (struct spng_splt *)&__calloc_w_spng__calloc_l225_0 ;
                                 (struct spng_splt *)&__realloc_w_spng__realloc_l230_0 ;
                                 (struct spng_splt *)&__calloc_w_spng__calloc_l225_1 ;
                                 (struct spng_splt *)&__realloc_w_spng__realloc_l230_1 }} or UNINITIALIZED
                              {.time; .offs; .exif.length; .[bits 18400 to 18431]} ∈
                              [--..--] or UNINITIALIZED
                              .exif.data ∈
                              {{ NULL + [--..--] ;
                                 &__malloc_w_spng__malloc_l220[0] ;
                                 &__malloc_w_spng__malloc_l220_1[0] ;
                                 &__malloc_w_spng__malloc_l220_3[0] }} or UNINITIALIZED or ESCAPINGADDR
                              .gamma_lut8[0..255] ∈
                              [--..--] or UNINITIALIZED
  __malloc_w_spng__malloc_l220[0..2147483646] ∈ [--..--] or UNINITIALIZED
  __calloc_w_spng__calloc_l225[0..87] ∈ [--..--] or UNINITIALIZED
                              [bits 704 to 767] ∈
                              {{ NULL + [--..--] ;
                                 (? *)&__malloc_w_spng__malloc_l220_0 }} or UNINITIALIZED
  __malloc_w_spng__malloc_l220_0[0..42949672949] ∈
                                [--..--] or UNINITIALIZED
  __realloc_w_spng__realloc_l230[0..87] ∈ [--..--] or UNINITIALIZED
                                [bits 704 to 1407]# ∈
                                {{ NULL + [--..--] ;
                                   (? *)&__malloc_w_spng__malloc_l220_0 }} or UNINITIALIZED repeated %64 
                                [176] ∈
                                {{ garbled mix of &{__malloc_w_spng__malloc_l220_0}
                                 (origin: Merge {spng.c:1483}) }} or UNINITIALIZED
                                [bits 1416 to 1439]# ∈
                                {{ NULL + [--..--] ;
                                   (? *)&__malloc_w_spng__malloc_l220_0 }} or UNINITIALIZED%64, bits 8 to 31 
                                [180..183] ∈
                                {{ garbled mix of &{__malloc_w_spng__malloc_l220_0}
                                 (origin: Merge {spng.c:1483}) }} or UNINITIALIZED
                                [bits 1472 to 2183]# ∈
                                {{ NULL + [--..--] ;
                                   (? *)&__malloc_w_spng__malloc_l220_0 }} or UNINITIALIZED repeated %64, bits 0 to 711 
                                [bits 2184 to 2207]# ∈
                                {{ NULL + [--..--] ;
                                   (? *)&__malloc_w_spng__malloc_l220_0 }} or UNINITIALIZED%64, bits 8 to 31 
                                [bits 2208 to 2951]# ∈
                                {{ NULL + [--..--] ;
                                   (? *)&__malloc_w_spng__malloc_l220_0 }} or UNINITIALIZED repeated %64, bits 32 to 775 
                                [bits 2952 to 2975]# ∈
                                {{ NULL + [--..--] ;
                                   (? *)&__malloc_w_spng__malloc_l220_0 }} or UNINITIALIZED%64, bits 8 to 31 
                                [bits 2976 to 3719]# ∈
                                {{ NULL + [--..--] ;
                                   (? *)&__malloc_w_spng__malloc_l220_0 }} or UNINITIALIZED repeated %64, bits 32 to 775 
                                [bits 3720 to 3743]# ∈
                                {{ NULL + [--..--] ;
                                   (? *)&__malloc_w_spng__malloc_l220_0 }} or UNINITIALIZED%64, bits 8 to 31 
                                [bits 3744 to 4487]# ∈
                                {{ NULL + [--..--] ;
                                   (? *)&__malloc_w_spng__malloc_l220_0 }} or UNINITIALIZED repeated %64, bits 32 to 775 
                                [bits 4488 to 4511]# ∈
                                {{ NULL + [--..--] ;
                                   (? *)&__malloc_w_spng__malloc_l220_0 }} or UNINITIALIZED%64, bits 8 to 31 
                                [bits 4512 to 1649267441543]# ∈
                                {{ NULL + [--..--] ;
                                   (? *)&__malloc_w_spng__malloc_l220_0 }} or UNINITIALIZED repeated %64, bits 32 to 1649267437063 
                                [bits 1649267441544 to 1649267442311]# ∈
                                {{ NULL + [--..--] ;
                                   (? *)&__malloc_w_spng__malloc_l220_0 }} or UNINITIALIZED repeated %64, bits 8 to 775 
                                [bits 1649267442312 to 3298534881799]# ∈
                                {{ NULL + [--..--] ;
                                   (? *)&__malloc_w_spng__malloc_l220_0 }} or UNINITIALIZED repeated %64, bits 8 to 1649267439495 
                                [bits 3298534881800 to 3298534882439]# ∈
                                {{ NULL + [--..--] ;
                                   (? *)&__malloc_w_spng__malloc_l220_0 }} or UNINITIALIZED repeated %64, bits 8 to 647 
                                [bits 3298534882440 to 3298534882495]# ∈
                                {{ NULL + [--..--] ;
                                   (? *)&__malloc_w_spng__malloc_l220_0 }} or UNINITIALIZED%64, bits 8 to 63 
                                [bits 3298534882496 to 3298534882559] ∈
                                {{ NULL ;
                                   (? *)&__malloc_w_spng__malloc_l220_0 }} or UNINITIALIZED
  __malloc_w_spng__malloc_l220_1[0..2147483646] ∈ [--..--] or UNINITIALIZED
  __calloc_w_spng__calloc_l225_0[0..87] ∈ [--..--] or UNINITIALIZED
                                [bits 704 to 767] ∈
                                {{ NULL + [--..--] ;
                                   (? *)&__malloc_w_spng__malloc_l220_2 }} or UNINITIALIZED
  __realloc_w_spng__realloc_l230_0[0..87] ∈ [--..--] or UNINITIALIZED
                                  [bits 704 to 1407]# ∈
                                  {{ NULL + [--..--] ;
                                     (? *)&__malloc_w_spng__malloc_l220_0 ;
                                     (? *)&__malloc_w_spng__malloc_l220_2 }} or UNINITIALIZED repeated %64 
                                  [176] ∈
                                  {{ garbled mix of &{__malloc_w_spng__malloc_l220_0;
                                                      __malloc_w_spng__malloc_l220_2}
                                   (origin: Merge {spng.c:1483}) }} or UNINITIALIZED
                                  [bits 1416 to 1439]# ∈
                                  {{ NULL + [--..--] ;
                                     (? *)&__malloc_w_spng__malloc_l220_0 ;
                                     (? *)&__malloc_w_spng__malloc_l220_2 }} or UNINITIALIZED%64, bits 8 to 31 
                                  [180..183] ∈
                                  {{ garbled mix of &{__malloc_w_spng__malloc_l220_0;
                                                      __malloc_w_spng__malloc_l220_2}
                                   (origin: Merge {spng.c:1483}) }} or UNINITIALIZED
                                  [bits 1472 to 2183]# ∈
                                  {{ NULL + [--..--] ;
                                     (? *)&__malloc_w_spng__malloc_l220_0 ;
                                     (? *)&__malloc_w_spng__malloc_l220_2 }} or UNINITIALIZED repeated %64, bits 0 to 711 
                                  [bits 2184 to 2207]# ∈
                                  {{ NULL + [--..--] ;
                                     (? *)&__malloc_w_spng__malloc_l220_0 ;
                                     (? *)&__malloc_w_spng__malloc_l220_2 }} or UNINITIALIZED%64, bits 8 to 31 
                                  [bits 2208 to 2951]# ∈
                                  {{ NULL + [--..--] ;
                                     (? *)&__malloc_w_spng__malloc_l220_0 ;
                                     (? *)&__malloc_w_spng__malloc_l220_2 }} or UNINITIALIZED repeated %64, bits 32 to 775 
                                  [bits 2952 to 2975]# ∈
                                  {{ NULL + [--..--] ;
                                     (? *)&__malloc_w_spng__malloc_l220_0 ;
                                     (? *)&__malloc_w_spng__malloc_l220_2 }} or UNINITIALIZED%64, bits 8 to 31 
                                  [bits 2976 to 3719]# ∈
                                  {{ NULL + [--..--] ;
                                     (? *)&__malloc_w_spng__malloc_l220_0 ;
                                     (? *)&__malloc_w_spng__malloc_l220_2 }} or UNINITIALIZED repeated %64, bits 32 to 775 
                                  [bits 3720 to 3743]# ∈
                                  {{ NULL + [--..--] ;
                                     (? *)&__malloc_w_spng__malloc_l220_0 ;
                                     (? *)&__malloc_w_spng__malloc_l220_2 }} or UNINITIALIZED%64, bits 8 to 31 
                                  [bits 3744 to 4487]# ∈
                                  {{ NULL + [--..--] ;
                                     (? *)&__malloc_w_spng__malloc_l220_0 ;
                                     (? *)&__malloc_w_spng__malloc_l220_2 }} or UNINITIALIZED repeated %64, bits 32 to 775 
                                  [bits 4488 to 4511]# ∈
                                  {{ NULL + [--..--] ;
                                     (? *)&__malloc_w_spng__malloc_l220_0 ;
                                     (? *)&__malloc_w_spng__malloc_l220_2 }} or UNINITIALIZED%64, bits 8 to 31 
                                  [bits 4512 to 1649267441543]# ∈
                                  {{ NULL + [--..--] ;
                                     (? *)&__malloc_w_spng__malloc_l220_0 ;
                                     (? *)&__malloc_w_spng__malloc_l220_2 }} or UNINITIALIZED repeated %64, bits 32 to 1649267437063 
                                  [bits 1649267441544 to 1649267442311]# ∈
                                  {{ NULL + [--..--] ;
                                     (? *)&__malloc_w_spng__malloc_l220_0 ;
                                     (? *)&__malloc_w_spng__malloc_l220_2 }} or UNINITIALIZED repeated %64, bits 8 to 775 
                                  [bits 1649267442312 to 3298534881799]# ∈
                                  {{ NULL + [--..--] ;
                                     (? *)&__malloc_w_spng__malloc_l220_0 ;
                                     (? *)&__malloc_w_spng__malloc_l220_2 }} or UNINITIALIZED repeated %64, bits 8 to 1649267439495 
                                  [bits 3298534881800 to 3298534882439]# ∈
                                  {{ NULL + [--..--] ;
                                     (? *)&__malloc_w_spng__malloc_l220_0 ;
                                     (? *)&__malloc_w_spng__malloc_l220_2 }} or UNINITIALIZED repeated %64, bits 8 to 647 
                                  [bits 3298534882440 to 3298534882495]# ∈
                                  {{ NULL + [--..--] ;
                                     (? *)&__malloc_w_spng__malloc_l220_0 ;
                                     (? *)&__malloc_w_spng__malloc_l220_2 }} or UNINITIALIZED%64, bits 8 to 63 
                                  [bits 3298534882496 to 3298534882559] ∈
                                  {{ NULL ;
                                     (? *)&__malloc_w_spng__malloc_l220_0 ;
                                     (? *)&__malloc_w_spng__malloc_l220_2 }} or UNINITIALIZED
  __malloc_w_spng__malloc_l220_2[0..42949672949] ∈
                                [--..--] or UNINITIALIZED
  __malloc_w_spng__malloc_l220_3[0..2147483646] ∈ [--..--] or UNINITIALIZED
  __calloc_w_spng__calloc_l225_1[0..87] ∈ [--..--] or UNINITIALIZED
                                [bits 704 to 767] ∈
                                {{ NULL + [--..--] ;
                                   (? *)&__malloc_w_spng__malloc_l220_4 }} or UNINITIALIZED
  __realloc_w_spng__realloc_l230_1[0..87] ∈ [--..--] or UNINITIALIZED
                                  [bits 704 to 1407]# ∈
                                  {{ NULL + [--..--] ;
                                     (? *)&__malloc_w_spng__malloc_l220_0 ;
                                     (? *)&__malloc_w_spng__malloc_l220_2 ;
                                     (? *)&__malloc_w_spng__malloc_l220_4 }} or UNINITIALIZED repeated %64 
                                  [176] ∈
                                  {{ garbled mix of &{__malloc_w_spng__malloc_l220_0;
                                                      __malloc_w_spng__malloc_l220_2;
                                                      __malloc_w_spng__malloc_l220_4}
                                   (origin: Merge {spng.c:1483}) }} or UNINITIALIZED
                                  [bits 1416 to 1439]# ∈
                                  {{ NULL + [--..--] ;
                                     (? *)&__malloc_w_spng__malloc_l220_0 ;
                                     (? *)&__malloc_w_spng__malloc_l220_2 ;
                                     (? *)&__malloc_w_spng__malloc_l220_4 }} or UNINITIALIZED%64, bits 8 to 31 
                                  [180..183] ∈
                                  {{ garbled mix of &{__malloc_w_spng__malloc_l220_0;
                                                      __malloc_w_spng__malloc_l220_2;
                                                      __malloc_w_spng__malloc_l220_4}
                                   (origin: Merge {spng.c:1483}) }} or UNINITIALIZED
                                  [bits 1472 to 2183]# ∈
                                  {{ NULL + [--..--] ;
                                     (? *)&__malloc_w_spng__malloc_l220_0 ;
                                     (? *)&__malloc_w_spng__malloc_l220_2 ;
                                     (? *)&__malloc_w_spng__malloc_l220_4 }} or UNINITIALIZED repeated %64, bits 0 to 711 
                                  [bits 2184 to 2207]# ∈
                                  {{ NULL + [--..--] ;
                                     (? *)&__malloc_w_spng__malloc_l220_0 ;
                                     (? *)&__malloc_w_spng__malloc_l220_2 ;
                                     (? *)&__malloc_w_spng__malloc_l220_4 }} or UNINITIALIZED%64, bits 8 to 31 
                                  [bits 2208 to 2951]# ∈
                                  {{ NULL + [--..--] ;
                                     (? *)&__malloc_w_spng__malloc_l220_0 ;
                                     (? *)&__malloc_w_spng__malloc_l220_2 ;
                                     (? *)&__malloc_w_spng__malloc_l220_4 }} or UNINITIALIZED repeated %64, bits 32 to 775 
                                  [bits 2952 to 2975]# ∈
                                  {{ NULL + [--..--] ;
                                     (? *)&__malloc_w_spng__malloc_l220_0 ;
                                     (? *)&__malloc_w_spng__malloc_l220_2 ;
                                     (? *)&__malloc_w_spng__malloc_l220_4 }} or UNINITIALIZED%64, bits 8 to 31 
                                  [bits 2976 to 3719]# ∈
                                  {{ NULL + [--..--] ;
                                     (? *)&__malloc_w_spng__malloc_l220_0 ;
                                     (? *)&__malloc_w_spng__malloc_l220_2 ;
                                     (? *)&__malloc_w_spng__malloc_l220_4 }} or UNINITIALIZED repeated %64, bits 32 to 775 
                                  [bits 3720 to 3743]# ∈
                                  {{ NULL + [--..--] ;
                                     (? *)&__malloc_w_spng__malloc_l220_0 ;
                                     (? *)&__malloc_w_spng__malloc_l220_2 ;
                                     (? *)&__malloc_w_spng__malloc_l220_4 }} or UNINITIALIZED%64, bits 8 to 31 
                                  [bits 3744 to 4487]# ∈
                                  {{ NULL + [--..--] ;
                                     (? *)&__malloc_w_spng__malloc_l220_0 ;
                                     (? *)&__malloc_w_spng__malloc_l220_2 ;
                                     (? *)&__malloc_w_spng__malloc_l220_4 }} or UNINITIALIZED repeated %64, bits 32 to 775 
                                  [bits 4488 to 4511]# ∈
                                  {{ NULL + [--..--] ;
                                     (? *)&__malloc_w_spng__malloc_l220_0 ;
                                     (? *)&__malloc_w_spng__malloc_l220_2 ;
                                     (? *)&__malloc_w_spng__malloc_l220_4 }} or UNINITIALIZED%64, bits 8 to 31 
                                  [bits 4512 to 1649267441543]# ∈
                                  {{ NULL + [--..--] ;
                                     (? *)&__malloc_w_spng__malloc_l220_0 ;
                                     (? *)&__malloc_w_spng__malloc_l220_2 ;
                                     (? *)&__malloc_w_spng__malloc_l220_4 }} or UNINITIALIZED repeated %64, bits 32 to 1649267437063 
                                  [bits 1649267441544 to 1649267442311]# ∈
                                  {{ NULL + [--..--] ;
                                     (? *)&__malloc_w_spng__malloc_l220_0 ;
                                     (? *)&__malloc_w_spng__malloc_l220_2 ;
                                     (? *)&__malloc_w_spng__malloc_l220_4 }} or UNINITIALIZED repeated %64, bits 8 to 775 
                                  [bits 1649267442312 to 3298534881799]# ∈
                                  {{ NULL + [--..--] ;
                                     (? *)&__malloc_w_spng__malloc_l220_0 ;
                                     (? *)&__malloc_w_spng__malloc_l220_2 ;
                                     (? *)&__malloc_w_spng__malloc_l220_4 }} or UNINITIALIZED repeated %64, bits 8 to 1649267439495 
                                  [bits 3298534881800 to 3298534882439]# ∈
                                  {{ NULL + [--..--] ;
                                     (? *)&__malloc_w_spng__malloc_l220_0 ;
                                     (? *)&__malloc_w_spng__malloc_l220_2 ;
                                     (? *)&__malloc_w_spng__malloc_l220_4 }} or UNINITIALIZED repeated %64, bits 8 to 647 
                                  [bits 3298534882440 to 3298534882495]# ∈
                                  {{ NULL + [--..--] ;
                                     (? *)&__malloc_w_spng__malloc_l220_0 ;
                                     (? *)&__malloc_w_spng__malloc_l220_2 ;
                                     (? *)&__malloc_w_spng__malloc_l220_4 }} or UNINITIALIZED%64, bits 8 to 63 
                                  [bits 3298534882496 to 3298534882559] ∈
                                  {{ NULL ;
                                     (? *)&__malloc_w_spng__malloc_l220_0 ;
                                     (? *)&__malloc_w_spng__malloc_l220_2 ;
                                     (? *)&__malloc_w_spng__malloc_l220_4 }} or UNINITIALIZED
  __malloc_w_spng__malloc_l220_4[0..42949672949] ∈
                                [--..--] or UNINITIALIZED
[eva:final-states] Values at end of function get_ancillary:
  __fc_heap_status ∈ [--..--]
  ret ∈ [-1..70]
  __calloc_spng_ctx_new2_l2274.data_size ∈ [1..9223372036854775807]
                              .bytes_read ∈ [--..--]
                              .stream_buf ∈ {0}
                              .data ∈
                              {{ &__malloc_main_l34 +
                                 [0..9223372047592194038] }}
                              .read_fn ∈ {{ &buffer_read_fn }}
                              .read_user_ptr ∈ {0}
                              .png_buf ∈
                              {{ (unsigned char const *)&__malloc_main_l34 }}
                              .bytes_left ∈ [--..--]
                              .last_read_size ∈ [0..2147483647]
                              .current_chunk.offset ∈ [--..--]
                              .current_chunk.length ∈ [0..2147483647]
                              .current_chunk.type[0..3] ∈
                              [--..--] or UNINITIALIZED
                              .current_chunk.crc ∈ [--..--]
                              .current_chunk.[bits 160 to 191] ∈ {0}
                              .cur_chunk_bytes_left ∈ [--..--]
                              .cur_actual_crc ∈ {0; 4; 17}
                              .alloc.malloc_fn ∈ {{ &malloc }}
                              .alloc.realloc_fn ∈ {{ &realloc }}
                              .alloc.calloc_fn ∈ {{ &calloc }}
                              .alloc.free_fn ∈ {{ &free }}
                              .valid_state ∈ [--..--]
                              {.streaming; .encode_only; .have_first_idat; .have_last_idat; .[bits 1093 to 1119]} ∈
                              {0}
                              .file{.ihdr; .plte; .chrm} ∈ [--..--]
                              .file.iccp ∈ {0}
                              .file{.gama; .sbit; .srgb; .text; .bkgd; .hist; .trns; .phys; .splt; .time; .offs; .exif} ∈
                              [--..--]
                              {.file.[bits 16 to 31]; .user} ∈ {0}
                              .stored.ihdr ∈ [--..--]
                              .stored.plte ∈ {0}
                              .stored.chrm ∈ [--..--]
                              .stored.iccp ∈ {0}
                              .stored{.gama; .sbit; .srgb} ∈ [--..--]
                              .stored.text ∈ {0}
                              .stored{.bkgd; .hist; .trns; .phys; .splt; .time; .offs; .exif} ∈
                              [--..--]
                              .stored.[bits 16 to 31] ∈ {0}
                              .first_idat.offset ∈
                              [0..18446744073709551607]
                              .first_idat.length ∈ [0..2147483647]
                              .first_idat.type[0..3] ∈ [--..--]
                              {.first_idat{.crc; .[bits 160 to 191]}; .last_idat} ∈
                              {0}
                              {.max_width; .max_height} ∈ {0; 2147483647}
                              .max_chunk_size ∈ {2147483647}
                              .[bits 1696 to 1727] ∈ {0}
                              .chunk_cache_limit ∈ {18446744073709551615}
                              .chunk_cache_usage ∈ [--..--]
                              {.crc_action_critical; .crc_action_ancillary} ∈
                              {2}
                              .ihdr{.width; .height} ∈ [--..--]
                              .ihdr{.bit_depth; .color_type; .compression_method; .filter_method; .interlace_method} ∈
                              [--..--] or UNINITIALIZED
                              .ihdr.[bits 104 to 127] ∈ {0}
                              .plte_offset ∈ [--..--]
                              .plte.n_entries ∈ [0..715827882]
                              .plte.entries[0]{.red; .green; .blue} ∈
                              [--..--] or UNINITIALIZED
                              .plte.entries[0].alpha ∈ {0}
                              .plte.entries[1]{.red; .green; .blue} ∈
                              [--..--] or UNINITIALIZED
                              .plte.entries[1].alpha ∈ {0}
                              .plte.entries{[2..254]; [255]{.red; .green; .blue}} ∈
                              [--..--] or UNINITIALIZED
                              .plte.entries[255].alpha ∈ {0}
                              .chrm_int ∈ [--..--]
                              {.iccp; .[bits 10592 to 10623]} ∈ {0}
                              .gama ∈ [--..--]
                              {.gamma_lut; .[bits 11424 to 11455]} ∈ {0}
                              .sbit ∈ [--..--] or UNINITIALIZED
                              .srgb_rendering_intent ∈ [--..--]
                              {.n_text; .text_list; .[bits 11568 to 11583]; .[bits 11616 to 11647]} ∈
                              {0}
                              .bkgd{.gray; .red; .green; .blue} ∈ [--..--]
                              .bkgd.plte_index ∈ [0..255]
                              .hist ∈ [--..--]
                              .[bits 15888 to 15903] ∈ {0}
                              .trns{.gray; .red; .green; .blue} ∈ [--..--]
                              .trns.n_type3_entries ∈ [0..715827882]
                              {.trns.type3_alpha[0..255]; .phys; .n_splt} ∈
                              [--..--] or UNINITIALIZED
                              .splt_list ∈
                              {{ NULL + [--..--] ;
                                 (struct spng_splt *)&__calloc_w_spng__calloc_l225 ;
                                 (struct spng_splt *)&__realloc_w_spng__realloc_l230 ;
                                 (struct spng_splt *)&__calloc_w_spng__calloc_l225_0 ;
                                 (struct spng_splt *)&__realloc_w_spng__realloc_l230_0 ;
                                 (struct spng_splt *)&__calloc_w_spng__calloc_l225_1 ;
                                 (struct spng_splt *)&__realloc_w_spng__realloc_l230_1 }} or UNINITIALIZED
                              {.time; .offs; .exif.length; .[bits 18400 to 18431]} ∈
                              [--..--] or UNINITIALIZED
                              .exif.data ∈
                              {{ NULL + [--..--] ;
                                 &__malloc_w_spng__malloc_l220[0] ;
                                 &__malloc_w_spng__malloc_l220_1[0] ;
                                 &__malloc_w_spng__malloc_l220_3[0] }} or UNINITIALIZED or ESCAPINGADDR
                              .gamma_lut8[0..255] ∈
                              [--..--] or UNINITIALIZED
  __malloc_w_spng__malloc_l220[0..2147483646] ∈ [--..--] or UNINITIALIZED
  __calloc_w_spng__calloc_l225[0..87] ∈ [--..--] or UNINITIALIZED
                              [bits 704 to 767] ∈
                              {{ NULL + [--..--] ;
                                 (? *)&__malloc_w_spng__malloc_l220_0 }} or UNINITIALIZED
  __malloc_w_spng__malloc_l220_0[0..42949672949] ∈
                                [--..--] or UNINITIALIZED
  __realloc_w_spng__realloc_l230[0..87] ∈ [--..--] or UNINITIALIZED
                                [bits 704 to 1407]# ∈
                                {{ NULL + [--..--] ;
                                   (? *)&__malloc_w_spng__malloc_l220_0 }} or UNINITIALIZED repeated %64 
                                [176] ∈
                                {{ garbled mix of &{__malloc_w_spng__malloc_l220_0}
                                 (origin: Merge {spng.c:1483}) }} or UNINITIALIZED
                                [bits 1416 to 1439]# ∈
                                {{ NULL + [--..--] ;
                                   (? *)&__malloc_w_spng__malloc_l220_0 }} or UNINITIALIZED%64, bits 8 to 31 
                                [180..183] ∈
                                {{ garbled mix of &{__malloc_w_spng__malloc_l220_0}
                                 (origin: Merge {spng.c:1483}) }} or UNINITIALIZED
                                [bits 1472 to 2183]# ∈
                                {{ NULL + [--..--] ;
                                   (? *)&__malloc_w_spng__malloc_l220_0 }} or UNINITIALIZED repeated %64, bits 0 to 711 
                                [bits 2184 to 2207]# ∈
                                {{ NULL + [--..--] ;
                                   (? *)&__malloc_w_spng__malloc_l220_0 }} or UNINITIALIZED%64, bits 8 to 31 
                                [bits 2208 to 2951]# ∈
                                {{ NULL + [--..--] ;
                                   (? *)&__malloc_w_spng__malloc_l220_0 }} or UNINITIALIZED repeated %64, bits 32 to 775 
                                [bits 2952 to 2975]# ∈
                                {{ NULL + [--..--] ;
                                   (? *)&__malloc_w_spng__malloc_l220_0 }} or UNINITIALIZED%64, bits 8 to 31 
                                [bits 2976 to 3719]# ∈
                                {{ NULL + [--..--] ;
                                   (? *)&__malloc_w_spng__malloc_l220_0 }} or UNINITIALIZED repeated %64, bits 32 to 775 
                                [bits 3720 to 3743]# ∈
                                {{ NULL + [--..--] ;
                                   (? *)&__malloc_w_spng__malloc_l220_0 }} or UNINITIALIZED%64, bits 8 to 31 
                                [bits 3744 to 4487]# ∈
                                {{ NULL + [--..--] ;
                                   (? *)&__malloc_w_spng__malloc_l220_0 }} or UNINITIALIZED repeated %64, bits 32 to 775 
                                [bits 4488 to 4511]# ∈
                                {{ NULL + [--..--] ;
                                   (? *)&__malloc_w_spng__malloc_l220_0 }} or UNINITIALIZED%64, bits 8 to 31 
                                [bits 4512 to 1649267441543]# ∈
                                {{ NULL + [--..--] ;
                                   (? *)&__malloc_w_spng__malloc_l220_0 }} or UNINITIALIZED repeated %64, bits 32 to 1649267437063 
                                [bits 1649267441544 to 1649267442311]# ∈
                                {{ NULL + [--..--] ;
                                   (? *)&__malloc_w_spng__malloc_l220_0 }} or UNINITIALIZED repeated %64, bits 8 to 775 
                                [bits 1649267442312 to 3298534881799]# ∈
                                {{ NULL + [--..--] ;
                                   (? *)&__malloc_w_spng__malloc_l220_0 }} or UNINITIALIZED repeated %64, bits 8 to 1649267439495 
                                [bits 3298534881800 to 3298534882439]# ∈
                                {{ NULL + [--..--] ;
                                   (? *)&__malloc_w_spng__malloc_l220_0 }} or UNINITIALIZED repeated %64, bits 8 to 647 
                                [bits 3298534882440 to 3298534882495]# ∈
                                {{ NULL + [--..--] ;
                                   (? *)&__malloc_w_spng__malloc_l220_0 }} or UNINITIALIZED%64, bits 8 to 63 
                                [bits 3298534882496 to 3298534882559] ∈
                                {{ NULL ;
                                   (? *)&__malloc_w_spng__malloc_l220_0 }} or UNINITIALIZED
  __malloc_w_spng__malloc_l220_1[0..2147483646] ∈ [--..--] or UNINITIALIZED
  __calloc_w_spng__calloc_l225_0[0..87] ∈ [--..--] or UNINITIALIZED
                                [bits 704 to 767] ∈
                                {{ NULL + [--..--] ;
                                   (? *)&__malloc_w_spng__malloc_l220_2 }} or UNINITIALIZED
  __realloc_w_spng__realloc_l230_0[0..87] ∈ [--..--] or UNINITIALIZED
                                  [bits 704 to 1407]# ∈
                                  {{ NULL + [--..--] ;
                                     (? *)&__malloc_w_spng__malloc_l220_0 ;
                                     (? *)&__malloc_w_spng__malloc_l220_2 }} or UNINITIALIZED repeated %64 
                                  [176] ∈
                                  {{ garbled mix of &{__malloc_w_spng__malloc_l220_0;
                                                      __malloc_w_spng__malloc_l220_2}
                                   (origin: Merge {spng.c:1483}) }} or UNINITIALIZED
                                  [bits 1416 to 1439]# ∈
                                  {{ NULL + [--..--] ;
                                     (? *)&__malloc_w_spng__malloc_l220_0 ;
                                     (? *)&__malloc_w_spng__malloc_l220_2 }} or UNINITIALIZED%64, bits 8 to 31 
                                  [180..183] ∈
                                  {{ garbled mix of &{__malloc_w_spng__malloc_l220_0;
                                                      __malloc_w_spng__malloc_l220_2}
                                   (origin: Merge {spng.c:1483}) }} or UNINITIALIZED
                                  [bits 1472 to 2183]# ∈
                                  {{ NULL + [--..--] ;
                                     (? *)&__malloc_w_spng__malloc_l220_0 ;
                                     (? *)&__malloc_w_spng__malloc_l220_2 }} or UNINITIALIZED repeated %64, bits 0 to 711 
                                  [bits 2184 to 2207]# ∈
                                  {{ NULL + [--..--] ;
                                     (? *)&__malloc_w_spng__malloc_l220_0 ;
                                     (? *)&__malloc_w_spng__malloc_l220_2 }} or UNINITIALIZED%64, bits 8 to 31 
                                  [bits 2208 to 2951]# ∈
                                  {{ NULL + [--..--] ;
                                     (? *)&__malloc_w_spng__malloc_l220_0 ;
                                     (? *)&__malloc_w_spng__malloc_l220_2 }} or UNINITIALIZED repeated %64, bits 32 to 775 
                                  [bits 2952 to 2975]# ∈
                                  {{ NULL + [--..--] ;
                                     (? *)&__malloc_w_spng__malloc_l220_0 ;
                                     (? *)&__malloc_w_spng__malloc_l220_2 }} or UNINITIALIZED%64, bits 8 to 31 
                                  [bits 2976 to 3719]# ∈
                                  {{ NULL + [--..--] ;
                                     (? *)&__malloc_w_spng__malloc_l220_0 ;
                                     (? *)&__malloc_w_spng__malloc_l220_2 }} or UNINITIALIZED repeated %64, bits 32 to 775 
                                  [bits 3720 to 3743]# ∈
                                  {{ NULL + [--..--] ;
                                     (? *)&__malloc_w_spng__malloc_l220_0 ;
                                     (? *)&__malloc_w_spng__malloc_l220_2 }} or UNINITIALIZED%64, bits 8 to 31 
                                  [bits 3744 to 4487]# ∈
                                  {{ NULL + [--..--] ;
                                     (? *)&__malloc_w_spng__malloc_l220_0 ;
                                     (? *)&__malloc_w_spng__malloc_l220_2 }} or UNINITIALIZED repeated %64, bits 32 to 775 
                                  [bits 4488 to 4511]# ∈
                                  {{ NULL + [--..--] ;
                                     (? *)&__malloc_w_spng__malloc_l220_0 ;
                                     (? *)&__malloc_w_spng__malloc_l220_2 }} or UNINITIALIZED%64, bits 8 to 31 
                                  [bits 4512 to 1649267441543]# ∈
                                  {{ NULL + [--..--] ;
                                     (? *)&__malloc_w_spng__malloc_l220_0 ;
                                     (? *)&__malloc_w_spng__malloc_l220_2 }} or UNINITIALIZED repeated %64, bits 32 to 1649267437063 
                                  [bits 1649267441544 to 1649267442311]# ∈
                                  {{ NULL + [--..--] ;
                                     (? *)&__malloc_w_spng__malloc_l220_0 ;
                                     (? *)&__malloc_w_spng__malloc_l220_2 }} or UNINITIALIZED repeated %64, bits 8 to 775 
                                  [bits 1649267442312 to 3298534881799]# ∈
                                  {{ NULL + [--..--] ;
                                     (? *)&__malloc_w_spng__malloc_l220_0 ;
                                     (? *)&__malloc_w_spng__malloc_l220_2 }} or UNINITIALIZED repeated %64, bits 8 to 1649267439495 
                                  [bits 3298534881800 to 3298534882439]# ∈
                                  {{ NULL + [--..--] ;
                                     (? *)&__malloc_w_spng__malloc_l220_0 ;
                                     (? *)&__malloc_w_spng__malloc_l220_2 }} or UNINITIALIZED repeated %64, bits 8 to 647 
                                  [bits 3298534882440 to 3298534882495]# ∈
                                  {{ NULL + [--..--] ;
                                     (? *)&__malloc_w_spng__malloc_l220_0 ;
                                     (? *)&__malloc_w_spng__malloc_l220_2 }} or UNINITIALIZED%64, bits 8 to 63 
                                  [bits 3298534882496 to 3298534882559] ∈
                                  {{ NULL ;
                                     (? *)&__malloc_w_spng__malloc_l220_0 ;
                                     (? *)&__malloc_w_spng__malloc_l220_2 }} or UNINITIALIZED
  __malloc_w_spng__malloc_l220_2[0..42949672949] ∈
                                [--..--] or UNINITIALIZED
  __malloc_w_spng__malloc_l220_3[0..2147483646] ∈ [--..--] or UNINITIALIZED
  __calloc_w_spng__calloc_l225_1[0..87] ∈ [--..--] or UNINITIALIZED
                                [bits 704 to 767] ∈
                                {{ NULL + [--..--] ;
                                   (? *)&__malloc_w_spng__malloc_l220_4 }} or UNINITIALIZED
  __realloc_w_spng__realloc_l230_1[0..87] ∈ [--..--] or UNINITIALIZED
                                  [bits 704 to 1407]# ∈
                                  {{ NULL + [--..--] ;
                                     (? *)&__malloc_w_spng__malloc_l220_0 ;
                                     (? *)&__malloc_w_spng__malloc_l220_2 ;
                                     (? *)&__malloc_w_spng__malloc_l220_4 }} or UNINITIALIZED repeated %64 
                                  [176] ∈
                                  {{ garbled mix of &{__malloc_w_spng__malloc_l220_0;
                                                      __malloc_w_spng__malloc_l220_2;
                                                      __malloc_w_spng__malloc_l220_4}
                                   (origin: Merge {spng.c:1483}) }} or UNINITIALIZED
                                  [bits 1416 to 1439]# ∈
                                  {{ NULL + [--..--] ;
                                     (? *)&__malloc_w_spng__malloc_l220_0 ;
                                     (? *)&__malloc_w_spng__malloc_l220_2 ;
                                     (? *)&__malloc_w_spng__malloc_l220_4 }} or UNINITIALIZED%64, bits 8 to 31 
                                  [180..183] ∈
                                  {{ garbled mix of &{__malloc_w_spng__malloc_l220_0;
                                                      __malloc_w_spng__malloc_l220_2;
                                                      __malloc_w_spng__malloc_l220_4}
                                   (origin: Merge {spng.c:1483}) }} or UNINITIALIZED
                                  [bits 1472 to 2183]# ∈
                                  {{ NULL + [--..--] ;
                                     (? *)&__malloc_w_spng__malloc_l220_0 ;
                                     (? *)&__malloc_w_spng__malloc_l220_2 ;
                                     (? *)&__malloc_w_spng__malloc_l220_4 }} or UNINITIALIZED repeated %64, bits 0 to 711 
                                  [bits 2184 to 2207]# ∈
                                  {{ NULL + [--..--] ;
                                     (? *)&__malloc_w_spng__malloc_l220_0 ;
                                     (? *)&__malloc_w_spng__malloc_l220_2 ;
                                     (? *)&__malloc_w_spng__malloc_l220_4 }} or UNINITIALIZED%64, bits 8 to 31 
                                  [bits 2208 to 2951]# ∈
                                  {{ NULL + [--..--] ;
                                     (? *)&__malloc_w_spng__malloc_l220_0 ;
                                     (? *)&__malloc_w_spng__malloc_l220_2 ;
                                     (? *)&__malloc_w_spng__malloc_l220_4 }} or UNINITIALIZED repeated %64, bits 32 to 775 
                                  [bits 2952 to 2975]# ∈
                                  {{ NULL + [--..--] ;
                                     (? *)&__malloc_w_spng__malloc_l220_0 ;
                                     (? *)&__malloc_w_spng__malloc_l220_2 ;
                                     (? *)&__malloc_w_spng__malloc_l220_4 }} or UNINITIALIZED%64, bits 8 to 31 
                                  [bits 2976 to 3719]# ∈
                                  {{ NULL + [--..--] ;
                                     (? *)&__malloc_w_spng__malloc_l220_0 ;
                                     (? *)&__malloc_w_spng__malloc_l220_2 ;
                                     (? *)&__malloc_w_spng__malloc_l220_4 }} or UNINITIALIZED repeated %64, bits 32 to 775 
                                  [bits 3720 to 3743]# ∈
                                  {{ NULL + [--..--] ;
                                     (? *)&__malloc_w_spng__malloc_l220_0 ;
                                     (? *)&__malloc_w_spng__malloc_l220_2 ;
                                     (? *)&__malloc_w_spng__malloc_l220_4 }} or UNINITIALIZED%64, bits 8 to 31 
                                  [bits 3744 to 4487]# ∈
                                  {{ NULL + [--..--] ;
                                     (? *)&__malloc_w_spng__malloc_l220_0 ;
                                     (? *)&__malloc_w_spng__malloc_l220_2 ;
                                     (? *)&__malloc_w_spng__malloc_l220_4 }} or UNINITIALIZED repeated %64, bits 32 to 775 
                                  [bits 4488 to 4511]# ∈
                                  {{ NULL + [--..--] ;
                                     (? *)&__malloc_w_spng__malloc_l220_0 ;
                                     (? *)&__malloc_w_spng__malloc_l220_2 ;
                                     (? *)&__malloc_w_spng__malloc_l220_4 }} or UNINITIALIZED%64, bits 8 to 31 
                                  [bits 4512 to 1649267441543]# ∈
                                  {{ NULL + [--..--] ;
                                     (? *)&__malloc_w_spng__malloc_l220_0 ;
                                     (? *)&__malloc_w_spng__malloc_l220_2 ;
                                     (? *)&__malloc_w_spng__malloc_l220_4 }} or UNINITIALIZED repeated %64, bits 32 to 1649267437063 
                                  [bits 1649267441544 to 1649267442311]# ∈
                                  {{ NULL + [--..--] ;
                                     (? *)&__malloc_w_spng__malloc_l220_0 ;
                                     (? *)&__malloc_w_spng__malloc_l220_2 ;
                                     (? *)&__malloc_w_spng__malloc_l220_4 }} or UNINITIALIZED repeated %64, bits 8 to 775 
                                  [bits 1649267442312 to 3298534881799]# ∈
                                  {{ NULL + [--..--] ;
                                     (? *)&__malloc_w_spng__malloc_l220_0 ;
                                     (? *)&__malloc_w_spng__malloc_l220_2 ;
                                     (? *)&__malloc_w_spng__malloc_l220_4 }} or UNINITIALIZED repeated %64, bits 8 to 1649267439495 
                                  [bits 3298534881800 to 3298534882439]# ∈
                                  {{ NULL + [--..--] ;
                                     (? *)&__malloc_w_spng__malloc_l220_0 ;
                                     (? *)&__malloc_w_spng__malloc_l220_2 ;
                                     (? *)&__malloc_w_spng__malloc_l220_4 }} or UNINITIALIZED repeated %64, bits 8 to 647 
                                  [bits 3298534882440 to 3298534882495]# ∈
                                  {{ NULL + [--..--] ;
                                     (? *)&__malloc_w_spng__malloc_l220_0 ;
                                     (? *)&__malloc_w_spng__malloc_l220_2 ;
                                     (? *)&__malloc_w_spng__malloc_l220_4 }} or UNINITIALIZED%64, bits 8 to 63 
                                  [bits 3298534882496 to 3298534882559] ∈
                                  {{ NULL ;
                                     (? *)&__malloc_w_spng__malloc_l220_0 ;
                                     (? *)&__malloc_w_spng__malloc_l220_2 ;
                                     (? *)&__malloc_w_spng__malloc_l220_4 }} or UNINITIALIZED
  __malloc_w_spng__malloc_l220_4[0..42949672949] ∈
                                [--..--] or UNINITIALIZED
[eva:final-states] Values at end of function spng_decoded_image_size:
  __fc_heap_status ∈ [--..--]
  out_size ∈ [0..18446744052234715140],0%4 or UNINITIALIZED
  out_size_required ∈ [0..18446744052234715140],0%4 or UNINITIALIZED
  ret ∈ [-1..70]
  res ∈ [0..18446744052234715140],0%4 or UNINITIALIZED
  __retres ∈ [-1..70]
  __calloc_spng_ctx_new2_l2274.data_size ∈ [1..9223372036854775807]
                              .bytes_read ∈ [--..--]
                              .stream_buf ∈ {0}
                              .data ∈
                              {{ &__malloc_main_l34 +
                                 [0..9223372047592194038] }}
                              .read_fn ∈ {{ &buffer_read_fn }}
                              .read_user_ptr ∈ {0}
                              .png_buf ∈
                              {{ (unsigned char const *)&__malloc_main_l34 }}
                              .bytes_left ∈ [--..--]
                              .last_read_size ∈ [0..2147483647]
                              .current_chunk.offset ∈ [--..--]
                              .current_chunk.length ∈ [0..2147483647]
                              .current_chunk.type[0..3] ∈
                              [--..--] or UNINITIALIZED
                              .current_chunk.crc ∈ [--..--]
                              .current_chunk.[bits 160 to 191] ∈ {0}
                              .cur_chunk_bytes_left ∈ [--..--]
                              .cur_actual_crc ∈ {0; 4; 17}
                              .alloc.malloc_fn ∈ {{ &malloc }}
                              .alloc.realloc_fn ∈ {{ &realloc }}
                              .alloc.calloc_fn ∈ {{ &calloc }}
                              .alloc.free_fn ∈ {{ &free }}
                              .valid_state ∈ [--..--]
                              {.streaming; .encode_only; .have_first_idat; .have_last_idat; .[bits 1093 to 1119]} ∈
                              {0}
                              .file{.ihdr; .plte; .chrm} ∈ [--..--]
                              .file.iccp ∈ {0}
                              .file{.gama; .sbit; .srgb; .text; .bkgd; .hist; .trns; .phys; .splt; .time; .offs; .exif} ∈
                              [--..--]
                              {.file.[bits 16 to 31]; .user} ∈ {0}
                              .stored.ihdr ∈ [--..--]
                              .stored.plte ∈ {0}
                              .stored.chrm ∈ [--..--]
                              .stored.iccp ∈ {0}
                              .stored{.gama; .sbit; .srgb} ∈ [--..--]
                              .stored.text ∈ {0}
                              .stored{.bkgd; .hist; .trns; .phys; .splt; .time; .offs; .exif} ∈
                              [--..--]
                              .stored.[bits 16 to 31] ∈ {0}
                              .first_idat.offset ∈
                              [0..18446744073709551607]
                              .first_idat.length ∈ [0..2147483647]
                              .first_idat.type[0..3] ∈ [--..--]
                              {.first_idat{.crc; .[bits 160 to 191]}; .last_idat} ∈
                              {0}
                              {.max_width; .max_height} ∈ {0; 2147483647}
                              .max_chunk_size ∈ {2147483647}
                              .[bits 1696 to 1727] ∈ {0}
                              .chunk_cache_limit ∈ {18446744073709551615}
                              .chunk_cache_usage ∈ [--..--]
                              {.crc_action_critical; .crc_action_ancillary} ∈
                              {2}
                              .ihdr{.width; .height} ∈ [--..--]
                              .ihdr{.bit_depth; .color_type; .compression_method; .filter_method; .interlace_method} ∈
                              [--..--] or UNINITIALIZED
                              .ihdr.[bits 104 to 127] ∈ {0}
                              .plte_offset ∈ [--..--]
                              .plte.n_entries ∈ [0..715827882]
                              .plte.entries[0]{.red; .green; .blue} ∈
                              [--..--] or UNINITIALIZED
                              .plte.entries[0].alpha ∈ {0}
                              .plte.entries[1]{.red; .green; .blue} ∈
                              [--..--] or UNINITIALIZED
                              .plte.entries[1].alpha ∈ {0}
                              .plte.entries{[2..254]; [255]{.red; .green; .blue}} ∈
                              [--..--] or UNINITIALIZED
                              .plte.entries[255].alpha ∈ {0}
                              .chrm_int ∈ [--..--]
                              {.iccp; .[bits 10592 to 10623]} ∈ {0}
                              .gama ∈ [--..--]
                              {.gamma_lut; .[bits 11424 to 11455]} ∈ {0}
                              .sbit ∈ [--..--] or UNINITIALIZED
                              .srgb_rendering_intent ∈ [--..--]
                              {.n_text; .text_list; .[bits 11568 to 11583]; .[bits 11616 to 11647]} ∈
                              {0}
                              .bkgd{.gray; .red; .green; .blue} ∈ [--..--]
                              .bkgd.plte_index ∈ [0..255]
                              .hist ∈ [--..--]
                              .[bits 15888 to 15903] ∈ {0}
                              .trns{.gray; .red; .green; .blue} ∈ [--..--]
                              .trns.n_type3_entries ∈ [0..715827882]
                              {.trns.type3_alpha[0..255]; .phys; .n_splt} ∈
                              [--..--] or UNINITIALIZED
                              .splt_list ∈
                              {{ NULL + [--..--] ;
                                 (struct spng_splt *)&__calloc_w_spng__calloc_l225 ;
                                 (struct spng_splt *)&__realloc_w_spng__realloc_l230 ;
                                 (struct spng_splt *)&__calloc_w_spng__calloc_l225_0 ;
                                 (struct spng_splt *)&__realloc_w_spng__realloc_l230_0 ;
                                 (struct spng_splt *)&__calloc_w_spng__calloc_l225_1 ;
                                 (struct spng_splt *)&__realloc_w_spng__realloc_l230_1 }} or UNINITIALIZED
                              {.time; .offs; .exif.length; .[bits 18400 to 18431]} ∈
                              [--..--] or UNINITIALIZED
                              .exif.data ∈
                              {{ NULL + [--..--] ;
                                 &__malloc_w_spng__malloc_l220[0] ;
                                 &__malloc_w_spng__malloc_l220_1[0] ;
                                 &__malloc_w_spng__malloc_l220_3[0] }} or UNINITIALIZED or ESCAPINGADDR
                              .gamma_lut8[0..255] ∈
                              [--..--] or UNINITIALIZED
  __malloc_w_spng__malloc_l220_0[0..42949672949] ∈
                                [--..--] or UNINITIALIZED
  __malloc_w_spng__malloc_l220_1[0..2147483646] ∈ [--..--] or UNINITIALIZED
  __calloc_w_spng__calloc_l225_0[0..87] ∈ [--..--] or UNINITIALIZED
                                [bits 704 to 767] ∈
                                {{ NULL + [--..--] ;
                                   (? *)&__malloc_w_spng__malloc_l220_2 }} or UNINITIALIZED
  __realloc_w_spng__realloc_l230_0[0..87] ∈ [--..--] or UNINITIALIZED
                                  [bits 704 to 1407]# ∈
                                  {{ NULL + [--..--] ;
                                     (? *)&__malloc_w_spng__malloc_l220_0 ;
                                     (? *)&__malloc_w_spng__malloc_l220_2 }} or UNINITIALIZED repeated %64 
                                  [176] ∈
                                  {{ garbled mix of &{__malloc_w_spng__malloc_l220_0;
                                                      __malloc_w_spng__malloc_l220_2}
                                   (origin: Merge {spng.c:1483}) }} or UNINITIALIZED
                                  [bits 1416 to 1439]# ∈
                                  {{ NULL + [--..--] ;
                                     (? *)&__malloc_w_spng__malloc_l220_0 ;
                                     (? *)&__malloc_w_spng__malloc_l220_2 }} or UNINITIALIZED%64, bits 8 to 31 
                                  [180..183] ∈
                                  {{ garbled mix of &{__malloc_w_spng__malloc_l220_0;
                                                      __malloc_w_spng__malloc_l220_2}
                                   (origin: Merge {spng.c:1483}) }} or UNINITIALIZED
                                  [bits 1472 to 2183]# ∈
                                  {{ NULL + [--..--] ;
                                     (? *)&__malloc_w_spng__malloc_l220_0 ;
                                     (? *)&__malloc_w_spng__malloc_l220_2 }} or UNINITIALIZED repeated %64, bits 0 to 711 
                                  [bits 2184 to 2207]# ∈
                                  {{ NULL + [--..--] ;
                                     (? *)&__malloc_w_spng__malloc_l220_0 ;
                                     (? *)&__malloc_w_spng__malloc_l220_2 }} or UNINITIALIZED%64, bits 8 to 31 
                                  [bits 2208 to 2951]# ∈
                                  {{ NULL + [--..--] ;
                                     (? *)&__malloc_w_spng__malloc_l220_0 ;
                                     (? *)&__malloc_w_spng__malloc_l220_2 }} or UNINITIALIZED repeated %64, bits 32 to 775 
                                  [bits 2952 to 2975]# ∈
                                  {{ NULL + [--..--] ;
                                     (? *)&__malloc_w_spng__malloc_l220_0 ;
                                     (? *)&__malloc_w_spng__malloc_l220_2 }} or UNINITIALIZED%64, bits 8 to 31 
                                  [bits 2976 to 3719]# ∈
                                  {{ NULL + [--..--] ;
                                     (? *)&__malloc_w_spng__malloc_l220_0 ;
                                     (? *)&__malloc_w_spng__malloc_l220_2 }} or UNINITIALIZED repeated %64, bits 32 to 775 
                                  [bits 3720 to 3743]# ∈
                                  {{ NULL + [--..--] ;
                                     (? *)&__malloc_w_spng__malloc_l220_0 ;
                                     (? *)&__malloc_w_spng__malloc_l220_2 }} or UNINITIALIZED%64, bits 8 to 31 
                                  [bits 3744 to 4487]# ∈
                                  {{ NULL + [--..--] ;
                                     (? *)&__malloc_w_spng__malloc_l220_0 ;
                                     (? *)&__malloc_w_spng__malloc_l220_2 }} or UNINITIALIZED repeated %64, bits 32 to 775 
                                  [bits 4488 to 4511]# ∈
                                  {{ NULL + [--..--] ;
                                     (? *)&__malloc_w_spng__malloc_l220_0 ;
                                     (? *)&__malloc_w_spng__malloc_l220_2 }} or UNINITIALIZED%64, bits 8 to 31 
                                  [bits 4512 to 1649267441543]# ∈
                                  {{ NULL + [--..--] ;
                                     (? *)&__malloc_w_spng__malloc_l220_0 ;
                                     (? *)&__malloc_w_spng__malloc_l220_2 }} or UNINITIALIZED repeated %64, bits 32 to 1649267437063 
                                  [bits 1649267441544 to 1649267442311]# ∈
                                  {{ NULL + [--..--] ;
                                     (? *)&__malloc_w_spng__malloc_l220_0 ;
                                     (? *)&__malloc_w_spng__malloc_l220_2 }} or UNINITIALIZED repeated %64, bits 8 to 775 
                                  [bits 1649267442312 to 3298534881799]# ∈
                                  {{ NULL + [--..--] ;
                                     (? *)&__malloc_w_spng__malloc_l220_0 ;
                                     (? *)&__malloc_w_spng__malloc_l220_2 }} or UNINITIALIZED repeated %64, bits 8 to 1649267439495 
                                  [bits 3298534881800 to 3298534882439]# ∈
                                  {{ NULL + [--..--] ;
                                     (? *)&__malloc_w_spng__malloc_l220_0 ;
                                     (? *)&__malloc_w_spng__malloc_l220_2 }} or UNINITIALIZED repeated %64, bits 8 to 647 
                                  [bits 3298534882440 to 3298534882495]# ∈
                                  {{ NULL + [--..--] ;
                                     (? *)&__malloc_w_spng__malloc_l220_0 ;
                                     (? *)&__malloc_w_spng__malloc_l220_2 }} or UNINITIALIZED%64, bits 8 to 63 
                                  [bits 3298534882496 to 3298534882559] ∈
                                  {{ NULL ;
                                     (? *)&__malloc_w_spng__malloc_l220_0 ;
                                     (? *)&__malloc_w_spng__malloc_l220_2 }} or UNINITIALIZED
  __malloc_w_spng__malloc_l220_2[0..42949672949] ∈
                                [--..--] or UNINITIALIZED
  __malloc_w_spng__malloc_l220_3[0..2147483646] ∈ [--..--] or UNINITIALIZED
  __calloc_w_spng__calloc_l225_1[0..87] ∈ [--..--] or UNINITIALIZED
                                [bits 704 to 767] ∈
                                {{ NULL + [--..--] ;
                                   (? *)&__malloc_w_spng__malloc_l220_4 }} or UNINITIALIZED
  __realloc_w_spng__realloc_l230_1[0..87] ∈ [--..--] or UNINITIALIZED
                                  [bits 704 to 1407]# ∈
                                  {{ NULL + [--..--] ;
                                     (? *)&__malloc_w_spng__malloc_l220_0 ;
                                     (? *)&__malloc_w_spng__malloc_l220_2 ;
                                     (? *)&__malloc_w_spng__malloc_l220_4 }} or UNINITIALIZED repeated %64 
                                  [176] ∈
                                  {{ garbled mix of &{__malloc_w_spng__malloc_l220_0;
                                                      __malloc_w_spng__malloc_l220_2;
                                                      __malloc_w_spng__malloc_l220_4}
                                   (origin: Merge {spng.c:1483}) }} or UNINITIALIZED
                                  [bits 1416 to 1439]# ∈
                                  {{ NULL + [--..--] ;
                                     (? *)&__malloc_w_spng__malloc_l220_0 ;
                                     (? *)&__malloc_w_spng__malloc_l220_2 ;
                                     (? *)&__malloc_w_spng__malloc_l220_4 }} or UNINITIALIZED%64, bits 8 to 31 
                                  [180..183] ∈
                                  {{ garbled mix of &{__malloc_w_spng__malloc_l220_0;
                                                      __malloc_w_spng__malloc_l220_2;
                                                      __malloc_w_spng__malloc_l220_4}
                                   (origin: Merge {spng.c:1483}) }} or UNINITIALIZED
                                  [bits 1472 to 2183]# ∈
                                  {{ NULL + [--..--] ;
                                     (? *)&__malloc_w_spng__malloc_l220_0 ;
                                     (? *)&__malloc_w_spng__malloc_l220_2 ;
                                     (? *)&__malloc_w_spng__malloc_l220_4 }} or UNINITIALIZED repeated %64, bits 0 to 711 
                                  [bits 2184 to 2207]# ∈
                                  {{ NULL + [--..--] ;
                                     (? *)&__malloc_w_spng__malloc_l220_0 ;
                                     (? *)&__malloc_w_spng__malloc_l220_2 ;
                                     (? *)&__malloc_w_spng__malloc_l220_4 }} or UNINITIALIZED%64, bits 8 to 31 
                                  [bits 2208 to 2951]# ∈
                                  {{ NULL + [--..--] ;
                                     (? *)&__malloc_w_spng__malloc_l220_0 ;
                                     (? *)&__malloc_w_spng__malloc_l220_2 ;
                                     (? *)&__malloc_w_spng__malloc_l220_4 }} or UNINITIALIZED repeated %64, bits 32 to 775 
                                  [bits 2952 to 2975]# ∈
                                  {{ NULL + [--..--] ;
                                     (? *)&__malloc_w_spng__malloc_l220_0 ;
                                     (? *)&__malloc_w_spng__malloc_l220_2 ;
                                     (? *)&__malloc_w_spng__malloc_l220_4 }} or UNINITIALIZED%64, bits 8 to 31 
                                  [bits 2976 to 3719]# ∈
                                  {{ NULL + [--..--] ;
                                     (? *)&__malloc_w_spng__malloc_l220_0 ;
                                     (? *)&__malloc_w_spng__malloc_l220_2 ;
                                     (? *)&__malloc_w_spng__malloc_l220_4 }} or UNINITIALIZED repeated %64, bits 32 to 775 
                                  [bits 3720 to 3743]# ∈
                                  {{ NULL + [--..--] ;
                                     (? *)&__malloc_w_spng__malloc_l220_0 ;
                                     (? *)&__malloc_w_spng__malloc_l220_2 ;
                                     (? *)&__malloc_w_spng__malloc_l220_4 }} or UNINITIALIZED%64, bits 8 to 31 
                                  [bits 3744 to 4487]# ∈
                                  {{ NULL + [--..--] ;
                                     (? *)&__malloc_w_spng__malloc_l220_0 ;
                                     (? *)&__malloc_w_spng__malloc_l220_2 ;
                                     (? *)&__malloc_w_spng__malloc_l220_4 }} or UNINITIALIZED repeated %64, bits 32 to 775 
                                  [bits 4488 to 4511]# ∈
                                  {{ NULL + [--..--] ;
                                     (? *)&__malloc_w_spng__malloc_l220_0 ;
                                     (? *)&__malloc_w_spng__malloc_l220_2 ;
                                     (? *)&__malloc_w_spng__malloc_l220_4 }} or UNINITIALIZED%64, bits 8 to 31 
                                  [bits 4512 to 1649267441543]# ∈
                                  {{ NULL + [--..--] ;
                                     (? *)&__malloc_w_spng__malloc_l220_0 ;
                                     (? *)&__malloc_w_spng__malloc_l220_2 ;
                                     (? *)&__malloc_w_spng__malloc_l220_4 }} or UNINITIALIZED repeated %64, bits 32 to 1649267437063 
                                  [bits 1649267441544 to 1649267442311]# ∈
                                  {{ NULL + [--..--] ;
                                     (? *)&__malloc_w_spng__malloc_l220_0 ;
                                     (? *)&__malloc_w_spng__malloc_l220_2 ;
                                     (? *)&__malloc_w_spng__malloc_l220_4 }} or UNINITIALIZED repeated %64, bits 8 to 775 
                                  [bits 1649267442312 to 3298534881799]# ∈
                                  {{ NULL + [--..--] ;
                                     (? *)&__malloc_w_spng__malloc_l220_0 ;
                                     (? *)&__malloc_w_spng__malloc_l220_2 ;
                                     (? *)&__malloc_w_spng__malloc_l220_4 }} or UNINITIALIZED repeated %64, bits 8 to 1649267439495 
                                  [bits 3298534881800 to 3298534882439]# ∈
                                  {{ NULL + [--..--] ;
                                     (? *)&__malloc_w_spng__malloc_l220_0 ;
                                     (? *)&__malloc_w_spng__malloc_l220_2 ;
                                     (? *)&__malloc_w_spng__malloc_l220_4 }} or UNINITIALIZED repeated %64, bits 8 to 647 
                                  [bits 3298534882440 to 3298534882495]# ∈
                                  {{ NULL + [--..--] ;
                                     (? *)&__malloc_w_spng__malloc_l220_0 ;
                                     (? *)&__malloc_w_spng__malloc_l220_2 ;
                                     (? *)&__malloc_w_spng__malloc_l220_4 }} or UNINITIALIZED%64, bits 8 to 63 
                                  [bits 3298534882496 to 3298534882559] ∈
                                  {{ NULL ;
                                     (? *)&__malloc_w_spng__malloc_l220_0 ;
                                     (? *)&__malloc_w_spng__malloc_l220_2 ;
                                     (? *)&__malloc_w_spng__malloc_l220_4 }} or UNINITIALIZED
  __malloc_w_spng__malloc_l220_4[0..42949672949] ∈
                                [--..--] or UNINITIALIZED
[eva:final-states] Values at end of function spng_decode_image:
  __fc_heap_status ∈ [--..--]
  out ∈ {{ &__malloc_main_l106[0] }} or ESCAPINGADDR
  out ∈ {{ &__malloc_main_l106[0] }} or ESCAPINGADDR
  ret ∈ [-1..70]
  out_size_required ∈ [0..18446744052234715140],0%4 or UNINITIALIZED
  out_width ∈ [0..18446744052234715140] or UNINITIALIZED
  channels ∈ {1; 2; 3; 4} or UNINITIALIZED
  bytes_per_pixel ∈ [1..124] or UNINITIALIZED
  stream.next_in ∈ {{ &__malloc_main_l34 + [0..--] }} or UNINITIALIZED
        .avail_in ∈ {0} or UNINITIALIZED
        {.total_in; .[bits 96 to 127]} ∈ UNINITIALIZED
        .next_out ∈ {{ &filter + [0..--] }} or UNINITIALIZED
        .avail_out ∈ {1} or UNINITIALIZED
        {.total_out; .[bits 288 to 319]} ∈ UNINITIALIZED
        .zalloc ∈ {{ &spng__zalloc }} or UNINITIALIZED
        .zfree ∈ {{ &spng__zfree }} or UNINITIALIZED
        .opaque ∈
        {{ (void *)&__calloc_spng_ctx_new2_l2274 }} or UNINITIALIZED
        {.data_type; .adler; .[bits 608 to 639]} ∈ UNINITIALIZED
  apply_trns ∈ {0} or UNINITIALIZED
  apply_gamma ∈ {0} or UNINITIALIZED
  use_sbit ∈ {0} or UNINITIALIZED
  indexed ∈ {0; 1} or UNINITIALIZED
  do_scaling ∈ {0; 1} or UNINITIALIZED
  interlaced ∈ {0; 1} or UNINITIALIZED
  pass ∈ {0; 1; 2; 3; 4; 5; 6; 7} or UNINITIALIZED
  filter ∈ {0} or UNINITIALIZED
  next_filter ∈ {0} or UNINITIALIZED
  i ∈ {256} or UNINITIALIZED
  r_8 ∈ {0} or UNINITIALIZED
  g_8 ∈ {0} or UNINITIALIZED
  b_8 ∈ {0} or UNINITIALIZED
  a_8 ∈ {0} or UNINITIALIZED
  gray_8 ∈ {0} or UNINITIALIZED
  r_16 ∈ {0} or UNINITIALIZED
  g_16 ∈ {0} or UNINITIALIZED
  b_16 ∈ {0} or UNINITIALIZED
  a_16 ∈ {0} or UNINITIALIZED
  gray_16 ∈ {0} or UNINITIALIZED
  samples_per_byte ∈ {0; 1; 2; 4; 8} or UNINITIALIZED
  mask ∈ {1; 3; 7; 15; 31; 63; 127; 255} or UNINITIALIZED
  initial_shift ∈ [--..--] or UNINITIALIZED
  pixel_size ∈ {4} or UNINITIALIZED
  pixel_offset ∈ {0} or UNINITIALIZED
  depth_target ∈ {8} or UNINITIALIZED
  processing_depth ∈ [1..31] or UNINITIALIZED
  sub[0]{.width; .height} ∈ [--..--] or UNINITIALIZED
     [0].scanline_width ∈ [0..66571993074] or UNINITIALIZED
     [1]{.width; .height} ∈ [0..536870911] or UNINITIALIZED
     [1].scanline_width ∈ [0..8321499122] or UNINITIALIZED
     [2].width ∈ [0..1073741823] or UNINITIALIZED
     [2].height ∈ [0..536870911] or UNINITIALIZED
     [2].scanline_width ∈ [0..16642998258] or UNINITIALIZED
     [3]{.width; .height} ∈ [0..1073741823] or UNINITIALIZED
     [3].scanline_width ∈ [0..16642998258] or UNINITIALIZED
     [4].width ∈ [0..2147483647] or UNINITIALIZED
     [4].height ∈ [0..1073741823] or UNINITIALIZED
     [4].scanline_width ∈ [0..33285996530] or UNINITIALIZED
     [5]{.width; .height} ∈ [0..2147483647] or UNINITIALIZED
     [5].scanline_width ∈ [0..33285996530] or UNINITIALIZED
     [6].width ∈ [--..--] or UNINITIALIZED
     [6].height ∈ [0..2147483647] or UNINITIALIZED
     [6].scanline_width ∈ [0..66571993074] or UNINITIALIZED
  scanline_width ∈ [0..66571993074] or UNINITIALIZED
  row ∈
     {{ NULL ; &__malloc_main_l106[0] ;
        (unsigned char *)&__malloc_spng__malloc_l220_7 }} or UNINITIALIZED or ESCAPINGADDR
  scanline ∈
          {{ NULL ; (unsigned char *)&__malloc_spng__malloc_l220_5 }} or UNINITIALIZED or ESCAPINGADDR
  prev_scanline ∈
               {{ NULL ; (unsigned char *)&__malloc_spng__malloc_l220_6 }} or UNINITIALIZED or ESCAPINGADDR
  gamma_lut ∈ {0} or UNINITIALIZED
  sb ∈ [--..--] or UNINITIALIZED
  plte[0..255] ∈ [--..--] or UNINITIALIZED
  __retres ∈ [-1..70]
  __calloc_spng_ctx_new2_l2274.data_size ∈ [1..9223372036854775807]
                              .bytes_read ∈ [--..--]
                              .stream_buf ∈ {0}
                              .data ∈ {{ &__malloc_main_l34 + [0..--] }}
                              .read_fn ∈ {{ &buffer_read_fn }}
                              .read_user_ptr ∈ {0}
                              .png_buf ∈
                              {{ (unsigned char const *)&__malloc_main_l34 }}
                              .bytes_left ∈ [--..--]
                              .last_read_size ∈ [0..4294967295]
                              .current_chunk.offset ∈ [--..--]
                              .current_chunk.length ∈ [0..2147483647]
                              .current_chunk.type[0..3] ∈
                              [--..--] or UNINITIALIZED
                              .current_chunk.crc ∈ [--..--]
                              .current_chunk.[bits 160 to 191] ∈ {0}
                              .cur_chunk_bytes_left ∈ [--..--]
                              .cur_actual_crc ∈ {0; 4; 17}
                              .alloc.malloc_fn ∈ {{ &malloc }}
                              .alloc.realloc_fn ∈ {{ &realloc }}
                              .alloc.calloc_fn ∈ {{ &calloc }}
                              .alloc.free_fn ∈ {{ &free }}
                              .valid_state ∈ [--..--]
                              {.streaming; .encode_only; .have_first_idat; .have_last_idat; .[bits 1093 to 1119]} ∈
                              {0}
                              .file{.ihdr; .plte; .chrm} ∈ [--..--]
                              .file.iccp ∈ {0}
                              .file{.gama; .sbit; .srgb; .text; .bkgd; .hist; .trns; .phys; .splt; .time; .offs; .exif} ∈
                              [--..--]
                              {.file.[bits 16 to 31]; .user} ∈ {0}
                              .stored.ihdr ∈ [--..--]
                              .stored.plte ∈ {0}
                              .stored.chrm ∈ [--..--]
                              .stored.iccp ∈ {0}
                              .stored{.gama; .sbit; .srgb} ∈ [--..--]
                              .stored.text ∈ {0}
                              .stored{.bkgd; .hist; .trns; .phys; .splt; .time; .offs; .exif} ∈
                              [--..--]
                              .stored.[bits 16 to 31] ∈ {0}
                              .first_idat.offset ∈
                              [0..18446744073709551607]
                              .first_idat.length ∈ [0..2147483647]
                              .first_idat.type[0..3] ∈ [--..--]
                              .first_idat{.crc; .[bits 160 to 191]} ∈ {0}
                              .last_idat.offset ∈ [--..--]
                              .last_idat.length ∈ [0..2147483647]
                              .last_idat.type[0..3] ∈
                              [--..--] or UNINITIALIZED
                              .last_idat.crc ∈ [--..--]
                              .last_idat.[bits 160 to 191] ∈ {0}
                              {.max_width; .max_height} ∈ {0; 2147483647}
                              .max_chunk_size ∈ {2147483647}
                              .[bits 1696 to 1727] ∈ {0}
                              .chunk_cache_limit ∈ {18446744073709551615}
                              .chunk_cache_usage ∈ [--..--]
                              {.crc_action_critical; .crc_action_ancillary} ∈
                              {2}
                              .ihdr{.width; .height} ∈ [--..--]
                              .ihdr{.bit_depth; .color_type; .compression_method; .filter_method; .interlace_method} ∈
                              [--..--] or UNINITIALIZED
                              .ihdr.[bits 104 to 127] ∈ {0}
                              .plte_offset ∈ [--..--]
                              .plte.n_entries ∈ [0..715827882]
                              .plte.entries[0]{.red; .green; .blue} ∈
                              [--..--] or UNINITIALIZED
                              .plte.entries[0].alpha ∈ {0; 255}
                              .plte.entries[1]{.red; .green; .blue} ∈
                              [--..--] or UNINITIALIZED
                              .plte.entries[1].alpha ∈ {0; 255}
                              .plte.entries{[2..254]; [255]{.red; .green; .blue}} ∈
                              [--..--] or UNINITIALIZED
                              .plte.entries[255].alpha ∈ {0; 255}
                              .chrm_int ∈ [--..--]
                              {.iccp; .[bits 10592 to 10623]} ∈ {0}
                              .gama ∈ [--..--]
                              {.gamma_lut; .[bits 11424 to 11455]} ∈ {0}
                              .sbit ∈ [--..--] or UNINITIALIZED
                              .srgb_rendering_intent ∈ [--..--]
                              {.n_text; .text_list; .[bits 11568 to 11583]; .[bits 11616 to 11647]} ∈
                              {0}
                              .bkgd{.gray; .red; .green; .blue} ∈ [--..--]
                              .bkgd.plte_index ∈ [0..255]
                              .hist ∈ [--..--]
                              .[bits 15888 to 15903] ∈ {0}
                              .trns{.gray; .red; .green; .blue} ∈ [--..--]
                              .trns.n_type3_entries ∈ [0..715827882]
                              {.trns.type3_alpha[0..255]; .phys; .n_splt} ∈
                              [--..--] or UNINITIALIZED
                              .splt_list ∈
                              {{ NULL + [--..--] ;
                                 (struct spng_splt *)&__calloc_w_spng__calloc_l225 ;
                                 (struct spng_splt *)&__realloc_w_spng__realloc_l230 ;
                                 (struct spng_splt *)&__calloc_w_spng__calloc_l225_0 ;
                                 (struct spng_splt *)&__realloc_w_spng__realloc_l230_0 ;
                                 (struct spng_splt *)&__calloc_w_spng__calloc_l225_1 ;
                                 (struct spng_splt *)&__realloc_w_spng__realloc_l230_1 }} or UNINITIALIZED
                              {.time; .offs; .exif.length; .[bits 18400 to 18431]} ∈
                              [--..--] or UNINITIALIZED
                              .exif.data ∈
                              {{ NULL + [--..--] ;
                                 &__malloc_w_spng__malloc_l220[0] ;
                                 &__malloc_w_spng__malloc_l220_1[0] ;
                                 &__malloc_w_spng__malloc_l220_3[0] ;
                                 &__malloc_w_spng__malloc_l220_8[0] }} or UNINITIALIZED or ESCAPINGADDR
                              .gamma_lut8[0..255] ∈
                              [--..--] or UNINITIALIZED
  __malloc_w_spng__malloc_l220_0[0..42949672949] ∈
                                [--..--] or UNINITIALIZED
  __malloc_w_spng__malloc_l220_2[0..42949672949] ∈
                                [--..--] or UNINITIALIZED
  __malloc_w_spng__malloc_l220_3[0..2147483646] ∈ [--..--] or UNINITIALIZED
  __calloc_w_spng__calloc_l225_1[0..87] ∈ [--..--] or UNINITIALIZED
                                [bits 704 to 767] ∈
                                {{ NULL + [--..--] ;
                                   (? *)&__malloc_w_spng__malloc_l220_4 }} or UNINITIALIZED
  __realloc_w_spng__realloc_l230_1[0..87] ∈ [--..--] or UNINITIALIZED
                                  [bits 704 to 1407]# ∈
                                  {{ NULL + [--..--] ;
                                     (? *)&__malloc_w_spng__malloc_l220_0 ;
                                     (? *)&__malloc_w_spng__malloc_l220_2 ;
                                     (? *)&__malloc_w_spng__malloc_l220_4 }} or UNINITIALIZED repeated %64 
                                  [176] ∈
                                  {{ garbled mix of &{__malloc_w_spng__malloc_l220_0;
                                                      __malloc_w_spng__malloc_l220_2;
                                                      __malloc_w_spng__malloc_l220_4}
                                   (origin: Merge {spng.c:1483}) }} or UNINITIALIZED
                                  [bits 1416 to 1439]# ∈
                                  {{ NULL + [--..--] ;
                                     (? *)&__malloc_w_spng__malloc_l220_0 ;
                                     (? *)&__malloc_w_spng__malloc_l220_2 ;
                                     (? *)&__malloc_w_spng__malloc_l220_4 }} or UNINITIALIZED%64, bits 8 to 31 
                                  [180..183] ∈
                                  {{ garbled mix of &{__malloc_w_spng__malloc_l220_0;
                                                      __malloc_w_spng__malloc_l220_2;
                                                      __malloc_w_spng__malloc_l220_4}
                                   (origin: Merge {spng.c:1483}) }} or UNINITIALIZED
                                  [bits 1472 to 2183]# ∈
                                  {{ NULL + [--..--] ;
                                     (? *)&__malloc_w_spng__malloc_l220_0 ;
                                     (? *)&__malloc_w_spng__malloc_l220_2 ;
                                     (? *)&__malloc_w_spng__malloc_l220_4 }} or UNINITIALIZED repeated %64, bits 0 to 711 
                                  [bits 2184 to 2207]# ∈
                                  {{ NULL + [--..--] ;
                                     (? *)&__malloc_w_spng__malloc_l220_0 ;
                                     (? *)&__malloc_w_spng__malloc_l220_2 ;
                                     (? *)&__malloc_w_spng__malloc_l220_4 }} or UNINITIALIZED%64, bits 8 to 31 
                                  [bits 2208 to 2951]# ∈
                                  {{ NULL + [--..--] ;
                                     (? *)&__malloc_w_spng__malloc_l220_0 ;
                                     (? *)&__malloc_w_spng__malloc_l220_2 ;
                                     (? *)&__malloc_w_spng__malloc_l220_4 }} or UNINITIALIZED repeated %64, bits 32 to 775 
                                  [bits 2952 to 2975]# ∈
                                  {{ NULL + [--..--] ;
                                     (? *)&__malloc_w_spng__malloc_l220_0 ;
                                     (? *)&__malloc_w_spng__malloc_l220_2 ;
                                     (? *)&__malloc_w_spng__malloc_l220_4 }} or UNINITIALIZED%64, bits 8 to 31 
                                  [bits 2976 to 3719]# ∈
                                  {{ NULL + [--..--] ;
                                     (? *)&__malloc_w_spng__malloc_l220_0 ;
                                     (? *)&__malloc_w_spng__malloc_l220_2 ;
                                     (? *)&__malloc_w_spng__malloc_l220_4 }} or UNINITIALIZED repeated %64, bits 32 to 775 
                                  [bits 3720 to 3743]# ∈
                                  {{ NULL + [--..--] ;
                                     (? *)&__malloc_w_spng__malloc_l220_0 ;
                                     (? *)&__malloc_w_spng__malloc_l220_2 ;
                                     (? *)&__malloc_w_spng__malloc_l220_4 }} or UNINITIALIZED%64, bits 8 to 31 
                                  [bits 3744 to 4487]# ∈
                                  {{ NULL + [--..--] ;
                                     (? *)&__malloc_w_spng__malloc_l220_0 ;
                                     (? *)&__malloc_w_spng__malloc_l220_2 ;
                                     (? *)&__malloc_w_spng__malloc_l220_4 }} or UNINITIALIZED repeated %64, bits 32 to 775 
                                  [bits 4488 to 4511]# ∈
                                  {{ NULL + [--..--] ;
                                     (? *)&__malloc_w_spng__malloc_l220_0 ;
                                     (? *)&__malloc_w_spng__malloc_l220_2 ;
                                     (? *)&__malloc_w_spng__malloc_l220_4 }} or UNINITIALIZED%64, bits 8 to 31 
                                  [bits 4512 to 1649267441543]# ∈
                                  {{ NULL + [--..--] ;
                                     (? *)&__malloc_w_spng__malloc_l220_0 ;
                                     (? *)&__malloc_w_spng__malloc_l220_2 ;
                                     (? *)&__malloc_w_spng__malloc_l220_4 }} or UNINITIALIZED repeated %64, bits 32 to 1649267437063 
                                  [bits 1649267441544 to 1649267442311]# ∈
                                  {{ NULL + [--..--] ;
                                     (? *)&__malloc_w_spng__malloc_l220_0 ;
                                     (? *)&__malloc_w_spng__malloc_l220_2 ;
                                     (? *)&__malloc_w_spng__malloc_l220_4 }} or UNINITIALIZED repeated %64, bits 8 to 775 
                                  [bits 1649267442312 to 3298534881799]# ∈
                                  {{ NULL + [--..--] ;
                                     (? *)&__malloc_w_spng__malloc_l220_0 ;
                                     (? *)&__malloc_w_spng__malloc_l220_2 ;
                                     (? *)&__malloc_w_spng__malloc_l220_4 }} or UNINITIALIZED repeated %64, bits 8 to 1649267439495 
                                  [bits 3298534881800 to 3298534882439]# ∈
                                  {{ NULL + [--..--] ;
                                     (? *)&__malloc_w_spng__malloc_l220_0 ;
                                     (? *)&__malloc_w_spng__malloc_l220_2 ;
                                     (? *)&__malloc_w_spng__malloc_l220_4 }} or UNINITIALIZED repeated %64, bits 8 to 647 
                                  [bits 3298534882440 to 3298534882495]# ∈
                                  {{ NULL + [--..--] ;
                                     (? *)&__malloc_w_spng__malloc_l220_0 ;
                                     (? *)&__malloc_w_spng__malloc_l220_2 ;
                                     (? *)&__malloc_w_spng__malloc_l220_4 }} or UNINITIALIZED%64, bits 8 to 63 
                                  [bits 3298534882496 to 3298534882559] ∈
                                  {{ NULL ;
                                     (? *)&__malloc_w_spng__malloc_l220_0 ;
                                     (? *)&__malloc_w_spng__malloc_l220_2 ;
                                     (? *)&__malloc_w_spng__malloc_l220_4 }} or UNINITIALIZED
  __malloc_w_spng__malloc_l220_4[0..42949672949] ∈
                                [--..--] or UNINITIALIZED
  __malloc_spng__malloc_l220_6[0..66571993073] ∈ {0} or UNINITIALIZED
  __malloc_w_spng__malloc_l220_8[0..2147483646] ∈ [--..--] or UNINITIALIZED
[eva:final-states] Values at end of function spng_get_ihdr:
  __fc_heap_status ∈ [--..--]
  ihdr{.width; .height; .bit_depth; .color_type; .compression_method; .filter_method; .interlace_method} ∈
      [--..--] or UNINITIALIZED
      .[bits 104 to 127] ∈ {0} or UNINITIALIZED
  ret ∈ [-1..61]
  __retres ∈ [-1..61]
  __calloc_spng_ctx_new2_l2274.data_size ∈ [1..9223372036854775807]
                              .bytes_read ∈ [--..--]
                              .stream_buf ∈ {0}
                              .data ∈
                              {{ &__malloc_main_l34 +
                                 [0..9223372043297226744] }}
                              .read_fn ∈ {{ &buffer_read_fn }}
                              .read_user_ptr ∈ {0}
                              .png_buf ∈
                              {{ (unsigned char const *)&__malloc_main_l34 }}
                              .bytes_left ∈ [--..--]
                              .last_read_size ∈ [0..2147483647]
                              .current_chunk.offset ∈ [--..--]
                              .current_chunk.length ∈ [0..2147483647]
                              .current_chunk.type[0..3] ∈
                              [--..--] or UNINITIALIZED
                              .current_chunk.crc ∈ [--..--]
                              .current_chunk.[bits 160 to 191] ∈ {0}
                              .cur_chunk_bytes_left ∈ [--..--]
                              .cur_actual_crc ∈ {0; 4; 17}
                              .alloc.malloc_fn ∈ {{ &malloc }}
                              .alloc.realloc_fn ∈ {{ &realloc }}
                              .alloc.calloc_fn ∈ {{ &calloc }}
                              .alloc.free_fn ∈ {{ &free }}
                              .valid_state ∈ [--..--]
                              {.streaming; .encode_only; .have_first_idat; .have_last_idat; .[bits 1093 to 1119]} ∈
                              {0}
                              .file{.ihdr; .plte; .chrm} ∈ [--..--]
                              .file.iccp ∈ {0}
                              .file{.gama; .sbit; .srgb; .text; .bkgd; .hist; .trns; .phys; .splt; .time; .offs; .exif} ∈
                              [--..--]
                              {.file.[bits 16 to 31]; .user} ∈ {0}
                              .stored.ihdr ∈ [--..--]
                              .stored.plte ∈ {0}
                              .stored.chrm ∈ [--..--]
                              .stored.iccp ∈ {0}
                              .stored{.gama; .sbit; .srgb} ∈ [--..--]
                              .stored.text ∈ {0}
                              .stored{.bkgd; .hist; .trns; .phys; .splt; .time; .offs; .exif} ∈
                              [--..--]
                              .stored.[bits 16 to 31] ∈ {0}
                              .first_idat.offset ∈
                              [0..18446744073709551607]
                              .first_idat.length ∈ [0..2147483647]
                              .first_idat.type[0..3] ∈ [--..--]
                              {.first_idat{.crc; .[bits 160 to 191]}; .last_idat} ∈
                              {0}
                              {.max_width; .max_height} ∈ {0; 2147483647}
                              .max_chunk_size ∈ {2147483647}
                              .[bits 1696 to 1727] ∈ {0}
                              .chunk_cache_limit ∈ {18446744073709551615}
                              .chunk_cache_usage ∈ [--..--]
                              {.crc_action_critical; .crc_action_ancillary} ∈
                              {2}
                              .ihdr{.width; .height} ∈ [--..--]
                              .ihdr{.bit_depth; .color_type; .compression_method; .filter_method; .interlace_method} ∈
                              [--..--] or UNINITIALIZED
                              .ihdr.[bits 104 to 127] ∈ {0}
                              .plte_offset ∈ [--..--]
                              .plte.n_entries ∈ [0..715827882]
                              .plte.entries[0]{.red; .green; .blue} ∈
                              [--..--] or UNINITIALIZED
                              .plte.entries[0].alpha ∈ {0}
                              .plte.entries[1]{.red; .green; .blue} ∈
                              [--..--] or UNINITIALIZED
                              .plte.entries[1].alpha ∈ {0}
                              .plte.entries{[2..254]; [255]{.red; .green; .blue}} ∈
                              [--..--] or UNINITIALIZED
                              .plte.entries[255].alpha ∈ {0}
                              .chrm_int ∈ [--..--]
                              {.iccp; .[bits 10592 to 10623]} ∈ {0}
                              .gama ∈ [--..--]
                              {.gamma_lut; .[bits 11424 to 11455]} ∈ {0}
                              .sbit ∈ [--..--] or UNINITIALIZED
                              .srgb_rendering_intent ∈ [--..--]
                              {.n_text; .text_list; .[bits 11568 to 11583]; .[bits 11616 to 11647]} ∈
                              {0}
                              .bkgd{.gray; .red; .green; .blue} ∈ [--..--]
                              .bkgd.plte_index ∈ [0..255]
                              .hist ∈ [--..--]
                              .[bits 15888 to 15903] ∈ {0}
                              .trns{.gray; .red; .green; .blue} ∈ [--..--]
                              .trns.n_type3_entries ∈ [0..256]
                              .trns.type3_alpha[0..255] ∈
                              [--..--] or UNINITIALIZED
                              .phys{.ppu_x; .ppu_y; .unit_specifier} ∈
                              [--..--]
                              .phys.[bits 72 to 95] ∈ {0}
                              .n_splt ∈ [--..--]
                              .splt_list ∈
                              {{ NULL ;
                                 (struct spng_splt *)&__calloc_w_spng__calloc_l225 ;
                                 (struct spng_splt *)&__realloc_w_spng__realloc_l230 }}
                              .time.year ∈ [--..--]
                              .time.month ∈ [0..12]
                              .time.day ∈ [0..31]
                              .time.hour ∈ [0..23]
                              .time.minute ∈ [0..59]
                              .time.second ∈ [0..60]
                              .time.[bits 56 to 63] ∈ {0} or UNINITIALIZED
                              .offs{.x; .y} ∈ [--..--]
                              .offs.unit_specifier ∈
                              [--..--] or UNINITIALIZED
                              {.offs.[bits 72 to 95]; .[bits 18400 to 18431]} ∈
                              {0}
                              .exif.length ∈ [0..2147483647]
                              .exif.data ∈
                              {{ NULL ; &__malloc_w_spng__malloc_l220[0] }} or ESCAPINGADDR
                              .gamma_lut8[0..255] ∈ {0}
  __malloc_w_spng__malloc_l220[0..2147483646] ∈ [--..--] or UNINITIALIZED
  __calloc_w_spng__calloc_l225[0..87] ∈ [--..--] or UNINITIALIZED
                              [bits 704 to 767] ∈
                              {{ NULL + [--..--] ;
                                 (? *)&__malloc_w_spng__malloc_l220_0 }} or UNINITIALIZED
  __malloc_w_spng__malloc_l220_0[0..42949672949] ∈
                                [--..--] or UNINITIALIZED
  __realloc_w_spng__realloc_l230[0..87] ∈ [--..--] or UNINITIALIZED
                                [bits 704 to 1407]# ∈
                                {{ NULL + [--..--] ;
                                   (? *)&__malloc_w_spng__malloc_l220_0 }} or UNINITIALIZED repeated %64 
                                [176] ∈
                                {{ garbled mix of &{__malloc_w_spng__malloc_l220_0}
                                 (origin: Merge {spng.c:1483}) }} or UNINITIALIZED
                                [bits 1416 to 1439]# ∈
                                {{ NULL + [--..--] ;
                                   (? *)&__malloc_w_spng__malloc_l220_0 }} or UNINITIALIZED%64, bits 8 to 31 
                                [180..183] ∈
                                {{ garbled mix of &{__malloc_w_spng__malloc_l220_0}
                                 (origin: Merge {spng.c:1483}) }} or UNINITIALIZED
                                [bits 1472 to 2183]# ∈
                                {{ NULL + [--..--] ;
                                   (? *)&__malloc_w_spng__malloc_l220_0 }} or UNINITIALIZED repeated %64, bits 0 to 711 
                                [bits 2184 to 2207]# ∈
                                {{ NULL + [--..--] ;
                                   (? *)&__malloc_w_spng__malloc_l220_0 }} or UNINITIALIZED%64, bits 8 to 31 
                                [bits 2208 to 2951]# ∈
                                {{ NULL + [--..--] ;
                                   (? *)&__malloc_w_spng__malloc_l220_0 }} or UNINITIALIZED repeated %64, bits 32 to 775 
                                [bits 2952 to 2975]# ∈
                                {{ NULL + [--..--] ;
                                   (? *)&__malloc_w_spng__malloc_l220_0 }} or UNINITIALIZED%64, bits 8 to 31 
                                [bits 2976 to 3719]# ∈
                                {{ NULL + [--..--] ;
                                   (? *)&__malloc_w_spng__malloc_l220_0 }} or UNINITIALIZED repeated %64, bits 32 to 775 
                                [bits 3720 to 3743]# ∈
                                {{ NULL + [--..--] ;
                                   (? *)&__malloc_w_spng__malloc_l220_0 }} or UNINITIALIZED%64, bits 8 to 31 
                                [bits 3744 to 4487]# ∈
                                {{ NULL + [--..--] ;
                                   (? *)&__malloc_w_spng__malloc_l220_0 }} or UNINITIALIZED repeated %64, bits 32 to 775 
                                [bits 4488 to 4511]# ∈
                                {{ NULL + [--..--] ;
                                   (? *)&__malloc_w_spng__malloc_l220_0 }} or UNINITIALIZED%64, bits 8 to 31 
                                [bits 4512 to 1649267441543]# ∈
                                {{ NULL + [--..--] ;
                                   (? *)&__malloc_w_spng__malloc_l220_0 }} or UNINITIALIZED repeated %64, bits 32 to 1649267437063 
                                [bits 1649267441544 to 1649267442311]# ∈
                                {{ NULL + [--..--] ;
                                   (? *)&__malloc_w_spng__malloc_l220_0 }} or UNINITIALIZED repeated %64, bits 8 to 775 
                                [bits 1649267442312 to 3298534881799]# ∈
                                {{ NULL + [--..--] ;
                                   (? *)&__malloc_w_spng__malloc_l220_0 }} or UNINITIALIZED repeated %64, bits 8 to 1649267439495 
                                [bits 3298534881800 to 3298534882439]# ∈
                                {{ NULL + [--..--] ;
                                   (? *)&__malloc_w_spng__malloc_l220_0 }} or UNINITIALIZED repeated %64, bits 8 to 647 
                                [bits 3298534882440 to 3298534882495]# ∈
                                {{ NULL + [--..--] ;
                                   (? *)&__malloc_w_spng__malloc_l220_0 }} or UNINITIALIZED%64, bits 8 to 63 
                                [bits 3298534882496 to 3298534882559] ∈
                                {{ NULL ;
                                   (? *)&__malloc_w_spng__malloc_l220_0 }} or UNINITIALIZED
[eva:final-states] Values at end of function main:
  __fc_heap_status ∈ [--..--]
  __fc_errno ∈ [--..--]
  __fc_fopen[0..15] ∈ [--..--]
  r ∈ [-1..70]
  png ∈ {{ NULL ; &__fc_fopen + [0..120],0%8 }} or UNINITIALIZED
  pngbuf ∈ {0} or ESCAPINGADDR
  ctx ∈ {0} or ESCAPINGADDR
  out ∈ {0} or ESCAPINGADDR
  siz_pngbuf ∈ [-1..9223372036854775807] or UNINITIALIZED
  ihdr{.width; .height; .bit_depth; .color_type; .compression_method; .filter_method; .interlace_method} ∈
      [--..--] or UNINITIALIZED
      .[bits 104 to 127] ∈ {0} or UNINITIALIZED
  clr_type_str ∈
              {{ "grayscale" ; "truecolor" ; "indexed color" ;
                 "grayscale with alpha" ; "truecolor with alpha" }} or UNINITIALIZED
  out_size ∈ [0..18446744052234715140],0%4 or UNINITIALIZED
  __fc_initial_stdout.__fc_FILE_id ∈ {1}
                     .__fc_FILE_data ∈ [--..--]
  __calloc_spng_ctx_new2_l2274.data_size ∈ [1..9223372036854775807]
                              .bytes_read ∈ [--..--]
                              .stream_buf ∈ {0}
                              .data ∈ ESCAPINGADDR
                              .read_fn ∈ {{ &buffer_read_fn }}
                              .read_user_ptr ∈ {0}
                              .png_buf ∈ ESCAPINGADDR
                              .bytes_left ∈ [--..--]
                              .last_read_size ∈ [0..4294967295]
                              .current_chunk.offset ∈ [--..--]
                              .current_chunk.length ∈ [0..2147483647]
                              .current_chunk.type[0..3] ∈
                              [--..--] or UNINITIALIZED
                              .current_chunk.crc ∈ [--..--]
                              .current_chunk.[bits 160 to 191] ∈ {0}
                              .cur_chunk_bytes_left ∈ [--..--]
                              .cur_actual_crc ∈ {0; 4; 17}
                              .alloc.malloc_fn ∈ {{ &malloc }}
                              .alloc.realloc_fn ∈ {{ &realloc }}
                              .alloc.calloc_fn ∈ {{ &calloc }}
                              .alloc.free_fn ∈ {{ &free }}
                              .valid_state ∈ [--..--]
                              {.streaming; .encode_only; .have_first_idat; .have_last_idat; .[bits 1093 to 1119]} ∈
                              {0}
                              .file{.ihdr; .plte; .chrm} ∈ [--..--]
                              .file.iccp ∈ {0}
                              .file{.gama; .sbit; .srgb; .text; .bkgd; .hist; .trns; .phys; .splt; .time; .offs; .exif} ∈
                              [--..--]
                              {.file.[bits 16 to 31]; .user} ∈ {0}
                              .stored.ihdr ∈ [--..--]
                              .stored.plte ∈ {0}
                              .stored.chrm ∈ [--..--]
                              .stored.iccp ∈ {0}
                              .stored{.gama; .sbit; .srgb} ∈ [--..--]
                              .stored.text ∈ {0}
                              .stored{.bkgd; .hist; .trns; .phys; .splt; .time; .offs; .exif} ∈
                              [--..--]
                              .stored.[bits 16 to 31] ∈ {0}
                              .first_idat.offset ∈
                              [0..18446744073709551607]
                              .first_idat.length ∈ [0..2147483647]
                              .first_idat.type[0..3] ∈ [--..--]
                              .first_idat{.crc; .[bits 160 to 191]} ∈ {0}
                              .last_idat.offset ∈ [--..--]
                              .last_idat.length ∈ [0..2147483647]
                              .last_idat.type[0..3] ∈
                              [--..--] or UNINITIALIZED
                              .last_idat.crc ∈ [--..--]
                              .last_idat.[bits 160 to 191] ∈ {0}
                              {.max_width; .max_height} ∈ {0; 2147483647}
                              .max_chunk_size ∈ {2147483647}
                              .[bits 1696 to 1727] ∈ {0}
                              .chunk_cache_limit ∈ {18446744073709551615}
                              .chunk_cache_usage ∈ [--..--]
                              {.crc_action_critical; .crc_action_ancillary} ∈
                              {2}
                              .ihdr{.width; .height} ∈ [--..--]
                              .ihdr{.bit_depth; .color_type; .compression_method; .filter_method; .interlace_method} ∈
                              [--..--] or UNINITIALIZED
                              .ihdr.[bits 104 to 127] ∈ {0}
                              .plte_offset ∈ [--..--]
                              .plte.n_entries ∈ [0..715827882]
                              .plte.entries[0]{.red; .green; .blue} ∈
                              [--..--] or UNINITIALIZED
                              .plte.entries[0].alpha ∈ {0; 255}
                              .plte.entries[1]{.red; .green; .blue} ∈
                              [--..--] or UNINITIALIZED
                              .plte.entries[1].alpha ∈ {0; 255}
                              .plte.entries{[2..254]; [255]{.red; .green; .blue}} ∈
                              [--..--] or UNINITIALIZED
                              .plte.entries[255].alpha ∈ {0; 255}
                              .chrm_int ∈ [--..--]
                              {.iccp; .[bits 10592 to 10623]} ∈ {0}
                              .gama ∈ [--..--]
                              {.gamma_lut; .[bits 11424 to 11455]} ∈ {0}
                              .sbit ∈ [--..--] or UNINITIALIZED
                              .srgb_rendering_intent ∈ [--..--]
                              {.n_text; .text_list; .[bits 11568 to 11583]; .[bits 11616 to 11647]} ∈
                              {0}
                              .bkgd{.gray; .red; .green; .blue} ∈ [--..--]
                              .bkgd.plte_index ∈ [0..255]
                              .hist ∈ [--..--]
                              .[bits 15888 to 15903] ∈ {0}
                              .trns{.gray; .red; .green; .blue} ∈ [--..--]
                              .trns.n_type3_entries ∈ [0..715827882]
                              {.trns.type3_alpha[0..255]; .phys; .n_splt} ∈
                              [--..--] or UNINITIALIZED
                              .splt_list ∈
                              {{ NULL + [--..--] ;
                                 (struct spng_splt *)&__calloc_w_spng__calloc_l225 ;
                                 (struct spng_splt *)&__realloc_w_spng__realloc_l230 ;
                                 (struct spng_splt *)&__calloc_w_spng__calloc_l225_0 ;
                                 (struct spng_splt *)&__realloc_w_spng__realloc_l230_0 ;
                                 (struct spng_splt *)&__calloc_w_spng__calloc_l225_1 ;
                                 (struct spng_splt *)&__realloc_w_spng__realloc_l230_1 }} or UNINITIALIZED
                              {.time; .offs; .exif.length; .[bits 18400 to 18431]} ∈
                              [--..--] or UNINITIALIZED
                              .exif.data ∈
                              {{ NULL + [--..--] ;
                                 &__malloc_w_spng__malloc_l220[0] ;
                                 &__malloc_w_spng__malloc_l220_1[0] ;
                                 &__malloc_w_spng__malloc_l220_3[0] ;
                                 &__malloc_w_spng__malloc_l220_8[0] }} or UNINITIALIZED or ESCAPINGADDR
                              .gamma_lut8[0..255] ∈
                              [--..--] or UNINITIALIZED
  __malloc_w_spng__malloc_l220[0..2147483646] ∈ [--..--] or UNINITIALIZED
  __calloc_w_spng__calloc_l225[0..87] ∈ [--..--] or UNINITIALIZED
                              [bits 704 to 767] ∈
                              {{ NULL + [--..--] ;
                                 (? *)&__malloc_w_spng__malloc_l220_0 }} or UNINITIALIZED or ESCAPINGADDR
  __malloc_w_spng__malloc_l220_0[0..42949672949] ∈
                                [--..--] or UNINITIALIZED
  __realloc_w_spng__realloc_l230[0..87] ∈ [--..--] or UNINITIALIZED
                                [bits 704 to 1407]# ∈
                                {{ NULL + [--..--] ;
                                   (? *)&__malloc_w_spng__malloc_l220_0 }} or UNINITIALIZED or ESCAPINGADDR repeated %64 
                                [176] ∈
                                {{ garbled mix of &{__malloc_w_spng__malloc_l220_0}
                                 (origin: Merge {spng.c:1483}) }} or UNINITIALIZED or ESCAPINGADDR
                                [bits 1416 to 1439]# ∈
                                {{ NULL + [--..--] ;
                                   (? *)&__malloc_w_spng__malloc_l220_0 }} or UNINITIALIZED or ESCAPINGADDR%64, bits 8 to 31 
                                [180..183] ∈
                                {{ garbled mix of &{__malloc_w_spng__malloc_l220_0}
                                 (origin: Merge {spng.c:1483}) }} or UNINITIALIZED or ESCAPINGADDR
                                [bits 1472 to 2183]# ∈
                                {{ NULL + [--..--] ;
                                   (? *)&__malloc_w_spng__malloc_l220_0 }} or UNINITIALIZED or ESCAPINGADDR repeated %64, bits 0 to 711 
                                [bits 2184 to 2207]# ∈
                                {{ NULL + [--..--] ;
                                   (? *)&__malloc_w_spng__malloc_l220_0 }} or UNINITIALIZED or ESCAPINGADDR%64, bits 8 to 31 
                                [bits 2208 to 2951]# ∈
                                {{ NULL + [--..--] ;
                                   (? *)&__malloc_w_spng__malloc_l220_0 }} or UNINITIALIZED or ESCAPINGADDR repeated %64, bits 32 to 775 
                                [bits 2952 to 2975]# ∈
                                {{ NULL + [--..--] ;
                                   (? *)&__malloc_w_spng__malloc_l220_0 }} or UNINITIALIZED or ESCAPINGADDR%64, bits 8 to 31 
                                [bits 2976 to 3719]# ∈
                                {{ NULL + [--..--] ;
                                   (? *)&__malloc_w_spng__malloc_l220_0 }} or UNINITIALIZED or ESCAPINGADDR repeated %64, bits 32 to 775 
                                [bits 3720 to 3743]# ∈
                                {{ NULL + [--..--] ;
                                   (? *)&__malloc_w_spng__malloc_l220_0 }} or UNINITIALIZED or ESCAPINGADDR%64, bits 8 to 31 
                                [bits 3744 to 4487]# ∈
                                {{ NULL + [--..--] ;
                                   (? *)&__malloc_w_spng__malloc_l220_0 }} or UNINITIALIZED or ESCAPINGADDR repeated %64, bits 32 to 775 
                                [bits 4488 to 4511]# ∈
                                {{ NULL + [--..--] ;
                                   (? *)&__malloc_w_spng__malloc_l220_0 }} or UNINITIALIZED or ESCAPINGADDR%64, bits 8 to 31 
                                [bits 4512 to 1649267441543]# ∈
                                {{ NULL + [--..--] ;
                                   (? *)&__malloc_w_spng__malloc_l220_0 }} or UNINITIALIZED or ESCAPINGADDR repeated %64, bits 32 to 1649267437063 
                                [bits 1649267441544 to 1649267442311]# ∈
                                {{ NULL + [--..--] ;
                                   (? *)&__malloc_w_spng__malloc_l220_0 }} or UNINITIALIZED or ESCAPINGADDR repeated %64, bits 8 to 775 
                                [bits 1649267442312 to 3298534881799]# ∈
                                {{ NULL + [--..--] ;
                                   (? *)&__malloc_w_spng__malloc_l220_0 }} or UNINITIALIZED or ESCAPINGADDR repeated %64, bits 8 to 1649267439495 
                                [bits 3298534881800 to 3298534882439]# ∈
                                {{ NULL + [--..--] ;
                                   (? *)&__malloc_w_spng__malloc_l220_0 }} or UNINITIALIZED or ESCAPINGADDR repeated %64, bits 8 to 647 
                                [bits 3298534882440 to 3298534882495]# ∈
                                {{ NULL + [--..--] ;
                                   (? *)&__malloc_w_spng__malloc_l220_0 }} or UNINITIALIZED or ESCAPINGADDR%64, bits 8 to 63 
                                [bits 3298534882496 to 3298534882559] ∈
                                {{ NULL ;
                                   (? *)&__malloc_w_spng__malloc_l220_0 }} or UNINITIALIZED or ESCAPINGADDR
  __malloc_w_spng__malloc_l220_1[0..2147483646] ∈ [--..--] or UNINITIALIZED
  __calloc_w_spng__calloc_l225_0[0..87] ∈ [--..--] or UNINITIALIZED
                                [bits 704 to 767] ∈
                                {{ NULL + [--..--] ;
                                   (? *)&__malloc_w_spng__malloc_l220_2 }} or UNINITIALIZED or ESCAPINGADDR
  __realloc_w_spng__realloc_l230_0[0..87] ∈ [--..--] or UNINITIALIZED
                                  [bits 704 to 1407]# ∈
                                  {{ NULL + [--..--] ;
                                     (? *)&__malloc_w_spng__malloc_l220_0 ;
                                     (? *)&__malloc_w_spng__malloc_l220_2 }} or UNINITIALIZED or ESCAPINGADDR repeated %64 
                                  [176] ∈
                                  {{ garbled mix of &{__malloc_w_spng__malloc_l220_0;
                                                      __malloc_w_spng__malloc_l220_2}
                                   (origin: Merge {spng.c:1483}) }} or UNINITIALIZED or ESCAPINGADDR
                                  [bits 1416 to 1439]# ∈
                                  {{ NULL + [--..--] ;
                                     (? *)&__malloc_w_spng__malloc_l220_0 ;
                                     (? *)&__malloc_w_spng__malloc_l220_2 }} or UNINITIALIZED or ESCAPINGADDR%64, bits 8 to 31 
                                  [180..183] ∈
                                  {{ garbled mix of &{__malloc_w_spng__malloc_l220_0;
                                                      __malloc_w_spng__malloc_l220_2}
                                   (origin: Merge {spng.c:1483}) }} or UNINITIALIZED or ESCAPINGADDR
                                  [bits 1472 to 2183]# ∈
                                  {{ NULL + [--..--] ;
                                     (? *)&__malloc_w_spng__malloc_l220_0 ;
                                     (? *)&__malloc_w_spng__malloc_l220_2 }} or UNINITIALIZED or ESCAPINGADDR repeated %64, bits 0 to 711 
                                  [bits 2184 to 2207]# ∈
                                  {{ NULL + [--..--] ;
                                     (? *)&__malloc_w_spng__malloc_l220_0 ;
                                     (? *)&__malloc_w_spng__malloc_l220_2 }} or UNINITIALIZED or ESCAPINGADDR%64, bits 8 to 31 
                                  [bits 2208 to 2951]# ∈
                                  {{ NULL + [--..--] ;
                                     (? *)&__malloc_w_spng__malloc_l220_0 ;
                                     (? *)&__malloc_w_spng__malloc_l220_2 }} or UNINITIALIZED or ESCAPINGADDR repeated %64, bits 32 to 775 
                                  [bits 2952 to 2975]# ∈
                                  {{ NULL + [--..--] ;
                                     (? *)&__malloc_w_spng__malloc_l220_0 ;
                                     (? *)&__malloc_w_spng__malloc_l220_2 }} or UNINITIALIZED or ESCAPINGADDR%64, bits 8 to 31 
                                  [bits 2976 to 3719]# ∈
                                  {{ NULL + [--..--] ;
                                     (? *)&__malloc_w_spng__malloc_l220_0 ;
                                     (? *)&__malloc_w_spng__malloc_l220_2 }} or UNINITIALIZED or ESCAPINGADDR repeated %64, bits 32 to 775 
                                  [bits 3720 to 3743]# ∈
                                  {{ NULL + [--..--] ;
                                     (? *)&__malloc_w_spng__malloc_l220_0 ;
                                     (? *)&__malloc_w_spng__malloc_l220_2 }} or UNINITIALIZED or ESCAPINGADDR%64, bits 8 to 31 
                                  [bits 3744 to 4487]# ∈
                                  {{ NULL + [--..--] ;
                                     (? *)&__malloc_w_spng__malloc_l220_0 ;
                                     (? *)&__malloc_w_spng__malloc_l220_2 }} or UNINITIALIZED or ESCAPINGADDR repeated %64, bits 32 to 775 
                                  [bits 4488 to 4511]# ∈
                                  {{ NULL + [--..--] ;
                                     (? *)&__malloc_w_spng__malloc_l220_0 ;
                                     (? *)&__malloc_w_spng__malloc_l220_2 }} or UNINITIALIZED or ESCAPINGADDR%64, bits 8 to 31 
                                  [bits 4512 to 1649267441543]# ∈
                                  {{ NULL + [--..--] ;
                                     (? *)&__malloc_w_spng__malloc_l220_0 ;
                                     (? *)&__malloc_w_spng__malloc_l220_2 }} or UNINITIALIZED or ESCAPINGADDR repeated %64, bits 32 to 1649267437063 
                                  [bits 1649267441544 to 1649267442311]# ∈
                                  {{ NULL + [--..--] ;
                                     (? *)&__malloc_w_spng__malloc_l220_0 ;
                                     (? *)&__malloc_w_spng__malloc_l220_2 }} or UNINITIALIZED or ESCAPINGADDR repeated %64, bits 8 to 775 
                                  [bits 1649267442312 to 3298534881799]# ∈
                                  {{ NULL + [--..--] ;
                                     (? *)&__malloc_w_spng__malloc_l220_0 ;
                                     (? *)&__malloc_w_spng__malloc_l220_2 }} or UNINITIALIZED or ESCAPINGADDR repeated %64, bits 8 to 1649267439495 
                                  [bits 3298534881800 to 3298534882439]# ∈
                                  {{ NULL + [--..--] ;
                                     (? *)&__malloc_w_spng__malloc_l220_0 ;
                                     (? *)&__malloc_w_spng__malloc_l220_2 }} or UNINITIALIZED or ESCAPINGADDR repeated %64, bits 8 to 647 
                                  [bits 3298534882440 to 3298534882495]# ∈
                                  {{ NULL + [--..--] ;
                                     (? *)&__malloc_w_spng__malloc_l220_0 ;
                                     (? *)&__malloc_w_spng__malloc_l220_2 }} or UNINITIALIZED or ESCAPINGADDR%64, bits 8 to 63 
                                  [bits 3298534882496 to 3298534882559] ∈
                                  {{ NULL ;
                                     (? *)&__malloc_w_spng__malloc_l220_0 ;
                                     (? *)&__malloc_w_spng__malloc_l220_2 }} or UNINITIALIZED or ESCAPINGADDR
  __malloc_w_spng__malloc_l220_2[0..42949672949] ∈
                                [--..--] or UNINITIALIZED
  __malloc_w_spng__malloc_l220_3[0..2147483646] ∈ [--..--] or UNINITIALIZED
  __calloc_w_spng__calloc_l225_1[0..87] ∈ [--..--] or UNINITIALIZED
                                [bits 704 to 767] ∈
                                {{ NULL + [--..--] ;
                                   (? *)&__malloc_w_spng__malloc_l220_4 }} or UNINITIALIZED or ESCAPINGADDR
  __realloc_w_spng__realloc_l230_1[0..87] ∈ [--..--] or UNINITIALIZED
                                  [bits 704 to 1407]# ∈
                                  {{ NULL + [--..--] ;
                                     (? *)&__malloc_w_spng__malloc_l220_0 ;
                                     (? *)&__malloc_w_spng__malloc_l220_2 ;
                                     (? *)&__malloc_w_spng__malloc_l220_4 }} or UNINITIALIZED or ESCAPINGADDR repeated %64 
                                  [176] ∈
                                  {{ garbled mix of &{__malloc_w_spng__malloc_l220_0;
                                                      __malloc_w_spng__malloc_l220_2;
                                                      __malloc_w_spng__malloc_l220_4}
                                   (origin: Merge {spng.c:1483}) }} or UNINITIALIZED or ESCAPINGADDR
                                  [bits 1416 to 1439]# ∈
                                  {{ NULL + [--..--] ;
                                     (? *)&__malloc_w_spng__malloc_l220_0 ;
                                     (? *)&__malloc_w_spng__malloc_l220_2 ;
                                     (? *)&__malloc_w_spng__malloc_l220_4 }} or UNINITIALIZED or ESCAPINGADDR%64, bits 8 to 31 
                                  [180..183] ∈
                                  {{ garbled mix of &{__malloc_w_spng__malloc_l220_0;
                                                      __malloc_w_spng__malloc_l220_2;
                                                      __malloc_w_spng__malloc_l220_4}
                                   (origin: Merge {spng.c:1483}) }} or UNINITIALIZED or ESCAPINGADDR
                                  [bits 1472 to 2183]# ∈
                                  {{ NULL + [--..--] ;
                                     (? *)&__malloc_w_spng__malloc_l220_0 ;
                                     (? *)&__malloc_w_spng__malloc_l220_2 ;
                                     (? *)&__malloc_w_spng__malloc_l220_4 }} or UNINITIALIZED or ESCAPINGADDR repeated %64, bits 0 to 711 
                                  [bits 2184 to 2207]# ∈
                                  {{ NULL + [--..--] ;
                                     (? *)&__malloc_w_spng__malloc_l220_0 ;
                                     (? *)&__malloc_w_spng__malloc_l220_2 ;
                                     (? *)&__malloc_w_spng__malloc_l220_4 }} or UNINITIALIZED or ESCAPINGADDR%64, bits 8 to 31 
                                  [bits 2208 to 2951]# ∈
                                  {{ NULL + [--..--] ;
                                     (? *)&__malloc_w_spng__malloc_l220_0 ;
                                     (? *)&__malloc_w_spng__malloc_l220_2 ;
                                     (? *)&__malloc_w_spng__malloc_l220_4 }} or UNINITIALIZED or ESCAPINGADDR repeated %64, bits 32 to 775 
                                  [bits 2952 to 2975]# ∈
                                  {{ NULL + [--..--] ;
                                     (? *)&__malloc_w_spng__malloc_l220_0 ;
                                     (? *)&__malloc_w_spng__malloc_l220_2 ;
                                     (? *)&__malloc_w_spng__malloc_l220_4 }} or UNINITIALIZED or ESCAPINGADDR%64, bits 8 to 31 
                                  [bits 2976 to 3719]# ∈
                                  {{ NULL + [--..--] ;
                                     (? *)&__malloc_w_spng__malloc_l220_0 ;
                                     (? *)&__malloc_w_spng__malloc_l220_2 ;
                                     (? *)&__malloc_w_spng__malloc_l220_4 }} or UNINITIALIZED or ESCAPINGADDR repeated %64, bits 32 to 775 
                                  [bits 3720 to 3743]# ∈
                                  {{ NULL + [--..--] ;
                                     (? *)&__malloc_w_spng__malloc_l220_0 ;
                                     (? *)&__malloc_w_spng__malloc_l220_2 ;
                                     (? *)&__malloc_w_spng__malloc_l220_4 }} or UNINITIALIZED or ESCAPINGADDR%64, bits 8 to 31 
                                  [bits 3744 to 4487]# ∈
                                  {{ NULL + [--..--] ;
                                     (? *)&__malloc_w_spng__malloc_l220_0 ;
                                     (? *)&__malloc_w_spng__malloc_l220_2 ;
                                     (? *)&__malloc_w_spng__malloc_l220_4 }} or UNINITIALIZED or ESCAPINGADDR repeated %64, bits 32 to 775 
                                  [bits 4488 to 4511]# ∈
                                  {{ NULL + [--..--] ;
                                     (? *)&__malloc_w_spng__malloc_l220_0 ;
                                     (? *)&__malloc_w_spng__malloc_l220_2 ;
                                     (? *)&__malloc_w_spng__malloc_l220_4 }} or UNINITIALIZED or ESCAPINGADDR%64, bits 8 to 31 
                                  [bits 4512 to 1649267441543]# ∈
                                  {{ NULL + [--..--] ;
                                     (? *)&__malloc_w_spng__malloc_l220_0 ;
                                     (? *)&__malloc_w_spng__malloc_l220_2 ;
                                     (? *)&__malloc_w_spng__malloc_l220_4 }} or UNINITIALIZED or ESCAPINGADDR repeated %64, bits 32 to 1649267437063 
                                  [bits 1649267441544 to 1649267442311]# ∈
                                  {{ NULL + [--..--] ;
                                     (? *)&__malloc_w_spng__malloc_l220_0 ;
                                     (? *)&__malloc_w_spng__malloc_l220_2 ;
                                     (? *)&__malloc_w_spng__malloc_l220_4 }} or UNINITIALIZED or ESCAPINGADDR repeated %64, bits 8 to 775 
                                  [bits 1649267442312 to 3298534881799]# ∈
                                  {{ NULL + [--..--] ;
                                     (? *)&__malloc_w_spng__malloc_l220_0 ;
                                     (? *)&__malloc_w_spng__malloc_l220_2 ;
                                     (? *)&__malloc_w_spng__malloc_l220_4 }} or UNINITIALIZED or ESCAPINGADDR repeated %64, bits 8 to 1649267439495 
                                  [bits 3298534881800 to 3298534882439]# ∈
                                  {{ NULL + [--..--] ;
                                     (? *)&__malloc_w_spng__malloc_l220_0 ;
                                     (? *)&__malloc_w_spng__malloc_l220_2 ;
                                     (? *)&__malloc_w_spng__malloc_l220_4 }} or UNINITIALIZED or ESCAPINGADDR repeated %64, bits 8 to 647 
                                  [bits 3298534882440 to 3298534882495]# ∈
                                  {{ NULL + [--..--] ;
                                     (? *)&__malloc_w_spng__malloc_l220_0 ;
                                     (? *)&__malloc_w_spng__malloc_l220_2 ;
                                     (? *)&__malloc_w_spng__malloc_l220_4 }} or UNINITIALIZED or ESCAPINGADDR%64, bits 8 to 63 
                                  [bits 3298534882496 to 3298534882559] ∈
                                  {{ NULL ;
                                     (? *)&__malloc_w_spng__malloc_l220_0 ;
                                     (? *)&__malloc_w_spng__malloc_l220_2 ;
                                     (? *)&__malloc_w_spng__malloc_l220_4 }} or UNINITIALIZED or ESCAPINGADDR
  __malloc_w_spng__malloc_l220_4[0..42949672949] ∈
                                [--..--] or UNINITIALIZED
  __malloc_spng__malloc_l220_6[0..66571993073] ∈ {0} or UNINITIALIZED
  __malloc_w_spng__malloc_l220_8[0..2147483646] ∈ [--..--] or UNINITIALIZED
[eva:summary] ====== ANALYSIS SUMMARY ======
  ----------------------------------------------------------------------------
  45 functions analyzed (out of 94): 47% coverage.
  In these functions, 1934 statements reached (out of 2559): 75% coverage.
  ----------------------------------------------------------------------------
  Some errors and warnings have been raised during the analysis:
    by the Eva analyzer:      0 errors    0 warnings
    by the Frama-C kernel:    0 errors    3 warnings
  ----------------------------------------------------------------------------
  138 alarms generated by the analysis:
      68 accesses to uninitialized left-values
      49 invalid memory accesses
       4 invalid shifts
       3 divisions by zero
       3 escaping addresses
       2 integer overflows
       1 access out of bounds index
       8 others
  ----------------------------------------------------------------------------
  Evaluation of the logical properties reached by the analysis:
    Assertions        0 valid     0 unknown     0 invalid      0 total
    Preconditions   414 valid    81 unknown     0 invalid    495 total
  83% of the logical properties reached have been proven.
  ----------------------------------------------------------------------------
76.14user 1.12system 1:17.27elapsed 99%CPU (0avgtext+0avgdata 543680maxresident)k
0inputs+6280outputs (0major+229938minor)pagefaults 0swaps
