[kernel] Parsing stubs.c (with preprocessing)
[kernel] Parsing examples/example6.c (with preprocessing)
[kernel:parser:decimal-float] examples/example6.c:38: Warning: 
  Floating-point constant 1e-4 is not represented exactly. Will use 0x1.a36e2eb1c432dp-14.
  (warn-once: no further messages from category 'parser:decimal-float' will be emitted)
[kernel] Parsing miniz.c (with preprocessing)
[kernel] Parsing miniz_tdef.c (with preprocessing)
[kernel:linker:drop-conflicting-unused] Warning: 
  Incompatible declaration for mz_zip_get_cfile:
  different type constructors:
  void __attribute__((__visibility__("default"))) * and struct __fc_FILE
  First declaration was at miniz_zip.h:235
  Current declaration is at miniz_zip.h:235
  Current declaration is unused, silently removing it
[kernel:linker:drop-conflicting-unused] Warning: 
  Incompatible declaration for mz_zip_reader_file_stat:
  Definitions of type mz_zip_archive_file_stat are not isomorphic. Reason follows:
  different number of fields in struct __anonstruct_mz_zip_archive_file_stat_15 and struct __anonstruct_mz_zip_archive_file_stat_17: 18 != 19.
  First declaration was at miniz_zip.h:268
  Current declaration is at miniz_zip.h:268
  Current declaration is unused, silently removing it
[kernel:linker:drop-conflicting-unused] Warning: 
  Incompatible declaration for mz_zip_reader_extract_iter_new:
  Definitions of type mz_zip_reader_extract_iter_state are not isomorphic. Reason follows:
  struct __anonstruct_mz_zip_reader_extract_iter_state_21 and struct __anonstruct_mz_zip_reader_extract_iter_state_23 are not isomorphic. Reason follows:
  Definitions of type mz_zip_archive_file_stat are not isomorphic. Reason follows:
  different number of fields in struct __anonstruct_mz_zip_archive_file_stat_15 and struct __anonstruct_mz_zip_archive_file_stat_17: 18 != 19.
  struct __anonstruct_mz_zip_reader_extract_iter_state_21 {
     mz_zip_archive *pZip ;
     mz_uint flags ;
     int status ;
     mz_uint file_crc32 ;
     mz_uint64 read_buf_size ;
     mz_uint64 read_buf_ofs ;
     mz_uint64 read_buf_avail ;
     mz_uint64 comp_remaining ;
     mz_uint64 out_buf_ofs ;
     mz_uint64 cur_file_ofs ;
     mz_zip_archive_file_stat file_stat ;
     void *pRead_buf ;
     void *pWrite_buf ;
     size_t out_blk_remain ;
     tinfl_decompressor inflator ;
  };
  struct __anonstruct_mz_zip_reader_extract_iter_state_23 {
     mz_zip_archive *pZip ;
     mz_uint flags ;
     int status ;
     mz_uint file_crc32 ;
     mz_uint64 read_buf_size ;
     mz_uint64 read_buf_ofs ;
     mz_uint64 read_buf_avail ;
     mz_uint64 comp_remaining ;
     mz_uint64 out_buf_ofs ;
     mz_uint64 cur_file_ofs ;
     mz_zip_archive_file_stat file_stat ;
     void *pRead_buf ;
     void *pWrite_buf ;
     size_t out_blk_remain ;
     tinfl_decompressor inflator ;
  };
  
  First declaration was at miniz_zip.h:298
  Current declaration is at miniz_zip.h:298
  Current declaration is unused, silently removing it
[kernel:linker:drop-conflicting-unused] Warning: 
  Incompatible declaration for mz_zip_reader_extract_file_iter_new:
  Definitions of type mz_zip_reader_extract_iter_state are not isomorphic. Reason follows:
  struct __anonstruct_mz_zip_reader_extract_iter_state_21 and struct __anonstruct_mz_zip_reader_extract_iter_state_23 are not isomorphic. Reason follows:
  Definitions of type mz_zip_archive_file_stat are not isomorphic. Reason follows:
  different number of fields in struct __anonstruct_mz_zip_archive_file_stat_15 and struct __anonstruct_mz_zip_archive_file_stat_17: 18 != 19.
  struct __anonstruct_mz_zip_reader_extract_iter_state_21 {
     mz_zip_archive *pZip ;
     mz_uint flags ;
     int status ;
     mz_uint file_crc32 ;
     mz_uint64 read_buf_size ;
     mz_uint64 read_buf_ofs ;
     mz_uint64 read_buf_avail ;
     mz_uint64 comp_remaining ;
     mz_uint64 out_buf_ofs ;
     mz_uint64 cur_file_ofs ;
     mz_zip_archive_file_stat file_stat ;
     void *pRead_buf ;
     void *pWrite_buf ;
     size_t out_blk_remain ;
     tinfl_decompressor inflator ;
  };
  struct __anonstruct_mz_zip_reader_extract_iter_state_23 {
     mz_zip_archive *pZip ;
     mz_uint flags ;
     int status ;
     mz_uint file_crc32 ;
     mz_uint64 read_buf_size ;
     mz_uint64 read_buf_ofs ;
     mz_uint64 read_buf_avail ;
     mz_uint64 comp_remaining ;
     mz_uint64 out_buf_ofs ;
     mz_uint64 cur_file_ofs ;
     mz_zip_archive_file_stat file_stat ;
     void *pRead_buf ;
     void *pWrite_buf ;
     size_t out_blk_remain ;
     tinfl_decompressor inflator ;
  };
  
  First declaration was at miniz_zip.h:299
  Current declaration is at miniz_zip.h:299
  Current declaration is unused, silently removing it
[kernel:linker:drop-conflicting-unused] Warning: 
  Incompatible declaration for mz_zip_reader_extract_iter_read:
  Definitions of type mz_zip_reader_extract_iter_state are not isomorphic. Reason follows:
  struct __anonstruct_mz_zip_reader_extract_iter_state_21 and struct __anonstruct_mz_zip_reader_extract_iter_state_23 are not isomorphic. Reason follows:
  Definitions of type mz_zip_archive_file_stat are not isomorphic. Reason follows:
  different number of fields in struct __anonstruct_mz_zip_archive_file_stat_15 and struct __anonstruct_mz_zip_archive_file_stat_17: 18 != 19.
  struct __anonstruct_mz_zip_reader_extract_iter_state_21 {
     mz_zip_archive *pZip ;
     mz_uint flags ;
     int status ;
     mz_uint file_crc32 ;
     mz_uint64 read_buf_size ;
     mz_uint64 read_buf_ofs ;
     mz_uint64 read_buf_avail ;
     mz_uint64 comp_remaining ;
     mz_uint64 out_buf_ofs ;
     mz_uint64 cur_file_ofs ;
     mz_zip_archive_file_stat file_stat ;
     void *pRead_buf ;
     void *pWrite_buf ;
     size_t out_blk_remain ;
     tinfl_decompressor inflator ;
  };
  struct __anonstruct_mz_zip_reader_extract_iter_state_23 {
     mz_zip_archive *pZip ;
     mz_uint flags ;
     int status ;
     mz_uint file_crc32 ;
     mz_uint64 read_buf_size ;
     mz_uint64 read_buf_ofs ;
     mz_uint64 read_buf_avail ;
     mz_uint64 comp_remaining ;
     mz_uint64 out_buf_ofs ;
     mz_uint64 cur_file_ofs ;
     mz_zip_archive_file_stat file_stat ;
     void *pRead_buf ;
     void *pWrite_buf ;
     size_t out_blk_remain ;
     tinfl_decompressor inflator ;
  };
  
  First declaration was at miniz_zip.h:300
  Current declaration is at miniz_zip.h:300
  Current declaration is unused, silently removing it
[kernel:linker:drop-conflicting-unused] Warning: 
  Incompatible declaration for mz_zip_reader_extract_iter_free:
  Definitions of type mz_zip_reader_extract_iter_state are not isomorphic. Reason follows:
  struct __anonstruct_mz_zip_reader_extract_iter_state_21 and struct __anonstruct_mz_zip_reader_extract_iter_state_23 are not isomorphic. Reason follows:
  Definitions of type mz_zip_archive_file_stat are not isomorphic. Reason follows:
  different number of fields in struct __anonstruct_mz_zip_archive_file_stat_15 and struct __anonstruct_mz_zip_archive_file_stat_17: 18 != 19.
  struct __anonstruct_mz_zip_reader_extract_iter_state_21 {
     mz_zip_archive *pZip ;
     mz_uint flags ;
     int status ;
     mz_uint file_crc32 ;
     mz_uint64 read_buf_size ;
     mz_uint64 read_buf_ofs ;
     mz_uint64 read_buf_avail ;
     mz_uint64 comp_remaining ;
     mz_uint64 out_buf_ofs ;
     mz_uint64 cur_file_ofs ;
     mz_zip_archive_file_stat file_stat ;
     void *pRead_buf ;
     void *pWrite_buf ;
     size_t out_blk_remain ;
     tinfl_decompressor inflator ;
  };
  struct __anonstruct_mz_zip_reader_extract_iter_state_23 {
     mz_zip_archive *pZip ;
     mz_uint flags ;
     int status ;
     mz_uint file_crc32 ;
     mz_uint64 read_buf_size ;
     mz_uint64 read_buf_ofs ;
     mz_uint64 read_buf_avail ;
     mz_uint64 comp_remaining ;
     mz_uint64 out_buf_ofs ;
     mz_uint64 cur_file_ofs ;
     mz_zip_archive_file_stat file_stat ;
     void *pRead_buf ;
     void *pWrite_buf ;
     size_t out_blk_remain ;
     tinfl_decompressor inflator ;
  };
  
  First declaration was at miniz_zip.h:301
  Current declaration is at miniz_zip.h:301
  Current declaration is unused, silently removing it
[kernel:linker:drop-conflicting-unused] Warning: 
  Incompatible declaration for mz_zip_writer_add_mem_ex_v2:
  Types mz_dummy_time_t and time_t are not isomorphic. Reason follows:
  different type constructors:
  struct mz_dummy_time_t_tag and long
  First declaration was at miniz_zip.h:377
  Current declaration is at miniz_zip.h:377
  Current declaration is unused, silently removing it
[kernel:linker:drop-conflicting-unused] Warning: 
  Incompatible declaration for mz_zip_writer_add_read_buf_callback:
  Types mz_dummy_time_t and time_t are not isomorphic. Reason follows:
  different type constructors:
  struct mz_dummy_time_t_tag and long
  First declaration was at miniz_zip.h:383
  Current declaration is at miniz_zip.h:383
  Current declaration is unused, silently removing it
[kernel:linker:drop-conflicting-unused] Warning: 
  Incompatible declaration for mz_zip_get_cfile:
  different type constructors:
  void __attribute__((__visibility__("default"))) * and struct __fc_FILE
  First declaration was at miniz_zip.h:235
  Current declaration is at miniz_zip.h:235
  Current declaration is unused, silently removing it
[kernel:linker:drop-conflicting-unused] Warning: 
  Incompatible declaration for mz_zip_reader_file_stat:
  Definitions of type mz_zip_archive_file_stat are not isomorphic. Reason follows:
  different number of fields in struct __anonstruct_mz_zip_archive_file_stat_15 and struct __anonstruct_mz_zip_archive_file_stat_17: 18 != 19.
  First declaration was at miniz_zip.h:268
  Current declaration is at miniz_zip.h:268
  Current declaration is unused, silently removing it
[kernel:linker:drop-conflicting-unused] Warning: 
  Incompatible declaration for mz_zip_reader_extract_iter_new:
  Definitions of type mz_zip_reader_extract_iter_state are not isomorphic. Reason follows:
  struct __anonstruct_mz_zip_reader_extract_iter_state_21 and struct __anonstruct_mz_zip_reader_extract_iter_state_23 are not isomorphic. Reason follows:
  Definitions of type mz_zip_archive_file_stat are not isomorphic. Reason follows:
  different number of fields in struct __anonstruct_mz_zip_archive_file_stat_15 and struct __anonstruct_mz_zip_archive_file_stat_17: 18 != 19.
  struct __anonstruct_mz_zip_reader_extract_iter_state_21 {
     mz_zip_archive *pZip ;
     mz_uint flags ;
     int status ;
     mz_uint file_crc32 ;
     mz_uint64 read_buf_size ;
     mz_uint64 read_buf_ofs ;
     mz_uint64 read_buf_avail ;
     mz_uint64 comp_remaining ;
     mz_uint64 out_buf_ofs ;
     mz_uint64 cur_file_ofs ;
     mz_zip_archive_file_stat file_stat ;
     void *pRead_buf ;
     void *pWrite_buf ;
     size_t out_blk_remain ;
     tinfl_decompressor inflator ;
  };
  struct __anonstruct_mz_zip_reader_extract_iter_state_23 {
     mz_zip_archive *pZip ;
     mz_uint flags ;
     int status ;
     mz_uint file_crc32 ;
     mz_uint64 read_buf_size ;
     mz_uint64 read_buf_ofs ;
     mz_uint64 read_buf_avail ;
     mz_uint64 comp_remaining ;
     mz_uint64 out_buf_ofs ;
     mz_uint64 cur_file_ofs ;
     mz_zip_archive_file_stat file_stat ;
     void *pRead_buf ;
     void *pWrite_buf ;
     size_t out_blk_remain ;
     tinfl_decompressor inflator ;
  };
  
  First declaration was at miniz_zip.h:298
  Current declaration is at miniz_zip.h:298
  Current declaration is unused, silently removing it
[kernel:linker:drop-conflicting-unused] Warning: 
  Incompatible declaration for mz_zip_reader_extract_file_iter_new:
  Definitions of type mz_zip_reader_extract_iter_state are not isomorphic. Reason follows:
  struct __anonstruct_mz_zip_reader_extract_iter_state_21 and struct __anonstruct_mz_zip_reader_extract_iter_state_23 are not isomorphic. Reason follows:
  Definitions of type mz_zip_archive_file_stat are not isomorphic. Reason follows:
  different number of fields in struct __anonstruct_mz_zip_archive_file_stat_15 and struct __anonstruct_mz_zip_archive_file_stat_17: 18 != 19.
  struct __anonstruct_mz_zip_reader_extract_iter_state_21 {
     mz_zip_archive *pZip ;
     mz_uint flags ;
     int status ;
     mz_uint file_crc32 ;
     mz_uint64 read_buf_size ;
     mz_uint64 read_buf_ofs ;
     mz_uint64 read_buf_avail ;
     mz_uint64 comp_remaining ;
     mz_uint64 out_buf_ofs ;
     mz_uint64 cur_file_ofs ;
     mz_zip_archive_file_stat file_stat ;
     void *pRead_buf ;
     void *pWrite_buf ;
     size_t out_blk_remain ;
     tinfl_decompressor inflator ;
  };
  struct __anonstruct_mz_zip_reader_extract_iter_state_23 {
     mz_zip_archive *pZip ;
     mz_uint flags ;
     int status ;
     mz_uint file_crc32 ;
     mz_uint64 read_buf_size ;
     mz_uint64 read_buf_ofs ;
     mz_uint64 read_buf_avail ;
     mz_uint64 comp_remaining ;
     mz_uint64 out_buf_ofs ;
     mz_uint64 cur_file_ofs ;
     mz_zip_archive_file_stat file_stat ;
     void *pRead_buf ;
     void *pWrite_buf ;
     size_t out_blk_remain ;
     tinfl_decompressor inflator ;
  };
  
  First declaration was at miniz_zip.h:299
  Current declaration is at miniz_zip.h:299
  Current declaration is unused, silently removing it
[kernel:linker:drop-conflicting-unused] Warning: 
  Incompatible declaration for mz_zip_reader_extract_iter_read:
  Definitions of type mz_zip_reader_extract_iter_state are not isomorphic. Reason follows:
  struct __anonstruct_mz_zip_reader_extract_iter_state_21 and struct __anonstruct_mz_zip_reader_extract_iter_state_23 are not isomorphic. Reason follows:
  Definitions of type mz_zip_archive_file_stat are not isomorphic. Reason follows:
  different number of fields in struct __anonstruct_mz_zip_archive_file_stat_15 and struct __anonstruct_mz_zip_archive_file_stat_17: 18 != 19.
  struct __anonstruct_mz_zip_reader_extract_iter_state_21 {
     mz_zip_archive *pZip ;
     mz_uint flags ;
     int status ;
     mz_uint file_crc32 ;
     mz_uint64 read_buf_size ;
     mz_uint64 read_buf_ofs ;
     mz_uint64 read_buf_avail ;
     mz_uint64 comp_remaining ;
     mz_uint64 out_buf_ofs ;
     mz_uint64 cur_file_ofs ;
     mz_zip_archive_file_stat file_stat ;
     void *pRead_buf ;
     void *pWrite_buf ;
     size_t out_blk_remain ;
     tinfl_decompressor inflator ;
  };
  struct __anonstruct_mz_zip_reader_extract_iter_state_23 {
     mz_zip_archive *pZip ;
     mz_uint flags ;
     int status ;
     mz_uint file_crc32 ;
     mz_uint64 read_buf_size ;
     mz_uint64 read_buf_ofs ;
     mz_uint64 read_buf_avail ;
     mz_uint64 comp_remaining ;
     mz_uint64 out_buf_ofs ;
     mz_uint64 cur_file_ofs ;
     mz_zip_archive_file_stat file_stat ;
     void *pRead_buf ;
     void *pWrite_buf ;
     size_t out_blk_remain ;
     tinfl_decompressor inflator ;
  };
  
  First declaration was at miniz_zip.h:300
  Current declaration is at miniz_zip.h:300
  Current declaration is unused, silently removing it
[kernel:linker:drop-conflicting-unused] Warning: 
  Incompatible declaration for mz_zip_reader_extract_iter_free:
  Definitions of type mz_zip_reader_extract_iter_state are not isomorphic. Reason follows:
  struct __anonstruct_mz_zip_reader_extract_iter_state_21 and struct __anonstruct_mz_zip_reader_extract_iter_state_23 are not isomorphic. Reason follows:
  Definitions of type mz_zip_archive_file_stat are not isomorphic. Reason follows:
  different number of fields in struct __anonstruct_mz_zip_archive_file_stat_15 and struct __anonstruct_mz_zip_archive_file_stat_17: 18 != 19.
  struct __anonstruct_mz_zip_reader_extract_iter_state_21 {
     mz_zip_archive *pZip ;
     mz_uint flags ;
     int status ;
     mz_uint file_crc32 ;
     mz_uint64 read_buf_size ;
     mz_uint64 read_buf_ofs ;
     mz_uint64 read_buf_avail ;
     mz_uint64 comp_remaining ;
     mz_uint64 out_buf_ofs ;
     mz_uint64 cur_file_ofs ;
     mz_zip_archive_file_stat file_stat ;
     void *pRead_buf ;
     void *pWrite_buf ;
     size_t out_blk_remain ;
     tinfl_decompressor inflator ;
  };
  struct __anonstruct_mz_zip_reader_extract_iter_state_23 {
     mz_zip_archive *pZip ;
     mz_uint flags ;
     int status ;
     mz_uint file_crc32 ;
     mz_uint64 read_buf_size ;
     mz_uint64 read_buf_ofs ;
     mz_uint64 read_buf_avail ;
     mz_uint64 comp_remaining ;
     mz_uint64 out_buf_ofs ;
     mz_uint64 cur_file_ofs ;
     mz_zip_archive_file_stat file_stat ;
     void *pRead_buf ;
     void *pWrite_buf ;
     size_t out_blk_remain ;
     tinfl_decompressor inflator ;
  };
  
  First declaration was at miniz_zip.h:301
  Current declaration is at miniz_zip.h:301
  Current declaration is unused, silently removing it
[kernel:linker:drop-conflicting-unused] Warning: 
  Incompatible declaration for mz_zip_writer_add_mem_ex_v2:
  Types mz_dummy_time_t and time_t are not isomorphic. Reason follows:
  different type constructors:
  struct mz_dummy_time_t_tag and long
  First declaration was at miniz_zip.h:377
  Current declaration is at miniz_zip.h:377
  Current declaration is unused, silently removing it
[kernel:linker:drop-conflicting-unused] Warning: 
  Incompatible declaration for mz_zip_writer_add_read_buf_callback:
  Types mz_dummy_time_t and time_t are not isomorphic. Reason follows:
  different type constructors:
  struct mz_dummy_time_t_tag and long
  First declaration was at miniz_zip.h:383
  Current declaration is at miniz_zip.h:383
  Current declaration is unused, silently removing it
[eva] Option -eva-precision 0 detected, automatic configuration of the analysis:
  option -eva-min-loop-unroll already set to 4 (not modified).
  option -eva-auto-loop-unroll already set to 27 (not modified).
  option -eva-widening-delay already set to 5 (not modified).
  option -eva-partition-history set to 0 (default value).
  option -eva-slevel already set to 18 (not modified).
  option -eva-ilevel already set to 36 (not modified).
  option -eva-plevel already set to 71 (not modified).
  option -eva-subdivide-non-linear already set to 10 (not modified).
  option -eva-remove-redundant-alarms set to false.
  option -eva-domains already set to '@default,cvalue,equality,symbolic-locations' (not modified).
  option -eva-split-return set to '' (default value).
  option -eva-equality-through-calls set to 'none'.
  option -eva-octagon-through-calls set to false (default value).
[eva] Analyzing a complete application starting at eva_main
[eva:initial-state] Values of globals at initialization
  main_pFilename ∈ {{ "mandelbrot.png" }}
  mz_crc32_s_crc_table[0] ∈ {0}
                      [1] ∈ {1996959894}
                      [2] ∈ {3993919788}
                      [3] ∈ {2567524794}
                      [4] ∈ {124634137}
                      [5] ∈ {1886057615}
                      [6] ∈ {3915621685}
                      [7] ∈ {2657392035}
                      [8] ∈ {249268274}
                      [9] ∈ {2044508324}
                      [10] ∈ {3772115230}
                      [11] ∈ {2547177864}
                      [12] ∈ {162941995}
                      [13] ∈ {2125561021}
                      [14] ∈ {3887607047}
                      [15] ∈ {2428444049}
                      [16] ∈ {498536548}
                      [17] ∈ {1789927666}
                      [18] ∈ {4089016648}
                      [19] ∈ {2227061214}
                      [20] ∈ {450548861}
                      [21] ∈ {1843258603}
                      [22] ∈ {4107580753}
                      [23] ∈ {2211677639}
                      [24] ∈ {325883990}
                      [25] ∈ {1684777152}
                      [26] ∈ {4251122042}
                      [27] ∈ {2321926636}
                      [28] ∈ {335633487}
                      [29] ∈ {1661365465}
                      [30] ∈ {4195302755}
                      [31] ∈ {2366115317}
                      [32] ∈ {997073096}
                      [33] ∈ {1281953886}
                      [34] ∈ {3579855332}
                      [35] ∈ {2724688242}
                      [36] ∈ {1006888145}
                      [37] ∈ {1258607687}
                      [38] ∈ {3524101629}
                      [39] ∈ {2768942443}
                      [40] ∈ {901097722}
                      [41] ∈ {1119000684}
                      [42] ∈ {3686517206}
                      [43] ∈ {2898065728}
                      [44] ∈ {853044451}
                      [45] ∈ {1172266101}
                      [46] ∈ {3705015759}
                      [47] ∈ {2882616665}
                      [48] ∈ {651767980}
                      [49] ∈ {1373503546}
                      [50] ∈ {3369554304}
                      [51] ∈ {3218104598}
                      [52] ∈ {565507253}
                      [53] ∈ {1454621731}
                      [54] ∈ {3485111705}
                      [55] ∈ {3099436303}
                      [56] ∈ {671266974}
                      [57] ∈ {1594198024}
                      [58] ∈ {3322730930}
                      [59] ∈ {2970347812}
                      [60] ∈ {795835527}
                      [61] ∈ {1483230225}
                      [62] ∈ {3244367275}
                      [63] ∈ {3060149565}
                      [64] ∈ {1994146192}
                      [65] ∈ {31158534}
                      [66] ∈ {2563907772}
                      [67] ∈ {4023717930}
                      [68] ∈ {1907459465}
                      [69] ∈ {112637215}
                      [70] ∈ {2680153253}
                      [71] ∈ {3904427059}
                      [72] ∈ {2013776290}
                      [73] ∈ {251722036}
                      [74] ∈ {2517215374}
                      [75] ∈ {3775830040}
                      [76] ∈ {2137656763}
                      [77] ∈ {141376813}
                      [78] ∈ {2439277719}
                      [79] ∈ {3865271297}
                      [80] ∈ {1802195444}
                      [81] ∈ {476864866}
                      [82] ∈ {2238001368}
                      [83] ∈ {4066508878}
                      [84] ∈ {1812370925}
                      [85] ∈ {453092731}
                      [86] ∈ {2181625025}
                      [87] ∈ {4111451223}
                      [88] ∈ {1706088902}
                      [89] ∈ {314042704}
                      [90] ∈ {2344532202}
                      [91] ∈ {4240017532}
                      [92] ∈ {1658658271}
                      [93] ∈ {366619977}
                      [94] ∈ {2362670323}
                      [95] ∈ {4224994405}
                      [96] ∈ {1303535960}
                      [97] ∈ {984961486}
                      [98] ∈ {2747007092}
                      [99] ∈ {3569037538}
                      [100] ∈ {1256170817}
                      [101] ∈ {1037604311}
                      [102] ∈ {2765210733}
                      [103] ∈ {3554079995}
                      [104] ∈ {1131014506}
                      [105] ∈ {879679996}
                      [106] ∈ {2909243462}
                      [107] ∈ {3663771856}
                      [108] ∈ {1141124467}
                      [109] ∈ {855842277}
                      [110] ∈ {2852801631}
                      [111] ∈ {3708648649}
                      [112] ∈ {1342533948}
                      [113] ∈ {654459306}
                      [114] ∈ {3188396048}
                      [115] ∈ {3373015174}
                      [116] ∈ {1466479909}
                      [117] ∈ {544179635}
                      [118] ∈ {3110523913}
                      [119] ∈ {3462522015}
                      [120] ∈ {1591671054}
                      [121] ∈ {702138776}
                      [122] ∈ {2966460450}
                      [123] ∈ {3352799412}
                      [124] ∈ {1504918807}
                      [125] ∈ {783551873}
                      [126] ∈ {3082640443}
                      [127] ∈ {3233442989}
                      [128] ∈ {3988292384}
                      [129] ∈ {2596254646}
                      [130] ∈ {62317068}
                      [131] ∈ {1957810842}
                      [132] ∈ {3939845945}
                      [133] ∈ {2647816111}
                      [134] ∈ {81470997}
                      [135] ∈ {1943803523}
                      [136] ∈ {3814918930}
                      [137] ∈ {2489596804}
                      [138] ∈ {225274430}
                      [139] ∈ {2053790376}
                      [140] ∈ {3826175755}
                      [141] ∈ {2466906013}
                      [142] ∈ {167816743}
                      [143] ∈ {2097651377}
                      [144] ∈ {4027552580}
                      [145] ∈ {2265490386}
                      [146] ∈ {503444072}
                      [147] ∈ {1762050814}
                      [148] ∈ {4150417245}
                      [149] ∈ {2154129355}
                      [150] ∈ {426522225}
                      [151] ∈ {1852507879}
                      [152] ∈ {4275313526}
                      [153] ∈ {2312317920}
                      [154] ∈ {282753626}
                      [155] ∈ {1742555852}
                      [156] ∈ {4189708143}
                      [157] ∈ {2394877945}
                      [158] ∈ {397917763}
                      [159] ∈ {1622183637}
                      [160] ∈ {3604390888}
                      [161] ∈ {2714866558}
                      [162] ∈ {953729732}
                      [163] ∈ {1340076626}
                      [164] ∈ {3518719985}
                      [165] ∈ {2797360999}
                      [166] ∈ {1068828381}
                      [167] ∈ {1219638859}
                      [168] ∈ {3624741850}
                      [169] ∈ {2936675148}
                      [170] ∈ {906185462}
                      [171] ∈ {1090812512}
                      [172] ∈ {3747672003}
                      [173] ∈ {2825379669}
                      [174] ∈ {829329135}
                      [175] ∈ {1181335161}
                      [176] ∈ {3412177804}
                      [177] ∈ {3160834842}
                      [178] ∈ {628085408}
                      [179] ∈ {1382605366}
                      [180] ∈ {3423369109}
                      [181] ∈ {3138078467}
                      [182] ∈ {570562233}
                      [183] ∈ {1426400815}
                      [184] ∈ {3317316542}
                      [185] ∈ {2998733608}
                      [186] ∈ {733239954}
                      [187] ∈ {1555261956}
                      [188] ∈ {3268935591}
                      [189] ∈ {3050360625}
                      [190] ∈ {752459403}
                      [191] ∈ {1541320221}
                      [192] ∈ {2607071920}
                      [193] ∈ {3965973030}
                      [194] ∈ {1969922972}
                      [195] ∈ {40735498}
                      [196] ∈ {2617837225}
                      [197] ∈ {3943577151}
                      [198] ∈ {1913087877}
                      [199] ∈ {83908371}
                      [200] ∈ {2512341634}
                      [201] ∈ {3803740692}
                      [202] ∈ {2075208622}
                      [203] ∈ {213261112}
                      [204] ∈ {2463272603}
                      [205] ∈ {3855990285}
                      [206] ∈ {2094854071}
                      [207] ∈ {198958881}
                      [208] ∈ {2262029012}
                      [209] ∈ {4057260610}
                      [210] ∈ {1759359992}
                      [211] ∈ {534414190}
                      [212] ∈ {2176718541}
                      [213] ∈ {4139329115}
                      [214] ∈ {1873836001}
                      [215] ∈ {414664567}
                      [216] ∈ {2282248934}
                      [217] ∈ {4279200368}
                      [218] ∈ {1711684554}
                      [219] ∈ {285281116}
                      [220] ∈ {2405801727}
                      [221] ∈ {4167216745}
                      [222] ∈ {1634467795}
                      [223] ∈ {376229701}
                      [224] ∈ {2685067896}
                      [225] ∈ {3608007406}
                      [226] ∈ {1308918612}
                      [227] ∈ {956543938}
                      [228] ∈ {2808555105}
                      [229] ∈ {3495958263}
                      [230] ∈ {1231636301}
                      [231] ∈ {1047427035}
                      [232] ∈ {2932959818}
                      [233] ∈ {3654703836}
                      [234] ∈ {1088359270}
                      [235] ∈ {936918000}
                      [236] ∈ {2847714899}
                      [237] ∈ {3736837829}
                      [238] ∈ {1202900863}
                      [239] ∈ {817233897}
                      [240] ∈ {3183342108}
                      [241] ∈ {3401237130}
                      [242] ∈ {1404277552}
                      [243] ∈ {615818150}
                      [244] ∈ {3134207493}
                      [245] ∈ {3453421203}
                      [246] ∈ {1423857449}
                      [247] ∈ {601450431}
                      [248] ∈ {3009837614}
                      [249] ∈ {3294710456}
                      [250] ∈ {1567103746}
                      [251] ∈ {711928724}
                      [252] ∈ {3020668471}
                      [253] ∈ {3272380065}
                      [254] ∈ {1510334235}
                      [255] ∈ {755167117}
  mz_error_s_error_descs[0]{.m_err; .[bits 32 to 63]} ∈ {0}
                        [0].m_pDesc ∈ {{ "" }}
                        [1].m_err ∈ {1}
                        [1].[bits 32 to 63] ∈ {0}
                        [1].m_pDesc ∈ {{ "stream end" }}
                        [2].m_err ∈ {2}
                        [2].[bits 32 to 63] ∈ {0}
                        [2].m_pDesc ∈ {{ "need dictionary" }}
                        [3].m_err ∈ {-1}
                        [3].[bits 32 to 63] ∈ {0}
                        [3].m_pDesc ∈ {{ "file error" }}
                        [4].m_err ∈ {-2}
                        [4].[bits 32 to 63] ∈ {0}
                        [4].m_pDesc ∈ {{ "stream error" }}
                        [5].m_err ∈ {-3}
                        [5].[bits 32 to 63] ∈ {0}
                        [5].m_pDesc ∈ {{ "data error" }}
                        [6].m_err ∈ {-4}
                        [6].[bits 32 to 63] ∈ {0}
                        [6].m_pDesc ∈ {{ "out of memory" }}
                        [7].m_err ∈ {-5}
                        [7].[bits 32 to 63] ∈ {0}
                        [7].m_pDesc ∈ {{ "buf error" }}
                        [8].m_err ∈ {-6}
                        [8].[bits 32 to 63] ∈ {0}
                        [8].m_pDesc ∈ {{ "version error" }}
                        [9].m_err ∈ {-10000}
                        [9].[bits 32 to 63] ∈ {0}
                        [9].m_pDesc ∈ {{ "parameter error" }}
  s_tdefl_len_sym[0] ∈ {257}
                 [1] ∈ {258}
                 [2] ∈ {259}
                 [3] ∈ {260}
                 [4] ∈ {261}
                 [5] ∈ {262}
                 [6] ∈ {263}
                 [7] ∈ {264}
                 [8..9] ∈ {265}
                 [10..11] ∈ {266}
                 [12..13] ∈ {267}
                 [14..15] ∈ {268}
                 [16..19] ∈ {269}
                 [20..23] ∈ {270}
                 [24..27] ∈ {271}
                 [28..31] ∈ {272}
                 [32..39] ∈ {273}
                 [40..47] ∈ {274}
                 [48..55] ∈ {275}
                 [56..63] ∈ {276}
                 [64..79] ∈ {277}
                 [80..95] ∈ {278}
                 [96..111] ∈ {279}
                 [112..127] ∈ {280}
                 [128..159] ∈ {281}
                 [160..191] ∈ {282}
                 [192..223] ∈ {283}
                 [224..254] ∈ {284}
                 [255] ∈ {285}
  s_tdefl_len_extra[0..7] ∈ {0}
                   [8..15] ∈ {1}
                   [16..31] ∈ {2}
                   [32..63] ∈ {3}
                   [64..127] ∈ {4}
                   [128..254] ∈ {5}
                   [255] ∈ {0}
  s_tdefl_small_dist_sym[0] ∈ {0}
                        [1] ∈ {1}
                        [2] ∈ {2}
                        [3] ∈ {3}
                        [4..5] ∈ {4}
                        [6..7] ∈ {5}
                        [8..11] ∈ {6}
                        [12..15] ∈ {7}
                        [16..23] ∈ {8}
                        [24..31] ∈ {9}
                        [32..47] ∈ {10}
                        [48..63] ∈ {11}
                        [64..95] ∈ {12}
                        [96..127] ∈ {13}
                        [128..191] ∈ {14}
                        [192..255] ∈ {15}
                        [256..383] ∈ {16}
                        [384..511] ∈ {17}
  s_tdefl_small_dist_extra[0..3] ∈ {0}
                          [4..7] ∈ {1}
                          [8..15] ∈ {2}
                          [16..31] ∈ {3}
                          [32..63] ∈ {4}
                          [64..127] ∈ {5}
                          [128..255] ∈ {6}
                          [256..511] ∈ {7}
  s_tdefl_large_dist_sym[0..1] ∈ {0}
                        [2] ∈ {18}
                        [3] ∈ {19}
                        [4..5] ∈ {20}
                        [6..7] ∈ {21}
                        [8..11] ∈ {22}
                        [12..15] ∈ {23}
                        [16..23] ∈ {24}
                        [24..31] ∈ {25}
                        [32..47] ∈ {26}
                        [48..63] ∈ {27}
                        [64..95] ∈ {28}
                        [96..127] ∈ {29}
  s_tdefl_large_dist_extra[0..1] ∈ {0}
                          [2..3] ∈ {8}
                          [4..7] ∈ {9}
                          [8..15] ∈ {10}
                          [16..31] ∈ {11}
                          [32..63] ∈ {12}
                          [64..127] ∈ {13}
  s_tdefl_packed_code_size_syms_swizzle[0] ∈ {16}
                                       [1] ∈ {17}
                                       [2] ∈ {18}
                                       [3] ∈ {0}
                                       [4] ∈ {8}
                                       [5] ∈ {7}
                                       [6] ∈ {9}
                                       [7] ∈ {6}
                                       [8] ∈ {10}
                                       [9] ∈ {5}
                                       [10] ∈ {11}
                                       [11] ∈ {4}
                                       [12] ∈ {12}
                                       [13] ∈ {3}
                                       [14] ∈ {13}
                                       [15] ∈ {2}
                                       [16] ∈ {14}
                                       [17] ∈ {1}
                                       [18] ∈ {15}
  mz_bitmasks[0] ∈ {0}
             [1] ∈ {1}
             [2] ∈ {3}
             [3] ∈ {7}
             [4] ∈ {15}
             [5] ∈ {31}
             [6] ∈ {63}
             [7] ∈ {127}
             [8] ∈ {255}
             [9] ∈ {511}
             [10] ∈ {1023}
             [11] ∈ {2047}
             [12] ∈ {4095}
             [13] ∈ {8191}
             [14] ∈ {16383}
             [15] ∈ {32767}
             [16] ∈ {65535}
  s_tdefl_num_probes[0] ∈ {0}
                    [1] ∈ {1}
                    [2] ∈ {6}
                    [3] ∈ {32}
                    [4] ∈ {16}
                    [5] ∈ {32}
                    [6] ∈ {128}
                    [7] ∈ {256}
                    [8] ∈ {512}
                    [9] ∈ {768}
                    [10] ∈ {1500}
  tdefl_write_image_to_png_file_in_memory_ex_s_tdefl_png_num_probes[0] ∈
                                                                   {0}
                                                                   [1] ∈
                                                                   {1}
                                                                   [2] ∈
                                                                   {6}
                                                                   [3] ∈
                                                                   {32}
                                                                   [4] ∈
                                                                   {16}
                                                                   [5] ∈
                                                                   {32}
                                                                   [6] ∈
                                                                   {128}
                                                                   [7] ∈
                                                                   {256}
                                                                   [8] ∈
                                                                   {512}
                                                                   [9] ∈
                                                                   {768}
                                                                   [10] ∈
                                                                   {1500}
  tdefl_write_image_to_png_file_in_memory_ex_chans[0..1] ∈ {0}
                                                  [2] ∈ {4}
                                                  [3] ∈ {2}
                                                  [4] ∈ {6}
[eva] using specification for function Frama_C_interval
[eva] using specification for function Frama_C_make_unknown
[eva] examples/example6.c:85: allocating variable __malloc_main_l85
[eva] using specification for function fabs
[eva:alarm] examples/example6.c:118: Warning: 
  out of bounds write. assert \valid(color + 0);
[kernel] examples/example6.c:118: Warning: 
  all target addresses were invalid. This path is assumed to be dead.
[eva:loop-unroll:partial] examples/example6.c:98: loop not completely unrolled
[eva] examples/example6.c:110: starting to merge loop iterations
[eva] examples/example6.c:98: starting to merge loop iterations
[kernel] examples/example6.c:118: 
  more than 71(4088) locations to update in array. Approximating.
[kernel] examples/example6.c:118: 
  more than 71(4088) elements to enumerate. Approximating.
[kernel] examples/example6.c:119: 
  more than 71(4088) locations to update in array. Approximating.
[kernel] examples/example6.c:119: 
  more than 71(4088) elements to enumerate. Approximating.
[kernel] examples/example6.c:120: 
  more than 71(4088) locations to update in array. Approximating.
[kernel] examples/example6.c:120: 
  more than 71(4088) elements to enumerate. Approximating.
[kernel] examples/example6.c:118: 
  more than 71(4092) locations to update in array. Approximating.
[kernel] examples/example6.c:118: 
  more than 71(4092) elements to enumerate. Approximating.
[kernel] examples/example6.c:119: 
  more than 71(4092) locations to update in array. Approximating.
[kernel] examples/example6.c:119: 
  more than 71(4092) elements to enumerate. Approximating.
[kernel] examples/example6.c:120: 
  more than 71(4092) locations to update in array. Approximating.
[kernel] examples/example6.c:120: 
  more than 71(4092) elements to enumerate. Approximating.
[eva] examples/example6.c:110: Trace partitioning superposing up to 100 states
[eva:loop-unroll:partial] examples/example6.c:92: loop not completely unrolled
[kernel] examples/example6.c:118: 
  more than 71(8188) locations to update in array. Approximating.
[kernel] examples/example6.c:118: 
  more than 71(8188) elements to enumerate. Approximating.
[kernel] examples/example6.c:119: 
  more than 71(8188) locations to update in array. Approximating.
[kernel] examples/example6.c:119: 
  more than 71(8188) elements to enumerate. Approximating.
[kernel] examples/example6.c:120: 
  more than 71(8188) locations to update in array. Approximating.
[kernel] examples/example6.c:120: 
  more than 71(8188) elements to enumerate. Approximating.
[kernel] examples/example6.c:118: 
  more than 71(12284) locations to update in array. Approximating.
[kernel] examples/example6.c:118: 
  more than 71(12284) elements to enumerate. Approximating.
[kernel] examples/example6.c:119: 
  more than 71(12284) locations to update in array. Approximating.
[kernel] examples/example6.c:119: 
  more than 71(12284) elements to enumerate. Approximating.
[kernel] examples/example6.c:120: 
  more than 71(12284) locations to update in array. Approximating.
[kernel] examples/example6.c:120: 
  more than 71(12284) elements to enumerate. Approximating.
[kernel] examples/example6.c:118: 
  more than 71(16380) locations to update in array. Approximating.
[kernel] examples/example6.c:118: 
  more than 71(16380) elements to enumerate. Approximating.
[kernel] examples/example6.c:119: 
  more than 71(16380) locations to update in array. Approximating.
[kernel] examples/example6.c:119: 
  more than 71(16380) elements to enumerate. Approximating.
[kernel] examples/example6.c:120: 
  more than 71(16380) locations to update in array. Approximating.
[kernel] examples/example6.c:120: 
  more than 71(16380) elements to enumerate. Approximating.
[kernel] examples/example6.c:118: 
  more than 71(20476) locations to update in array. Approximating.
[kernel] examples/example6.c:118: 
  more than 71(20476) elements to enumerate. Approximating.
[kernel] examples/example6.c:119: 
  more than 71(20476) locations to update in array. Approximating.
[kernel] examples/example6.c:119: 
  more than 71(20476) elements to enumerate. Approximating.
[kernel] examples/example6.c:120: 
  more than 71(20476) locations to update in array. Approximating.
[kernel] examples/example6.c:120: 
  more than 71(20476) elements to enumerate. Approximating.
[eva] examples/example6.c:110: Trace partitioning superposing up to 200 states
[kernel] examples/example6.c:118: 
  more than 71(24572) locations to update in array. Approximating.
[kernel] examples/example6.c:118: 
  more than 71(24572) elements to enumerate. Approximating.
[kernel] examples/example6.c:119: 
  more than 71(24572) locations to update in array. Approximating.
[kernel] examples/example6.c:119: 
  more than 71(24572) elements to enumerate. Approximating.
[kernel] examples/example6.c:120: 
  more than 71(24572) locations to update in array. Approximating.
[kernel] examples/example6.c:120: 
  more than 71(24572) elements to enumerate. Approximating.
[kernel] examples/example6.c:118: 
  more than 71(28668) locations to update in array. Approximating.
[kernel] examples/example6.c:118: 
  more than 71(28668) elements to enumerate. Approximating.
[kernel] examples/example6.c:119: 
  more than 71(28668) locations to update in array. Approximating.
[kernel] examples/example6.c:119: 
  more than 71(28668) elements to enumerate. Approximating.
[kernel] examples/example6.c:120: 
  more than 71(28668) locations to update in array. Approximating.
[kernel] examples/example6.c:120: 
  more than 71(28668) elements to enumerate. Approximating.
[kernel] examples/example6.c:118: 
  more than 71(32764) locations to update in array. Approximating.
[kernel] examples/example6.c:118: 
  more than 71(32764) elements to enumerate. Approximating.
[kernel] examples/example6.c:119: 
  more than 71(32764) locations to update in array. Approximating.
[kernel] examples/example6.c:119: 
  more than 71(32764) elements to enumerate. Approximating.
[kernel] examples/example6.c:120: 
  more than 71(32764) locations to update in array. Approximating.
[kernel] examples/example6.c:120: 
  more than 71(32764) elements to enumerate. Approximating.
[kernel] examples/example6.c:118: 
  more than 71(36860) locations to update in array. Approximating.
[kernel] examples/example6.c:118: 
  more than 71(36860) elements to enumerate. Approximating.
[kernel] examples/example6.c:119: 
  more than 71(36860) locations to update in array. Approximating.
[kernel] examples/example6.c:119: 
  more than 71(36860) elements to enumerate. Approximating.
[kernel] examples/example6.c:120: 
  more than 71(36860) locations to update in array. Approximating.
[kernel] examples/example6.c:120: 
  more than 71(36860) elements to enumerate. Approximating.
[kernel] examples/example6.c:118: 
  more than 71(40956) locations to update in array. Approximating.
[kernel] examples/example6.c:118: 
  more than 71(40956) elements to enumerate. Approximating.
[kernel] examples/example6.c:119: 
  more than 71(40956) locations to update in array. Approximating.
[kernel] examples/example6.c:119: 
  more than 71(40956) elements to enumerate. Approximating.
[kernel] examples/example6.c:120: 
  more than 71(40956) locations to update in array. Approximating.
[kernel] examples/example6.c:120: 
  more than 71(40956) elements to enumerate. Approximating.
[kernel] examples/example6.c:118: 
  more than 71(45052) locations to update in array. Approximating.
[kernel] examples/example6.c:118: 
  more than 71(45052) elements to enumerate. Approximating.
[kernel] examples/example6.c:119: 
  more than 71(45052) locations to update in array. Approximating.
[kernel] examples/example6.c:119: 
  more than 71(45052) elements to enumerate. Approximating.
[kernel] examples/example6.c:120: 
  more than 71(45052) locations to update in array. Approximating.
[kernel] examples/example6.c:120: 
  more than 71(45052) elements to enumerate. Approximating.
[kernel] examples/example6.c:118: 
  more than 71(49148) locations to update in array. Approximating.
[kernel] examples/example6.c:118: 
  more than 71(49148) elements to enumerate. Approximating.
[kernel] examples/example6.c:119: 
  more than 71(49148) locations to update in array. Approximating.
[kernel] examples/example6.c:119: 
  more than 71(49148) elements to enumerate. Approximating.
[kernel] examples/example6.c:120: 
  more than 71(49148) locations to update in array. Approximating.
[kernel] examples/example6.c:120: 
  more than 71(49148) elements to enumerate. Approximating.
[eva] examples/example6.c:110: Trace partitioning superposing up to 300 states
[kernel] examples/example6.c:118: 
  more than 71(53244) locations to update in array. Approximating.
[kernel] examples/example6.c:118: 
  more than 71(53244) elements to enumerate. Approximating.
[kernel] examples/example6.c:119: 
  more than 71(53244) locations to update in array. Approximating.
[kernel] examples/example6.c:119: 
  more than 71(53244) elements to enumerate. Approximating.
[kernel] examples/example6.c:120: 
  more than 71(53244) locations to update in array. Approximating.
[kernel] examples/example6.c:120: 
  more than 71(53244) elements to enumerate. Approximating.
[kernel] examples/example6.c:118: 
  more than 71(57340) locations to update in array. Approximating.
[kernel] examples/example6.c:118: 
  more than 71(57340) elements to enumerate. Approximating.
[kernel] examples/example6.c:119: 
  more than 71(57340) locations to update in array. Approximating.
[kernel] examples/example6.c:119: 
  more than 71(57340) elements to enumerate. Approximating.
[kernel] examples/example6.c:120: 
  more than 71(57340) locations to update in array. Approximating.
[kernel] examples/example6.c:120: 
  more than 71(57340) elements to enumerate. Approximating.
[eva] examples/example6.c:92: starting to merge loop iterations
[kernel] examples/example6.c:118: 
  more than 71(61436) locations to update in array. Approximating.
[kernel] examples/example6.c:118: 
  more than 71(61436) elements to enumerate. Approximating.
[kernel] examples/example6.c:119: 
  more than 71(61436) locations to update in array. Approximating.
[kernel] examples/example6.c:119: 
  more than 71(61436) elements to enumerate. Approximating.
[kernel] examples/example6.c:120: 
  more than 71(61436) locations to update in array. Approximating.
[kernel] examples/example6.c:120: 
  more than 71(61436) elements to enumerate. Approximating.
[kernel] examples/example6.c:118: 
  more than 71(65532) locations to update in array. Approximating.
[kernel] examples/example6.c:118: 
  more than 71(65532) elements to enumerate. Approximating.
[kernel] examples/example6.c:119: 
  more than 71(65532) locations to update in array. Approximating.
[kernel] examples/example6.c:119: 
  more than 71(65532) elements to enumerate. Approximating.
[kernel] examples/example6.c:120: 
  more than 71(65532) locations to update in array. Approximating.
[kernel] examples/example6.c:120: 
  more than 71(65532) elements to enumerate. Approximating.
[kernel] examples/example6.c:118: 
  more than 71(69628) locations to update in array. Approximating.
[kernel] examples/example6.c:118: 
  more than 71(69628) elements to enumerate. Approximating.
[kernel] examples/example6.c:119: 
  more than 71(69628) locations to update in array. Approximating.
[kernel] examples/example6.c:119: 
  more than 71(69628) elements to enumerate. Approximating.
[kernel] examples/example6.c:120: 
  more than 71(69628) locations to update in array. Approximating.
[kernel] examples/example6.c:120: 
  more than 71(69628) elements to enumerate. Approximating.
[kernel] examples/example6.c:118: 
  more than 71(73724) locations to update in array. Approximating.
[kernel] examples/example6.c:118: 
  more than 71(73724) elements to enumerate. Approximating.
[kernel] examples/example6.c:119: 
  more than 71(73724) locations to update in array. Approximating.
[kernel] examples/example6.c:119: 
  more than 71(73724) elements to enumerate. Approximating.
[kernel] examples/example6.c:120: 
  more than 71(73724) locations to update in array. Approximating.
[kernel] examples/example6.c:120: 
  more than 71(73724) elements to enumerate. Approximating.
[eva:loop-unroll:partial] examples/example6.c:110: loop not completely unrolled
[eva] examples/example6.c:110: Trace partitioning superposing up to 400 states
[eva:alarm] examples/example6.c:112: Warning: 
  non-finite double value.
  assert \is_finite(\mul_double(\mul_double((double)2, Zx), Zy));
[eva:alarm] examples/example6.c:115: Warning: 
  non-finite double value. assert \is_finite(\mul_double(Zy, Zy));
[kernel] examples/example6.c:118: 
  more than 71(16760828) locations to update in array. Approximating.
[kernel] examples/example6.c:118: 
  more than 71(16760828) elements to enumerate. Approximating.
[kernel] examples/example6.c:119: 
  more than 71(16760828) locations to update in array. Approximating.
[kernel] examples/example6.c:119: 
  more than 71(16760828) elements to enumerate. Approximating.
[kernel] examples/example6.c:120: 
  more than 71(16760828) locations to update in array. Approximating.
[kernel] examples/example6.c:120: 
  more than 71(16760828) elements to enumerate. Approximating.
[eva:loop-unroll:partial] examples/example6.c:131: loop not completely unrolled
[eva:alarm] examples/example6.c:135: Warning: 
  accessing uninitialized left-value. assert \initialized(color_0 + 0);
[eva:alarm] examples/example6.c:135: Warning: 
  accessing uninitialized left-value. assert \initialized(color_0 + 1);
[eva:alarm] examples/example6.c:45: Warning: 
  overflow in conversion from floating-point to integer. assert -1 < X;
[eva:alarm] examples/example6.c:46: Warning: 
  overflow in conversion from floating-point to integer. assert -1 < X;
[eva:alarm] examples/example6.c:47: Warning: 
  overflow in conversion from floating-point to integer. assert -1 < X;
[eva:alarm] examples/example6.c:48: Warning: 
  overflow in conversion from floating-point to integer. assert -1 < X;
[eva:alarm] examples/example6.c:49: Warning: 
  overflow in conversion from floating-point to integer. assert -1 < X;
[eva:alarm] examples/example6.c:50: Warning: 
  overflow in conversion from floating-point to integer. assert -1 < X;
[eva] examples/example6.c:131: starting to merge loop iterations
[kernel] examples/example6.c:135: 
  more than 71(4078) elements to enumerate. Approximating.
[kernel] examples/example6.c:42: 
  more than 71(4078) locations to update in array. Approximating.
[kernel] examples/example6.c:42: 
  more than 71(4078) elements to enumerate. Approximating.
[kernel] examples/example6.c:42: 
  more than 71(4078) locations to update in array. Approximating.
[kernel] examples/example6.c:45: 
  more than 71(4078) locations to update in array. Approximating.
[kernel] examples/example6.c:45: 
  more than 71(4078) locations to update in array. Approximating.
[kernel] examples/example6.c:46: 
  more than 71(4078) locations to update in array. Approximating.
[kernel] examples/example6.c:46: 
  more than 71(4078) locations to update in array. Approximating.
[kernel] examples/example6.c:47: 
  more than 71(4078) locations to update in array. Approximating.
[kernel] examples/example6.c:47: 
  more than 71(4078) locations to update in array. Approximating.
[kernel] examples/example6.c:48: 
  more than 71(4078) locations to update in array. Approximating.
[kernel] examples/example6.c:48: 
  more than 71(4078) locations to update in array. Approximating.
[kernel] examples/example6.c:49: 
  more than 71(4078) locations to update in array. Approximating.
[kernel] examples/example6.c:49: 
  more than 71(4078) locations to update in array. Approximating.
[kernel] examples/example6.c:50: 
  more than 71(4078) locations to update in array. Approximating.
[kernel] examples/example6.c:50: 
  more than 71(4078) locations to update in array. Approximating.
[kernel] examples/example6.c:42: 
  more than 71(4092) locations to update in array. Approximating.
[kernel] examples/example6.c:42: 
  more than 71(4092) locations to update in array. Approximating.
[kernel] examples/example6.c:45: 
  more than 71(4092) locations to update in array. Approximating.
[kernel] examples/example6.c:45: 
  more than 71(4092) locations to update in array. Approximating.
[kernel] examples/example6.c:46: 
  more than 71(4092) locations to update in array. Approximating.
[kernel] examples/example6.c:46: 
  more than 71(4092) locations to update in array. Approximating.
[kernel] examples/example6.c:47: 
  more than 71(4092) locations to update in array. Approximating.
[kernel] examples/example6.c:47: 
  more than 71(4092) locations to update in array. Approximating.
[kernel] examples/example6.c:48: 
  more than 71(4092) locations to update in array. Approximating.
[kernel] examples/example6.c:48: 
  more than 71(4092) locations to update in array. Approximating.
[kernel] examples/example6.c:49: 
  more than 71(4092) locations to update in array. Approximating.
[kernel] examples/example6.c:49: 
  more than 71(4092) locations to update in array. Approximating.
[kernel] examples/example6.c:50: 
  more than 71(4092) locations to update in array. Approximating.
[kernel] examples/example6.c:50: 
  more than 71(4092) locations to update in array. Approximating.
[kernel] examples/example6.c:135: 
  more than 71(4092) elements to enumerate. Approximating.
[eva:loop-unroll:partial] examples/example6.c:129: loop not completely unrolled
[kernel] examples/example6.c:135: 
  more than 71(8188) elements to enumerate. Approximating.
[kernel] examples/example6.c:42: 
  more than 71(8188) locations to update in array. Approximating.
[kernel] examples/example6.c:42: 
  more than 71(8188) locations to update in array. Approximating.
[kernel] examples/example6.c:45: 
  more than 71(8188) locations to update in array. Approximating.
[kernel] examples/example6.c:45: 
  more than 71(8188) locations to update in array. Approximating.
[kernel] examples/example6.c:46: 
  more than 71(8188) locations to update in array. Approximating.
[kernel] examples/example6.c:46: 
  more than 71(8188) locations to update in array. Approximating.
[kernel] examples/example6.c:47: 
  more than 71(8188) locations to update in array. Approximating.
[kernel] examples/example6.c:47: 
  more than 71(8188) locations to update in array. Approximating.
[kernel] examples/example6.c:48: 
  more than 71(8188) locations to update in array. Approximating.
[kernel] examples/example6.c:48: 
  more than 71(8188) locations to update in array. Approximating.
[kernel] examples/example6.c:49: 
  more than 71(8188) locations to update in array. Approximating.
[kernel] examples/example6.c:49: 
  more than 71(8188) locations to update in array. Approximating.
[kernel] examples/example6.c:50: 
  more than 71(8188) locations to update in array. Approximating.
[kernel] examples/example6.c:50: 
  more than 71(8188) locations to update in array. Approximating.
[kernel] examples/example6.c:135: 
  more than 71(12284) elements to enumerate. Approximating.
[kernel] examples/example6.c:42: 
  more than 71(12284) locations to update in array. Approximating.
[kernel] examples/example6.c:42: 
  more than 71(12284) locations to update in array. Approximating.
[kernel] examples/example6.c:45: 
  more than 71(12284) locations to update in array. Approximating.
[kernel] examples/example6.c:45: 
  more than 71(12284) locations to update in array. Approximating.
[kernel] examples/example6.c:46: 
  more than 71(12284) locations to update in array. Approximating.
[kernel] examples/example6.c:46: 
  more than 71(12284) locations to update in array. Approximating.
[kernel] examples/example6.c:47: 
  more than 71(12284) locations to update in array. Approximating.
[kernel] examples/example6.c:47: 
  more than 71(12284) locations to update in array. Approximating.
[kernel] examples/example6.c:48: 
  more than 71(12284) locations to update in array. Approximating.
[kernel] examples/example6.c:48: 
  more than 71(12284) locations to update in array. Approximating.
[kernel] examples/example6.c:49: 
  more than 71(12284) locations to update in array. Approximating.
[kernel] examples/example6.c:49: 
  more than 71(12284) locations to update in array. Approximating.
[kernel] examples/example6.c:50: 
  more than 71(12284) locations to update in array. Approximating.
[kernel] examples/example6.c:50: 
  more than 71(12284) locations to update in array. Approximating.
[kernel] examples/example6.c:135: 
  more than 71(16380) elements to enumerate. Approximating.
[kernel] examples/example6.c:42: 
  more than 71(16380) locations to update in array. Approximating.
[kernel] examples/example6.c:42: 
  more than 71(16380) locations to update in array. Approximating.
[kernel] examples/example6.c:45: 
  more than 71(16380) locations to update in array. Approximating.
[kernel] examples/example6.c:45: 
  more than 71(16380) locations to update in array. Approximating.
[kernel] examples/example6.c:46: 
  more than 71(16380) locations to update in array. Approximating.
[kernel] examples/example6.c:46: 
  more than 71(16380) locations to update in array. Approximating.
[kernel] examples/example6.c:47: 
  more than 71(16380) locations to update in array. Approximating.
[kernel] examples/example6.c:47: 
  more than 71(16380) locations to update in array. Approximating.
[kernel] examples/example6.c:48: 
  more than 71(16380) locations to update in array. Approximating.
[kernel] examples/example6.c:48: 
  more than 71(16380) locations to update in array. Approximating.
[kernel] examples/example6.c:49: 
  more than 71(16380) locations to update in array. Approximating.
[kernel] examples/example6.c:49: 
  more than 71(16380) locations to update in array. Approximating.
[kernel] examples/example6.c:50: 
  more than 71(16380) locations to update in array. Approximating.
[kernel] examples/example6.c:50: 
  more than 71(16380) locations to update in array. Approximating.
[kernel] examples/example6.c:135: 
  more than 71(20476) elements to enumerate. Approximating.
[kernel] examples/example6.c:42: 
  more than 71(20476) locations to update in array. Approximating.
[kernel] examples/example6.c:42: 
  more than 71(20476) elements to enumerate. Approximating.
[kernel] examples/example6.c:42: 
  more than 71(20476) locations to update in array. Approximating.
[kernel] examples/example6.c:45: 
  more than 71(20476) locations to update in array. Approximating.
[kernel] examples/example6.c:45: 
  more than 71(20476) locations to update in array. Approximating.
[kernel] examples/example6.c:46: 
  more than 71(20476) locations to update in array. Approximating.
[kernel] examples/example6.c:46: 
  more than 71(20476) locations to update in array. Approximating.
[kernel] examples/example6.c:47: 
  more than 71(20476) locations to update in array. Approximating.
[kernel] examples/example6.c:47: 
  more than 71(20476) locations to update in array. Approximating.
[kernel] examples/example6.c:48: 
  more than 71(20476) locations to update in array. Approximating.
[kernel] examples/example6.c:48: 
  more than 71(20476) locations to update in array. Approximating.
[kernel] examples/example6.c:49: 
  more than 71(20476) locations to update in array. Approximating.
[kernel] examples/example6.c:49: 
  more than 71(20476) locations to update in array. Approximating.
[kernel] examples/example6.c:50: 
  more than 71(20476) locations to update in array. Approximating.
[kernel] examples/example6.c:50: 
  more than 71(20476) locations to update in array. Approximating.
[kernel] examples/example6.c:135: 
  more than 71(24572) elements to enumerate. Approximating.
[kernel] examples/example6.c:42: 
  more than 71(24572) locations to update in array. Approximating.
[kernel] examples/example6.c:42: 
  more than 71(24572) elements to enumerate. Approximating.
[kernel] examples/example6.c:42: 
  more than 71(24572) locations to update in array. Approximating.
[kernel] examples/example6.c:45: 
  more than 71(24572) locations to update in array. Approximating.
[kernel] examples/example6.c:45: 
  more than 71(24572) locations to update in array. Approximating.
[kernel] examples/example6.c:46: 
  more than 71(24572) locations to update in array. Approximating.
[kernel] examples/example6.c:46: 
  more than 71(24572) locations to update in array. Approximating.
[kernel] examples/example6.c:47: 
  more than 71(24572) locations to update in array. Approximating.
[kernel] examples/example6.c:47: 
  more than 71(24572) locations to update in array. Approximating.
[kernel] examples/example6.c:48: 
  more than 71(24572) locations to update in array. Approximating.
[kernel] examples/example6.c:48: 
  more than 71(24572) locations to update in array. Approximating.
[kernel] examples/example6.c:49: 
  more than 71(24572) locations to update in array. Approximating.
[kernel] examples/example6.c:49: 
  more than 71(24572) locations to update in array. Approximating.
[kernel] examples/example6.c:50: 
  more than 71(24572) locations to update in array. Approximating.
[kernel] examples/example6.c:50: 
  more than 71(24572) locations to update in array. Approximating.
[kernel] examples/example6.c:42: 
  more than 71(28668) locations to update in array. Approximating.
[kernel] examples/example6.c:42: 
  more than 71(28668) elements to enumerate. Approximating.
[kernel] examples/example6.c:42: 
  more than 71(28668) locations to update in array. Approximating.
[kernel] examples/example6.c:45: 
  more than 71(28668) locations to update in array. Approximating.
[kernel] examples/example6.c:45: 
  more than 71(28668) locations to update in array. Approximating.
[kernel] examples/example6.c:46: 
  more than 71(28668) locations to update in array. Approximating.
[kernel] examples/example6.c:46: 
  more than 71(28668) locations to update in array. Approximating.
[kernel] examples/example6.c:47: 
  more than 71(28668) locations to update in array. Approximating.
[kernel] examples/example6.c:47: 
  more than 71(28668) locations to update in array. Approximating.
[kernel] examples/example6.c:48: 
  more than 71(28668) locations to update in array. Approximating.
[kernel] examples/example6.c:48: 
  more than 71(28668) locations to update in array. Approximating.
[kernel] examples/example6.c:49: 
  more than 71(28668) locations to update in array. Approximating.
[kernel] examples/example6.c:49: 
  more than 71(28668) locations to update in array. Approximating.
[kernel] examples/example6.c:50: 
  more than 71(28668) locations to update in array. Approximating.
[kernel] examples/example6.c:50: 
  more than 71(28668) locations to update in array. Approximating.
[kernel] examples/example6.c:42: 
  more than 71(32764) locations to update in array. Approximating.
[kernel] examples/example6.c:42: 
  more than 71(32764) locations to update in array. Approximating.
[kernel] examples/example6.c:45: 
  more than 71(32764) locations to update in array. Approximating.
[kernel] examples/example6.c:45: 
  more than 71(32764) locations to update in array. Approximating.
[kernel] examples/example6.c:46: 
  more than 71(32764) locations to update in array. Approximating.
[kernel] examples/example6.c:46: 
  more than 71(32764) locations to update in array. Approximating.
[kernel] examples/example6.c:47: 
  more than 71(32764) locations to update in array. Approximating.
[kernel] examples/example6.c:47: 
  more than 71(32764) locations to update in array. Approximating.
[kernel] examples/example6.c:48: 
  more than 71(32764) locations to update in array. Approximating.
[kernel] examples/example6.c:48: 
  more than 71(32764) locations to update in array. Approximating.
[kernel] examples/example6.c:49: 
  more than 71(32764) locations to update in array. Approximating.
[kernel] examples/example6.c:49: 
  more than 71(32764) locations to update in array. Approximating.
[kernel] examples/example6.c:50: 
  more than 71(32764) locations to update in array. Approximating.
[kernel] examples/example6.c:50: 
  more than 71(32764) locations to update in array. Approximating.
[kernel] examples/example6.c:135: 
  more than 71(36860) elements to enumerate. Approximating.
[kernel] examples/example6.c:42: 
  more than 71(36860) locations to update in array. Approximating.
[kernel] examples/example6.c:42: 
  more than 71(36860) locations to update in array. Approximating.
[kernel] examples/example6.c:45: 
  more than 71(36860) locations to update in array. Approximating.
[kernel] examples/example6.c:45: 
  more than 71(36860) locations to update in array. Approximating.
[kernel] examples/example6.c:46: 
  more than 71(36860) locations to update in array. Approximating.
[kernel] examples/example6.c:46: 
  more than 71(36860) locations to update in array. Approximating.
[kernel] examples/example6.c:47: 
  more than 71(36860) locations to update in array. Approximating.
[kernel] examples/example6.c:47: 
  more than 71(36860) locations to update in array. Approximating.
[kernel] examples/example6.c:48: 
  more than 71(36860) locations to update in array. Approximating.
[kernel] examples/example6.c:48: 
  more than 71(36860) locations to update in array. Approximating.
[kernel] examples/example6.c:49: 
  more than 71(36860) locations to update in array. Approximating.
[kernel] examples/example6.c:49: 
  more than 71(36860) locations to update in array. Approximating.
[kernel] examples/example6.c:50: 
  more than 71(36860) locations to update in array. Approximating.
[kernel] examples/example6.c:50: 
  more than 71(36860) locations to update in array. Approximating.
[kernel] examples/example6.c:42: 
  more than 71(40956) locations to update in array. Approximating.
[kernel] examples/example6.c:42: 
  more than 71(40956) locations to update in array. Approximating.
[kernel] examples/example6.c:45: 
  more than 71(40956) locations to update in array. Approximating.
[kernel] examples/example6.c:45: 
  more than 71(40956) locations to update in array. Approximating.
[kernel] examples/example6.c:46: 
  more than 71(40956) locations to update in array. Approximating.
[kernel] examples/example6.c:46: 
  more than 71(40956) locations to update in array. Approximating.
[kernel] examples/example6.c:47: 
  more than 71(40956) locations to update in array. Approximating.
[kernel] examples/example6.c:47: 
  more than 71(40956) locations to update in array. Approximating.
[kernel] examples/example6.c:48: 
  more than 71(40956) locations to update in array. Approximating.
[kernel] examples/example6.c:48: 
  more than 71(40956) locations to update in array. Approximating.
[kernel] examples/example6.c:49: 
  more than 71(40956) locations to update in array. Approximating.
[kernel] examples/example6.c:49: 
  more than 71(40956) locations to update in array. Approximating.
[kernel] examples/example6.c:50: 
  more than 71(40956) locations to update in array. Approximating.
[kernel] examples/example6.c:50: 
  more than 71(40956) locations to update in array. Approximating.
[kernel] examples/example6.c:42: 
  more than 71(45052) locations to update in array. Approximating.
[kernel] examples/example6.c:42: 
  more than 71(45052) locations to update in array. Approximating.
[kernel] examples/example6.c:45: 
  more than 71(45052) locations to update in array. Approximating.
[kernel] examples/example6.c:45: 
  more than 71(45052) locations to update in array. Approximating.
[kernel] examples/example6.c:46: 
  more than 71(45052) locations to update in array. Approximating.
[kernel] examples/example6.c:46: 
  more than 71(45052) locations to update in array. Approximating.
[kernel] examples/example6.c:47: 
  more than 71(45052) locations to update in array. Approximating.
[kernel] examples/example6.c:47: 
  more than 71(45052) locations to update in array. Approximating.
[kernel] examples/example6.c:48: 
  more than 71(45052) locations to update in array. Approximating.
[kernel] examples/example6.c:48: 
  more than 71(45052) locations to update in array. Approximating.
[kernel] examples/example6.c:49: 
  more than 71(45052) locations to update in array. Approximating.
[kernel] examples/example6.c:49: 
  more than 71(45052) locations to update in array. Approximating.
[kernel] examples/example6.c:50: 
  more than 71(45052) locations to update in array. Approximating.
[kernel] examples/example6.c:50: 
  more than 71(45052) locations to update in array. Approximating.
[kernel] examples/example6.c:135: 
  more than 71(49148) elements to enumerate. Approximating.
[kernel] examples/example6.c:42: 
  more than 71(49148) locations to update in array. Approximating.
[kernel] examples/example6.c:42: 
  more than 71(49148) elements to enumerate. Approximating.
[kernel] examples/example6.c:42: 
  more than 71(49148) locations to update in array. Approximating.
[kernel] examples/example6.c:45: 
  more than 71(49148) locations to update in array. Approximating.
[kernel] examples/example6.c:45: 
  more than 71(49148) locations to update in array. Approximating.
[kernel] examples/example6.c:46: 
  more than 71(49148) locations to update in array. Approximating.
[kernel] examples/example6.c:46: 
  more than 71(49148) locations to update in array. Approximating.
[kernel] examples/example6.c:47: 
  more than 71(49148) locations to update in array. Approximating.
[kernel] examples/example6.c:47: 
  more than 71(49148) locations to update in array. Approximating.
[kernel] examples/example6.c:48: 
  more than 71(49148) locations to update in array. Approximating.
[kernel] examples/example6.c:48: 
  more than 71(49148) locations to update in array. Approximating.
[kernel] examples/example6.c:49: 
  more than 71(49148) locations to update in array. Approximating.
[kernel] examples/example6.c:49: 
  more than 71(49148) locations to update in array. Approximating.
[kernel] examples/example6.c:50: 
  more than 71(49148) locations to update in array. Approximating.
[kernel] examples/example6.c:50: 
  more than 71(49148) locations to update in array. Approximating.
[kernel] examples/example6.c:42: 
  more than 71(53244) locations to update in array. Approximating.
[kernel] examples/example6.c:42: 
  more than 71(53244) locations to update in array. Approximating.
[kernel] examples/example6.c:45: 
  more than 71(53244) locations to update in array. Approximating.
[kernel] examples/example6.c:45: 
  more than 71(53244) locations to update in array. Approximating.
[kernel] examples/example6.c:46: 
  more than 71(53244) locations to update in array. Approximating.
[kernel] examples/example6.c:46: 
  more than 71(53244) locations to update in array. Approximating.
[kernel] examples/example6.c:47: 
  more than 71(53244) locations to update in array. Approximating.
[kernel] examples/example6.c:47: 
  more than 71(53244) locations to update in array. Approximating.
[kernel] examples/example6.c:48: 
  more than 71(53244) locations to update in array. Approximating.
[kernel] examples/example6.c:48: 
  more than 71(53244) locations to update in array. Approximating.
[kernel] examples/example6.c:49: 
  more than 71(53244) locations to update in array. Approximating.
[kernel] examples/example6.c:49: 
  more than 71(53244) locations to update in array. Approximating.
[kernel] examples/example6.c:50: 
  more than 71(53244) locations to update in array. Approximating.
[kernel] examples/example6.c:50: 
  more than 71(53244) locations to update in array. Approximating.
[kernel] examples/example6.c:42: 
  more than 71(57340) locations to update in array. Approximating.
[kernel] examples/example6.c:42: 
  more than 71(57340) elements to enumerate. Approximating.
[kernel] examples/example6.c:42: 
  more than 71(57340) locations to update in array. Approximating.
[kernel] examples/example6.c:45: 
  more than 71(57340) locations to update in array. Approximating.
[kernel] examples/example6.c:45: 
  more than 71(57340) locations to update in array. Approximating.
[kernel] examples/example6.c:46: 
  more than 71(57340) locations to update in array. Approximating.
[kernel] examples/example6.c:46: 
  more than 71(57340) locations to update in array. Approximating.
[kernel] examples/example6.c:47: 
  more than 71(57340) locations to update in array. Approximating.
[kernel] examples/example6.c:47: 
  more than 71(57340) locations to update in array. Approximating.
[kernel] examples/example6.c:48: 
  more than 71(57340) locations to update in array. Approximating.
[kernel] examples/example6.c:48: 
  more than 71(57340) locations to update in array. Approximating.
[kernel] examples/example6.c:49: 
  more than 71(57340) locations to update in array. Approximating.
[kernel] examples/example6.c:49: 
  more than 71(57340) locations to update in array. Approximating.
[kernel] examples/example6.c:50: 
  more than 71(57340) locations to update in array. Approximating.
[kernel] examples/example6.c:50: 
  more than 71(57340) locations to update in array. Approximating.
[kernel] examples/example6.c:135: 
  more than 71(61436) elements to enumerate. Approximating.
[kernel] examples/example6.c:42: 
  more than 71(61436) locations to update in array. Approximating.
[kernel] examples/example6.c:42: 
  more than 71(61436) locations to update in array. Approximating.
[kernel] examples/example6.c:45: 
  more than 71(61436) locations to update in array. Approximating.
[kernel] examples/example6.c:45: 
  more than 71(61436) locations to update in array. Approximating.
[kernel] examples/example6.c:46: 
  more than 71(61436) locations to update in array. Approximating.
[kernel] examples/example6.c:46: 
  more than 71(61436) locations to update in array. Approximating.
[kernel] examples/example6.c:47: 
  more than 71(61436) locations to update in array. Approximating.
[kernel] examples/example6.c:47: 
  more than 71(61436) locations to update in array. Approximating.
[kernel] examples/example6.c:48: 
  more than 71(61436) locations to update in array. Approximating.
[kernel] examples/example6.c:48: 
  more than 71(61436) locations to update in array. Approximating.
[kernel] examples/example6.c:49: 
  more than 71(61436) locations to update in array. Approximating.
[kernel] examples/example6.c:49: 
  more than 71(61436) locations to update in array. Approximating.
[kernel] examples/example6.c:50: 
  more than 71(61436) locations to update in array. Approximating.
[kernel] examples/example6.c:50: 
  more than 71(61436) locations to update in array. Approximating.
[eva] examples/example6.c:129: starting to merge loop iterations
[kernel] examples/example6.c:135: 
  more than 71(65532) elements to enumerate. Approximating.
[kernel] examples/example6.c:42: 
  more than 71(65532) locations to update in array. Approximating.
[kernel] examples/example6.c:42: 
  more than 71(65532) locations to update in array. Approximating.
[kernel] examples/example6.c:45: 
  more than 71(65532) locations to update in array. Approximating.
[kernel] examples/example6.c:45: 
  more than 71(65532) locations to update in array. Approximating.
[kernel] examples/example6.c:46: 
  more than 71(65532) locations to update in array. Approximating.
[kernel] examples/example6.c:46: 
  more than 71(65532) locations to update in array. Approximating.
[kernel] examples/example6.c:47: 
  more than 71(65532) locations to update in array. Approximating.
[kernel] examples/example6.c:47: 
  more than 71(65532) locations to update in array. Approximating.
[kernel] examples/example6.c:48: 
  more than 71(65532) locations to update in array. Approximating.
[kernel] examples/example6.c:48: 
  more than 71(65532) locations to update in array. Approximating.
[kernel] examples/example6.c:49: 
  more than 71(65532) locations to update in array. Approximating.
[kernel] examples/example6.c:49: 
  more than 71(65532) locations to update in array. Approximating.
[kernel] examples/example6.c:50: 
  more than 71(65532) locations to update in array. Approximating.
[kernel] examples/example6.c:50: 
  more than 71(65532) locations to update in array. Approximating.
[kernel] examples/example6.c:42: 
  more than 71(69628) locations to update in array. Approximating.
[kernel] examples/example6.c:42: 
  more than 71(69628) elements to enumerate. Approximating.
[kernel] examples/example6.c:42: 
  more than 71(69628) locations to update in array. Approximating.
[kernel] examples/example6.c:45: 
  more than 71(69628) locations to update in array. Approximating.
[kernel] examples/example6.c:45: 
  more than 71(69628) locations to update in array. Approximating.
[kernel] examples/example6.c:46: 
  more than 71(69628) locations to update in array. Approximating.
[kernel] examples/example6.c:46: 
  more than 71(69628) locations to update in array. Approximating.
[kernel] examples/example6.c:47: 
  more than 71(69628) locations to update in array. Approximating.
[kernel] examples/example6.c:47: 
  more than 71(69628) locations to update in array. Approximating.
[kernel] examples/example6.c:48: 
  more than 71(69628) locations to update in array. Approximating.
[kernel] examples/example6.c:48: 
  more than 71(69628) locations to update in array. Approximating.
[kernel] examples/example6.c:49: 
  more than 71(69628) locations to update in array. Approximating.
[kernel] examples/example6.c:49: 
  more than 71(69628) locations to update in array. Approximating.
[kernel] examples/example6.c:50: 
  more than 71(69628) locations to update in array. Approximating.
[kernel] examples/example6.c:50: 
  more than 71(69628) locations to update in array. Approximating.
[kernel] examples/example6.c:42: 
  more than 71(73724) locations to update in array. Approximating.
[kernel] examples/example6.c:42: 
  more than 71(73724) locations to update in array. Approximating.
[kernel] examples/example6.c:45: 
  more than 71(73724) locations to update in array. Approximating.
[kernel] examples/example6.c:45: 
  more than 71(73724) locations to update in array. Approximating.
[kernel] examples/example6.c:46: 
  more than 71(73724) locations to update in array. Approximating.
[kernel] examples/example6.c:46: 
  more than 71(73724) locations to update in array. Approximating.
[kernel] examples/example6.c:47: 
  more than 71(73724) locations to update in array. Approximating.
[kernel] examples/example6.c:47: 
  more than 71(73724) locations to update in array. Approximating.
[kernel] examples/example6.c:48: 
  more than 71(73724) locations to update in array. Approximating.
[kernel] examples/example6.c:48: 
  more than 71(73724) locations to update in array. Approximating.
[kernel] examples/example6.c:49: 
  more than 71(73724) locations to update in array. Approximating.
[kernel] examples/example6.c:49: 
  more than 71(73724) locations to update in array. Approximating.
[kernel] examples/example6.c:50: 
  more than 71(73724) locations to update in array. Approximating.
[kernel] examples/example6.c:50: 
  more than 71(73724) locations to update in array. Approximating.
[kernel] examples/example6.c:135: 
  more than 71(77820) elements to enumerate. Approximating.
[kernel] examples/example6.c:42: 
  more than 71(77820) locations to update in array. Approximating.
[kernel] examples/example6.c:42: 
  more than 71(77820) elements to enumerate. Approximating.
[kernel] examples/example6.c:42: 
  more than 71(77820) locations to update in array. Approximating.
[kernel] examples/example6.c:45: 
  more than 71(77820) locations to update in array. Approximating.
[kernel] examples/example6.c:45: 
  more than 71(77820) locations to update in array. Approximating.
[kernel] examples/example6.c:46: 
  more than 71(77820) locations to update in array. Approximating.
[kernel] examples/example6.c:46: 
  more than 71(77820) locations to update in array. Approximating.
[kernel] examples/example6.c:47: 
  more than 71(77820) locations to update in array. Approximating.
[kernel] examples/example6.c:47: 
  more than 71(77820) locations to update in array. Approximating.
[kernel] examples/example6.c:48: 
  more than 71(77820) locations to update in array. Approximating.
[kernel] examples/example6.c:48: 
  more than 71(77820) locations to update in array. Approximating.
[kernel] examples/example6.c:49: 
  more than 71(77820) locations to update in array. Approximating.
[kernel] examples/example6.c:49: 
  more than 71(77820) locations to update in array. Approximating.
[kernel] examples/example6.c:50: 
  more than 71(77820) locations to update in array. Approximating.
[kernel] examples/example6.c:50: 
  more than 71(77820) locations to update in array. Approximating.
[kernel] examples/example6.c:42: 
  more than 71(4092) elements to enumerate. Approximating.
[kernel] examples/example6.c:42: 
  more than 71(16760828) locations to update in array. Approximating.
[kernel] examples/example6.c:42: 
  more than 71(16760828) elements to enumerate. Approximating.
[kernel] examples/example6.c:42: 
  more than 71(16760828) locations to update in array. Approximating.
[kernel] examples/example6.c:45: 
  more than 71(16760828) locations to update in array. Approximating.
[kernel] examples/example6.c:45: 
  more than 71(16760828) locations to update in array. Approximating.
[kernel] examples/example6.c:46: 
  more than 71(16760828) locations to update in array. Approximating.
[kernel] examples/example6.c:46: 
  more than 71(16760828) locations to update in array. Approximating.
[kernel] examples/example6.c:47: 
  more than 71(16760828) locations to update in array. Approximating.
[kernel] examples/example6.c:47: 
  more than 71(16760828) locations to update in array. Approximating.
[kernel] examples/example6.c:48: 
  more than 71(16760828) locations to update in array. Approximating.
[kernel] examples/example6.c:48: 
  more than 71(16760828) locations to update in array. Approximating.
[kernel] examples/example6.c:49: 
  more than 71(16760828) locations to update in array. Approximating.
[kernel] examples/example6.c:49: 
  more than 71(16760828) locations to update in array. Approximating.
[kernel] examples/example6.c:50: 
  more than 71(16760828) locations to update in array. Approximating.
[kernel] examples/example6.c:50: 
  more than 71(16760828) locations to update in array. Approximating.
[eva] miniz_tdef.c:1478: 
  allocating variable __malloc_tdefl_write_image_to_png_file_in_memory_ex_l1478
[eva] FRAMAC_SHARE/libc/string.h:134: 
  cannot evaluate ACSL term, unsupported ACSL construct: logic function memset
[eva] miniz_tdef.c:1488: 
  allocating variable __malloc_tdefl_write_image_to_png_file_in_memory_ex_l1488
[eva] FRAMAC_SHARE/libc/string.h:101: 
  cannot evaluate ACSL term, unsupported ACSL construct: logic function memcmp
[eva:loop-unroll:partial] miniz_tdef.c:1494: loop not completely unrolled
[eva] miniz_tdef.c:1494: starting to merge loop iterations
[eva:loop-unroll:partial] miniz_tdef.c:1403: loop not completely unrolled
[eva] miniz_tdef.c:1400: starting to merge loop iterations
[eva] miniz_tdef.c:1404: 
  allocating variable __realloc_tdefl_output_buffer_putter_l1404
[eva:alarm] miniz_tdef.c:1410: Warning: 
  function memcpy: precondition 'valid_dest' got status unknown.
[eva] using specification for function __FC_assert
[eva:loop-unroll:auto] miniz_tdef.c:1115: Automatic loop unrolling.
[eva:loop-unroll:auto] miniz.c:47: Automatic loop unrolling.
[eva:loop-unroll:auto] miniz.c:58: Automatic loop unrolling.
[eva:locals-escaping] miniz_tdef.c:1500: Warning: 
  locals {in_buf_size} escaping the scope of tdefl_compress_buffer through __malloc_tdefl_write_image_to_png_file_in_memory_ex_l1478
[eva:loop-unroll:partial] miniz_tdef.c:1123: loop not completely unrolled
[eva] miniz_tdef.c:1115: starting to merge loop iterations
[eva:alarm] miniz_tdef.c:1117: Warning: 
  accessing uninitialized left-value.
  assert \initialized(tmp_1);
  (tmp_1 from pSrc++)
[eva:alarm] miniz_tdef.c:1117: Warning: 
  out of bounds read. assert \valid_read(tmp_1);
                      (tmp_1 from pSrc++)
[eva:alarm] miniz_tdef.c:762: Warning: 
  function __FC_assert: precondition 'nonnull_c' got status unknown.
[eva:alarm] miniz_tdef.c:1100: Warning: 
  pointer comparison.
  assert \pointer_comparable((void *)pSrc, (void *)pSrc_end);
[eva:alarm] miniz_tdef.c:1102: Warning: 
  accessing uninitialized left-value.
  assert \initialized(tmp_0);
  (tmp_0 from pSrc++)
[eva:alarm] miniz_tdef.c:1102: Warning: 
  out of bounds read. assert \valid_read(tmp_0);
                      (tmp_0 from pSrc++)
[eva:loop-unroll:partial] miniz_tdef.c:1110: loop not completely unrolled
[eva] miniz_tdef.c:1100: starting to merge loop iterations
[eva:alarm] miniz_tdef.c:779: Warning: 
  accessing uninitialized left-value.
  assert \initialized(&d->m_next[probe_pos]);
[eva:alarm] miniz_tdef.c:780: Warning: 
  accessing uninitialized left-value.
  assert \initialized(&d->m_next[probe_pos]);
[eva:alarm] miniz_tdef.c:778: Warning: 
  accessing uninitialized left-value.
  assert \initialized(&d->m_next[probe_pos]);
[eva:loop-unroll:partial] miniz_tdef.c:780: loop not completely unrolled
[eva] miniz_tdef.c:767: starting to merge loop iterations
[eva:loop-unroll:partial] miniz_tdef.c:791: loop not completely unrolled
[eva] miniz_tdef.c:789: starting to merge loop iterations
[kernel] miniz_tdef.c:749: 
  more than 71(39876) elements to enumerate. Approximating.
[eva:alarm] miniz_tdef.c:750: Warning: 
  accessing uninitialized left-value. assert \initialized(&ret);
[eva:alarm] miniz_tdef.c:749: Warning: 
  function memcpy: precondition 'valid_src' got status unknown.
[kernel] miniz_tdef.c:749: 
  more than 71(39875) elements to enumerate. Approximating.
[eva:alarm] miniz_tdef.c:799: Warning: 
  signed overflow. assert p - s ≤ 9223372036854775807;
[eva:alarm] miniz_tdef.c:799: Warning: 
  accessing uninitialized left-value. assert \initialized((mz_uint8 const *)p);
[eva:alarm] miniz_tdef.c:799: Warning: 
  accessing uninitialized left-value. assert \initialized((mz_uint8 const *)q);
[eva:alarm] miniz_tdef.c:799: Warning: 
  out of bounds read. assert \valid_read((mz_uint8 const *)p);
[eva:alarm] miniz_tdef.c:799: Warning: 
  out of bounds read. assert \valid_read((mz_uint8 const *)q);
[kernel] miniz_tdef.c:799: 
  more than 71(39894) elements to enumerate. Approximating.
[kernel] miniz_tdef.c:799: 
  more than 71(39893) elements to enumerate. Approximating.
[kernel] miniz_tdef.c:749: 
  more than 71(39890) elements to enumerate. Approximating.
[kernel] miniz_tdef.c:749: 
  more than 71(39889) elements to enumerate. Approximating.
[kernel] miniz_tdef.c:799: 
  more than 71(159575) elements to enumerate. Approximating.
[kernel] miniz_tdef.c:799: 
  more than 71(159574) elements to enumerate. Approximating.
[eva:alarm] miniz_tdef.c:1056: Warning: 
  function __FC_assert: precondition 'nonnull_c' got status invalid.
[eva:loop-unroll:partial] miniz_tdef.c:1211: loop not completely unrolled
[eva] miniz_tdef.c:1106: Trace partitioning superposing up to 100 states
[eva:alarm] miniz_tdef.c:1067: Warning: 
  accessing uninitialized left-value. assert \initialized(d->m_pLZ_flags);
[eva:alarm] miniz_tdef.c:1043: Warning: 
  accessing uninitialized left-value. assert \initialized(d->m_pLZ_flags);
[eva] miniz_tdef.c:1088: starting to merge loop iterations
[eva:alarm] miniz_tdef.c:1060: Warning: 
  out of bounds write. assert \valid(d->m_pLZ_code_buf + 0);
[eva:alarm] miniz_tdef.c:1063: Warning: 
  out of bounds write. assert \valid(d->m_pLZ_code_buf + 1);
[eva:alarm] miniz_tdef.c:1064: Warning: 
  out of bounds write. assert \valid(d->m_pLZ_code_buf + 2);
[eva:alarm] miniz_tdef.c:1067: Warning: 
  out of bounds write. assert \valid(d->m_pLZ_flags);
[eva:alarm] miniz_tdef.c:1211: Warning: 
  pointer comparison.
  assert
  \pointer_comparable((void *)d->m_pLZ_code_buf,
                     (void *)(&d->m_lz_code_buf[(int)(TDEFL_LZ_CODE_BUF_SIZE -
                                                      8)]));
[eva:alarm] miniz_tdef.c:618: Warning: 
  out of bounds write. assert \valid(d->m_pLZ_flags);
[eva:alarm] miniz_tdef.c:618: Warning: 
  accessing uninitialized left-value. assert \initialized(d->m_pLZ_flags);
[eva:loop-unroll:partial] miniz_tdef.c:236: loop not completely unrolled
[eva] miniz_tdef.c:236: starting to merge loop iterations
[kernel] miniz_tdef.c:239: 
  more than 71(287) locations to update in array. Approximating.
[kernel] miniz_tdef.c:239: 
  more than 71(287) elements to enumerate. Approximating.
[kernel] miniz_tdef.c:240: 
  more than 71(287) locations to update in array. Approximating.
[kernel] miniz_tdef.c:240: 
  more than 71(287) elements to enumerate. Approximating.
[eva:alarm] miniz_tdef.c:239: Warning: 
  accessing out of bounds index. assert num_used_syms < TDEFL_MAX_HUFF_SYMBOLS;
[eva:alarm] miniz_tdef.c:110: Warning: 
  accessing uninitialized left-value.
  assert \initialized(&(pSyms0 + i)->m_key);
[eva:loop-unroll:partial] miniz_tdef.c:108: loop not completely unrolled
[eva] miniz_tdef.c:108: starting to merge loop iterations
[kernel] miniz_tdef.c:110: 
  more than 71(238) elements to enumerate. Approximating.
[kernel] miniz_tdef.c:110: 
  more than 71(239) elements to enumerate. Approximating.
[kernel] miniz_tdef.c:110: 
  more than 71(270) elements to enumerate. Approximating.
[eva:loop-unroll:auto] miniz_tdef.c:114: Automatic loop unrolling.
[eva:loop-unroll:auto] miniz_tdef.c:116: Automatic loop unrolling.
[eva:loop-unroll:partial] miniz_tdef.c:120: loop not completely unrolled
[eva] miniz_tdef.c:120: starting to merge loop iterations
[eva:alarm] miniz_tdef.c:126: Warning: 
  accessing uninitialized left-value.
  assert
  \initialized(&offsets[(int)((int)((int)(pCur_syms + i)->m_key >> pass_shift)
                              & 0xFF)]);
[eva:alarm] miniz_tdef.c:126: Warning: 
  out of bounds write.
  assert \valid(pNew_syms + tmp);
  (tmp from offsets[((int)(pCur_syms + i)->m_key >> pass_shift) & 0xFF]++)
[kernel] miniz_tdef.c:126: too many locations to update in array. Approximating.
[eva:alarm] miniz_tdef.c:126: Warning: 
  accessing uninitialized left-value.
  assert \initialized(&(pCur_syms + i)->m_key);
[eva:loop-unroll:partial] miniz_tdef.c:125: loop not completely unrolled
[eva] miniz_tdef.c:125: starting to merge loop iterations
[eva:alarm] miniz_tdef.c:126: Warning: 
  accessing uninitialized left-value.
  assert \initialized(&(pCur_syms + i)->m_key);
[kernel] miniz_tdef.c:126: 
  more than 71(252) elements to enumerate. Approximating.
[kernel] miniz_tdef.c:126: 
  more than 71(253) elements to enumerate. Approximating.
[kernel] miniz_tdef.c:126: 
  more than 71(284) elements to enumerate. Approximating.
[kernel] miniz_tdef.c:110: 
  more than 71(288) elements to enumerate. Approximating.
[eva:alarm] miniz_tdef.c:147: Warning: 
  accessing uninitialized left-value. assert \initialized(&(A + 0)->m_key);
[eva:alarm] miniz_tdef.c:147: Warning: 
  accessing uninitialized left-value. assert \initialized(&(A + 1)->m_key);
[eva:alarm] miniz_tdef.c:152: Warning: 
  accessing uninitialized left-value. assert \initialized(&(A + root)->m_key);
[eva:alarm] miniz_tdef.c:152: Warning: 
  accessing uninitialized left-value. assert \initialized(&(A + leaf)->m_key);
[eva:alarm] miniz_tdef.c:158: Warning: 
  accessing uninitialized left-value.
  assert \initialized(&(A + tmp_0)->m_key);
  (tmp_0 from leaf++)
[eva:alarm] miniz_tdef.c:159: Warning: 
  accessing uninitialized left-value. assert \initialized(&(A + leaf)->m_key);
[eva:alarm] miniz_tdef.c:165: Warning: 
  accessing uninitialized left-value.
  assert \initialized(&(A + tmp_2)->m_key);
  (tmp_2 from leaf++)
[eva:alarm] miniz_tdef.c:159: Warning: 
  accessing uninitialized left-value. assert \initialized(&(A + root)->m_key);
[eva:alarm] miniz_tdef.c:161: Warning: 
  accessing uninitialized left-value. assert \initialized(&(A + root)->m_key);
[eva:alarm] miniz_tdef.c:154: Warning: 
  accessing uninitialized left-value. assert \initialized(&(A + root)->m_key);
[eva:alarm] miniz_tdef.c:161: Warning: 
  accessing uninitialized left-value. assert \initialized(&(A + next)->m_key);
[eva:alarm] miniz_tdef.c:165: Warning: 
  accessing uninitialized left-value. assert \initialized(&(A + next)->m_key);
[eva:loop-unroll:partial] miniz_tdef.c:150: loop not completely unrolled
[eva] miniz_tdef.c:150: starting to merge loop iterations
[kernel] miniz_tdef.c:154: 
  more than 71(281) locations to update in array. Approximating.
[kernel] miniz_tdef.c:154: 
  more than 71(281) elements to enumerate. Approximating.
[kernel] miniz_tdef.c:158: 
  more than 71(281) locations to update in array. Approximating.
[kernel] miniz_tdef.c:161: 
  more than 71(282) locations to update in array. Approximating.
[kernel] miniz_tdef.c:161: 
  more than 71(282) elements to enumerate. Approximating.
[kernel] miniz_tdef.c:165: 
  more than 71(282) locations to update in array. Approximating.
[eva:alarm] miniz_tdef.c:152: Warning: 
  out of bounds read. assert \valid_read(&(A + root)->m_key);
[kernel] miniz_tdef.c:152: 
  more than 71(283) elements to enumerate. Approximating.
[eva:alarm] miniz_tdef.c:154: Warning: 
  out of bounds read. assert \valid_read(&(A + root)->m_key);
[kernel] miniz_tdef.c:155: 
  more than 71(288) locations to update in array. Approximating.
[kernel] miniz_tdef.c:159: 
  more than 71(286) elements to enumerate. Approximating.
[eva:alarm] miniz_tdef.c:161: Warning: 
  out of bounds read. assert \valid_read(&(A + root)->m_key);
[kernel] miniz_tdef.c:162: 
  more than 71(288) locations to update in array. Approximating.
[kernel] miniz_tdef.c:167: 
  more than 71(282) locations to update in array. Approximating.
[eva:loop-unroll:auto] miniz_tdef.c:168: Automatic loop unrolling.
[eva:alarm] miniz_tdef.c:169: Warning: 
  accessing uninitialized left-value. assert \initialized(&(A + next)->m_key);
[eva:alarm] miniz_tdef.c:169: Warning: 
  accessing uninitialized left-value.
  assert \initialized(&(A + (A + next)->m_key)->m_key);
[eva:alarm] miniz_tdef.c:169: Warning: 
  out of bounds read. assert \valid_read(&(A + (A + next)->m_key)->m_key);
[kernel] miniz_tdef.c:169: 
  more than 71(282) locations to update in array. Approximating.
[kernel] miniz_tdef.c:169: 
  more than 71(282) elements to enumerate. Approximating.
[eva:loop-unroll:partial] miniz_tdef.c:168: loop not completely unrolled
[eva] miniz_tdef.c:168: starting to merge loop iterations
[eva:loop-unroll:auto] miniz_tdef.c:176: Automatic loop unrolling.
[eva:alarm] miniz_tdef.c:176: Warning: 
  accessing uninitialized left-value. assert \initialized(&(A + root)->m_key);
[eva:loop-unroll:partial] miniz_tdef.c:179: loop not completely unrolled
[kernel] miniz_tdef.c:176: 
  more than 71(281) elements to enumerate. Approximating.
[kernel] miniz_tdef.c:176: 
  more than 71(280) elements to enumerate. Approximating.
[kernel] miniz_tdef.c:176: 
  more than 71(279) elements to enumerate. Approximating.
[eva] miniz_tdef.c:176: starting to merge loop iterations
[eva:alarm] miniz_tdef.c:178: Warning: 
  signed overflow. assert used + 1 ≤ 2147483647;
[eva:loop-unroll:auto] miniz_tdef.c:181: Automatic loop unrolling.
[kernel] miniz_tdef.c:183: 
  more than 71(287) locations to update in array. Approximating.
[eva:alarm] miniz_tdef.c:186: Warning: 
  signed overflow. assert 2 * used ≤ 2147483647;
[kernel] miniz_tdef.c:176: 
  more than 71(287) elements to enumerate. Approximating.
[kernel] miniz_tdef.c:176: 
  more than 71(285) elements to enumerate. Approximating.
[kernel] miniz_tdef.c:176: 
  more than 71(284) elements to enumerate. Approximating.
[kernel] miniz_tdef.c:176: 
  more than 71(283) elements to enumerate. Approximating.
[kernel] miniz_tdef.c:183: 
  more than 71(288) locations to update in array. Approximating.
[eva:alarm] miniz_tdef.c:183: Warning: 
  out of bounds write. assert \valid(&(A + tmp_3)->m_key);
                       (tmp_3 from next--)
[kernel] miniz_tdef.c:183: 
  more than 71(286) locations to update in array. Approximating.
[kernel] miniz_tdef.c:183: 
  more than 71(285) locations to update in array. Approximating.
[kernel] miniz_tdef.c:183: 
  more than 71(284) locations to update in array. Approximating.
[eva:loop-unroll:partial] miniz_tdef.c:184: loop not completely unrolled
[eva] miniz_tdef.c:181: starting to merge loop iterations
[eva:alarm] miniz_tdef.c:183: Warning: 
  signed overflow. assert -2147483648 ≤ next - 1;
[eva:loop-unroll:partial] miniz_tdef.c:188: loop not completely unrolled
[eva] miniz_tdef.c:174: starting to merge loop iterations
[eva] miniz_tdef.c:176: Trace partitioning superposing up to 100 states
[eva:alarm] miniz_tdef.c:187: Warning: 
  signed overflow. assert dpth + 1 ≤ 2147483647;
[kernel] miniz_tdef.c:152: 
  more than 71(286) elements to enumerate. Approximating.
[kernel] miniz_tdef.c:154: 
  more than 71(286) elements to enumerate. Approximating.
[kernel] miniz_tdef.c:159: 
  more than 71(285) elements to enumerate. Approximating.
[eva:alarm] miniz_tdef.c:247: Warning: 
  accessing uninitialized left-value. assert \initialized(&(pSyms + i)->m_key);
[eva:alarm] miniz_tdef.c:247: Warning: 
  accessing out of bounds index.
  assert (pSyms + i)->m_key < (int)(1 + TDEFL_MAX_SUPPORTED_HUFF_CODESIZE);
[eva:loop-unroll:partial] miniz_tdef.c:246: loop not completely unrolled
[eva] miniz_tdef.c:246: starting to merge loop iterations
[eva:alarm] miniz_tdef.c:247: Warning: 
  signed overflow. assert num_codes[(pSyms + i)->m_key] + 1 ≤ 2147483647;
[eva:loop-unroll:auto] miniz_tdef.c:203: Automatic loop unrolling.
[eva:alarm] miniz_tdef.c:204: Warning: 
  signed overflow.
  assert *(pNum_codes + max_code_size) + *(pNum_codes + i) ≤ 2147483647;
[eva:loop-unroll:auto] miniz_tdef.c:205: Automatic loop unrolling.
[eva:loop-unroll:auto] miniz_tdef.c:210: Automatic loop unrolling.
[eva:alarm] miniz_tdef.c:214: Warning: 
  signed overflow. assert *(pNum_codes + (int)(i + 1)) + 2 ≤ 2147483647;
[eva:loop-unroll:partial] miniz_tdef.c:217: loop not completely unrolled
[eva] miniz_tdef.c:207: starting to merge loop iterations
[eva] miniz_tdef.c:210: starting to merge loop iterations
[eva] miniz_tdef.c:210: Trace partitioning superposing up to 100 states
[eva:alarm] miniz_tdef.c:209: Warning: 
  signed overflow. assert -2147483648 ≤ *(pNum_codes + max_code_size) - 1;
[eva:alarm] miniz_tdef.c:213: Warning: 
  signed overflow. assert -2147483648 ≤ *(pNum_codes + i) - 1;
[eva:loop-unroll:auto] miniz_tdef.c:254: Automatic loop unrolling.
[eva:alarm] miniz_tdef.c:255: Warning: 
  accessing uninitialized left-value.
  assert \initialized(&(pSyms + j)->m_sym_index);
[eva:alarm] miniz_tdef.c:255: Warning: 
  accessing out of bounds index.
  assert (pSyms + j)->m_sym_index < TDEFL_MAX_HUFF_SYMBOLS;
[kernel] miniz_tdef.c:255: 
  more than 71(271) elements to enumerate. Approximating.
[kernel] miniz_tdef.c:255: 
  more than 71(287) elements to enumerate. Approximating.
[eva:alarm] miniz_tdef.c:255: Warning: 
  out of bounds read. assert \valid_read(&(pSyms + j)->m_sym_index);
[kernel] miniz_tdef.c:255: 
  more than 71(286) elements to enumerate. Approximating.
[kernel] miniz_tdef.c:255: 
  more than 71(288) elements to enumerate. Approximating.
[eva:loop-unroll:partial] miniz_tdef.c:253: loop not completely unrolled
[eva] miniz_tdef.c:253: starting to merge loop iterations
[eva] miniz_tdef.c:254: starting to merge loop iterations
[eva:loop-unroll:auto] miniz_tdef.c:259: Automatic loop unrolling.
[eva:alarm] miniz_tdef.c:260: Warning: 
  invalid LHS operand for left shift.
  assert 0 ≤ (int)(j + num_codes[(int)(i - 1)]);
[eva:alarm] miniz_tdef.c:260: Warning: 
  signed overflow.
  assert (int)(j + num_codes[(int)(i - 1)]) << 1 ≤ 2147483647;
[eva:alarm] miniz_tdef.c:260: Warning: 
  signed overflow. assert j + num_codes[(int)(i - 1)] ≤ 2147483647;
[eva:loop-unroll:auto] miniz_tdef.c:268: Automatic loop unrolling.
[eva:loop-unroll:partial] miniz_tdef.c:262: loop not completely unrolled
[eva] miniz_tdef.c:262: starting to merge loop iterations
[eva] miniz_tdef.c:268: starting to merge loop iterations
[eva] miniz_tdef.c:268: Trace partitioning superposing up to 100 states
[eva] miniz_tdef.c:268: Trace partitioning superposing up to 200 states
[kernel] miniz_tdef.c:239: 
  more than 71(288) locations to update in array. Approximating.
[kernel] miniz_tdef.c:240: 
  more than 71(288) locations to update in array. Approximating.
[kernel] miniz_tdef.c:255: 
  more than 71(285) elements to enumerate. Approximating.
[eva:loop-unroll:partial] miniz_tdef.c:351: loop not completely unrolled
[eva] miniz_tdef.c:351: starting to merge loop iterations
[eva:loop-unroll:partial] miniz_tdef.c:354: loop not completely unrolled
[eva] miniz_tdef.c:354: starting to merge loop iterations
[eva:loop-unroll:auto] miniz_tdef.c:379: Automatic loop unrolling.
[eva:loop-unroll:auto] miniz_tdef.c:371: Automatic loop unrolling.
[eva:loop-unroll:auto] miniz_tdef.c:382: Automatic loop unrolling.
[eva:loop-unroll:partial] miniz_tdef.c:371: loop not completely unrolled
[eva] miniz_tdef.c:371: starting to merge loop iterations
[eva:alarm] miniz_tdef.c:371: Warning: 
  accessing out of bounds index.
  assert tmp < (int)(TDEFL_MAX_HUFF_SYMBOLS_0 + TDEFL_MAX_HUFF_SYMBOLS_1);
  (tmp from num_packed_code_sizes++)
[eva:loop-unroll:partial] miniz_tdef.c:379: loop not completely unrolled
[eva] miniz_tdef.c:379: starting to merge loop iterations
[eva:alarm] miniz_tdef.c:379: Warning: 
  accessing out of bounds index.
  assert tmp_9 < (int)(TDEFL_MAX_HUFF_SYMBOLS_0 + TDEFL_MAX_HUFF_SYMBOLS_1);
  (tmp_9 from num_packed_code_sizes++)
[eva:alarm] miniz_tdef.c:382: Warning: 
  accessing out of bounds index.
  assert tmp_15 < (int)(TDEFL_MAX_HUFF_SYMBOLS_0 + TDEFL_MAX_HUFF_SYMBOLS_1);
  (tmp_15 from num_packed_code_sizes++)
[eva:loop-unroll:partial] miniz_tdef.c:382: loop not completely unrolled
[eva] miniz_tdef.c:382: starting to merge loop iterations
[eva:alarm] miniz_tdef.c:384: Warning: 
  accessing out of bounds index.
  assert tmp_19 < (int)(TDEFL_MAX_HUFF_SYMBOLS_0 + TDEFL_MAX_HUFF_SYMBOLS_1);
  (tmp_19 from num_packed_code_sizes++)
[eva:alarm] miniz_tdef.c:371: Warning: 
  accessing out of bounds index.
  assert tmp_1 < (int)(TDEFL_MAX_HUFF_SYMBOLS_0 + TDEFL_MAX_HUFF_SYMBOLS_1);
  (tmp_1 from num_packed_code_sizes++)
[eva:alarm] miniz_tdef.c:371: Warning: 
  accessing out of bounds index.
  assert tmp_2 < (int)(TDEFL_MAX_HUFF_SYMBOLS_0 + TDEFL_MAX_HUFF_SYMBOLS_1);
  (tmp_2 from num_packed_code_sizes++)
[eva:alarm] miniz_tdef.c:379: Warning: 
  accessing out of bounds index.
  assert tmp_11 < (int)(TDEFL_MAX_HUFF_SYMBOLS_0 + TDEFL_MAX_HUFF_SYMBOLS_1);
  (tmp_11 from num_packed_code_sizes++)
[eva:alarm] miniz_tdef.c:379: Warning: 
  accessing out of bounds index.
  assert tmp_12 < (int)(TDEFL_MAX_HUFF_SYMBOLS_0 + TDEFL_MAX_HUFF_SYMBOLS_1);
  (tmp_12 from num_packed_code_sizes++)
[eva:alarm] miniz_tdef.c:382: Warning: 
  accessing out of bounds index.
  assert tmp_17 < (int)(TDEFL_MAX_HUFF_SYMBOLS_0 + TDEFL_MAX_HUFF_SYMBOLS_1);
  (tmp_17 from num_packed_code_sizes++)
[eva:alarm] miniz_tdef.c:382: Warning: 
  accessing out of bounds index.
  assert tmp_18 < (int)(TDEFL_MAX_HUFF_SYMBOLS_0 + TDEFL_MAX_HUFF_SYMBOLS_1);
  (tmp_18 from num_packed_code_sizes++)
[eva:loop-unroll:partial] miniz_tdef.c:366: loop not completely unrolled
[eva] miniz_tdef.c:366: starting to merge loop iterations
[eva:alarm] miniz_tdef.c:388: Warning: 
  accessing out of bounds index.
  assert tmp_22 < (int)(TDEFL_MAX_HUFF_SYMBOLS_0 + TDEFL_MAX_HUFF_SYMBOLS_1);
  (tmp_22 from num_packed_code_sizes++)
[eva:alarm] miniz_tdef.c:388: Warning: 
  accessing out of bounds index.
  assert tmp_23 < (int)(TDEFL_MAX_HUFF_SYMBOLS_0 + TDEFL_MAX_HUFF_SYMBOLS_1);
  (tmp_23 from num_packed_code_sizes++)
[eva] miniz_tdef.c:379: Trace partitioning superposing up to 100 states
[eva:alarm] miniz_tdef.c:379: Warning: 
  accessing out of bounds index.
  assert tmp_13 < (int)(TDEFL_MAX_HUFF_SYMBOLS_0 + TDEFL_MAX_HUFF_SYMBOLS_1);
  (tmp_13 from num_packed_code_sizes++)
[eva:alarm] miniz_tdef.c:379: Warning: 
  accessing out of bounds index.
  assert tmp_14 < (int)(TDEFL_MAX_HUFF_SYMBOLS_0 + TDEFL_MAX_HUFF_SYMBOLS_1);
  (tmp_14 from num_packed_code_sizes++)
[eva:alarm] miniz_tdef.c:368: Warning: 
  accessing uninitialized left-value.
  assert \initialized(&code_sizes_to_pack[i]);
[eva:alarm] miniz_tdef.c:374: Warning: 
  accessing out of bounds index.
  assert tmp_7 < (int)(TDEFL_MAX_HUFF_SYMBOLS_0 + TDEFL_MAX_HUFF_SYMBOLS_1);
  (tmp_7 from num_packed_code_sizes++)
[eva:alarm] miniz_tdef.c:374: Warning: 
  accessing out of bounds index.
  assert tmp_8 < (int)(TDEFL_MAX_HUFF_SYMBOLS_0 + TDEFL_MAX_HUFF_SYMBOLS_1);
  (tmp_8 from num_packed_code_sizes++)
[eva:alarm] miniz_tdef.c:395: Warning: 
  accessing out of bounds index.
  assert tmp_24 < (int)(TDEFL_MAX_HUFF_SYMBOLS_0 + TDEFL_MAX_HUFF_SYMBOLS_1);
  (tmp_24 from num_packed_code_sizes++)
[eva:loop-unroll:partial] miniz_tdef.c:395: loop not completely unrolled
[eva] miniz_tdef.c:395: starting to merge loop iterations
[eva:alarm] miniz_tdef.c:395: Warning: 
  accessing out of bounds index.
  assert tmp_26 < (int)(TDEFL_MAX_HUFF_SYMBOLS_0 + TDEFL_MAX_HUFF_SYMBOLS_1);
  (tmp_26 from num_packed_code_sizes++)
[eva:alarm] miniz_tdef.c:395: Warning: 
  accessing out of bounds index.
  assert tmp_27 < (int)(TDEFL_MAX_HUFF_SYMBOLS_0 + TDEFL_MAX_HUFF_SYMBOLS_1);
  (tmp_27 from num_packed_code_sizes++)
[eva:alarm] miniz_tdef.c:399: Warning: 
  accessing out of bounds index.
  assert tmp_28 < (int)(TDEFL_MAX_HUFF_SYMBOLS_0 + TDEFL_MAX_HUFF_SYMBOLS_1);
  (tmp_28 from num_packed_code_sizes++)
[eva:loop-unroll:partial] miniz_tdef.c:399: loop not completely unrolled
[eva] miniz_tdef.c:399: starting to merge loop iterations
[eva:alarm] miniz_tdef.c:399: Warning: 
  accessing out of bounds index.
  assert tmp_30 < (int)(TDEFL_MAX_HUFF_SYMBOLS_0 + TDEFL_MAX_HUFF_SYMBOLS_1);
  (tmp_30 from num_packed_code_sizes++)
[eva:alarm] miniz_tdef.c:399: Warning: 
  accessing out of bounds index.
  assert tmp_31 < (int)(TDEFL_MAX_HUFF_SYMBOLS_0 + TDEFL_MAX_HUFF_SYMBOLS_1);
  (tmp_31 from num_packed_code_sizes++)
[eva:alarm] miniz_tdef.c:399: Warning: 
  accessing out of bounds index.
  assert tmp_32 < (int)(TDEFL_MAX_HUFF_SYMBOLS_0 + TDEFL_MAX_HUFF_SYMBOLS_1);
  (tmp_32 from num_packed_code_sizes++)
[eva:alarm] miniz_tdef.c:399: Warning: 
  accessing out of bounds index.
  assert tmp_33 < (int)(TDEFL_MAX_HUFF_SYMBOLS_0 + TDEFL_MAX_HUFF_SYMBOLS_1);
  (tmp_33 from num_packed_code_sizes++)
[eva:loop-unroll:auto] miniz_tdef.c:236: Automatic loop unrolling.
[eva:loop-unroll:auto] miniz_tdef.c:108: Automatic loop unrolling.
[eva:loop-unroll:auto] miniz_tdef.c:125: Automatic loop unrolling.
[eva:loop-unroll:auto] miniz_tdef.c:150: Automatic loop unrolling.
[eva:loop-unroll:auto] miniz_tdef.c:246: Automatic loop unrolling.
[eva:loop-unroll:auto] miniz_tdef.c:262: Automatic loop unrolling.
[eva:loop-unroll:auto] miniz_tdef.c:409: Automatic loop unrolling.
[eva:loop-unroll:partial] miniz_tdef.c:414: loop not completely unrolled
[eva] miniz_tdef.c:415: starting to merge loop iterations
[eva] miniz_tdef.c:414: starting to merge loop iterations
[eva:alarm] miniz_tdef.c:419: Warning: 
  accessing uninitialized left-value.
  assert \initialized(&packed_code_sizes[tmp_39]);
  (tmp_39 from packed_code_sizes_index++)
[eva:alarm] miniz_tdef.c:420: Warning: 
  function __FC_assert: precondition 'nonnull_c' got status unknown.
[eva:alarm] miniz_tdef.c:421: Warning: 
  function __FC_assert: precondition 'nonnull_c' got status unknown.
[eva:alarm] miniz_tdef.c:423: Warning: 
  accessing uninitialized left-value.
  assert \initialized(&packed_code_sizes[tmp_41]);
  (tmp_41 from packed_code_sizes_index++)
[eva:alarm] miniz_tdef.c:423: Warning: 
  function __FC_assert: precondition 'nonnull_c' got status unknown.
[eva:loop-unroll:partial] miniz_tdef.c:423: loop not completely unrolled
[eva:loop-unroll:partial] miniz_tdef.c:422: loop not completely unrolled
[eva] miniz_tdef.c:417: starting to merge loop iterations
[eva] miniz_tdef.c:421: starting to merge loop iterations
[eva] miniz_tdef.c:423: starting to merge loop iterations
[eva:alarm] miniz_tdef.c:419: Warning: 
  accessing out of bounds index.
  assert tmp_39 < (int)(TDEFL_MAX_HUFF_SYMBOLS_0 + TDEFL_MAX_HUFF_SYMBOLS_1);
  (tmp_39 from packed_code_sizes_index++)
[eva:alarm] miniz_tdef.c:423: Warning: 
  accessing out of bounds index.
  assert tmp_41 < (int)(TDEFL_MAX_HUFF_SYMBOLS_0 + TDEFL_MAX_HUFF_SYMBOLS_1);
  (tmp_41 from packed_code_sizes_index++)
[eva:alarm] miniz_tdef.c:476: Warning: 
  accessing uninitialized left-value.
  assert \initialized((mz_uint16 const *)(pLZ_codes + 1));
[eva:alarm] miniz_tdef.c:479: Warning: 
  function __FC_assert: precondition 'nonnull_c' got status unknown.
[eva:alarm] miniz_tdef.c:486: Warning: 
  accessing out of bounds index. assert (mz_uint)(match_dist >> 8) < 128;
[eva:alarm] miniz_tdef.c:487: Warning: 
  accessing out of bounds index. assert (mz_uint)(match_dist >> 8) < 128;
[eva:alarm] miniz_tdef.c:491: Warning: 
  function __FC_assert: precondition 'nonnull_c' got status unknown.
[eva:alarm] miniz_tdef.c:498: Warning: 
  function __FC_assert: precondition 'nonnull_c' got status unknown.
[eva:alarm] miniz_tdef.c:505: Warning: 
  function __FC_assert: precondition 'nonnull_c' got status unknown.
[eva:alarm] miniz_tdef.c:511: Warning: 
  accessing uninitialized left-value.
  assert \initialized(tmp_2);
  (tmp_2 from pLZ_codes++)
[eva:alarm] miniz_tdef.c:512: Warning: 
  function __FC_assert: precondition 'nonnull_c' got status unknown.
[eva:alarm] miniz_tdef.c:476: Warning: 
  accessing uninitialized left-value. assert \initialized(pLZ_codes + 0);
[eva:alarm] miniz_tdef.c:497: Warning: 
  accessing uninitialized left-value.
  assert \initialized(tmp_0);
  (tmp_0 from pLZ_codes++)
[eva:alarm] miniz_tdef.c:504: Warning: 
  accessing uninitialized left-value.
  assert \initialized(tmp_1);
  (tmp_1 from pLZ_codes++)
[eva:alarm] miniz_tdef.c:471: Warning: 
  accessing uninitialized left-value.
  assert \initialized(tmp);
  (tmp from pLZ_codes++)
[eva:loop-unroll:partial] miniz_tdef.c:468: loop not completely unrolled
[eva] miniz_tdef.c:518: Trace partitioning superposing up to 100 states
[eva] miniz_tdef.c:468: starting to merge loop iterations
[eva:alarm] miniz_tdef.c:536: Warning: 
  function __FC_assert: precondition 'nonnull_c' got status unknown.
[eva:alarm] miniz_tdef.c:541: Warning: 
  function __FC_assert: precondition 'nonnull_c' got status unknown.
[eva:loop-unroll:auto] miniz_tdef.c:648: Automatic loop unrolling.
[eva:loop-unroll:partial] miniz_tdef.c:652: loop not completely unrolled
[eva] miniz_tdef.c:654: starting to merge loop iterations
[eva] miniz_tdef.c:652: starting to merge loop iterations
[eva:loop-unroll:partial] miniz_tdef.c:432: loop not completely unrolled
[eva] miniz_tdef.c:432: starting to merge loop iterations
[eva:alarm] miniz_tdef.c:433: Warning: 
  out of bounds write. assert \valid(tmp);
                       (tmp from p++)
[eva:alarm] miniz_tdef.c:435: Warning: 
  out of bounds write. assert \valid(tmp_0);
                       (tmp_0 from p++)
[eva:loop-unroll:partial] miniz_tdef.c:434: loop not completely unrolled
[eva] miniz_tdef.c:434: starting to merge loop iterations
[eva:loop-unroll:auto] miniz_tdef.c:436: Automatic loop unrolling.
[eva:alarm] miniz_tdef.c:437: Warning: 
  out of bounds write. assert \valid(tmp_1);
                       (tmp_1 from p++)
[eva:loop-unroll:auto] miniz_tdef.c:438: Automatic loop unrolling.
[eva:alarm] miniz_tdef.c:439: Warning: 
  out of bounds write. assert \valid(tmp_2);
                       (tmp_2 from p++)
[eva:loop-unroll:partial] miniz_tdef.c:228: loop not completely unrolled
[eva] miniz_tdef.c:228: starting to merge loop iterations
[eva:alarm] miniz_tdef.c:229: Warning: 
  signed overflow.
  assert num_codes[d->m_huff_code_sizes[table_num][i]] + 1 ≤ 2147483647;
[eva] miniz_tdef.c:268: Trace partitioning superposing up to 300 states
[eva:alarm] miniz_tdef.c:698: Warning: 
  function __FC_assert: precondition 'nonnull_c' got status unknown.
[eva:alarm] miniz_tdef.c:714: Warning: 
  signed overflow.
  assert d->m_pSrc - (mz_uint8 const *)d->m_pIn_buf ≤ 9223372036854775807;
[eva] miniz_tdef.c:1404: 
  allocating variable __realloc_tdefl_output_buffer_putter_l1404_0
[kernel] miniz_tdef.c:1410: 
  too many locations to update in array. Approximating.
[eva:alarm] miniz_tdef.c:229: Warning: 
  accessing uninitialized left-value.
  assert \initialized(&d->m_huff_code_sizes[table_num][i]);
[eva:alarm] miniz_tdef.c:265: Warning: 
  accessing uninitialized left-value.
  assert \initialized(&d->m_huff_code_sizes[table_num][i]);
[eva:alarm] miniz_tdef.c:468: Warning: 
  pointer comparison.
  assert \pointer_comparable((void *)pLZ_codes, (void *)pLZ_code_buf_end);
[eva:alarm] miniz_tdef.c:479: Warning: 
  accessing uninitialized left-value.
  assert \initialized(&d->m_huff_code_sizes[0][s_tdefl_len_sym[match_len]]);
[eva:alarm] miniz_tdef.c:480: Warning: 
  accessing uninitialized left-value.
  assert \initialized(&d->m_huff_codes[0][s_tdefl_len_sym[match_len]]);
[eva:alarm] miniz_tdef.c:492: Warning: 
  accessing uninitialized left-value.
  assert \initialized(&d->m_huff_codes[1][sym]);
[eva:alarm] miniz_tdef.c:498: Warning: 
  accessing uninitialized left-value.
  assert \initialized(&d->m_huff_code_sizes[0][lit]);
[eva:alarm] miniz_tdef.c:499: Warning: 
  accessing uninitialized left-value.
  assert \initialized(&d->m_huff_codes[0][lit]);
[eva:alarm] miniz_tdef.c:501: Warning: 
  pointer comparison.
  assert \pointer_comparable((void *)pLZ_codes, (void *)pLZ_code_buf_end);
[eva:alarm] miniz_tdef.c:505: Warning: 
  accessing uninitialized left-value.
  assert \initialized(&d->m_huff_code_sizes[0][lit]);
[eva:alarm] miniz_tdef.c:506: Warning: 
  accessing uninitialized left-value.
  assert \initialized(&d->m_huff_codes[0][lit]);
[eva:alarm] miniz_tdef.c:508: Warning: 
  pointer comparison.
  assert \pointer_comparable((void *)pLZ_codes, (void *)pLZ_code_buf_end);
[eva:alarm] miniz_tdef.c:512: Warning: 
  accessing uninitialized left-value.
  assert \initialized(&d->m_huff_code_sizes[0][lit]);
[eva:alarm] miniz_tdef.c:513: Warning: 
  accessing uninitialized left-value.
  assert \initialized(&d->m_huff_codes[0][lit]);
[eva:alarm] miniz_tdef.c:476: Warning: 
  out of bounds read. assert \valid_read(pLZ_codes + 0);
[eva:alarm] miniz_tdef.c:476: Warning: 
  out of bounds read. assert \valid_read((mz_uint16 const *)(pLZ_codes + 1));
[eva:alarm] miniz_tdef.c:497: Warning: 
  out of bounds read. assert \valid_read(tmp_0);
                      (tmp_0 from pLZ_codes++)
[eva:alarm] miniz_tdef.c:504: Warning: 
  out of bounds read. assert \valid_read(tmp_1);
                      (tmp_1 from pLZ_codes++)
[eva:alarm] miniz_tdef.c:511: Warning: 
  out of bounds read. assert \valid_read(tmp_2);
                      (tmp_2 from pLZ_codes++)
[eva:alarm] miniz_tdef.c:471: Warning: 
  out of bounds read. assert \valid_read(tmp);
                      (tmp from pLZ_codes++)
[eva:loop-unroll:partial] miniz_tdef.c:538: loop not completely unrolled
[eva:alarm] miniz_tdef.c:541: Warning: 
  accessing uninitialized left-value.
  assert \initialized(&d->m_huff_codes[0][256]);
[eva:alarm] miniz_tdef.c:541: Warning: 
  accessing uninitialized left-value.
  assert \initialized(&d->m_huff_code_sizes[0][256]);
[kernel] miniz_tdef.c:247: 
  more than 71(270) elements to enumerate. Approximating.
[eva:alarm] miniz_tdef.c:1043: Warning: 
  out of bounds write. assert \valid(d->m_pLZ_flags);
[kernel] miniz_tdef.c:239: 
  more than 71(288) elements to enumerate. Approximating.
[kernel] miniz_tdef.c:183: 
  more than 71(287) elements to enumerate. Approximating.
[eva:alarm] miniz_tdef.c:1298: Warning: 
  signed overflow.
  assert d->m_pSrc - (mz_uint8 const *)pIn_buf ≤ 9223372036854775807;
[eva:loop-unroll:partial] miniz.c:47: loop not completely unrolled
[eva:alarm] miniz.c:55: Warning: 
  accessing uninitialized left-value. assert \initialized(ptr + 6);
[eva:alarm] miniz.c:56: Warning: 
  accessing uninitialized left-value. assert \initialized(ptr + 7);
[eva:alarm] miniz.c:49: Warning: 
  accessing uninitialized left-value. assert \initialized(ptr + 0);
[eva:alarm] miniz.c:50: Warning: 
  accessing uninitialized left-value. assert \initialized(ptr + 1);
[eva:alarm] miniz.c:51: Warning: 
  accessing uninitialized left-value. assert \initialized(ptr + 2);
[eva:alarm] miniz.c:52: Warning: 
  accessing uninitialized left-value. assert \initialized(ptr + 3);
[eva:alarm] miniz.c:53: Warning: 
  accessing uninitialized left-value. assert \initialized(ptr + 4);
[eva:alarm] miniz.c:54: Warning: 
  accessing uninitialized left-value. assert \initialized(ptr + 5);
[eva] miniz.c:47: starting to merge loop iterations
[kernel] miniz.c:49: more than 71(6291438) elements to enumerate. Approximating.
[kernel] miniz.c:50: more than 71(6291438) elements to enumerate. Approximating.
[kernel] miniz.c:51: more than 71(6291438) elements to enumerate. Approximating.
[kernel] miniz.c:52: more than 71(6291438) elements to enumerate. Approximating.
[kernel] miniz.c:53: more than 71(6291438) elements to enumerate. Approximating.
[kernel] miniz.c:54: more than 71(6291438) elements to enumerate. Approximating.
[kernel] miniz.c:55: more than 71(6291438) elements to enumerate. Approximating.
[kernel] miniz.c:56: more than 71(6291438) elements to enumerate. Approximating.
[eva:alarm] miniz.c:49: Warning: 
  out of bounds read. assert \valid_read(ptr + 0);
[eva:alarm] miniz.c:59: Warning: 
  accessing uninitialized left-value.
  assert \initialized(tmp);
  (tmp from ptr++)
[eva:alarm] miniz.c:59: Warning: 
  out of bounds read. assert \valid_read(tmp);
                      (tmp from ptr++)
[kernel] miniz.c:59: more than 71(6291456) elements to enumerate. Approximating.
[eva:loop-unroll:partial] miniz.c:58: loop not completely unrolled
[kernel] miniz.c:59: more than 71(6291455) elements to enumerate. Approximating.
[kernel] miniz.c:59: more than 71(6291454) elements to enumerate. Approximating.
[eva] miniz.c:58: starting to merge loop iterations
[eva:alarm] miniz.c:50: Warning: 
  out of bounds read. assert \valid_read(ptr + 1);
[eva:alarm] miniz.c:51: Warning: 
  out of bounds read. assert \valid_read(ptr + 2);
[eva:alarm] miniz.c:52: Warning: 
  out of bounds read. assert \valid_read(ptr + 3);
[eva:alarm] miniz.c:53: Warning: 
  out of bounds read. assert \valid_read(ptr + 4);
[eva:alarm] miniz.c:54: Warning: 
  out of bounds read. assert \valid_read(ptr + 5);
[eva:alarm] miniz.c:55: Warning: 
  out of bounds read. assert \valid_read(ptr + 6);
[eva:alarm] miniz.c:56: Warning: 
  out of bounds read. assert \valid_read(ptr + 7);
[eva:locals-escaping] miniz_tdef.c:1501: Warning: 
  locals {in_buf_size} escaping the scope of tdefl_compress_buffer through __malloc_tdefl_write_image_to_png_file_in_memory_ex_l1478
[kernel] miniz_tdef.c:1107: 
  more than 71(1024) elements to enumerate. Approximating.
[kernel] miniz_tdef.c:1108: 
  more than 71(1024) locations to update in array. Approximating.
[kernel] miniz_tdef.c:1128: 
  more than 71(1024) locations to update in array. Approximating.
[kernel] miniz_tdef.c:240: 
  more than 71(288) elements to enumerate. Approximating.
[eva] miniz_tdef.c:1404: 
  allocating variable __realloc_tdefl_output_buffer_putter_l1404_1
[kernel] miniz.c:49: more than 71(6289902) elements to enumerate. Approximating.
[kernel] miniz.c:50: more than 71(6289902) elements to enumerate. Approximating.
[kernel] miniz.c:51: more than 71(6289902) elements to enumerate. Approximating.
[kernel] miniz.c:52: more than 71(6289902) elements to enumerate. Approximating.
[kernel] miniz.c:53: more than 71(6289902) elements to enumerate. Approximating.
[kernel] miniz.c:54: more than 71(6289902) elements to enumerate. Approximating.
[kernel] miniz.c:55: more than 71(6289902) elements to enumerate. Approximating.
[kernel] miniz.c:56: more than 71(6289902) elements to enumerate. Approximating.
[kernel] miniz.c:59: more than 71(6289920) elements to enumerate. Approximating.
[kernel] miniz.c:59: more than 71(6289919) elements to enumerate. Approximating.
[kernel] miniz.c:59: more than 71(6289918) elements to enumerate. Approximating.
[kernel] miniz.c:49: more than 71(6288366) elements to enumerate. Approximating.
[kernel] miniz.c:50: more than 71(6288366) elements to enumerate. Approximating.
[kernel] miniz.c:51: more than 71(6288366) elements to enumerate. Approximating.
[kernel] miniz.c:52: more than 71(6288366) elements to enumerate. Approximating.
[kernel] miniz.c:53: more than 71(6288366) elements to enumerate. Approximating.
[kernel] miniz.c:54: more than 71(6288366) elements to enumerate. Approximating.
[kernel] miniz.c:55: more than 71(6288366) elements to enumerate. Approximating.
[kernel] miniz.c:56: more than 71(6288366) elements to enumerate. Approximating.
[kernel] miniz.c:59: more than 71(6288384) elements to enumerate. Approximating.
[kernel] miniz.c:59: more than 71(6288383) elements to enumerate. Approximating.
[kernel] miniz.c:59: more than 71(6288382) elements to enumerate. Approximating.
[kernel] miniz.c:49: more than 71(6286830) elements to enumerate. Approximating.
[kernel] miniz.c:50: more than 71(6286830) elements to enumerate. Approximating.
[kernel] miniz.c:51: more than 71(6286830) elements to enumerate. Approximating.
[kernel] miniz.c:52: more than 71(6286830) elements to enumerate. Approximating.
[kernel] miniz.c:53: more than 71(6286830) elements to enumerate. Approximating.
[kernel] miniz.c:54: more than 71(6286830) elements to enumerate. Approximating.
[kernel] miniz.c:55: more than 71(6286830) elements to enumerate. Approximating.
[kernel] miniz.c:56: more than 71(6286830) elements to enumerate. Approximating.
[kernel] miniz.c:59: more than 71(6286848) elements to enumerate. Approximating.
[kernel] miniz.c:59: more than 71(6286847) elements to enumerate. Approximating.
[kernel] miniz.c:59: more than 71(6286846) elements to enumerate. Approximating.
[kernel] miniz.c:49: more than 71(6285294) elements to enumerate. Approximating.
[kernel] miniz.c:50: more than 71(6285294) elements to enumerate. Approximating.
[kernel] miniz.c:51: more than 71(6285294) elements to enumerate. Approximating.
[kernel] miniz.c:52: more than 71(6285294) elements to enumerate. Approximating.
[kernel] miniz.c:53: more than 71(6285294) elements to enumerate. Approximating.
[kernel] miniz.c:54: more than 71(6285294) elements to enumerate. Approximating.
[kernel] miniz.c:55: more than 71(6285294) elements to enumerate. Approximating.
[kernel] miniz.c:56: more than 71(6285294) elements to enumerate. Approximating.
[kernel] miniz.c:59: more than 71(6285312) elements to enumerate. Approximating.
[kernel] miniz.c:59: more than 71(6285311) elements to enumerate. Approximating.
[kernel] miniz.c:59: more than 71(6285310) elements to enumerate. Approximating.
[eva:loop-unroll:partial] miniz_tdef.c:1498: loop not completely unrolled
[kernel] miniz.c:49: more than 71(6283758) elements to enumerate. Approximating.
[kernel] miniz.c:50: more than 71(6283758) elements to enumerate. Approximating.
[kernel] miniz.c:51: more than 71(6283758) elements to enumerate. Approximating.
[kernel] miniz.c:52: more than 71(6283758) elements to enumerate. Approximating.
[kernel] miniz.c:53: more than 71(6283758) elements to enumerate. Approximating.
[kernel] miniz.c:54: more than 71(6283758) elements to enumerate. Approximating.
[kernel] miniz.c:55: more than 71(6283758) elements to enumerate. Approximating.
[kernel] miniz.c:56: more than 71(6283758) elements to enumerate. Approximating.
[kernel] miniz.c:59: more than 71(6283776) elements to enumerate. Approximating.
[kernel] miniz.c:59: more than 71(6283775) elements to enumerate. Approximating.
[kernel] miniz.c:59: more than 71(6283774) elements to enumerate. Approximating.
[kernel] miniz.c:49: more than 71(6282222) elements to enumerate. Approximating.
[kernel] miniz.c:50: more than 71(6282222) elements to enumerate. Approximating.
[kernel] miniz.c:51: more than 71(6282222) elements to enumerate. Approximating.
[kernel] miniz.c:52: more than 71(6282222) elements to enumerate. Approximating.
[kernel] miniz.c:53: more than 71(6282222) elements to enumerate. Approximating.
[kernel] miniz.c:54: more than 71(6282222) elements to enumerate. Approximating.
[kernel] miniz.c:55: more than 71(6282222) elements to enumerate. Approximating.
[kernel] miniz.c:56: more than 71(6282222) elements to enumerate. Approximating.
[kernel] miniz.c:59: more than 71(6282240) elements to enumerate. Approximating.
[kernel] miniz.c:59: more than 71(6282239) elements to enumerate. Approximating.
[kernel] miniz.c:59: more than 71(6282238) elements to enumerate. Approximating.
[kernel] miniz.c:49: more than 71(6280686) elements to enumerate. Approximating.
[kernel] miniz.c:50: more than 71(6280686) elements to enumerate. Approximating.
[kernel] miniz.c:51: more than 71(6280686) elements to enumerate. Approximating.
[kernel] miniz.c:52: more than 71(6280686) elements to enumerate. Approximating.
[kernel] miniz.c:53: more than 71(6280686) elements to enumerate. Approximating.
[kernel] miniz.c:54: more than 71(6280686) elements to enumerate. Approximating.
[kernel] miniz.c:55: more than 71(6280686) elements to enumerate. Approximating.
[kernel] miniz.c:56: more than 71(6280686) elements to enumerate. Approximating.
[kernel] miniz.c:59: more than 71(6280704) elements to enumerate. Approximating.
[kernel] miniz.c:59: more than 71(6280703) elements to enumerate. Approximating.
[kernel] miniz.c:59: more than 71(6280702) elements to enumerate. Approximating.
[kernel] miniz.c:49: more than 71(6279150) elements to enumerate. Approximating.
[kernel] miniz.c:50: more than 71(6279150) elements to enumerate. Approximating.
[kernel] miniz.c:51: more than 71(6279150) elements to enumerate. Approximating.
[kernel] miniz.c:52: more than 71(6279150) elements to enumerate. Approximating.
[kernel] miniz.c:53: more than 71(6279150) elements to enumerate. Approximating.
[kernel] miniz.c:54: more than 71(6279150) elements to enumerate. Approximating.
[kernel] miniz.c:55: more than 71(6279150) elements to enumerate. Approximating.
[kernel] miniz.c:56: more than 71(6279150) elements to enumerate. Approximating.
[kernel] miniz.c:59: more than 71(6279168) elements to enumerate. Approximating.
[kernel] miniz.c:59: more than 71(6279167) elements to enumerate. Approximating.
[kernel] miniz.c:59: more than 71(6279166) elements to enumerate. Approximating.
[kernel] miniz.c:49: more than 71(6277614) elements to enumerate. Approximating.
[kernel] miniz.c:50: more than 71(6277614) elements to enumerate. Approximating.
[kernel] miniz.c:51: more than 71(6277614) elements to enumerate. Approximating.
[kernel] miniz.c:52: more than 71(6277614) elements to enumerate. Approximating.
[kernel] miniz.c:53: more than 71(6277614) elements to enumerate. Approximating.
[kernel] miniz.c:54: more than 71(6277614) elements to enumerate. Approximating.
[kernel] miniz.c:55: more than 71(6277614) elements to enumerate. Approximating.
[kernel] miniz.c:56: more than 71(6277614) elements to enumerate. Approximating.
[kernel] miniz.c:59: more than 71(6277632) elements to enumerate. Approximating.
[kernel] miniz.c:59: more than 71(6277631) elements to enumerate. Approximating.
[kernel] miniz.c:59: more than 71(6277630) elements to enumerate. Approximating.
[kernel] miniz.c:49: more than 71(6276078) elements to enumerate. Approximating.
[kernel] miniz.c:50: more than 71(6276078) elements to enumerate. Approximating.
[kernel] miniz.c:51: more than 71(6276078) elements to enumerate. Approximating.
[kernel] miniz.c:52: more than 71(6276078) elements to enumerate. Approximating.
[kernel] miniz.c:53: more than 71(6276078) elements to enumerate. Approximating.
[kernel] miniz.c:54: more than 71(6276078) elements to enumerate. Approximating.
[kernel] miniz.c:55: more than 71(6276078) elements to enumerate. Approximating.
[kernel] miniz.c:56: more than 71(6276078) elements to enumerate. Approximating.
[kernel] miniz.c:59: more than 71(6276096) elements to enumerate. Approximating.
[kernel] miniz.c:59: more than 71(6276095) elements to enumerate. Approximating.
[kernel] miniz.c:59: more than 71(6276094) elements to enumerate. Approximating.
[kernel] miniz.c:49: more than 71(6274542) elements to enumerate. Approximating.
[kernel] miniz.c:50: more than 71(6274542) elements to enumerate. Approximating.
[kernel] miniz.c:51: more than 71(6274542) elements to enumerate. Approximating.
[kernel] miniz.c:52: more than 71(6274542) elements to enumerate. Approximating.
[kernel] miniz.c:53: more than 71(6274542) elements to enumerate. Approximating.
[kernel] miniz.c:54: more than 71(6274542) elements to enumerate. Approximating.
[kernel] miniz.c:55: more than 71(6274542) elements to enumerate. Approximating.
[kernel] miniz.c:56: more than 71(6274542) elements to enumerate. Approximating.
[kernel] miniz.c:59: more than 71(6274560) elements to enumerate. Approximating.
[kernel] miniz.c:59: more than 71(6274559) elements to enumerate. Approximating.
[kernel] miniz.c:59: more than 71(6274558) elements to enumerate. Approximating.
[kernel] miniz.c:49: more than 71(6273006) elements to enumerate. Approximating.
[kernel] miniz.c:50: more than 71(6273006) elements to enumerate. Approximating.
[kernel] miniz.c:51: more than 71(6273006) elements to enumerate. Approximating.
[kernel] miniz.c:52: more than 71(6273006) elements to enumerate. Approximating.
[kernel] miniz.c:53: more than 71(6273006) elements to enumerate. Approximating.
[kernel] miniz.c:54: more than 71(6273006) elements to enumerate. Approximating.
[kernel] miniz.c:55: more than 71(6273006) elements to enumerate. Approximating.
[kernel] miniz.c:56: more than 71(6273006) elements to enumerate. Approximating.
[kernel] miniz.c:59: more than 71(6273024) elements to enumerate. Approximating.
[kernel] miniz.c:59: more than 71(6273023) elements to enumerate. Approximating.
[kernel] miniz.c:59: more than 71(6273022) elements to enumerate. Approximating.
[kernel] miniz.c:49: more than 71(6271470) elements to enumerate. Approximating.
[kernel] miniz.c:50: more than 71(6271470) elements to enumerate. Approximating.
[kernel] miniz.c:51: more than 71(6271470) elements to enumerate. Approximating.
[kernel] miniz.c:52: more than 71(6271470) elements to enumerate. Approximating.
[kernel] miniz.c:53: more than 71(6271470) elements to enumerate. Approximating.
[kernel] miniz.c:54: more than 71(6271470) elements to enumerate. Approximating.
[kernel] miniz.c:55: more than 71(6271470) elements to enumerate. Approximating.
[kernel] miniz.c:56: more than 71(6271470) elements to enumerate. Approximating.
[kernel] miniz.c:59: more than 71(6271488) elements to enumerate. Approximating.
[kernel] miniz.c:59: more than 71(6271487) elements to enumerate. Approximating.
[kernel] miniz.c:59: more than 71(6271486) elements to enumerate. Approximating.
[kernel] miniz.c:49: more than 71(6269934) elements to enumerate. Approximating.
[kernel] miniz.c:50: more than 71(6269934) elements to enumerate. Approximating.
[kernel] miniz.c:51: more than 71(6269934) elements to enumerate. Approximating.
[kernel] miniz.c:52: more than 71(6269934) elements to enumerate. Approximating.
[kernel] miniz.c:53: more than 71(6269934) elements to enumerate. Approximating.
[kernel] miniz.c:54: more than 71(6269934) elements to enumerate. Approximating.
[kernel] miniz.c:55: more than 71(6269934) elements to enumerate. Approximating.
[kernel] miniz.c:56: more than 71(6269934) elements to enumerate. Approximating.
[kernel] miniz.c:59: more than 71(6269952) elements to enumerate. Approximating.
[kernel] miniz.c:59: more than 71(6269951) elements to enumerate. Approximating.
[kernel] miniz.c:59: more than 71(6269950) elements to enumerate. Approximating.
[kernel] miniz.c:49: more than 71(6268398) elements to enumerate. Approximating.
[kernel] miniz.c:50: more than 71(6268398) elements to enumerate. Approximating.
[kernel] miniz.c:51: more than 71(6268398) elements to enumerate. Approximating.
[kernel] miniz.c:52: more than 71(6268398) elements to enumerate. Approximating.
[kernel] miniz.c:53: more than 71(6268398) elements to enumerate. Approximating.
[kernel] miniz.c:54: more than 71(6268398) elements to enumerate. Approximating.
[kernel] miniz.c:55: more than 71(6268398) elements to enumerate. Approximating.
[kernel] miniz.c:56: more than 71(6268398) elements to enumerate. Approximating.
[kernel] miniz.c:59: more than 71(6268416) elements to enumerate. Approximating.
[kernel] miniz.c:59: more than 71(6268415) elements to enumerate. Approximating.
[kernel] miniz.c:59: more than 71(6268414) elements to enumerate. Approximating.
[kernel] miniz.c:49: more than 71(6266862) elements to enumerate. Approximating.
[kernel] miniz.c:50: more than 71(6266862) elements to enumerate. Approximating.
[kernel] miniz.c:51: more than 71(6266862) elements to enumerate. Approximating.
[kernel] miniz.c:52: more than 71(6266862) elements to enumerate. Approximating.
[kernel] miniz.c:53: more than 71(6266862) elements to enumerate. Approximating.
[kernel] miniz.c:54: more than 71(6266862) elements to enumerate. Approximating.
[kernel] miniz.c:55: more than 71(6266862) elements to enumerate. Approximating.
[kernel] miniz.c:56: more than 71(6266862) elements to enumerate. Approximating.
[kernel] miniz.c:59: more than 71(6266880) elements to enumerate. Approximating.
[kernel] miniz.c:59: more than 71(6266879) elements to enumerate. Approximating.
[kernel] miniz.c:59: more than 71(6266878) elements to enumerate. Approximating.
[kernel] miniz.c:49: more than 71(6265326) elements to enumerate. Approximating.
[kernel] miniz.c:50: more than 71(6265326) elements to enumerate. Approximating.
[kernel] miniz.c:51: more than 71(6265326) elements to enumerate. Approximating.
[kernel] miniz.c:52: more than 71(6265326) elements to enumerate. Approximating.
[kernel] miniz.c:53: more than 71(6265326) elements to enumerate. Approximating.
[kernel] miniz.c:54: more than 71(6265326) elements to enumerate. Approximating.
[kernel] miniz.c:55: more than 71(6265326) elements to enumerate. Approximating.
[kernel] miniz.c:56: more than 71(6265326) elements to enumerate. Approximating.
[kernel] miniz.c:59: more than 71(6265344) elements to enumerate. Approximating.
[kernel] miniz.c:59: more than 71(6265343) elements to enumerate. Approximating.
[kernel] miniz.c:59: more than 71(6265342) elements to enumerate. Approximating.
[kernel] miniz.c:49: more than 71(6263790) elements to enumerate. Approximating.
[kernel] miniz.c:50: more than 71(6263790) elements to enumerate. Approximating.
[kernel] miniz.c:51: more than 71(6263790) elements to enumerate. Approximating.
[kernel] miniz.c:52: more than 71(6263790) elements to enumerate. Approximating.
[kernel] miniz.c:53: more than 71(6263790) elements to enumerate. Approximating.
[kernel] miniz.c:54: more than 71(6263790) elements to enumerate. Approximating.
[kernel] miniz.c:55: more than 71(6263790) elements to enumerate. Approximating.
[kernel] miniz.c:56: more than 71(6263790) elements to enumerate. Approximating.
[kernel] miniz.c:59: more than 71(6263808) elements to enumerate. Approximating.
[kernel] miniz.c:59: more than 71(6263807) elements to enumerate. Approximating.
[kernel] miniz.c:59: more than 71(6263806) elements to enumerate. Approximating.
[eva] miniz_tdef.c:1498: starting to merge loop iterations
[eva:alarm] miniz_tdef.c:1231: Warning: 
  signed overflow.
  assert d->m_pSrc - (mz_uint8 const *)d->m_pIn_buf ≤ 9223372036854775807;
[kernel] miniz_tdef.c:1102: 
  more than 71(4078) elements to enumerate. Approximating.
[kernel] miniz_tdef.c:1117: 
  more than 71(4078) elements to enumerate. Approximating.
[kernel] miniz.c:49: more than 71(4078) elements to enumerate. Approximating.
[kernel] miniz.c:50: more than 71(4078) elements to enumerate. Approximating.
[kernel] miniz.c:51: more than 71(4078) elements to enumerate. Approximating.
[kernel] miniz.c:52: more than 71(4078) elements to enumerate. Approximating.
[kernel] miniz.c:53: more than 71(4078) elements to enumerate. Approximating.
[kernel] miniz.c:54: more than 71(4078) elements to enumerate. Approximating.
[kernel] miniz.c:55: more than 71(4078) elements to enumerate. Approximating.
[kernel] miniz.c:56: more than 71(4078) elements to enumerate. Approximating.
[kernel] miniz.c:49: more than 71(6262274) elements to enumerate. Approximating.
[kernel] miniz.c:50: more than 71(6262274) elements to enumerate. Approximating.
[kernel] miniz.c:51: more than 71(6262274) elements to enumerate. Approximating.
[kernel] miniz.c:52: more than 71(6262274) elements to enumerate. Approximating.
[kernel] miniz.c:53: more than 71(6262274) elements to enumerate. Approximating.
[kernel] miniz.c:54: more than 71(6262274) elements to enumerate. Approximating.
[kernel] miniz.c:55: more than 71(6262274) elements to enumerate. Approximating.
[kernel] miniz.c:56: more than 71(6262274) elements to enumerate. Approximating.
[kernel] miniz.c:49: more than 71(6262275) elements to enumerate. Approximating.
[kernel] miniz.c:50: more than 71(6262275) elements to enumerate. Approximating.
[kernel] miniz.c:51: more than 71(6262275) elements to enumerate. Approximating.
[kernel] miniz.c:52: more than 71(6262275) elements to enumerate. Approximating.
[kernel] miniz.c:53: more than 71(6262275) elements to enumerate. Approximating.
[kernel] miniz.c:54: more than 71(6262275) elements to enumerate. Approximating.
[kernel] miniz.c:55: more than 71(6262275) elements to enumerate. Approximating.
[kernel] miniz.c:56: more than 71(6262275) elements to enumerate. Approximating.
[kernel] miniz.c:49: more than 71(6262276) elements to enumerate. Approximating.
[kernel] miniz.c:50: more than 71(6262276) elements to enumerate. Approximating.
[kernel] miniz.c:51: more than 71(6262276) elements to enumerate. Approximating.
[kernel] miniz.c:52: more than 71(6262276) elements to enumerate. Approximating.
[kernel] miniz.c:53: more than 71(6262276) elements to enumerate. Approximating.
[kernel] miniz.c:54: more than 71(6262276) elements to enumerate. Approximating.
[kernel] miniz.c:55: more than 71(6262276) elements to enumerate. Approximating.
[kernel] miniz.c:56: more than 71(6262276) elements to enumerate. Approximating.
[kernel] miniz.c:49: more than 71(6262277) elements to enumerate. Approximating.
[kernel] miniz.c:50: more than 71(6262277) elements to enumerate. Approximating.
[kernel] miniz.c:51: more than 71(6262277) elements to enumerate. Approximating.
[kernel] miniz.c:52: more than 71(6262277) elements to enumerate. Approximating.
[kernel] miniz.c:53: more than 71(6262277) elements to enumerate. Approximating.
[kernel] miniz.c:54: more than 71(6262277) elements to enumerate. Approximating.
[kernel] miniz.c:55: more than 71(6262277) elements to enumerate. Approximating.
[kernel] miniz.c:56: more than 71(6262277) elements to enumerate. Approximating.
[kernel] miniz.c:49: more than 71(6262278) elements to enumerate. Approximating.
[kernel] miniz.c:50: more than 71(6262278) elements to enumerate. Approximating.
[kernel] miniz.c:51: more than 71(6262278) elements to enumerate. Approximating.
[kernel] miniz.c:52: more than 71(6262278) elements to enumerate. Approximating.
[kernel] miniz.c:53: more than 71(6262278) elements to enumerate. Approximating.
[kernel] miniz.c:54: more than 71(6262278) elements to enumerate. Approximating.
[kernel] miniz.c:55: more than 71(6262278) elements to enumerate. Approximating.
[kernel] miniz.c:56: more than 71(6262278) elements to enumerate. Approximating.
[kernel] miniz.c:49: more than 71(6262279) elements to enumerate. Approximating.
[kernel] miniz.c:50: more than 71(6262279) elements to enumerate. Approximating.
[kernel] miniz.c:51: more than 71(6262279) elements to enumerate. Approximating.
[kernel] miniz.c:52: more than 71(6262279) elements to enumerate. Approximating.
[kernel] miniz.c:53: more than 71(6262279) elements to enumerate. Approximating.
[kernel] miniz.c:54: more than 71(6262279) elements to enumerate. Approximating.
[kernel] miniz.c:55: more than 71(6262279) elements to enumerate. Approximating.
[kernel] miniz.c:56: more than 71(6262279) elements to enumerate. Approximating.
[eva:alarm] miniz_tdef.c:1207: Warning: 
  function __FC_assert: precondition 'nonnull_c' got status unknown.
[eva] miniz_tdef.c:1404: 
  allocating variable __realloc_tdefl_output_buffer_putter_l1404_2
[eva:alarm] miniz_tdef.c:744: Warning: 
  accessing uninitialized left-value. assert \initialized(&ret);
[eva:loop-unroll:auto] miniz_tdef.c:676: Automatic loop unrolling.
[eva] miniz_tdef.c:1404: 
  allocating variable __realloc_tdefl_output_buffer_putter_l1404_3
[eva:locals-escaping] miniz_tdef.c:1503: Warning: 
  locals {in_buf_size} escaping the scope of tdefl_compress_buffer through __malloc_tdefl_write_image_to_png_file_in_memory_ex_l1478
[eva:loop-unroll:auto] miniz.c:140: Automatic loop unrolling.
[eva:loop-unroll:auto] miniz.c:150: Automatic loop unrolling.
[eva:loop-unroll:auto] miniz_tdef.c:1532: Automatic loop unrolling.
[eva] miniz_tdef.c:1404: 
  allocating variable __realloc_tdefl_output_buffer_putter_l1404_4
[eva:alarm] miniz.c:142: Warning: 
  accessing uninitialized left-value. assert \initialized(pByte_buf + 0);
[eva:alarm] miniz.c:143: Warning: 
  accessing uninitialized left-value. assert \initialized(pByte_buf + 1);
[eva:alarm] miniz.c:144: Warning: 
  accessing uninitialized left-value. assert \initialized(pByte_buf + 2);
[eva:alarm] miniz.c:145: Warning: 
  accessing uninitialized left-value. assert \initialized(pByte_buf + 3);
[eva:loop-unroll:partial] miniz.c:147: loop not completely unrolled
[eva] miniz.c:140: starting to merge loop iterations
[eva:alarm] miniz.c:142: Warning: 
  out of bounds read. assert \valid_read(pByte_buf + 0);
[kernel] miniz.c:142: 
  more than 71(12583923) elements to enumerate. Approximating.
[kernel] miniz.c:142: 
  more than 71(4611686018427387877) elements to enumerate. Approximating.
[eva:alarm] miniz.c:143: Warning: 
  out of bounds read. assert \valid_read(pByte_buf + 1);
[kernel] miniz.c:143: 
  more than 71(12583923) elements to enumerate. Approximating.
[kernel] miniz.c:143: 
  more than 71(4611686018427387877) elements to enumerate. Approximating.
[kernel] miniz.c:143: 
  more than 71(4611686018427387876) elements to enumerate. Approximating.
[eva:alarm] miniz.c:144: Warning: 
  out of bounds read. assert \valid_read(pByte_buf + 2);
[kernel] miniz.c:144: 
  more than 71(12583923) elements to enumerate. Approximating.
[kernel] miniz.c:144: 
  more than 71(4611686018427387877) elements to enumerate. Approximating.
[kernel] miniz.c:144: 
  more than 71(4611686018427387876) elements to enumerate. Approximating.
[eva:alarm] miniz.c:145: Warning: 
  out of bounds read. assert \valid_read(pByte_buf + 3);
[kernel] miniz.c:145: 
  more than 71(12583923) elements to enumerate. Approximating.
[kernel] miniz.c:145: 
  more than 71(4611686018427387876) elements to enumerate. Approximating.
[eva:alarm] miniz.c:152: Warning: 
  accessing uninitialized left-value. assert \initialized(pByte_buf + 0);
[eva:alarm] miniz.c:152: Warning: 
  out of bounds read. assert \valid_read(pByte_buf + 0);
[kernel] miniz.c:152: 
  more than 71(12583941) elements to enumerate. Approximating.
[kernel] miniz.c:152: 
  more than 71(4611686018427387895) elements to enumerate. Approximating.
[kernel] miniz.c:152: 
  more than 71(4611686018427387894) elements to enumerate. Approximating.
[kernel] miniz.c:145: 
  more than 71(12583941) elements to enumerate. Approximating.
[kernel] miniz.c:145: 
  more than 71(4611686018427387894) elements to enumerate. Approximating.
[eva:loop-unroll:auto] miniz_tdef.c:1545: Automatic loop unrolling.
[eva:alarm] miniz_tdef.c:1546: Warning: 
  out of bounds write.
  assert \valid(((out_buf.m_pBuf + out_buf.m_size) - 16) + i);
[eva] using specification for function fprintf_va_1
[eva] using specification for function fopen
[eva] using specification for function fwrite
[eva:alarm] examples/example6.c:150: Warning: 
  function fwrite: precondition 'valid_ptr_block' got status unknown.
[eva:alarm] examples/example6.c:150: Warning: 
  function fwrite: precondition 'valid_stream' got status invalid.
[eva] using specification for function fclose
[eva] using specification for function printf_va_1
[kernel] examples/example6.c:118: 
  more than 71(16777216) elements to enumerate. Approximating.
[kernel] examples/example6.c:119: 
  more than 71(16777216) elements to enumerate. Approximating.
[kernel] examples/example6.c:120: 
  more than 71(16777216) elements to enumerate. Approximating.
[eva] ====== VALUES COMPUTED ======
[kernel] examples/example6.c:46: 
  more than 71(16777208) elements to enumerate. Approximating.
[kernel] examples/example6.c:46: 
  more than 71(16777208) elements to enumerate. Approximating.
[kernel] examples/example6.c:47: 
  more than 71(16777208) elements to enumerate. Approximating.
[eva:final-states] Values at end of function hsv_to_rgb:
  max ∈ [2..2147483647]
  invert ∈ {0}
  saturation ∈ {1}
  color_rotate ∈ {0}
  h ∈ [-3.9999 .. 6.]
  c ∈ {255.}
  X ∈ [-1. .. 255.]
  __malloc_main_l85[0] ∈ {255}
                   [1..2] ∈ {0}
                   [3] ∈ {1; 255}
                   [4..5] ∈ {0}
                   [6] ∈ {1; 255}
                   [7..8] ∈ {0}
                   [9] ∈ {1; 255}
                   [10..11] ∈ {0}
                   [12] ∈ {1; 255}
                   [13..14] ∈ {0}
                   [15] ∈ {1; 255}
                   [16..17] ∈ {0}
                   [18] ∈ {1; 255}
                   [19..20] ∈ {0}
                   [21] ∈ {1; 255}
                   [22..23] ∈ {0}
                   [24..12287] ∈ [--..--] or UNINITIALIZED
                   [12288] ∈ {1; 255}
                   [12289..12290] ∈ {0}
                   [12291] ∈ {1; 255}
                   [12292..12293] ∈ {0}
                   [12294] ∈ {1; 255}
                   [12295..12296] ∈ {0}
                   [12297] ∈ {1; 255}
                   [12298..12299] ∈ {0}
                   [12300..24575] ∈ [--..--] or UNINITIALIZED
                   [24576] ∈ {1; 255}
                   [24577..24578] ∈ {0}
                   [24579] ∈ {1; 255}
                   [24580..24581] ∈ {0}
                   [24582] ∈ {1; 255}
                   [24583..24584] ∈ {0}
                   [24585] ∈ {1; 255}
                   [24586..24587] ∈ {0}
                   [24588..36863] ∈ [--..--] or UNINITIALIZED
                   [36864] ∈ {1; 255}
                   [36865..36866] ∈ {0}
                   [36867] ∈ {1; 255}
                   [36868..36869] ∈ {0}
                   [36870] ∈ {1; 255}
                   [36871..36872] ∈ {0}
                   [36873] ∈ {1; 255}
                   [36874..36875] ∈ {0}
                   [36876..50331647] ∈ [--..--] or UNINITIALIZED
[eva:final-states] Values at end of function TDEFL_READ_UNALIGNED_WORD:
  ret ∈ [--..--] or UNINITIALIZED
[eva:final-states] Values at end of function TDEFL_READ_UNALIGNED_WORD2:
  ret ∈ [--..--] or UNINITIALIZED
[eva:final-states] Values at end of function mz_adler32:
  ptr ∈ {{ &z + {1} ; &__malloc_main_l85 + [0..--] }}
  buf_len ∈ {0}
  i ∈ [0..2147483647] or UNINITIALIZED
  s1 ∈ [0..65535]
  s2 ∈ [0..65520]
  block_len ∈ [0..5552]
  __retres ∈ [0..4293984255]
[eva:final-states] Values at end of function mz_crc32:
  buf_len ∈ {0}
  mz_crc32_0 ∈ [--..--]
  pByte_buf ∈
           {{ &pnghdr[29] ;
              &__malloc_tdefl_write_image_to_png_file_in_memory_ex_l1488 +
              [37..50335801] ;
              &__realloc_w_tdefl_output_buffer_putter_l1404 +
              [37..18446744073709551616] ;
              &__realloc_w_tdefl_output_buffer_putter_l1404_0 +
              [37..18446744073709551614] ;
              &__realloc_w_tdefl_output_buffer_putter_l1404_1 +
              [37..18446744073709551614] ;
              &__realloc_w_tdefl_output_buffer_putter_l1404_2 +
              [37..18446744073709551614] ;
              &__realloc_tdefl_output_buffer_putter_l1404_3 +
              [37..18446744073709551614] ;
              &__realloc_tdefl_output_buffer_putter_l1404_4 +
              [37..18446744073709551614] }}
  __retres ∈ [0..4294967295]
[eva:final-states] Values at end of function mz_free:
  pPNG_data ∈
           {{ NULL ;
              (void *)&__malloc_tdefl_write_image_to_png_file_in_memory_ex_l1488 ;
              (void *)&__realloc_w_tdefl_output_buffer_putter_l1404 ;
              (void *)&__realloc_w_tdefl_output_buffer_putter_l1404_0 ;
              (void *)&__realloc_w_tdefl_output_buffer_putter_l1404_1 ;
              (void *)&__realloc_w_tdefl_output_buffer_putter_l1404_2 ;
              (void *)&__realloc_tdefl_output_buffer_putter_l1404_3 ;
              (void *)&__realloc_tdefl_output_buffer_putter_l1404_4 }} or ESCAPINGADDR
  p ∈
   {{ NULL ;
      (void *)&__malloc_tdefl_write_image_to_png_file_in_memory_ex_l1488 ;
      (void *)&__realloc_w_tdefl_output_buffer_putter_l1404 ;
      (void *)&__realloc_w_tdefl_output_buffer_putter_l1404_0 ;
      (void *)&__realloc_w_tdefl_output_buffer_putter_l1404_1 ;
      (void *)&__realloc_w_tdefl_output_buffer_putter_l1404_2 ;
      (void *)&__realloc_tdefl_output_buffer_putter_l1404_3 ;
      (void *)&__realloc_tdefl_output_buffer_putter_l1404_4 }} or ESCAPINGADDR
[kernel] miniz_tdef.c:167: 
  more than 71(287) elements to enumerate. Approximating.
[kernel] miniz_tdef.c:169: 
  more than 71(286) elements to enumerate. Approximating.
[eva:final-states] Values at end of function tdefl_calculate_minimum_redundancy:
  root ∈ [-1..286] or UNINITIALIZED
  leaf ∈ [2..2147483647] or UNINITIALIZED
  next ∈ [-2147483648..287] or UNINITIALIZED
  avbl ∈ {0} or UNINITIALIZED
  used ∈ {0} or UNINITIALIZED
  dpth ∈ [1..2147483647] or UNINITIALIZED
  syms0[0..287] ∈ [--..--] or UNINITIALIZED
  syms1{[0..286]; [287].m_key} ∈ [--..--] or UNINITIALIZED
       [287].m_sym_index# ∈
       [1..4294967295] or UNINITIALIZED%32, bits 16 to 31 
[eva:final-states] Values at end of function tdefl_compress_lz_codes:
  flags ∈ [1..511]
  pLZ_codes ∈
           {{ &__malloc_tdefl_write_image_to_png_file_in_memory_ex_l1478 +
              [37546..--] }}
  pOutput_buf ∈
             {{ &__malloc_tdefl_write_image_to_png_file_in_memory_ex_l1478 +
                [234154..319351] }}
  pLZ_code_buf_end ∈
                  {{ &__malloc_tdefl_write_image_to_png_file_in_memory_ex_l1478 +
                     [37546..319353] }}
  bit_buffer ∈ [0..36028797018963967]
  bits_in ∈ [0..55]
  __retres ∈ {0; 1}
  __malloc_tdefl_write_image_to_png_file_in_memory_ex_l1478.m_pPut_buf_func ∈
                                                           {{ &tdefl_output_buffer_putter }}
                                                           .m_pPut_buf_user ∈
                                                           {{ (void *)&out_buf }}
                                                           .m_flags ∈
                                                           {4224}
                                                           .m_max_probes[0] ∈
                                                           {44}
                                                           .m_max_probes[1] ∈
                                                           {12}
                                                           .m_greedy_parsing ∈
                                                           {0}
                                                           .m_adler32 ∈
                                                           [0..4293984255]
                                                           {.m_lookahead_pos; .m_lookahead_size} ∈
                                                           [--..--]
                                                           .m_dict_size ∈
                                                           [0..2147483647]
                                                           .m_pLZ_code_buf ∈
                                                           {{ &__malloc_tdefl_write_image_to_png_file_in_memory_ex_l1478 +
                                                              [37546..319353] }}
                                                           .m_pLZ_flags ∈
                                                           {{ &__malloc_tdefl_write_image_to_png_file_in_memory_ex_l1478 +
                                                              [37546..319351] }}
                                                           .m_pOutput_buf ∈
                                                           {{ &__malloc_tdefl_write_image_to_png_file_in_memory_ex_l1478 +
                                                              [234154..319351] }}
                                                           .m_pOutput_buf_end ∈
                                                           {{ &__malloc_tdefl_write_image_to_png_file_in_memory_ex_l1478.m_output_buf[85180] }}
                                                           .m_num_flags_left ∈
                                                           {1; 2; 3; 4; 5; 6;
                                                            7; 8}
                                                           {.m_total_lz_bytes; .m_lz_code_buf_dict_pos} ∈
                                                           [--..--]
                                                           .m_bits_in ∈
                                                           {0; 1; 2; 3; 4; 5;
                                                            6; 7}
                                                           .m_bit_buffer ∈
                                                           [0..8388607]
                                                           .m_saved_match_dist ∈
                                                           [0..2147483647]
                                                           .m_saved_match_len ∈
                                                           [0..127]
                                                           .m_saved_lit ∈
                                                           [0..255]
                                                           {.m_output_flush_ofs; .m_output_flush_remaining; .m_finished} ∈
                                                           {0}
                                                           .m_block_index ∈
                                                           [--..--]
                                                           .m_wants_to_finish ∈
                                                           {0; 1}
                                                           .m_prev_return_status ∈
                                                           {TDEFL_STATUS_PUT_BUF_FAILED;
                                                            TDEFL_STATUS_OKAY}
                                                           .m_pIn_buf ∈
                                                           {{ NULL ;
                                                              (void const *)&z ;
                                                              &__malloc_main_l85 +
                                                              [0..50319360],0%12288 }}
                                                           .m_pOut_buf ∈
                                                           {0}
                                                           .m_pIn_buf_size ∈
                                                           {{ &in_buf_size }}
                                                           .m_pOut_buf_size ∈
                                                           {0}
                                                           .m_flush ∈
                                                           {TDEFL_NO_FLUSH;
                                                            TDEFL_FINISH}
                                                           .[bits 1376 to 1407] ∈
                                                           UNINITIALIZED
                                                           .m_pSrc ∈
                                                           {{ NULL ;
                                                              &z + {1} ;
                                                              &__malloc_main_l85 +
                                                              [22..--] }}
                                                           .m_src_buf_left ∈
                                                           [--..--]
                                                           .m_out_buf_ofs ∈
                                                           {0}
                                                           .m_dict[0..33024] ∈
                                                           [--..--]
                                                           .[bits 265800 to 265807] ∈
                                                           UNINITIALIZED
                                                           .m_huff_count[0][0..255] ∈
                                                           [--..--]
                                                           .m_huff_count[0][256] ∈
                                                           {0; 1}
                                                           .m_huff_count[0][257..285] ∈
                                                           [--..--]
                                                           .m_huff_count[0][286..287] ∈
                                                           {0}
                                                           .m_huff_count[1][0..29] ∈
                                                           [--..--]
                                                           .m_huff_count[1][30..31] ∈
                                                           {0}
                                                           .m_huff_count[1][32..287] ∈
                                                           UNINITIALIZED
                                                           .m_huff_count[2][0..18] ∈
                                                           [--..--] or UNINITIALIZED
                                                           .m_huff_count[2][19..287] ∈
                                                           UNINITIALIZED
                                                           .m_huff_codes[0][0] ∈
                                                           [0..16383]
                                                           .m_huff_codes[0][1..3] ∈
                                                           [0..32767]
                                                           .m_huff_codes[0][4..287] ∈
                                                           [0..32767] or UNINITIALIZED
                                                           .m_huff_codes[1][0] ∈
                                                           [0..16383]
                                                           .m_huff_codes[1][1..3] ∈
                                                           [0..32767]
                                                           .m_huff_codes[1][4..31] ∈
                                                           [0..32767] or UNINITIALIZED
                                                           .m_huff_codes[1][32..287] ∈
                                                           {0} or UNINITIALIZED
                                                           .m_huff_codes[2][0] ∈
                                                           [0..63] or UNINITIALIZED
                                                           .m_huff_codes[2][1..18] ∈
                                                           [0..127] or UNINITIALIZED
                                                           .m_huff_codes[2][19..287] ∈
                                                           {0} or UNINITIALIZED
                                                           .m_huff_code_sizes[0][0..17] ∈
                                                           [0..15]
                                                           .m_huff_code_sizes[0][18..287] ∈
                                                           [0..15] or UNINITIALIZED
                                                           .m_huff_code_sizes[1][0..31] ∈
                                                           [0..15]
                                                           .m_huff_code_sizes[1][32..287] ∈
                                                           [0..15] or UNINITIALIZED
                                                           .m_huff_code_sizes[2][0..287] ∈
                                                           [0..9] or UNINITIALIZED
                                                           .m_lz_code_buf[0] ∈
                                                           [--..--]
                                                           .m_lz_code_buf[1..65535] ∈
                                                           [--..--] or UNINITIALIZED
                                                           .m_next[0..16] ∈
                                                           [--..--]
                                                           .m_next[17..32767] ∈
                                                           [--..--] or UNINITIALIZED
                                                           .m_hash[0..32767] ∈
                                                           [--..--]
                                                           {.m_output_buf[0..85195]; .[bits 2554800 to 2554815]} ∈
                                                           [--..--] or UNINITIALIZED
[eva:final-states] Values at end of function tdefl_find_match:
  dist ∈ [0..65535] or UNINITIALIZED
  pos ∈ [0..32767]
  match_len ∈ [1..258]
  probe_pos ∈ [0..32767]
  next_probe_pos ∈ [0..65535] or UNINITIALIZED
  probe_len ∈ [--..--] or UNINITIALIZED
  num_probes_left ∈ [0..44]
  s ∈
   {{ &__malloc_tdefl_write_image_to_png_file_in_memory_ex_l1478 +
      [200..32967] }}
  p ∈
   {{ &__malloc_tdefl_write_image_to_png_file_in_memory_ex_l1478 + [202..--] }} or UNINITIALIZED
  q ∈
   {{ &__malloc_tdefl_write_image_to_png_file_in_memory_ex_l1478 + [200..--] }} or UNINITIALIZED
  c01 ∈ [--..--]
  s01 ∈ [--..--]
  cur_match_dist ∈ [0..32768]
  cur_match_len ∈ [1..258]
[eva:final-states] Values at end of function tdefl_flush_output_buffer:
  in_buf_size ∈ [--..--]
[eva:final-states] 
  Values at end of function tdefl_huffman_enforce_max_code_size:
  i ∈ [0..14] or UNINITIALIZED
  total ∈ {0; 128; 32768}
  num_codes[0] ∈ [0..2147483647]
           [1..15] ∈ [--..--]
           [16..32] ∈ [0..2147483647]
[eva:final-states] Values at end of function tdefl_init:
  __retres ∈ {TDEFL_STATUS_OKAY}
  __malloc_tdefl_write_image_to_png_file_in_memory_ex_l1478.m_pPut_buf_func ∈
                                                           {{ &tdefl_output_buffer_putter }}
                                                           .m_pPut_buf_user ∈
                                                           {{ (void *)&out_buf }}
                                                           .m_flags ∈
                                                           {4224}
                                                           .m_max_probes[0] ∈
                                                           {44}
                                                           .m_max_probes[1] ∈
                                                           {12}
                                                           .m_greedy_parsing ∈
                                                           {0}
                                                           .m_adler32 ∈ {1}
                                                           {.m_lookahead_pos; .m_lookahead_size; .m_dict_size} ∈
                                                           {0}
                                                           .m_pLZ_code_buf ∈
                                                           {{ &__malloc_tdefl_write_image_to_png_file_in_memory_ex_l1478.m_lz_code_buf[1] }}
                                                           .m_pLZ_flags ∈
                                                           {{ &__malloc_tdefl_write_image_to_png_file_in_memory_ex_l1478.m_lz_code_buf[0] }}
                                                           {.m_pOutput_buf; .m_pOutput_buf_end} ∈
                                                           {{ &__malloc_tdefl_write_image_to_png_file_in_memory_ex_l1478.m_output_buf[0] }}
                                                           .m_num_flags_left ∈
                                                           {8}
                                                           {.m_total_lz_bytes; .m_lz_code_buf_dict_pos; .m_bits_in; .m_bit_buffer; .m_saved_match_dist; .m_saved_match_len; .m_saved_lit; .m_output_flush_ofs; .m_output_flush_remaining; .m_finished; .m_block_index; .m_wants_to_finish; .m_prev_return_status; .m_pIn_buf; .m_pOut_buf; .m_pIn_buf_size; .m_pOut_buf_size; .m_flush} ∈
                                                           {0}
                                                           .[bits 1376 to 1407] ∈
                                                           UNINITIALIZED
                                                           {.m_pSrc; .m_src_buf_left; .m_out_buf_ofs; .m_dict[0..33024]} ∈
                                                           {0}
                                                           .[bits 265800 to 265807] ∈
                                                           UNINITIALIZED
                                                           .m_huff_count{[0][0..287]; [1][0..31]} ∈
                                                           {0}
                                                           {.m_huff_count{[1][32..287]; [2][0..287]}; .m_huff_codes[0..2][0..287]; .m_huff_code_sizes[0..2][0..287]} ∈
                                                           UNINITIALIZED
                                                           .m_lz_code_buf[0] ∈
                                                           {0}
                                                           {.m_lz_code_buf[1..65535]; .m_next[0..32767]} ∈
                                                           UNINITIALIZED
                                                           .m_hash[0..32767] ∈
                                                           {0}
                                                           {.m_output_buf[0..85195]; .[bits 2554800 to 2554815]} ∈
                                                           UNINITIALIZED
[eva:final-states] Values at end of function tdefl_output_buffer_putter:
  p ∈ {{ &out_buf }}
  new_size ∈ [0..18446744073709551614]
  out_buf.m_size ∈ [0..18446744073709551614]
         .m_capacity ∈ [50335801..18446744073709551614]
         .m_pBuf ∈
         {{ &__malloc_tdefl_write_image_to_png_file_in_memory_ex_l1488[0] ;
            &__realloc_w_tdefl_output_buffer_putter_l1404[0] ;
            &__realloc_w_tdefl_output_buffer_putter_l1404_0[0] ;
            &__realloc_w_tdefl_output_buffer_putter_l1404_1[0] ;
            &__realloc_w_tdefl_output_buffer_putter_l1404_2[0] ;
            &__realloc_tdefl_output_buffer_putter_l1404_3[0] ;
            &__realloc_tdefl_output_buffer_putter_l1404_4[0] }}
         .m_expandable ∈ {1}
         .[bits 224 to 255] ∈ {0}
  __retres ∈ {0; 1}
  __malloc_tdefl_write_image_to_png_file_in_memory_ex_l1488[0..50335800] ∈
                                                           [--..--] or UNINITIALIZED
  __realloc_w_tdefl_output_buffer_putter_l1404[0..18446744073709551615] ∈
                                              [--..--] or UNINITIALIZED
  __realloc_w_tdefl_output_buffer_putter_l1404_0[0..18446744073709551613] ∈
                                                [--..--] or UNINITIALIZED
  __realloc_w_tdefl_output_buffer_putter_l1404_1[0..18446744073709551613] ∈
                                                [--..--] or UNINITIALIZED
  __realloc_w_tdefl_output_buffer_putter_l1404_2[0..18446744073709551613] ∈
                                                [--..--] or UNINITIALIZED
  __realloc_tdefl_output_buffer_putter_l1404_3[0..18446744073709551613] ∈
                                              [--..--] or UNINITIALIZED
  __realloc_tdefl_output_buffer_putter_l1404_4[0..18446744073709551613] ∈
                                              [--..--] or UNINITIALIZED
[eva:final-states] Values at end of function tdefl_radix_sort_syms:
  total_passes ∈ {1; 2}
  pass_shift ∈ {8; 16}
  pass ∈ {1; 2}
  i ∈ [0..2147483647]
  hist[0..511] ∈ [--..--]
  pCur_syms ∈ {{ &syms0[0] ; &syms1[0] }}
  pNew_syms ∈ {{ &syms0[0] ; &syms1[0] }}
  syms0[0..287] ∈ [--..--] or UNINITIALIZED
  syms1[0].m_key ∈ [--..--] or UNINITIALIZED
       [0].m_sym_index# ∈
       [1..4294967295] or UNINITIALIZED%32, bits 16 to 31 
       [1].m_key ∈ [--..--] or UNINITIALIZED
       [1].m_sym_index# ∈
       [1..4294967295] or UNINITIALIZED%32, bits 16 to 31 
       [2].m_key ∈ [--..--] or UNINITIALIZED
       [2].m_sym_index# ∈
       [1..4294967295] or UNINITIALIZED%32, bits 16 to 31 
       [3].m_key ∈ [--..--] or UNINITIALIZED
       [3].m_sym_index# ∈
       [1..4294967295] or UNINITIALIZED%32, bits 16 to 31 
       [4].m_key ∈ [--..--] or UNINITIALIZED
       [4].m_sym_index# ∈
       [1..4294967295] or UNINITIALIZED%32, bits 16 to 31 
       [5].m_key ∈ [--..--] or UNINITIALIZED
       [5].m_sym_index# ∈
       [1..4294967295] or UNINITIALIZED%32, bits 16 to 31 
       [6].m_key ∈ [--..--] or UNINITIALIZED
       [6].m_sym_index# ∈
       [1..4294967295] or UNINITIALIZED%32, bits 16 to 31 
       [7].m_key ∈ [--..--] or UNINITIALIZED
       [7].m_sym_index# ∈
       [1..4294967295] or UNINITIALIZED%32, bits 16 to 31 
       [8].m_key ∈ [--..--] or UNINITIALIZED
       [8].m_sym_index# ∈
       [1..4294967295] or UNINITIALIZED%32, bits 16 to 31 
       [9].m_key ∈ [--..--] or UNINITIALIZED
       [9].m_sym_index# ∈
       [1..4294967295] or UNINITIALIZED%32, bits 16 to 31 
       [10].m_key ∈ [--..--] or UNINITIALIZED
       [10].m_sym_index# ∈
       [1..4294967295] or UNINITIALIZED%32, bits 16 to 31 
       [11].m_key ∈ [--..--] or UNINITIALIZED
       [11].m_sym_index# ∈
       [1..4294967295] or UNINITIALIZED%32, bits 16 to 31 
       [12].m_key ∈ [--..--] or UNINITIALIZED
       [12].m_sym_index# ∈
       [1..4294967295] or UNINITIALIZED%32, bits 16 to 31 
       [13].m_key ∈ [--..--] or UNINITIALIZED
       [13].m_sym_index# ∈
       [1..4294967295] or UNINITIALIZED%32, bits 16 to 31 
       [14].m_key ∈ [--..--] or UNINITIALIZED
       [14].m_sym_index# ∈
       [1..4294967295] or UNINITIALIZED%32, bits 16 to 31 
       [15].m_key ∈ [--..--] or UNINITIALIZED
       [15].m_sym_index# ∈
       [1..4294967295] or UNINITIALIZED%32, bits 16 to 31 
       [16].m_key ∈ [--..--] or UNINITIALIZED
       [16].m_sym_index# ∈
       [1..4294967295] or UNINITIALIZED%32, bits 16 to 31 
       [17].m_key ∈ [--..--] or UNINITIALIZED
       [17].m_sym_index# ∈
       [1..4294967295] or UNINITIALIZED%32, bits 16 to 31 
       [18].m_key ∈ [--..--] or UNINITIALIZED
       [bits 592 to 9215]# ∈
       [1..4294967295] or UNINITIALIZED repeated %32, bits 16 to 8639 
[eva:final-states] Values at end of function tdefl_optimize_huffman_table:
  i ∈ {19; 32; 288}
  j ∈ [0..2147483646],0%2
  l ∈ [-2147483648..0]
  num_codes[0..1] ∈ [0..2147483647]
           [2..6] ∈ [-2147483646..2147483647]
           [7] ∈ [--..--]
           [8..14] ∈ [-2147483646..2147483647]
           [15] ∈ [--..--]
           [16..32] ∈ [0..2147483647]
  next_code[0] ∈ UNINITIALIZED
           [1..7] ∈ [--..--]
           [8..15] ∈ [--..--] or UNINITIALIZED
           [16..32] ∈ UNINITIALIZED
  __malloc_tdefl_write_image_to_png_file_in_memory_ex_l1478.m_pPut_buf_func ∈
                                                           {{ &tdefl_output_buffer_putter }}
                                                           .m_pPut_buf_user ∈
                                                           {{ (void *)&out_buf }}
                                                           .m_flags ∈
                                                           {4224}
                                                           .m_max_probes[0] ∈
                                                           {44}
                                                           .m_max_probes[1] ∈
                                                           {12}
                                                           .m_greedy_parsing ∈
                                                           {0}
                                                           .m_adler32 ∈
                                                           [0..4293984255]
                                                           {.m_lookahead_pos; .m_lookahead_size} ∈
                                                           [--..--]
                                                           .m_dict_size ∈
                                                           [0..2147483647]
                                                           .m_pLZ_code_buf ∈
                                                           {{ &__malloc_tdefl_write_image_to_png_file_in_memory_ex_l1478 +
                                                              [37546..319353] }}
                                                           .m_pLZ_flags ∈
                                                           {{ &__malloc_tdefl_write_image_to_png_file_in_memory_ex_l1478 +
                                                              [37546..319351] }}
                                                           .m_pOutput_buf ∈
                                                           {{ &__malloc_tdefl_write_image_to_png_file_in_memory_ex_l1478{
                                                              .m_output_buf[0],
                                                              .m_output_buf[1],
                                                              .m_output_buf[2],
                                                              .m_output_buf[3]} }}
                                                           .m_pOutput_buf_end ∈
                                                           {{ &__malloc_tdefl_write_image_to_png_file_in_memory_ex_l1478.m_output_buf[85180] }}
                                                           .m_num_flags_left ∈
                                                           {1; 2; 3; 4; 5; 6;
                                                            7; 8}
                                                           {.m_total_lz_bytes; .m_lz_code_buf_dict_pos} ∈
                                                           [--..--]
                                                           .m_bits_in ∈
                                                           {0; 1; 2; 3; 4; 5;
                                                            6; 7}
                                                           .m_bit_buffer ∈
                                                           [0..8388607]
                                                           .m_saved_match_dist ∈
                                                           [0..2147483647]
                                                           .m_saved_match_len ∈
                                                           [0..127]
                                                           .m_saved_lit ∈
                                                           [0..255]
                                                           {.m_output_flush_ofs; .m_output_flush_remaining; .m_finished} ∈
                                                           {0}
                                                           .m_block_index ∈
                                                           [--..--]
                                                           .m_wants_to_finish ∈
                                                           {0; 1}
                                                           .m_prev_return_status ∈
                                                           {TDEFL_STATUS_PUT_BUF_FAILED;
                                                            TDEFL_STATUS_OKAY}
                                                           .m_pIn_buf ∈
                                                           {{ NULL ;
                                                              (void const *)&z ;
                                                              &__malloc_main_l85 +
                                                              [0..50319360],0%12288 }}
                                                           .m_pOut_buf ∈
                                                           {0}
                                                           .m_pIn_buf_size ∈
                                                           {{ &in_buf_size }}
                                                           .m_pOut_buf_size ∈
                                                           {0}
                                                           .m_flush ∈
                                                           {TDEFL_NO_FLUSH;
                                                            TDEFL_FINISH}
                                                           .[bits 1376 to 1407] ∈
                                                           UNINITIALIZED
                                                           .m_pSrc ∈
                                                           {{ NULL ;
                                                              &z + {1} ;
                                                              &__malloc_main_l85 +
                                                              [22..--] }}
                                                           .m_src_buf_left ∈
                                                           [--..--]
                                                           .m_out_buf_ofs ∈
                                                           {0}
                                                           .m_dict[0..33024] ∈
                                                           [--..--]
                                                           .[bits 265800 to 265807] ∈
                                                           UNINITIALIZED
                                                           .m_huff_count[0][0..255] ∈
                                                           [--..--]
                                                           .m_huff_count[0][256] ∈
                                                           {0; 1}
                                                           .m_huff_count[0][257..285] ∈
                                                           [--..--]
                                                           .m_huff_count[0][286..287] ∈
                                                           {0}
                                                           .m_huff_count[1][0..29] ∈
                                                           [--..--]
                                                           .m_huff_count[1][30..31] ∈
                                                           {0}
                                                           .m_huff_count[1][32..287] ∈
                                                           UNINITIALIZED
                                                           .m_huff_count[2][0..18] ∈
                                                           [--..--] or UNINITIALIZED
                                                           .m_huff_count[2][19..287] ∈
                                                           UNINITIALIZED
                                                           .m_huff_codes[0][0] ∈
                                                           [0..16383]
                                                           .m_huff_codes[0][1..3] ∈
                                                           [0..32767]
                                                           .m_huff_codes[0][4..287] ∈
                                                           [0..32767] or UNINITIALIZED
                                                           .m_huff_codes[1][0] ∈
                                                           [0..16383] or UNINITIALIZED
                                                           .m_huff_codes[1][1..31] ∈
                                                           [0..32767] or UNINITIALIZED
                                                           .m_huff_codes[1][32..287] ∈
                                                           {0} or UNINITIALIZED
                                                           .m_huff_codes[2][0] ∈
                                                           [0..63] or UNINITIALIZED
                                                           .m_huff_codes[2][1..18] ∈
                                                           [0..127] or UNINITIALIZED
                                                           .m_huff_codes[2][19..287] ∈
                                                           {0} or UNINITIALIZED
                                                           .m_huff_code_sizes[0][0..17] ∈
                                                           [0..15]
                                                           .m_huff_code_sizes{[0][18..287]; [1][0..287]} ∈
                                                           [0..15] or UNINITIALIZED
                                                           .m_huff_code_sizes[2][0..287] ∈
                                                           [0..9] or UNINITIALIZED
                                                           .m_lz_code_buf[0] ∈
                                                           [--..--]
                                                           .m_lz_code_buf[1..65535] ∈
                                                           [--..--] or UNINITIALIZED
                                                           .m_next[0..16] ∈
                                                           [--..--]
                                                           .m_next[17..32767] ∈
                                                           [--..--] or UNINITIALIZED
                                                           .m_hash[0..32767] ∈
                                                           [--..--]
                                                           {.m_output_buf[0..85195]; .[bits 2554800 to 2554815]} ∈
                                                           [--..--] or UNINITIALIZED
[eva:final-states] Values at end of function tdefl_record_literal:
  __malloc_tdefl_write_image_to_png_file_in_memory_ex_l1478.m_pPut_buf_func ∈
                                                           {{ &tdefl_output_buffer_putter }}
                                                           .m_pPut_buf_user ∈
                                                           {{ (void *)&out_buf }}
                                                           .m_flags ∈
                                                           {4224}
                                                           .m_max_probes[0] ∈
                                                           {44}
                                                           .m_max_probes[1] ∈
                                                           {12}
                                                           .m_greedy_parsing ∈
                                                           {0}
                                                           .m_adler32 ∈
                                                           [0..4293984255]
                                                           .m_lookahead_pos ∈
                                                           [--..--]
                                                           .m_lookahead_size ∈
                                                           [1..258]
                                                           .m_dict_size ∈
                                                           [0..32768]
                                                           .m_pLZ_code_buf ∈
                                                           {{ &__malloc_tdefl_write_image_to_png_file_in_memory_ex_l1478 +
                                                              [37548..319353] }}
                                                           .m_pLZ_flags ∈
                                                           {{ &__malloc_tdefl_write_image_to_png_file_in_memory_ex_l1478 +
                                                              [37546..319352] }}
                                                           .m_pOutput_buf ∈
                                                           {{ &__malloc_tdefl_write_image_to_png_file_in_memory_ex_l1478 +
                                                              [234154..319333] }}
                                                           .m_pOutput_buf_end ∈
                                                           {{ &__malloc_tdefl_write_image_to_png_file_in_memory_ex_l1478{
                                                              .m_output_buf[0],
                                                              .m_output_buf[85180]} }}
                                                           .m_num_flags_left ∈
                                                           {1; 2; 3; 4; 5; 6;
                                                            7; 8}
                                                           {.m_total_lz_bytes; .m_lz_code_buf_dict_pos} ∈
                                                           [--..--]
                                                           .m_bits_in ∈
                                                           {0; 1; 2; 3; 4; 5;
                                                            6; 7}
                                                           .m_bit_buffer ∈
                                                           [0..8388607]
                                                           .m_saved_match_dist ∈
                                                           [0..2147483647]
                                                           .m_saved_match_len ∈
                                                           [0..127]
                                                           .m_saved_lit ∈
                                                           [0..255]
                                                           {.m_output_flush_ofs; .m_output_flush_remaining; .m_finished} ∈
                                                           {0}
                                                           .m_block_index ∈
                                                           [--..--]
                                                           .m_wants_to_finish ∈
                                                           {0; 1}
                                                           .m_prev_return_status ∈
                                                           {TDEFL_STATUS_PUT_BUF_FAILED;
                                                            TDEFL_STATUS_OKAY}
                                                           .m_pIn_buf ∈
                                                           {{ NULL ;
                                                              (void const *)&z ;
                                                              &__malloc_main_l85 +
                                                              [0..50319360],0%12288 }}
                                                           .m_pOut_buf ∈
                                                           {0}
                                                           .m_pIn_buf_size ∈
                                                           {{ &in_buf_size }}
                                                           .m_pOut_buf_size ∈
                                                           {0}
                                                           .m_flush ∈
                                                           {TDEFL_NO_FLUSH;
                                                            TDEFL_FINISH}
                                                           .[bits 1376 to 1407] ∈
                                                           UNINITIALIZED
                                                           .m_pSrc ∈
                                                           {{ NULL ;
                                                              (mz_uint8 const *)&z ;
                                                              &__malloc_main_l85 +
                                                              [0..--] }}
                                                           .m_src_buf_left ∈
                                                           [--..--]
                                                           .m_out_buf_ofs ∈
                                                           {0}
                                                           .m_dict[0..33024] ∈
                                                           [--..--]
                                                           .[bits 265800 to 265807] ∈
                                                           UNINITIALIZED
                                                           .m_huff_count[0][0..255] ∈
                                                           [--..--]
                                                           .m_huff_count[0][256] ∈
                                                           {0}
                                                           .m_huff_count[0][257..285] ∈
                                                           [--..--]
                                                           .m_huff_count[0][286..287] ∈
                                                           {0}
                                                           .m_huff_count[1][0..29] ∈
                                                           [--..--]
                                                           .m_huff_count[1][30..31] ∈
                                                           {0}
                                                           .m_huff_count[1][32..287] ∈
                                                           UNINITIALIZED
                                                           .m_huff_count[2][0..18] ∈
                                                           [--..--] or UNINITIALIZED
                                                           .m_huff_count[2][19..287] ∈
                                                           UNINITIALIZED
                                                           .m_huff_codes[0][0] ∈
                                                           [0..16383] or UNINITIALIZED
                                                           .m_huff_codes[0][1..287] ∈
                                                           [0..32767] or UNINITIALIZED
                                                           .m_huff_codes[1][0] ∈
                                                           [0..16383] or UNINITIALIZED
                                                           .m_huff_codes[1][1..31] ∈
                                                           [0..32767] or UNINITIALIZED
                                                           .m_huff_codes[1][32..287] ∈
                                                           {0} or UNINITIALIZED
                                                           .m_huff_codes[2][0] ∈
                                                           [0..63] or UNINITIALIZED
                                                           .m_huff_codes[2][1..18] ∈
                                                           [0..127] or UNINITIALIZED
                                                           .m_huff_codes[2][19..287] ∈
                                                           {0} or UNINITIALIZED
                                                           .m_huff_code_sizes[0..1][0..287] ∈
                                                           [0..15] or UNINITIALIZED
                                                           .m_huff_code_sizes[2][0..287] ∈
                                                           [0..9] or UNINITIALIZED
                                                           .m_lz_code_buf[0] ∈
                                                           [--..--]
                                                           .m_lz_code_buf[1..65535] ∈
                                                           [--..--] or UNINITIALIZED
                                                           .m_next[0..16] ∈
                                                           [--..--]
                                                           .m_next[17..32767] ∈
                                                           [--..--] or UNINITIALIZED
                                                           .m_hash[0..32767] ∈
                                                           [--..--]
                                                           {.m_output_buf[0..85195]; .[bits 2554800 to 2554815]} ∈
                                                           [--..--] or UNINITIALIZED
[eva:final-states] Values at end of function tdefl_record_match:
  match_dist ∈ [0..32767]
  s0 ∈ [0..17]
  s1 ∈ {0} ∪ [18..29]
  __malloc_tdefl_write_image_to_png_file_in_memory_ex_l1478.m_pPut_buf_func ∈
                                                           {{ &tdefl_output_buffer_putter }}
                                                           .m_pPut_buf_user ∈
                                                           {{ (void *)&out_buf }}
                                                           .m_flags ∈
                                                           {4224}
                                                           .m_max_probes[0] ∈
                                                           {44}
                                                           .m_max_probes[1] ∈
                                                           {12}
                                                           .m_greedy_parsing ∈
                                                           {0}
                                                           .m_adler32 ∈
                                                           [0..4293984255]
                                                           .m_lookahead_pos ∈
                                                           [--..--]
                                                           .m_lookahead_size ∈
                                                           [1..258]
                                                           .m_dict_size ∈
                                                           [0..32768]
                                                           .m_pLZ_code_buf ∈
                                                           {{ &__malloc_tdefl_write_image_to_png_file_in_memory_ex_l1478 +
                                                              [37550..319353] }}
                                                           .m_pLZ_flags ∈
                                                           {{ &__malloc_tdefl_write_image_to_png_file_in_memory_ex_l1478 +
                                                              [37546..319352] }}
                                                           .m_pOutput_buf ∈
                                                           {{ &__malloc_tdefl_write_image_to_png_file_in_memory_ex_l1478 +
                                                              [234154..319333] }}
                                                           .m_pOutput_buf_end ∈
                                                           {{ &__malloc_tdefl_write_image_to_png_file_in_memory_ex_l1478{
                                                              .m_output_buf[0],
                                                              .m_output_buf[85180]} }}
                                                           .m_num_flags_left ∈
                                                           {1; 2; 3; 4; 5; 6;
                                                            7; 8}
                                                           {.m_total_lz_bytes; .m_lz_code_buf_dict_pos} ∈
                                                           [--..--]
                                                           .m_bits_in ∈
                                                           {0; 1; 2; 3; 4; 5;
                                                            6; 7}
                                                           .m_bit_buffer ∈
                                                           [0..8388607]
                                                           .m_saved_match_dist ∈
                                                           [0..2147483647]
                                                           .m_saved_match_len ∈
                                                           [0..127]
                                                           .m_saved_lit ∈
                                                           [0..255]
                                                           {.m_output_flush_ofs; .m_output_flush_remaining; .m_finished} ∈
                                                           {0}
                                                           .m_block_index ∈
                                                           [--..--]
                                                           .m_wants_to_finish ∈
                                                           {0; 1}
                                                           .m_prev_return_status ∈
                                                           {TDEFL_STATUS_PUT_BUF_FAILED;
                                                            TDEFL_STATUS_OKAY}
                                                           .m_pIn_buf ∈
                                                           {{ NULL ;
                                                              (void const *)&z ;
                                                              &__malloc_main_l85 +
                                                              [0..50319360],0%12288 }}
                                                           .m_pOut_buf ∈
                                                           {0}
                                                           .m_pIn_buf_size ∈
                                                           {{ &in_buf_size }}
                                                           .m_pOut_buf_size ∈
                                                           {0}
                                                           .m_flush ∈
                                                           {TDEFL_NO_FLUSH;
                                                            TDEFL_FINISH}
                                                           .[bits 1376 to 1407] ∈
                                                           UNINITIALIZED
                                                           .m_pSrc ∈
                                                           {{ NULL ;
                                                              (mz_uint8 const *)&z ;
                                                              &__malloc_main_l85 +
                                                              [0..--] }}
                                                           .m_src_buf_left ∈
                                                           [--..--]
                                                           .m_out_buf_ofs ∈
                                                           {0}
                                                           .m_dict[0..33024] ∈
                                                           [--..--]
                                                           .[bits 265800 to 265807] ∈
                                                           UNINITIALIZED
                                                           .m_huff_count[0][0..255] ∈
                                                           [--..--]
                                                           .m_huff_count[0][256] ∈
                                                           {0}
                                                           .m_huff_count[0][257..285] ∈
                                                           [--..--]
                                                           .m_huff_count[0][286..287] ∈
                                                           {0}
                                                           .m_huff_count[1][0..29] ∈
                                                           [--..--]
                                                           .m_huff_count[1][30..31] ∈
                                                           {0}
                                                           .m_huff_count[1][32..287] ∈
                                                           UNINITIALIZED
                                                           .m_huff_count[2][0..18] ∈
                                                           [--..--] or UNINITIALIZED
                                                           .m_huff_count[2][19..287] ∈
                                                           UNINITIALIZED
                                                           .m_huff_codes[0][0] ∈
                                                           [0..16383] or UNINITIALIZED
                                                           .m_huff_codes[0][1..287] ∈
                                                           [0..32767] or UNINITIALIZED
                                                           .m_huff_codes[1][0] ∈
                                                           [0..16383] or UNINITIALIZED
                                                           .m_huff_codes[1][1..31] ∈
                                                           [0..32767] or UNINITIALIZED
                                                           .m_huff_codes[1][32..287] ∈
                                                           {0} or UNINITIALIZED
                                                           .m_huff_codes[2][0] ∈
                                                           [0..63] or UNINITIALIZED
                                                           .m_huff_codes[2][1..18] ∈
                                                           [0..127] or UNINITIALIZED
                                                           .m_huff_codes[2][19..287] ∈
                                                           {0} or UNINITIALIZED
                                                           .m_huff_code_sizes[0..1][0..287] ∈
                                                           [0..15] or UNINITIALIZED
                                                           .m_huff_code_sizes[2][0..287] ∈
                                                           [0..9] or UNINITIALIZED
                                                           .m_lz_code_buf[0] ∈
                                                           [--..--]
                                                           .m_lz_code_buf[1..65535] ∈
                                                           [--..--] or UNINITIALIZED
                                                           .m_next[0..16] ∈
                                                           [--..--]
                                                           .m_next[17..32767] ∈
                                                           [--..--] or UNINITIALIZED
                                                           .m_hash[0..32767] ∈
                                                           [--..--]
                                                           {.m_output_buf[0..85195]; .[bits 2554800 to 2554815]} ∈
                                                           [--..--] or UNINITIALIZED
[eva:final-states] Values at end of function tdefl_start_dynamic_block:
  num_lit_codes ∈ [257..286]
  num_dist_codes ∈ [1..30]
  num_bit_lengths ∈ [4..19]
  i ∈ [4..19]
  total_code_sizes_to_pack ∈ [258..316]
  num_packed_code_sizes ∈ [--..--]
  rle_z_count ∈ [0..137]
  rle_repeat_count ∈ {0}
  packed_code_sizes_index ∈ [--..--]
  code_sizes_to_pack[0..256] ∈ [0..15]
                    [257..315] ∈ [0..15] or UNINITIALIZED
                    [316..319] ∈ UNINITIALIZED
  packed_code_sizes[0..319] ∈ [0..127] or UNINITIALIZED
  prev_code_size ∈ [0..15]
  __malloc_tdefl_write_image_to_png_file_in_memory_ex_l1478.m_pPut_buf_func ∈
                                                           {{ &tdefl_output_buffer_putter }}
                                                           .m_pPut_buf_user ∈
                                                           {{ (void *)&out_buf }}
                                                           .m_flags ∈
                                                           {4224}
                                                           .m_max_probes[0] ∈
                                                           {44}
                                                           .m_max_probes[1] ∈
                                                           {12}
                                                           .m_greedy_parsing ∈
                                                           {0}
                                                           .m_adler32 ∈
                                                           [0..4293984255]
                                                           {.m_lookahead_pos; .m_lookahead_size} ∈
                                                           [--..--]
                                                           .m_dict_size ∈
                                                           [0..2147483647]
                                                           .m_pLZ_code_buf ∈
                                                           {{ &__malloc_tdefl_write_image_to_png_file_in_memory_ex_l1478 +
                                                              [37546..319353] }}
                                                           .m_pLZ_flags ∈
                                                           {{ &__malloc_tdefl_write_image_to_png_file_in_memory_ex_l1478 +
                                                              [37546..319351] }}
                                                           .m_pOutput_buf ∈
                                                           {{ &__malloc_tdefl_write_image_to_png_file_in_memory_ex_l1478 +
                                                              [234156..319351] }}
                                                           .m_pOutput_buf_end ∈
                                                           {{ &__malloc_tdefl_write_image_to_png_file_in_memory_ex_l1478.m_output_buf[85180] }}
                                                           .m_num_flags_left ∈
                                                           {1; 2; 3; 4; 5; 6;
                                                            7; 8}
                                                           .m_total_lz_bytes ∈
                                                           [48..4294967295]
                                                           .m_lz_code_buf_dict_pos ∈
                                                           [--..--]
                                                           .m_bits_in ∈
                                                           {0; 1; 2; 3; 4; 5;
                                                            6; 7}
                                                           .m_bit_buffer ∈
                                                           [0..16383]
                                                           .m_saved_match_dist ∈
                                                           [0..2147483647]
                                                           .m_saved_match_len ∈
                                                           [0..127]
                                                           .m_saved_lit ∈
                                                           [0..255]
                                                           {.m_output_flush_ofs; .m_output_flush_remaining; .m_finished} ∈
                                                           {0}
                                                           .m_block_index ∈
                                                           [--..--]
                                                           .m_wants_to_finish ∈
                                                           {0; 1}
                                                           .m_prev_return_status ∈
                                                           {TDEFL_STATUS_PUT_BUF_FAILED;
                                                            TDEFL_STATUS_OKAY}
                                                           .m_pIn_buf ∈
                                                           {{ NULL ;
                                                              (void const *)&z ;
                                                              &__malloc_main_l85 +
                                                              [0..50319360],0%12288 }}
                                                           .m_pOut_buf ∈
                                                           {0}
                                                           .m_pIn_buf_size ∈
                                                           {{ &in_buf_size }}
                                                           .m_pOut_buf_size ∈
                                                           {0}
                                                           .m_flush ∈
                                                           {TDEFL_NO_FLUSH;
                                                            TDEFL_FINISH}
                                                           .[bits 1376 to 1407] ∈
                                                           UNINITIALIZED
                                                           .m_pSrc ∈
                                                           {{ NULL ;
                                                              &z + {1} ;
                                                              &__malloc_main_l85 +
                                                              [22..--] }}
                                                           .m_src_buf_left ∈
                                                           [--..--]
                                                           .m_out_buf_ofs ∈
                                                           {0}
                                                           .m_dict[0..33024] ∈
                                                           [--..--]
                                                           .[bits 265800 to 265807] ∈
                                                           UNINITIALIZED
                                                           .m_huff_count[0][0..255] ∈
                                                           [--..--]
                                                           .m_huff_count[0][256] ∈
                                                           {1}
                                                           .m_huff_count[0][257..285] ∈
                                                           [--..--]
                                                           .m_huff_count[0][286..287] ∈
                                                           {0}
                                                           .m_huff_count[1][0..29] ∈
                                                           [--..--]
                                                           .m_huff_count[1][30..31] ∈
                                                           {0}
                                                           .m_huff_count[1][32..287] ∈
                                                           UNINITIALIZED
                                                           .m_huff_count[2][0..18] ∈
                                                           [--..--]
                                                           .m_huff_count[2][19..287] ∈
                                                           UNINITIALIZED
                                                           .m_huff_codes[0][0] ∈
                                                           [0..16383]
                                                           .m_huff_codes[0][1..287] ∈
                                                           [0..32767]
                                                           .m_huff_codes[1][0] ∈
                                                           [0..16383]
                                                           .m_huff_codes[1][1..31] ∈
                                                           [0..32767]
                                                           .m_huff_codes[1][32..287] ∈
                                                           {0}
                                                           .m_huff_codes[2][0] ∈
                                                           [0..63]
                                                           .m_huff_codes[2][1..18] ∈
                                                           [0..127]
                                                           .m_huff_codes[2][19..287] ∈
                                                           {0}
                                                           .m_huff_code_sizes[0..1][0..287] ∈
                                                           [0..15]
                                                           .m_huff_code_sizes[2][0..287] ∈
                                                           {0; 1; 2; 3; 4; 5;
                                                            6; 7}
                                                           .m_lz_code_buf[0] ∈
                                                           [--..--]
                                                           .m_lz_code_buf[1..65535] ∈
                                                           [--..--] or UNINITIALIZED
                                                           .m_next[0..16] ∈
                                                           [--..--]
                                                           .m_next[17..32767] ∈
                                                           [--..--] or UNINITIALIZED
                                                           {.m_hash[0..32767]; .m_output_buf[0]} ∈
                                                           [--..--]
                                                           {.m_output_buf[1..85195]; .[bits 2554800 to 2554815]} ∈
                                                           [--..--] or UNINITIALIZED
[eva:final-states] Values at end of function tdefl_start_static_block:
  i ∈ {288}
  p ∈
   {{ &__malloc_tdefl_write_image_to_png_file_in_memory_ex_l1478 +
      [36750..--] }}
  __malloc_tdefl_write_image_to_png_file_in_memory_ex_l1478.m_pPut_buf_func ∈
                                                           {{ &tdefl_output_buffer_putter }}
                                                           .m_pPut_buf_user ∈
                                                           {{ (void *)&out_buf }}
                                                           .m_flags ∈
                                                           {4224}
                                                           .m_max_probes[0] ∈
                                                           {44}
                                                           .m_max_probes[1] ∈
                                                           {12}
                                                           .m_greedy_parsing ∈
                                                           {0}
                                                           .m_adler32 ∈
                                                           [0..4293984255]
                                                           {.m_lookahead_pos; .m_lookahead_size} ∈
                                                           [--..--]
                                                           .m_dict_size ∈
                                                           [0..2147483647]
                                                           .m_pLZ_code_buf ∈
                                                           {{ &__malloc_tdefl_write_image_to_png_file_in_memory_ex_l1478 +
                                                              [37546..319353] }}
                                                           .m_pLZ_flags ∈
                                                           {{ &__malloc_tdefl_write_image_to_png_file_in_memory_ex_l1478 +
                                                              [37546..319351] }}
                                                           .m_pOutput_buf ∈
                                                           {{ &__malloc_tdefl_write_image_to_png_file_in_memory_ex_l1478{
                                                              .m_output_buf[0],
                                                              .m_output_buf[1],
                                                              .m_output_buf[2],
                                                              .m_output_buf[3],
                                                              .m_output_buf[4]} }}
                                                           .m_pOutput_buf_end ∈
                                                           {{ &__malloc_tdefl_write_image_to_png_file_in_memory_ex_l1478.m_output_buf[85180] }}
                                                           .m_num_flags_left ∈
                                                           {1; 2; 3; 4; 5; 6;
                                                            7; 8}
                                                           {.m_total_lz_bytes; .m_lz_code_buf_dict_pos} ∈
                                                           [--..--]
                                                           .m_bits_in ∈
                                                           {0; 1; 2; 3; 4; 5;
                                                            6; 7}
                                                           .m_bit_buffer ∈
                                                           [0..8388607]
                                                           .m_saved_match_dist ∈
                                                           [0..2147483647]
                                                           .m_saved_match_len ∈
                                                           [0..127]
                                                           .m_saved_lit ∈
                                                           [0..255]
                                                           {.m_output_flush_ofs; .m_output_flush_remaining; .m_finished} ∈
                                                           {0}
                                                           .m_block_index ∈
                                                           [--..--]
                                                           .m_wants_to_finish ∈
                                                           {0; 1}
                                                           .m_prev_return_status ∈
                                                           {TDEFL_STATUS_PUT_BUF_FAILED;
                                                            TDEFL_STATUS_OKAY}
                                                           .m_pIn_buf ∈
                                                           {{ NULL ;
                                                              (void const *)&z ;
                                                              &__malloc_main_l85 +
                                                              [0..50319360],0%12288 }}
                                                           .m_pOut_buf ∈
                                                           {0}
                                                           .m_pIn_buf_size ∈
                                                           {{ &in_buf_size }}
                                                           .m_pOut_buf_size ∈
                                                           {0}
                                                           .m_flush ∈
                                                           {TDEFL_NO_FLUSH;
                                                            TDEFL_FINISH}
                                                           .[bits 1376 to 1407] ∈
                                                           UNINITIALIZED
                                                           .m_pSrc ∈
                                                           {{ NULL ;
                                                              &z + {1} ;
                                                              &__malloc_main_l85 +
                                                              [22..--] }}
                                                           .m_src_buf_left ∈
                                                           [--..--]
                                                           .m_out_buf_ofs ∈
                                                           {0}
                                                           .m_dict[0..33024] ∈
                                                           [--..--]
                                                           .[bits 265800 to 265807] ∈
                                                           UNINITIALIZED
                                                           .m_huff_count[0][0..255] ∈
                                                           [--..--]
                                                           .m_huff_count[0][256] ∈
                                                           {0; 1}
                                                           .m_huff_count[0][257..285] ∈
                                                           [--..--]
                                                           .m_huff_count[0][286..287] ∈
                                                           {0}
                                                           .m_huff_count[1][0..29] ∈
                                                           [--..--]
                                                           .m_huff_count[1][30..31] ∈
                                                           {0}
                                                           .m_huff_count[1][32..287] ∈
                                                           UNINITIALIZED
                                                           .m_huff_count[2][0..18] ∈
                                                           [--..--] or UNINITIALIZED
                                                           .m_huff_count[2][19..287] ∈
                                                           UNINITIALIZED
                                                           .m_huff_codes[0][0] ∈
                                                           [0..127]
                                                           .m_huff_codes[0][1] ∈
                                                           [128..255]
                                                           .m_huff_codes[0][2] ∈
                                                           [0..127]
                                                           .m_huff_codes[0][3] ∈
                                                           [128..255]
                                                           .m_huff_codes[0][4..287] ∈
                                                           [0..32767] or UNINITIALIZED
                                                           .m_huff_codes[1][0] ∈
                                                           {0}
                                                           .m_huff_codes[1][1] ∈
                                                           {16}
                                                           .m_huff_codes[1][2] ∈
                                                           {8}
                                                           .m_huff_codes[1][3] ∈
                                                           {24}
                                                           .m_huff_codes[1][4..31] ∈
                                                           [0..32767] or UNINITIALIZED
                                                           .m_huff_codes[1][32..287] ∈
                                                           {0} or UNINITIALIZED
                                                           .m_huff_codes[2][0] ∈
                                                           [0..63] or UNINITIALIZED
                                                           .m_huff_codes[2][1..18] ∈
                                                           [0..127] or UNINITIALIZED
                                                           .m_huff_codes[2][19..287] ∈
                                                           {0} or UNINITIALIZED
                                                           .m_huff_code_sizes[0][0..17] ∈
                                                           {8}
                                                           .m_huff_code_sizes[0][18..287] ∈
                                                           [0..15] or UNINITIALIZED
                                                           .m_huff_code_sizes[1][0..31] ∈
                                                           {5}
                                                           .m_huff_code_sizes[1][32..287] ∈
                                                           [0..15] or UNINITIALIZED
                                                           .m_huff_code_sizes[2][0..287] ∈
                                                           [0..9] or UNINITIALIZED
                                                           .m_lz_code_buf[0] ∈
                                                           [--..--]
                                                           .m_lz_code_buf[1..65535] ∈
                                                           [--..--] or UNINITIALIZED
                                                           .m_next[0..16] ∈
                                                           [--..--]
                                                           .m_next[17..32767] ∈
                                                           [--..--] or UNINITIALIZED
                                                           .m_hash[0..32767] ∈
                                                           [--..--]
                                                           {.m_output_buf[0..85195]; .[bits 2554800 to 2554815]} ∈
                                                           [--..--] or UNINITIALIZED
[eva:final-states] Values at end of function tdefl_compress_block:
  __malloc_tdefl_write_image_to_png_file_in_memory_ex_l1478.m_pPut_buf_func ∈
                                                           {{ &tdefl_output_buffer_putter }}
                                                           .m_pPut_buf_user ∈
                                                           {{ (void *)&out_buf }}
                                                           .m_flags ∈
                                                           {4224}
                                                           .m_max_probes[0] ∈
                                                           {44}
                                                           .m_max_probes[1] ∈
                                                           {12}
                                                           .m_greedy_parsing ∈
                                                           {0}
                                                           .m_adler32 ∈
                                                           [0..4293984255]
                                                           {.m_lookahead_pos; .m_lookahead_size} ∈
                                                           [--..--]
                                                           .m_dict_size ∈
                                                           [0..2147483647]
                                                           .m_pLZ_code_buf ∈
                                                           {{ &__malloc_tdefl_write_image_to_png_file_in_memory_ex_l1478 +
                                                              [37546..319353] }}
                                                           .m_pLZ_flags ∈
                                                           {{ &__malloc_tdefl_write_image_to_png_file_in_memory_ex_l1478 +
                                                              [37546..319351] }}
                                                           .m_pOutput_buf ∈
                                                           {{ &__malloc_tdefl_write_image_to_png_file_in_memory_ex_l1478 +
                                                              [234154..319351] }}
                                                           .m_pOutput_buf_end ∈
                                                           {{ &__malloc_tdefl_write_image_to_png_file_in_memory_ex_l1478.m_output_buf[85180] }}
                                                           .m_num_flags_left ∈
                                                           {1; 2; 3; 4; 5; 6;
                                                            7; 8}
                                                           {.m_total_lz_bytes; .m_lz_code_buf_dict_pos} ∈
                                                           [--..--]
                                                           .m_bits_in ∈
                                                           {0; 1; 2; 3; 4; 5;
                                                            6; 7}
                                                           .m_bit_buffer ∈
                                                           [0..8388607]
                                                           .m_saved_match_dist ∈
                                                           [0..2147483647]
                                                           .m_saved_match_len ∈
                                                           [0..127]
                                                           .m_saved_lit ∈
                                                           [0..255]
                                                           {.m_output_flush_ofs; .m_output_flush_remaining; .m_finished} ∈
                                                           {0}
                                                           .m_block_index ∈
                                                           [--..--]
                                                           .m_wants_to_finish ∈
                                                           {0; 1}
                                                           .m_prev_return_status ∈
                                                           {TDEFL_STATUS_PUT_BUF_FAILED;
                                                            TDEFL_STATUS_OKAY}
                                                           .m_pIn_buf ∈
                                                           {{ NULL ;
                                                              (void const *)&z ;
                                                              &__malloc_main_l85 +
                                                              [0..50319360],0%12288 }}
                                                           .m_pOut_buf ∈
                                                           {0}
                                                           .m_pIn_buf_size ∈
                                                           {{ &in_buf_size }}
                                                           .m_pOut_buf_size ∈
                                                           {0}
                                                           .m_flush ∈
                                                           {TDEFL_NO_FLUSH;
                                                            TDEFL_FINISH}
                                                           .[bits 1376 to 1407] ∈
                                                           UNINITIALIZED
                                                           .m_pSrc ∈
                                                           {{ NULL ;
                                                              &z + {1} ;
                                                              &__malloc_main_l85 +
                                                              [22..--] }}
                                                           .m_src_buf_left ∈
                                                           [--..--]
                                                           .m_out_buf_ofs ∈
                                                           {0}
                                                           .m_dict[0..33024] ∈
                                                           [--..--]
                                                           .[bits 265800 to 265807] ∈
                                                           UNINITIALIZED
                                                           .m_huff_count[0][0..255] ∈
                                                           [--..--]
                                                           .m_huff_count[0][256] ∈
                                                           {0; 1}
                                                           .m_huff_count[0][257..285] ∈
                                                           [--..--]
                                                           .m_huff_count[0][286..287] ∈
                                                           {0}
                                                           .m_huff_count[1][0..29] ∈
                                                           [--..--]
                                                           .m_huff_count[1][30..31] ∈
                                                           {0}
                                                           .m_huff_count[1][32..287] ∈
                                                           UNINITIALIZED
                                                           .m_huff_count[2][0..18] ∈
                                                           [--..--] or UNINITIALIZED
                                                           .m_huff_count[2][19..287] ∈
                                                           UNINITIALIZED
                                                           .m_huff_codes[0][0] ∈
                                                           [0..16383]
                                                           .m_huff_codes[0][1..3] ∈
                                                           [0..32767]
                                                           .m_huff_codes[0][4..287] ∈
                                                           [0..32767] or UNINITIALIZED
                                                           .m_huff_codes[1][0] ∈
                                                           [0..16383]
                                                           .m_huff_codes[1][1..3] ∈
                                                           [0..32767]
                                                           .m_huff_codes[1][4..31] ∈
                                                           [0..32767] or UNINITIALIZED
                                                           .m_huff_codes[1][32..287] ∈
                                                           {0} or UNINITIALIZED
                                                           .m_huff_codes[2][0] ∈
                                                           [0..63] or UNINITIALIZED
                                                           .m_huff_codes[2][1..18] ∈
                                                           [0..127] or UNINITIALIZED
                                                           .m_huff_codes[2][19..287] ∈
                                                           {0} or UNINITIALIZED
                                                           .m_huff_code_sizes[0][0..17] ∈
                                                           [0..15]
                                                           .m_huff_code_sizes[0][18..287] ∈
                                                           [0..15] or UNINITIALIZED
                                                           .m_huff_code_sizes[1][0..31] ∈
                                                           [0..15]
                                                           .m_huff_code_sizes[1][32..287] ∈
                                                           [0..15] or UNINITIALIZED
                                                           .m_huff_code_sizes[2][0..287] ∈
                                                           [0..9] or UNINITIALIZED
                                                           .m_lz_code_buf[0] ∈
                                                           [--..--]
                                                           .m_lz_code_buf[1..65535] ∈
                                                           [--..--] or UNINITIALIZED
                                                           .m_next[0..16] ∈
                                                           [--..--]
                                                           .m_next[17..32767] ∈
                                                           [--..--] or UNINITIALIZED
                                                           .m_hash[0..32767] ∈
                                                           [--..--]
                                                           {.m_output_buf[0..85195]; .[bits 2554800 to 2554815]} ∈
                                                           [--..--] or UNINITIALIZED
[eva:final-states] Values at end of function tdefl_flush_block:
  saved_bit_buf ∈ [0..8388607]
  saved_bits_in ∈ {0; 1; 2; 3; 4; 5; 6; 7}
  pSaved_output_buf ∈
                   {{ &__malloc_tdefl_write_image_to_png_file_in_memory_ex_l1478{
                      .m_output_buf[0], .m_output_buf[1], .m_output_buf[2],
                      .m_output_buf[3]} }}
  comp_block_succeeded ∈ {0; 1}
  n ∈ [0..85179]
  use_raw_block ∈ {0}
  pOutput_buf_start ∈
                   {{ &__malloc_tdefl_write_image_to_png_file_in_memory_ex_l1478.m_output_buf[0] }}
  in_buf_size ∈ [--..--]
  out_buf.m_size ∈ [--..--]
         .m_capacity ∈ [50335801..18446744073709551614]
         .m_pBuf ∈
         {{ &__malloc_tdefl_write_image_to_png_file_in_memory_ex_l1488[0] ;
            &__realloc_w_tdefl_output_buffer_putter_l1404[0] ;
            &__realloc_w_tdefl_output_buffer_putter_l1404_0[0] ;
            &__realloc_w_tdefl_output_buffer_putter_l1404_1[0] ;
            &__realloc_w_tdefl_output_buffer_putter_l1404_2[0] ;
            &__realloc_tdefl_output_buffer_putter_l1404_3[0] }}
         .m_expandable ∈ {1}
         .[bits 224 to 255] ∈ {0}
  __retres ∈ {-1; 0}
  __malloc_tdefl_write_image_to_png_file_in_memory_ex_l1478.m_pPut_buf_func ∈
                                                           {{ &tdefl_output_buffer_putter }}
                                                           .m_pPut_buf_user ∈
                                                           {{ (void *)&out_buf }}
                                                           .m_flags ∈
                                                           {4224}
                                                           .m_max_probes[0] ∈
                                                           {44}
                                                           .m_max_probes[1] ∈
                                                           {12}
                                                           .m_greedy_parsing ∈
                                                           {0}
                                                           .m_adler32 ∈
                                                           [0..4293984255]
                                                           {.m_lookahead_pos; .m_lookahead_size} ∈
                                                           [--..--]
                                                           .m_dict_size ∈
                                                           [0..2147483647]
                                                           .m_pLZ_code_buf ∈
                                                           {{ &__malloc_tdefl_write_image_to_png_file_in_memory_ex_l1478.m_lz_code_buf[1] }}
                                                           .m_pLZ_flags ∈
                                                           {{ &__malloc_tdefl_write_image_to_png_file_in_memory_ex_l1478.m_lz_code_buf[0] }}
                                                           .m_pOutput_buf ∈
                                                           {{ &__malloc_tdefl_write_image_to_png_file_in_memory_ex_l1478 +
                                                              [234154..319333] }}
                                                           .m_pOutput_buf_end ∈
                                                           {{ &__malloc_tdefl_write_image_to_png_file_in_memory_ex_l1478.m_output_buf[85180] }}
                                                           .m_num_flags_left ∈
                                                           {8}
                                                           .m_total_lz_bytes ∈
                                                           {0}
                                                           .m_lz_code_buf_dict_pos ∈
                                                           [--..--]
                                                           .m_bits_in ∈
                                                           {0; 1; 2; 3; 4; 5;
                                                            6; 7}
                                                           .m_bit_buffer ∈
                                                           [0..8388607]
                                                           .m_saved_match_dist ∈
                                                           [0..2147483647]
                                                           .m_saved_match_len ∈
                                                           [0..127]
                                                           .m_saved_lit ∈
                                                           [0..255]
                                                           {.m_output_flush_ofs; .m_output_flush_remaining; .m_finished} ∈
                                                           {0}
                                                           .m_block_index ∈
                                                           [--..--]
                                                           .m_wants_to_finish ∈
                                                           {0; 1}
                                                           .m_prev_return_status ∈
                                                           {TDEFL_STATUS_PUT_BUF_FAILED;
                                                            TDEFL_STATUS_OKAY}
                                                           .m_pIn_buf ∈
                                                           {{ NULL ;
                                                              (void const *)&z ;
                                                              &__malloc_main_l85 +
                                                              [0..50319360],0%12288 }}
                                                           .m_pOut_buf ∈
                                                           {0}
                                                           .m_pIn_buf_size ∈
                                                           {{ &in_buf_size }}
                                                           .m_pOut_buf_size ∈
                                                           {0}
                                                           .m_flush ∈
                                                           {TDEFL_NO_FLUSH;
                                                            TDEFL_FINISH}
                                                           .[bits 1376 to 1407] ∈
                                                           UNINITIALIZED
                                                           .m_pSrc ∈
                                                           {{ NULL ;
                                                              &z + {1} ;
                                                              &__malloc_main_l85 +
                                                              [22..--] }}
                                                           .m_src_buf_left ∈
                                                           [--..--]
                                                           .m_out_buf_ofs ∈
                                                           {0}
                                                           .m_dict[0..33024] ∈
                                                           [--..--]
                                                           .[bits 265800 to 265807] ∈
                                                           UNINITIALIZED
                                                           .m_huff_count{[0][0..287]; [1][0..31]} ∈
                                                           {0}
                                                           .m_huff_count[1][32..287] ∈
                                                           UNINITIALIZED
                                                           .m_huff_count[2][0..18] ∈
                                                           [--..--] or UNINITIALIZED
                                                           .m_huff_count[2][19..287] ∈
                                                           UNINITIALIZED
                                                           .m_huff_codes[0][0] ∈
                                                           [0..16383]
                                                           .m_huff_codes[0][1..3] ∈
                                                           [0..32767]
                                                           .m_huff_codes[0][4..287] ∈
                                                           [0..32767] or UNINITIALIZED
                                                           .m_huff_codes[1][0] ∈
                                                           [0..16383]
                                                           .m_huff_codes[1][1..3] ∈
                                                           [0..32767]
                                                           .m_huff_codes[1][4..31] ∈
                                                           [0..32767] or UNINITIALIZED
                                                           .m_huff_codes[1][32..287] ∈
                                                           {0} or UNINITIALIZED
                                                           .m_huff_codes[2][0] ∈
                                                           [0..63] or UNINITIALIZED
                                                           .m_huff_codes[2][1..18] ∈
                                                           [0..127] or UNINITIALIZED
                                                           .m_huff_codes[2][19..287] ∈
                                                           {0} or UNINITIALIZED
                                                           .m_huff_code_sizes[0][0..17] ∈
                                                           [0..15]
                                                           .m_huff_code_sizes[0][18..287] ∈
                                                           [0..15] or UNINITIALIZED
                                                           .m_huff_code_sizes[1][0..31] ∈
                                                           [0..15]
                                                           .m_huff_code_sizes[1][32..287] ∈
                                                           [0..15] or UNINITIALIZED
                                                           .m_huff_code_sizes[2][0..287] ∈
                                                           [0..9] or UNINITIALIZED
                                                           .m_lz_code_buf[0] ∈
                                                           [--..--]
                                                           .m_lz_code_buf[1..65535] ∈
                                                           [--..--] or UNINITIALIZED
                                                           .m_next[0..16] ∈
                                                           [--..--]
                                                           .m_next[17..32767] ∈
                                                           [--..--] or UNINITIALIZED
                                                           .m_hash[0..32767] ∈
                                                           [--..--]
                                                           {.m_output_buf[0..85195]; .[bits 2554800 to 2554815]} ∈
                                                           [--..--] or UNINITIALIZED
  __malloc_tdefl_write_image_to_png_file_in_memory_ex_l1488[0..50335800] ∈
                                                           [--..--] or UNINITIALIZED
  __realloc_w_tdefl_output_buffer_putter_l1404[0..18446744073709551615] ∈
                                              [--..--] or UNINITIALIZED
  __realloc_w_tdefl_output_buffer_putter_l1404_0[0..18446744073709551613] ∈
                                                [--..--] or UNINITIALIZED
  __realloc_w_tdefl_output_buffer_putter_l1404_1[0..18446744073709551613] ∈
                                                [--..--] or UNINITIALIZED
  __realloc_w_tdefl_output_buffer_putter_l1404_2[0..18446744073709551613] ∈
                                                [--..--] or UNINITIALIZED
  __realloc_tdefl_output_buffer_putter_l1404_3[0..18446744073709551613] ∈
                                              [--..--] or UNINITIALIZED
[eva:final-states] Values at end of function tdefl_compress_normal:
  pSrc ∈ {{ NULL ; &z + {1} ; &__malloc_main_l85 + [18..--] }}
  src_buf_left ∈ [--..--]
  flush ∈ {TDEFL_NO_FLUSH; TDEFL_FINISH}
  in_buf_size ∈ [--..--]
  out_buf.m_size ∈ [--..--]
         .m_capacity ∈ [50335801..18446744073709551614]
         .m_pBuf ∈
         {{ &__malloc_tdefl_write_image_to_png_file_in_memory_ex_l1488[0] ;
            &__realloc_w_tdefl_output_buffer_putter_l1404[0] ;
            &__realloc_w_tdefl_output_buffer_putter_l1404_0[0] ;
            &__realloc_w_tdefl_output_buffer_putter_l1404_1[0] ;
            &__realloc_w_tdefl_output_buffer_putter_l1404_2[0] }}
         .m_expandable ∈ {1}
         .[bits 224 to 255] ∈ {0}
  __retres ∈ {0; 1}
  __malloc_tdefl_write_image_to_png_file_in_memory_ex_l1478.m_pPut_buf_func ∈
                                                           {{ &tdefl_output_buffer_putter }}
                                                           .m_pPut_buf_user ∈
                                                           {{ (void *)&out_buf }}
                                                           .m_flags ∈
                                                           {4224}
                                                           .m_max_probes[0] ∈
                                                           {44}
                                                           .m_max_probes[1] ∈
                                                           {12}
                                                           .m_greedy_parsing ∈
                                                           {0}
                                                           .m_adler32 ∈
                                                           [0..4293984255]
                                                           {.m_lookahead_pos; .m_lookahead_size} ∈
                                                           [--..--]
                                                           .m_dict_size ∈
                                                           [0..2147483647]
                                                           .m_pLZ_code_buf ∈
                                                           {{ &__malloc_tdefl_write_image_to_png_file_in_memory_ex_l1478 +
                                                              [37547..319351] }}
                                                           .m_pLZ_flags ∈
                                                           {{ &__malloc_tdefl_write_image_to_png_file_in_memory_ex_l1478 +
                                                              [37546..319352] }}
                                                           .m_pOutput_buf ∈
                                                           {{ &__malloc_tdefl_write_image_to_png_file_in_memory_ex_l1478 +
                                                              [234154..319333] }}
                                                           .m_pOutput_buf_end ∈
                                                           {{ &__malloc_tdefl_write_image_to_png_file_in_memory_ex_l1478{
                                                              .m_output_buf[0],
                                                              .m_output_buf[85180]} }}
                                                           .m_num_flags_left ∈
                                                           {1; 2; 3; 4; 5; 6;
                                                            7; 8}
                                                           {.m_total_lz_bytes; .m_lz_code_buf_dict_pos} ∈
                                                           [--..--]
                                                           .m_bits_in ∈
                                                           {0; 1; 2; 3; 4; 5;
                                                            6; 7}
                                                           .m_bit_buffer ∈
                                                           [0..8388607]
                                                           .m_saved_match_dist ∈
                                                           [0..2147483647]
                                                           .m_saved_match_len ∈
                                                           [0..127]
                                                           .m_saved_lit ∈
                                                           [0..255]
                                                           {.m_output_flush_ofs; .m_output_flush_remaining; .m_finished} ∈
                                                           {0}
                                                           .m_block_index ∈
                                                           [--..--]
                                                           .m_wants_to_finish ∈
                                                           {0; 1}
                                                           .m_prev_return_status ∈
                                                           {TDEFL_STATUS_PUT_BUF_FAILED;
                                                            TDEFL_STATUS_OKAY}
                                                           .m_pIn_buf ∈
                                                           {{ NULL ;
                                                              (void const *)&z ;
                                                              &__malloc_main_l85 +
                                                              [0..50319360],0%12288 }}
                                                           .m_pOut_buf ∈
                                                           {0}
                                                           .m_pIn_buf_size ∈
                                                           {{ &in_buf_size }}
                                                           .m_pOut_buf_size ∈
                                                           {0}
                                                           .m_flush ∈
                                                           {TDEFL_NO_FLUSH;
                                                            TDEFL_FINISH}
                                                           .[bits 1376 to 1407] ∈
                                                           UNINITIALIZED
                                                           .m_pSrc ∈
                                                           {{ NULL ;
                                                              &z + {1} ;
                                                              &__malloc_main_l85 +
                                                              [18..--] }}
                                                           .m_src_buf_left ∈
                                                           [--..--]
                                                           .m_out_buf_ofs ∈
                                                           {0}
                                                           .m_dict[0..33024] ∈
                                                           [--..--]
                                                           .[bits 265800 to 265807] ∈
                                                           UNINITIALIZED
                                                           .m_huff_count[0][0..255] ∈
                                                           [--..--]
                                                           .m_huff_count[0][256] ∈
                                                           {0}
                                                           .m_huff_count[0][257..285] ∈
                                                           [--..--]
                                                           .m_huff_count[0][286..287] ∈
                                                           {0}
                                                           .m_huff_count[1][0..29] ∈
                                                           [--..--]
                                                           .m_huff_count[1][30..31] ∈
                                                           {0}
                                                           .m_huff_count[1][32..287] ∈
                                                           UNINITIALIZED
                                                           .m_huff_count[2][0..18] ∈
                                                           [--..--] or UNINITIALIZED
                                                           .m_huff_count[2][19..287] ∈
                                                           UNINITIALIZED
                                                           .m_huff_codes[0][0] ∈
                                                           [0..16383] or UNINITIALIZED
                                                           .m_huff_codes[0][1..287] ∈
                                                           [0..32767] or UNINITIALIZED
                                                           .m_huff_codes[1][0] ∈
                                                           [0..16383] or UNINITIALIZED
                                                           .m_huff_codes[1][1..31] ∈
                                                           [0..32767] or UNINITIALIZED
                                                           .m_huff_codes[1][32..287] ∈
                                                           {0} or UNINITIALIZED
                                                           .m_huff_codes[2][0] ∈
                                                           [0..63] or UNINITIALIZED
                                                           .m_huff_codes[2][1..18] ∈
                                                           [0..127] or UNINITIALIZED
                                                           .m_huff_codes[2][19..287] ∈
                                                           {0} or UNINITIALIZED
                                                           .m_huff_code_sizes[0..1][0..287] ∈
                                                           [0..15] or UNINITIALIZED
                                                           .m_huff_code_sizes[2][0..287] ∈
                                                           [0..9] or UNINITIALIZED
                                                           .m_lz_code_buf[0] ∈
                                                           [--..--]
                                                           {.m_lz_code_buf[1..65535]; .m_next[0..32767]} ∈
                                                           [--..--] or UNINITIALIZED
                                                           .m_hash[0..32767] ∈
                                                           [--..--]
                                                           {.m_output_buf[0..85195]; .[bits 2554800 to 2554815]} ∈
                                                           [--..--] or UNINITIALIZED
  __malloc_tdefl_write_image_to_png_file_in_memory_ex_l1488[0..50335800] ∈
                                                           [--..--] or UNINITIALIZED
  __realloc_w_tdefl_output_buffer_putter_l1404[0..18446744073709551615] ∈
                                              [--..--] or UNINITIALIZED
  __realloc_w_tdefl_output_buffer_putter_l1404_0[0..18446744073709551613] ∈
                                                [--..--] or UNINITIALIZED
  __realloc_w_tdefl_output_buffer_putter_l1404_1[0..18446744073709551613] ∈
                                                [--..--] or UNINITIALIZED
  __realloc_w_tdefl_output_buffer_putter_l1404_2[0..18446744073709551613] ∈
                                                [--..--] or UNINITIALIZED
[eva:final-states] Values at end of function tdefl_compress:
  in_buf_size ∈ [--..--]
  out_buf.m_size ∈ [--..--]
         .m_capacity ∈ [50335801..18446744073709551614]
         .m_pBuf ∈
         {{ &__malloc_tdefl_write_image_to_png_file_in_memory_ex_l1488[0] ;
            &__realloc_w_tdefl_output_buffer_putter_l1404[0] ;
            &__realloc_w_tdefl_output_buffer_putter_l1404_0[0] ;
            &__realloc_w_tdefl_output_buffer_putter_l1404_1[0] ;
            &__realloc_w_tdefl_output_buffer_putter_l1404_2[0] ;
            &__realloc_tdefl_output_buffer_putter_l1404_3[0] }}
         .m_expandable ∈ {1}
         .[bits 224 to 255] ∈ {0}
  __retres ∈
          {TDEFL_STATUS_BAD_PARAM; TDEFL_STATUS_PUT_BUF_FAILED;
           TDEFL_STATUS_OKAY; TDEFL_STATUS_DONE}
  __malloc_tdefl_write_image_to_png_file_in_memory_ex_l1478.m_pPut_buf_func ∈
                                                           {{ &tdefl_output_buffer_putter }}
                                                           .m_pPut_buf_user ∈
                                                           {{ (void *)&out_buf }}
                                                           .m_flags ∈
                                                           {4224}
                                                           .m_max_probes[0] ∈
                                                           {44}
                                                           .m_max_probes[1] ∈
                                                           {12}
                                                           .m_greedy_parsing ∈
                                                           {0}
                                                           .m_adler32 ∈
                                                           [0..4293984255]
                                                           {.m_lookahead_pos; .m_lookahead_size} ∈
                                                           [--..--]
                                                           .m_dict_size ∈
                                                           [0..2147483647]
                                                           .m_pLZ_code_buf ∈
                                                           {{ &__malloc_tdefl_write_image_to_png_file_in_memory_ex_l1478 +
                                                              [37547..319351] }}
                                                           .m_pLZ_flags ∈
                                                           {{ &__malloc_tdefl_write_image_to_png_file_in_memory_ex_l1478 +
                                                              [37546..319352] }}
                                                           .m_pOutput_buf ∈
                                                           {{ &__malloc_tdefl_write_image_to_png_file_in_memory_ex_l1478 +
                                                              [234154..319333] }}
                                                           .m_pOutput_buf_end ∈
                                                           {{ &__malloc_tdefl_write_image_to_png_file_in_memory_ex_l1478{
                                                              .m_output_buf[0],
                                                              .m_output_buf[85180]} }}
                                                           .m_num_flags_left ∈
                                                           {1; 2; 3; 4; 5; 6;
                                                            7; 8}
                                                           {.m_total_lz_bytes; .m_lz_code_buf_dict_pos} ∈
                                                           [--..--]
                                                           .m_bits_in ∈
                                                           {0; 1; 2; 3; 4; 5;
                                                            6; 7}
                                                           .m_bit_buffer ∈
                                                           [0..8388607]
                                                           .m_saved_match_dist ∈
                                                           [0..2147483647]
                                                           .m_saved_match_len ∈
                                                           [0..127]
                                                           .m_saved_lit ∈
                                                           [0..255]
                                                           {.m_output_flush_ofs; .m_output_flush_remaining} ∈
                                                           {0}
                                                           .m_finished ∈
                                                           {0; 1}
                                                           .m_block_index ∈
                                                           [--..--]
                                                           .m_wants_to_finish ∈
                                                           {0; 1}
                                                           .m_prev_return_status ∈
                                                           {TDEFL_STATUS_BAD_PARAM;
                                                            TDEFL_STATUS_PUT_BUF_FAILED;
                                                            TDEFL_STATUS_OKAY;
                                                            TDEFL_STATUS_DONE}
                                                           .m_pIn_buf ∈
                                                           {{ NULL ;
                                                              (void const *)&z ;
                                                              &__malloc_main_l85 +
                                                              [0..50319360],0%12288 }}
                                                           .m_pOut_buf ∈
                                                           {0}
                                                           .m_pIn_buf_size ∈
                                                           {{ &in_buf_size }}
                                                           .m_pOut_buf_size ∈
                                                           {0}
                                                           .m_flush ∈
                                                           {TDEFL_NO_FLUSH;
                                                            TDEFL_FINISH}
                                                           .[bits 1376 to 1407] ∈
                                                           UNINITIALIZED
                                                           .m_pSrc ∈
                                                           {{ NULL ;
                                                              &z + {0; 1} ;
                                                              &__malloc_main_l85 +
                                                              [18..--] }}
                                                           .m_src_buf_left ∈
                                                           [--..--]
                                                           .m_out_buf_ofs ∈
                                                           {0}
                                                           .m_dict[0..33024] ∈
                                                           [--..--]
                                                           .[bits 265800 to 265807] ∈
                                                           UNINITIALIZED
                                                           .m_huff_count[0][0..255] ∈
                                                           [--..--]
                                                           .m_huff_count[0][256] ∈
                                                           {0}
                                                           .m_huff_count[0][257..285] ∈
                                                           [--..--]
                                                           .m_huff_count[0][286..287] ∈
                                                           {0}
                                                           .m_huff_count[1][0..29] ∈
                                                           [--..--]
                                                           .m_huff_count[1][30..31] ∈
                                                           {0}
                                                           .m_huff_count[1][32..287] ∈
                                                           UNINITIALIZED
                                                           .m_huff_count[2][0..18] ∈
                                                           [--..--] or UNINITIALIZED
                                                           .m_huff_count[2][19..287] ∈
                                                           UNINITIALIZED
                                                           .m_huff_codes[0][0] ∈
                                                           [0..16383] or UNINITIALIZED
                                                           .m_huff_codes[0][1..287] ∈
                                                           [0..32767] or UNINITIALIZED
                                                           .m_huff_codes[1][0] ∈
                                                           [0..16383] or UNINITIALIZED
                                                           .m_huff_codes[1][1..31] ∈
                                                           [0..32767] or UNINITIALIZED
                                                           .m_huff_codes[1][32..287] ∈
                                                           {0} or UNINITIALIZED
                                                           .m_huff_codes[2][0] ∈
                                                           [0..63] or UNINITIALIZED
                                                           .m_huff_codes[2][1..18] ∈
                                                           [0..127] or UNINITIALIZED
                                                           .m_huff_codes[2][19..287] ∈
                                                           {0} or UNINITIALIZED
                                                           .m_huff_code_sizes[0..1][0..287] ∈
                                                           [0..15] or UNINITIALIZED
                                                           .m_huff_code_sizes[2][0..287] ∈
                                                           [0..9] or UNINITIALIZED
                                                           .m_lz_code_buf[0] ∈
                                                           [--..--]
                                                           {.m_lz_code_buf[1..65535]; .m_next[0..32767]} ∈
                                                           [--..--] or UNINITIALIZED
                                                           .m_hash[0..32767] ∈
                                                           [--..--]
                                                           {.m_output_buf[0..85195]; .[bits 2554800 to 2554815]} ∈
                                                           [--..--] or UNINITIALIZED
  __malloc_tdefl_write_image_to_png_file_in_memory_ex_l1488[0..50335800] ∈
                                                           [--..--] or UNINITIALIZED
  __realloc_w_tdefl_output_buffer_putter_l1404[0..18446744073709551615] ∈
                                              [--..--] or UNINITIALIZED
  __realloc_w_tdefl_output_buffer_putter_l1404_0[0..18446744073709551613] ∈
                                                [--..--] or UNINITIALIZED
  __realloc_w_tdefl_output_buffer_putter_l1404_1[0..18446744073709551613] ∈
                                                [--..--] or UNINITIALIZED
  __realloc_w_tdefl_output_buffer_putter_l1404_2[0..18446744073709551613] ∈
                                                [--..--] or UNINITIALIZED
  __realloc_tdefl_output_buffer_putter_l1404_3[0..18446744073709551613] ∈
                                              [--..--] or UNINITIALIZED
[eva:final-states] Values at end of function tdefl_compress_buffer:
  in_buf_size ∈ [--..--]
  out_buf.m_size ∈ [--..--]
         .m_capacity ∈ [50335801..18446744073709551614]
         .m_pBuf ∈
         {{ &__malloc_tdefl_write_image_to_png_file_in_memory_ex_l1488[0] ;
            &__realloc_w_tdefl_output_buffer_putter_l1404[0] ;
            &__realloc_w_tdefl_output_buffer_putter_l1404_0[0] ;
            &__realloc_w_tdefl_output_buffer_putter_l1404_1[0] ;
            &__realloc_w_tdefl_output_buffer_putter_l1404_2[0] ;
            &__realloc_tdefl_output_buffer_putter_l1404_3[0] }}
         .m_expandable ∈ {1}
         .[bits 224 to 255] ∈ {0}
  __malloc_tdefl_write_image_to_png_file_in_memory_ex_l1478.m_pPut_buf_func ∈
                                                           {{ &tdefl_output_buffer_putter }}
                                                           .m_pPut_buf_user ∈
                                                           {{ (void *)&out_buf }}
                                                           .m_flags ∈
                                                           {4224}
                                                           .m_max_probes[0] ∈
                                                           {44}
                                                           .m_max_probes[1] ∈
                                                           {12}
                                                           .m_greedy_parsing ∈
                                                           {0}
                                                           .m_adler32 ∈
                                                           [0..4293984255]
                                                           {.m_lookahead_pos; .m_lookahead_size} ∈
                                                           [--..--]
                                                           .m_dict_size ∈
                                                           [0..2147483647]
                                                           .m_pLZ_code_buf ∈
                                                           {{ &__malloc_tdefl_write_image_to_png_file_in_memory_ex_l1478 +
                                                              [37547..319351] }}
                                                           .m_pLZ_flags ∈
                                                           {{ &__malloc_tdefl_write_image_to_png_file_in_memory_ex_l1478 +
                                                              [37546..319352] }}
                                                           .m_pOutput_buf ∈
                                                           {{ &__malloc_tdefl_write_image_to_png_file_in_memory_ex_l1478 +
                                                              [234154..319333] }}
                                                           .m_pOutput_buf_end ∈
                                                           {{ &__malloc_tdefl_write_image_to_png_file_in_memory_ex_l1478{
                                                              .m_output_buf[0],
                                                              .m_output_buf[85180]} }}
                                                           .m_num_flags_left ∈
                                                           {1; 2; 3; 4; 5; 6;
                                                            7; 8}
                                                           {.m_total_lz_bytes; .m_lz_code_buf_dict_pos} ∈
                                                           [--..--]
                                                           .m_bits_in ∈
                                                           {0; 1; 2; 3; 4; 5;
                                                            6; 7}
                                                           .m_bit_buffer ∈
                                                           [0..8388607]
                                                           .m_saved_match_dist ∈
                                                           [0..2147483647]
                                                           .m_saved_match_len ∈
                                                           [0..127]
                                                           .m_saved_lit ∈
                                                           [0..255]
                                                           {.m_output_flush_ofs; .m_output_flush_remaining} ∈
                                                           {0}
                                                           .m_finished ∈
                                                           {0; 1}
                                                           .m_block_index ∈
                                                           [--..--]
                                                           .m_wants_to_finish ∈
                                                           {0; 1}
                                                           .m_prev_return_status ∈
                                                           {TDEFL_STATUS_BAD_PARAM;
                                                            TDEFL_STATUS_PUT_BUF_FAILED;
                                                            TDEFL_STATUS_OKAY;
                                                            TDEFL_STATUS_DONE}
                                                           .m_pIn_buf ∈
                                                           {{ NULL ;
                                                              (void const *)&z ;
                                                              &__malloc_main_l85 +
                                                              [0..50319360],0%12288 }}
                                                           .m_pOut_buf ∈
                                                           {0}
                                                           .m_pIn_buf_size ∈
                                                           {{ &in_buf_size }}
                                                           .m_pOut_buf_size ∈
                                                           {0}
                                                           .m_flush ∈
                                                           {TDEFL_NO_FLUSH;
                                                            TDEFL_FINISH}
                                                           .[bits 1376 to 1407] ∈
                                                           UNINITIALIZED
                                                           .m_pSrc ∈
                                                           {{ NULL ;
                                                              &z + {0; 1} ;
                                                              &__malloc_main_l85 +
                                                              [18..--] }}
                                                           .m_src_buf_left ∈
                                                           [--..--]
                                                           .m_out_buf_ofs ∈
                                                           {0}
                                                           .m_dict[0..33024] ∈
                                                           [--..--]
                                                           .[bits 265800 to 265807] ∈
                                                           UNINITIALIZED
                                                           .m_huff_count[0][0..255] ∈
                                                           [--..--]
                                                           .m_huff_count[0][256] ∈
                                                           {0}
                                                           .m_huff_count[0][257..285] ∈
                                                           [--..--]
                                                           .m_huff_count[0][286..287] ∈
                                                           {0}
                                                           .m_huff_count[1][0..29] ∈
                                                           [--..--]
                                                           .m_huff_count[1][30..31] ∈
                                                           {0}
                                                           .m_huff_count[1][32..287] ∈
                                                           UNINITIALIZED
                                                           .m_huff_count[2][0..18] ∈
                                                           [--..--] or UNINITIALIZED
                                                           .m_huff_count[2][19..287] ∈
                                                           UNINITIALIZED
                                                           .m_huff_codes[0][0] ∈
                                                           [0..16383] or UNINITIALIZED
                                                           .m_huff_codes[0][1..287] ∈
                                                           [0..32767] or UNINITIALIZED
                                                           .m_huff_codes[1][0] ∈
                                                           [0..16383] or UNINITIALIZED
                                                           .m_huff_codes[1][1..31] ∈
                                                           [0..32767] or UNINITIALIZED
                                                           .m_huff_codes[1][32..287] ∈
                                                           {0} or UNINITIALIZED
                                                           .m_huff_codes[2][0] ∈
                                                           [0..63] or UNINITIALIZED
                                                           .m_huff_codes[2][1..18] ∈
                                                           [0..127] or UNINITIALIZED
                                                           .m_huff_codes[2][19..287] ∈
                                                           {0} or UNINITIALIZED
                                                           .m_huff_code_sizes[0..1][0..287] ∈
                                                           [0..15] or UNINITIALIZED
                                                           .m_huff_code_sizes[2][0..287] ∈
                                                           [0..9] or UNINITIALIZED
                                                           .m_lz_code_buf[0] ∈
                                                           [--..--]
                                                           {.m_lz_code_buf[1..65535]; .m_next[0..32767]} ∈
                                                           [--..--] or UNINITIALIZED
                                                           .m_hash[0..32767] ∈
                                                           [--..--]
                                                           {.m_output_buf[0..85195]; .[bits 2554800 to 2554815]} ∈
                                                           [--..--] or UNINITIALIZED
  __malloc_tdefl_write_image_to_png_file_in_memory_ex_l1488[0..50335800] ∈
                                                           [--..--] or UNINITIALIZED
  __realloc_w_tdefl_output_buffer_putter_l1404[0..18446744073709551615] ∈
                                              [--..--] or UNINITIALIZED
  __realloc_w_tdefl_output_buffer_putter_l1404_0[0..18446744073709551613] ∈
                                                [--..--] or UNINITIALIZED
  __realloc_w_tdefl_output_buffer_putter_l1404_1[0..18446744073709551613] ∈
                                                [--..--] or UNINITIALIZED
  __realloc_w_tdefl_output_buffer_putter_l1404_2[0..18446744073709551613] ∈
                                                [--..--] or UNINITIALIZED
  __realloc_tdefl_output_buffer_putter_l1404_3[0..18446744073709551613] ∈
                                              [--..--] or UNINITIALIZED
[eva:final-states] 
  Values at end of function tdefl_write_image_to_png_file_in_memory_ex:
  __fc_heap_status ∈ [--..--]
  png_data_size ∈ [--..--]
  pComp ∈ {0} or ESCAPINGADDR
  out_buf.m_size ∈ [--..--] or UNINITIALIZED
         .m_capacity ∈ [50335801..18446744073709551614] or UNINITIALIZED
         .m_pBuf ∈
         {{ NULL ;
            &__malloc_tdefl_write_image_to_png_file_in_memory_ex_l1488[0] ;
            &__realloc_w_tdefl_output_buffer_putter_l1404[0] ;
            &__realloc_w_tdefl_output_buffer_putter_l1404_0[0] ;
            &__realloc_w_tdefl_output_buffer_putter_l1404_1[0] ;
            &__realloc_w_tdefl_output_buffer_putter_l1404_2[0] ;
            &__realloc_tdefl_output_buffer_putter_l1404_3[0] ;
            &__realloc_tdefl_output_buffer_putter_l1404_4[0] }} or UNINITIALIZED or ESCAPINGADDR
         .m_expandable ∈ {1} or UNINITIALIZED
         .[bits 224 to 255] ∈ {0} or UNINITIALIZED
  i ∈ {4} or UNINITIALIZED
  bpl ∈ {12288}
  y ∈ [4096..2147483647] or UNINITIALIZED
  z ∈ {0} or UNINITIALIZED
  c ∈ {0} or UNINITIALIZED
  __retres ∈
          {{ NULL ;
             (void __attribute__((__visibility__("default"))) *)&__malloc_tdefl_write_image_to_png_file_in_memory_ex_l1488 ;
             (void __attribute__((__visibility__("default"))) *)&__realloc_w_tdefl_output_buffer_putter_l1404 ;
             (void __attribute__((__visibility__("default"))) *)&__realloc_w_tdefl_output_buffer_putter_l1404_0 ;
             (void __attribute__((__visibility__("default"))) *)&__realloc_w_tdefl_output_buffer_putter_l1404_1 ;
             (void __attribute__((__visibility__("default"))) *)&__realloc_w_tdefl_output_buffer_putter_l1404_2 ;
             (void __attribute__((__visibility__("default"))) *)&__realloc_tdefl_output_buffer_putter_l1404_3 ;
             (void __attribute__((__visibility__("default"))) *)&__realloc_tdefl_output_buffer_putter_l1404_4 }}
  __malloc_tdefl_write_image_to_png_file_in_memory_ex_l1488[0..50335800] ∈
                                                           [--..--] or UNINITIALIZED
  __realloc_w_tdefl_output_buffer_putter_l1404[0..18446744073709551615] ∈
                                              [--..--] or UNINITIALIZED
  __realloc_w_tdefl_output_buffer_putter_l1404_0[0..18446744073709551613] ∈
                                                [--..--] or UNINITIALIZED
  __realloc_w_tdefl_output_buffer_putter_l1404_1[0..18446744073709551613] ∈
                                                [--..--] or UNINITIALIZED
  __realloc_w_tdefl_output_buffer_putter_l1404_2[0..18446744073709551613] ∈
                                                [--..--] or UNINITIALIZED
  __realloc_tdefl_output_buffer_putter_l1404_3[0..18446744073709551613] ∈
                                              [--..--] or UNINITIALIZED
  __realloc_tdefl_output_buffer_putter_l1404_4[0..18446744073709551613] ∈
                                              [--..--] or UNINITIALIZED
[eva:final-states] Values at end of function main:
  __fc_heap_status ∈ [--..--]
  __fc_fopen[0..15] ∈ [--..--]
  iXmax ∈ {4096}
  iYmax ∈ {4096}
  iX ∈ [4096..2147483647]
  iY ∈ [4096..2147483647]
  CxMin ∈ {-2.5}
  CxMax ∈ {1.5}
  CyMin ∈ {-2.}
  CyMax ∈ {2.}
  PixelWidth ∈ {0.0009765625}
  PixelHeight ∈ {0.0009765625}
  Zx ∈ [-10. .. 10.]
  Zy ∈ [-1.79769313486e+308 .. 1.79769313486e+308]
  Zx2 ∈ [0. .. 10000000000.]
  Zy2 ∈ [0. .. 1.79769313486e+308]
  Iteration ∈ [1..2147483647]
  IterationMax ∈ {200}
  EscapeRadius ∈ {2.}
  ER2 ∈ {4.}
  pImage ∈ ESCAPINGADDR
  Cx ∈ [-2.4970703125 .. 1.4990234375]
  Cy ∈ [-1.99609375 .. 1.9990234375]
  MinIter ∈ {1}
  MaxIter ∈ [1..2147483647]
  __retres ∈ {0}
  S___fc_stderr[0..1] ∈ [--..--]
  S___fc_stdout[0..1] ∈ [--..--]
  __malloc_tdefl_write_image_to_png_file_in_memory_ex_l1488[0..50335800] ∈
                                                           [--..--] or UNINITIALIZED
  __realloc_w_tdefl_output_buffer_putter_l1404[0..18446744073709551615] ∈
                                              [--..--] or UNINITIALIZED
  __realloc_w_tdefl_output_buffer_putter_l1404_0[0..18446744073709551613] ∈
                                                [--..--] or UNINITIALIZED
  __realloc_w_tdefl_output_buffer_putter_l1404_1[0..18446744073709551613] ∈
                                                [--..--] or UNINITIALIZED
  __realloc_w_tdefl_output_buffer_putter_l1404_2[0..18446744073709551613] ∈
                                                [--..--] or UNINITIALIZED
  __realloc_tdefl_output_buffer_putter_l1404_3[0..18446744073709551613] ∈
                                              [--..--] or UNINITIALIZED
  __realloc_tdefl_output_buffer_putter_l1404_4[0..18446744073709551613] ∈
                                              [--..--] or UNINITIALIZED
[eva:final-states] Values at end of function eva_main:
  Frama_C_entropy_source ∈ [--..--]
  argc ∈ {0; 1; 2; 3; 4; 5}
  argv0[0..254] ∈ [--..--]
       [255] ∈ {0}
  argv1[0..254] ∈ [--..--]
       [255] ∈ {0}
  argv2[0..254] ∈ [--..--]
       [255] ∈ {0}
  argv3[0..254] ∈ [--..--]
       [255] ∈ {0}
  argv4[0..254] ∈ [--..--]
       [255] ∈ {0}
  argv[0] ∈ {{ &argv0[0] }}
      [1] ∈ {{ &argv1[0] }}
      [2] ∈ {{ &argv2[0] }}
      [3] ∈ {{ &argv3[0] }}
      [4] ∈ {{ &argv4[0] }}
      [5] ∈ {0}
  __fc_heap_status ∈ [--..--]
  __fc_fopen[0..15] ∈ [--..--]
  S___fc_stderr[0..1] ∈ [--..--]
  S___fc_stdout[0..1] ∈ [--..--]
  __malloc_tdefl_write_image_to_png_file_in_memory_ex_l1488[0..50335800] ∈
                                                           [--..--] or UNINITIALIZED
  __realloc_w_tdefl_output_buffer_putter_l1404[0..18446744073709551615] ∈
                                              [--..--] or UNINITIALIZED
  __realloc_w_tdefl_output_buffer_putter_l1404_0[0..18446744073709551613] ∈
                                                [--..--] or UNINITIALIZED
  __realloc_w_tdefl_output_buffer_putter_l1404_1[0..18446744073709551613] ∈
                                                [--..--] or UNINITIALIZED
  __realloc_w_tdefl_output_buffer_putter_l1404_2[0..18446744073709551613] ∈
                                                [--..--] or UNINITIALIZED
  __realloc_tdefl_output_buffer_putter_l1404_3[0..18446744073709551613] ∈
                                              [--..--] or UNINITIALIZED
  __realloc_tdefl_output_buffer_putter_l1404_4[0..18446744073709551613] ∈
                                              [--..--] or UNINITIALIZED
[eva:summary] ====== ANALYSIS SUMMARY ======
  ----------------------------------------------------------------------------
  27 functions analyzed (out of 59): 45% coverage.
  In these functions, 1875 statements reached (out of 2073): 90% coverage.
  ----------------------------------------------------------------------------
  Some errors and warnings have been raised during the analysis:
    by the Eva analyzer:      0 errors    3 warnings
    by the Frama-C kernel:    0 errors   18 warnings
  ----------------------------------------------------------------------------
  175 alarms generated by the analysis:
      71 accesses to uninitialized left-values
      43 invalid memory accesses
      31 accesses out of bounds index
      16 integer overflows
       6 illegal conversions from floating-point to integer
       2 nan or infinite floating-point values
       1 invalid shift
       5 others
  ----------------------------------------------------------------------------
  Evaluation of the logical properties reached by the analysis:
    Assertions        0 valid     0 unknown     0 invalid      0 total
    Preconditions    67 valid    18 unknown     0 invalid     85 total
  78% of the logical properties reached have been proven.
  ----------------------------------------------------------------------------
1294.67user 12.43system 21:47.25elapsed 99%CPU (0avgtext+0avgdata 1322944maxresident)k
0inputs+8400outputs (0major+334219minor)pagefaults 0swaps
