[kernel] Parsing fc_stubs.c (with preprocessing)
[kernel] Parsing examples/full_api.c (with preprocessing)
[eva] Option -eva-precision 0 detected, automatic configuration of the analysis:
  option -eva-min-loop-unroll already set to 2 (not modified).
  option -eva-auto-loop-unroll already set to 362 (not modified).
  option -eva-widening-delay already set to 21 (not modified).
  option -eva-partition-history set to 0 (default value).
  option -eva-slevel already set to 693 (not modified).
  option -eva-ilevel already set to 448 (not modified).
  option -eva-plevel set to 10.
  option -eva-subdivide-non-linear already set to 134 (not modified).
  option -eva-remove-redundant-alarms set to false.
  option -eva-domains already set to '@default,cvalue,equality,gauges,octagon,symbolic-locations' (not modified).
  option -eva-split-return already set to 'auto' (not modified).
  option -eva-equality-through-calls set to 'none'.
  option -eva-octagon-through-calls already set to true (not modified).
[eva] Splitting return states on:
  \return(Frama_C_nondet_ptr) == 0 (auto)
  \return(Frama_C_malloc_fresh) == 0 (auto)
  \return(kgflags_parse) == 0 (auto)
  \return(kgflags_string_array_get_item) == 0 (auto)
  \return(kgflags_get_non_flag_arg) == 0 (auto)
  \return(tmpfile) == 0 (auto)
  \return(tmpnam) == 0 (auto)
  \return(fopen) == 0 (auto)
  \return(fdopen) == 0 (auto)
  \return(freopen) == 0 (auto)
  \return(fgets) == 0 (auto)
  \return(gets) == 0 (auto)
  \return(popen) == 0 (auto)
  \return(fmemopen) == 0 (auto)
  \return(memchr) == 0 (auto)
  \return(memcpy) == 0 (auto)
  \return(mempcpy) == 0 (auto)
  \return(memmove) == 0 (auto)
  \return(memset) == 0 (auto)
  \return(strcmp) == 0 (auto)
  \return(strncmp) == 0 (auto)
  \return(strchr) == 0 (auto)
  \return(strchrnul) == 0 (auto)
  \return(strrchr) == 0 (auto)
  \return(strpbrk) == 0 (auto)
  \return(strstr) == 0 (auto)
  \return(strcasestr) == 0 (auto)
  \return(strtok) == 0 (auto)
  \return(strtok_r) == 0 (auto)
  \return(strsep) == 0 (auto)
  \return(strerror) == 0 (auto)
  \return(strcpy) == 0 (auto)
  \return(strncpy) == 0 (auto)
  \return(stpcpy) == 0 (auto)
  \return(strcat) == 0 (auto)
  \return(strncat) == 0 (auto)
  \return(strdup) == 0 (auto)
  \return(strndup) == 0 (auto)
  \return(strsignal) == 0 (auto)
  \return(strtol) == -9223372036854775808, 9223372036854775807 (auto)
  \return(seed48) == 0 (auto)
  \return(calloc) == 0 (auto)
  \return(malloc) == 0 (auto)
  \return(realloc) == 0 (auto)
  \return(reallocarray) == 0 (auto)
  \return(getenv) == 0 (auto)
  \return(bsearch) == 0 (auto)
  \return(_kgflags_is_flag) == 0 (auto)
  \return(_kgflags_get_flag_name) == 0 (auto)
  \return(_kgflags_get_flag) == 0 (auto)
  \return(_kgflags_consume_arg) == 0 (auto)
  \return(_kgflags_peek_arg) == 0 (auto)
[eva] Analyzing a complete application starting at eva_main
[eva:initial-state] Values of globals at initialization
  _kgflags_g ∈ {0}
[eva] using specification for function Frama_C_interval
[eva] using specification for function Frama_C_make_unknown
[eva] FRAMAC_SHARE/libc/string.h:134: 
  cannot evaluate ACSL term, unsupported ACSL construct: logic function memset
[eva] using specification for function strstr
[eva] FRAMAC_SHARE/libc/string.h:243: 
  cannot evaluate ACSL term, unsupported ACSL construct: logic function memcmp
[eva] using specification for function strcmp
[eva] FRAMAC_SHARE/libc/string.h:156: 
  cannot evaluate ACSL term, unsupported ACSL construct: logic function strcmp
[eva:alarm] kgflags.h:608: Warning: 
  function strcmp: precondition 'valid_string_s2' got status unknown.
[eva:alarm] kgflags.h:612: Warning: 
  function strcmp: precondition 'valid_string_s2' got status unknown.
[eva:loop-unroll:partial] kgflags.h:606: loop not completely unrolled
[eva] using specification for function strncmp
[eva] FRAMAC_SHARE/libc/string.h:163: 
  cannot evaluate ACSL term, unsupported ACSL construct: logic function strncmp
[eva:alarm] kgflags.h:608: Warning: 
  function strcmp: precondition 'valid_string_s1' got status invalid.
[eva:alarm] kgflags.h:735: Warning: 
  out of bounds write. assert \valid(flag->result.bool_value);
[eva] using specification for function strtol
[eva:alarm] kgflags.h:753: Warning: 
  out of bounds write. assert \valid(flag->result.int_value);
[eva] using specification for function strtod
[eva:alarm] kgflags.h:641: Warning: 
  non-finite float value. assert \is_finite((float)INFINITY);
[eva:alarm] kgflags.h:641: Warning: 
  non-finite double value. assert \is_finite(res);
[eva:loop-unroll:partial] kgflags.h:784: loop not completely unrolled
[eva:alarm] kgflags.h:787: Warning: 
  out of bounds write. assert \valid(&arr->_items);
[eva:alarm] kgflags.h:788: Warning: 
  out of bounds write. assert \valid(&arr->_count);
[eva:loop-unroll:partial] kgflags.h:809: loop not completely unrolled
[eva:alarm] kgflags.h:813: Warning: 
  out of bounds write. assert \valid(&arr_0->_items);
[eva:alarm] kgflags.h:814: Warning: 
  out of bounds write. assert \valid(&arr_0->_count);
[eva:loop-unroll:partial] kgflags.h:836: loop not completely unrolled
[eva:alarm] kgflags.h:840: Warning: 
  out of bounds write. assert \valid(&arr_1->_items);
[eva:alarm] kgflags.h:841: Warning: 
  out of bounds write. assert \valid(&arr_1->_count);
[eva:loop-unroll:partial] kgflags.h:369: loop not completely unrolled
[eva:loop-unroll:partial] kgflags.h:373: loop not completely unrolled
[eva:loop-unroll:partial] kgflags.h:380: loop not completely unrolled
[eva] kgflags.h:360: Trace partitioning superposing up to 100 states
[eva] kgflags.h:360: Trace partitioning superposing up to 200 states
[eva:loop-unroll:auto] kgflags.h:663: Automatic loop unrolling.
[eva:alarm] kgflags.h:675: Warning: 
  out of bounds write. assert \valid(flag->result.bool_value);
[eva:alarm] kgflags.h:680: Warning: 
  out of bounds write. assert \valid(flag->result.int_value);
[eva:alarm] kgflags.h:685: Warning: 
  out of bounds write. assert \valid(flag->result.double_value);
[eva] kgflags.h:663: Trace partitioning superposing up to 200 states
[eva] kgflags.h:663: Trace partitioning superposing up to 400 states
[eva] kgflags.h:663: Trace partitioning superposing up to 900 states
[eva] kgflags.h:666: Trace partitioning superposing up to 100 states
[eva] kgflags.h:663: Trace partitioning superposing up to 300 states
[eva] kgflags.h:666: Trace partitioning superposing up to 600 states
[eva] kgflags.h:663: Trace partitioning superposing up to 1000 states
[eva] kgflags.h:663: Trace partitioning superposing up to 100 states
[eva] kgflags.h:666: Trace partitioning superposing up to 300 states
[eva] kgflags.h:663: Trace partitioning superposing up to 500 states
[eva] kgflags.h:666: Trace partitioning superposing up to 1000 states
[eva] kgflags.h:385: Trace partitioning superposing up to 400 states
[eva] kgflags.h:385: Trace partitioning superposing up to 600 states
[eva] kgflags.h:385: Trace partitioning superposing up to 2300 states
[kernel] kgflags.h:657: too many locations to update in array. Approximating.
[eva:loop-unroll:partial] kgflags.h:385: loop not completely unrolled
[eva] kgflags.h:385: Trace partitioning superposing up to 2400 states
[eva] kgflags.h:385: starting to merge loop iterations
[eva] kgflags.h:385: Trace partitioning superposing up to 2500 states
[eva] using specification for function printf_va_1
[eva:alarm] examples/full_api.c:34: Warning: 
  function printf_va_1: precondition valid_read_string(param0) got status unknown.
[eva] using specification for function printf_va_2
[eva] using specification for function printf_va_3
[eva:alarm] examples/full_api.c:37: Warning: 
  non-finite double value. assert \is_finite(double_val);
[eva] using specification for function printf_va_4
[eva] using specification for function printf_va_5
[eva:alarm] kgflags.h:522: Warning: 
  out of bounds read. assert \valid_read(arr->_items + at);
[eva:garbled-mix:write] kgflags.h:522: 
  Assigning imprecise value to __retres.
  The imprecision originates from Misaligned {kgflags.h:522}
[eva:garbled-mix:write] kgflags.h:522: 
  Assigning imprecise value to \result<kgflags_string_array_get_item>.
  The imprecision originates from Misaligned {kgflags.h:522}
[eva] kgflags.h:522: cannot properly split on \result == 0
[eva:garbled-mix:write] examples/full_api.c:41: 
  Assigning imprecise value to tmp_2.
  The imprecision originates from Misaligned {kgflags.h:522}
[eva] using specification for function printf_va_6
[eva:alarm] examples/full_api.c:41: Warning: 
  function printf_va_6: precondition valid_read_string(param1) got status invalid.
[eva:alarm] examples/full_api.c:41: Warning: 
  function printf_va_6: precondition valid_read_string(param1) got status unknown.
[eva:loop-unroll:partial] examples/full_api.c:40: loop not completely unrolled
[eva] using specification for function printf_va_7
[eva:alarm] kgflags.h:533: Warning: 
  out of bounds read. assert \valid_read(arr->_items + at);
[eva:garbled-mix:write] kgflags.h:533: 
  Assigning imprecise value to str.
  The imprecision originates from Misaligned {kgflags.h:533}
[eva:alarm] kgflags.h:626: Warning: 
  function strtol: precondition 'valid_string_nptr' got status unknown.
[eva:alarm] kgflags.h:627: Warning: 
  pointer comparison. assert \pointer_comparable((void *)end, (void *)str);
[eva] using specification for function printf_va_8
[eva:loop-unroll:partial] examples/full_api.c:45: loop not completely unrolled
[eva] using specification for function printf_va_9
[eva:alarm] kgflags.h:550: Warning: 
  out of bounds read. assert \valid_read(arr->_items + at);
[eva:garbled-mix:write] kgflags.h:550: 
  Assigning imprecise value to str.
  The imprecision originates from Misaligned {kgflags.h:550}
[eva:alarm] kgflags.h:639: Warning: 
  function strtod: precondition 'valid_string_nptr' got status unknown.
[eva:alarm] kgflags.h:640: Warning: 
  pointer comparison. assert \pointer_comparable((void *)end, (void *)str);
[eva] using specification for function printf_va_10
[eva:loop-unroll:partial] examples/full_api.c:50: loop not completely unrolled
[eva:loop-unroll:auto] examples/full_api.c:55: Automatic loop unrolling.
[eva] kgflags.h:567: cannot properly split on \result == 0
[eva] using specification for function printf_va_11
[eva:alarm] examples/full_api.c:56: Warning: 
  function printf_va_11: precondition valid_read_string(param1) got status unknown.
[eva:alarm] kgflags.h:402: Warning: 
  accessing uninitialized left-value. assert \initialized(&err->kind);
[eva:alarm] kgflags.h:404: Warning: 
  accessing uninitialized left-value. assert \initialized(&err->flag_name);
[eva] using specification for function fprintf_va_1
[eva:alarm] kgflags.h:404: Warning: 
  function fprintf_va_1: precondition valid_read_string(param1) got status unknown.
[eva:alarm] kgflags.h:408: Warning: 
  accessing uninitialized left-value. assert \initialized(&err->flag_name);
[eva] using specification for function fprintf_va_2
[eva:alarm] kgflags.h:408: Warning: 
  function fprintf_va_2: precondition valid_read_string(param1) got status unknown.
[eva:alarm] kgflags.h:412: Warning: 
  accessing uninitialized left-value. assert \initialized(&err->flag_name);
[eva] using specification for function fprintf_va_3
[eva:alarm] kgflags.h:412: Warning: 
  function fprintf_va_3: precondition valid_read_string(param1) got status unknown.
[eva:alarm] kgflags.h:416: Warning: 
  accessing uninitialized left-value. assert \initialized(&err->arg);
[eva:alarm] kgflags.h:416: Warning: 
  accessing uninitialized left-value. assert \initialized(&err->flag_name);
[eva] using specification for function fprintf_va_4
[eva:alarm] kgflags.h:416: Warning: 
  function fprintf_va_4: precondition valid_read_string(param1) got status unknown.
[eva:alarm] kgflags.h:416: Warning: 
  function fprintf_va_4: precondition valid_read_string(param2) got status unknown.
[eva:alarm] kgflags.h:420: Warning: 
  accessing uninitialized left-value. assert \initialized(&err->arg);
[eva:alarm] kgflags.h:420: Warning: 
  accessing uninitialized left-value. assert \initialized(&err->flag_name);
[eva] using specification for function fprintf_va_5
[eva:alarm] kgflags.h:420: Warning: 
  function fprintf_va_5: precondition valid_read_string(param1) got status unknown.
[eva:alarm] kgflags.h:420: Warning: 
  function fprintf_va_5: precondition valid_read_string(param2) got status unknown.
[eva] using specification for function fprintf_va_6
[eva] using specification for function fprintf_va_7
[eva:alarm] kgflags.h:432: Warning: 
  accessing uninitialized left-value. assert \initialized(&err->flag_name);
[eva] using specification for function fprintf_va_8
[eva:alarm] kgflags.h:432: Warning: 
  function fprintf_va_8: precondition valid_read_string(param1) got status unknown.
[eva:alarm] kgflags.h:436: Warning: 
  accessing uninitialized left-value. assert \initialized(&err->flag_name);
[eva] using specification for function fprintf_va_9
[eva:alarm] kgflags.h:436: Warning: 
  function fprintf_va_9: precondition valid_read_string(param1) got status unknown.
[eva:alarm] kgflags.h:440: Warning: 
  accessing uninitialized left-value. assert \initialized(&err->flag_name);
[eva] using specification for function fprintf_va_10
[eva:alarm] kgflags.h:440: Warning: 
  function fprintf_va_10: precondition valid_read_string(param1) got status unknown.
[eva] kgflags.h:400: Trace partitioning superposing up to 100 states
[eva] kgflags.h:400: Trace partitioning superposing up to 800 states
[eva:loop-unroll:partial] kgflags.h:400: loop not completely unrolled
[eva] kgflags.h:400: Trace partitioning superposing up to 900 states
[eva] kgflags.h:400: Trace partitioning superposing up to 1000 states
[eva] kgflags.h:400: Trace partitioning superposing up to 1100 states
[eva] kgflags.h:400: Trace partitioning superposing up to 1200 states
[eva] kgflags.h:400: Trace partitioning superposing up to 1300 states
[eva] kgflags.h:400: Trace partitioning superposing up to 1400 states
[eva] kgflags.h:400: Trace partitioning superposing up to 1500 states
[eva] kgflags.h:400: Trace partitioning superposing up to 1600 states
[eva] kgflags.h:400: Trace partitioning superposing up to 1700 states
[eva] kgflags.h:400: Trace partitioning superposing up to 1800 states
[eva] kgflags.h:400: Trace partitioning superposing up to 1900 states
[eva] kgflags.h:400: Trace partitioning superposing up to 2000 states
[eva] kgflags.h:400: Trace partitioning superposing up to 2100 states
[eva] kgflags.h:400: Trace partitioning superposing up to 2200 states
[eva] kgflags.h:400: Trace partitioning superposing up to 2300 states
[eva] kgflags.h:400: Trace partitioning superposing up to 2400 states
[eva] kgflags.h:400: Trace partitioning superposing up to 2500 states
[eva] kgflags.h:400: Trace partitioning superposing up to 2600 states
[eva] kgflags.h:400: Trace partitioning superposing up to 2700 states
[eva] kgflags.h:400: Trace partitioning superposing up to 2800 states
[eva] kgflags.h:400: Trace partitioning superposing up to 2900 states
[eva] kgflags.h:400: Trace partitioning superposing up to 3000 states
[eva] kgflags.h:400: Trace partitioning superposing up to 3100 states
[eva] kgflags.h:400: Trace partitioning superposing up to 3200 states
[eva] kgflags.h:400: Trace partitioning superposing up to 3300 states
[eva] kgflags.h:400: Trace partitioning superposing up to 3400 states
[eva] kgflags.h:400: Trace partitioning superposing up to 3500 states
[eva] kgflags.h:400: Trace partitioning superposing up to 3600 states
[eva] kgflags.h:400: Trace partitioning superposing up to 3700 states
[eva] kgflags.h:400: Trace partitioning superposing up to 3800 states
[eva] kgflags.h:400: Trace partitioning superposing up to 3900 states
[eva] kgflags.h:400: Trace partitioning superposing up to 4000 states
[eva] kgflags.h:400: Trace partitioning superposing up to 4100 states
[eva] kgflags.h:400: Trace partitioning superposing up to 4200 states
[eva] kgflags.h:400: Trace partitioning superposing up to 4300 states
[eva] kgflags.h:400: Trace partitioning superposing up to 4400 states
[eva] kgflags.h:400: Trace partitioning superposing up to 4500 states
[eva] kgflags.h:400: Trace partitioning superposing up to 4600 states
[eva] kgflags.h:400: Trace partitioning superposing up to 4700 states
[eva] kgflags.h:400: Trace partitioning superposing up to 4800 states
[eva] kgflags.h:400: Trace partitioning superposing up to 4900 states
[eva] kgflags.h:400: Trace partitioning superposing up to 5000 states
[eva] kgflags.h:400: Trace partitioning superposing up to 5100 states
[eva] kgflags.h:400: Trace partitioning superposing up to 5200 states
[eva] kgflags.h:400: Trace partitioning superposing up to 5300 states
[eva] kgflags.h:400: Trace partitioning superposing up to 5400 states
[eva] kgflags.h:400: Trace partitioning superposing up to 5500 states
[eva] kgflags.h:400: Trace partitioning superposing up to 5600 states
[eva] kgflags.h:400: Trace partitioning superposing up to 5700 states
[kernel] kgflags.h:402: more than 10(449) elements to enumerate. Approximating.
[kernel] kgflags.h:404: more than 10(449) elements to enumerate. Approximating.
[kernel] kgflags.h:416: more than 10(449) elements to enumerate. Approximating.
[kernel] kgflags.h:402: more than 10(450) elements to enumerate. Approximating.
[kernel] kgflags.h:404: more than 10(450) elements to enumerate. Approximating.
[kernel] kgflags.h:416: more than 10(450) elements to enumerate. Approximating.
[kernel] kgflags.h:402: more than 10(451) elements to enumerate. Approximating.
[kernel] kgflags.h:404: more than 10(451) elements to enumerate. Approximating.
[kernel] kgflags.h:416: more than 10(451) elements to enumerate. Approximating.
[kernel] kgflags.h:402: more than 10(452) elements to enumerate. Approximating.
[kernel] kgflags.h:404: more than 10(452) elements to enumerate. Approximating.
[kernel] kgflags.h:416: more than 10(452) elements to enumerate. Approximating.
[kernel] kgflags.h:402: more than 10(453) elements to enumerate. Approximating.
[kernel] kgflags.h:404: more than 10(453) elements to enumerate. Approximating.
[kernel] kgflags.h:416: more than 10(453) elements to enumerate. Approximating.
[kernel] kgflags.h:402: more than 10(454) elements to enumerate. Approximating.
[kernel] kgflags.h:404: more than 10(454) elements to enumerate. Approximating.
[kernel] kgflags.h:416: more than 10(454) elements to enumerate. Approximating.
[kernel] kgflags.h:420: more than 10(454) elements to enumerate. Approximating.
[kernel] kgflags.h:402: more than 10(455) elements to enumerate. Approximating.
[kernel] kgflags.h:404: more than 10(455) elements to enumerate. Approximating.
[kernel] kgflags.h:416: more than 10(455) elements to enumerate. Approximating.
[eva] kgflags.h:400: Trace partitioning superposing up to 5800 states
[kernel] kgflags.h:402: more than 10(456) elements to enumerate. Approximating.
[kernel] kgflags.h:404: more than 10(456) elements to enumerate. Approximating.
[kernel] kgflags.h:416: more than 10(456) elements to enumerate. Approximating.
[kernel] kgflags.h:402: more than 10(457) elements to enumerate. Approximating.
[kernel] kgflags.h:404: more than 10(457) elements to enumerate. Approximating.
[kernel] kgflags.h:416: more than 10(457) elements to enumerate. Approximating.
[kernel] kgflags.h:402: more than 10(458) elements to enumerate. Approximating.
[kernel] kgflags.h:404: more than 10(458) elements to enumerate. Approximating.
[kernel] kgflags.h:416: more than 10(458) elements to enumerate. Approximating.
[kernel] kgflags.h:402: more than 10(459) elements to enumerate. Approximating.
[kernel] kgflags.h:404: more than 10(459) elements to enumerate. Approximating.
[kernel] kgflags.h:416: more than 10(459) elements to enumerate. Approximating.
[kernel] kgflags.h:402: more than 10(460) elements to enumerate. Approximating.
[kernel] kgflags.h:404: more than 10(460) elements to enumerate. Approximating.
[kernel] kgflags.h:416: more than 10(460) elements to enumerate. Approximating.
[kernel] kgflags.h:402: more than 10(461) elements to enumerate. Approximating.
[kernel] kgflags.h:404: more than 10(461) elements to enumerate. Approximating.
[kernel] kgflags.h:416: more than 10(461) elements to enumerate. Approximating.
[kernel] kgflags.h:402: more than 10(462) elements to enumerate. Approximating.
[kernel] kgflags.h:404: more than 10(462) elements to enumerate. Approximating.
[kernel] kgflags.h:416: more than 10(462) elements to enumerate. Approximating.
[kernel] kgflags.h:402: more than 10(463) elements to enumerate. Approximating.
[kernel] kgflags.h:404: more than 10(463) elements to enumerate. Approximating.
[kernel] kgflags.h:416: more than 10(463) elements to enumerate. Approximating.
[kernel] kgflags.h:402: more than 10(464) elements to enumerate. Approximating.
[kernel] kgflags.h:404: more than 10(464) elements to enumerate. Approximating.
[kernel] kgflags.h:416: more than 10(464) elements to enumerate. Approximating.
[eva] kgflags.h:400: Trace partitioning superposing up to 5900 states
[kernel] kgflags.h:402: more than 10(465) elements to enumerate. Approximating.
[kernel] kgflags.h:404: more than 10(465) elements to enumerate. Approximating.
[kernel] kgflags.h:416: more than 10(465) elements to enumerate. Approximating.
[kernel] kgflags.h:402: more than 10(466) elements to enumerate. Approximating.
[kernel] kgflags.h:404: more than 10(466) elements to enumerate. Approximating.
[kernel] kgflags.h:416: more than 10(466) elements to enumerate. Approximating.
[kernel] kgflags.h:402: more than 10(467) elements to enumerate. Approximating.
[kernel] kgflags.h:404: more than 10(467) elements to enumerate. Approximating.
[kernel] kgflags.h:416: more than 10(467) elements to enumerate. Approximating.
[kernel] kgflags.h:402: more than 10(468) elements to enumerate. Approximating.
[kernel] kgflags.h:404: more than 10(468) elements to enumerate. Approximating.
[kernel] kgflags.h:416: more than 10(468) elements to enumerate. Approximating.
[kernel] kgflags.h:402: more than 10(469) elements to enumerate. Approximating.
[kernel] kgflags.h:404: more than 10(469) elements to enumerate. Approximating.
[kernel] kgflags.h:416: more than 10(469) elements to enumerate. Approximating.
[kernel] kgflags.h:402: more than 10(470) elements to enumerate. Approximating.
[kernel] kgflags.h:404: more than 10(470) elements to enumerate. Approximating.
[kernel] kgflags.h:416: more than 10(470) elements to enumerate. Approximating.
[kernel] kgflags.h:402: more than 10(471) elements to enumerate. Approximating.
[kernel] kgflags.h:404: more than 10(471) elements to enumerate. Approximating.
[kernel] kgflags.h:416: more than 10(471) elements to enumerate. Approximating.
[kernel] kgflags.h:402: more than 10(472) elements to enumerate. Approximating.
[kernel] kgflags.h:404: more than 10(472) elements to enumerate. Approximating.
[kernel] kgflags.h:416: more than 10(472) elements to enumerate. Approximating.
[kernel] kgflags.h:402: more than 10(473) elements to enumerate. Approximating.
[kernel] kgflags.h:404: more than 10(473) elements to enumerate. Approximating.
[kernel] kgflags.h:416: more than 10(473) elements to enumerate. Approximating.
[eva] kgflags.h:400: Trace partitioning superposing up to 6000 states
[kernel] kgflags.h:402: more than 10(474) elements to enumerate. Approximating.
[kernel] kgflags.h:404: more than 10(474) elements to enumerate. Approximating.
[kernel] kgflags.h:416: more than 10(474) elements to enumerate. Approximating.
[kernel] kgflags.h:402: more than 10(475) elements to enumerate. Approximating.
[kernel] kgflags.h:404: more than 10(475) elements to enumerate. Approximating.
[kernel] kgflags.h:416: more than 10(475) elements to enumerate. Approximating.
[kernel] kgflags.h:402: more than 10(476) elements to enumerate. Approximating.
[kernel] kgflags.h:404: more than 10(476) elements to enumerate. Approximating.
[kernel] kgflags.h:416: more than 10(476) elements to enumerate. Approximating.
[kernel] kgflags.h:402: more than 10(477) elements to enumerate. Approximating.
[kernel] kgflags.h:404: more than 10(477) elements to enumerate. Approximating.
[kernel] kgflags.h:416: more than 10(477) elements to enumerate. Approximating.
[kernel] kgflags.h:402: more than 10(478) elements to enumerate. Approximating.
[kernel] kgflags.h:404: more than 10(478) elements to enumerate. Approximating.
[kernel] kgflags.h:416: more than 10(478) elements to enumerate. Approximating.
[kernel] kgflags.h:402: more than 10(479) elements to enumerate. Approximating.
[kernel] kgflags.h:404: more than 10(479) elements to enumerate. Approximating.
[kernel] kgflags.h:416: more than 10(479) elements to enumerate. Approximating.
[kernel] kgflags.h:402: more than 10(480) elements to enumerate. Approximating.
[kernel] kgflags.h:404: more than 10(480) elements to enumerate. Approximating.
[kernel] kgflags.h:416: more than 10(480) elements to enumerate. Approximating.
[kernel] kgflags.h:402: more than 10(481) elements to enumerate. Approximating.
[kernel] kgflags.h:404: more than 10(481) elements to enumerate. Approximating.
[kernel] kgflags.h:416: more than 10(481) elements to enumerate. Approximating.
[kernel] kgflags.h:402: more than 10(482) elements to enumerate. Approximating.
[kernel] kgflags.h:404: more than 10(482) elements to enumerate. Approximating.
[kernel] kgflags.h:416: more than 10(482) elements to enumerate. Approximating.
[eva] kgflags.h:400: Trace partitioning superposing up to 6100 states
[kernel] kgflags.h:402: more than 10(483) elements to enumerate. Approximating.
[kernel] kgflags.h:404: more than 10(483) elements to enumerate. Approximating.
[kernel] kgflags.h:416: more than 10(483) elements to enumerate. Approximating.
[kernel] kgflags.h:402: more than 10(484) elements to enumerate. Approximating.
[kernel] kgflags.h:404: more than 10(484) elements to enumerate. Approximating.
[kernel] kgflags.h:416: more than 10(484) elements to enumerate. Approximating.
[kernel] kgflags.h:402: more than 10(485) elements to enumerate. Approximating.
[kernel] kgflags.h:404: more than 10(485) elements to enumerate. Approximating.
[kernel] kgflags.h:416: more than 10(485) elements to enumerate. Approximating.
[kernel] kgflags.h:402: more than 10(486) elements to enumerate. Approximating.
[kernel] kgflags.h:404: more than 10(486) elements to enumerate. Approximating.
[kernel] kgflags.h:416: more than 10(486) elements to enumerate. Approximating.
[kernel] kgflags.h:402: more than 10(487) elements to enumerate. Approximating.
[kernel] kgflags.h:404: more than 10(487) elements to enumerate. Approximating.
[kernel] kgflags.h:416: more than 10(487) elements to enumerate. Approximating.
[kernel] kgflags.h:402: more than 10(488) elements to enumerate. Approximating.
[kernel] kgflags.h:404: more than 10(488) elements to enumerate. Approximating.
[kernel] kgflags.h:416: more than 10(488) elements to enumerate. Approximating.
[kernel] kgflags.h:402: more than 10(489) elements to enumerate. Approximating.
[kernel] kgflags.h:404: more than 10(489) elements to enumerate. Approximating.
[kernel] kgflags.h:416: more than 10(489) elements to enumerate. Approximating.
[kernel] kgflags.h:402: more than 10(490) elements to enumerate. Approximating.
[kernel] kgflags.h:404: more than 10(490) elements to enumerate. Approximating.
[kernel] kgflags.h:416: more than 10(490) elements to enumerate. Approximating.
[kernel] kgflags.h:402: more than 10(491) elements to enumerate. Approximating.
[kernel] kgflags.h:404: more than 10(491) elements to enumerate. Approximating.
[kernel] kgflags.h:416: more than 10(491) elements to enumerate. Approximating.
[eva] kgflags.h:400: Trace partitioning superposing up to 6200 states
[kernel] kgflags.h:402: more than 10(492) elements to enumerate. Approximating.
[kernel] kgflags.h:404: more than 10(492) elements to enumerate. Approximating.
[kernel] kgflags.h:416: more than 10(492) elements to enumerate. Approximating.
[kernel] kgflags.h:402: more than 10(493) elements to enumerate. Approximating.
[kernel] kgflags.h:404: more than 10(493) elements to enumerate. Approximating.
[kernel] kgflags.h:416: more than 10(493) elements to enumerate. Approximating.
[kernel] kgflags.h:402: more than 10(494) elements to enumerate. Approximating.
[kernel] kgflags.h:404: more than 10(494) elements to enumerate. Approximating.
[kernel] kgflags.h:416: more than 10(494) elements to enumerate. Approximating.
[kernel] kgflags.h:402: more than 10(495) elements to enumerate. Approximating.
[kernel] kgflags.h:404: more than 10(495) elements to enumerate. Approximating.
[kernel] kgflags.h:416: more than 10(495) elements to enumerate. Approximating.
[kernel] kgflags.h:402: more than 10(496) elements to enumerate. Approximating.
[kernel] kgflags.h:404: more than 10(496) elements to enumerate. Approximating.
[kernel] kgflags.h:416: more than 10(496) elements to enumerate. Approximating.
[kernel] kgflags.h:402: more than 10(497) elements to enumerate. Approximating.
[kernel] kgflags.h:404: more than 10(497) elements to enumerate. Approximating.
[kernel] kgflags.h:416: more than 10(497) elements to enumerate. Approximating.
[kernel] kgflags.h:402: more than 10(498) elements to enumerate. Approximating.
[kernel] kgflags.h:404: more than 10(498) elements to enumerate. Approximating.
[kernel] kgflags.h:416: more than 10(498) elements to enumerate. Approximating.
[kernel] kgflags.h:402: more than 10(499) elements to enumerate. Approximating.
[kernel] kgflags.h:404: more than 10(499) elements to enumerate. Approximating.
[kernel] kgflags.h:416: more than 10(499) elements to enumerate. Approximating.
[kernel] kgflags.h:402: more than 10(500) elements to enumerate. Approximating.
[kernel] kgflags.h:404: more than 10(500) elements to enumerate. Approximating.
[kernel] kgflags.h:416: more than 10(500) elements to enumerate. Approximating.
[eva] kgflags.h:400: Trace partitioning superposing up to 6300 states
[kernel] kgflags.h:402: more than 10(501) elements to enumerate. Approximating.
[kernel] kgflags.h:404: more than 10(501) elements to enumerate. Approximating.
[kernel] kgflags.h:416: more than 10(501) elements to enumerate. Approximating.
[kernel] kgflags.h:402: more than 10(502) elements to enumerate. Approximating.
[kernel] kgflags.h:404: more than 10(502) elements to enumerate. Approximating.
[kernel] kgflags.h:416: more than 10(502) elements to enumerate. Approximating.
[kernel] kgflags.h:402: more than 10(503) elements to enumerate. Approximating.
[kernel] kgflags.h:404: more than 10(503) elements to enumerate. Approximating.
[kernel] kgflags.h:416: more than 10(503) elements to enumerate. Approximating.
[kernel] kgflags.h:402: more than 10(504) elements to enumerate. Approximating.
[kernel] kgflags.h:404: more than 10(504) elements to enumerate. Approximating.
[kernel] kgflags.h:416: more than 10(504) elements to enumerate. Approximating.
[kernel] kgflags.h:402: more than 10(505) elements to enumerate. Approximating.
[kernel] kgflags.h:404: more than 10(505) elements to enumerate. Approximating.
[kernel] kgflags.h:416: more than 10(505) elements to enumerate. Approximating.
[kernel] kgflags.h:402: more than 10(506) elements to enumerate. Approximating.
[kernel] kgflags.h:404: more than 10(506) elements to enumerate. Approximating.
[kernel] kgflags.h:416: more than 10(506) elements to enumerate. Approximating.
[kernel] kgflags.h:402: more than 10(507) elements to enumerate. Approximating.
[kernel] kgflags.h:404: more than 10(507) elements to enumerate. Approximating.
[kernel] kgflags.h:416: more than 10(507) elements to enumerate. Approximating.
[kernel] kgflags.h:402: more than 10(508) elements to enumerate. Approximating.
[kernel] kgflags.h:404: more than 10(508) elements to enumerate. Approximating.
[kernel] kgflags.h:416: more than 10(508) elements to enumerate. Approximating.
[kernel] kgflags.h:402: more than 10(509) elements to enumerate. Approximating.
[kernel] kgflags.h:404: more than 10(509) elements to enumerate. Approximating.
[kernel] kgflags.h:416: more than 10(509) elements to enumerate. Approximating.
[eva] kgflags.h:400: Trace partitioning superposing up to 6400 states
[kernel] kgflags.h:402: more than 10(512) elements to enumerate. Approximating.
[kernel] kgflags.h:404: more than 10(512) elements to enumerate. Approximating.
[kernel] kgflags.h:416: more than 10(512) elements to enumerate. Approximating.
[eva] using specification for function fprintf_va_12
[eva] using specification for function fprintf_va_13
[eva] using specification for function fprintf_va_14
[eva] using specification for function fprintf_va_25
[eva] using specification for function fprintf_va_26
[eva] using specification for function fprintf_va_16
[eva:alarm] kgflags.h:467: Warning: 
  function fprintf_va_16: precondition valid_read_string(param1) got status unknown.
[eva:alarm] kgflags.h:467: Warning: 
  function fprintf_va_16: precondition valid_read_string(param3) got status unknown.
[eva] using specification for function fprintf_va_17
[eva] using specification for function fprintf_va_18
[eva:alarm] kgflags.h:475: Warning: 
  function fprintf_va_18: precondition valid_read_string(param1) got status unknown.
[eva] using specification for function fprintf_va_19
[eva] using specification for function fprintf_va_20
[eva:alarm] kgflags.h:482: Warning: 
  function fprintf_va_20: precondition valid_read_string(param1) got status unknown.
[eva] using specification for function fprintf_va_21
[eva] using specification for function fprintf_va_22
[eva:alarm] kgflags.h:489: Warning: 
  function fprintf_va_22: precondition valid_read_string(param1) got status unknown.
[eva] using specification for function fprintf_va_23
[eva:alarm] kgflags.h:493: Warning: 
  function fprintf_va_23: precondition valid_read_string(param1) got status unknown.
[eva] using specification for function fprintf_va_24
[eva:alarm] kgflags.h:497: Warning: 
  function fprintf_va_24: precondition valid_read_string(param1) got status unknown.
[eva] kgflags.h:503: Trace partitioning superposing up to 300 states
[eva] kgflags.h:506: Trace partitioning superposing up to 500 states
[eva:loop-unroll:partial] kgflags.h:457: loop not completely unrolled
[eva] kgflags.h:457: Trace partitioning superposing up to 600 states
[eva] kgflags.h:482: Trace partitioning superposing up to 1100 states
[eva] kgflags.h:489: Trace partitioning superposing up to 1200 states
[eva:locals-escaping] fc_stubs.c:21: Warning: 
  locals {string_val} escaping the scope of main through _kgflags_g
[eva:locals-escaping] fc_stubs.c:21: Warning: 
  locals {bool_val, int_val, double_val, string_arr, int_arr, double_arr} escaping the scope of main through _kgflags_g
[eva:locals-escaping] fc_stubs.c:21: Warning: 
  locals {int_val, double_val, string_arr, int_arr, double_arr} escaping the scope of main through _kgflags_g
[eva:locals-escaping] fc_stubs.c:21: Warning: 
  locals {double_val, string_arr, int_arr, double_arr} escaping the scope of main through _kgflags_g
[eva:locals-escaping] fc_stubs.c:21: Warning: 
  locals {string_arr, int_arr, double_arr} escaping the scope of main through _kgflags_g
[eva:locals-escaping] fc_stubs.c:21: Warning: 
  locals {int_arr, double_arr} escaping the scope of main through _kgflags_g
[eva:locals-escaping] fc_stubs.c:21: Warning: 
  locals {double_arr} escaping the scope of main through _kgflags_g
[eva] kgflags.h:641: 
  assertion 'Eva,is_nan_or_infinite' got final status invalid.
[eva] ====== VALUES COMPUTED ======
[eva:final-states] Values at end of function _kgflags_add_error:
  err.flag_name ∈
     {{ NULL ; &argv1[1] ; &argv2[1] ; &argv3[1] ; &argv4[1] ; "string" ;
        "bool" ; "int" ; "double" ; "string-array" ; "int-array" ;
        "double-array" }}
     .arg ∈ {{ NULL ; &argv2[0] ; &argv3[0] ; &argv4[0] }}
     .kind ∈
     {KGFLAGS_ERROR_KIND_MISSING_VALUE; KGFLAGS_ERROR_KIND_UNKNOWN_FLAG;
      KGFLAGS_ERROR_KIND_UNASSIGNED_FLAG; KGFLAGS_ERROR_KIND_INVALID_INT;
      KGFLAGS_ERROR_KIND_INVALID_DOUBLE;
      KGFLAGS_ERROR_KIND_MULTIPLE_ASSIGNMENT;
      KGFLAGS_ERROR_KIND_DUPLICATE_FLAG; KGFLAGS_ERROR_KIND_PREFIX_NO}
     .[bits 160 to 191] ∈ UNINITIALIZED
  _kgflags_g.flags_count ∈ {1; 2; 3; 4; 5; 6; 7}
            .[bits 32 to 63] ∈ {0}
            .flags[0].name ∈ {{ "string" }}
            .flags[0].description ∈ {{ "String flag." }}
            .flags[0].default_value{.string_value; .bool_value[bits 0 to 63]; .int_value[bits 0 to 63]; .double_value} ∈
            {{ "lorem" }}
            .flags[0].result{.string_value; .bool_value; .int_value; .double_value; .string_array; .int_array; .double_array} ∈
            {{ (? *)&string_val }}
            .flags[0]{.assigned; .error} ∈ {0; 1}
            .flags[0].required ∈ {1}
            .flags[0].[bits 280 to 287] ∈ {0}
            .flags[0].kind ∈ {KGFLAGS_FLAG_KIND_STRING}
            .flags[1].name ∈
            {{ NULL ; "bool" ; "int" ; "double" ; "string-array" ;
               "int-array" ; "double-array" }}
            .flags[1].description ∈
            {{ NULL ; "Boolean flag." ; "Integer flag." ; "Double flag." ;
               "String array flag." ; "Int array flag." ;
               "Double array flag." }}
            .flags[1].default_value ∈ {0}
            .flags[1].result{.string_value; .bool_value; .int_value; .double_value; .string_array; .int_array; .double_array} ∈
            {{ NULL ; (? *)&bool_val ; (? *)&int_val ; (? *)&double_val ;
               (? *)&string_arr ; (? *)&int_arr ; (? *)&double_arr }}
            .flags[1]{.assigned; .error; .required} ∈ {0; 1}
            .flags[1].[bits 280 to 287] ∈ {0}
            .flags[1].kind ∈
            {KGFLAGS_FLAG_KIND_NONE; KGFLAGS_FLAG_KIND_BOOL;
             KGFLAGS_FLAG_KIND_INT; KGFLAGS_FLAG_KIND_DOUBLE;
             KGFLAGS_FLAG_KIND_STRING_ARRAY; KGFLAGS_FLAG_KIND_INT_ARRAY;
             KGFLAGS_FLAG_KIND_DOUBLE_ARRAY}
            .flags[2].name ∈
            {{ NULL ; "int" ; "double" ; "string-array" ; "int-array" ;
               "double-array" }}
            .flags[2].description ∈
            {{ NULL ; "Integer flag." ; "Double flag." ;
               "String array flag." ; "Int array flag." ;
               "Double array flag." }}
            .flags[2].default_value ∈ {0}
            .flags[2].result{.string_value; .bool_value; .int_value; .double_value; .string_array; .int_array; .double_array} ∈
            {{ NULL ; (? *)&int_val ; (? *)&double_val ; (? *)&string_arr ;
               (? *)&int_arr ; (? *)&double_arr }}
            .flags[2]{.assigned; .error; .required} ∈ {0; 1}
            .flags[2].[bits 280 to 287] ∈ {0}
            .flags[2].kind ∈
            {KGFLAGS_FLAG_KIND_NONE; KGFLAGS_FLAG_KIND_INT;
             KGFLAGS_FLAG_KIND_DOUBLE; KGFLAGS_FLAG_KIND_STRING_ARRAY;
             KGFLAGS_FLAG_KIND_INT_ARRAY; KGFLAGS_FLAG_KIND_DOUBLE_ARRAY}
            .flags[3].name ∈
            {{ NULL ; "double" ; "string-array" ; "int-array" ;
               "double-array" }}
            .flags[3].description ∈
            {{ NULL ; "Double flag." ; "String array flag." ;
               "Int array flag." ; "Double array flag." }}
            .flags[3].default_value ∈ {0}
            .flags[3].result{.string_value; .bool_value; .int_value; .double_value; .string_array; .int_array; .double_array} ∈
            {{ NULL ; (? *)&double_val ; (? *)&string_arr ; (? *)&int_arr ;
               (? *)&double_arr }}
            .flags[3]{.assigned; .error; .required} ∈ {0; 1}
            .flags[3].[bits 280 to 287] ∈ {0}
            .flags[3].kind ∈
            {KGFLAGS_FLAG_KIND_NONE; KGFLAGS_FLAG_KIND_DOUBLE;
             KGFLAGS_FLAG_KIND_STRING_ARRAY; KGFLAGS_FLAG_KIND_INT_ARRAY;
             KGFLAGS_FLAG_KIND_DOUBLE_ARRAY}
            .flags[4].name ∈
            {{ NULL ; "string-array" ; "int-array" ; "double-array" }}
            .flags[4].description ∈
            {{ NULL ; "String array flag." ; "Int array flag." ;
               "Double array flag." }}
            .flags[4].default_value ∈ {0}
            .flags[4].result{.string_value; .bool_value; .int_value; .double_value; .string_array; .int_array; .double_array} ∈
            {{ NULL ; (? *)&string_arr ; (? *)&int_arr ; (? *)&double_arr }}
            .flags[4]{.assigned; .error; .required} ∈ {0; 1}
            .flags[4].[bits 280 to 287] ∈ {0}
            .flags[4].kind ∈
            {KGFLAGS_FLAG_KIND_NONE; KGFLAGS_FLAG_KIND_STRING_ARRAY;
             KGFLAGS_FLAG_KIND_INT_ARRAY; KGFLAGS_FLAG_KIND_DOUBLE_ARRAY}
            .flags[5].name ∈ {{ NULL ; "int-array" ; "double-array" }}
            .flags[5].description ∈
            {{ NULL ; "Int array flag." ; "Double array flag." }}
            .flags[5].default_value ∈ {0}
            .flags[5].result{.string_value; .bool_value; .int_value; .double_value; .string_array; .int_array; .double_array} ∈
            {{ NULL ; (? *)&int_arr ; (? *)&double_arr }}
            .flags[5]{.assigned; .error; .required} ∈ {0; 1}
            .flags[5].[bits 280 to 287] ∈ {0}
            .flags[5].kind ∈
            {KGFLAGS_FLAG_KIND_NONE; KGFLAGS_FLAG_KIND_INT_ARRAY;
             KGFLAGS_FLAG_KIND_DOUBLE_ARRAY}
            .flags[6].name ∈ {{ NULL ; "double-array" }}
            .flags[6].description ∈ {{ NULL ; "Double array flag." }}
            .flags[6].default_value ∈ {0}
            .flags[6].result{.string_value; .bool_value; .int_value; .double_value; .string_array; .int_array; .double_array} ∈
            {{ NULL ; (? *)&double_arr }}
            .flags[6]{.assigned; .error; .required} ∈ {0; 1}
            .flags[6].[bits 280 to 287] ∈ {0}
            .flags[6].kind ∈
            {KGFLAGS_FLAG_KIND_NONE; KGFLAGS_FLAG_KIND_DOUBLE_ARRAY}
            .flags[7..255] ∈ {0}
            .non_flag_count ∈ {0; 1; 2; 3; 4}
            .[bits 82016 to 82047] ∈ {0}
            .non_flag_args[0] ∈
            {{ NULL ; &argv1[0] ; &argv2[0] ; &argv3[0] ; &argv4[0] }}
            .non_flag_args[1] ∈
            {{ NULL ; &argv2[0] ; &argv3[0] ; &argv4[0] }}
            .non_flag_args[2] ∈ {{ NULL ; &argv3[0] ; &argv4[0] }}
            .non_flag_args[3] ∈ {{ NULL ; &argv4[0] }}
            .non_flag_args[4..511] ∈ {0}
            .errors_count ∈ [1..512]
            .[bits 114848 to 114879] ∈ {0}
            .errors[0].flag_name ∈
            {{ garbled mix of &{argv1; argv2; argv3; argv4; "string"; 
                                "bool"; "int"; "double"; "string-array";
                                "int-array"; "double-array"}
             (origin: Misaligned {kgflags.h:657}) }} or UNINITIALIZED
            .errors[0].arg ∈
            {{ garbled mix of &{argv2; argv3; argv4; "int"; "double";
                                "string-array"; "int-array"; "double-array"}
             (origin: Misaligned {kgflags.h:657}) }} or UNINITIALIZED
            .errors[0]{.kind; .[bits 160 to 191]} ∈
            {{ garbled mix of &{"int"; "double"; "string-array"; "int-array";
                                "double-array"}
             (origin: Misaligned {kgflags.h:657}) }} or UNINITIALIZED
            .errors[1].flag_name ∈
            {{ garbled mix of &{argv2; argv3; argv4; "string"; "bool"; 
                                "int"; "double"; "string-array"; "int-array";
                                "double-array"}
             (origin: Misaligned {kgflags.h:657}) }} or UNINITIALIZED
            .errors[1].arg ∈
            {{ garbled mix of &{argv3; argv4; "int"; "double";
                                "string-array"; "int-array"; "double-array"}
             (origin: Misaligned {kgflags.h:657}) }} or UNINITIALIZED
            .errors[1]{.kind; .[bits 160 to 191]} ∈
            {{ garbled mix of &{"int"; "double"; "string-array"; "int-array";
                                "double-array"}
             (origin: Misaligned {kgflags.h:657}) }} or UNINITIALIZED
            .errors[2].flag_name ∈
            {{ garbled mix of &{argv2; argv3; argv4; "string"; "bool"; 
                                "int"; "double"; "string-array"; "int-array";
                                "double-array"}
             (origin: Misaligned {kgflags.h:657}) }} or UNINITIALIZED
            .errors[2].arg ∈
            {{ garbled mix of &{argv3; argv4; "int"; "double";
                                "string-array"; "int-array"; "double-array"}
             (origin: Misaligned {kgflags.h:657}) }} or UNINITIALIZED
            .errors[2]{.kind; .[bits 160 to 191]} ∈
            {{ garbled mix of &{"int"; "double"; "string-array"; "int-array";
                                "double-array"}
             (origin: Misaligned {kgflags.h:657}) }} or UNINITIALIZED
            .errors[3].flag_name ∈
            {{ garbled mix of &{argv2; argv3; argv4; "string"; "bool"; 
                                "int"; "double"; "string-array"; "int-array";
                                "double-array"}
             (origin: Misaligned {kgflags.h:657}) }} or UNINITIALIZED
            .errors[3].arg ∈
            {{ garbled mix of &{argv3; argv4; "int"; "double";
                                "string-array"; "int-array"; "double-array"}
             (origin: Misaligned {kgflags.h:657}) }} or UNINITIALIZED
            .errors[3]{.kind; .[bits 160 to 191]} ∈
            {{ garbled mix of &{"int"; "double"; "string-array"; "int-array";
                                "double-array"}
             (origin: Misaligned {kgflags.h:657}) }} or UNINITIALIZED
            .errors[4].flag_name ∈
            {{ garbled mix of &{argv3; argv4; "string"; "bool"; "int";
                                "double"; "string-array"; "int-array";
                                "double-array"}
             (origin: Misaligned {kgflags.h:657}) }} or UNINITIALIZED
            .errors[4].arg ∈
            {{ garbled mix of &{argv3; argv4; "int"; "double";
                                "string-array"; "int-array"; "double-array"}
             (origin: Misaligned {kgflags.h:657}) }} or UNINITIALIZED
            .errors[4]{.kind; .[bits 160 to 191]} ∈
            {{ garbled mix of &{"int"; "double"; "string-array"; "int-array";
                                "double-array"}
             (origin: Misaligned {kgflags.h:657}) }} or UNINITIALIZED
            .errors[5].flag_name ∈
            {{ garbled mix of &{argv3; argv4; "string"; "bool"; "int";
                                "double"; "string-array"; "int-array";
                                "double-array"}
             (origin: Misaligned {kgflags.h:657}) }} or UNINITIALIZED
            .errors[5].arg ∈
            {{ garbled mix of &{argv4; "int"; "double"; "string-array";
                                "int-array"; "double-array"}
             (origin: Misaligned {kgflags.h:657}) }} or UNINITIALIZED
            .errors[5]{.kind; .[bits 160 to 191]} ∈
            {{ garbled mix of &{"int"; "double"; "string-array"; "int-array";
                                "double-array"}
             (origin: Misaligned {kgflags.h:657}) }} or UNINITIALIZED
            .errors[6].flag_name ∈
            {{ garbled mix of &{argv3; argv4; "string"; "bool"; "int";
                                "double"; "string-array"; "int-array";
                                "double-array"}
             (origin: Misaligned {kgflags.h:657}) }} or UNINITIALIZED
            .errors[6].arg ∈
            {{ garbled mix of &{argv4; "int"; "double"; "string-array";
                                "int-array"; "double-array"}
             (origin: Misaligned {kgflags.h:657}) }} or UNINITIALIZED
            .errors[6]{.kind; .[bits 160 to 191]} ∈
            {{ garbled mix of &{"int"; "double"; "string-array"; "int-array";
                                "double-array"}
             (origin: Misaligned {kgflags.h:657}) }} or UNINITIALIZED
            .errors[7].flag_name ∈
            {{ garbled mix of &{argv4; "string"; "bool"; "int"; "double";
                                "string-array"; "int-array"; "double-array"}
             (origin: Misaligned {kgflags.h:657}) }} or UNINITIALIZED
            .errors[7].arg ∈
            {{ garbled mix of &{argv4; "int"; "double"; "string-array";
                                "int-array"; "double-array"}
             (origin: Misaligned {kgflags.h:657}) }} or UNINITIALIZED
            .errors[7]{.kind; .[bits 160 to 191]} ∈
            {{ garbled mix of &{"int"; "double"; "string-array"; "int-array";
                                "double-array"}
             (origin: Misaligned {kgflags.h:657}) }} or UNINITIALIZED
            .errors[8].flag_name ∈
            {{ garbled mix of &{argv4; "string"; "bool"; "int"; "double";
                                "string-array"; "int-array"; "double-array"}
             (origin: Misaligned {kgflags.h:657}) }} or UNINITIALIZED
            .errors[8]{.arg; .kind; .[bits 160 to 191]} ∈
            {{ garbled mix of &{"int"; "double"; "string-array"; "int-array";
                                "double-array"}
             (origin: Misaligned {kgflags.h:657}) }} or UNINITIALIZED
            .errors[9].flag_name ∈
            {{ garbled mix of &{"string"; "bool"; "int"; "double";
                                "string-array"; "int-array"; "double-array"}
             (origin: Misaligned {kgflags.h:657}) }} or UNINITIALIZED
            .errors[9]{.arg; .kind; .[bits 160 to 191]} ∈
            {{ garbled mix of &{"int"; "double"; "string-array"; "int-array";
                                "double-array"}
             (origin: Misaligned {kgflags.h:657}) }} or UNINITIALIZED
            .errors[10].flag_name ∈
            {{ garbled mix of &{"string"; "bool"; "int"; "double";
                                "string-array"; "int-array"; "double-array"}
             (origin: Misaligned {kgflags.h:657}) }} or UNINITIALIZED
            .errors[10]{.arg; .kind; .[bits 160 to 191]} ∈
            {{ garbled mix of &{"int"; "double"; "string-array"; "int-array";
                                "double-array"}
             (origin: Misaligned {kgflags.h:657}) }} or UNINITIALIZED
            .errors[11].flag_name ∈
            {{ garbled mix of &{"bool"; "int"; "double"; "string-array";
                                "int-array"; "double-array"}
             (origin: Misaligned {kgflags.h:657}) }} or UNINITIALIZED
            .errors{[11]{.arg; .kind; .[bits 160 to 191]}; [12]} ∈
            {{ garbled mix of &{"int"; "double"; "string-array"; "int-array";
                                "double-array"}
             (origin: Misaligned {kgflags.h:657}) }} or UNINITIALIZED
            .errors[13..511] ∈
            {{ garbled mix of &{"double"; "string-array"; "int-array";
                                "double-array"}
             (origin: Misaligned {kgflags.h:657}) }} or UNINITIALIZED
            .flag_prefix ∈ {{ NULL ; "-" }}
            {.arg_cursor; .argc} ∈ {0; 1; 2; 3; 4; 5}
            .argv ∈ {{ NULL ; &argv[0] }}
            .custom_description ∈ {{ NULL ; "Usage of fullapi [-FLAGS]:" }}
[eva:final-states] Values at end of function _kgflags_add_non_flag_arg:
  _kgflags_g.flags_count ∈ {1; 2; 3; 4; 5; 6; 7}
            .[bits 32 to 63] ∈ {0}
            .flags[0].name ∈ {{ "string" }}
            .flags[0].description ∈ {{ "String flag." }}
            .flags[0].default_value{.string_value; .bool_value[bits 0 to 63]; .int_value[bits 0 to 63]; .double_value} ∈
            {{ "lorem" }}
            .flags[0].result{.string_value; .bool_value; .int_value; .double_value; .string_array; .int_array; .double_array} ∈
            {{ (? *)&string_val }}
            .flags[0]{.assigned; .error} ∈ {0; 1}
            .flags[0].required ∈ {1}
            .flags[0].[bits 280 to 287] ∈ {0}
            .flags[0].kind ∈ {KGFLAGS_FLAG_KIND_STRING}
            .flags[1].name ∈
            {{ NULL ; "bool" ; "int" ; "double" ; "string-array" ;
               "int-array" ; "double-array" }}
            .flags[1].description ∈
            {{ NULL ; "Boolean flag." ; "Integer flag." ; "Double flag." ;
               "String array flag." ; "Int array flag." ;
               "Double array flag." }}
            .flags[1].default_value ∈ {0}
            .flags[1].result{.string_value; .bool_value; .int_value; .double_value; .string_array; .int_array; .double_array} ∈
            {{ NULL ; (? *)&bool_val ; (? *)&int_val ; (? *)&double_val ;
               (? *)&string_arr ; (? *)&int_arr ; (? *)&double_arr }}
            .flags[1]{.assigned; .error; .required} ∈ {0; 1}
            .flags[1].[bits 280 to 287] ∈ {0}
            .flags[1].kind ∈
            {KGFLAGS_FLAG_KIND_NONE; KGFLAGS_FLAG_KIND_BOOL;
             KGFLAGS_FLAG_KIND_INT; KGFLAGS_FLAG_KIND_DOUBLE;
             KGFLAGS_FLAG_KIND_STRING_ARRAY; KGFLAGS_FLAG_KIND_INT_ARRAY;
             KGFLAGS_FLAG_KIND_DOUBLE_ARRAY}
            .flags[2].name ∈
            {{ NULL ; "int" ; "double" ; "string-array" ; "int-array" ;
               "double-array" }}
            .flags[2].description ∈
            {{ NULL ; "Integer flag." ; "Double flag." ;
               "String array flag." ; "Int array flag." ;
               "Double array flag." }}
            .flags[2].default_value ∈ {0}
            .flags[2].result{.string_value; .bool_value; .int_value; .double_value; .string_array; .int_array; .double_array} ∈
            {{ NULL ; (? *)&int_val ; (? *)&double_val ; (? *)&string_arr ;
               (? *)&int_arr ; (? *)&double_arr }}
            .flags[2]{.assigned; .error; .required} ∈ {0; 1}
            .flags[2].[bits 280 to 287] ∈ {0}
            .flags[2].kind ∈
            {KGFLAGS_FLAG_KIND_NONE; KGFLAGS_FLAG_KIND_INT;
             KGFLAGS_FLAG_KIND_DOUBLE; KGFLAGS_FLAG_KIND_STRING_ARRAY;
             KGFLAGS_FLAG_KIND_INT_ARRAY; KGFLAGS_FLAG_KIND_DOUBLE_ARRAY}
            .flags[3].name ∈
            {{ NULL ; "double" ; "string-array" ; "int-array" ;
               "double-array" }}
            .flags[3].description ∈
            {{ NULL ; "Double flag." ; "String array flag." ;
               "Int array flag." ; "Double array flag." }}
            .flags[3].default_value ∈ {0}
            .flags[3].result{.string_value; .bool_value; .int_value; .double_value; .string_array; .int_array; .double_array} ∈
            {{ NULL ; (? *)&double_val ; (? *)&string_arr ; (? *)&int_arr ;
               (? *)&double_arr }}
            .flags[3]{.assigned; .error; .required} ∈ {0; 1}
            .flags[3].[bits 280 to 287] ∈ {0}
            .flags[3].kind ∈
            {KGFLAGS_FLAG_KIND_NONE; KGFLAGS_FLAG_KIND_DOUBLE;
             KGFLAGS_FLAG_KIND_STRING_ARRAY; KGFLAGS_FLAG_KIND_INT_ARRAY;
             KGFLAGS_FLAG_KIND_DOUBLE_ARRAY}
            .flags[4].name ∈
            {{ NULL ; "string-array" ; "int-array" ; "double-array" }}
            .flags[4].description ∈
            {{ NULL ; "String array flag." ; "Int array flag." ;
               "Double array flag." }}
            .flags[4].default_value ∈ {0}
            .flags[4].result{.string_value; .bool_value; .int_value; .double_value; .string_array; .int_array; .double_array} ∈
            {{ NULL ; (? *)&string_arr ; (? *)&int_arr ; (? *)&double_arr }}
            .flags[4]{.assigned; .error; .required} ∈ {0; 1}
            .flags[4].[bits 280 to 287] ∈ {0}
            .flags[4].kind ∈
            {KGFLAGS_FLAG_KIND_NONE; KGFLAGS_FLAG_KIND_STRING_ARRAY;
             KGFLAGS_FLAG_KIND_INT_ARRAY; KGFLAGS_FLAG_KIND_DOUBLE_ARRAY}
            .flags[5].name ∈ {{ NULL ; "int-array" ; "double-array" }}
            .flags[5].description ∈
            {{ NULL ; "Int array flag." ; "Double array flag." }}
            .flags[5].default_value ∈ {0}
            .flags[5].result{.string_value; .bool_value; .int_value; .double_value; .string_array; .int_array; .double_array} ∈
            {{ NULL ; (? *)&int_arr ; (? *)&double_arr }}
            .flags[5]{.assigned; .error; .required} ∈ {0; 1}
            .flags[5].[bits 280 to 287] ∈ {0}
            .flags[5].kind ∈
            {KGFLAGS_FLAG_KIND_NONE; KGFLAGS_FLAG_KIND_INT_ARRAY;
             KGFLAGS_FLAG_KIND_DOUBLE_ARRAY}
            .flags[6].name ∈ {{ NULL ; "double-array" }}
            .flags[6].description ∈ {{ NULL ; "Double array flag." }}
            .flags[6].default_value ∈ {0}
            .flags[6].result{.string_value; .bool_value; .int_value; .double_value; .string_array; .int_array; .double_array} ∈
            {{ NULL ; (? *)&double_arr }}
            .flags[6]{.assigned; .error; .required} ∈ {0; 1}
            .flags[6].[bits 280 to 287] ∈ {0}
            .flags[6].kind ∈
            {KGFLAGS_FLAG_KIND_NONE; KGFLAGS_FLAG_KIND_DOUBLE_ARRAY}
            .flags[7..255] ∈ {0}
            .non_flag_count ∈ {1; 2; 3; 4}
            .[bits 82016 to 82047] ∈ {0}
            .non_flag_args[0] ∈
            {{ &argv1[0] ; &argv2[0] ; &argv3[0] ; &argv4[0] }}
            .non_flag_args[1] ∈
            {{ NULL ; &argv2[0] ; &argv3[0] ; &argv4[0] }}
            .non_flag_args[2] ∈ {{ NULL ; &argv3[0] ; &argv4[0] }}
            .non_flag_args[3] ∈ {{ NULL ; &argv4[0] }}
            .non_flag_args[4..511] ∈ {0}
            .errors_count ∈ {0; 1; 2; 3; 4; 5; 6; 7; 8}
            .[bits 114848 to 114879] ∈ {0}
            .errors[0].flag_name ∈
            {{ NULL ; &argv1[1] ; &argv2[1] ; &argv3[1] ; &argv4[1] ;
               "string" ; "bool" ; "int" ; "double" ; "string-array" ;
               "int-array" ; "double-array" }}
            .errors[0].arg ∈ {{ NULL ; &argv2[0] ; &argv3[0] ; &argv4[0] }}
            .errors[0].kind ∈
            {KGFLAGS_ERROR_KIND_NONE; KGFLAGS_ERROR_KIND_MISSING_VALUE;
             KGFLAGS_ERROR_KIND_UNKNOWN_FLAG; KGFLAGS_ERROR_KIND_INVALID_INT;
             KGFLAGS_ERROR_KIND_INVALID_DOUBLE;
             KGFLAGS_ERROR_KIND_MULTIPLE_ASSIGNMENT;
             KGFLAGS_ERROR_KIND_DUPLICATE_FLAG; KGFLAGS_ERROR_KIND_PREFIX_NO}
            .errors[0].[bits 160 to 191] ∈ {0} or UNINITIALIZED
            .errors[1].flag_name ∈
            {{ NULL ; &argv2[1] ; &argv3[1] ; &argv4[1] ; "string" ; 
               "bool" ; "int" ; "double" ; "string-array" ; "int-array" ;
               "double-array" }}
            .errors[1].arg ∈ {{ NULL ; &argv3[0] ; &argv4[0] }}
            .errors[1].kind ∈
            {KGFLAGS_ERROR_KIND_NONE; KGFLAGS_ERROR_KIND_MISSING_VALUE;
             KGFLAGS_ERROR_KIND_UNKNOWN_FLAG; KGFLAGS_ERROR_KIND_INVALID_INT;
             KGFLAGS_ERROR_KIND_INVALID_DOUBLE;
             KGFLAGS_ERROR_KIND_MULTIPLE_ASSIGNMENT;
             KGFLAGS_ERROR_KIND_DUPLICATE_FLAG}
            .errors[1].[bits 160 to 191] ∈ {0} or UNINITIALIZED
            .errors[2].flag_name ∈
            {{ NULL ; &argv2[1] ; &argv3[1] ; &argv4[1] ; "string" ; 
               "bool" ; "int" ; "double" ; "string-array" ; "int-array" ;
               "double-array" }}
            .errors[2].arg ∈ {{ NULL ; &argv3[0] ; &argv4[0] }}
            .errors[2].kind ∈
            {KGFLAGS_ERROR_KIND_NONE; KGFLAGS_ERROR_KIND_MISSING_VALUE;
             KGFLAGS_ERROR_KIND_UNKNOWN_FLAG; KGFLAGS_ERROR_KIND_INVALID_INT;
             KGFLAGS_ERROR_KIND_INVALID_DOUBLE;
             KGFLAGS_ERROR_KIND_MULTIPLE_ASSIGNMENT;
             KGFLAGS_ERROR_KIND_DUPLICATE_FLAG}
            .errors[2].[bits 160 to 191] ∈ {0} or UNINITIALIZED
            .errors[3].flag_name ∈
            {{ NULL ; &argv2[1] ; &argv3[1] ; &argv4[1] ; "string" ; 
               "bool" ; "int" ; "double" ; "string-array" ; "int-array" ;
               "double-array" }}
            .errors[3].arg ∈ {{ NULL ; &argv3[0] ; &argv4[0] }}
            .errors[3].kind ∈
            {KGFLAGS_ERROR_KIND_NONE; KGFLAGS_ERROR_KIND_MISSING_VALUE;
             KGFLAGS_ERROR_KIND_UNKNOWN_FLAG; KGFLAGS_ERROR_KIND_INVALID_INT;
             KGFLAGS_ERROR_KIND_INVALID_DOUBLE;
             KGFLAGS_ERROR_KIND_MULTIPLE_ASSIGNMENT;
             KGFLAGS_ERROR_KIND_DUPLICATE_FLAG}
            .errors[3].[bits 160 to 191] ∈ {0} or UNINITIALIZED
            .errors[4].flag_name ∈
            {{ NULL ; &argv3[1] ; &argv4[1] ; "string" ; "bool" ; "int" ;
               "double" ; "string-array" ; "int-array" ; "double-array" }}
            .errors[4].arg ∈ {{ NULL ; &argv3[0] ; &argv4[0] }}
            .errors[4].kind ∈
            {KGFLAGS_ERROR_KIND_NONE; KGFLAGS_ERROR_KIND_MISSING_VALUE;
             KGFLAGS_ERROR_KIND_UNKNOWN_FLAG; KGFLAGS_ERROR_KIND_INVALID_INT;
             KGFLAGS_ERROR_KIND_INVALID_DOUBLE;
             KGFLAGS_ERROR_KIND_MULTIPLE_ASSIGNMENT;
             KGFLAGS_ERROR_KIND_DUPLICATE_FLAG}
            .errors[4].[bits 160 to 191] ∈ {0} or UNINITIALIZED
            .errors[5].flag_name ∈
            {{ NULL ; &argv3[1] ; &argv4[1] ; "string" ; "bool" ; "int" ;
               "double" ; "string-array" ; "int-array" ; "double-array" }}
            .errors[5].arg ∈ {{ NULL ; &argv4[0] }}
            .errors[5].kind ∈
            {KGFLAGS_ERROR_KIND_NONE; KGFLAGS_ERROR_KIND_MISSING_VALUE;
             KGFLAGS_ERROR_KIND_UNKNOWN_FLAG; KGFLAGS_ERROR_KIND_INVALID_INT;
             KGFLAGS_ERROR_KIND_INVALID_DOUBLE;
             KGFLAGS_ERROR_KIND_MULTIPLE_ASSIGNMENT;
             KGFLAGS_ERROR_KIND_DUPLICATE_FLAG}
            .errors[5].[bits 160 to 191] ∈ {0} or UNINITIALIZED
            .errors[6].flag_name ∈
            {{ NULL ; &argv3[1] ; &argv4[1] ; "string" ; "bool" ; "int" ;
               "double" ; "string-array" ; "int-array" ; "double-array" }}
            .errors[6].arg ∈ {{ NULL ; &argv4[0] }}
            .errors[6].kind ∈
            {KGFLAGS_ERROR_KIND_NONE; KGFLAGS_ERROR_KIND_MISSING_VALUE;
             KGFLAGS_ERROR_KIND_UNKNOWN_FLAG; KGFLAGS_ERROR_KIND_INVALID_INT;
             KGFLAGS_ERROR_KIND_INVALID_DOUBLE;
             KGFLAGS_ERROR_KIND_MULTIPLE_ASSIGNMENT}
            .errors[6].[bits 160 to 191] ∈ {0} or UNINITIALIZED
            .errors[7].flag_name ∈
            {{ NULL ; "string" ; "bool" ; "int" ; "double" ; "string-array" ;
               "int-array" ; "double-array" }}
            .errors[7].arg ∈ {{ NULL ; &argv4[0] }}
            .errors[7].kind ∈
            {KGFLAGS_ERROR_KIND_NONE; KGFLAGS_ERROR_KIND_MISSING_VALUE;
             KGFLAGS_ERROR_KIND_INVALID_INT;
             KGFLAGS_ERROR_KIND_INVALID_DOUBLE}
            .errors[7].[bits 160 to 191] ∈ {0} or UNINITIALIZED
            .errors[8..511] ∈ {0}
            .flag_prefix ∈ {{ "-" }}
            {.arg_cursor; .argc} ∈ {2; 3; 4; 5}
            .argv ∈ {{ &argv[0] }}
            .custom_description ∈ {{ "Usage of fullapi [-FLAGS]:" }}
  __retres ∈ {1}
[eva:final-states] Values at end of function _kgflags_assign_default_values:
  i ∈ {1; 2; 3; 4; 5; 6; 7}
  bool_val ∈ {0; 1}
  int_val ∈ [--..--]
  double_val[bits 0 to 7] ∈ {{ garbled mix of &{argv} (origin: Merge) }}
            [bits 8 to 31]# ∈
            {{ NULL + [--..--] ; (? *)&argv{[2], [3], [4], [5]} }}%64, bits 8 to 31 
            [bits 32 to 63]# ∈
            {{ NULL ; (? *)&argv{[2], [3], [4], [5]} }}%64, bits 32 to 63 
  string_arr._items[bits 0 to 7] ∈
            {{ garbled mix of &{argv} (origin: Merge) }}
            ._items[bits 8 to 31]# ∈
            {{ NULL + [--..--] ; (? *)&argv{[2], [3], [4], [5]} }}%64, bits 8 to 31 
            ._items[bits 32 to 63]# ∈
            {{ NULL ; (? *)&argv{[2], [3], [4], [5]} }}%64, bits 32 to 63 
            ._count ∈ {0; 1; 2; 3}
            .[bits 96 to 127] ∈ UNINITIALIZED
  int_arr._items[bits 0 to 7] ∈
         {{ garbled mix of &{argv} (origin: Merge) }}
         ._items[bits 8 to 31]# ∈
         {{ NULL + [--..--] ; (? *)&argv{[2], [3], [4], [5]} }}%64, bits 8 to 31 
         ._items[bits 32 to 63]# ∈
         {{ NULL ; (? *)&argv{[2], [3], [4], [5]} }}%64, bits 32 to 63 
         ._count ∈ {0; 1; 2; 3}
         .[bits 96 to 127] ∈ UNINITIALIZED
  double_arr._items[bits 0 to 7] ∈
            {{ garbled mix of &{argv} (origin: Merge) }}
            ._items[bits 8 to 31]# ∈
            {{ NULL + [--..--] ; (? *)&argv{[2], [3], [4], [5]} }}%64, bits 8 to 31 
            ._items[bits 32 to 63]# ∈
            {{ NULL ; (? *)&argv{[2], [3], [4], [5]} }}%64, bits 32 to 63 
            ._count ∈ {0; 1; 2; 3}
            .[bits 96 to 127] ∈ UNINITIALIZED
  _kgflags_g.flags_count ∈ {1; 2; 3; 4; 5; 6; 7}
            .[bits 32 to 63] ∈ {0}
            .flags[0].name ∈ {{ "string" }}
            .flags[0].description ∈ {{ "String flag." }}
            .flags[0].default_value{.string_value; .bool_value[bits 0 to 63]; .int_value[bits 0 to 63]; .double_value} ∈
            {{ "lorem" }}
            .flags[0].result{.string_value; .bool_value; .int_value; .double_value; .string_array; .int_array; .double_array} ∈
            {{ (? *)&string_val }}
            .flags[0]{.assigned; .error} ∈ {0; 1}
            .flags[0].required ∈ {1}
            .flags[0].[bits 280 to 287] ∈ {0}
            .flags[0].kind ∈ {KGFLAGS_FLAG_KIND_STRING}
            .flags[1].name ∈
            {{ NULL ; "bool" ; "int" ; "double" ; "string-array" ;
               "int-array" ; "double-array" }}
            .flags[1].description ∈
            {{ NULL ; "Boolean flag." ; "Integer flag." ; "Double flag." ;
               "String array flag." ; "Int array flag." ;
               "Double array flag." }}
            .flags[1].default_value ∈ {0}
            .flags[1].result{.string_value; .bool_value; .int_value; .double_value; .string_array; .int_array; .double_array} ∈
            {{ NULL ; (? *)&bool_val ; (? *)&int_val ; (? *)&double_val ;
               (? *)&string_arr ; (? *)&int_arr ; (? *)&double_arr }}
            .flags[1]{.assigned; .error; .required} ∈ {0; 1}
            .flags[1].[bits 280 to 287] ∈ {0}
            .flags[1].kind ∈
            {KGFLAGS_FLAG_KIND_NONE; KGFLAGS_FLAG_KIND_BOOL;
             KGFLAGS_FLAG_KIND_INT; KGFLAGS_FLAG_KIND_DOUBLE;
             KGFLAGS_FLAG_KIND_STRING_ARRAY; KGFLAGS_FLAG_KIND_INT_ARRAY;
             KGFLAGS_FLAG_KIND_DOUBLE_ARRAY}
            .flags[2].name ∈
            {{ NULL ; "int" ; "double" ; "string-array" ; "int-array" ;
               "double-array" }}
            .flags[2].description ∈
            {{ NULL ; "Integer flag." ; "Double flag." ;
               "String array flag." ; "Int array flag." ;
               "Double array flag." }}
            .flags[2].default_value ∈ {0}
            .flags[2].result{.string_value; .bool_value; .int_value; .double_value; .string_array; .int_array; .double_array} ∈
            {{ NULL ; (? *)&int_val ; (? *)&double_val ; (? *)&string_arr ;
               (? *)&int_arr ; (? *)&double_arr }}
            .flags[2]{.assigned; .error; .required} ∈ {0; 1}
            .flags[2].[bits 280 to 287] ∈ {0}
            .flags[2].kind ∈
            {KGFLAGS_FLAG_KIND_NONE; KGFLAGS_FLAG_KIND_INT;
             KGFLAGS_FLAG_KIND_DOUBLE; KGFLAGS_FLAG_KIND_STRING_ARRAY;
             KGFLAGS_FLAG_KIND_INT_ARRAY; KGFLAGS_FLAG_KIND_DOUBLE_ARRAY}
            .flags[3].name ∈
            {{ NULL ; "double" ; "string-array" ; "int-array" ;
               "double-array" }}
            .flags[3].description ∈
            {{ NULL ; "Double flag." ; "String array flag." ;
               "Int array flag." ; "Double array flag." }}
            .flags[3].default_value ∈ {0}
            .flags[3].result{.string_value; .bool_value; .int_value; .double_value; .string_array; .int_array; .double_array} ∈
            {{ NULL ; (? *)&double_val ; (? *)&string_arr ; (? *)&int_arr ;
               (? *)&double_arr }}
            .flags[3]{.assigned; .error; .required} ∈ {0; 1}
            .flags[3].[bits 280 to 287] ∈ {0}
            .flags[3].kind ∈
            {KGFLAGS_FLAG_KIND_NONE; KGFLAGS_FLAG_KIND_DOUBLE;
             KGFLAGS_FLAG_KIND_STRING_ARRAY; KGFLAGS_FLAG_KIND_INT_ARRAY;
             KGFLAGS_FLAG_KIND_DOUBLE_ARRAY}
            .flags[4].name ∈
            {{ NULL ; "string-array" ; "int-array" ; "double-array" }}
            .flags[4].description ∈
            {{ NULL ; "String array flag." ; "Int array flag." ;
               "Double array flag." }}
            .flags[4].default_value ∈ {0}
            .flags[4].result{.string_value; .bool_value; .int_value; .double_value; .string_array; .int_array; .double_array} ∈
            {{ NULL ; (? *)&string_arr ; (? *)&int_arr ; (? *)&double_arr }}
            .flags[4]{.assigned; .error; .required} ∈ {0; 1}
            .flags[4].[bits 280 to 287] ∈ {0}
            .flags[4].kind ∈
            {KGFLAGS_FLAG_KIND_NONE; KGFLAGS_FLAG_KIND_STRING_ARRAY;
             KGFLAGS_FLAG_KIND_INT_ARRAY; KGFLAGS_FLAG_KIND_DOUBLE_ARRAY}
            .flags[5].name ∈ {{ NULL ; "int-array" ; "double-array" }}
            .flags[5].description ∈
            {{ NULL ; "Int array flag." ; "Double array flag." }}
            .flags[5].default_value ∈ {0}
            .flags[5].result{.string_value; .bool_value; .int_value; .double_value; .string_array; .int_array; .double_array} ∈
            {{ NULL ; (? *)&int_arr ; (? *)&double_arr }}
            .flags[5]{.assigned; .error; .required} ∈ {0; 1}
            .flags[5].[bits 280 to 287] ∈ {0}
            .flags[5].kind ∈
            {KGFLAGS_FLAG_KIND_NONE; KGFLAGS_FLAG_KIND_INT_ARRAY;
             KGFLAGS_FLAG_KIND_DOUBLE_ARRAY}
            .flags[6].name ∈ {{ NULL ; "double-array" }}
            .flags[6].description ∈ {{ NULL ; "Double array flag." }}
            .flags[6].default_value ∈ {0}
            .flags[6].result{.string_value; .bool_value; .int_value; .double_value; .string_array; .int_array; .double_array} ∈
            {{ NULL ; (? *)&double_arr }}
            .flags[6]{.assigned; .error; .required} ∈ {0; 1}
            .flags[6].[bits 280 to 287] ∈ {0}
            .flags[6].kind ∈
            {KGFLAGS_FLAG_KIND_NONE; KGFLAGS_FLAG_KIND_DOUBLE_ARRAY}
            .flags[7..255] ∈ {0}
            .non_flag_count ∈ {0; 1; 2; 3; 4}
            .[bits 82016 to 82047] ∈ {0}
            .non_flag_args[0] ∈
            {{ NULL ; &argv1[0] ; &argv2[0] ; &argv3[0] ; &argv4[0] }}
            .non_flag_args[1] ∈
            {{ NULL ; &argv2[0] ; &argv3[0] ; &argv4[0] }}
            .non_flag_args[2] ∈ {{ NULL ; &argv3[0] ; &argv4[0] }}
            .non_flag_args[3] ∈ {{ NULL ; &argv4[0] }}
            .non_flag_args[4..511] ∈ {0}
            .errors_count ∈ [0..10]
            .[bits 114848 to 114879] ∈ {0}
            .errors[0].flag_name ∈
            {{ NULL ; &argv1[1] ; &argv2[1] ; &argv3[1] ; &argv4[1] ;
               "string" ; "bool" ; "int" ; "double" ; "string-array" ;
               "int-array" ; "double-array" }}
            .errors[0].arg ∈ {{ NULL ; &argv2[0] ; &argv3[0] ; &argv4[0] }}
            .errors[0].kind ∈
            {KGFLAGS_ERROR_KIND_NONE; KGFLAGS_ERROR_KIND_MISSING_VALUE;
             KGFLAGS_ERROR_KIND_UNKNOWN_FLAG; KGFLAGS_ERROR_KIND_INVALID_INT;
             KGFLAGS_ERROR_KIND_INVALID_DOUBLE;
             KGFLAGS_ERROR_KIND_MULTIPLE_ASSIGNMENT;
             KGFLAGS_ERROR_KIND_DUPLICATE_FLAG; KGFLAGS_ERROR_KIND_PREFIX_NO}
            .errors[0].[bits 160 to 191] ∈ {0} or UNINITIALIZED
            .errors[1].flag_name ∈
            {{ NULL ; &argv2[1] ; &argv3[1] ; &argv4[1] ; "string" ; 
               "bool" ; "int" ; "double" ; "string-array" ; "int-array" ;
               "double-array" }}
            .errors[1].arg ∈ {{ NULL ; &argv3[0] ; &argv4[0] }}
            .errors[1].kind ∈
            {KGFLAGS_ERROR_KIND_NONE; KGFLAGS_ERROR_KIND_MISSING_VALUE;
             KGFLAGS_ERROR_KIND_UNKNOWN_FLAG; KGFLAGS_ERROR_KIND_INVALID_INT;
             KGFLAGS_ERROR_KIND_INVALID_DOUBLE;
             KGFLAGS_ERROR_KIND_MULTIPLE_ASSIGNMENT;
             KGFLAGS_ERROR_KIND_DUPLICATE_FLAG}
            .errors[1].[bits 160 to 191] ∈ {0} or UNINITIALIZED
            .errors[2].flag_name ∈
            {{ NULL ; &argv2[1] ; &argv3[1] ; &argv4[1] ; "string" ; 
               "bool" ; "int" ; "double" ; "string-array" ; "int-array" ;
               "double-array" }}
            .errors[2].arg ∈ {{ NULL ; &argv3[0] ; &argv4[0] }}
            .errors[2].kind ∈
            {KGFLAGS_ERROR_KIND_NONE; KGFLAGS_ERROR_KIND_MISSING_VALUE;
             KGFLAGS_ERROR_KIND_UNKNOWN_FLAG; KGFLAGS_ERROR_KIND_INVALID_INT;
             KGFLAGS_ERROR_KIND_INVALID_DOUBLE;
             KGFLAGS_ERROR_KIND_MULTIPLE_ASSIGNMENT;
             KGFLAGS_ERROR_KIND_DUPLICATE_FLAG}
            .errors[2].[bits 160 to 191] ∈ {0} or UNINITIALIZED
            .errors[3].flag_name ∈
            {{ NULL ; &argv2[1] ; &argv3[1] ; &argv4[1] ; "string" ; 
               "bool" ; "int" ; "double" ; "string-array" ; "int-array" ;
               "double-array" }}
            .errors[3].arg ∈ {{ NULL ; &argv3[0] ; &argv4[0] }}
            .errors[3].kind ∈
            {KGFLAGS_ERROR_KIND_NONE; KGFLAGS_ERROR_KIND_MISSING_VALUE;
             KGFLAGS_ERROR_KIND_UNKNOWN_FLAG; KGFLAGS_ERROR_KIND_INVALID_INT;
             KGFLAGS_ERROR_KIND_INVALID_DOUBLE;
             KGFLAGS_ERROR_KIND_MULTIPLE_ASSIGNMENT;
             KGFLAGS_ERROR_KIND_DUPLICATE_FLAG}
            .errors[3].[bits 160 to 191] ∈ {0} or UNINITIALIZED
            .errors[4].flag_name ∈
            {{ NULL ; &argv3[1] ; &argv4[1] ; "string" ; "bool" ; "int" ;
               "double" ; "string-array" ; "int-array" ; "double-array" }}
            .errors[4].arg ∈ {{ NULL ; &argv3[0] ; &argv4[0] }}
            .errors[4].kind ∈
            {KGFLAGS_ERROR_KIND_NONE; KGFLAGS_ERROR_KIND_MISSING_VALUE;
             KGFLAGS_ERROR_KIND_UNKNOWN_FLAG; KGFLAGS_ERROR_KIND_INVALID_INT;
             KGFLAGS_ERROR_KIND_INVALID_DOUBLE;
             KGFLAGS_ERROR_KIND_MULTIPLE_ASSIGNMENT;
             KGFLAGS_ERROR_KIND_DUPLICATE_FLAG}
            .errors[4].[bits 160 to 191] ∈ {0} or UNINITIALIZED
            .errors[5].flag_name ∈
            {{ NULL ; &argv3[1] ; &argv4[1] ; "string" ; "bool" ; "int" ;
               "double" ; "string-array" ; "int-array" ; "double-array" }}
            .errors[5].arg ∈ {{ NULL ; &argv4[0] }}
            .errors[5].kind ∈
            {KGFLAGS_ERROR_KIND_NONE; KGFLAGS_ERROR_KIND_MISSING_VALUE;
             KGFLAGS_ERROR_KIND_UNKNOWN_FLAG; KGFLAGS_ERROR_KIND_INVALID_INT;
             KGFLAGS_ERROR_KIND_INVALID_DOUBLE;
             KGFLAGS_ERROR_KIND_MULTIPLE_ASSIGNMENT;
             KGFLAGS_ERROR_KIND_DUPLICATE_FLAG}
            .errors[5].[bits 160 to 191] ∈ {0} or UNINITIALIZED
            .errors[6].flag_name ∈
            {{ NULL ; &argv3[1] ; &argv4[1] ; "string" ; "bool" ; "int" ;
               "double" ; "string-array" ; "int-array" ; "double-array" }}
            .errors[6].arg ∈ {{ NULL ; &argv4[0] }}
            .errors[6].kind ∈
            {KGFLAGS_ERROR_KIND_NONE; KGFLAGS_ERROR_KIND_MISSING_VALUE;
             KGFLAGS_ERROR_KIND_UNKNOWN_FLAG; KGFLAGS_ERROR_KIND_INVALID_INT;
             KGFLAGS_ERROR_KIND_INVALID_DOUBLE;
             KGFLAGS_ERROR_KIND_MULTIPLE_ASSIGNMENT}
            .errors[6].[bits 160 to 191] ∈ {0} or UNINITIALIZED
            .errors[7].flag_name ∈
            {{ NULL ; &argv4[1] ; "string" ; "bool" ; "int" ; "double" ;
               "string-array" ; "int-array" ; "double-array" }}
            .errors[7].arg ∈ {{ NULL ; &argv4[0] }}
            .errors[7].kind ∈
            {KGFLAGS_ERROR_KIND_NONE; KGFLAGS_ERROR_KIND_MISSING_VALUE;
             KGFLAGS_ERROR_KIND_UNKNOWN_FLAG; KGFLAGS_ERROR_KIND_INVALID_INT;
             KGFLAGS_ERROR_KIND_INVALID_DOUBLE;
             KGFLAGS_ERROR_KIND_MULTIPLE_ASSIGNMENT}
            .errors[7].[bits 160 to 191] ∈ {0} or UNINITIALIZED
            .errors[8].flag_name ∈
            {{ NULL ; &argv4[1] ; "string" ; "bool" ; "int" ; "double" ;
               "string-array" ; "int-array" ; "double-array" }}
            .errors[8].arg ∈ {0}
            .errors[8].kind ∈
            {KGFLAGS_ERROR_KIND_NONE; KGFLAGS_ERROR_KIND_MISSING_VALUE;
             KGFLAGS_ERROR_KIND_UNKNOWN_FLAG;
             KGFLAGS_ERROR_KIND_MULTIPLE_ASSIGNMENT}
            .errors[8].[bits 160 to 191] ∈ {0} or UNINITIALIZED
            .errors[9].flag_name ∈
            {{ NULL ; "string" ; "bool" ; "int" ; "double" ; "string-array" ;
               "int-array" ; "double-array" }}
            .errors[9].arg ∈ {0}
            .errors[9].kind ∈
            {KGFLAGS_ERROR_KIND_NONE; KGFLAGS_ERROR_KIND_MISSING_VALUE}
            .errors[9].[bits 160 to 191] ∈ {0} or UNINITIALIZED
            .errors[10..511] ∈ {0}
            .flag_prefix ∈ {{ "-" }}
            .arg_cursor ∈ {1; 2; 3; 4; 5}
            .argc ∈ {0; 1; 2; 3; 4; 5}
            .argv ∈ {{ &argv[0] }}
            .custom_description ∈ {{ "Usage of fullapi [-FLAGS]:" }}
[eva:final-states] Values at end of function _kgflags_consume_arg:
  res ∈
     {{ &argv1[0] ; &argv2[0] ; &argv3[0] ; &argv4[0] }} or UNINITIALIZED
  _kgflags_g.flags_count ∈ {1; 2; 3; 4; 5; 6; 7}
            .[bits 32 to 63] ∈ {0}
            .flags[0].name ∈ {{ "string" }}
            .flags[0].description ∈ {{ "String flag." }}
            .flags[0].default_value{.string_value; .bool_value[bits 0 to 63]; .int_value[bits 0 to 63]; .double_value} ∈
            {{ "lorem" }}
            .flags[0].result{.string_value; .bool_value; .int_value; .double_value; .string_array; .int_array; .double_array} ∈
            {{ (? *)&string_val }}
            .flags[0]{.assigned; .error} ∈ {0; 1}
            .flags[0].required ∈ {1}
            .flags[0].[bits 280 to 287] ∈ {0}
            .flags[0].kind ∈ {KGFLAGS_FLAG_KIND_STRING}
            .flags[1].name ∈
            {{ NULL ; "bool" ; "int" ; "double" ; "string-array" ;
               "int-array" ; "double-array" }}
            .flags[1].description ∈
            {{ NULL ; "Boolean flag." ; "Integer flag." ; "Double flag." ;
               "String array flag." ; "Int array flag." ;
               "Double array flag." }}
            .flags[1].default_value ∈ {0}
            .flags[1].result{.string_value; .bool_value; .int_value; .double_value; .string_array; .int_array; .double_array} ∈
            {{ NULL ; (? *)&bool_val ; (? *)&int_val ; (? *)&double_val ;
               (? *)&string_arr ; (? *)&int_arr ; (? *)&double_arr }}
            .flags[1]{.assigned; .error; .required} ∈ {0; 1}
            .flags[1].[bits 280 to 287] ∈ {0}
            .flags[1].kind ∈
            {KGFLAGS_FLAG_KIND_NONE; KGFLAGS_FLAG_KIND_BOOL;
             KGFLAGS_FLAG_KIND_INT; KGFLAGS_FLAG_KIND_DOUBLE;
             KGFLAGS_FLAG_KIND_STRING_ARRAY; KGFLAGS_FLAG_KIND_INT_ARRAY;
             KGFLAGS_FLAG_KIND_DOUBLE_ARRAY}
            .flags[2].name ∈
            {{ NULL ; "int" ; "double" ; "string-array" ; "int-array" ;
               "double-array" }}
            .flags[2].description ∈
            {{ NULL ; "Integer flag." ; "Double flag." ;
               "String array flag." ; "Int array flag." ;
               "Double array flag." }}
            .flags[2].default_value ∈ {0}
            .flags[2].result{.string_value; .bool_value; .int_value; .double_value; .string_array; .int_array; .double_array} ∈
            {{ NULL ; (? *)&int_val ; (? *)&double_val ; (? *)&string_arr ;
               (? *)&int_arr ; (? *)&double_arr }}
            .flags[2]{.assigned; .error; .required} ∈ {0; 1}
            .flags[2].[bits 280 to 287] ∈ {0}
            .flags[2].kind ∈
            {KGFLAGS_FLAG_KIND_NONE; KGFLAGS_FLAG_KIND_INT;
             KGFLAGS_FLAG_KIND_DOUBLE; KGFLAGS_FLAG_KIND_STRING_ARRAY;
             KGFLAGS_FLAG_KIND_INT_ARRAY; KGFLAGS_FLAG_KIND_DOUBLE_ARRAY}
            .flags[3].name ∈
            {{ NULL ; "double" ; "string-array" ; "int-array" ;
               "double-array" }}
            .flags[3].description ∈
            {{ NULL ; "Double flag." ; "String array flag." ;
               "Int array flag." ; "Double array flag." }}
            .flags[3].default_value ∈ {0}
            .flags[3].result{.string_value; .bool_value; .int_value; .double_value; .string_array; .int_array; .double_array} ∈
            {{ NULL ; (? *)&double_val ; (? *)&string_arr ; (? *)&int_arr ;
               (? *)&double_arr }}
            .flags[3]{.assigned; .error; .required} ∈ {0; 1}
            .flags[3].[bits 280 to 287] ∈ {0}
            .flags[3].kind ∈
            {KGFLAGS_FLAG_KIND_NONE; KGFLAGS_FLAG_KIND_DOUBLE;
             KGFLAGS_FLAG_KIND_STRING_ARRAY; KGFLAGS_FLAG_KIND_INT_ARRAY;
             KGFLAGS_FLAG_KIND_DOUBLE_ARRAY}
            .flags[4].name ∈
            {{ NULL ; "string-array" ; "int-array" ; "double-array" }}
            .flags[4].description ∈
            {{ NULL ; "String array flag." ; "Int array flag." ;
               "Double array flag." }}
            .flags[4].default_value ∈ {0}
            .flags[4].result{.string_value; .bool_value; .int_value; .double_value; .string_array; .int_array; .double_array} ∈
            {{ NULL ; (? *)&string_arr ; (? *)&int_arr ; (? *)&double_arr }}
            .flags[4]{.assigned; .error; .required} ∈ {0; 1}
            .flags[4].[bits 280 to 287] ∈ {0}
            .flags[4].kind ∈
            {KGFLAGS_FLAG_KIND_NONE; KGFLAGS_FLAG_KIND_STRING_ARRAY;
             KGFLAGS_FLAG_KIND_INT_ARRAY; KGFLAGS_FLAG_KIND_DOUBLE_ARRAY}
            .flags[5].name ∈ {{ NULL ; "int-array" ; "double-array" }}
            .flags[5].description ∈
            {{ NULL ; "Int array flag." ; "Double array flag." }}
            .flags[5].default_value ∈ {0}
            .flags[5].result{.string_value; .bool_value; .int_value; .double_value; .string_array; .int_array; .double_array} ∈
            {{ NULL ; (? *)&int_arr ; (? *)&double_arr }}
            .flags[5]{.assigned; .error; .required} ∈ {0; 1}
            .flags[5].[bits 280 to 287] ∈ {0}
            .flags[5].kind ∈
            {KGFLAGS_FLAG_KIND_NONE; KGFLAGS_FLAG_KIND_INT_ARRAY;
             KGFLAGS_FLAG_KIND_DOUBLE_ARRAY}
            .flags[6].name ∈ {{ NULL ; "double-array" }}
            .flags[6].description ∈ {{ NULL ; "Double array flag." }}
            .flags[6].default_value ∈ {0}
            .flags[6].result{.string_value; .bool_value; .int_value; .double_value; .string_array; .int_array; .double_array} ∈
            {{ NULL ; (? *)&double_arr }}
            .flags[6]{.assigned; .error; .required} ∈ {0; 1}
            .flags[6].[bits 280 to 287] ∈ {0}
            .flags[6].kind ∈
            {KGFLAGS_FLAG_KIND_NONE; KGFLAGS_FLAG_KIND_DOUBLE_ARRAY}
            .flags[7..255] ∈ {0}
            .non_flag_count ∈ {0; 1; 2; 3; 4}
            .[bits 82016 to 82047] ∈ {0}
            .non_flag_args[0] ∈
            {{ NULL ; &argv1[0] ; &argv2[0] ; &argv3[0] ; &argv4[0] }}
            .non_flag_args[1] ∈
            {{ NULL ; &argv2[0] ; &argv3[0] ; &argv4[0] }}
            .non_flag_args[2] ∈ {{ NULL ; &argv3[0] ; &argv4[0] }}
            .non_flag_args[3] ∈ {{ NULL ; &argv4[0] }}
            .non_flag_args[4..511] ∈ {0}
            .errors_count ∈ [0..10]
            .[bits 114848 to 114879] ∈ {0}
            .errors[0].flag_name ∈
            {{ NULL ; &argv1[1] ; &argv2[1] ; &argv3[1] ; &argv4[1] ;
               "string" ; "bool" ; "int" ; "double" ; "string-array" ;
               "int-array" ; "double-array" }}
            .errors[0].arg ∈ {{ NULL ; &argv2[0] ; &argv3[0] ; &argv4[0] }}
            .errors[0].kind ∈
            {KGFLAGS_ERROR_KIND_NONE; KGFLAGS_ERROR_KIND_MISSING_VALUE;
             KGFLAGS_ERROR_KIND_UNKNOWN_FLAG; KGFLAGS_ERROR_KIND_INVALID_INT;
             KGFLAGS_ERROR_KIND_INVALID_DOUBLE;
             KGFLAGS_ERROR_KIND_MULTIPLE_ASSIGNMENT;
             KGFLAGS_ERROR_KIND_DUPLICATE_FLAG; KGFLAGS_ERROR_KIND_PREFIX_NO}
            .errors[0].[bits 160 to 191] ∈ {0} or UNINITIALIZED
            .errors[1].flag_name ∈
            {{ NULL ; &argv2[1] ; &argv3[1] ; &argv4[1] ; "string" ; 
               "bool" ; "int" ; "double" ; "string-array" ; "int-array" ;
               "double-array" }}
            .errors[1].arg ∈ {{ NULL ; &argv3[0] ; &argv4[0] }}
            .errors[1].kind ∈
            {KGFLAGS_ERROR_KIND_NONE; KGFLAGS_ERROR_KIND_MISSING_VALUE;
             KGFLAGS_ERROR_KIND_UNKNOWN_FLAG; KGFLAGS_ERROR_KIND_INVALID_INT;
             KGFLAGS_ERROR_KIND_INVALID_DOUBLE;
             KGFLAGS_ERROR_KIND_MULTIPLE_ASSIGNMENT;
             KGFLAGS_ERROR_KIND_DUPLICATE_FLAG}
            .errors[1].[bits 160 to 191] ∈ {0} or UNINITIALIZED
            .errors[2].flag_name ∈
            {{ NULL ; &argv2[1] ; &argv3[1] ; &argv4[1] ; "string" ; 
               "bool" ; "int" ; "double" ; "string-array" ; "int-array" ;
               "double-array" }}
            .errors[2].arg ∈ {{ NULL ; &argv3[0] ; &argv4[0] }}
            .errors[2].kind ∈
            {KGFLAGS_ERROR_KIND_NONE; KGFLAGS_ERROR_KIND_MISSING_VALUE;
             KGFLAGS_ERROR_KIND_UNKNOWN_FLAG; KGFLAGS_ERROR_KIND_INVALID_INT;
             KGFLAGS_ERROR_KIND_INVALID_DOUBLE;
             KGFLAGS_ERROR_KIND_MULTIPLE_ASSIGNMENT;
             KGFLAGS_ERROR_KIND_DUPLICATE_FLAG}
            .errors[2].[bits 160 to 191] ∈ {0} or UNINITIALIZED
            .errors[3].flag_name ∈
            {{ NULL ; &argv2[1] ; &argv3[1] ; &argv4[1] ; "string" ; 
               "bool" ; "int" ; "double" ; "string-array" ; "int-array" ;
               "double-array" }}
            .errors[3].arg ∈ {{ NULL ; &argv3[0] ; &argv4[0] }}
            .errors[3].kind ∈
            {KGFLAGS_ERROR_KIND_NONE; KGFLAGS_ERROR_KIND_MISSING_VALUE;
             KGFLAGS_ERROR_KIND_UNKNOWN_FLAG; KGFLAGS_ERROR_KIND_INVALID_INT;
             KGFLAGS_ERROR_KIND_INVALID_DOUBLE;
             KGFLAGS_ERROR_KIND_MULTIPLE_ASSIGNMENT;
             KGFLAGS_ERROR_KIND_DUPLICATE_FLAG}
            .errors[3].[bits 160 to 191] ∈ {0} or UNINITIALIZED
            .errors[4].flag_name ∈
            {{ NULL ; &argv3[1] ; &argv4[1] ; "string" ; "bool" ; "int" ;
               "double" ; "string-array" ; "int-array" ; "double-array" }}
            .errors[4].arg ∈ {{ NULL ; &argv3[0] ; &argv4[0] }}
            .errors[4].kind ∈
            {KGFLAGS_ERROR_KIND_NONE; KGFLAGS_ERROR_KIND_MISSING_VALUE;
             KGFLAGS_ERROR_KIND_UNKNOWN_FLAG; KGFLAGS_ERROR_KIND_INVALID_INT;
             KGFLAGS_ERROR_KIND_INVALID_DOUBLE;
             KGFLAGS_ERROR_KIND_MULTIPLE_ASSIGNMENT;
             KGFLAGS_ERROR_KIND_DUPLICATE_FLAG}
            .errors[4].[bits 160 to 191] ∈ {0} or UNINITIALIZED
            .errors[5].flag_name ∈
            {{ NULL ; &argv3[1] ; &argv4[1] ; "string" ; "bool" ; "int" ;
               "double" ; "string-array" ; "int-array" ; "double-array" }}
            .errors[5].arg ∈ {{ NULL ; &argv4[0] }}
            .errors[5].kind ∈
            {KGFLAGS_ERROR_KIND_NONE; KGFLAGS_ERROR_KIND_MISSING_VALUE;
             KGFLAGS_ERROR_KIND_UNKNOWN_FLAG; KGFLAGS_ERROR_KIND_INVALID_INT;
             KGFLAGS_ERROR_KIND_INVALID_DOUBLE;
             KGFLAGS_ERROR_KIND_MULTIPLE_ASSIGNMENT;
             KGFLAGS_ERROR_KIND_DUPLICATE_FLAG}
            .errors[5].[bits 160 to 191] ∈ {0} or UNINITIALIZED
            .errors[6].flag_name ∈
            {{ NULL ; &argv3[1] ; &argv4[1] ; "string" ; "bool" ; "int" ;
               "double" ; "string-array" ; "int-array" ; "double-array" }}
            .errors[6].arg ∈ {{ NULL ; &argv4[0] }}
            .errors[6].kind ∈
            {KGFLAGS_ERROR_KIND_NONE; KGFLAGS_ERROR_KIND_MISSING_VALUE;
             KGFLAGS_ERROR_KIND_UNKNOWN_FLAG; KGFLAGS_ERROR_KIND_INVALID_INT;
             KGFLAGS_ERROR_KIND_INVALID_DOUBLE;
             KGFLAGS_ERROR_KIND_MULTIPLE_ASSIGNMENT}
            .errors[6].[bits 160 to 191] ∈ {0} or UNINITIALIZED
            .errors[7].flag_name ∈
            {{ NULL ; &argv4[1] ; "string" ; "bool" ; "int" ; "double" ;
               "string-array" ; "int-array" ; "double-array" }}
            .errors[7].arg ∈ {{ NULL ; &argv4[0] }}
            .errors[7].kind ∈
            {KGFLAGS_ERROR_KIND_NONE; KGFLAGS_ERROR_KIND_MISSING_VALUE;
             KGFLAGS_ERROR_KIND_UNKNOWN_FLAG; KGFLAGS_ERROR_KIND_INVALID_INT;
             KGFLAGS_ERROR_KIND_INVALID_DOUBLE;
             KGFLAGS_ERROR_KIND_MULTIPLE_ASSIGNMENT}
            .errors[7].[bits 160 to 191] ∈ {0} or UNINITIALIZED
            .errors[8].flag_name ∈
            {{ NULL ; &argv4[1] ; "string" ; "bool" ; "int" ; "double" ;
               "string-array" ; "int-array" ; "double-array" }}
            .errors[8].arg ∈ {0}
            .errors[8].kind ∈
            {KGFLAGS_ERROR_KIND_NONE; KGFLAGS_ERROR_KIND_MISSING_VALUE;
             KGFLAGS_ERROR_KIND_UNKNOWN_FLAG;
             KGFLAGS_ERROR_KIND_MULTIPLE_ASSIGNMENT}
            .errors[8].[bits 160 to 191] ∈ {0} or UNINITIALIZED
            .errors[9].flag_name ∈
            {{ NULL ; "string" ; "bool" ; "int" ; "double" ; "string-array" ;
               "int-array" ; "double-array" }}
            .errors[9].arg ∈ {0}
            .errors[9].kind ∈
            {KGFLAGS_ERROR_KIND_NONE; KGFLAGS_ERROR_KIND_MISSING_VALUE}
            .errors[9].[bits 160 to 191] ∈ {0} or UNINITIALIZED
            .errors[10..511] ∈ {0}
            .flag_prefix ∈ {{ "-" }}
            .arg_cursor ∈ {1; 2; 3; 4; 5}
            .argc ∈ {0; 1; 2; 3; 4; 5}
            .argv ∈ {{ &argv[0] }}
            .custom_description ∈ {{ "Usage of fullapi [-FLAGS]:" }}
  __retres ∈ {{ NULL ; &argv1[0] ; &argv2[0] ; &argv3[0] ; &argv4[0] }}
[eva:final-states] Values at end of function _kgflags_peek_arg:
  __retres ∈ {{ NULL ; &argv2[0] ; &argv3[0] ; &argv4[0] }}
[eva:final-states] Values at end of function kgflags_double_array_get_count:
  __retres ∈ {0; 1; 2; 3}
[eva:final-states] Values at end of function kgflags_get_non_flag_arg:
  __retres ∈ {{ NULL ; &argv1[0] ; &argv2[0] ; &argv3[0] ; &argv4[0] }}
[eva:final-states] Values at end of function kgflags_get_non_flag_args_count:
  __retres ∈ {0; 1; 2; 3; 4}
[eva:final-states] Values at end of function kgflags_int_array_get_count:
  __retres ∈ {0; 1; 2; 3}
[eva:final-states] Values at end of function kgflags_print_errors:
  i ∈ [1..512]
  S___fc_stderr[0..1] ∈ [--..--]
[eva:final-states] Values at end of function kgflags_print_usage:
  S___fc_stderr[0..1] ∈ [--..--]
[eva:final-states] Values at end of function kgflags_set_custom_description:
  _kgflags_g.flags_count ∈ {1; 2; 3; 4; 5; 6; 7}
            .[bits 32 to 63] ∈ {0}
            .flags[0].name ∈ {{ "string" }}
            .flags[0].description ∈ {{ "String flag." }}
            .flags[0].default_value{.string_value; .bool_value[bits 0 to 63]; .int_value[bits 0 to 63]; .double_value} ∈
            {{ "lorem" }}
            .flags[0].result{.string_value; .bool_value; .int_value; .double_value; .string_array; .int_array; .double_array} ∈
            {{ (? *)&string_val }}
            .flags[0]{.assigned; .error} ∈ {0}
            .flags[0].required ∈ {1}
            .flags[0].[bits 280 to 287] ∈ {0}
            .flags[0].kind ∈ {KGFLAGS_FLAG_KIND_STRING}
            .flags[1].name ∈
            {{ NULL ; "bool" ; "int" ; "double" ; "string-array" ;
               "int-array" ; "double-array" }}
            .flags[1].description ∈
            {{ NULL ; "Boolean flag." ; "Integer flag." ; "Double flag." ;
               "String array flag." ; "Int array flag." ;
               "Double array flag." }}
            .flags[1].default_value ∈ {0}
            .flags[1].result{.string_value; .bool_value; .int_value; .double_value; .string_array; .int_array; .double_array} ∈
            {{ NULL ; (? *)&bool_val ; (? *)&int_val ; (? *)&double_val ;
               (? *)&string_arr ; (? *)&int_arr ; (? *)&double_arr }}
            .flags[1]{.assigned; .error} ∈ {0}
            .flags[1].required ∈ {0; 1}
            .flags[1].[bits 280 to 287] ∈ {0}
            .flags[1].kind ∈
            {KGFLAGS_FLAG_KIND_NONE; KGFLAGS_FLAG_KIND_BOOL;
             KGFLAGS_FLAG_KIND_INT; KGFLAGS_FLAG_KIND_DOUBLE;
             KGFLAGS_FLAG_KIND_STRING_ARRAY; KGFLAGS_FLAG_KIND_INT_ARRAY;
             KGFLAGS_FLAG_KIND_DOUBLE_ARRAY}
            .flags[2].name ∈
            {{ NULL ; "int" ; "double" ; "string-array" ; "int-array" ;
               "double-array" }}
            .flags[2].description ∈
            {{ NULL ; "Integer flag." ; "Double flag." ;
               "String array flag." ; "Int array flag." ;
               "Double array flag." }}
            .flags[2].default_value ∈ {0}
            .flags[2].result{.string_value; .bool_value; .int_value; .double_value; .string_array; .int_array; .double_array} ∈
            {{ NULL ; (? *)&int_val ; (? *)&double_val ; (? *)&string_arr ;
               (? *)&int_arr ; (? *)&double_arr }}
            .flags[2]{.assigned; .error} ∈ {0}
            .flags[2].required ∈ {0; 1}
            .flags[2].[bits 280 to 287] ∈ {0}
            .flags[2].kind ∈
            {KGFLAGS_FLAG_KIND_NONE; KGFLAGS_FLAG_KIND_INT;
             KGFLAGS_FLAG_KIND_DOUBLE; KGFLAGS_FLAG_KIND_STRING_ARRAY;
             KGFLAGS_FLAG_KIND_INT_ARRAY; KGFLAGS_FLAG_KIND_DOUBLE_ARRAY}
            .flags[3].name ∈
            {{ NULL ; "double" ; "string-array" ; "int-array" ;
               "double-array" }}
            .flags[3].description ∈
            {{ NULL ; "Double flag." ; "String array flag." ;
               "Int array flag." ; "Double array flag." }}
            .flags[3].default_value ∈ {0}
            .flags[3].result{.string_value; .bool_value; .int_value; .double_value; .string_array; .int_array; .double_array} ∈
            {{ NULL ; (? *)&double_val ; (? *)&string_arr ; (? *)&int_arr ;
               (? *)&double_arr }}
            .flags[3]{.assigned; .error} ∈ {0}
            .flags[3].required ∈ {0; 1}
            .flags[3].[bits 280 to 287] ∈ {0}
            .flags[3].kind ∈
            {KGFLAGS_FLAG_KIND_NONE; KGFLAGS_FLAG_KIND_DOUBLE;
             KGFLAGS_FLAG_KIND_STRING_ARRAY; KGFLAGS_FLAG_KIND_INT_ARRAY;
             KGFLAGS_FLAG_KIND_DOUBLE_ARRAY}
            .flags[4].name ∈
            {{ NULL ; "string-array" ; "int-array" ; "double-array" }}
            .flags[4].description ∈
            {{ NULL ; "String array flag." ; "Int array flag." ;
               "Double array flag." }}
            .flags[4].default_value ∈ {0}
            .flags[4].result{.string_value; .bool_value; .int_value; .double_value; .string_array; .int_array; .double_array} ∈
            {{ NULL ; (? *)&string_arr ; (? *)&int_arr ; (? *)&double_arr }}
            .flags[4]{.assigned; .error} ∈ {0}
            .flags[4].required ∈ {0; 1}
            .flags[4].[bits 280 to 287] ∈ {0}
            .flags[4].kind ∈
            {KGFLAGS_FLAG_KIND_NONE; KGFLAGS_FLAG_KIND_STRING_ARRAY;
             KGFLAGS_FLAG_KIND_INT_ARRAY; KGFLAGS_FLAG_KIND_DOUBLE_ARRAY}
            .flags[5].name ∈ {{ NULL ; "int-array" ; "double-array" }}
            .flags[5].description ∈
            {{ NULL ; "Int array flag." ; "Double array flag." }}
            .flags[5].default_value ∈ {0}
            .flags[5].result{.string_value; .bool_value; .int_value; .double_value; .string_array; .int_array; .double_array} ∈
            {{ NULL ; (? *)&int_arr ; (? *)&double_arr }}
            .flags[5]{.assigned; .error} ∈ {0}
            .flags[5].required ∈ {0; 1}
            .flags[5].[bits 280 to 287] ∈ {0}
            .flags[5].kind ∈
            {KGFLAGS_FLAG_KIND_NONE; KGFLAGS_FLAG_KIND_INT_ARRAY;
             KGFLAGS_FLAG_KIND_DOUBLE_ARRAY}
            .flags[6].name ∈ {{ NULL ; "double-array" }}
            .flags[6].description ∈ {{ NULL ; "Double array flag." }}
            .flags[6].default_value ∈ {0}
            .flags[6].result{.string_value; .bool_value; .int_value; .double_value; .string_array; .int_array; .double_array} ∈
            {{ NULL ; (? *)&double_arr }}
            .flags[6]{.assigned; .error} ∈ {0}
            .flags[6].required ∈ {0; 1}
            .flags[6].[bits 280 to 287] ∈ {0}
            .flags[6].kind ∈
            {KGFLAGS_FLAG_KIND_NONE; KGFLAGS_FLAG_KIND_DOUBLE_ARRAY}
            {.flags[7..255]; .non_flag_count; .non_flag_args[0..511]; .[bits 82016 to 82047]} ∈
            {0}
            .errors_count ∈ {0; 1; 2; 3; 4; 5; 6}
            .[bits 114848 to 114879] ∈ {0}
            .errors[0].flag_name ∈
            {{ NULL ; "bool" ; "int" ; "double" ; "string-array" ;
               "int-array" ; "double-array" }}
            .errors[0].arg ∈ {0}
            .errors[0].kind ∈
            {KGFLAGS_ERROR_KIND_NONE; KGFLAGS_ERROR_KIND_DUPLICATE_FLAG;
             KGFLAGS_ERROR_KIND_PREFIX_NO}
            .errors[0].[bits 160 to 191] ∈ {0} or UNINITIALIZED
            .errors[1].flag_name ∈
            {{ NULL ; "int" ; "double" ; "string-array" ; "int-array" ;
               "double-array" }}
            .errors[1].arg ∈ {0}
            .errors[1].kind ∈
            {KGFLAGS_ERROR_KIND_NONE; KGFLAGS_ERROR_KIND_DUPLICATE_FLAG}
            .errors[1].[bits 160 to 191] ∈ {0} or UNINITIALIZED
            .errors[2].flag_name ∈
            {{ NULL ; "double" ; "string-array" ; "int-array" ;
               "double-array" }}
            .errors[2].arg ∈ {0}
            .errors[2].kind ∈
            {KGFLAGS_ERROR_KIND_NONE; KGFLAGS_ERROR_KIND_DUPLICATE_FLAG}
            .errors[2].[bits 160 to 191] ∈ {0} or UNINITIALIZED
            .errors[3].flag_name ∈
            {{ NULL ; "string-array" ; "int-array" ; "double-array" }}
            .errors[3].arg ∈ {0}
            .errors[3].kind ∈
            {KGFLAGS_ERROR_KIND_NONE; KGFLAGS_ERROR_KIND_DUPLICATE_FLAG}
            .errors[3].[bits 160 to 191] ∈ {0} or UNINITIALIZED
            .errors[4].flag_name ∈
            {{ NULL ; "int-array" ; "double-array" }}
            .errors[4].arg ∈ {0}
            .errors[4].kind ∈
            {KGFLAGS_ERROR_KIND_NONE; KGFLAGS_ERROR_KIND_DUPLICATE_FLAG}
            .errors[4].[bits 160 to 191] ∈ {0} or UNINITIALIZED
            .errors[5].flag_name ∈ {{ NULL ; "double-array" }}
            .errors[5].arg ∈ {0}
            .errors[5].kind ∈
            {KGFLAGS_ERROR_KIND_NONE; KGFLAGS_ERROR_KIND_DUPLICATE_FLAG}
            .errors[5].[bits 160 to 191] ∈ {0} or UNINITIALIZED
            {.errors[6..511]; .flag_prefix; .arg_cursor; .argc; .argv} ∈
            {0}
            .custom_description ∈ {{ "Usage of fullapi [-FLAGS]:" }}
[eva:final-states] Values at end of function kgflags_set_prefix:
  _kgflags_g.flags_count ∈ {1; 2; 3; 4; 5; 6; 7}
            .[bits 32 to 63] ∈ {0}
            .flags[0].name ∈ {{ "string" }}
            .flags[0].description ∈ {{ "String flag." }}
            .flags[0].default_value{.string_value; .bool_value[bits 0 to 63]; .int_value[bits 0 to 63]; .double_value} ∈
            {{ "lorem" }}
            .flags[0].result{.string_value; .bool_value; .int_value; .double_value; .string_array; .int_array; .double_array} ∈
            {{ (? *)&string_val }}
            .flags[0]{.assigned; .error} ∈ {0}
            .flags[0].required ∈ {1}
            .flags[0].[bits 280 to 287] ∈ {0}
            .flags[0].kind ∈ {KGFLAGS_FLAG_KIND_STRING}
            .flags[1].name ∈
            {{ NULL ; "bool" ; "int" ; "double" ; "string-array" ;
               "int-array" ; "double-array" }}
            .flags[1].description ∈
            {{ NULL ; "Boolean flag." ; "Integer flag." ; "Double flag." ;
               "String array flag." ; "Int array flag." ;
               "Double array flag." }}
            .flags[1].default_value ∈ {0}
            .flags[1].result{.string_value; .bool_value; .int_value; .double_value; .string_array; .int_array; .double_array} ∈
            {{ NULL ; (? *)&bool_val ; (? *)&int_val ; (? *)&double_val ;
               (? *)&string_arr ; (? *)&int_arr ; (? *)&double_arr }}
            .flags[1]{.assigned; .error} ∈ {0}
            .flags[1].required ∈ {0; 1}
            .flags[1].[bits 280 to 287] ∈ {0}
            .flags[1].kind ∈
            {KGFLAGS_FLAG_KIND_NONE; KGFLAGS_FLAG_KIND_BOOL;
             KGFLAGS_FLAG_KIND_INT; KGFLAGS_FLAG_KIND_DOUBLE;
             KGFLAGS_FLAG_KIND_STRING_ARRAY; KGFLAGS_FLAG_KIND_INT_ARRAY;
             KGFLAGS_FLAG_KIND_DOUBLE_ARRAY}
            .flags[2].name ∈
            {{ NULL ; "int" ; "double" ; "string-array" ; "int-array" ;
               "double-array" }}
            .flags[2].description ∈
            {{ NULL ; "Integer flag." ; "Double flag." ;
               "String array flag." ; "Int array flag." ;
               "Double array flag." }}
            .flags[2].default_value ∈ {0}
            .flags[2].result{.string_value; .bool_value; .int_value; .double_value; .string_array; .int_array; .double_array} ∈
            {{ NULL ; (? *)&int_val ; (? *)&double_val ; (? *)&string_arr ;
               (? *)&int_arr ; (? *)&double_arr }}
            .flags[2]{.assigned; .error} ∈ {0}
            .flags[2].required ∈ {0; 1}
            .flags[2].[bits 280 to 287] ∈ {0}
            .flags[2].kind ∈
            {KGFLAGS_FLAG_KIND_NONE; KGFLAGS_FLAG_KIND_INT;
             KGFLAGS_FLAG_KIND_DOUBLE; KGFLAGS_FLAG_KIND_STRING_ARRAY;
             KGFLAGS_FLAG_KIND_INT_ARRAY; KGFLAGS_FLAG_KIND_DOUBLE_ARRAY}
            .flags[3].name ∈
            {{ NULL ; "double" ; "string-array" ; "int-array" ;
               "double-array" }}
            .flags[3].description ∈
            {{ NULL ; "Double flag." ; "String array flag." ;
               "Int array flag." ; "Double array flag." }}
            .flags[3].default_value ∈ {0}
            .flags[3].result{.string_value; .bool_value; .int_value; .double_value; .string_array; .int_array; .double_array} ∈
            {{ NULL ; (? *)&double_val ; (? *)&string_arr ; (? *)&int_arr ;
               (? *)&double_arr }}
            .flags[3]{.assigned; .error} ∈ {0}
            .flags[3].required ∈ {0; 1}
            .flags[3].[bits 280 to 287] ∈ {0}
            .flags[3].kind ∈
            {KGFLAGS_FLAG_KIND_NONE; KGFLAGS_FLAG_KIND_DOUBLE;
             KGFLAGS_FLAG_KIND_STRING_ARRAY; KGFLAGS_FLAG_KIND_INT_ARRAY;
             KGFLAGS_FLAG_KIND_DOUBLE_ARRAY}
            .flags[4].name ∈
            {{ NULL ; "string-array" ; "int-array" ; "double-array" }}
            .flags[4].description ∈
            {{ NULL ; "String array flag." ; "Int array flag." ;
               "Double array flag." }}
            .flags[4].default_value ∈ {0}
            .flags[4].result{.string_value; .bool_value; .int_value; .double_value; .string_array; .int_array; .double_array} ∈
            {{ NULL ; (? *)&string_arr ; (? *)&int_arr ; (? *)&double_arr }}
            .flags[4]{.assigned; .error} ∈ {0}
            .flags[4].required ∈ {0; 1}
            .flags[4].[bits 280 to 287] ∈ {0}
            .flags[4].kind ∈
            {KGFLAGS_FLAG_KIND_NONE; KGFLAGS_FLAG_KIND_STRING_ARRAY;
             KGFLAGS_FLAG_KIND_INT_ARRAY; KGFLAGS_FLAG_KIND_DOUBLE_ARRAY}
            .flags[5].name ∈ {{ NULL ; "int-array" ; "double-array" }}
            .flags[5].description ∈
            {{ NULL ; "Int array flag." ; "Double array flag." }}
            .flags[5].default_value ∈ {0}
            .flags[5].result{.string_value; .bool_value; .int_value; .double_value; .string_array; .int_array; .double_array} ∈
            {{ NULL ; (? *)&int_arr ; (? *)&double_arr }}
            .flags[5]{.assigned; .error} ∈ {0}
            .flags[5].required ∈ {0; 1}
            .flags[5].[bits 280 to 287] ∈ {0}
            .flags[5].kind ∈
            {KGFLAGS_FLAG_KIND_NONE; KGFLAGS_FLAG_KIND_INT_ARRAY;
             KGFLAGS_FLAG_KIND_DOUBLE_ARRAY}
            .flags[6].name ∈ {{ NULL ; "double-array" }}
            .flags[6].description ∈ {{ NULL ; "Double array flag." }}
            .flags[6].default_value ∈ {0}
            .flags[6].result{.string_value; .bool_value; .int_value; .double_value; .string_array; .int_array; .double_array} ∈
            {{ NULL ; (? *)&double_arr }}
            .flags[6]{.assigned; .error} ∈ {0}
            .flags[6].required ∈ {0; 1}
            .flags[6].[bits 280 to 287] ∈ {0}
            .flags[6].kind ∈
            {KGFLAGS_FLAG_KIND_NONE; KGFLAGS_FLAG_KIND_DOUBLE_ARRAY}
            {.flags[7..255]; .non_flag_count; .non_flag_args[0..511]; .[bits 82016 to 82047]} ∈
            {0}
            .errors_count ∈ {0; 1; 2; 3; 4; 5; 6}
            .[bits 114848 to 114879] ∈ {0}
            .errors[0].flag_name ∈
            {{ NULL ; "bool" ; "int" ; "double" ; "string-array" ;
               "int-array" ; "double-array" }}
            .errors[0].arg ∈ {0}
            .errors[0].kind ∈
            {KGFLAGS_ERROR_KIND_NONE; KGFLAGS_ERROR_KIND_DUPLICATE_FLAG;
             KGFLAGS_ERROR_KIND_PREFIX_NO}
            .errors[0].[bits 160 to 191] ∈ {0} or UNINITIALIZED
            .errors[1].flag_name ∈
            {{ NULL ; "int" ; "double" ; "string-array" ; "int-array" ;
               "double-array" }}
            .errors[1].arg ∈ {0}
            .errors[1].kind ∈
            {KGFLAGS_ERROR_KIND_NONE; KGFLAGS_ERROR_KIND_DUPLICATE_FLAG}
            .errors[1].[bits 160 to 191] ∈ {0} or UNINITIALIZED
            .errors[2].flag_name ∈
            {{ NULL ; "double" ; "string-array" ; "int-array" ;
               "double-array" }}
            .errors[2].arg ∈ {0}
            .errors[2].kind ∈
            {KGFLAGS_ERROR_KIND_NONE; KGFLAGS_ERROR_KIND_DUPLICATE_FLAG}
            .errors[2].[bits 160 to 191] ∈ {0} or UNINITIALIZED
            .errors[3].flag_name ∈
            {{ NULL ; "string-array" ; "int-array" ; "double-array" }}
            .errors[3].arg ∈ {0}
            .errors[3].kind ∈
            {KGFLAGS_ERROR_KIND_NONE; KGFLAGS_ERROR_KIND_DUPLICATE_FLAG}
            .errors[3].[bits 160 to 191] ∈ {0} or UNINITIALIZED
            .errors[4].flag_name ∈
            {{ NULL ; "int-array" ; "double-array" }}
            .errors[4].arg ∈ {0}
            .errors[4].kind ∈
            {KGFLAGS_ERROR_KIND_NONE; KGFLAGS_ERROR_KIND_DUPLICATE_FLAG}
            .errors[4].[bits 160 to 191] ∈ {0} or UNINITIALIZED
            .errors[5].flag_name ∈ {{ NULL ; "double-array" }}
            .errors[5].arg ∈ {0}
            .errors[5].kind ∈
            {KGFLAGS_ERROR_KIND_NONE; KGFLAGS_ERROR_KIND_DUPLICATE_FLAG}
            .errors[5].[bits 160 to 191] ∈ {0} or UNINITIALIZED
            .errors[6..511] ∈ {0}
            .flag_prefix ∈ {{ "-" }}
            {.arg_cursor; .argc; .argv} ∈ {0}
            .custom_description ∈ {{ "Usage of fullapi [-FLAGS]:" }}
[eva:final-states] Values at end of function kgflags_string_array_get_count:
  __retres ∈ {0; 1; 2; 3}
[eva:final-states] Values at end of function kgflags_string_array_get_item:
  __retres ∈
          {{ garbled mix of &{argv0; argv1; argv2; argv3; argv4}
           (origin: Misaligned {kgflags.h:522}) }}
[eva:final-states] Values at end of function _kgflags_get_flag_name:
  prefix_len ∈ {1}
  __retres ∈ {{ NULL ; &argv1[1] ; &argv2[1] ; &argv3[1] ; &argv4[1] }}
[eva:final-states] Values at end of function _kgflags_is_flag:
  __retres ∈ {0; 1}
[eva:final-states] Values at end of function _kgflags_get_flag:
  prefix_no ∈ {0; 1}
  __retres ∈
          {{ NULL ;
             &_kgflags_g{.flags[0], .flags[1], .flags[2], .flags[3],
                         .flags[4], .flags[5], .flags[6]} }}
[eva:final-states] Values at end of function _kgflags_add_flag:
  _kgflags_g.flags_count ∈ {1; 2; 3; 4; 5; 6; 7}
            .[bits 32 to 63] ∈ {0}
            .flags[0].name ∈ {{ "string" }}
            .flags[0].description ∈ {{ "String flag." }}
            .flags[0].default_value{.string_value; .bool_value[bits 0 to 63]; .int_value[bits 0 to 63]; .double_value} ∈
            {{ "lorem" }}
            .flags[0].result{.string_value; .bool_value; .int_value; .double_value; .string_array; .int_array; .double_array} ∈
            {{ (? *)&string_val }}
            .flags[0]{.assigned; .error} ∈ {0}
            .flags[0].required ∈ {1}
            .flags[0].[bits 280 to 287] ∈ {0}
            .flags[0].kind ∈ {KGFLAGS_FLAG_KIND_STRING}
            .flags[1].name ∈
            {{ NULL ; "bool" ; "int" ; "double" ; "string-array" ;
               "int-array" ; "double-array" }}
            .flags[1].description ∈
            {{ NULL ; "Boolean flag." ; "Integer flag." ; "Double flag." ;
               "String array flag." ; "Int array flag." ;
               "Double array flag." }}
            .flags[1].default_value ∈ {0}
            .flags[1].result{.string_value; .bool_value; .int_value; .double_value; .string_array; .int_array; .double_array} ∈
            {{ NULL ; (? *)&bool_val ; (? *)&int_val ; (? *)&double_val ;
               (? *)&string_arr ; (? *)&int_arr ; (? *)&double_arr }}
            .flags[1]{.assigned; .error} ∈ {0}
            .flags[1].required ∈ {0; 1}
            .flags[1].[bits 280 to 287] ∈ {0}
            .flags[1].kind ∈
            {KGFLAGS_FLAG_KIND_NONE; KGFLAGS_FLAG_KIND_BOOL;
             KGFLAGS_FLAG_KIND_INT; KGFLAGS_FLAG_KIND_DOUBLE;
             KGFLAGS_FLAG_KIND_STRING_ARRAY; KGFLAGS_FLAG_KIND_INT_ARRAY;
             KGFLAGS_FLAG_KIND_DOUBLE_ARRAY}
            .flags[2].name ∈
            {{ NULL ; "int" ; "double" ; "string-array" ; "int-array" ;
               "double-array" }}
            .flags[2].description ∈
            {{ NULL ; "Integer flag." ; "Double flag." ;
               "String array flag." ; "Int array flag." ;
               "Double array flag." }}
            .flags[2].default_value ∈ {0}
            .flags[2].result{.string_value; .bool_value; .int_value; .double_value; .string_array; .int_array; .double_array} ∈
            {{ NULL ; (? *)&int_val ; (? *)&double_val ; (? *)&string_arr ;
               (? *)&int_arr ; (? *)&double_arr }}
            .flags[2]{.assigned; .error} ∈ {0}
            .flags[2].required ∈ {0; 1}
            .flags[2].[bits 280 to 287] ∈ {0}
            .flags[2].kind ∈
            {KGFLAGS_FLAG_KIND_NONE; KGFLAGS_FLAG_KIND_INT;
             KGFLAGS_FLAG_KIND_DOUBLE; KGFLAGS_FLAG_KIND_STRING_ARRAY;
             KGFLAGS_FLAG_KIND_INT_ARRAY; KGFLAGS_FLAG_KIND_DOUBLE_ARRAY}
            .flags[3].name ∈
            {{ NULL ; "double" ; "string-array" ; "int-array" ;
               "double-array" }}
            .flags[3].description ∈
            {{ NULL ; "Double flag." ; "String array flag." ;
               "Int array flag." ; "Double array flag." }}
            .flags[3].default_value ∈ {0}
            .flags[3].result{.string_value; .bool_value; .int_value; .double_value; .string_array; .int_array; .double_array} ∈
            {{ NULL ; (? *)&double_val ; (? *)&string_arr ; (? *)&int_arr ;
               (? *)&double_arr }}
            .flags[3]{.assigned; .error} ∈ {0}
            .flags[3].required ∈ {0; 1}
            .flags[3].[bits 280 to 287] ∈ {0}
            .flags[3].kind ∈
            {KGFLAGS_FLAG_KIND_NONE; KGFLAGS_FLAG_KIND_DOUBLE;
             KGFLAGS_FLAG_KIND_STRING_ARRAY; KGFLAGS_FLAG_KIND_INT_ARRAY;
             KGFLAGS_FLAG_KIND_DOUBLE_ARRAY}
            .flags[4].name ∈
            {{ NULL ; "string-array" ; "int-array" ; "double-array" }}
            .flags[4].description ∈
            {{ NULL ; "String array flag." ; "Int array flag." ;
               "Double array flag." }}
            .flags[4].default_value ∈ {0}
            .flags[4].result{.string_value; .bool_value; .int_value; .double_value; .string_array; .int_array; .double_array} ∈
            {{ NULL ; (? *)&string_arr ; (? *)&int_arr ; (? *)&double_arr }}
            .flags[4]{.assigned; .error} ∈ {0}
            .flags[4].required ∈ {0; 1}
            .flags[4].[bits 280 to 287] ∈ {0}
            .flags[4].kind ∈
            {KGFLAGS_FLAG_KIND_NONE; KGFLAGS_FLAG_KIND_STRING_ARRAY;
             KGFLAGS_FLAG_KIND_INT_ARRAY; KGFLAGS_FLAG_KIND_DOUBLE_ARRAY}
            .flags[5].name ∈ {{ NULL ; "int-array" ; "double-array" }}
            .flags[5].description ∈
            {{ NULL ; "Int array flag." ; "Double array flag." }}
            .flags[5].default_value ∈ {0}
            .flags[5].result{.string_value; .bool_value; .int_value; .double_value; .string_array; .int_array; .double_array} ∈
            {{ NULL ; (? *)&int_arr ; (? *)&double_arr }}
            .flags[5]{.assigned; .error} ∈ {0}
            .flags[5].required ∈ {0; 1}
            .flags[5].[bits 280 to 287] ∈ {0}
            .flags[5].kind ∈
            {KGFLAGS_FLAG_KIND_NONE; KGFLAGS_FLAG_KIND_INT_ARRAY;
             KGFLAGS_FLAG_KIND_DOUBLE_ARRAY}
            .flags[6].name ∈ {{ NULL ; "double-array" }}
            .flags[6].description ∈ {{ NULL ; "Double array flag." }}
            .flags[6].default_value ∈ {0}
            .flags[6].result{.string_value; .bool_value; .int_value; .double_value; .string_array; .int_array; .double_array} ∈
            {{ NULL ; (? *)&double_arr }}
            .flags[6]{.assigned; .error} ∈ {0}
            .flags[6].required ∈ {0; 1}
            .flags[6].[bits 280 to 287] ∈ {0}
            .flags[6].kind ∈
            {KGFLAGS_FLAG_KIND_NONE; KGFLAGS_FLAG_KIND_DOUBLE_ARRAY}
            {.flags[7..255]; .non_flag_count; .non_flag_args[0..511]; .[bits 82016 to 82047]} ∈
            {0}
            .errors_count ∈ {0; 1; 2; 3; 4; 5; 6}
            .[bits 114848 to 114879] ∈ {0}
            .errors[0].flag_name ∈
            {{ NULL ; "bool" ; "int" ; "double" ; "string-array" ;
               "int-array" ; "double-array" }}
            .errors[0].arg ∈ {0}
            .errors[0].kind ∈
            {KGFLAGS_ERROR_KIND_NONE; KGFLAGS_ERROR_KIND_DUPLICATE_FLAG;
             KGFLAGS_ERROR_KIND_PREFIX_NO}
            .errors[0].[bits 160 to 191] ∈ {0} or UNINITIALIZED
            .errors[1].flag_name ∈
            {{ NULL ; "int" ; "double" ; "string-array" ; "int-array" ;
               "double-array" }}
            .errors[1].arg ∈ {0}
            .errors[1].kind ∈
            {KGFLAGS_ERROR_KIND_NONE; KGFLAGS_ERROR_KIND_DUPLICATE_FLAG}
            .errors[1].[bits 160 to 191] ∈ {0} or UNINITIALIZED
            .errors[2].flag_name ∈
            {{ NULL ; "double" ; "string-array" ; "int-array" ;
               "double-array" }}
            .errors[2].arg ∈ {0}
            .errors[2].kind ∈
            {KGFLAGS_ERROR_KIND_NONE; KGFLAGS_ERROR_KIND_DUPLICATE_FLAG}
            .errors[2].[bits 160 to 191] ∈ {0} or UNINITIALIZED
            .errors[3].flag_name ∈
            {{ NULL ; "string-array" ; "int-array" ; "double-array" }}
            .errors[3].arg ∈ {0}
            .errors[3].kind ∈
            {KGFLAGS_ERROR_KIND_NONE; KGFLAGS_ERROR_KIND_DUPLICATE_FLAG}
            .errors[3].[bits 160 to 191] ∈ {0} or UNINITIALIZED
            .errors[4].flag_name ∈
            {{ NULL ; "int-array" ; "double-array" }}
            .errors[4].arg ∈ {0}
            .errors[4].kind ∈
            {KGFLAGS_ERROR_KIND_NONE; KGFLAGS_ERROR_KIND_DUPLICATE_FLAG}
            .errors[4].[bits 160 to 191] ∈ {0} or UNINITIALIZED
            .errors[5].flag_name ∈ {{ NULL ; "double-array" }}
            .errors[5].arg ∈ {0}
            .errors[5].kind ∈
            {KGFLAGS_ERROR_KIND_NONE; KGFLAGS_ERROR_KIND_DUPLICATE_FLAG}
            .errors[5].[bits 160 to 191] ∈ {0} or UNINITIALIZED
            {.errors[6..511]; .flag_prefix; .arg_cursor; .argc; .argv; .custom_description} ∈
            {0}
[eva:final-states] Values at end of function kgflags_bool:
  flag.name ∈ {{ "bool" }} or UNINITIALIZED
      .description ∈ {{ "Boolean flag." }} or UNINITIALIZED
      .default_value ∈ {0} or UNINITIALIZED
      .result{.string_value; .bool_value; .int_value; .double_value; .string_array; .int_array; .double_array} ∈
      {{ (? *)&bool_val }} or UNINITIALIZED
      {.assigned; .error} ∈ {0} or UNINITIALIZED
      .required ∈ {1} or UNINITIALIZED
      .[bits 280 to 287] ∈ {0} or UNINITIALIZED
      .kind ∈ {KGFLAGS_FLAG_KIND_BOOL} or UNINITIALIZED
  bool_val ∈ {0}
  _kgflags_g.flags_count ∈ {1; 2}
            .[bits 32 to 63] ∈ {0}
            .flags[0].name ∈ {{ "string" }}
            .flags[0].description ∈ {{ "String flag." }}
            .flags[0].default_value{.string_value; .bool_value[bits 0 to 63]; .int_value[bits 0 to 63]; .double_value} ∈
            {{ "lorem" }}
            .flags[0].result{.string_value; .bool_value; .int_value; .double_value; .string_array; .int_array; .double_array} ∈
            {{ (? *)&string_val }}
            .flags[0]{.assigned; .error} ∈ {0}
            .flags[0].required ∈ {1}
            .flags[0].[bits 280 to 287] ∈ {0}
            .flags[0].kind ∈ {KGFLAGS_FLAG_KIND_STRING}
            .flags[1].name ∈ {{ NULL ; "bool" }}
            .flags[1].description ∈ {{ NULL ; "Boolean flag." }}
            .flags[1].default_value ∈ {0}
            .flags[1].result{.string_value; .bool_value; .int_value; .double_value; .string_array; .int_array; .double_array} ∈
            {{ NULL ; (? *)&bool_val }}
            .flags[1]{.assigned; .error} ∈ {0}
            .flags[1].required ∈ {0; 1}
            .flags[1].[bits 280 to 287] ∈ {0}
            .flags[1].kind ∈
            {KGFLAGS_FLAG_KIND_NONE; KGFLAGS_FLAG_KIND_BOOL}
            {.flags[2..255]; .non_flag_count; .non_flag_args[0..511]; .[bits 82016 to 82047]} ∈
            {0}
            .errors_count ∈ {0; 1}
            .[bits 114848 to 114879] ∈ {0}
            .errors[0].flag_name ∈ {{ NULL ; "bool" }}
            .errors[0].arg ∈ {0}
            .errors[0].kind ∈
            {KGFLAGS_ERROR_KIND_NONE; KGFLAGS_ERROR_KIND_DUPLICATE_FLAG;
             KGFLAGS_ERROR_KIND_PREFIX_NO}
            .errors[0].[bits 160 to 191] ∈ {0} or UNINITIALIZED
            {.errors[1..511]; .flag_prefix; .arg_cursor; .argc; .argv; .custom_description} ∈
            {0}
[eva:final-states] Values at end of function kgflags_double:
  flag.name ∈ {{ "double" }}
      .description ∈ {{ "Double flag." }}
      .default_value ∈ {0}
      .result{.string_value; .bool_value; .int_value; .double_value; .string_array; .int_array; .double_array} ∈
      {{ (? *)&double_val }}
      {.assigned; .error} ∈ {0}
      .required ∈ {1}
      .[bits 280 to 287] ∈ {0}
      .kind ∈ {KGFLAGS_FLAG_KIND_DOUBLE}
  double_val ∈ {0}
  _kgflags_g.flags_count ∈ {1; 2; 3; 4}
            .[bits 32 to 63] ∈ {0}
            .flags[0].name ∈ {{ "string" }}
            .flags[0].description ∈ {{ "String flag." }}
            .flags[0].default_value{.string_value; .bool_value[bits 0 to 63]; .int_value[bits 0 to 63]; .double_value} ∈
            {{ "lorem" }}
            .flags[0].result{.string_value; .bool_value; .int_value; .double_value; .string_array; .int_array; .double_array} ∈
            {{ (? *)&string_val }}
            .flags[0]{.assigned; .error} ∈ {0}
            .flags[0].required ∈ {1}
            .flags[0].[bits 280 to 287] ∈ {0}
            .flags[0].kind ∈ {KGFLAGS_FLAG_KIND_STRING}
            .flags[1].name ∈ {{ NULL ; "bool" ; "int" ; "double" }}
            .flags[1].description ∈
            {{ NULL ; "Boolean flag." ; "Integer flag." ; "Double flag." }}
            .flags[1].default_value ∈ {0}
            .flags[1].result{.string_value; .bool_value; .int_value; .double_value; .string_array; .int_array; .double_array} ∈
            {{ NULL ; (? *)&bool_val ; (? *)&int_val ; (? *)&double_val }}
            .flags[1]{.assigned; .error} ∈ {0}
            .flags[1].required ∈ {0; 1}
            .flags[1].[bits 280 to 287] ∈ {0}
            .flags[1].kind ∈
            {KGFLAGS_FLAG_KIND_NONE; KGFLAGS_FLAG_KIND_BOOL;
             KGFLAGS_FLAG_KIND_INT; KGFLAGS_FLAG_KIND_DOUBLE}
            .flags[2].name ∈ {{ NULL ; "int" ; "double" }}
            .flags[2].description ∈
            {{ NULL ; "Integer flag." ; "Double flag." }}
            .flags[2].default_value ∈ {0}
            .flags[2].result{.string_value; .bool_value; .int_value; .double_value; .string_array; .int_array; .double_array} ∈
            {{ NULL ; (? *)&int_val ; (? *)&double_val }}
            .flags[2]{.assigned; .error} ∈ {0}
            .flags[2].required ∈ {0; 1}
            .flags[2].[bits 280 to 287] ∈ {0}
            .flags[2].kind ∈
            {KGFLAGS_FLAG_KIND_NONE; KGFLAGS_FLAG_KIND_INT;
             KGFLAGS_FLAG_KIND_DOUBLE}
            .flags[3].name ∈ {{ NULL ; "double" }}
            .flags[3].description ∈ {{ NULL ; "Double flag." }}
            .flags[3].default_value ∈ {0}
            .flags[3].result{.string_value; .bool_value; .int_value; .double_value; .string_array; .int_array; .double_array} ∈
            {{ NULL ; (? *)&double_val }}
            .flags[3]{.assigned; .error} ∈ {0}
            .flags[3].required ∈ {0; 1}
            .flags[3].[bits 280 to 287] ∈ {0}
            .flags[3].kind ∈
            {KGFLAGS_FLAG_KIND_NONE; KGFLAGS_FLAG_KIND_DOUBLE}
            {.flags[4..255]; .non_flag_count; .non_flag_args[0..511]; .[bits 82016 to 82047]} ∈
            {0}
            .errors_count ∈ {0; 1; 2; 3}
            .[bits 114848 to 114879] ∈ {0}
            .errors[0].flag_name ∈ {{ NULL ; "bool" ; "int" ; "double" }}
            .errors[0].arg ∈ {0}
            .errors[0].kind ∈
            {KGFLAGS_ERROR_KIND_NONE; KGFLAGS_ERROR_KIND_DUPLICATE_FLAG;
             KGFLAGS_ERROR_KIND_PREFIX_NO}
            .errors[0].[bits 160 to 191] ∈ {0} or UNINITIALIZED
            .errors[1].flag_name ∈ {{ NULL ; "int" ; "double" }}
            .errors[1].arg ∈ {0}
            .errors[1].kind ∈
            {KGFLAGS_ERROR_KIND_NONE; KGFLAGS_ERROR_KIND_DUPLICATE_FLAG}
            .errors[1].[bits 160 to 191] ∈ {0} or UNINITIALIZED
            .errors[2].flag_name ∈ {{ NULL ; "double" }}
            .errors[2].arg ∈ {0}
            .errors[2].kind ∈
            {KGFLAGS_ERROR_KIND_NONE; KGFLAGS_ERROR_KIND_DUPLICATE_FLAG}
            .errors[2].[bits 160 to 191] ∈ {0} or UNINITIALIZED
            {.errors[3..511]; .flag_prefix; .arg_cursor; .argc; .argv; .custom_description} ∈
            {0}
[eva:final-states] Values at end of function kgflags_double_array:
  flag.name ∈ {{ "double-array" }}
      .description ∈ {{ "Double array flag." }}
      .default_value ∈ {0}
      .result{.string_value; .bool_value; .int_value; .double_value; .string_array; .int_array; .double_array} ∈
      {{ (? *)&double_arr }}
      {.assigned; .error} ∈ {0}
      .required ∈ {1}
      .[bits 280 to 287] ∈ {0}
      .kind ∈ {KGFLAGS_FLAG_KIND_DOUBLE_ARRAY}
  double_arr{._items; ._count} ∈ {0}
            .[bits 96 to 127] ∈ UNINITIALIZED
  _kgflags_g.flags_count ∈ {1; 2; 3; 4; 5; 6; 7}
            .[bits 32 to 63] ∈ {0}
            .flags[0].name ∈ {{ "string" }}
            .flags[0].description ∈ {{ "String flag." }}
            .flags[0].default_value{.string_value; .bool_value[bits 0 to 63]; .int_value[bits 0 to 63]; .double_value} ∈
            {{ "lorem" }}
            .flags[0].result{.string_value; .bool_value; .int_value; .double_value; .string_array; .int_array; .double_array} ∈
            {{ (? *)&string_val }}
            .flags[0]{.assigned; .error} ∈ {0}
            .flags[0].required ∈ {1}
            .flags[0].[bits 280 to 287] ∈ {0}
            .flags[0].kind ∈ {KGFLAGS_FLAG_KIND_STRING}
            .flags[1].name ∈
            {{ NULL ; "bool" ; "int" ; "double" ; "string-array" ;
               "int-array" ; "double-array" }}
            .flags[1].description ∈
            {{ NULL ; "Boolean flag." ; "Integer flag." ; "Double flag." ;
               "String array flag." ; "Int array flag." ;
               "Double array flag." }}
            .flags[1].default_value ∈ {0}
            .flags[1].result{.string_value; .bool_value; .int_value; .double_value; .string_array; .int_array; .double_array} ∈
            {{ NULL ; (? *)&bool_val ; (? *)&int_val ; (? *)&double_val ;
               (? *)&string_arr ; (? *)&int_arr ; (? *)&double_arr }}
            .flags[1]{.assigned; .error} ∈ {0}
            .flags[1].required ∈ {0; 1}
            .flags[1].[bits 280 to 287] ∈ {0}
            .flags[1].kind ∈
            {KGFLAGS_FLAG_KIND_NONE; KGFLAGS_FLAG_KIND_BOOL;
             KGFLAGS_FLAG_KIND_INT; KGFLAGS_FLAG_KIND_DOUBLE;
             KGFLAGS_FLAG_KIND_STRING_ARRAY; KGFLAGS_FLAG_KIND_INT_ARRAY;
             KGFLAGS_FLAG_KIND_DOUBLE_ARRAY}
            .flags[2].name ∈
            {{ NULL ; "int" ; "double" ; "string-array" ; "int-array" ;
               "double-array" }}
            .flags[2].description ∈
            {{ NULL ; "Integer flag." ; "Double flag." ;
               "String array flag." ; "Int array flag." ;
               "Double array flag." }}
            .flags[2].default_value ∈ {0}
            .flags[2].result{.string_value; .bool_value; .int_value; .double_value; .string_array; .int_array; .double_array} ∈
            {{ NULL ; (? *)&int_val ; (? *)&double_val ; (? *)&string_arr ;
               (? *)&int_arr ; (? *)&double_arr }}
            .flags[2]{.assigned; .error} ∈ {0}
            .flags[2].required ∈ {0; 1}
            .flags[2].[bits 280 to 287] ∈ {0}
            .flags[2].kind ∈
            {KGFLAGS_FLAG_KIND_NONE; KGFLAGS_FLAG_KIND_INT;
             KGFLAGS_FLAG_KIND_DOUBLE; KGFLAGS_FLAG_KIND_STRING_ARRAY;
             KGFLAGS_FLAG_KIND_INT_ARRAY; KGFLAGS_FLAG_KIND_DOUBLE_ARRAY}
            .flags[3].name ∈
            {{ NULL ; "double" ; "string-array" ; "int-array" ;
               "double-array" }}
            .flags[3].description ∈
            {{ NULL ; "Double flag." ; "String array flag." ;
               "Int array flag." ; "Double array flag." }}
            .flags[3].default_value ∈ {0}
            .flags[3].result{.string_value; .bool_value; .int_value; .double_value; .string_array; .int_array; .double_array} ∈
            {{ NULL ; (? *)&double_val ; (? *)&string_arr ; (? *)&int_arr ;
               (? *)&double_arr }}
            .flags[3]{.assigned; .error} ∈ {0}
            .flags[3].required ∈ {0; 1}
            .flags[3].[bits 280 to 287] ∈ {0}
            .flags[3].kind ∈
            {KGFLAGS_FLAG_KIND_NONE; KGFLAGS_FLAG_KIND_DOUBLE;
             KGFLAGS_FLAG_KIND_STRING_ARRAY; KGFLAGS_FLAG_KIND_INT_ARRAY;
             KGFLAGS_FLAG_KIND_DOUBLE_ARRAY}
            .flags[4].name ∈
            {{ NULL ; "string-array" ; "int-array" ; "double-array" }}
            .flags[4].description ∈
            {{ NULL ; "String array flag." ; "Int array flag." ;
               "Double array flag." }}
            .flags[4].default_value ∈ {0}
            .flags[4].result{.string_value; .bool_value; .int_value; .double_value; .string_array; .int_array; .double_array} ∈
            {{ NULL ; (? *)&string_arr ; (? *)&int_arr ; (? *)&double_arr }}
            .flags[4]{.assigned; .error} ∈ {0}
            .flags[4].required ∈ {0; 1}
            .flags[4].[bits 280 to 287] ∈ {0}
            .flags[4].kind ∈
            {KGFLAGS_FLAG_KIND_NONE; KGFLAGS_FLAG_KIND_STRING_ARRAY;
             KGFLAGS_FLAG_KIND_INT_ARRAY; KGFLAGS_FLAG_KIND_DOUBLE_ARRAY}
            .flags[5].name ∈ {{ NULL ; "int-array" ; "double-array" }}
            .flags[5].description ∈
            {{ NULL ; "Int array flag." ; "Double array flag." }}
            .flags[5].default_value ∈ {0}
            .flags[5].result{.string_value; .bool_value; .int_value; .double_value; .string_array; .int_array; .double_array} ∈
            {{ NULL ; (? *)&int_arr ; (? *)&double_arr }}
            .flags[5]{.assigned; .error} ∈ {0}
            .flags[5].required ∈ {0; 1}
            .flags[5].[bits 280 to 287] ∈ {0}
            .flags[5].kind ∈
            {KGFLAGS_FLAG_KIND_NONE; KGFLAGS_FLAG_KIND_INT_ARRAY;
             KGFLAGS_FLAG_KIND_DOUBLE_ARRAY}
            .flags[6].name ∈ {{ NULL ; "double-array" }}
            .flags[6].description ∈ {{ NULL ; "Double array flag." }}
            .flags[6].default_value ∈ {0}
            .flags[6].result{.string_value; .bool_value; .int_value; .double_value; .string_array; .int_array; .double_array} ∈
            {{ NULL ; (? *)&double_arr }}
            .flags[6]{.assigned; .error} ∈ {0}
            .flags[6].required ∈ {0; 1}
            .flags[6].[bits 280 to 287] ∈ {0}
            .flags[6].kind ∈
            {KGFLAGS_FLAG_KIND_NONE; KGFLAGS_FLAG_KIND_DOUBLE_ARRAY}
            {.flags[7..255]; .non_flag_count; .non_flag_args[0..511]; .[bits 82016 to 82047]} ∈
            {0}
            .errors_count ∈ {0; 1; 2; 3; 4; 5; 6}
            .[bits 114848 to 114879] ∈ {0}
            .errors[0].flag_name ∈
            {{ NULL ; "bool" ; "int" ; "double" ; "string-array" ;
               "int-array" ; "double-array" }}
            .errors[0].arg ∈ {0}
            .errors[0].kind ∈
            {KGFLAGS_ERROR_KIND_NONE; KGFLAGS_ERROR_KIND_DUPLICATE_FLAG;
             KGFLAGS_ERROR_KIND_PREFIX_NO}
            .errors[0].[bits 160 to 191] ∈ {0} or UNINITIALIZED
            .errors[1].flag_name ∈
            {{ NULL ; "int" ; "double" ; "string-array" ; "int-array" ;
               "double-array" }}
            .errors[1].arg ∈ {0}
            .errors[1].kind ∈
            {KGFLAGS_ERROR_KIND_NONE; KGFLAGS_ERROR_KIND_DUPLICATE_FLAG}
            .errors[1].[bits 160 to 191] ∈ {0} or UNINITIALIZED
            .errors[2].flag_name ∈
            {{ NULL ; "double" ; "string-array" ; "int-array" ;
               "double-array" }}
            .errors[2].arg ∈ {0}
            .errors[2].kind ∈
            {KGFLAGS_ERROR_KIND_NONE; KGFLAGS_ERROR_KIND_DUPLICATE_FLAG}
            .errors[2].[bits 160 to 191] ∈ {0} or UNINITIALIZED
            .errors[3].flag_name ∈
            {{ NULL ; "string-array" ; "int-array" ; "double-array" }}
            .errors[3].arg ∈ {0}
            .errors[3].kind ∈
            {KGFLAGS_ERROR_KIND_NONE; KGFLAGS_ERROR_KIND_DUPLICATE_FLAG}
            .errors[3].[bits 160 to 191] ∈ {0} or UNINITIALIZED
            .errors[4].flag_name ∈
            {{ NULL ; "int-array" ; "double-array" }}
            .errors[4].arg ∈ {0}
            .errors[4].kind ∈
            {KGFLAGS_ERROR_KIND_NONE; KGFLAGS_ERROR_KIND_DUPLICATE_FLAG}
            .errors[4].[bits 160 to 191] ∈ {0} or UNINITIALIZED
            .errors[5].flag_name ∈ {{ NULL ; "double-array" }}
            .errors[5].arg ∈ {0}
            .errors[5].kind ∈
            {KGFLAGS_ERROR_KIND_NONE; KGFLAGS_ERROR_KIND_DUPLICATE_FLAG}
            .errors[5].[bits 160 to 191] ∈ {0} or UNINITIALIZED
            {.errors[6..511]; .flag_prefix; .arg_cursor; .argc; .argv; .custom_description} ∈
            {0}
[eva:final-states] Values at end of function kgflags_int:
  flag.name ∈ {{ "int" }}
      .description ∈ {{ "Integer flag." }}
      .default_value ∈ {0}
      .result{.string_value; .bool_value; .int_value; .double_value; .string_array; .int_array; .double_array} ∈
      {{ (? *)&int_val }}
      {.assigned; .error} ∈ {0}
      .required ∈ {1}
      .[bits 280 to 287] ∈ {0}
      .kind ∈ {KGFLAGS_FLAG_KIND_INT}
  int_val ∈ {0}
  _kgflags_g.flags_count ∈ {1; 2; 3}
            .[bits 32 to 63] ∈ {0}
            .flags[0].name ∈ {{ "string" }}
            .flags[0].description ∈ {{ "String flag." }}
            .flags[0].default_value{.string_value; .bool_value[bits 0 to 63]; .int_value[bits 0 to 63]; .double_value} ∈
            {{ "lorem" }}
            .flags[0].result{.string_value; .bool_value; .int_value; .double_value; .string_array; .int_array; .double_array} ∈
            {{ (? *)&string_val }}
            .flags[0]{.assigned; .error} ∈ {0}
            .flags[0].required ∈ {1}
            .flags[0].[bits 280 to 287] ∈ {0}
            .flags[0].kind ∈ {KGFLAGS_FLAG_KIND_STRING}
            .flags[1].name ∈ {{ NULL ; "bool" ; "int" }}
            .flags[1].description ∈
            {{ NULL ; "Boolean flag." ; "Integer flag." }}
            .flags[1].default_value ∈ {0}
            .flags[1].result{.string_value; .bool_value; .int_value; .double_value; .string_array; .int_array; .double_array} ∈
            {{ NULL ; (? *)&bool_val ; (? *)&int_val }}
            .flags[1]{.assigned; .error} ∈ {0}
            .flags[1].required ∈ {0; 1}
            .flags[1].[bits 280 to 287] ∈ {0}
            .flags[1].kind ∈
            {KGFLAGS_FLAG_KIND_NONE; KGFLAGS_FLAG_KIND_BOOL;
             KGFLAGS_FLAG_KIND_INT}
            .flags[2].name ∈ {{ NULL ; "int" }}
            .flags[2].description ∈ {{ NULL ; "Integer flag." }}
            .flags[2].default_value ∈ {0}
            .flags[2].result{.string_value; .bool_value; .int_value; .double_value; .string_array; .int_array; .double_array} ∈
            {{ NULL ; (? *)&int_val }}
            .flags[2]{.assigned; .error} ∈ {0}
            .flags[2].required ∈ {0; 1}
            .flags[2].[bits 280 to 287] ∈ {0}
            .flags[2].kind ∈
            {KGFLAGS_FLAG_KIND_NONE; KGFLAGS_FLAG_KIND_INT}
            {.flags[3..255]; .non_flag_count; .non_flag_args[0..511]; .[bits 82016 to 82047]} ∈
            {0}
            .errors_count ∈ {0; 1; 2}
            .[bits 114848 to 114879] ∈ {0}
            .errors[0].flag_name ∈ {{ NULL ; "bool" ; "int" }}
            .errors[0].arg ∈ {0}
            .errors[0].kind ∈
            {KGFLAGS_ERROR_KIND_NONE; KGFLAGS_ERROR_KIND_DUPLICATE_FLAG;
             KGFLAGS_ERROR_KIND_PREFIX_NO}
            .errors[0].[bits 160 to 191] ∈ {0} or UNINITIALIZED
            .errors[1].flag_name ∈ {{ NULL ; "int" }}
            .errors[1].arg ∈ {0}
            .errors[1].kind ∈
            {KGFLAGS_ERROR_KIND_NONE; KGFLAGS_ERROR_KIND_DUPLICATE_FLAG}
            .errors[1].[bits 160 to 191] ∈ {0} or UNINITIALIZED
            {.errors[2..511]; .flag_prefix; .arg_cursor; .argc; .argv; .custom_description} ∈
            {0}
[eva:final-states] Values at end of function kgflags_int_array:
  flag.name ∈ {{ "int-array" }}
      .description ∈ {{ "Int array flag." }}
      .default_value ∈ {0}
      .result{.string_value; .bool_value; .int_value; .double_value; .string_array; .int_array; .double_array} ∈
      {{ (? *)&int_arr }}
      {.assigned; .error} ∈ {0}
      .required ∈ {1}
      .[bits 280 to 287] ∈ {0}
      .kind ∈ {KGFLAGS_FLAG_KIND_INT_ARRAY}
  int_arr{._items; ._count} ∈ {0}
         .[bits 96 to 127] ∈ UNINITIALIZED
  _kgflags_g.flags_count ∈ {1; 2; 3; 4; 5; 6}
            .[bits 32 to 63] ∈ {0}
            .flags[0].name ∈ {{ "string" }}
            .flags[0].description ∈ {{ "String flag." }}
            .flags[0].default_value{.string_value; .bool_value[bits 0 to 63]; .int_value[bits 0 to 63]; .double_value} ∈
            {{ "lorem" }}
            .flags[0].result{.string_value; .bool_value; .int_value; .double_value; .string_array; .int_array; .double_array} ∈
            {{ (? *)&string_val }}
            .flags[0]{.assigned; .error} ∈ {0}
            .flags[0].required ∈ {1}
            .flags[0].[bits 280 to 287] ∈ {0}
            .flags[0].kind ∈ {KGFLAGS_FLAG_KIND_STRING}
            .flags[1].name ∈
            {{ NULL ; "bool" ; "int" ; "double" ; "string-array" ;
               "int-array" }}
            .flags[1].description ∈
            {{ NULL ; "Boolean flag." ; "Integer flag." ; "Double flag." ;
               "String array flag." ; "Int array flag." }}
            .flags[1].default_value ∈ {0}
            .flags[1].result{.string_value; .bool_value; .int_value; .double_value; .string_array; .int_array; .double_array} ∈
            {{ NULL ; (? *)&bool_val ; (? *)&int_val ; (? *)&double_val ;
               (? *)&string_arr ; (? *)&int_arr }}
            .flags[1]{.assigned; .error} ∈ {0}
            .flags[1].required ∈ {0; 1}
            .flags[1].[bits 280 to 287] ∈ {0}
            .flags[1].kind ∈
            {KGFLAGS_FLAG_KIND_NONE; KGFLAGS_FLAG_KIND_BOOL;
             KGFLAGS_FLAG_KIND_INT; KGFLAGS_FLAG_KIND_DOUBLE;
             KGFLAGS_FLAG_KIND_STRING_ARRAY; KGFLAGS_FLAG_KIND_INT_ARRAY}
            .flags[2].name ∈
            {{ NULL ; "int" ; "double" ; "string-array" ; "int-array" }}
            .flags[2].description ∈
            {{ NULL ; "Integer flag." ; "Double flag." ;
               "String array flag." ; "Int array flag." }}
            .flags[2].default_value ∈ {0}
            .flags[2].result{.string_value; .bool_value; .int_value; .double_value; .string_array; .int_array; .double_array} ∈
            {{ NULL ; (? *)&int_val ; (? *)&double_val ; (? *)&string_arr ;
               (? *)&int_arr }}
            .flags[2]{.assigned; .error} ∈ {0}
            .flags[2].required ∈ {0; 1}
            .flags[2].[bits 280 to 287] ∈ {0}
            .flags[2].kind ∈
            {KGFLAGS_FLAG_KIND_NONE; KGFLAGS_FLAG_KIND_INT;
             KGFLAGS_FLAG_KIND_DOUBLE; KGFLAGS_FLAG_KIND_STRING_ARRAY;
             KGFLAGS_FLAG_KIND_INT_ARRAY}
            .flags[3].name ∈
            {{ NULL ; "double" ; "string-array" ; "int-array" }}
            .flags[3].description ∈
            {{ NULL ; "Double flag." ; "String array flag." ;
               "Int array flag." }}
            .flags[3].default_value ∈ {0}
            .flags[3].result{.string_value; .bool_value; .int_value; .double_value; .string_array; .int_array; .double_array} ∈
            {{ NULL ; (? *)&double_val ; (? *)&string_arr ; (? *)&int_arr }}
            .flags[3]{.assigned; .error} ∈ {0}
            .flags[3].required ∈ {0; 1}
            .flags[3].[bits 280 to 287] ∈ {0}
            .flags[3].kind ∈
            {KGFLAGS_FLAG_KIND_NONE; KGFLAGS_FLAG_KIND_DOUBLE;
             KGFLAGS_FLAG_KIND_STRING_ARRAY; KGFLAGS_FLAG_KIND_INT_ARRAY}
            .flags[4].name ∈ {{ NULL ; "string-array" ; "int-array" }}
            .flags[4].description ∈
            {{ NULL ; "String array flag." ; "Int array flag." }}
            .flags[4].default_value ∈ {0}
            .flags[4].result{.string_value; .bool_value; .int_value; .double_value; .string_array; .int_array; .double_array} ∈
            {{ NULL ; (? *)&string_arr ; (? *)&int_arr }}
            .flags[4]{.assigned; .error} ∈ {0}
            .flags[4].required ∈ {0; 1}
            .flags[4].[bits 280 to 287] ∈ {0}
            .flags[4].kind ∈
            {KGFLAGS_FLAG_KIND_NONE; KGFLAGS_FLAG_KIND_STRING_ARRAY;
             KGFLAGS_FLAG_KIND_INT_ARRAY}
            .flags[5].name ∈ {{ NULL ; "int-array" }}
            .flags[5].description ∈ {{ NULL ; "Int array flag." }}
            .flags[5].default_value ∈ {0}
            .flags[5].result{.string_value; .bool_value; .int_value; .double_value; .string_array; .int_array; .double_array} ∈
            {{ NULL ; (? *)&int_arr }}
            .flags[5]{.assigned; .error} ∈ {0}
            .flags[5].required ∈ {0; 1}
            .flags[5].[bits 280 to 287] ∈ {0}
            .flags[5].kind ∈
            {KGFLAGS_FLAG_KIND_NONE; KGFLAGS_FLAG_KIND_INT_ARRAY}
            {.flags[6..255]; .non_flag_count; .non_flag_args[0..511]; .[bits 82016 to 82047]} ∈
            {0}
            .errors_count ∈ {0; 1; 2; 3; 4; 5}
            .[bits 114848 to 114879] ∈ {0}
            .errors[0].flag_name ∈
            {{ NULL ; "bool" ; "int" ; "double" ; "string-array" ;
               "int-array" }}
            .errors[0].arg ∈ {0}
            .errors[0].kind ∈
            {KGFLAGS_ERROR_KIND_NONE; KGFLAGS_ERROR_KIND_DUPLICATE_FLAG;
             KGFLAGS_ERROR_KIND_PREFIX_NO}
            .errors[0].[bits 160 to 191] ∈ {0} or UNINITIALIZED
            .errors[1].flag_name ∈
            {{ NULL ; "int" ; "double" ; "string-array" ; "int-array" }}
            .errors[1].arg ∈ {0}
            .errors[1].kind ∈
            {KGFLAGS_ERROR_KIND_NONE; KGFLAGS_ERROR_KIND_DUPLICATE_FLAG}
            .errors[1].[bits 160 to 191] ∈ {0} or UNINITIALIZED
            .errors[2].flag_name ∈
            {{ NULL ; "double" ; "string-array" ; "int-array" }}
            .errors[2].arg ∈ {0}
            .errors[2].kind ∈
            {KGFLAGS_ERROR_KIND_NONE; KGFLAGS_ERROR_KIND_DUPLICATE_FLAG}
            .errors[2].[bits 160 to 191] ∈ {0} or UNINITIALIZED
            .errors[3].flag_name ∈
            {{ NULL ; "string-array" ; "int-array" }}
            .errors[3].arg ∈ {0}
            .errors[3].kind ∈
            {KGFLAGS_ERROR_KIND_NONE; KGFLAGS_ERROR_KIND_DUPLICATE_FLAG}
            .errors[3].[bits 160 to 191] ∈ {0} or UNINITIALIZED
            .errors[4].flag_name ∈ {{ NULL ; "int-array" }}
            .errors[4].arg ∈ {0}
            .errors[4].kind ∈
            {KGFLAGS_ERROR_KIND_NONE; KGFLAGS_ERROR_KIND_DUPLICATE_FLAG}
            .errors[4].[bits 160 to 191] ∈ {0} or UNINITIALIZED
            {.errors[5..511]; .flag_prefix; .arg_cursor; .argc; .argv; .custom_description} ∈
            {0}
[eva:final-states] Values at end of function kgflags_string:
  flag.name ∈ {{ "string" }}
      .description ∈ {{ "String flag." }}
      .default_value{.string_value; .bool_value[bits 0 to 63]; .int_value[bits 0 to 63]; .double_value} ∈
      {{ "lorem" }}
      .result{.string_value; .bool_value; .int_value; .double_value; .string_array; .int_array; .double_array} ∈
      {{ (? *)&string_val }}
      {.assigned; .error} ∈ {0}
      .required ∈ {1}
      .[bits 280 to 287] ∈ {0}
      .kind ∈ {KGFLAGS_FLAG_KIND_STRING}
  string_val ∈ {0}
  _kgflags_g.flags_count ∈ {1}
            .[bits 32 to 63] ∈ {0}
            .flags[0].name ∈ {{ "string" }}
            .flags[0].description ∈ {{ "String flag." }}
            .flags[0].default_value{.string_value; .bool_value[bits 0 to 63]; .int_value[bits 0 to 63]; .double_value} ∈
            {{ "lorem" }}
            .flags[0].result{.string_value; .bool_value; .int_value; .double_value; .string_array; .int_array; .double_array} ∈
            {{ (? *)&string_val }}
            .flags[0]{.assigned; .error} ∈ {0}
            .flags[0].required ∈ {1}
            .flags[0].[bits 280 to 287] ∈ {0}
            .flags[0].kind ∈ {KGFLAGS_FLAG_KIND_STRING}
            {.flags[1..255]; .non_flag_count; .non_flag_args[0..511]; .errors_count; .errors[0..511]; .flag_prefix; .arg_cursor; .argc; .argv; .custom_description; .[bits 82016 to 82047]; .[bits 114848 to 114879]} ∈
            {0}
[eva:final-states] Values at end of function kgflags_string_array:
  flag.name ∈ {{ "string-array" }}
      .description ∈ {{ "String array flag." }}
      .default_value ∈ {0}
      .result{.string_value; .bool_value; .int_value; .double_value; .string_array; .int_array; .double_array} ∈
      {{ (? *)&string_arr }}
      {.assigned; .error} ∈ {0}
      .required ∈ {1}
      .[bits 280 to 287] ∈ {0}
      .kind ∈ {KGFLAGS_FLAG_KIND_STRING_ARRAY}
  string_arr{._items; ._count} ∈ {0}
            .[bits 96 to 127] ∈ UNINITIALIZED
  _kgflags_g.flags_count ∈ {1; 2; 3; 4; 5}
            .[bits 32 to 63] ∈ {0}
            .flags[0].name ∈ {{ "string" }}
            .flags[0].description ∈ {{ "String flag." }}
            .flags[0].default_value{.string_value; .bool_value[bits 0 to 63]; .int_value[bits 0 to 63]; .double_value} ∈
            {{ "lorem" }}
            .flags[0].result{.string_value; .bool_value; .int_value; .double_value; .string_array; .int_array; .double_array} ∈
            {{ (? *)&string_val }}
            .flags[0]{.assigned; .error} ∈ {0}
            .flags[0].required ∈ {1}
            .flags[0].[bits 280 to 287] ∈ {0}
            .flags[0].kind ∈ {KGFLAGS_FLAG_KIND_STRING}
            .flags[1].name ∈
            {{ NULL ; "bool" ; "int" ; "double" ; "string-array" }}
            .flags[1].description ∈
            {{ NULL ; "Boolean flag." ; "Integer flag." ; "Double flag." ;
               "String array flag." }}
            .flags[1].default_value ∈ {0}
            .flags[1].result{.string_value; .bool_value; .int_value; .double_value; .string_array; .int_array; .double_array} ∈
            {{ NULL ; (? *)&bool_val ; (? *)&int_val ; (? *)&double_val ;
               (? *)&string_arr }}
            .flags[1]{.assigned; .error} ∈ {0}
            .flags[1].required ∈ {0; 1}
            .flags[1].[bits 280 to 287] ∈ {0}
            .flags[1].kind ∈
            {KGFLAGS_FLAG_KIND_NONE; KGFLAGS_FLAG_KIND_BOOL;
             KGFLAGS_FLAG_KIND_INT; KGFLAGS_FLAG_KIND_DOUBLE;
             KGFLAGS_FLAG_KIND_STRING_ARRAY}
            .flags[2].name ∈ {{ NULL ; "int" ; "double" ; "string-array" }}
            .flags[2].description ∈
            {{ NULL ; "Integer flag." ; "Double flag." ;
               "String array flag." }}
            .flags[2].default_value ∈ {0}
            .flags[2].result{.string_value; .bool_value; .int_value; .double_value; .string_array; .int_array; .double_array} ∈
            {{ NULL ; (? *)&int_val ; (? *)&double_val ; (? *)&string_arr }}
            .flags[2]{.assigned; .error} ∈ {0}
            .flags[2].required ∈ {0; 1}
            .flags[2].[bits 280 to 287] ∈ {0}
            .flags[2].kind ∈
            {KGFLAGS_FLAG_KIND_NONE; KGFLAGS_FLAG_KIND_INT;
             KGFLAGS_FLAG_KIND_DOUBLE; KGFLAGS_FLAG_KIND_STRING_ARRAY}
            .flags[3].name ∈ {{ NULL ; "double" ; "string-array" }}
            .flags[3].description ∈
            {{ NULL ; "Double flag." ; "String array flag." }}
            .flags[3].default_value ∈ {0}
            .flags[3].result{.string_value; .bool_value; .int_value; .double_value; .string_array; .int_array; .double_array} ∈
            {{ NULL ; (? *)&double_val ; (? *)&string_arr }}
            .flags[3]{.assigned; .error} ∈ {0}
            .flags[3].required ∈ {0; 1}
            .flags[3].[bits 280 to 287] ∈ {0}
            .flags[3].kind ∈
            {KGFLAGS_FLAG_KIND_NONE; KGFLAGS_FLAG_KIND_DOUBLE;
             KGFLAGS_FLAG_KIND_STRING_ARRAY}
            .flags[4].name ∈ {{ NULL ; "string-array" }}
            .flags[4].description ∈ {{ NULL ; "String array flag." }}
            .flags[4].default_value ∈ {0}
            .flags[4].result{.string_value; .bool_value; .int_value; .double_value; .string_array; .int_array; .double_array} ∈
            {{ NULL ; (? *)&string_arr }}
            .flags[4]{.assigned; .error} ∈ {0}
            .flags[4].required ∈ {0; 1}
            .flags[4].[bits 280 to 287] ∈ {0}
            .flags[4].kind ∈
            {KGFLAGS_FLAG_KIND_NONE; KGFLAGS_FLAG_KIND_STRING_ARRAY}
            {.flags[5..255]; .non_flag_count; .non_flag_args[0..511]; .[bits 82016 to 82047]} ∈
            {0}
            .errors_count ∈ {0; 1; 2; 3; 4}
            .[bits 114848 to 114879] ∈ {0}
            .errors[0].flag_name ∈
            {{ NULL ; "bool" ; "int" ; "double" ; "string-array" }}
            .errors[0].arg ∈ {0}
            .errors[0].kind ∈
            {KGFLAGS_ERROR_KIND_NONE; KGFLAGS_ERROR_KIND_DUPLICATE_FLAG;
             KGFLAGS_ERROR_KIND_PREFIX_NO}
            .errors[0].[bits 160 to 191] ∈ {0} or UNINITIALIZED
            .errors[1].flag_name ∈
            {{ NULL ; "int" ; "double" ; "string-array" }}
            .errors[1].arg ∈ {0}
            .errors[1].kind ∈
            {KGFLAGS_ERROR_KIND_NONE; KGFLAGS_ERROR_KIND_DUPLICATE_FLAG}
            .errors[1].[bits 160 to 191] ∈ {0} or UNINITIALIZED
            .errors[2].flag_name ∈ {{ NULL ; "double" ; "string-array" }}
            .errors[2].arg ∈ {0}
            .errors[2].kind ∈
            {KGFLAGS_ERROR_KIND_NONE; KGFLAGS_ERROR_KIND_DUPLICATE_FLAG}
            .errors[2].[bits 160 to 191] ∈ {0} or UNINITIALIZED
            .errors[3].flag_name ∈ {{ NULL ; "string-array" }}
            .errors[3].arg ∈ {0}
            .errors[3].kind ∈
            {KGFLAGS_ERROR_KIND_NONE; KGFLAGS_ERROR_KIND_DUPLICATE_FLAG}
            .errors[3].[bits 160 to 191] ∈ {0} or UNINITIALIZED
            {.errors[4..511]; .flag_prefix; .arg_cursor; .argc; .argv; .custom_description} ∈
            {0}
[eva:final-states] Values at end of function _kgflags_parse_double:
  ok ∈ {0}
  end ∈
     {{ &argv0{[0], [1], [2], [3], [4], [5], [6], [7], [8], [9], [10], [11],
               [12], [13], [14], [15], [16], [17], [18], [19], [20], [21],
               [22], [23], [24], [25], [26], [27], [28], [29], [30], [31],
               [32], [33], [34], [35], [36], [37], [38], [39], [40], [41],
               [42], [43], [44], [45], [46], [47], [48], [49], [50], [51],
               [52], [53], [54], [55], [56], [57], [58], [59], [60], [61],
               [62], [63], [64], [65], [66], [67], [68], [69], [70], [71],
               [72], [73], [74], [75], [76], [77], [78], [79], [80], [81],
               [82], [83], [84], [85], [86], [87], [88], [89], [90], [91],
               [92], [93], [94], [95], [96], [97], [98], [99], [100], [101],
               [102], [103], [104], [105], [106], [107], [108], [109], [110],
               [111], [112], [113], [114], [115], [116], [117], [118], [119],
               [120], [121], [122], [123], [124], [125], [126], [127], [128],
               [129], [130], [131], [132], [133], [134], [135], [136], [137],
               [138], [139], [140], [141], [142], [143], [144], [145], [146],
               [147], [148], [149], [150], [151], [152], [153], [154], [155],
               [156], [157], [158], [159], [160], [161], [162], [163], [164],
               [165], [166], [167], [168], [169], [170], [171], [172], [173],
               [174], [175], [176], [177], [178], [179], [180], [181], [182],
               [183], [184], [185], [186], [187], [188], [189], [190], [191],
               [192], [193], [194], [195], [196], [197], [198], [199], [200],
               [201], [202], [203], [204], [205], [206], [207], [208], [209],
               [210], [211], [212], [213], [214], [215], [216], [217], [218],
               [219], [220], [221], [222], [223], [224], [225], [226], [227],
               [228], [229], [230], [231], [232], [233], [234], [235], [236],
               [237], [238], [239], [240], [241], [242], [243], [244], [245],
               [246], [247], [248], [249], [250], [251], [252], [253], [254],
               [255]} ;
        &argv1{[0], [1], [2], [3], [4], [5], [6], [7], [8], [9], [10], [11],
               [12], [13], [14], [15], [16], [17], [18], [19], [20], [21],
               [22], [23], [24], [25], [26], [27], [28], [29], [30], [31],
               [32], [33], [34], [35], [36], [37], [38], [39], [40], [41],
               [42], [43], [44], [45], [46], [47], [48], [49], [50], [51],
               [52], [53], [54], [55], [56], [57], [58], [59], [60], [61],
               [62], [63], [64], [65], [66], [67], [68], [69], [70], [71],
               [72], [73], [74], [75], [76], [77], [78], [79], [80], [81],
               [82], [83], [84], [85], [86], [87], [88], [89], [90], [91],
               [92], [93], [94], [95], [96], [97], [98], [99], [100], [101],
               [102], [103], [104], [105], [106], [107], [108], [109], [110],
               [111], [112], [113], [114], [115], [116], [117], [118], [119],
               [120], [121], [122], [123], [124], [125], [126], [127], [128],
               [129], [130], [131], [132], [133], [134], [135], [136], [137],
               [138], [139], [140], [141], [142], [143], [144], [145], [146],
               [147], [148], [149], [150], [151], [152], [153], [154], [155],
               [156], [157], [158], [159], [160], [161], [162], [163], [164],
               [165], [166], [167], [168], [169], [170], [171], [172], [173],
               [174], [175], [176], [177], [178], [179], [180], [181], [182],
               [183], [184], [185], [186], [187], [188], [189], [190], [191],
               [192], [193], [194], [195], [196], [197], [198], [199], [200],
               [201], [202], [203], [204], [205], [206], [207], [208], [209],
               [210], [211], [212], [213], [214], [215], [216], [217], [218],
               [219], [220], [221], [222], [223], [224], [225], [226], [227],
               [228], [229], [230], [231], [232], [233], [234], [235], [236],
               [237], [238], [239], [240], [241], [242], [243], [244], [245],
               [246], [247], [248], [249], [250], [251], [252], [253], [254],
               [255]} ;
        &argv2{[0], [1], [2], [3], [4], [5], [6], [7], [8], [9], [10], [11],
               [12], [13], [14], [15], [16], [17], [18], [19], [20], [21],
               [22], [23], [24], [25], [26], [27], [28], [29], [30], [31],
               [32], [33], [34], [35], [36], [37], [38], [39], [40], [41],
               [42], [43], [44], [45], [46], [47], [48], [49], [50], [51],
               [52], [53], [54], [55], [56], [57], [58], [59], [60], [61],
               [62], [63], [64], [65], [66], [67], [68], [69], [70], [71],
               [72], [73], [74], [75], [76], [77], [78], [79], [80], [81],
               [82], [83], [84], [85], [86], [87], [88], [89], [90], [91],
               [92], [93], [94], [95], [96], [97], [98], [99], [100], [101],
               [102], [103], [104], [105], [106], [107], [108], [109], [110],
               [111], [112], [113], [114], [115], [116], [117], [118], [119],
               [120], [121], [122], [123], [124], [125], [126], [127], [128],
               [129], [130], [131], [132], [133], [134], [135], [136], [137],
               [138], [139], [140], [141], [142], [143], [144], [145], [146],
               [147], [148], [149], [150], [151], [152], [153], [154], [155],
               [156], [157], [158], [159], [160], [161], [162], [163], [164],
               [165], [166], [167], [168], [169], [170], [171], [172], [173],
               [174], [175], [176], [177], [178], [179], [180], [181], [182],
               [183], [184], [185], [186], [187], [188], [189], [190], [191],
               [192], [193], [194], [195], [196], [197], [198], [199], [200],
               [201], [202], [203], [204], [205], [206], [207], [208], [209],
               [210], [211], [212], [213], [214], [215], [216], [217], [218],
               [219], [220], [221], [222], [223], [224], [225], [226], [227],
               [228], [229], [230], [231], [232], [233], [234], [235], [236],
               [237], [238], [239], [240], [241], [242], [243], [244], [245],
               [246], [247], [248], [249], [250], [251], [252], [253], [254],
               [255]} ;
        &argv3{[0], [1], [2], [3], [4], [5], [6], [7], [8], [9], [10], [11],
               [12], [13], [14], [15], [16], [17], [18], [19], [20], [21],
               [22], [23], [24], [25], [26], [27], [28], [29], [30], [31],
               [32], [33], [34], [35], [36], [37], [38], [39], [40], [41],
               [42], [43], [44], [45], [46], [47], [48], [49], [50], [51],
               [52], [53], [54], [55], [56], [57], [58], [59], [60], [61],
               [62], [63], [64], [65], [66], [67], [68], [69], [70], [71],
               [72], [73], [74], [75], [76], [77], [78], [79], [80], [81],
               [82], [83], [84], [85], [86], [87], [88], [89], [90], [91],
               [92], [93], [94], [95], [96], [97], [98], [99], [100], [101],
               [102], [103], [104], [105], [106], [107], [108], [109], [110],
               [111], [112], [113], [114], [115], [116], [117], [118], [119],
               [120], [121], [122], [123], [124], [125], [126], [127], [128],
               [129], [130], [131], [132], [133], [134], [135], [136], [137],
               [138], [139], [140], [141], [142], [143], [144], [145], [146],
               [147], [148], [149], [150], [151], [152], [153], [154], [155],
               [156], [157], [158], [159], [160], [161], [162], [163], [164],
               [165], [166], [167], [168], [169], [170], [171], [172], [173],
               [174], [175], [176], [177], [178], [179], [180], [181], [182],
               [183], [184], [185], [186], [187], [188], [189], [190], [191],
               [192], [193], [194], [195], [196], [197], [198], [199], [200],
               [201], [202], [203], [204], [205], [206], [207], [208], [209],
               [210], [211], [212], [213], [214], [215], [216], [217], [218],
               [219], [220], [221], [222], [223], [224], [225], [226], [227],
               [228], [229], [230], [231], [232], [233], [234], [235], [236],
               [237], [238], [239], [240], [241], [242], [243], [244], [245],
               [246], [247], [248], [249], [250], [251], [252], [253], [254],
               [255]} ;
        &argv4{[0], [1], [2], [3], [4], [5], [6], [7], [8], [9], [10], [11],
               [12], [13], [14], [15], [16], [17], [18], [19], [20], [21],
               [22], [23], [24], [25], [26], [27], [28], [29], [30], [31],
               [32], [33], [34], [35], [36], [37], [38], [39], [40], [41],
               [42], [43], [44], [45], [46], [47], [48], [49], [50], [51],
               [52], [53], [54], [55], [56], [57], [58], [59], [60], [61],
               [62], [63], [64], [65], [66], [67], [68], [69], [70], [71],
               [72], [73], [74], [75], [76], [77], [78], [79], [80], [81],
               [82], [83], [84], [85], [86], [87], [88], [89], [90], [91],
               [92], [93], [94], [95], [96], [97], [98], [99], [100], [101],
               [102], [103], [104], [105], [106], [107], [108], [109], [110],
               [111], [112], [113], [114], [115], [116], [117], [118], [119],
               [120], [121], [122], [123], [124], [125], [126], [127], [128],
               [129], [130], [131], [132], [133], [134], [135], [136], [137],
               [138], [139], [140], [141], [142], [143], [144], [145], [146],
               [147], [148], [149], [150], [151], [152], [153], [154], [155],
               [156], [157], [158], [159], [160], [161], [162], [163], [164],
               [165], [166], [167], [168], [169], [170], [171], [172], [173],
               [174], [175], [176], [177], [178], [179], [180], [181], [182],
               [183], [184], [185], [186], [187], [188], [189], [190], [191],
               [192], [193], [194], [195], [196], [197], [198], [199], [200],
               [201], [202], [203], [204], [205], [206], [207], [208], [209],
               [210], [211], [212], [213], [214], [215], [216], [217], [218],
               [219], [220], [221], [222], [223], [224], [225], [226], [227],
               [228], [229], [230], [231], [232], [233], [234], [235], [236],
               [237], [238], [239], [240], [241], [242], [243], [244], [245],
               [246], [247], [248], [249], [250], [251], [252], [253], [254],
               [255]} }}
  res ∈ [-inf .. inf] ∪ {NaN}
  ok_0 ∈ {0}
  ok_2 ∈ {0}
  __retres ∈ {0}
[eva:final-states] Values at end of function kgflags_double_array_get_item:
  str ∈
     {{ garbled mix of &{argv0; argv1; argv2; argv3; argv4}
      (origin: Misaligned {kgflags.h:550}) }} or UNINITIALIZED
  ok ∈ {0} or UNINITIALIZED
  res ∈ {0} or UNINITIALIZED
  __retres ∈ {0}
[eva:final-states] Values at end of function _kgflags_parse_int:
  ok ∈ {0; 1}
  end ∈
     {{ &argv0{[0], [1], [2], [3], [4], [5], [6], [7], [8], [9], [10], [11],
               [12], [13], [14], [15], [16], [17], [18], [19], [20], [21],
               [22], [23], [24], [25], [26], [27], [28], [29], [30], [31],
               [32], [33], [34], [35], [36], [37], [38], [39], [40], [41],
               [42], [43], [44], [45], [46], [47], [48], [49], [50], [51],
               [52], [53], [54], [55], [56], [57], [58], [59], [60], [61],
               [62], [63], [64], [65], [66], [67], [68], [69], [70], [71],
               [72], [73], [74], [75], [76], [77], [78], [79], [80], [81],
               [82], [83], [84], [85], [86], [87], [88], [89], [90], [91],
               [92], [93], [94], [95], [96], [97], [98], [99], [100], [101],
               [102], [103], [104], [105], [106], [107], [108], [109], [110],
               [111], [112], [113], [114], [115], [116], [117], [118], [119],
               [120], [121], [122], [123], [124], [125], [126], [127], [128],
               [129], [130], [131], [132], [133], [134], [135], [136], [137],
               [138], [139], [140], [141], [142], [143], [144], [145], [146],
               [147], [148], [149], [150], [151], [152], [153], [154], [155],
               [156], [157], [158], [159], [160], [161], [162], [163], [164],
               [165], [166], [167], [168], [169], [170], [171], [172], [173],
               [174], [175], [176], [177], [178], [179], [180], [181], [182],
               [183], [184], [185], [186], [187], [188], [189], [190], [191],
               [192], [193], [194], [195], [196], [197], [198], [199], [200],
               [201], [202], [203], [204], [205], [206], [207], [208], [209],
               [210], [211], [212], [213], [214], [215], [216], [217], [218],
               [219], [220], [221], [222], [223], [224], [225], [226], [227],
               [228], [229], [230], [231], [232], [233], [234], [235], [236],
               [237], [238], [239], [240], [241], [242], [243], [244], [245],
               [246], [247], [248], [249], [250], [251], [252], [253], [254],
               [255]} ;
        &argv1{[0], [1], [2], [3], [4], [5], [6], [7], [8], [9], [10], [11],
               [12], [13], [14], [15], [16], [17], [18], [19], [20], [21],
               [22], [23], [24], [25], [26], [27], [28], [29], [30], [31],
               [32], [33], [34], [35], [36], [37], [38], [39], [40], [41],
               [42], [43], [44], [45], [46], [47], [48], [49], [50], [51],
               [52], [53], [54], [55], [56], [57], [58], [59], [60], [61],
               [62], [63], [64], [65], [66], [67], [68], [69], [70], [71],
               [72], [73], [74], [75], [76], [77], [78], [79], [80], [81],
               [82], [83], [84], [85], [86], [87], [88], [89], [90], [91],
               [92], [93], [94], [95], [96], [97], [98], [99], [100], [101],
               [102], [103], [104], [105], [106], [107], [108], [109], [110],
               [111], [112], [113], [114], [115], [116], [117], [118], [119],
               [120], [121], [122], [123], [124], [125], [126], [127], [128],
               [129], [130], [131], [132], [133], [134], [135], [136], [137],
               [138], [139], [140], [141], [142], [143], [144], [145], [146],
               [147], [148], [149], [150], [151], [152], [153], [154], [155],
               [156], [157], [158], [159], [160], [161], [162], [163], [164],
               [165], [166], [167], [168], [169], [170], [171], [172], [173],
               [174], [175], [176], [177], [178], [179], [180], [181], [182],
               [183], [184], [185], [186], [187], [188], [189], [190], [191],
               [192], [193], [194], [195], [196], [197], [198], [199], [200],
               [201], [202], [203], [204], [205], [206], [207], [208], [209],
               [210], [211], [212], [213], [214], [215], [216], [217], [218],
               [219], [220], [221], [222], [223], [224], [225], [226], [227],
               [228], [229], [230], [231], [232], [233], [234], [235], [236],
               [237], [238], [239], [240], [241], [242], [243], [244], [245],
               [246], [247], [248], [249], [250], [251], [252], [253], [254],
               [255]} ;
        &argv2{[0], [1], [2], [3], [4], [5], [6], [7], [8], [9], [10], [11],
               [12], [13], [14], [15], [16], [17], [18], [19], [20], [21],
               [22], [23], [24], [25], [26], [27], [28], [29], [30], [31],
               [32], [33], [34], [35], [36], [37], [38], [39], [40], [41],
               [42], [43], [44], [45], [46], [47], [48], [49], [50], [51],
               [52], [53], [54], [55], [56], [57], [58], [59], [60], [61],
               [62], [63], [64], [65], [66], [67], [68], [69], [70], [71],
               [72], [73], [74], [75], [76], [77], [78], [79], [80], [81],
               [82], [83], [84], [85], [86], [87], [88], [89], [90], [91],
               [92], [93], [94], [95], [96], [97], [98], [99], [100], [101],
               [102], [103], [104], [105], [106], [107], [108], [109], [110],
               [111], [112], [113], [114], [115], [116], [117], [118], [119],
               [120], [121], [122], [123], [124], [125], [126], [127], [128],
               [129], [130], [131], [132], [133], [134], [135], [136], [137],
               [138], [139], [140], [141], [142], [143], [144], [145], [146],
               [147], [148], [149], [150], [151], [152], [153], [154], [155],
               [156], [157], [158], [159], [160], [161], [162], [163], [164],
               [165], [166], [167], [168], [169], [170], [171], [172], [173],
               [174], [175], [176], [177], [178], [179], [180], [181], [182],
               [183], [184], [185], [186], [187], [188], [189], [190], [191],
               [192], [193], [194], [195], [196], [197], [198], [199], [200],
               [201], [202], [203], [204], [205], [206], [207], [208], [209],
               [210], [211], [212], [213], [214], [215], [216], [217], [218],
               [219], [220], [221], [222], [223], [224], [225], [226], [227],
               [228], [229], [230], [231], [232], [233], [234], [235], [236],
               [237], [238], [239], [240], [241], [242], [243], [244], [245],
               [246], [247], [248], [249], [250], [251], [252], [253], [254],
               [255]} ;
        &argv3{[0], [1], [2], [3], [4], [5], [6], [7], [8], [9], [10], [11],
               [12], [13], [14], [15], [16], [17], [18], [19], [20], [21],
               [22], [23], [24], [25], [26], [27], [28], [29], [30], [31],
               [32], [33], [34], [35], [36], [37], [38], [39], [40], [41],
               [42], [43], [44], [45], [46], [47], [48], [49], [50], [51],
               [52], [53], [54], [55], [56], [57], [58], [59], [60], [61],
               [62], [63], [64], [65], [66], [67], [68], [69], [70], [71],
               [72], [73], [74], [75], [76], [77], [78], [79], [80], [81],
               [82], [83], [84], [85], [86], [87], [88], [89], [90], [91],
               [92], [93], [94], [95], [96], [97], [98], [99], [100], [101],
               [102], [103], [104], [105], [106], [107], [108], [109], [110],
               [111], [112], [113], [114], [115], [116], [117], [118], [119],
               [120], [121], [122], [123], [124], [125], [126], [127], [128],
               [129], [130], [131], [132], [133], [134], [135], [136], [137],
               [138], [139], [140], [141], [142], [143], [144], [145], [146],
               [147], [148], [149], [150], [151], [152], [153], [154], [155],
               [156], [157], [158], [159], [160], [161], [162], [163], [164],
               [165], [166], [167], [168], [169], [170], [171], [172], [173],
               [174], [175], [176], [177], [178], [179], [180], [181], [182],
               [183], [184], [185], [186], [187], [188], [189], [190], [191],
               [192], [193], [194], [195], [196], [197], [198], [199], [200],
               [201], [202], [203], [204], [205], [206], [207], [208], [209],
               [210], [211], [212], [213], [214], [215], [216], [217], [218],
               [219], [220], [221], [222], [223], [224], [225], [226], [227],
               [228], [229], [230], [231], [232], [233], [234], [235], [236],
               [237], [238], [239], [240], [241], [242], [243], [244], [245],
               [246], [247], [248], [249], [250], [251], [252], [253], [254],
               [255]} ;
        &argv4{[0], [1], [2], [3], [4], [5], [6], [7], [8], [9], [10], [11],
               [12], [13], [14], [15], [16], [17], [18], [19], [20], [21],
               [22], [23], [24], [25], [26], [27], [28], [29], [30], [31],
               [32], [33], [34], [35], [36], [37], [38], [39], [40], [41],
               [42], [43], [44], [45], [46], [47], [48], [49], [50], [51],
               [52], [53], [54], [55], [56], [57], [58], [59], [60], [61],
               [62], [63], [64], [65], [66], [67], [68], [69], [70], [71],
               [72], [73], [74], [75], [76], [77], [78], [79], [80], [81],
               [82], [83], [84], [85], [86], [87], [88], [89], [90], [91],
               [92], [93], [94], [95], [96], [97], [98], [99], [100], [101],
               [102], [103], [104], [105], [106], [107], [108], [109], [110],
               [111], [112], [113], [114], [115], [116], [117], [118], [119],
               [120], [121], [122], [123], [124], [125], [126], [127], [128],
               [129], [130], [131], [132], [133], [134], [135], [136], [137],
               [138], [139], [140], [141], [142], [143], [144], [145], [146],
               [147], [148], [149], [150], [151], [152], [153], [154], [155],
               [156], [157], [158], [159], [160], [161], [162], [163], [164],
               [165], [166], [167], [168], [169], [170], [171], [172], [173],
               [174], [175], [176], [177], [178], [179], [180], [181], [182],
               [183], [184], [185], [186], [187], [188], [189], [190], [191],
               [192], [193], [194], [195], [196], [197], [198], [199], [200],
               [201], [202], [203], [204], [205], [206], [207], [208], [209],
               [210], [211], [212], [213], [214], [215], [216], [217], [218],
               [219], [220], [221], [222], [223], [224], [225], [226], [227],
               [228], [229], [230], [231], [232], [233], [234], [235], [236],
               [237], [238], [239], [240], [241], [242], [243], [244], [245],
               [246], [247], [248], [249], [250], [251], [252], [253], [254],
               [255]} }}
  res_l ∈ [--..--]
  ok ∈ {0; 1}
  ok_1 ∈ {0; 1}
  __retres ∈ [--..--]
[eva:final-states] Values at end of function _kgflags_parse_flag:
  string_val ∈ {{ NULL ; &argv2[0] ; &argv3[0] ; &argv4[0] }}
  bool_val ∈ {0; 1}
  int_val ∈ [--..--]
  double_val[bits 0 to 7] ∈ {{ garbled mix of &{argv} (origin: Merge) }}
            [bits 8 to 31]# ∈
            {{ NULL + [--..--] ; (? *)&argv{[2], [3], [4], [5]} }}%64, bits 8 to 31 
            [bits 32 to 63]# ∈
            {{ NULL ; (? *)&argv{[2], [3], [4], [5]} }}%64, bits 32 to 63 
  string_arr._items[bits 0 to 7] ∈
            {{ garbled mix of &{argv} (origin: Merge) }}
            ._items[bits 8 to 31]# ∈
            {{ NULL + [--..--] ; (? *)&argv{[2], [3], [4], [5]} }}%64, bits 8 to 31 
            ._items[bits 32 to 63]# ∈
            {{ NULL ; (? *)&argv{[2], [3], [4], [5]} }}%64, bits 32 to 63 
            ._count ∈ {0; 1; 2; 3}
            .[bits 96 to 127] ∈ UNINITIALIZED
  int_arr._items[bits 0 to 7] ∈
         {{ garbled mix of &{argv} (origin: Merge) }}
         ._items[bits 8 to 31]# ∈
         {{ NULL + [--..--] ; (? *)&argv{[2], [3], [4], [5]} }}%64, bits 8 to 31 
         ._items[bits 32 to 63]# ∈
         {{ NULL ; (? *)&argv{[2], [3], [4], [5]} }}%64, bits 32 to 63 
         ._count ∈ {0; 1; 2; 3}
         .[bits 96 to 127] ∈ UNINITIALIZED
  double_arr._items[bits 0 to 7] ∈
            {{ garbled mix of &{argv} (origin: Merge) }}
            ._items[bits 8 to 31]# ∈
            {{ NULL + [--..--] ; (? *)&argv{[2], [3], [4], [5]} }}%64, bits 8 to 31 
            ._items[bits 32 to 63]# ∈
            {{ NULL ; (? *)&argv{[2], [3], [4], [5]} }}%64, bits 32 to 63 
            ._count ∈ {0; 1; 2; 3}
            .[bits 96 to 127] ∈ UNINITIALIZED
  _kgflags_g.flags_count ∈ {1; 2; 3; 4; 5; 6; 7}
            .[bits 32 to 63] ∈ {0}
            .flags[0].name ∈ {{ "string" }}
            .flags[0].description ∈ {{ "String flag." }}
            .flags[0].default_value{.string_value; .bool_value[bits 0 to 63]; .int_value[bits 0 to 63]; .double_value} ∈
            {{ "lorem" }}
            .flags[0].result{.string_value; .bool_value; .int_value; .double_value; .string_array; .int_array; .double_array} ∈
            {{ (? *)&string_val }}
            .flags[0]{.assigned; .error} ∈ {0; 1}
            .flags[0].required ∈ {1}
            .flags[0].[bits 280 to 287] ∈ {0}
            .flags[0].kind ∈ {KGFLAGS_FLAG_KIND_STRING}
            .flags[1].name ∈
            {{ NULL ; "bool" ; "int" ; "double" ; "string-array" ;
               "int-array" ; "double-array" }}
            .flags[1].description ∈
            {{ NULL ; "Boolean flag." ; "Integer flag." ; "Double flag." ;
               "String array flag." ; "Int array flag." ;
               "Double array flag." }}
            .flags[1].default_value ∈ {0}
            .flags[1].result{.string_value; .bool_value; .int_value; .double_value; .string_array; .int_array; .double_array} ∈
            {{ NULL ; (? *)&bool_val ; (? *)&int_val ; (? *)&double_val ;
               (? *)&string_arr ; (? *)&int_arr ; (? *)&double_arr }}
            .flags[1]{.assigned; .error; .required} ∈ {0; 1}
            .flags[1].[bits 280 to 287] ∈ {0}
            .flags[1].kind ∈
            {KGFLAGS_FLAG_KIND_NONE; KGFLAGS_FLAG_KIND_BOOL;
             KGFLAGS_FLAG_KIND_INT; KGFLAGS_FLAG_KIND_DOUBLE;
             KGFLAGS_FLAG_KIND_STRING_ARRAY; KGFLAGS_FLAG_KIND_INT_ARRAY;
             KGFLAGS_FLAG_KIND_DOUBLE_ARRAY}
            .flags[2].name ∈
            {{ NULL ; "int" ; "double" ; "string-array" ; "int-array" ;
               "double-array" }}
            .flags[2].description ∈
            {{ NULL ; "Integer flag." ; "Double flag." ;
               "String array flag." ; "Int array flag." ;
               "Double array flag." }}
            .flags[2].default_value ∈ {0}
            .flags[2].result{.string_value; .bool_value; .int_value; .double_value; .string_array; .int_array; .double_array} ∈
            {{ NULL ; (? *)&int_val ; (? *)&double_val ; (? *)&string_arr ;
               (? *)&int_arr ; (? *)&double_arr }}
            .flags[2]{.assigned; .error; .required} ∈ {0; 1}
            .flags[2].[bits 280 to 287] ∈ {0}
            .flags[2].kind ∈
            {KGFLAGS_FLAG_KIND_NONE; KGFLAGS_FLAG_KIND_INT;
             KGFLAGS_FLAG_KIND_DOUBLE; KGFLAGS_FLAG_KIND_STRING_ARRAY;
             KGFLAGS_FLAG_KIND_INT_ARRAY; KGFLAGS_FLAG_KIND_DOUBLE_ARRAY}
            .flags[3].name ∈
            {{ NULL ; "double" ; "string-array" ; "int-array" ;
               "double-array" }}
            .flags[3].description ∈
            {{ NULL ; "Double flag." ; "String array flag." ;
               "Int array flag." ; "Double array flag." }}
            .flags[3].default_value ∈ {0}
            .flags[3].result{.string_value; .bool_value; .int_value; .double_value; .string_array; .int_array; .double_array} ∈
            {{ NULL ; (? *)&double_val ; (? *)&string_arr ; (? *)&int_arr ;
               (? *)&double_arr }}
            .flags[3]{.assigned; .error; .required} ∈ {0; 1}
            .flags[3].[bits 280 to 287] ∈ {0}
            .flags[3].kind ∈
            {KGFLAGS_FLAG_KIND_NONE; KGFLAGS_FLAG_KIND_DOUBLE;
             KGFLAGS_FLAG_KIND_STRING_ARRAY; KGFLAGS_FLAG_KIND_INT_ARRAY;
             KGFLAGS_FLAG_KIND_DOUBLE_ARRAY}
            .flags[4].name ∈
            {{ NULL ; "string-array" ; "int-array" ; "double-array" }}
            .flags[4].description ∈
            {{ NULL ; "String array flag." ; "Int array flag." ;
               "Double array flag." }}
            .flags[4].default_value ∈ {0}
            .flags[4].result{.string_value; .bool_value; .int_value; .double_value; .string_array; .int_array; .double_array} ∈
            {{ NULL ; (? *)&string_arr ; (? *)&int_arr ; (? *)&double_arr }}
            .flags[4]{.assigned; .error; .required} ∈ {0; 1}
            .flags[4].[bits 280 to 287] ∈ {0}
            .flags[4].kind ∈
            {KGFLAGS_FLAG_KIND_NONE; KGFLAGS_FLAG_KIND_STRING_ARRAY;
             KGFLAGS_FLAG_KIND_INT_ARRAY; KGFLAGS_FLAG_KIND_DOUBLE_ARRAY}
            .flags[5].name ∈ {{ NULL ; "int-array" ; "double-array" }}
            .flags[5].description ∈
            {{ NULL ; "Int array flag." ; "Double array flag." }}
            .flags[5].default_value ∈ {0}
            .flags[5].result{.string_value; .bool_value; .int_value; .double_value; .string_array; .int_array; .double_array} ∈
            {{ NULL ; (? *)&int_arr ; (? *)&double_arr }}
            .flags[5]{.assigned; .error; .required} ∈ {0; 1}
            .flags[5].[bits 280 to 287] ∈ {0}
            .flags[5].kind ∈
            {KGFLAGS_FLAG_KIND_NONE; KGFLAGS_FLAG_KIND_INT_ARRAY;
             KGFLAGS_FLAG_KIND_DOUBLE_ARRAY}
            .flags[6].name ∈ {{ NULL ; "double-array" }}
            .flags[6].description ∈ {{ NULL ; "Double array flag." }}
            .flags[6].default_value ∈ {0}
            .flags[6].result{.string_value; .bool_value; .int_value; .double_value; .string_array; .int_array; .double_array} ∈
            {{ NULL ; (? *)&double_arr }}
            .flags[6]{.assigned; .error; .required} ∈ {0; 1}
            .flags[6].[bits 280 to 287] ∈ {0}
            .flags[6].kind ∈
            {KGFLAGS_FLAG_KIND_NONE; KGFLAGS_FLAG_KIND_DOUBLE_ARRAY}
            .flags[7..255] ∈ {0}
            .non_flag_count ∈ {0; 1; 2; 3}
            .[bits 82016 to 82047] ∈ {0}
            .non_flag_args[0] ∈
            {{ NULL ; &argv1[0] ; &argv2[0] ; &argv3[0] ; &argv4[0] }}
            .non_flag_args[1] ∈
            {{ NULL ; &argv2[0] ; &argv3[0] ; &argv4[0] }}
            .non_flag_args[2] ∈ {{ NULL ; &argv3[0] }}
            .non_flag_args[3..511] ∈ {0}
            .errors_count ∈ [0..10]
            .[bits 114848 to 114879] ∈ {0}
            .errors[0].flag_name ∈
            {{ NULL ; &argv1[1] ; &argv2[1] ; &argv3[1] ; &argv4[1] ;
               "string" ; "bool" ; "int" ; "double" ; "string-array" ;
               "int-array" ; "double-array" }}
            .errors[0].arg ∈ {{ NULL ; &argv2[0] ; &argv3[0] ; &argv4[0] }}
            .errors[0].kind ∈
            {KGFLAGS_ERROR_KIND_NONE; KGFLAGS_ERROR_KIND_MISSING_VALUE;
             KGFLAGS_ERROR_KIND_UNKNOWN_FLAG; KGFLAGS_ERROR_KIND_INVALID_INT;
             KGFLAGS_ERROR_KIND_INVALID_DOUBLE;
             KGFLAGS_ERROR_KIND_MULTIPLE_ASSIGNMENT;
             KGFLAGS_ERROR_KIND_DUPLICATE_FLAG; KGFLAGS_ERROR_KIND_PREFIX_NO}
            .errors[0].[bits 160 to 191] ∈ {0} or UNINITIALIZED
            .errors[1].flag_name ∈
            {{ NULL ; &argv2[1] ; &argv3[1] ; &argv4[1] ; "string" ; 
               "bool" ; "int" ; "double" ; "string-array" ; "int-array" ;
               "double-array" }}
            .errors[1].arg ∈ {{ NULL ; &argv3[0] ; &argv4[0] }}
            .errors[1].kind ∈
            {KGFLAGS_ERROR_KIND_NONE; KGFLAGS_ERROR_KIND_MISSING_VALUE;
             KGFLAGS_ERROR_KIND_UNKNOWN_FLAG; KGFLAGS_ERROR_KIND_INVALID_INT;
             KGFLAGS_ERROR_KIND_INVALID_DOUBLE;
             KGFLAGS_ERROR_KIND_MULTIPLE_ASSIGNMENT;
             KGFLAGS_ERROR_KIND_DUPLICATE_FLAG}
            .errors[1].[bits 160 to 191] ∈ {0} or UNINITIALIZED
            .errors[2].flag_name ∈
            {{ NULL ; &argv2[1] ; &argv3[1] ; &argv4[1] ; "string" ; 
               "bool" ; "int" ; "double" ; "string-array" ; "int-array" ;
               "double-array" }}
            .errors[2].arg ∈ {{ NULL ; &argv3[0] ; &argv4[0] }}
            .errors[2].kind ∈
            {KGFLAGS_ERROR_KIND_NONE; KGFLAGS_ERROR_KIND_MISSING_VALUE;
             KGFLAGS_ERROR_KIND_UNKNOWN_FLAG; KGFLAGS_ERROR_KIND_INVALID_INT;
             KGFLAGS_ERROR_KIND_INVALID_DOUBLE;
             KGFLAGS_ERROR_KIND_MULTIPLE_ASSIGNMENT;
             KGFLAGS_ERROR_KIND_DUPLICATE_FLAG}
            .errors[2].[bits 160 to 191] ∈ {0} or UNINITIALIZED
            .errors[3].flag_name ∈
            {{ NULL ; &argv2[1] ; &argv3[1] ; &argv4[1] ; "string" ; 
               "bool" ; "int" ; "double" ; "string-array" ; "int-array" ;
               "double-array" }}
            .errors[3].arg ∈ {{ NULL ; &argv3[0] ; &argv4[0] }}
            .errors[3].kind ∈
            {KGFLAGS_ERROR_KIND_NONE; KGFLAGS_ERROR_KIND_MISSING_VALUE;
             KGFLAGS_ERROR_KIND_UNKNOWN_FLAG; KGFLAGS_ERROR_KIND_INVALID_INT;
             KGFLAGS_ERROR_KIND_INVALID_DOUBLE;
             KGFLAGS_ERROR_KIND_MULTIPLE_ASSIGNMENT;
             KGFLAGS_ERROR_KIND_DUPLICATE_FLAG}
            .errors[3].[bits 160 to 191] ∈ {0} or UNINITIALIZED
            .errors[4].flag_name ∈
            {{ NULL ; &argv3[1] ; &argv4[1] ; "string" ; "bool" ; "int" ;
               "double" ; "string-array" ; "int-array" ; "double-array" }}
            .errors[4].arg ∈ {{ NULL ; &argv3[0] ; &argv4[0] }}
            .errors[4].kind ∈
            {KGFLAGS_ERROR_KIND_NONE; KGFLAGS_ERROR_KIND_MISSING_VALUE;
             KGFLAGS_ERROR_KIND_UNKNOWN_FLAG; KGFLAGS_ERROR_KIND_INVALID_INT;
             KGFLAGS_ERROR_KIND_INVALID_DOUBLE;
             KGFLAGS_ERROR_KIND_MULTIPLE_ASSIGNMENT;
             KGFLAGS_ERROR_KIND_DUPLICATE_FLAG}
            .errors[4].[bits 160 to 191] ∈ {0} or UNINITIALIZED
            .errors[5].flag_name ∈
            {{ NULL ; &argv3[1] ; &argv4[1] ; "string" ; "bool" ; "int" ;
               "double" ; "string-array" ; "int-array" ; "double-array" }}
            .errors[5].arg ∈ {{ NULL ; &argv4[0] }}
            .errors[5].kind ∈
            {KGFLAGS_ERROR_KIND_NONE; KGFLAGS_ERROR_KIND_MISSING_VALUE;
             KGFLAGS_ERROR_KIND_UNKNOWN_FLAG; KGFLAGS_ERROR_KIND_INVALID_INT;
             KGFLAGS_ERROR_KIND_INVALID_DOUBLE;
             KGFLAGS_ERROR_KIND_MULTIPLE_ASSIGNMENT;
             KGFLAGS_ERROR_KIND_DUPLICATE_FLAG}
            .errors[5].[bits 160 to 191] ∈ {0} or UNINITIALIZED
            .errors[6].flag_name ∈
            {{ NULL ; &argv3[1] ; &argv4[1] ; "string" ; "bool" ; "int" ;
               "double" ; "string-array" ; "int-array" ; "double-array" }}
            .errors[6].arg ∈ {{ NULL ; &argv4[0] }}
            .errors[6].kind ∈
            {KGFLAGS_ERROR_KIND_NONE; KGFLAGS_ERROR_KIND_MISSING_VALUE;
             KGFLAGS_ERROR_KIND_UNKNOWN_FLAG; KGFLAGS_ERROR_KIND_INVALID_INT;
             KGFLAGS_ERROR_KIND_INVALID_DOUBLE;
             KGFLAGS_ERROR_KIND_MULTIPLE_ASSIGNMENT}
            .errors[6].[bits 160 to 191] ∈ {0} or UNINITIALIZED
            .errors[7].flag_name ∈
            {{ NULL ; "string" ; "bool" ; "int" ; "double" ; "string-array" ;
               "int-array" ; "double-array" }}
            .errors[7].arg ∈ {{ NULL ; &argv4[0] }}
            .errors[7].kind ∈
            {KGFLAGS_ERROR_KIND_NONE; KGFLAGS_ERROR_KIND_MISSING_VALUE;
             KGFLAGS_ERROR_KIND_INVALID_INT;
             KGFLAGS_ERROR_KIND_INVALID_DOUBLE;
             KGFLAGS_ERROR_KIND_MULTIPLE_ASSIGNMENT}
            .errors[7].[bits 160 to 191] ∈ {0} or UNINITIALIZED
            .errors[8].flag_name ∈
            {{ NULL ; "string" ; "bool" ; "int" ; "double" ; "string-array" ;
               "int-array" ; "double-array" }}
            .errors[8].arg ∈ {0}
            .errors[8].kind ∈
            {KGFLAGS_ERROR_KIND_NONE; KGFLAGS_ERROR_KIND_MISSING_VALUE;
             KGFLAGS_ERROR_KIND_MULTIPLE_ASSIGNMENT}
            .errors[8].[bits 160 to 191] ∈ {0} or UNINITIALIZED
            .errors[9].flag_name ∈
            {{ NULL ; "string" ; "bool" ; "int" ; "double" ; "string-array" ;
               "int-array" ; "double-array" }}
            .errors[9].arg ∈ {0}
            .errors[9].kind ∈
            {KGFLAGS_ERROR_KIND_NONE; KGFLAGS_ERROR_KIND_MISSING_VALUE}
            .errors[9].[bits 160 to 191] ∈ {0} or UNINITIALIZED
            .errors[10..511] ∈ {0}
            .flag_prefix ∈ {{ "-" }}
            {.arg_cursor; .argc} ∈ {2; 3; 4; 5}
            .argv ∈ {{ &argv[0] }}
            .custom_description ∈ {{ "Usage of fullapi [-FLAGS]:" }}
[eva:final-states] Values at end of function kgflags_int_array_get_item:
  str ∈
     {{ garbled mix of &{argv0; argv1; argv2; argv3; argv4}
      (origin: Misaligned {kgflags.h:533}) }} or UNINITIALIZED
  ok ∈ {0; 1} or UNINITIALIZED
  res ∈ [--..--] or UNINITIALIZED
  __retres ∈ [--..--]
[eva:final-states] Values at end of function kgflags_parse:
  arg ∈ {0} or UNINITIALIZED
  string_val ∈ {{ NULL ; &argv2[0] ; &argv3[0] ; &argv4[0] }}
  bool_val ∈ {0; 1}
  int_val ∈ [--..--]
  double_val[bits 0 to 7] ∈ {{ garbled mix of &{argv} (origin: Merge) }}
            [bits 8 to 31]# ∈
            {{ NULL + [--..--] ; (? *)&argv{[2], [3], [4], [5]} }}%64, bits 8 to 31 
            [bits 32 to 63]# ∈
            {{ NULL ; (? *)&argv{[2], [3], [4], [5]} }}%64, bits 32 to 63 
  string_arr._items[bits 0 to 7] ∈
            {{ garbled mix of &{argv} (origin: Merge) }}
            ._items[bits 8 to 31]# ∈
            {{ NULL + [--..--] ; (? *)&argv{[2], [3], [4], [5]} }}%64, bits 8 to 31 
            ._items[bits 32 to 63]# ∈
            {{ NULL ; (? *)&argv{[2], [3], [4], [5]} }}%64, bits 32 to 63 
            ._count ∈ {0; 1; 2; 3}
            .[bits 96 to 127] ∈ UNINITIALIZED
  int_arr._items[bits 0 to 7] ∈
         {{ garbled mix of &{argv} (origin: Merge) }}
         ._items[bits 8 to 31]# ∈
         {{ NULL + [--..--] ; (? *)&argv{[2], [3], [4], [5]} }}%64, bits 8 to 31 
         ._items[bits 32 to 63]# ∈
         {{ NULL ; (? *)&argv{[2], [3], [4], [5]} }}%64, bits 32 to 63 
         ._count ∈ {0; 1; 2; 3}
         .[bits 96 to 127] ∈ UNINITIALIZED
  double_arr._items[bits 0 to 7] ∈
            {{ garbled mix of &{argv} (origin: Merge) }}
            ._items[bits 8 to 31]# ∈
            {{ NULL + [--..--] ; (? *)&argv{[2], [3], [4], [5]} }}%64, bits 8 to 31 
            ._items[bits 32 to 63]# ∈
            {{ NULL ; (? *)&argv{[2], [3], [4], [5]} }}%64, bits 32 to 63 
            ._count ∈ {0; 1; 2; 3}
            .[bits 96 to 127] ∈ UNINITIALIZED
  _kgflags_g.flags_count ∈ {1; 2; 3; 4; 5; 6; 7}
            .[bits 32 to 63] ∈ {0}
            .flags[0].name ∈ {{ "string" }}
            .flags[0].description ∈ {{ "String flag." }}
            .flags[0].default_value{.string_value; .bool_value[bits 0 to 63]; .int_value[bits 0 to 63]; .double_value} ∈
            {{ "lorem" }}
            .flags[0].result{.string_value; .bool_value; .int_value; .double_value; .string_array; .int_array; .double_array} ∈
            {{ (? *)&string_val }}
            .flags[0]{.assigned; .error} ∈ {0; 1}
            .flags[0].required ∈ {1}
            .flags[0].[bits 280 to 287] ∈ {0}
            .flags[0].kind ∈ {KGFLAGS_FLAG_KIND_STRING}
            .flags[1].name ∈
            {{ NULL ; "bool" ; "int" ; "double" ; "string-array" ;
               "int-array" ; "double-array" }}
            .flags[1].description ∈
            {{ NULL ; "Boolean flag." ; "Integer flag." ; "Double flag." ;
               "String array flag." ; "Int array flag." ;
               "Double array flag." }}
            .flags[1].default_value ∈ {0}
            .flags[1].result{.string_value; .bool_value; .int_value; .double_value; .string_array; .int_array; .double_array} ∈
            {{ NULL ; (? *)&bool_val ; (? *)&int_val ; (? *)&double_val ;
               (? *)&string_arr ; (? *)&int_arr ; (? *)&double_arr }}
            .flags[1]{.assigned; .error; .required} ∈ {0; 1}
            .flags[1].[bits 280 to 287] ∈ {0}
            .flags[1].kind ∈
            {KGFLAGS_FLAG_KIND_NONE; KGFLAGS_FLAG_KIND_BOOL;
             KGFLAGS_FLAG_KIND_INT; KGFLAGS_FLAG_KIND_DOUBLE;
             KGFLAGS_FLAG_KIND_STRING_ARRAY; KGFLAGS_FLAG_KIND_INT_ARRAY;
             KGFLAGS_FLAG_KIND_DOUBLE_ARRAY}
            .flags[2].name ∈
            {{ NULL ; "int" ; "double" ; "string-array" ; "int-array" ;
               "double-array" }}
            .flags[2].description ∈
            {{ NULL ; "Integer flag." ; "Double flag." ;
               "String array flag." ; "Int array flag." ;
               "Double array flag." }}
            .flags[2].default_value ∈ {0}
            .flags[2].result{.string_value; .bool_value; .int_value; .double_value; .string_array; .int_array; .double_array} ∈
            {{ NULL ; (? *)&int_val ; (? *)&double_val ; (? *)&string_arr ;
               (? *)&int_arr ; (? *)&double_arr }}
            .flags[2]{.assigned; .error; .required} ∈ {0; 1}
            .flags[2].[bits 280 to 287] ∈ {0}
            .flags[2].kind ∈
            {KGFLAGS_FLAG_KIND_NONE; KGFLAGS_FLAG_KIND_INT;
             KGFLAGS_FLAG_KIND_DOUBLE; KGFLAGS_FLAG_KIND_STRING_ARRAY;
             KGFLAGS_FLAG_KIND_INT_ARRAY; KGFLAGS_FLAG_KIND_DOUBLE_ARRAY}
            .flags[3].name ∈
            {{ NULL ; "double" ; "string-array" ; "int-array" ;
               "double-array" }}
            .flags[3].description ∈
            {{ NULL ; "Double flag." ; "String array flag." ;
               "Int array flag." ; "Double array flag." }}
            .flags[3].default_value ∈ {0}
            .flags[3].result{.string_value; .bool_value; .int_value; .double_value; .string_array; .int_array; .double_array} ∈
            {{ NULL ; (? *)&double_val ; (? *)&string_arr ; (? *)&int_arr ;
               (? *)&double_arr }}
            .flags[3]{.assigned; .error; .required} ∈ {0; 1}
            .flags[3].[bits 280 to 287] ∈ {0}
            .flags[3].kind ∈
            {KGFLAGS_FLAG_KIND_NONE; KGFLAGS_FLAG_KIND_DOUBLE;
             KGFLAGS_FLAG_KIND_STRING_ARRAY; KGFLAGS_FLAG_KIND_INT_ARRAY;
             KGFLAGS_FLAG_KIND_DOUBLE_ARRAY}
            .flags[4].name ∈
            {{ NULL ; "string-array" ; "int-array" ; "double-array" }}
            .flags[4].description ∈
            {{ NULL ; "String array flag." ; "Int array flag." ;
               "Double array flag." }}
            .flags[4].default_value ∈ {0}
            .flags[4].result{.string_value; .bool_value; .int_value; .double_value; .string_array; .int_array; .double_array} ∈
            {{ NULL ; (? *)&string_arr ; (? *)&int_arr ; (? *)&double_arr }}
            .flags[4]{.assigned; .error; .required} ∈ {0; 1}
            .flags[4].[bits 280 to 287] ∈ {0}
            .flags[4].kind ∈
            {KGFLAGS_FLAG_KIND_NONE; KGFLAGS_FLAG_KIND_STRING_ARRAY;
             KGFLAGS_FLAG_KIND_INT_ARRAY; KGFLAGS_FLAG_KIND_DOUBLE_ARRAY}
            .flags[5].name ∈ {{ NULL ; "int-array" ; "double-array" }}
            .flags[5].description ∈
            {{ NULL ; "Int array flag." ; "Double array flag." }}
            .flags[5].default_value ∈ {0}
            .flags[5].result{.string_value; .bool_value; .int_value; .double_value; .string_array; .int_array; .double_array} ∈
            {{ NULL ; (? *)&int_arr ; (? *)&double_arr }}
            .flags[5]{.assigned; .error; .required} ∈ {0; 1}
            .flags[5].[bits 280 to 287] ∈ {0}
            .flags[5].kind ∈
            {KGFLAGS_FLAG_KIND_NONE; KGFLAGS_FLAG_KIND_INT_ARRAY;
             KGFLAGS_FLAG_KIND_DOUBLE_ARRAY}
            .flags[6].name ∈ {{ NULL ; "double-array" }}
            .flags[6].description ∈ {{ NULL ; "Double array flag." }}
            .flags[6].default_value ∈ {0}
            .flags[6].result{.string_value; .bool_value; .int_value; .double_value; .string_array; .int_array; .double_array} ∈
            {{ NULL ; (? *)&double_arr }}
            .flags[6]{.assigned; .error; .required} ∈ {0; 1}
            .flags[6].[bits 280 to 287] ∈ {0}
            .flags[6].kind ∈
            {KGFLAGS_FLAG_KIND_NONE; KGFLAGS_FLAG_KIND_DOUBLE_ARRAY}
            .flags[7..255] ∈ {0}
            .non_flag_count ∈ {0; 1; 2; 3; 4}
            .[bits 82016 to 82047] ∈ {0}
            .non_flag_args[0] ∈
            {{ NULL ; &argv1[0] ; &argv2[0] ; &argv3[0] ; &argv4[0] }}
            .non_flag_args[1] ∈
            {{ NULL ; &argv2[0] ; &argv3[0] ; &argv4[0] }}
            .non_flag_args[2] ∈ {{ NULL ; &argv3[0] ; &argv4[0] }}
            .non_flag_args[3] ∈ {{ NULL ; &argv4[0] }}
            .non_flag_args[4..511] ∈ {0}
            .errors_count ∈ [0..512]
            .[bits 114848 to 114879] ∈ {0}
            .errors[0].flag_name ∈
            {{ garbled mix of &{argv1; argv2; argv3; argv4; "string"; 
                                "bool"; "int"; "double"; "string-array";
                                "int-array"; "double-array"}
             (origin: Misaligned {kgflags.h:657}) }} or UNINITIALIZED
            .errors[0].arg ∈
            {{ garbled mix of &{argv2; argv3; argv4; "int"; "double";
                                "string-array"; "int-array"; "double-array"}
             (origin: Misaligned {kgflags.h:657}) }} or UNINITIALIZED
            .errors[0]{.kind; .[bits 160 to 191]} ∈
            {{ garbled mix of &{"int"; "double"; "string-array"; "int-array";
                                "double-array"}
             (origin: Misaligned {kgflags.h:657}) }} or UNINITIALIZED
            .errors[1].flag_name ∈
            {{ garbled mix of &{argv2; argv3; argv4; "string"; "bool"; 
                                "int"; "double"; "string-array"; "int-array";
                                "double-array"}
             (origin: Misaligned {kgflags.h:657}) }} or UNINITIALIZED
            .errors[1].arg ∈
            {{ garbled mix of &{argv3; argv4; "int"; "double";
                                "string-array"; "int-array"; "double-array"}
             (origin: Misaligned {kgflags.h:657}) }} or UNINITIALIZED
            .errors[1]{.kind; .[bits 160 to 191]} ∈
            {{ garbled mix of &{"int"; "double"; "string-array"; "int-array";
                                "double-array"}
             (origin: Misaligned {kgflags.h:657}) }} or UNINITIALIZED
            .errors[2].flag_name ∈
            {{ garbled mix of &{argv2; argv3; argv4; "string"; "bool"; 
                                "int"; "double"; "string-array"; "int-array";
                                "double-array"}
             (origin: Misaligned {kgflags.h:657}) }} or UNINITIALIZED
            .errors[2].arg ∈
            {{ garbled mix of &{argv3; argv4; "int"; "double";
                                "string-array"; "int-array"; "double-array"}
             (origin: Misaligned {kgflags.h:657}) }} or UNINITIALIZED
            .errors[2]{.kind; .[bits 160 to 191]} ∈
            {{ garbled mix of &{"int"; "double"; "string-array"; "int-array";
                                "double-array"}
             (origin: Misaligned {kgflags.h:657}) }} or UNINITIALIZED
            .errors[3].flag_name ∈
            {{ garbled mix of &{argv2; argv3; argv4; "string"; "bool"; 
                                "int"; "double"; "string-array"; "int-array";
                                "double-array"}
             (origin: Misaligned {kgflags.h:657}) }} or UNINITIALIZED
            .errors[3].arg ∈
            {{ garbled mix of &{argv3; argv4; "int"; "double";
                                "string-array"; "int-array"; "double-array"}
             (origin: Misaligned {kgflags.h:657}) }} or UNINITIALIZED
            .errors[3]{.kind; .[bits 160 to 191]} ∈
            {{ garbled mix of &{"int"; "double"; "string-array"; "int-array";
                                "double-array"}
             (origin: Misaligned {kgflags.h:657}) }} or UNINITIALIZED
            .errors[4].flag_name ∈
            {{ garbled mix of &{argv3; argv4; "string"; "bool"; "int";
                                "double"; "string-array"; "int-array";
                                "double-array"}
             (origin: Misaligned {kgflags.h:657}) }} or UNINITIALIZED
            .errors[4].arg ∈
            {{ garbled mix of &{argv3; argv4; "int"; "double";
                                "string-array"; "int-array"; "double-array"}
             (origin: Misaligned {kgflags.h:657}) }} or UNINITIALIZED
            .errors[4]{.kind; .[bits 160 to 191]} ∈
            {{ garbled mix of &{"int"; "double"; "string-array"; "int-array";
                                "double-array"}
             (origin: Misaligned {kgflags.h:657}) }} or UNINITIALIZED
            .errors[5].flag_name ∈
            {{ garbled mix of &{argv3; argv4; "string"; "bool"; "int";
                                "double"; "string-array"; "int-array";
                                "double-array"}
             (origin: Misaligned {kgflags.h:657}) }} or UNINITIALIZED
            .errors[5].arg ∈
            {{ garbled mix of &{argv4; "int"; "double"; "string-array";
                                "int-array"; "double-array"}
             (origin: Misaligned {kgflags.h:657}) }} or UNINITIALIZED
            .errors[5]{.kind; .[bits 160 to 191]} ∈
            {{ garbled mix of &{"int"; "double"; "string-array"; "int-array";
                                "double-array"}
             (origin: Misaligned {kgflags.h:657}) }} or UNINITIALIZED
            .errors[6].flag_name ∈
            {{ garbled mix of &{argv3; argv4; "string"; "bool"; "int";
                                "double"; "string-array"; "int-array";
                                "double-array"}
             (origin: Misaligned {kgflags.h:657}) }} or UNINITIALIZED
            .errors[6].arg ∈
            {{ garbled mix of &{argv4; "int"; "double"; "string-array";
                                "int-array"; "double-array"}
             (origin: Misaligned {kgflags.h:657}) }} or UNINITIALIZED
            .errors[6]{.kind; .[bits 160 to 191]} ∈
            {{ garbled mix of &{"int"; "double"; "string-array"; "int-array";
                                "double-array"}
             (origin: Misaligned {kgflags.h:657}) }} or UNINITIALIZED
            .errors[7].flag_name ∈
            {{ garbled mix of &{argv4; "string"; "bool"; "int"; "double";
                                "string-array"; "int-array"; "double-array"}
             (origin: Misaligned {kgflags.h:657}) }} or UNINITIALIZED
            .errors[7].arg ∈
            {{ garbled mix of &{argv4; "int"; "double"; "string-array";
                                "int-array"; "double-array"}
             (origin: Misaligned {kgflags.h:657}) }} or UNINITIALIZED
            .errors[7]{.kind; .[bits 160 to 191]} ∈
            {{ garbled mix of &{"int"; "double"; "string-array"; "int-array";
                                "double-array"}
             (origin: Misaligned {kgflags.h:657}) }} or UNINITIALIZED
            .errors[8].flag_name ∈
            {{ garbled mix of &{argv4; "string"; "bool"; "int"; "double";
                                "string-array"; "int-array"; "double-array"}
             (origin: Misaligned {kgflags.h:657}) }} or UNINITIALIZED
            .errors[8]{.arg; .kind; .[bits 160 to 191]} ∈
            {{ garbled mix of &{"int"; "double"; "string-array"; "int-array";
                                "double-array"}
             (origin: Misaligned {kgflags.h:657}) }} or UNINITIALIZED
            .errors[9].flag_name ∈
            {{ garbled mix of &{"string"; "bool"; "int"; "double";
                                "string-array"; "int-array"; "double-array"}
             (origin: Misaligned {kgflags.h:657}) }} or UNINITIALIZED
            .errors[9]{.arg; .kind; .[bits 160 to 191]} ∈
            {{ garbled mix of &{"int"; "double"; "string-array"; "int-array";
                                "double-array"}
             (origin: Misaligned {kgflags.h:657}) }} or UNINITIALIZED
            .errors[10].flag_name ∈
            {{ garbled mix of &{"string"; "bool"; "int"; "double";
                                "string-array"; "int-array"; "double-array"}
             (origin: Misaligned {kgflags.h:657}) }} or UNINITIALIZED
            .errors[10]{.arg; .kind; .[bits 160 to 191]} ∈
            {{ garbled mix of &{"int"; "double"; "string-array"; "int-array";
                                "double-array"}
             (origin: Misaligned {kgflags.h:657}) }} or UNINITIALIZED
            .errors[11].flag_name ∈
            {{ garbled mix of &{"bool"; "int"; "double"; "string-array";
                                "int-array"; "double-array"}
             (origin: Misaligned {kgflags.h:657}) }} or UNINITIALIZED
            .errors{[11]{.arg; .kind; .[bits 160 to 191]}; [12]} ∈
            {{ garbled mix of &{"int"; "double"; "string-array"; "int-array";
                                "double-array"}
             (origin: Misaligned {kgflags.h:657}) }} or UNINITIALIZED
            .errors[13..511] ∈
            {{ garbled mix of &{"double"; "string-array"; "int-array";
                                "double-array"}
             (origin: Misaligned {kgflags.h:657}) }} or UNINITIALIZED
            .flag_prefix ∈ {{ "-" }}
            .arg_cursor ∈ {1; 2; 3; 4; 5}
            .argc ∈ {0; 1; 2; 3; 4; 5}
            .argv ∈ {{ &argv[0] }}
            .custom_description ∈ {{ "Usage of fullapi [-FLAGS]:" }}
  __retres ∈ {0; 1}
[eva:final-states] Values at end of function main:
  string_val ∈ {{ NULL ; &argv2[0] ; &argv3[0] ; &argv4[0] }}
  bool_val ∈ {0; 1}
  int_val ∈ [--..--]
  double_val ∈
            {{ garbled mix of &{argv}
             (origin: Misaligned {examples/full_api.c:37}) }}
  string_arr._items[bits 0 to 7] ∈
            {{ garbled mix of &{argv} (origin: Merge) }}
            ._items[bits 8 to 31]# ∈
            {{ NULL + [--..--] ; &argv + [0..40] }}%64, bits 8 to 31 
            ._items[bits 32 to 63]# ∈
            {{ NULL ; &argv + [0..40] }}%64, bits 32 to 63 
            ._count ∈ {0; 1; 2; 3}
            .[bits 96 to 127] ∈ UNINITIALIZED
  int_arr._items[bits 0 to 7] ∈
         {{ garbled mix of &{argv} (origin: Merge) }}
         ._items[bits 8 to 31]# ∈
         {{ NULL + [--..--] ; &argv + [-16..40] }}%64, bits 8 to 31 
         ._items[bits 32 to 63]# ∈
         {{ NULL ; &argv + [-16..40] }}%64, bits 32 to 63 
         ._count ∈ {0; 1; 2; 3}
         .[bits 96 to 127] ∈ UNINITIALIZED
  double_arr._items[bits 0 to 7] ∈
            {{ garbled mix of &{argv} (origin: Merge) }}
            ._items[bits 8 to 31]# ∈
            {{ NULL + [--..--] ; &argv + [-16..40] }}%64, bits 8 to 31 
            ._items[bits 32 to 63]# ∈
            {{ NULL ; &argv + [-16..40] }}%64, bits 32 to 63 
            ._count ∈ {0; 1; 2; 3}
            .[bits 96 to 127] ∈ UNINITIALIZED
  non_flag_count ∈ {0; 1; 2; 3; 4} or UNINITIALIZED
  _kgflags_g.flags_count ∈ {1; 2; 3; 4; 5; 6; 7}
            .[bits 32 to 63] ∈ {0}
            .flags[0].name ∈ {{ "string" }}
            .flags[0].description ∈ {{ "String flag." }}
            .flags[0].default_value{.string_value; .bool_value[bits 0 to 63]; .int_value[bits 0 to 63]; .double_value} ∈
            {{ "lorem" }}
            .flags[0].result{.string_value; .bool_value; .int_value; .double_value; .string_array; .int_array; .double_array} ∈
            {{ (? *)&string_val }}
            .flags[0]{.assigned; .error} ∈ {0; 1}
            .flags[0].required ∈ {1}
            .flags[0].[bits 280 to 287] ∈ {0}
            .flags[0].kind ∈ {KGFLAGS_FLAG_KIND_STRING}
            .flags[1].name ∈
            {{ NULL ; "bool" ; "int" ; "double" ; "string-array" ;
               "int-array" ; "double-array" }}
            .flags[1].description ∈
            {{ NULL ; "Boolean flag." ; "Integer flag." ; "Double flag." ;
               "String array flag." ; "Int array flag." ;
               "Double array flag." }}
            .flags[1].default_value ∈ {0}
            .flags[1].result{.string_value; .bool_value; .int_value; .double_value; .string_array; .int_array; .double_array} ∈
            {{ NULL ; (? *)&bool_val ; (? *)&int_val ; (? *)&double_val ;
               (? *)&string_arr ; (? *)&int_arr ; (? *)&double_arr }}
            .flags[1]{.assigned; .error; .required} ∈ {0; 1}
            .flags[1].[bits 280 to 287] ∈ {0}
            .flags[1].kind ∈
            {KGFLAGS_FLAG_KIND_NONE; KGFLAGS_FLAG_KIND_BOOL;
             KGFLAGS_FLAG_KIND_INT; KGFLAGS_FLAG_KIND_DOUBLE;
             KGFLAGS_FLAG_KIND_STRING_ARRAY; KGFLAGS_FLAG_KIND_INT_ARRAY;
             KGFLAGS_FLAG_KIND_DOUBLE_ARRAY}
            .flags[2].name ∈
            {{ NULL ; "int" ; "double" ; "string-array" ; "int-array" ;
               "double-array" }}
            .flags[2].description ∈
            {{ NULL ; "Integer flag." ; "Double flag." ;
               "String array flag." ; "Int array flag." ;
               "Double array flag." }}
            .flags[2].default_value ∈ {0}
            .flags[2].result{.string_value; .bool_value; .int_value; .double_value; .string_array; .int_array; .double_array} ∈
            {{ NULL ; (? *)&int_val ; (? *)&double_val ; (? *)&string_arr ;
               (? *)&int_arr ; (? *)&double_arr }}
            .flags[2]{.assigned; .error; .required} ∈ {0; 1}
            .flags[2].[bits 280 to 287] ∈ {0}
            .flags[2].kind ∈
            {KGFLAGS_FLAG_KIND_NONE; KGFLAGS_FLAG_KIND_INT;
             KGFLAGS_FLAG_KIND_DOUBLE; KGFLAGS_FLAG_KIND_STRING_ARRAY;
             KGFLAGS_FLAG_KIND_INT_ARRAY; KGFLAGS_FLAG_KIND_DOUBLE_ARRAY}
            .flags[3].name ∈
            {{ NULL ; "double" ; "string-array" ; "int-array" ;
               "double-array" }}
            .flags[3].description ∈
            {{ NULL ; "Double flag." ; "String array flag." ;
               "Int array flag." ; "Double array flag." }}
            .flags[3].default_value ∈ {0}
            .flags[3].result{.string_value; .bool_value; .int_value; .double_value; .string_array; .int_array; .double_array} ∈
            {{ NULL ; (? *)&double_val ; (? *)&string_arr ; (? *)&int_arr ;
               (? *)&double_arr }}
            .flags[3]{.assigned; .error; .required} ∈ {0; 1}
            .flags[3].[bits 280 to 287] ∈ {0}
            .flags[3].kind ∈
            {KGFLAGS_FLAG_KIND_NONE; KGFLAGS_FLAG_KIND_DOUBLE;
             KGFLAGS_FLAG_KIND_STRING_ARRAY; KGFLAGS_FLAG_KIND_INT_ARRAY;
             KGFLAGS_FLAG_KIND_DOUBLE_ARRAY}
            .flags[4].name ∈
            {{ NULL ; "string-array" ; "int-array" ; "double-array" }}
            .flags[4].description ∈
            {{ NULL ; "String array flag." ; "Int array flag." ;
               "Double array flag." }}
            .flags[4].default_value ∈ {0}
            .flags[4].result{.string_value; .bool_value; .int_value; .double_value; .string_array; .int_array; .double_array} ∈
            {{ NULL ; (? *)&string_arr ; (? *)&int_arr ; (? *)&double_arr }}
            .flags[4]{.assigned; .error; .required} ∈ {0; 1}
            .flags[4].[bits 280 to 287] ∈ {0}
            .flags[4].kind ∈
            {KGFLAGS_FLAG_KIND_NONE; KGFLAGS_FLAG_KIND_STRING_ARRAY;
             KGFLAGS_FLAG_KIND_INT_ARRAY; KGFLAGS_FLAG_KIND_DOUBLE_ARRAY}
            .flags[5].name ∈ {{ NULL ; "int-array" ; "double-array" }}
            .flags[5].description ∈
            {{ NULL ; "Int array flag." ; "Double array flag." }}
            .flags[5].default_value ∈ {0}
            .flags[5].result{.string_value; .bool_value; .int_value; .double_value; .string_array; .int_array; .double_array} ∈
            {{ NULL ; (? *)&int_arr ; (? *)&double_arr }}
            .flags[5]{.assigned; .error; .required} ∈ {0; 1}
            .flags[5].[bits 280 to 287] ∈ {0}
            .flags[5].kind ∈
            {KGFLAGS_FLAG_KIND_NONE; KGFLAGS_FLAG_KIND_INT_ARRAY;
             KGFLAGS_FLAG_KIND_DOUBLE_ARRAY}
            .flags[6].name ∈ {{ NULL ; "double-array" }}
            .flags[6].description ∈ {{ NULL ; "Double array flag." }}
            .flags[6].default_value ∈ {0}
            .flags[6].result{.string_value; .bool_value; .int_value; .double_value; .string_array; .int_array; .double_array} ∈
            {{ NULL ; (? *)&double_arr }}
            .flags[6]{.assigned; .error; .required} ∈ {0; 1}
            .flags[6].[bits 280 to 287] ∈ {0}
            .flags[6].kind ∈
            {KGFLAGS_FLAG_KIND_NONE; KGFLAGS_FLAG_KIND_DOUBLE_ARRAY}
            .flags[7..255] ∈ {0}
            .non_flag_count ∈ {0; 1; 2; 3; 4}
            .[bits 82016 to 82047] ∈ {0}
            .non_flag_args[0] ∈
            {{ NULL ; &argv1[0] ; &argv2[0] ; &argv3[0] ; &argv4[0] }}
            .non_flag_args[1] ∈
            {{ NULL ; &argv2[0] ; &argv3[0] ; &argv4[0] }}
            .non_flag_args[2] ∈ {{ NULL ; &argv3[0] ; &argv4[0] }}
            .non_flag_args[3] ∈ {{ NULL ; &argv4[0] }}
            .non_flag_args[4..511] ∈ {0}
            .errors_count ∈ [0..512]
            .[bits 114848 to 114879] ∈ {0}
            .errors[0].flag_name ∈
            {{ garbled mix of &{argv1; argv2; argv3; argv4; "string"; 
                                "bool"; "int"; "double"; "string-array";
                                "int-array"; "double-array"}
             (origin: Misaligned {kgflags.h:657}) }} or UNINITIALIZED
            .errors[0].arg ∈
            {{ garbled mix of &{argv2; argv3; argv4; "int"; "double";
                                "string-array"; "int-array"; "double-array"}
             (origin: Misaligned {kgflags.h:657}) }} or UNINITIALIZED
            .errors[0]{.kind; .[bits 160 to 191]} ∈
            {{ garbled mix of &{"int"; "double"; "string-array"; "int-array";
                                "double-array"}
             (origin: Misaligned {kgflags.h:657}) }} or UNINITIALIZED
            .errors[1].flag_name ∈
            {{ garbled mix of &{argv2; argv3; argv4; "string"; "bool"; 
                                "int"; "double"; "string-array"; "int-array";
                                "double-array"}
             (origin: Misaligned {kgflags.h:657}) }} or UNINITIALIZED
            .errors[1].arg ∈
            {{ garbled mix of &{argv3; argv4; "int"; "double";
                                "string-array"; "int-array"; "double-array"}
             (origin: Misaligned {kgflags.h:657}) }} or UNINITIALIZED
            .errors[1]{.kind; .[bits 160 to 191]} ∈
            {{ garbled mix of &{"int"; "double"; "string-array"; "int-array";
                                "double-array"}
             (origin: Misaligned {kgflags.h:657}) }} or UNINITIALIZED
            .errors[2].flag_name ∈
            {{ garbled mix of &{argv2; argv3; argv4; "string"; "bool"; 
                                "int"; "double"; "string-array"; "int-array";
                                "double-array"}
             (origin: Misaligned {kgflags.h:657}) }} or UNINITIALIZED
            .errors[2].arg ∈
            {{ garbled mix of &{argv3; argv4; "int"; "double";
                                "string-array"; "int-array"; "double-array"}
             (origin: Misaligned {kgflags.h:657}) }} or UNINITIALIZED
            .errors[2]{.kind; .[bits 160 to 191]} ∈
            {{ garbled mix of &{"int"; "double"; "string-array"; "int-array";
                                "double-array"}
             (origin: Misaligned {kgflags.h:657}) }} or UNINITIALIZED
            .errors[3].flag_name ∈
            {{ garbled mix of &{argv2; argv3; argv4; "string"; "bool"; 
                                "int"; "double"; "string-array"; "int-array";
                                "double-array"}
             (origin: Misaligned {kgflags.h:657}) }} or UNINITIALIZED
            .errors[3].arg ∈
            {{ garbled mix of &{argv3; argv4; "int"; "double";
                                "string-array"; "int-array"; "double-array"}
             (origin: Misaligned {kgflags.h:657}) }} or UNINITIALIZED
            .errors[3]{.kind; .[bits 160 to 191]} ∈
            {{ garbled mix of &{"int"; "double"; "string-array"; "int-array";
                                "double-array"}
             (origin: Misaligned {kgflags.h:657}) }} or UNINITIALIZED
            .errors[4].flag_name ∈
            {{ garbled mix of &{argv3; argv4; "string"; "bool"; "int";
                                "double"; "string-array"; "int-array";
                                "double-array"}
             (origin: Misaligned {kgflags.h:657}) }} or UNINITIALIZED
            .errors[4].arg ∈
            {{ garbled mix of &{argv3; argv4; "int"; "double";
                                "string-array"; "int-array"; "double-array"}
             (origin: Misaligned {kgflags.h:657}) }} or UNINITIALIZED
            .errors[4]{.kind; .[bits 160 to 191]} ∈
            {{ garbled mix of &{"int"; "double"; "string-array"; "int-array";
                                "double-array"}
             (origin: Misaligned {kgflags.h:657}) }} or UNINITIALIZED
            .errors[5].flag_name ∈
            {{ garbled mix of &{argv3; argv4; "string"; "bool"; "int";
                                "double"; "string-array"; "int-array";
                                "double-array"}
             (origin: Misaligned {kgflags.h:657}) }} or UNINITIALIZED
            .errors[5].arg ∈
            {{ garbled mix of &{argv4; "int"; "double"; "string-array";
                                "int-array"; "double-array"}
             (origin: Misaligned {kgflags.h:657}) }} or UNINITIALIZED
            .errors[5]{.kind; .[bits 160 to 191]} ∈
            {{ garbled mix of &{"int"; "double"; "string-array"; "int-array";
                                "double-array"}
             (origin: Misaligned {kgflags.h:657}) }} or UNINITIALIZED
            .errors[6].flag_name ∈
            {{ garbled mix of &{argv3; argv4; "string"; "bool"; "int";
                                "double"; "string-array"; "int-array";
                                "double-array"}
             (origin: Misaligned {kgflags.h:657}) }} or UNINITIALIZED
            .errors[6].arg ∈
            {{ garbled mix of &{argv4; "int"; "double"; "string-array";
                                "int-array"; "double-array"}
             (origin: Misaligned {kgflags.h:657}) }} or UNINITIALIZED
            .errors[6]{.kind; .[bits 160 to 191]} ∈
            {{ garbled mix of &{"int"; "double"; "string-array"; "int-array";
                                "double-array"}
             (origin: Misaligned {kgflags.h:657}) }} or UNINITIALIZED
            .errors[7].flag_name ∈
            {{ garbled mix of &{argv4; "string"; "bool"; "int"; "double";
                                "string-array"; "int-array"; "double-array"}
             (origin: Misaligned {kgflags.h:657}) }} or UNINITIALIZED
            .errors[7].arg ∈
            {{ garbled mix of &{argv4; "int"; "double"; "string-array";
                                "int-array"; "double-array"}
             (origin: Misaligned {kgflags.h:657}) }} or UNINITIALIZED
            .errors[7]{.kind; .[bits 160 to 191]} ∈
            {{ garbled mix of &{"int"; "double"; "string-array"; "int-array";
                                "double-array"}
             (origin: Misaligned {kgflags.h:657}) }} or UNINITIALIZED
            .errors[8].flag_name ∈
            {{ garbled mix of &{argv4; "string"; "bool"; "int"; "double";
                                "string-array"; "int-array"; "double-array"}
             (origin: Misaligned {kgflags.h:657}) }} or UNINITIALIZED
            .errors[8]{.arg; .kind; .[bits 160 to 191]} ∈
            {{ garbled mix of &{"int"; "double"; "string-array"; "int-array";
                                "double-array"}
             (origin: Misaligned {kgflags.h:657}) }} or UNINITIALIZED
            .errors[9].flag_name ∈
            {{ garbled mix of &{"string"; "bool"; "int"; "double";
                                "string-array"; "int-array"; "double-array"}
             (origin: Misaligned {kgflags.h:657}) }} or UNINITIALIZED
            .errors[9]{.arg; .kind; .[bits 160 to 191]} ∈
            {{ garbled mix of &{"int"; "double"; "string-array"; "int-array";
                                "double-array"}
             (origin: Misaligned {kgflags.h:657}) }} or UNINITIALIZED
            .errors[10].flag_name ∈
            {{ garbled mix of &{"string"; "bool"; "int"; "double";
                                "string-array"; "int-array"; "double-array"}
             (origin: Misaligned {kgflags.h:657}) }} or UNINITIALIZED
            .errors[10]{.arg; .kind; .[bits 160 to 191]} ∈
            {{ garbled mix of &{"int"; "double"; "string-array"; "int-array";
                                "double-array"}
             (origin: Misaligned {kgflags.h:657}) }} or UNINITIALIZED
            .errors[11].flag_name ∈
            {{ garbled mix of &{"bool"; "int"; "double"; "string-array";
                                "int-array"; "double-array"}
             (origin: Misaligned {kgflags.h:657}) }} or UNINITIALIZED
            .errors{[11]{.arg; .kind; .[bits 160 to 191]}; [12]} ∈
            {{ garbled mix of &{"int"; "double"; "string-array"; "int-array";
                                "double-array"}
             (origin: Misaligned {kgflags.h:657}) }} or UNINITIALIZED
            .errors[13..511] ∈
            {{ garbled mix of &{"double"; "string-array"; "int-array";
                                "double-array"}
             (origin: Misaligned {kgflags.h:657}) }} or UNINITIALIZED
            .flag_prefix ∈ {{ "-" }}
            .arg_cursor ∈ {1; 2; 3; 4; 5}
            .argc ∈ {0; 1; 2; 3; 4; 5}
            .argv ∈ {{ &argv[0] }}
            .custom_description ∈ {{ "Usage of fullapi [-FLAGS]:" }}
  __retres ∈ {0; 1}
  S___fc_stderr[0..1] ∈ [--..--]
  S___fc_stdout[0].__fc_FILE_id ∈ [--..--]
               [0].__fc_FILE_data ∈
               {{ garbled mix of &{argv}
                (origin: Misaligned {examples/full_api.c:37}) }}
               [1] ∈ [--..--]
[eva:final-states] Values at end of function eva_main:
  Frama_C_entropy_source ∈ [--..--]
  argc ∈ {0; 1; 2; 3; 4; 5}
  argv0[0..254] ∈ [--..--]
       [255] ∈ {0}
  argv1[0..254] ∈ [--..--]
       [255] ∈ {0}
  argv2[0..254] ∈ [--..--]
       [255] ∈ {0}
  argv3[0..254] ∈ [--..--]
       [255] ∈ {0}
  argv4[0..254] ∈ [--..--]
       [255] ∈ {0}
  argv[0] ∈ {{ &argv0[0] }}
      [1] ∈ {{ &argv1[0] }}
      [2] ∈ {{ &argv2[0] }}
      [3] ∈ {{ &argv3[0] }}
      [4] ∈ {{ &argv4[0] }}
      [5] ∈ {0}
  _kgflags_g.flags_count ∈ {1; 2; 3; 4; 5; 6; 7}
            .[bits 32 to 63] ∈ {0}
            .flags[0].name ∈ {{ "string" }}
            .flags[0].description ∈ {{ "String flag." }}
            .flags[0].default_value{.string_value; .bool_value[bits 0 to 63]; .int_value[bits 0 to 63]; .double_value} ∈
            {{ "lorem" }}
            .flags[0].result ∈ ESCAPINGADDR
            .flags[0]{.assigned; .error} ∈ {0; 1}
            .flags[0].required ∈ {1}
            .flags[0].[bits 280 to 287] ∈ {0}
            .flags[0].kind ∈ {KGFLAGS_FLAG_KIND_STRING}
            .flags[1].name ∈
            {{ NULL ; "bool" ; "int" ; "double" ; "string-array" ;
               "int-array" ; "double-array" }}
            .flags[1].description ∈
            {{ NULL ; "Boolean flag." ; "Integer flag." ; "Double flag." ;
               "String array flag." ; "Int array flag." ;
               "Double array flag." }}
            .flags[1].default_value ∈ {0}
            .flags[1].result ∈ {0} or ESCAPINGADDR
            .flags[1]{.assigned; .error; .required} ∈ {0; 1}
            .flags[1].[bits 280 to 287] ∈ {0}
            .flags[1].kind ∈
            {KGFLAGS_FLAG_KIND_NONE; KGFLAGS_FLAG_KIND_BOOL;
             KGFLAGS_FLAG_KIND_INT; KGFLAGS_FLAG_KIND_DOUBLE;
             KGFLAGS_FLAG_KIND_STRING_ARRAY; KGFLAGS_FLAG_KIND_INT_ARRAY;
             KGFLAGS_FLAG_KIND_DOUBLE_ARRAY}
            .flags[2].name ∈
            {{ NULL ; "int" ; "double" ; "string-array" ; "int-array" ;
               "double-array" }}
            .flags[2].description ∈
            {{ NULL ; "Integer flag." ; "Double flag." ;
               "String array flag." ; "Int array flag." ;
               "Double array flag." }}
            .flags[2].default_value ∈ {0}
            .flags[2].result ∈ {0} or ESCAPINGADDR
            .flags[2]{.assigned; .error; .required} ∈ {0; 1}
            .flags[2].[bits 280 to 287] ∈ {0}
            .flags[2].kind ∈
            {KGFLAGS_FLAG_KIND_NONE; KGFLAGS_FLAG_KIND_INT;
             KGFLAGS_FLAG_KIND_DOUBLE; KGFLAGS_FLAG_KIND_STRING_ARRAY;
             KGFLAGS_FLAG_KIND_INT_ARRAY; KGFLAGS_FLAG_KIND_DOUBLE_ARRAY}
            .flags[3].name ∈
            {{ NULL ; "double" ; "string-array" ; "int-array" ;
               "double-array" }}
            .flags[3].description ∈
            {{ NULL ; "Double flag." ; "String array flag." ;
               "Int array flag." ; "Double array flag." }}
            .flags[3].default_value ∈ {0}
            .flags[3].result ∈ {0} or ESCAPINGADDR
            .flags[3]{.assigned; .error; .required} ∈ {0; 1}
            .flags[3].[bits 280 to 287] ∈ {0}
            .flags[3].kind ∈
            {KGFLAGS_FLAG_KIND_NONE; KGFLAGS_FLAG_KIND_DOUBLE;
             KGFLAGS_FLAG_KIND_STRING_ARRAY; KGFLAGS_FLAG_KIND_INT_ARRAY;
             KGFLAGS_FLAG_KIND_DOUBLE_ARRAY}
            .flags[4].name ∈
            {{ NULL ; "string-array" ; "int-array" ; "double-array" }}
            .flags[4].description ∈
            {{ NULL ; "String array flag." ; "Int array flag." ;
               "Double array flag." }}
            .flags[4].default_value ∈ {0}
            .flags[4].result ∈ {0} or ESCAPINGADDR
            .flags[4]{.assigned; .error; .required} ∈ {0; 1}
            .flags[4].[bits 280 to 287] ∈ {0}
            .flags[4].kind ∈
            {KGFLAGS_FLAG_KIND_NONE; KGFLAGS_FLAG_KIND_STRING_ARRAY;
             KGFLAGS_FLAG_KIND_INT_ARRAY; KGFLAGS_FLAG_KIND_DOUBLE_ARRAY}
            .flags[5].name ∈ {{ NULL ; "int-array" ; "double-array" }}
            .flags[5].description ∈
            {{ NULL ; "Int array flag." ; "Double array flag." }}
            .flags[5].default_value ∈ {0}
            .flags[5].result ∈ {0} or ESCAPINGADDR
            .flags[5]{.assigned; .error; .required} ∈ {0; 1}
            .flags[5].[bits 280 to 287] ∈ {0}
            .flags[5].kind ∈
            {KGFLAGS_FLAG_KIND_NONE; KGFLAGS_FLAG_KIND_INT_ARRAY;
             KGFLAGS_FLAG_KIND_DOUBLE_ARRAY}
            .flags[6].name ∈ {{ NULL ; "double-array" }}
            .flags[6].description ∈ {{ NULL ; "Double array flag." }}
            .flags[6].default_value ∈ {0}
            .flags[6].result ∈ {0} or ESCAPINGADDR
            .flags[6]{.assigned; .error; .required} ∈ {0; 1}
            .flags[6].[bits 280 to 287] ∈ {0}
            .flags[6].kind ∈
            {KGFLAGS_FLAG_KIND_NONE; KGFLAGS_FLAG_KIND_DOUBLE_ARRAY}
            .flags[7..255] ∈ {0}
            .non_flag_count ∈ {0; 1; 2; 3; 4}
            .[bits 82016 to 82047] ∈ {0}
            .non_flag_args[0] ∈
            {{ NULL ; &argv1[0] ; &argv2[0] ; &argv3[0] ; &argv4[0] }}
            .non_flag_args[1] ∈
            {{ NULL ; &argv2[0] ; &argv3[0] ; &argv4[0] }}
            .non_flag_args[2] ∈ {{ NULL ; &argv3[0] ; &argv4[0] }}
            .non_flag_args[3] ∈ {{ NULL ; &argv4[0] }}
            .non_flag_args[4..511] ∈ {0}
            .errors_count ∈ [0..512]
            .[bits 114848 to 114879] ∈ {0}
            .errors[0].flag_name ∈
            {{ garbled mix of &{argv1; argv2; argv3; argv4; "string"; 
                                "bool"; "int"; "double"; "string-array";
                                "int-array"; "double-array"}
             (origin: Misaligned {kgflags.h:657}) }} or UNINITIALIZED
            .errors[0].arg ∈
            {{ garbled mix of &{argv2; argv3; argv4; "int"; "double";
                                "string-array"; "int-array"; "double-array"}
             (origin: Misaligned {kgflags.h:657}) }} or UNINITIALIZED
            .errors[0]{.kind; .[bits 160 to 191]} ∈
            {{ garbled mix of &{"int"; "double"; "string-array"; "int-array";
                                "double-array"}
             (origin: Misaligned {kgflags.h:657}) }} or UNINITIALIZED
            .errors[1].flag_name ∈
            {{ garbled mix of &{argv2; argv3; argv4; "string"; "bool"; 
                                "int"; "double"; "string-array"; "int-array";
                                "double-array"}
             (origin: Misaligned {kgflags.h:657}) }} or UNINITIALIZED
            .errors[1].arg ∈
            {{ garbled mix of &{argv3; argv4; "int"; "double";
                                "string-array"; "int-array"; "double-array"}
             (origin: Misaligned {kgflags.h:657}) }} or UNINITIALIZED
            .errors[1]{.kind; .[bits 160 to 191]} ∈
            {{ garbled mix of &{"int"; "double"; "string-array"; "int-array";
                                "double-array"}
             (origin: Misaligned {kgflags.h:657}) }} or UNINITIALIZED
            .errors[2].flag_name ∈
            {{ garbled mix of &{argv2; argv3; argv4; "string"; "bool"; 
                                "int"; "double"; "string-array"; "int-array";
                                "double-array"}
             (origin: Misaligned {kgflags.h:657}) }} or UNINITIALIZED
            .errors[2].arg ∈
            {{ garbled mix of &{argv3; argv4; "int"; "double";
                                "string-array"; "int-array"; "double-array"}
             (origin: Misaligned {kgflags.h:657}) }} or UNINITIALIZED
            .errors[2]{.kind; .[bits 160 to 191]} ∈
            {{ garbled mix of &{"int"; "double"; "string-array"; "int-array";
                                "double-array"}
             (origin: Misaligned {kgflags.h:657}) }} or UNINITIALIZED
            .errors[3].flag_name ∈
            {{ garbled mix of &{argv2; argv3; argv4; "string"; "bool"; 
                                "int"; "double"; "string-array"; "int-array";
                                "double-array"}
             (origin: Misaligned {kgflags.h:657}) }} or UNINITIALIZED
            .errors[3].arg ∈
            {{ garbled mix of &{argv3; argv4; "int"; "double";
                                "string-array"; "int-array"; "double-array"}
             (origin: Misaligned {kgflags.h:657}) }} or UNINITIALIZED
            .errors[3]{.kind; .[bits 160 to 191]} ∈
            {{ garbled mix of &{"int"; "double"; "string-array"; "int-array";
                                "double-array"}
             (origin: Misaligned {kgflags.h:657}) }} or UNINITIALIZED
            .errors[4].flag_name ∈
            {{ garbled mix of &{argv3; argv4; "string"; "bool"; "int";
                                "double"; "string-array"; "int-array";
                                "double-array"}
             (origin: Misaligned {kgflags.h:657}) }} or UNINITIALIZED
            .errors[4].arg ∈
            {{ garbled mix of &{argv3; argv4; "int"; "double";
                                "string-array"; "int-array"; "double-array"}
             (origin: Misaligned {kgflags.h:657}) }} or UNINITIALIZED
            .errors[4]{.kind; .[bits 160 to 191]} ∈
            {{ garbled mix of &{"int"; "double"; "string-array"; "int-array";
                                "double-array"}
             (origin: Misaligned {kgflags.h:657}) }} or UNINITIALIZED
            .errors[5].flag_name ∈
            {{ garbled mix of &{argv3; argv4; "string"; "bool"; "int";
                                "double"; "string-array"; "int-array";
                                "double-array"}
             (origin: Misaligned {kgflags.h:657}) }} or UNINITIALIZED
            .errors[5].arg ∈
            {{ garbled mix of &{argv4; "int"; "double"; "string-array";
                                "int-array"; "double-array"}
             (origin: Misaligned {kgflags.h:657}) }} or UNINITIALIZED
            .errors[5]{.kind; .[bits 160 to 191]} ∈
            {{ garbled mix of &{"int"; "double"; "string-array"; "int-array";
                                "double-array"}
             (origin: Misaligned {kgflags.h:657}) }} or UNINITIALIZED
            .errors[6].flag_name ∈
            {{ garbled mix of &{argv3; argv4; "string"; "bool"; "int";
                                "double"; "string-array"; "int-array";
                                "double-array"}
             (origin: Misaligned {kgflags.h:657}) }} or UNINITIALIZED
            .errors[6].arg ∈
            {{ garbled mix of &{argv4; "int"; "double"; "string-array";
                                "int-array"; "double-array"}
             (origin: Misaligned {kgflags.h:657}) }} or UNINITIALIZED
            .errors[6]{.kind; .[bits 160 to 191]} ∈
            {{ garbled mix of &{"int"; "double"; "string-array"; "int-array";
                                "double-array"}
             (origin: Misaligned {kgflags.h:657}) }} or UNINITIALIZED
            .errors[7].flag_name ∈
            {{ garbled mix of &{argv4; "string"; "bool"; "int"; "double";
                                "string-array"; "int-array"; "double-array"}
             (origin: Misaligned {kgflags.h:657}) }} or UNINITIALIZED
            .errors[7].arg ∈
            {{ garbled mix of &{argv4; "int"; "double"; "string-array";
                                "int-array"; "double-array"}
             (origin: Misaligned {kgflags.h:657}) }} or UNINITIALIZED
            .errors[7]{.kind; .[bits 160 to 191]} ∈
            {{ garbled mix of &{"int"; "double"; "string-array"; "int-array";
                                "double-array"}
             (origin: Misaligned {kgflags.h:657}) }} or UNINITIALIZED
            .errors[8].flag_name ∈
            {{ garbled mix of &{argv4; "string"; "bool"; "int"; "double";
                                "string-array"; "int-array"; "double-array"}
             (origin: Misaligned {kgflags.h:657}) }} or UNINITIALIZED
            .errors[8]{.arg; .kind; .[bits 160 to 191]} ∈
            {{ garbled mix of &{"int"; "double"; "string-array"; "int-array";
                                "double-array"}
             (origin: Misaligned {kgflags.h:657}) }} or UNINITIALIZED
            .errors[9].flag_name ∈
            {{ garbled mix of &{"string"; "bool"; "int"; "double";
                                "string-array"; "int-array"; "double-array"}
             (origin: Misaligned {kgflags.h:657}) }} or UNINITIALIZED
            .errors[9]{.arg; .kind; .[bits 160 to 191]} ∈
            {{ garbled mix of &{"int"; "double"; "string-array"; "int-array";
                                "double-array"}
             (origin: Misaligned {kgflags.h:657}) }} or UNINITIALIZED
            .errors[10].flag_name ∈
            {{ garbled mix of &{"string"; "bool"; "int"; "double";
                                "string-array"; "int-array"; "double-array"}
             (origin: Misaligned {kgflags.h:657}) }} or UNINITIALIZED
            .errors[10]{.arg; .kind; .[bits 160 to 191]} ∈
            {{ garbled mix of &{"int"; "double"; "string-array"; "int-array";
                                "double-array"}
             (origin: Misaligned {kgflags.h:657}) }} or UNINITIALIZED
            .errors[11].flag_name ∈
            {{ garbled mix of &{"bool"; "int"; "double"; "string-array";
                                "int-array"; "double-array"}
             (origin: Misaligned {kgflags.h:657}) }} or UNINITIALIZED
            .errors{[11]{.arg; .kind; .[bits 160 to 191]}; [12]} ∈
            {{ garbled mix of &{"int"; "double"; "string-array"; "int-array";
                                "double-array"}
             (origin: Misaligned {kgflags.h:657}) }} or UNINITIALIZED
            .errors[13..511] ∈
            {{ garbled mix of &{"double"; "string-array"; "int-array";
                                "double-array"}
             (origin: Misaligned {kgflags.h:657}) }} or UNINITIALIZED
            .flag_prefix ∈ {{ "-" }}
            .arg_cursor ∈ {1; 2; 3; 4; 5}
            .argc ∈ {0; 1; 2; 3; 4; 5}
            .argv ∈ {{ &argv[0] }}
            .custom_description ∈ {{ "Usage of fullapi [-FLAGS]:" }}
  S___fc_stderr[0..1] ∈ [--..--]
  S___fc_stdout[0].__fc_FILE_id ∈ [--..--]
               [0].__fc_FILE_data ∈
               {{ garbled mix of &{argv}
                (origin: Misaligned {examples/full_api.c:37}) }}
               [1] ∈ [--..--]
[eva:summary] ====== ANALYSIS SUMMARY ======
  ----------------------------------------------------------------------------
  34 functions analyzed (out of 34): 100% coverage.
  In these functions, 699 statements reached (out of 736): 94% coverage.
  ----------------------------------------------------------------------------
  Some errors and warnings have been raised during the analysis:
    by the Eva analyzer:      0 errors    7 warnings
    by the Frama-C kernel:    0 errors    0 warnings
  ----------------------------------------------------------------------------
  30 alarms generated by the analysis:
      14 invalid memory accesses
      11 accesses to uninitialized left-values
       3 nan or infinite floating-point values
       2 others
  1 of them is a sure alarm (invalid status).
  ----------------------------------------------------------------------------
  Evaluation of the logical properties reached by the analysis:
    Assertions        0 valid     0 unknown     0 invalid      0 total
    Preconditions    86 valid    25 unknown     0 invalid    111 total
  77% of the logical properties reached have been proven.
  ----------------------------------------------------------------------------
442.88user 1.12system 7:24.05elapsed 99%CPU (0avgtext+0avgdata 846072maxresident)k
0inputs+3176outputs (0major+290376minor)pagefaults 0swaps
