[kernel] Parsing fc_stubs.c (with preprocessing)
[kernel] Parsing examples/full_api.c (with preprocessing)
[eva] Option -eva-precision 0 detected, automatic configuration of the analysis:
  option -eva-min-loop-unroll set to 0 (default value).
  option -eva-auto-loop-unroll set to 0 (default value).
  option -eva-widening-delay set to 1.
  option -eva-partition-history set to 0 (default value).
  option -eva-slevel already set to 693 (not modified).
  option -eva-ilevel set to 8 (default value).
  option -eva-plevel set to 10.
  option -eva-subdivide-non-linear set to 0 (default value).
  option -eva-remove-redundant-alarms set to false.
  option -eva-domains set to 'cvalue' (default value).
  option -eva-split-return set to '' (default value).
  option -eva-equality-through-calls set to 'none'.
  option -eva-octagon-through-calls set to false (default value).
[eva] Analyzing a complete application starting at eva_main
[eva:initial-state] Values of globals at initialization
  _kgflags_g ∈ {0}
[eva] using specification for function Frama_C_interval
[eva] using specification for function Frama_C_make_unknown
[eva] FRAMAC_SHARE/libc/string.h:134: 
  cannot evaluate ACSL term, unsupported ACSL construct: logic function memset
[eva] using specification for function strstr
[eva] FRAMAC_SHARE/libc/string.h:243: 
  cannot evaluate ACSL term, unsupported ACSL construct: logic function memcmp
[eva] using specification for function strcmp
[eva] FRAMAC_SHARE/libc/string.h:156: 
  cannot evaluate ACSL term, unsupported ACSL construct: logic function strcmp
[eva:alarm] kgflags.h:608: Warning: 
  function strcmp: precondition 'valid_string_s2' got status unknown.
[eva:alarm] kgflags.h:612: Warning: 
  function strcmp: precondition 'valid_string_s2' got status unknown.
[eva] using specification for function strncmp
[eva] FRAMAC_SHARE/libc/string.h:163: 
  cannot evaluate ACSL term, unsupported ACSL construct: logic function strncmp
[eva:alarm] kgflags.h:608: Warning: 
  function strcmp: precondition 'valid_string_s1' got status unknown.
[eva:alarm] kgflags.h:611: Warning: 
  function strstr: precondition 'valid_string_haystack' got status unknown.
[eva:alarm] kgflags.h:612: Warning: 
  function strcmp: precondition 'valid_string_s1' got status invalid.
[eva:alarm] kgflags.h:735: Warning: 
  out of bounds write. assert \valid(flag->result.bool_value);
[eva] using specification for function strtol
[eva:alarm] kgflags.h:753: Warning: 
  out of bounds write. assert \valid(flag->result.int_value);
[eva] using specification for function strtod
[eva:alarm] kgflags.h:641: Warning: 
  non-finite float value. assert \is_finite((float)INFINITY);
[eva:alarm] kgflags.h:641: Warning: 
  non-finite double value. assert \is_finite(res);
[eva] kgflags.h:778: Trace partitioning superposing up to 100 states
[eva] kgflags.h:778: Trace partitioning superposing up to 200 states
[eva] kgflags.h:778: Trace partitioning superposing up to 300 states
[eva] kgflags.h:778: Trace partitioning superposing up to 400 states
[eva] kgflags.h:778: Trace partitioning superposing up to 500 states
[eva] kgflags.h:778: Trace partitioning superposing up to 600 states
[eva] kgflags.h:778: starting to merge loop iterations
[eva:alarm] kgflags.h:784: Warning: 
  signed overflow. assert count + 1 ≤ 2147483647;
[eva:alarm] kgflags.h:787: Warning: 
  out of bounds write. assert \valid(&arr->_items);
[eva:alarm] kgflags.h:788: Warning: 
  out of bounds write. assert \valid(&arr->_count);
[eva] kgflags.h:809: Trace partitioning superposing up to 700 states
[kernel] kgflags.h:657: too many locations to update in array. Approximating.
[eva] kgflags.h:796: starting to merge loop iterations
[eva:alarm] kgflags.h:809: Warning: 
  signed overflow. assert count_0 + 1 ≤ 2147483647;
[eva:alarm] kgflags.h:813: Warning: 
  out of bounds write. assert \valid(&arr_0->_items);
[eva:alarm] kgflags.h:814: Warning: 
  out of bounds write. assert \valid(&arr_0->_count);
[eva] kgflags.h:823: starting to merge loop iterations
[eva:alarm] kgflags.h:836: Warning: 
  signed overflow. assert count_1 + 1 ≤ 2147483647;
[eva:alarm] kgflags.h:840: Warning: 
  out of bounds write. assert \valid(&arr_1->_items);
[eva:alarm] kgflags.h:841: Warning: 
  out of bounds write. assert \valid(&arr_1->_count);
[eva] kgflags.h:360: Trace partitioning superposing up to 100 states
[eva] kgflags.h:360: Trace partitioning superposing up to 200 states
[eva] kgflags.h:360: Trace partitioning superposing up to 300 states
[eva] kgflags.h:360: Trace partitioning superposing up to 400 states
[eva] kgflags.h:360: Trace partitioning superposing up to 500 states
[eva] kgflags.h:360: Trace partitioning superposing up to 600 states
[eva] kgflags.h:360: Trace partitioning superposing up to 700 states
[eva] kgflags.h:360: starting to merge loop iterations
[eva:alarm] kgflags.h:675: Warning: 
  out of bounds write. assert \valid(flag->result.bool_value);
[eva:alarm] kgflags.h:680: Warning: 
  out of bounds write. assert \valid(flag->result.int_value);
[eva:alarm] kgflags.h:685: Warning: 
  out of bounds write. assert \valid(flag->result.double_value);
[eva] kgflags.h:663: Trace partitioning superposing up to 200 states
[eva] kgflags.h:663: Trace partitioning superposing up to 400 states
[eva] kgflags.h:663: Trace partitioning superposing up to 900 states
[eva] kgflags.h:663: Trace partitioning superposing up to 100 states
[eva] kgflags.h:666: Trace partitioning superposing up to 200 states
[eva] kgflags.h:663: Trace partitioning superposing up to 300 states
[eva] kgflags.h:666: Trace partitioning superposing up to 600 states
[eva] kgflags.h:663: Trace partitioning superposing up to 1000 states
[eva] kgflags.h:666: Trace partitioning superposing up to 400 states
[eva] kgflags.h:663: Trace partitioning superposing up to 700 states
[eva] kgflags.h:385: Trace partitioning superposing up to 1400 states
[eva] using specification for function printf_va_1
[eva:alarm] examples/full_api.c:34: Warning: 
  function printf_va_1: precondition valid_read_string(param0) got status unknown.
[eva] using specification for function printf_va_2
[eva] using specification for function printf_va_3
[eva:alarm] examples/full_api.c:37: Warning: 
  non-finite double value. assert \is_finite(double_val);
[eva] using specification for function printf_va_4
[eva] using specification for function printf_va_5
[eva:alarm] kgflags.h:522: Warning: 
  out of bounds read. assert \valid_read(arr->_items + at);
[eva:garbled-mix:write] kgflags.h:522: 
  Assigning imprecise value to __retres.
  The imprecision originates from Misaligned {kgflags.h:522}
[eva:garbled-mix:write] kgflags.h:522: 
  Assigning imprecise value to \result<kgflags_string_array_get_item>.
  The imprecision originates from Misaligned {kgflags.h:522}
[eva:garbled-mix:write] examples/full_api.c:41: 
  Assigning imprecise value to tmp_2.
  The imprecision originates from Misaligned {kgflags.h:522}
[eva] using specification for function printf_va_6
[eva:alarm] examples/full_api.c:41: Warning: 
  function printf_va_6: precondition valid_read_string(param1) got status unknown.
[eva] examples/full_api.c:40: Trace partitioning superposing up to 100 states
[eva] examples/full_api.c:40: Trace partitioning superposing up to 200 states
[eva] examples/full_api.c:40: Trace partitioning superposing up to 300 states
[eva] examples/full_api.c:40: Trace partitioning superposing up to 400 states
[eva] examples/full_api.c:40: Trace partitioning superposing up to 500 states
[eva] examples/full_api.c:40: Trace partitioning superposing up to 600 states
[eva] examples/full_api.c:40: starting to merge loop iterations
[eva] using specification for function printf_va_7
[eva:alarm] kgflags.h:533: Warning: 
  out of bounds read. assert \valid_read(arr->_items + at);
[eva:garbled-mix:write] kgflags.h:533: 
  Assigning imprecise value to str.
  The imprecision originates from Misaligned {kgflags.h:533}
[eva:alarm] kgflags.h:626: Warning: 
  function strtol: precondition 'valid_string_nptr' got status unknown.
[eva:alarm] kgflags.h:627: Warning: 
  pointer comparison. assert \pointer_comparable((void *)end, (void *)str);
[eva] using specification for function printf_va_8
[eva] examples/full_api.c:45: starting to merge loop iterations
[eva] using specification for function printf_va_9
[eva:alarm] kgflags.h:550: Warning: 
  out of bounds read. assert \valid_read(arr->_items + at);
[eva:garbled-mix:write] kgflags.h:550: 
  Assigning imprecise value to str.
  The imprecision originates from Misaligned {kgflags.h:550}
[eva:alarm] kgflags.h:639: Warning: 
  function strtod: precondition 'valid_string_nptr' got status unknown.
[eva:alarm] kgflags.h:640: Warning: 
  pointer comparison. assert \pointer_comparable((void *)end, (void *)str);
[eva] using specification for function printf_va_10
[eva] examples/full_api.c:50: starting to merge loop iterations
[eva] using specification for function printf_va_11
[eva:alarm] examples/full_api.c:56: Warning: 
  function printf_va_11: precondition valid_read_string(param1) got status unknown.
[eva:alarm] kgflags.h:402: Warning: 
  accessing uninitialized left-value. assert \initialized(&err->kind);
[eva:alarm] kgflags.h:404: Warning: 
  accessing uninitialized left-value. assert \initialized(&err->flag_name);
[eva] using specification for function fprintf_va_1
[eva:alarm] kgflags.h:404: Warning: 
  function fprintf_va_1: precondition valid_read_string(param1) got status unknown.
[eva:alarm] kgflags.h:408: Warning: 
  accessing uninitialized left-value. assert \initialized(&err->flag_name);
[eva] using specification for function fprintf_va_2
[eva:alarm] kgflags.h:408: Warning: 
  function fprintf_va_2: precondition valid_read_string(param1) got status unknown.
[eva:alarm] kgflags.h:412: Warning: 
  accessing uninitialized left-value. assert \initialized(&err->flag_name);
[eva] using specification for function fprintf_va_3
[eva:alarm] kgflags.h:412: Warning: 
  function fprintf_va_3: precondition valid_read_string(param1) got status unknown.
[eva:alarm] kgflags.h:416: Warning: 
  accessing uninitialized left-value. assert \initialized(&err->arg);
[eva:alarm] kgflags.h:416: Warning: 
  accessing uninitialized left-value. assert \initialized(&err->flag_name);
[eva] using specification for function fprintf_va_4
[eva:alarm] kgflags.h:416: Warning: 
  function fprintf_va_4: precondition valid_read_string(param1) got status unknown.
[eva:alarm] kgflags.h:416: Warning: 
  function fprintf_va_4: precondition valid_read_string(param2) got status unknown.
[eva:alarm] kgflags.h:420: Warning: 
  accessing uninitialized left-value. assert \initialized(&err->arg);
[eva:alarm] kgflags.h:420: Warning: 
  accessing uninitialized left-value. assert \initialized(&err->flag_name);
[eva] using specification for function fprintf_va_5
[eva:alarm] kgflags.h:420: Warning: 
  function fprintf_va_5: precondition valid_read_string(param1) got status unknown.
[eva:alarm] kgflags.h:420: Warning: 
  function fprintf_va_5: precondition valid_read_string(param2) got status unknown.
[eva] using specification for function fprintf_va_6
[eva] using specification for function fprintf_va_7
[eva:alarm] kgflags.h:432: Warning: 
  accessing uninitialized left-value. assert \initialized(&err->flag_name);
[eva] using specification for function fprintf_va_8
[eva:alarm] kgflags.h:432: Warning: 
  function fprintf_va_8: precondition valid_read_string(param1) got status unknown.
[eva:alarm] kgflags.h:436: Warning: 
  accessing uninitialized left-value. assert \initialized(&err->flag_name);
[eva] using specification for function fprintf_va_9
[eva:alarm] kgflags.h:436: Warning: 
  function fprintf_va_9: precondition valid_read_string(param1) got status unknown.
[eva:alarm] kgflags.h:440: Warning: 
  accessing uninitialized left-value. assert \initialized(&err->flag_name);
[eva] using specification for function fprintf_va_10
[eva:alarm] kgflags.h:440: Warning: 
  function fprintf_va_10: precondition valid_read_string(param1) got status unknown.
[eva] kgflags.h:400: Trace partitioning superposing up to 100 states
[eva] kgflags.h:400: Trace partitioning superposing up to 200 states
[eva] kgflags.h:400: Trace partitioning superposing up to 300 states
[eva] kgflags.h:400: Trace partitioning superposing up to 400 states
[eva] kgflags.h:400: Trace partitioning superposing up to 500 states
[eva] kgflags.h:400: Trace partitioning superposing up to 600 states
[eva] kgflags.h:400: Trace partitioning superposing up to 700 states
[eva] kgflags.h:400: Trace partitioning superposing up to 800 states
[kernel] kgflags.h:404: more than 10(11) elements to enumerate. Approximating.
[kernel] kgflags.h:416: more than 10(11) elements to enumerate. Approximating.
[kernel] kgflags.h:404: more than 10(12) elements to enumerate. Approximating.
[kernel] kgflags.h:416: more than 10(12) elements to enumerate. Approximating.
[kernel] kgflags.h:404: more than 10(13) elements to enumerate. Approximating.
[kernel] kgflags.h:416: more than 10(13) elements to enumerate. Approximating.
[kernel] kgflags.h:404: more than 10(14) elements to enumerate. Approximating.
[kernel] kgflags.h:416: more than 10(14) elements to enumerate. Approximating.
[kernel] kgflags.h:404: more than 10(15) elements to enumerate. Approximating.
[kernel] kgflags.h:416: more than 10(15) elements to enumerate. Approximating.
[kernel] kgflags.h:404: more than 10(16) elements to enumerate. Approximating.
[kernel] kgflags.h:416: more than 10(16) elements to enumerate. Approximating.
[kernel] kgflags.h:404: more than 10(17) elements to enumerate. Approximating.
[kernel] kgflags.h:416: more than 10(17) elements to enumerate. Approximating.
[kernel] kgflags.h:404: more than 10(18) elements to enumerate. Approximating.
[kernel] kgflags.h:416: more than 10(18) elements to enumerate. Approximating.
[eva] kgflags.h:400: Trace partitioning superposing up to 900 states
[kernel] kgflags.h:404: more than 10(19) elements to enumerate. Approximating.
[kernel] kgflags.h:416: more than 10(19) elements to enumerate. Approximating.
[kernel] kgflags.h:404: more than 10(20) elements to enumerate. Approximating.
[kernel] kgflags.h:416: more than 10(20) elements to enumerate. Approximating.
[kernel] kgflags.h:404: more than 10(21) elements to enumerate. Approximating.
[kernel] kgflags.h:416: more than 10(21) elements to enumerate. Approximating.
[kernel] kgflags.h:404: more than 10(22) elements to enumerate. Approximating.
[kernel] kgflags.h:416: more than 10(22) elements to enumerate. Approximating.
[kernel] kgflags.h:404: more than 10(23) elements to enumerate. Approximating.
[kernel] kgflags.h:416: more than 10(23) elements to enumerate. Approximating.
[kernel] kgflags.h:404: more than 10(24) elements to enumerate. Approximating.
[kernel] kgflags.h:416: more than 10(24) elements to enumerate. Approximating.
[kernel] kgflags.h:404: more than 10(25) elements to enumerate. Approximating.
[kernel] kgflags.h:416: more than 10(25) elements to enumerate. Approximating.
[kernel] kgflags.h:404: more than 10(26) elements to enumerate. Approximating.
[kernel] kgflags.h:416: more than 10(26) elements to enumerate. Approximating.
[kernel] kgflags.h:404: more than 10(27) elements to enumerate. Approximating.
[kernel] kgflags.h:416: more than 10(27) elements to enumerate. Approximating.
[eva] kgflags.h:400: Trace partitioning superposing up to 1000 states
[kernel] kgflags.h:404: more than 10(28) elements to enumerate. Approximating.
[kernel] kgflags.h:416: more than 10(28) elements to enumerate. Approximating.
[kernel] kgflags.h:404: more than 10(29) elements to enumerate. Approximating.
[kernel] kgflags.h:416: more than 10(29) elements to enumerate. Approximating.
[kernel] kgflags.h:404: more than 10(30) elements to enumerate. Approximating.
[kernel] kgflags.h:416: more than 10(30) elements to enumerate. Approximating.
[kernel] kgflags.h:404: more than 10(31) elements to enumerate. Approximating.
[kernel] kgflags.h:416: more than 10(31) elements to enumerate. Approximating.
[kernel] kgflags.h:404: more than 10(32) elements to enumerate. Approximating.
[kernel] kgflags.h:416: more than 10(32) elements to enumerate. Approximating.
[kernel] kgflags.h:404: more than 10(33) elements to enumerate. Approximating.
[kernel] kgflags.h:416: more than 10(33) elements to enumerate. Approximating.
[kernel] kgflags.h:404: more than 10(34) elements to enumerate. Approximating.
[kernel] kgflags.h:416: more than 10(34) elements to enumerate. Approximating.
[kernel] kgflags.h:404: more than 10(35) elements to enumerate. Approximating.
[kernel] kgflags.h:416: more than 10(35) elements to enumerate. Approximating.
[kernel] kgflags.h:404: more than 10(36) elements to enumerate. Approximating.
[kernel] kgflags.h:416: more than 10(36) elements to enumerate. Approximating.
[eva] kgflags.h:400: Trace partitioning superposing up to 1100 states
[kernel] kgflags.h:404: more than 10(37) elements to enumerate. Approximating.
[kernel] kgflags.h:416: more than 10(37) elements to enumerate. Approximating.
[kernel] kgflags.h:404: more than 10(38) elements to enumerate. Approximating.
[kernel] kgflags.h:416: more than 10(38) elements to enumerate. Approximating.
[kernel] kgflags.h:404: more than 10(39) elements to enumerate. Approximating.
[kernel] kgflags.h:416: more than 10(39) elements to enumerate. Approximating.
[kernel] kgflags.h:404: more than 10(40) elements to enumerate. Approximating.
[kernel] kgflags.h:416: more than 10(40) elements to enumerate. Approximating.
[kernel] kgflags.h:404: more than 10(41) elements to enumerate. Approximating.
[kernel] kgflags.h:416: more than 10(41) elements to enumerate. Approximating.
[kernel] kgflags.h:404: more than 10(42) elements to enumerate. Approximating.
[kernel] kgflags.h:416: more than 10(42) elements to enumerate. Approximating.
[kernel] kgflags.h:404: more than 10(43) elements to enumerate. Approximating.
[kernel] kgflags.h:416: more than 10(43) elements to enumerate. Approximating.
[kernel] kgflags.h:404: more than 10(44) elements to enumerate. Approximating.
[kernel] kgflags.h:416: more than 10(44) elements to enumerate. Approximating.
[kernel] kgflags.h:404: more than 10(45) elements to enumerate. Approximating.
[kernel] kgflags.h:416: more than 10(45) elements to enumerate. Approximating.
[kernel] kgflags.h:404: more than 10(46) elements to enumerate. Approximating.
[kernel] kgflags.h:416: more than 10(46) elements to enumerate. Approximating.
[eva] kgflags.h:400: Trace partitioning superposing up to 1200 states
[kernel] kgflags.h:404: more than 10(47) elements to enumerate. Approximating.
[kernel] kgflags.h:416: more than 10(47) elements to enumerate. Approximating.
[kernel] kgflags.h:404: more than 10(48) elements to enumerate. Approximating.
[kernel] kgflags.h:416: more than 10(48) elements to enumerate. Approximating.
[kernel] kgflags.h:404: more than 10(49) elements to enumerate. Approximating.
[kernel] kgflags.h:416: more than 10(49) elements to enumerate. Approximating.
[kernel] kgflags.h:404: more than 10(50) elements to enumerate. Approximating.
[kernel] kgflags.h:416: more than 10(50) elements to enumerate. Approximating.
[kernel] kgflags.h:404: more than 10(51) elements to enumerate. Approximating.
[kernel] kgflags.h:416: more than 10(51) elements to enumerate. Approximating.
[kernel] kgflags.h:404: more than 10(52) elements to enumerate. Approximating.
[kernel] kgflags.h:416: more than 10(52) elements to enumerate. Approximating.
[kernel] kgflags.h:404: more than 10(53) elements to enumerate. Approximating.
[kernel] kgflags.h:408: more than 10(53) elements to enumerate. Approximating.
[kernel] kgflags.h:412: more than 10(53) elements to enumerate. Approximating.
[kernel] kgflags.h:416: more than 10(53) elements to enumerate. Approximating.
[kernel] kgflags.h:420: more than 10(53) elements to enumerate. Approximating.
[kernel] kgflags.h:432: more than 10(53) elements to enumerate. Approximating.
[kernel] kgflags.h:436: more than 10(53) elements to enumerate. Approximating.
[kernel] kgflags.h:440: more than 10(53) elements to enumerate. Approximating.
[kernel] kgflags.h:404: more than 10(54) elements to enumerate. Approximating.
[kernel] kgflags.h:416: more than 10(54) elements to enumerate. Approximating.
[kernel] kgflags.h:404: more than 10(55) elements to enumerate. Approximating.
[kernel] kgflags.h:416: more than 10(55) elements to enumerate. Approximating.
[eva] kgflags.h:400: Trace partitioning superposing up to 1300 states
[kernel] kgflags.h:404: more than 10(56) elements to enumerate. Approximating.
[kernel] kgflags.h:416: more than 10(56) elements to enumerate. Approximating.
[kernel] kgflags.h:404: more than 10(57) elements to enumerate. Approximating.
[kernel] kgflags.h:416: more than 10(57) elements to enumerate. Approximating.
[kernel] kgflags.h:404: more than 10(58) elements to enumerate. Approximating.
[kernel] kgflags.h:416: more than 10(58) elements to enumerate. Approximating.
[kernel] kgflags.h:404: more than 10(59) elements to enumerate. Approximating.
[kernel] kgflags.h:416: more than 10(59) elements to enumerate. Approximating.
[kernel] kgflags.h:404: more than 10(60) elements to enumerate. Approximating.
[kernel] kgflags.h:416: more than 10(60) elements to enumerate. Approximating.
[kernel] kgflags.h:404: more than 10(61) elements to enumerate. Approximating.
[kernel] kgflags.h:408: more than 10(61) elements to enumerate. Approximating.
[kernel] kgflags.h:412: more than 10(61) elements to enumerate. Approximating.
[kernel] kgflags.h:416: more than 10(61) elements to enumerate. Approximating.
[kernel] kgflags.h:420: more than 10(61) elements to enumerate. Approximating.
[kernel] kgflags.h:432: more than 10(61) elements to enumerate. Approximating.
[kernel] kgflags.h:436: more than 10(61) elements to enumerate. Approximating.
[kernel] kgflags.h:440: more than 10(61) elements to enumerate. Approximating.
[kernel] kgflags.h:404: more than 10(62) elements to enumerate. Approximating.
[kernel] kgflags.h:416: more than 10(62) elements to enumerate. Approximating.
[kernel] kgflags.h:404: more than 10(63) elements to enumerate. Approximating.
[kernel] kgflags.h:416: more than 10(63) elements to enumerate. Approximating.
[kernel] kgflags.h:404: more than 10(64) elements to enumerate. Approximating.
[kernel] kgflags.h:416: more than 10(64) elements to enumerate. Approximating.
[eva] kgflags.h:400: Trace partitioning superposing up to 1400 states
[kernel] kgflags.h:404: more than 10(65) elements to enumerate. Approximating.
[kernel] kgflags.h:416: more than 10(65) elements to enumerate. Approximating.
[kernel] kgflags.h:404: more than 10(66) elements to enumerate. Approximating.
[kernel] kgflags.h:416: more than 10(66) elements to enumerate. Approximating.
[kernel] kgflags.h:404: more than 10(67) elements to enumerate. Approximating.
[kernel] kgflags.h:416: more than 10(67) elements to enumerate. Approximating.
[kernel] kgflags.h:404: more than 10(68) elements to enumerate. Approximating.
[kernel] kgflags.h:416: more than 10(68) elements to enumerate. Approximating.
[kernel] kgflags.h:404: more than 10(69) elements to enumerate. Approximating.
[kernel] kgflags.h:416: more than 10(69) elements to enumerate. Approximating.
[kernel] kgflags.h:404: more than 10(70) elements to enumerate. Approximating.
[kernel] kgflags.h:416: more than 10(70) elements to enumerate. Approximating.
[kernel] kgflags.h:404: more than 10(71) elements to enumerate. Approximating.
[kernel] kgflags.h:416: more than 10(71) elements to enumerate. Approximating.
[kernel] kgflags.h:404: more than 10(72) elements to enumerate. Approximating.
[kernel] kgflags.h:416: more than 10(72) elements to enumerate. Approximating.
[kernel] kgflags.h:404: more than 10(73) elements to enumerate. Approximating.
[kernel] kgflags.h:416: more than 10(73) elements to enumerate. Approximating.
[eva] kgflags.h:400: Trace partitioning superposing up to 1500 states
[kernel] kgflags.h:404: more than 10(74) elements to enumerate. Approximating.
[kernel] kgflags.h:416: more than 10(74) elements to enumerate. Approximating.
[kernel] kgflags.h:404: more than 10(75) elements to enumerate. Approximating.
[kernel] kgflags.h:416: more than 10(75) elements to enumerate. Approximating.
[kernel] kgflags.h:404: more than 10(76) elements to enumerate. Approximating.
[kernel] kgflags.h:416: more than 10(76) elements to enumerate. Approximating.
[kernel] kgflags.h:404: more than 10(77) elements to enumerate. Approximating.
[kernel] kgflags.h:416: more than 10(77) elements to enumerate. Approximating.
[kernel] kgflags.h:404: more than 10(78) elements to enumerate. Approximating.
[kernel] kgflags.h:416: more than 10(78) elements to enumerate. Approximating.
[kernel] kgflags.h:404: more than 10(79) elements to enumerate. Approximating.
[kernel] kgflags.h:416: more than 10(79) elements to enumerate. Approximating.
[kernel] kgflags.h:404: more than 10(80) elements to enumerate. Approximating.
[kernel] kgflags.h:416: more than 10(80) elements to enumerate. Approximating.
[kernel] kgflags.h:404: more than 10(81) elements to enumerate. Approximating.
[kernel] kgflags.h:416: more than 10(81) elements to enumerate. Approximating.
[kernel] kgflags.h:404: more than 10(82) elements to enumerate. Approximating.
[kernel] kgflags.h:416: more than 10(82) elements to enumerate. Approximating.
[eva] kgflags.h:400: Trace partitioning superposing up to 1600 states
[kernel] kgflags.h:404: more than 10(83) elements to enumerate. Approximating.
[kernel] kgflags.h:416: more than 10(83) elements to enumerate. Approximating.
[kernel] kgflags.h:404: more than 10(84) elements to enumerate. Approximating.
[kernel] kgflags.h:416: more than 10(84) elements to enumerate. Approximating.
[kernel] kgflags.h:404: more than 10(85) elements to enumerate. Approximating.
[kernel] kgflags.h:416: more than 10(85) elements to enumerate. Approximating.
[kernel] kgflags.h:404: more than 10(86) elements to enumerate. Approximating.
[kernel] kgflags.h:416: more than 10(86) elements to enumerate. Approximating.
[kernel] kgflags.h:404: more than 10(87) elements to enumerate. Approximating.
[kernel] kgflags.h:416: more than 10(87) elements to enumerate. Approximating.
[kernel] kgflags.h:404: more than 10(88) elements to enumerate. Approximating.
[kernel] kgflags.h:416: more than 10(88) elements to enumerate. Approximating.
[kernel] kgflags.h:404: more than 10(89) elements to enumerate. Approximating.
[kernel] kgflags.h:416: more than 10(89) elements to enumerate. Approximating.
[kernel] kgflags.h:404: more than 10(90) elements to enumerate. Approximating.
[kernel] kgflags.h:416: more than 10(90) elements to enumerate. Approximating.
[kernel] kgflags.h:404: more than 10(91) elements to enumerate. Approximating.
[kernel] kgflags.h:416: more than 10(91) elements to enumerate. Approximating.
[eva] kgflags.h:400: Trace partitioning superposing up to 1700 states
[kernel] kgflags.h:404: more than 10(92) elements to enumerate. Approximating.
[kernel] kgflags.h:416: more than 10(92) elements to enumerate. Approximating.
[kernel] kgflags.h:404: more than 10(93) elements to enumerate. Approximating.
[kernel] kgflags.h:416: more than 10(93) elements to enumerate. Approximating.
[kernel] kgflags.h:404: more than 10(94) elements to enumerate. Approximating.
[kernel] kgflags.h:416: more than 10(94) elements to enumerate. Approximating.
[kernel] kgflags.h:404: more than 10(95) elements to enumerate. Approximating.
[kernel] kgflags.h:416: more than 10(95) elements to enumerate. Approximating.
[kernel] kgflags.h:404: more than 10(96) elements to enumerate. Approximating.
[kernel] kgflags.h:416: more than 10(96) elements to enumerate. Approximating.
[kernel] kgflags.h:404: more than 10(97) elements to enumerate. Approximating.
[kernel] kgflags.h:416: more than 10(97) elements to enumerate. Approximating.
[kernel] kgflags.h:404: more than 10(98) elements to enumerate. Approximating.
[kernel] kgflags.h:416: more than 10(98) elements to enumerate. Approximating.
[kernel] kgflags.h:404: more than 10(99) elements to enumerate. Approximating.
[kernel] kgflags.h:416: more than 10(99) elements to enumerate. Approximating.
[kernel] kgflags.h:404: more than 10(100) elements to enumerate. Approximating.
[kernel] kgflags.h:416: more than 10(100) elements to enumerate. Approximating.
[eva] kgflags.h:400: Trace partitioning superposing up to 1800 states
[kernel] kgflags.h:404: more than 10(101) elements to enumerate. Approximating.
[kernel] kgflags.h:416: more than 10(101) elements to enumerate. Approximating.
[kernel] kgflags.h:404: more than 10(102) elements to enumerate. Approximating.
[kernel] kgflags.h:416: more than 10(102) elements to enumerate. Approximating.
[kernel] kgflags.h:404: more than 10(103) elements to enumerate. Approximating.
[kernel] kgflags.h:416: more than 10(103) elements to enumerate. Approximating.
[kernel] kgflags.h:404: more than 10(104) elements to enumerate. Approximating.
[kernel] kgflags.h:416: more than 10(104) elements to enumerate. Approximating.
[kernel] kgflags.h:404: more than 10(105) elements to enumerate. Approximating.
[kernel] kgflags.h:416: more than 10(105) elements to enumerate. Approximating.
[kernel] kgflags.h:404: more than 10(106) elements to enumerate. Approximating.
[kernel] kgflags.h:416: more than 10(106) elements to enumerate. Approximating.
[kernel] kgflags.h:404: more than 10(107) elements to enumerate. Approximating.
[kernel] kgflags.h:416: more than 10(107) elements to enumerate. Approximating.
[kernel] kgflags.h:404: more than 10(108) elements to enumerate. Approximating.
[kernel] kgflags.h:416: more than 10(108) elements to enumerate. Approximating.
[kernel] kgflags.h:404: more than 10(109) elements to enumerate. Approximating.
[kernel] kgflags.h:416: more than 10(109) elements to enumerate. Approximating.
[eva] kgflags.h:400: Trace partitioning superposing up to 1900 states
[kernel] kgflags.h:404: more than 10(110) elements to enumerate. Approximating.
[kernel] kgflags.h:416: more than 10(110) elements to enumerate. Approximating.
[kernel] kgflags.h:404: more than 10(111) elements to enumerate. Approximating.
[kernel] kgflags.h:416: more than 10(111) elements to enumerate. Approximating.
[kernel] kgflags.h:404: more than 10(112) elements to enumerate. Approximating.
[kernel] kgflags.h:416: more than 10(112) elements to enumerate. Approximating.
[kernel] kgflags.h:404: more than 10(113) elements to enumerate. Approximating.
[kernel] kgflags.h:416: more than 10(113) elements to enumerate. Approximating.
[kernel] kgflags.h:404: more than 10(114) elements to enumerate. Approximating.
[kernel] kgflags.h:416: more than 10(114) elements to enumerate. Approximating.
[kernel] kgflags.h:404: more than 10(115) elements to enumerate. Approximating.
[kernel] kgflags.h:416: more than 10(115) elements to enumerate. Approximating.
[kernel] kgflags.h:404: more than 10(116) elements to enumerate. Approximating.
[kernel] kgflags.h:416: more than 10(116) elements to enumerate. Approximating.
[kernel] kgflags.h:404: more than 10(117) elements to enumerate. Approximating.
[kernel] kgflags.h:416: more than 10(117) elements to enumerate. Approximating.
[kernel] kgflags.h:404: more than 10(118) elements to enumerate. Approximating.
[kernel] kgflags.h:416: more than 10(118) elements to enumerate. Approximating.
[eva] kgflags.h:400: Trace partitioning superposing up to 2000 states
[kernel] kgflags.h:404: more than 10(119) elements to enumerate. Approximating.
[kernel] kgflags.h:416: more than 10(119) elements to enumerate. Approximating.
[kernel] kgflags.h:404: more than 10(120) elements to enumerate. Approximating.
[kernel] kgflags.h:416: more than 10(120) elements to enumerate. Approximating.
[kernel] kgflags.h:404: more than 10(121) elements to enumerate. Approximating.
[kernel] kgflags.h:416: more than 10(121) elements to enumerate. Approximating.
[kernel] kgflags.h:420: more than 10(121) elements to enumerate. Approximating.
[kernel] kgflags.h:404: more than 10(122) elements to enumerate. Approximating.
[kernel] kgflags.h:416: more than 10(122) elements to enumerate. Approximating.
[kernel] kgflags.h:404: more than 10(123) elements to enumerate. Approximating.
[kernel] kgflags.h:416: more than 10(123) elements to enumerate. Approximating.
[kernel] kgflags.h:404: more than 10(124) elements to enumerate. Approximating.
[kernel] kgflags.h:416: more than 10(124) elements to enumerate. Approximating.
[kernel] kgflags.h:404: more than 10(125) elements to enumerate. Approximating.
[kernel] kgflags.h:416: more than 10(125) elements to enumerate. Approximating.
[kernel] kgflags.h:404: more than 10(126) elements to enumerate. Approximating.
[kernel] kgflags.h:416: more than 10(126) elements to enumerate. Approximating.
[kernel] kgflags.h:404: more than 10(127) elements to enumerate. Approximating.
[kernel] kgflags.h:416: more than 10(127) elements to enumerate. Approximating.
[eva] kgflags.h:400: Trace partitioning superposing up to 2100 states
[kernel] kgflags.h:404: more than 10(128) elements to enumerate. Approximating.
[kernel] kgflags.h:416: more than 10(128) elements to enumerate. Approximating.
[kernel] kgflags.h:404: more than 10(129) elements to enumerate. Approximating.
[kernel] kgflags.h:416: more than 10(129) elements to enumerate. Approximating.
[kernel] kgflags.h:404: more than 10(130) elements to enumerate. Approximating.
[kernel] kgflags.h:416: more than 10(130) elements to enumerate. Approximating.
[kernel] kgflags.h:404: more than 10(131) elements to enumerate. Approximating.
[kernel] kgflags.h:416: more than 10(131) elements to enumerate. Approximating.
[kernel] kgflags.h:404: more than 10(132) elements to enumerate. Approximating.
[kernel] kgflags.h:416: more than 10(132) elements to enumerate. Approximating.
[kernel] kgflags.h:404: more than 10(133) elements to enumerate. Approximating.
[kernel] kgflags.h:416: more than 10(133) elements to enumerate. Approximating.
[kernel] kgflags.h:404: more than 10(134) elements to enumerate. Approximating.
[kernel] kgflags.h:416: more than 10(134) elements to enumerate. Approximating.
[kernel] kgflags.h:404: more than 10(135) elements to enumerate. Approximating.
[kernel] kgflags.h:416: more than 10(135) elements to enumerate. Approximating.
[kernel] kgflags.h:404: more than 10(136) elements to enumerate. Approximating.
[kernel] kgflags.h:416: more than 10(136) elements to enumerate. Approximating.
[eva] kgflags.h:400: Trace partitioning superposing up to 2200 states
[kernel] kgflags.h:404: more than 10(137) elements to enumerate. Approximating.
[kernel] kgflags.h:416: more than 10(137) elements to enumerate. Approximating.
[kernel] kgflags.h:404: more than 10(138) elements to enumerate. Approximating.
[kernel] kgflags.h:416: more than 10(138) elements to enumerate. Approximating.
[kernel] kgflags.h:404: more than 10(139) elements to enumerate. Approximating.
[kernel] kgflags.h:416: more than 10(139) elements to enumerate. Approximating.
[kernel] kgflags.h:404: more than 10(140) elements to enumerate. Approximating.
[kernel] kgflags.h:416: more than 10(140) elements to enumerate. Approximating.
[kernel] kgflags.h:404: more than 10(141) elements to enumerate. Approximating.
[kernel] kgflags.h:416: more than 10(141) elements to enumerate. Approximating.
[kernel] kgflags.h:404: more than 10(142) elements to enumerate. Approximating.
[kernel] kgflags.h:416: more than 10(142) elements to enumerate. Approximating.
[kernel] kgflags.h:404: more than 10(143) elements to enumerate. Approximating.
[kernel] kgflags.h:416: more than 10(143) elements to enumerate. Approximating.
[kernel] kgflags.h:404: more than 10(144) elements to enumerate. Approximating.
[kernel] kgflags.h:416: more than 10(144) elements to enumerate. Approximating.
[kernel] kgflags.h:404: more than 10(145) elements to enumerate. Approximating.
[kernel] kgflags.h:416: more than 10(145) elements to enumerate. Approximating.
[kernel] kgflags.h:404: more than 10(146) elements to enumerate. Approximating.
[kernel] kgflags.h:416: more than 10(146) elements to enumerate. Approximating.
[eva] kgflags.h:400: Trace partitioning superposing up to 2300 states
[kernel] kgflags.h:404: more than 10(147) elements to enumerate. Approximating.
[kernel] kgflags.h:416: more than 10(147) elements to enumerate. Approximating.
[kernel] kgflags.h:404: more than 10(148) elements to enumerate. Approximating.
[kernel] kgflags.h:416: more than 10(148) elements to enumerate. Approximating.
[kernel] kgflags.h:404: more than 10(149) elements to enumerate. Approximating.
[kernel] kgflags.h:416: more than 10(149) elements to enumerate. Approximating.
[kernel] kgflags.h:404: more than 10(150) elements to enumerate. Approximating.
[kernel] kgflags.h:416: more than 10(150) elements to enumerate. Approximating.
[kernel] kgflags.h:404: more than 10(151) elements to enumerate. Approximating.
[kernel] kgflags.h:416: more than 10(151) elements to enumerate. Approximating.
[kernel] kgflags.h:404: more than 10(152) elements to enumerate. Approximating.
[kernel] kgflags.h:416: more than 10(152) elements to enumerate. Approximating.
[kernel] kgflags.h:404: more than 10(153) elements to enumerate. Approximating.
[kernel] kgflags.h:416: more than 10(153) elements to enumerate. Approximating.
[kernel] kgflags.h:404: more than 10(154) elements to enumerate. Approximating.
[kernel] kgflags.h:416: more than 10(154) elements to enumerate. Approximating.
[kernel] kgflags.h:404: more than 10(155) elements to enumerate. Approximating.
[kernel] kgflags.h:416: more than 10(155) elements to enumerate. Approximating.
[eva] kgflags.h:400: Trace partitioning superposing up to 2400 states
[kernel] kgflags.h:404: more than 10(156) elements to enumerate. Approximating.
[kernel] kgflags.h:416: more than 10(156) elements to enumerate. Approximating.
[kernel] kgflags.h:404: more than 10(157) elements to enumerate. Approximating.
[kernel] kgflags.h:416: more than 10(157) elements to enumerate. Approximating.
[kernel] kgflags.h:404: more than 10(158) elements to enumerate. Approximating.
[kernel] kgflags.h:416: more than 10(158) elements to enumerate. Approximating.
[kernel] kgflags.h:404: more than 10(159) elements to enumerate. Approximating.
[kernel] kgflags.h:416: more than 10(159) elements to enumerate. Approximating.
[kernel] kgflags.h:404: more than 10(160) elements to enumerate. Approximating.
[kernel] kgflags.h:416: more than 10(160) elements to enumerate. Approximating.
[kernel] kgflags.h:404: more than 10(161) elements to enumerate. Approximating.
[kernel] kgflags.h:416: more than 10(161) elements to enumerate. Approximating.
[kernel] kgflags.h:404: more than 10(162) elements to enumerate. Approximating.
[kernel] kgflags.h:416: more than 10(162) elements to enumerate. Approximating.
[kernel] kgflags.h:404: more than 10(163) elements to enumerate. Approximating.
[kernel] kgflags.h:416: more than 10(163) elements to enumerate. Approximating.
[kernel] kgflags.h:404: more than 10(164) elements to enumerate. Approximating.
[kernel] kgflags.h:416: more than 10(164) elements to enumerate. Approximating.
[eva] kgflags.h:400: Trace partitioning superposing up to 2500 states
[kernel] kgflags.h:404: more than 10(165) elements to enumerate. Approximating.
[kernel] kgflags.h:416: more than 10(165) elements to enumerate. Approximating.
[kernel] kgflags.h:404: more than 10(166) elements to enumerate. Approximating.
[kernel] kgflags.h:416: more than 10(166) elements to enumerate. Approximating.
[kernel] kgflags.h:404: more than 10(167) elements to enumerate. Approximating.
[kernel] kgflags.h:416: more than 10(167) elements to enumerate. Approximating.
[kernel] kgflags.h:404: more than 10(168) elements to enumerate. Approximating.
[kernel] kgflags.h:416: more than 10(168) elements to enumerate. Approximating.
[kernel] kgflags.h:404: more than 10(169) elements to enumerate. Approximating.
[kernel] kgflags.h:416: more than 10(169) elements to enumerate. Approximating.
[kernel] kgflags.h:404: more than 10(170) elements to enumerate. Approximating.
[kernel] kgflags.h:416: more than 10(170) elements to enumerate. Approximating.
[kernel] kgflags.h:404: more than 10(171) elements to enumerate. Approximating.
[kernel] kgflags.h:416: more than 10(171) elements to enumerate. Approximating.
[kernel] kgflags.h:404: more than 10(172) elements to enumerate. Approximating.
[kernel] kgflags.h:416: more than 10(172) elements to enumerate. Approximating.
[kernel] kgflags.h:404: more than 10(173) elements to enumerate. Approximating.
[kernel] kgflags.h:416: more than 10(173) elements to enumerate. Approximating.
[eva] kgflags.h:400: Trace partitioning superposing up to 2600 states
[kernel] kgflags.h:404: more than 10(174) elements to enumerate. Approximating.
[kernel] kgflags.h:416: more than 10(174) elements to enumerate. Approximating.
[kernel] kgflags.h:404: more than 10(175) elements to enumerate. Approximating.
[kernel] kgflags.h:416: more than 10(175) elements to enumerate. Approximating.
[kernel] kgflags.h:404: more than 10(176) elements to enumerate. Approximating.
[kernel] kgflags.h:416: more than 10(176) elements to enumerate. Approximating.
[kernel] kgflags.h:404: more than 10(177) elements to enumerate. Approximating.
[kernel] kgflags.h:416: more than 10(177) elements to enumerate. Approximating.
[kernel] kgflags.h:404: more than 10(178) elements to enumerate. Approximating.
[kernel] kgflags.h:416: more than 10(178) elements to enumerate. Approximating.
[kernel] kgflags.h:404: more than 10(179) elements to enumerate. Approximating.
[kernel] kgflags.h:408: more than 10(179) elements to enumerate. Approximating.
[kernel] kgflags.h:412: more than 10(179) elements to enumerate. Approximating.
[kernel] kgflags.h:416: more than 10(179) elements to enumerate. Approximating.
[kernel] kgflags.h:420: more than 10(179) elements to enumerate. Approximating.
[kernel] kgflags.h:432: more than 10(179) elements to enumerate. Approximating.
[kernel] kgflags.h:436: more than 10(179) elements to enumerate. Approximating.
[kernel] kgflags.h:440: more than 10(179) elements to enumerate. Approximating.
[kernel] kgflags.h:404: more than 10(180) elements to enumerate. Approximating.
[kernel] kgflags.h:416: more than 10(180) elements to enumerate. Approximating.
[kernel] kgflags.h:404: more than 10(181) elements to enumerate. Approximating.
[kernel] kgflags.h:416: more than 10(181) elements to enumerate. Approximating.
[kernel] kgflags.h:404: more than 10(182) elements to enumerate. Approximating.
[kernel] kgflags.h:416: more than 10(182) elements to enumerate. Approximating.
[eva] kgflags.h:400: Trace partitioning superposing up to 2700 states
[kernel] kgflags.h:404: more than 10(183) elements to enumerate. Approximating.
[kernel] kgflags.h:416: more than 10(183) elements to enumerate. Approximating.
[kernel] kgflags.h:404: more than 10(184) elements to enumerate. Approximating.
[kernel] kgflags.h:416: more than 10(184) elements to enumerate. Approximating.
[kernel] kgflags.h:404: more than 10(185) elements to enumerate. Approximating.
[kernel] kgflags.h:416: more than 10(185) elements to enumerate. Approximating.
[kernel] kgflags.h:404: more than 10(186) elements to enumerate. Approximating.
[kernel] kgflags.h:416: more than 10(186) elements to enumerate. Approximating.
[kernel] kgflags.h:404: more than 10(187) elements to enumerate. Approximating.
[kernel] kgflags.h:416: more than 10(187) elements to enumerate. Approximating.
[kernel] kgflags.h:420: more than 10(187) elements to enumerate. Approximating.
[kernel] kgflags.h:432: more than 10(187) elements to enumerate. Approximating.
[kernel] kgflags.h:404: more than 10(188) elements to enumerate. Approximating.
[kernel] kgflags.h:416: more than 10(188) elements to enumerate. Approximating.
[kernel] kgflags.h:404: more than 10(189) elements to enumerate. Approximating.
[kernel] kgflags.h:416: more than 10(189) elements to enumerate. Approximating.
[kernel] kgflags.h:404: more than 10(190) elements to enumerate. Approximating.
[kernel] kgflags.h:416: more than 10(190) elements to enumerate. Approximating.
[kernel] kgflags.h:404: more than 10(191) elements to enumerate. Approximating.
[kernel] kgflags.h:416: more than 10(191) elements to enumerate. Approximating.
[kernel] kgflags.h:420: more than 10(191) elements to enumerate. Approximating.
[eva] kgflags.h:400: Trace partitioning superposing up to 2800 states
[kernel] kgflags.h:404: more than 10(192) elements to enumerate. Approximating.
[kernel] kgflags.h:416: more than 10(192) elements to enumerate. Approximating.
[kernel] kgflags.h:404: more than 10(193) elements to enumerate. Approximating.
[kernel] kgflags.h:416: more than 10(193) elements to enumerate. Approximating.
[kernel] kgflags.h:404: more than 10(194) elements to enumerate. Approximating.
[kernel] kgflags.h:416: more than 10(194) elements to enumerate. Approximating.
[kernel] kgflags.h:404: more than 10(195) elements to enumerate. Approximating.
[kernel] kgflags.h:416: more than 10(195) elements to enumerate. Approximating.
[kernel] kgflags.h:404: more than 10(196) elements to enumerate. Approximating.
[kernel] kgflags.h:416: more than 10(196) elements to enumerate. Approximating.
[kernel] kgflags.h:404: more than 10(197) elements to enumerate. Approximating.
[kernel] kgflags.h:416: more than 10(197) elements to enumerate. Approximating.
[kernel] kgflags.h:404: more than 10(198) elements to enumerate. Approximating.
[kernel] kgflags.h:416: more than 10(198) elements to enumerate. Approximating.
[kernel] kgflags.h:420: more than 10(198) elements to enumerate. Approximating.
[kernel] kgflags.h:404: more than 10(199) elements to enumerate. Approximating.
[kernel] kgflags.h:416: more than 10(199) elements to enumerate. Approximating.
[kernel] kgflags.h:404: more than 10(200) elements to enumerate. Approximating.
[kernel] kgflags.h:416: more than 10(200) elements to enumerate. Approximating.
[eva] kgflags.h:400: Trace partitioning superposing up to 2900 states
[kernel] kgflags.h:404: more than 10(201) elements to enumerate. Approximating.
[kernel] kgflags.h:416: more than 10(201) elements to enumerate. Approximating.
[kernel] kgflags.h:404: more than 10(202) elements to enumerate. Approximating.
[kernel] kgflags.h:416: more than 10(202) elements to enumerate. Approximating.
[kernel] kgflags.h:404: more than 10(203) elements to enumerate. Approximating.
[kernel] kgflags.h:416: more than 10(203) elements to enumerate. Approximating.
[kernel] kgflags.h:404: more than 10(204) elements to enumerate. Approximating.
[kernel] kgflags.h:416: more than 10(204) elements to enumerate. Approximating.
[kernel] kgflags.h:404: more than 10(205) elements to enumerate. Approximating.
[kernel] kgflags.h:416: more than 10(205) elements to enumerate. Approximating.
[kernel] kgflags.h:404: more than 10(206) elements to enumerate. Approximating.
[kernel] kgflags.h:416: more than 10(206) elements to enumerate. Approximating.
[kernel] kgflags.h:404: more than 10(207) elements to enumerate. Approximating.
[kernel] kgflags.h:416: more than 10(207) elements to enumerate. Approximating.
[kernel] kgflags.h:404: more than 10(208) elements to enumerate. Approximating.
[kernel] kgflags.h:416: more than 10(208) elements to enumerate. Approximating.
[kernel] kgflags.h:404: more than 10(209) elements to enumerate. Approximating.
[kernel] kgflags.h:416: more than 10(209) elements to enumerate. Approximating.
[eva] kgflags.h:400: Trace partitioning superposing up to 3000 states
[kernel] kgflags.h:404: more than 10(210) elements to enumerate. Approximating.
[kernel] kgflags.h:416: more than 10(210) elements to enumerate. Approximating.
[kernel] kgflags.h:404: more than 10(211) elements to enumerate. Approximating.
[kernel] kgflags.h:416: more than 10(211) elements to enumerate. Approximating.
[kernel] kgflags.h:404: more than 10(212) elements to enumerate. Approximating.
[kernel] kgflags.h:416: more than 10(212) elements to enumerate. Approximating.
[kernel] kgflags.h:404: more than 10(213) elements to enumerate. Approximating.
[kernel] kgflags.h:416: more than 10(213) elements to enumerate. Approximating.
[kernel] kgflags.h:404: more than 10(214) elements to enumerate. Approximating.
[kernel] kgflags.h:416: more than 10(214) elements to enumerate. Approximating.
[kernel] kgflags.h:404: more than 10(215) elements to enumerate. Approximating.
[kernel] kgflags.h:416: more than 10(215) elements to enumerate. Approximating.
[kernel] kgflags.h:404: more than 10(216) elements to enumerate. Approximating.
[kernel] kgflags.h:416: more than 10(216) elements to enumerate. Approximating.
[kernel] kgflags.h:404: more than 10(217) elements to enumerate. Approximating.
[kernel] kgflags.h:408: more than 10(217) elements to enumerate. Approximating.
[kernel] kgflags.h:412: more than 10(217) elements to enumerate. Approximating.
[kernel] kgflags.h:416: more than 10(217) elements to enumerate. Approximating.
[kernel] kgflags.h:420: more than 10(217) elements to enumerate. Approximating.
[kernel] kgflags.h:432: more than 10(217) elements to enumerate. Approximating.
[kernel] kgflags.h:436: more than 10(217) elements to enumerate. Approximating.
[kernel] kgflags.h:440: more than 10(217) elements to enumerate. Approximating.
[kernel] kgflags.h:404: more than 10(218) elements to enumerate. Approximating.
[kernel] kgflags.h:416: more than 10(218) elements to enumerate. Approximating.
[eva] kgflags.h:400: Trace partitioning superposing up to 3100 states
[kernel] kgflags.h:404: more than 10(219) elements to enumerate. Approximating.
[kernel] kgflags.h:416: more than 10(219) elements to enumerate. Approximating.
[kernel] kgflags.h:404: more than 10(220) elements to enumerate. Approximating.
[kernel] kgflags.h:416: more than 10(220) elements to enumerate. Approximating.
[kernel] kgflags.h:404: more than 10(221) elements to enumerate. Approximating.
[kernel] kgflags.h:416: more than 10(221) elements to enumerate. Approximating.
[kernel] kgflags.h:404: more than 10(222) elements to enumerate. Approximating.
[kernel] kgflags.h:416: more than 10(222) elements to enumerate. Approximating.
[kernel] kgflags.h:404: more than 10(223) elements to enumerate. Approximating.
[kernel] kgflags.h:416: more than 10(223) elements to enumerate. Approximating.
[kernel] kgflags.h:404: more than 10(224) elements to enumerate. Approximating.
[kernel] kgflags.h:416: more than 10(224) elements to enumerate. Approximating.
[kernel] kgflags.h:404: more than 10(225) elements to enumerate. Approximating.
[kernel] kgflags.h:416: more than 10(225) elements to enumerate. Approximating.
[kernel] kgflags.h:404: more than 10(226) elements to enumerate. Approximating.
[kernel] kgflags.h:416: more than 10(226) elements to enumerate. Approximating.
[kernel] kgflags.h:404: more than 10(227) elements to enumerate. Approximating.
[kernel] kgflags.h:416: more than 10(227) elements to enumerate. Approximating.
[eva] kgflags.h:400: Trace partitioning superposing up to 3200 states
[kernel] kgflags.h:404: more than 10(228) elements to enumerate. Approximating.
[kernel] kgflags.h:416: more than 10(228) elements to enumerate. Approximating.
[kernel] kgflags.h:404: more than 10(229) elements to enumerate. Approximating.
[kernel] kgflags.h:416: more than 10(229) elements to enumerate. Approximating.
[kernel] kgflags.h:404: more than 10(230) elements to enumerate. Approximating.
[kernel] kgflags.h:416: more than 10(230) elements to enumerate. Approximating.
[kernel] kgflags.h:420: more than 10(230) elements to enumerate. Approximating.
[kernel] kgflags.h:404: more than 10(231) elements to enumerate. Approximating.
[kernel] kgflags.h:416: more than 10(231) elements to enumerate. Approximating.
[kernel] kgflags.h:404: more than 10(232) elements to enumerate. Approximating.
[kernel] kgflags.h:416: more than 10(232) elements to enumerate. Approximating.
[kernel] kgflags.h:404: more than 10(233) elements to enumerate. Approximating.
[kernel] kgflags.h:416: more than 10(233) elements to enumerate. Approximating.
[kernel] kgflags.h:404: more than 10(234) elements to enumerate. Approximating.
[kernel] kgflags.h:416: more than 10(234) elements to enumerate. Approximating.
[kernel] kgflags.h:404: more than 10(235) elements to enumerate. Approximating.
[kernel] kgflags.h:416: more than 10(235) elements to enumerate. Approximating.
[kernel] kgflags.h:404: more than 10(236) elements to enumerate. Approximating.
[kernel] kgflags.h:416: more than 10(236) elements to enumerate. Approximating.
[eva] kgflags.h:400: Trace partitioning superposing up to 3300 states
[kernel] kgflags.h:404: more than 10(237) elements to enumerate. Approximating.
[kernel] kgflags.h:416: more than 10(237) elements to enumerate. Approximating.
[kernel] kgflags.h:404: more than 10(238) elements to enumerate. Approximating.
[kernel] kgflags.h:416: more than 10(238) elements to enumerate. Approximating.
[kernel] kgflags.h:404: more than 10(239) elements to enumerate. Approximating.
[kernel] kgflags.h:416: more than 10(239) elements to enumerate. Approximating.
[kernel] kgflags.h:404: more than 10(240) elements to enumerate. Approximating.
[kernel] kgflags.h:416: more than 10(240) elements to enumerate. Approximating.
[kernel] kgflags.h:404: more than 10(241) elements to enumerate. Approximating.
[kernel] kgflags.h:416: more than 10(241) elements to enumerate. Approximating.
[kernel] kgflags.h:404: more than 10(242) elements to enumerate. Approximating.
[kernel] kgflags.h:416: more than 10(242) elements to enumerate. Approximating.
[kernel] kgflags.h:404: more than 10(243) elements to enumerate. Approximating.
[kernel] kgflags.h:416: more than 10(243) elements to enumerate. Approximating.
[kernel] kgflags.h:404: more than 10(244) elements to enumerate. Approximating.
[kernel] kgflags.h:416: more than 10(244) elements to enumerate. Approximating.
[kernel] kgflags.h:404: more than 10(245) elements to enumerate. Approximating.
[kernel] kgflags.h:416: more than 10(245) elements to enumerate. Approximating.
[kernel] kgflags.h:404: more than 10(246) elements to enumerate. Approximating.
[kernel] kgflags.h:416: more than 10(246) elements to enumerate. Approximating.
[eva] kgflags.h:400: Trace partitioning superposing up to 3400 states
[kernel] kgflags.h:404: more than 10(247) elements to enumerate. Approximating.
[kernel] kgflags.h:416: more than 10(247) elements to enumerate. Approximating.
[kernel] kgflags.h:404: more than 10(248) elements to enumerate. Approximating.
[kernel] kgflags.h:416: more than 10(248) elements to enumerate. Approximating.
[kernel] kgflags.h:404: more than 10(249) elements to enumerate. Approximating.
[kernel] kgflags.h:416: more than 10(249) elements to enumerate. Approximating.
[kernel] kgflags.h:404: more than 10(250) elements to enumerate. Approximating.
[kernel] kgflags.h:416: more than 10(250) elements to enumerate. Approximating.
[kernel] kgflags.h:404: more than 10(251) elements to enumerate. Approximating.
[kernel] kgflags.h:416: more than 10(251) elements to enumerate. Approximating.
[kernel] kgflags.h:404: more than 10(252) elements to enumerate. Approximating.
[kernel] kgflags.h:416: more than 10(252) elements to enumerate. Approximating.
[kernel] kgflags.h:404: more than 10(253) elements to enumerate. Approximating.
[kernel] kgflags.h:408: more than 10(253) elements to enumerate. Approximating.
[kernel] kgflags.h:412: more than 10(253) elements to enumerate. Approximating.
[kernel] kgflags.h:416: more than 10(253) elements to enumerate. Approximating.
[kernel] kgflags.h:420: more than 10(253) elements to enumerate. Approximating.
[kernel] kgflags.h:432: more than 10(253) elements to enumerate. Approximating.
[kernel] kgflags.h:436: more than 10(253) elements to enumerate. Approximating.
[kernel] kgflags.h:440: more than 10(253) elements to enumerate. Approximating.
[kernel] kgflags.h:404: more than 10(254) elements to enumerate. Approximating.
[kernel] kgflags.h:416: more than 10(254) elements to enumerate. Approximating.
[kernel] kgflags.h:404: more than 10(255) elements to enumerate. Approximating.
[kernel] kgflags.h:416: more than 10(255) elements to enumerate. Approximating.
[eva] kgflags.h:400: Trace partitioning superposing up to 3500 states
[kernel] kgflags.h:404: more than 10(256) elements to enumerate. Approximating.
[kernel] kgflags.h:408: more than 10(256) elements to enumerate. Approximating.
[kernel] kgflags.h:412: more than 10(256) elements to enumerate. Approximating.
[kernel] kgflags.h:416: more than 10(256) elements to enumerate. Approximating.
[kernel] kgflags.h:420: more than 10(256) elements to enumerate. Approximating.
[kernel] kgflags.h:432: more than 10(256) elements to enumerate. Approximating.
[kernel] kgflags.h:436: more than 10(256) elements to enumerate. Approximating.
[kernel] kgflags.h:440: more than 10(256) elements to enumerate. Approximating.
[kernel] kgflags.h:404: more than 10(257) elements to enumerate. Approximating.
[kernel] kgflags.h:416: more than 10(257) elements to enumerate. Approximating.
[kernel] kgflags.h:420: more than 10(257) elements to enumerate. Approximating.
[kernel] kgflags.h:404: more than 10(258) elements to enumerate. Approximating.
[kernel] kgflags.h:416: more than 10(258) elements to enumerate. Approximating.
[kernel] kgflags.h:404: more than 10(259) elements to enumerate. Approximating.
[kernel] kgflags.h:416: more than 10(259) elements to enumerate. Approximating.
[kernel] kgflags.h:404: more than 10(260) elements to enumerate. Approximating.
[kernel] kgflags.h:416: more than 10(260) elements to enumerate. Approximating.
[kernel] kgflags.h:404: more than 10(261) elements to enumerate. Approximating.
[kernel] kgflags.h:416: more than 10(261) elements to enumerate. Approximating.
[kernel] kgflags.h:404: more than 10(262) elements to enumerate. Approximating.
[kernel] kgflags.h:416: more than 10(262) elements to enumerate. Approximating.
[kernel] kgflags.h:404: more than 10(263) elements to enumerate. Approximating.
[kernel] kgflags.h:416: more than 10(263) elements to enumerate. Approximating.
[kernel] kgflags.h:404: more than 10(264) elements to enumerate. Approximating.
[kernel] kgflags.h:416: more than 10(264) elements to enumerate. Approximating.
[eva] kgflags.h:400: Trace partitioning superposing up to 3600 states
[kernel] kgflags.h:404: more than 10(265) elements to enumerate. Approximating.
[kernel] kgflags.h:416: more than 10(265) elements to enumerate. Approximating.
[kernel] kgflags.h:404: more than 10(266) elements to enumerate. Approximating.
[kernel] kgflags.h:416: more than 10(266) elements to enumerate. Approximating.
[kernel] kgflags.h:404: more than 10(267) elements to enumerate. Approximating.
[kernel] kgflags.h:416: more than 10(267) elements to enumerate. Approximating.
[kernel] kgflags.h:404: more than 10(268) elements to enumerate. Approximating.
[kernel] kgflags.h:416: more than 10(268) elements to enumerate. Approximating.
[kernel] kgflags.h:404: more than 10(269) elements to enumerate. Approximating.
[kernel] kgflags.h:416: more than 10(269) elements to enumerate. Approximating.
[kernel] kgflags.h:404: more than 10(270) elements to enumerate. Approximating.
[kernel] kgflags.h:416: more than 10(270) elements to enumerate. Approximating.
[kernel] kgflags.h:404: more than 10(271) elements to enumerate. Approximating.
[kernel] kgflags.h:416: more than 10(271) elements to enumerate. Approximating.
[kernel] kgflags.h:404: more than 10(272) elements to enumerate. Approximating.
[kernel] kgflags.h:416: more than 10(272) elements to enumerate. Approximating.
[kernel] kgflags.h:404: more than 10(273) elements to enumerate. Approximating.
[kernel] kgflags.h:416: more than 10(273) elements to enumerate. Approximating.
[eva] kgflags.h:400: Trace partitioning superposing up to 3700 states
[kernel] kgflags.h:404: more than 10(274) elements to enumerate. Approximating.
[kernel] kgflags.h:416: more than 10(274) elements to enumerate. Approximating.
[kernel] kgflags.h:404: more than 10(275) elements to enumerate. Approximating.
[kernel] kgflags.h:416: more than 10(275) elements to enumerate. Approximating.
[kernel] kgflags.h:420: more than 10(275) elements to enumerate. Approximating.
[kernel] kgflags.h:404: more than 10(276) elements to enumerate. Approximating.
[kernel] kgflags.h:416: more than 10(276) elements to enumerate. Approximating.
[kernel] kgflags.h:404: more than 10(277) elements to enumerate. Approximating.
[kernel] kgflags.h:416: more than 10(277) elements to enumerate. Approximating.
[kernel] kgflags.h:404: more than 10(278) elements to enumerate. Approximating.
[kernel] kgflags.h:416: more than 10(278) elements to enumerate. Approximating.
[kernel] kgflags.h:404: more than 10(279) elements to enumerate. Approximating.
[kernel] kgflags.h:416: more than 10(279) elements to enumerate. Approximating.
[kernel] kgflags.h:404: more than 10(280) elements to enumerate. Approximating.
[kernel] kgflags.h:416: more than 10(280) elements to enumerate. Approximating.
[kernel] kgflags.h:404: more than 10(281) elements to enumerate. Approximating.
[kernel] kgflags.h:416: more than 10(281) elements to enumerate. Approximating.
[kernel] kgflags.h:404: more than 10(282) elements to enumerate. Approximating.
[kernel] kgflags.h:416: more than 10(282) elements to enumerate. Approximating.
[eva] kgflags.h:400: Trace partitioning superposing up to 3800 states
[kernel] kgflags.h:404: more than 10(283) elements to enumerate. Approximating.
[kernel] kgflags.h:416: more than 10(283) elements to enumerate. Approximating.
[kernel] kgflags.h:404: more than 10(284) elements to enumerate. Approximating.
[kernel] kgflags.h:416: more than 10(284) elements to enumerate. Approximating.
[kernel] kgflags.h:404: more than 10(285) elements to enumerate. Approximating.
[kernel] kgflags.h:416: more than 10(285) elements to enumerate. Approximating.
[kernel] kgflags.h:404: more than 10(286) elements to enumerate. Approximating.
[kernel] kgflags.h:416: more than 10(286) elements to enumerate. Approximating.
[kernel] kgflags.h:404: more than 10(287) elements to enumerate. Approximating.
[kernel] kgflags.h:416: more than 10(287) elements to enumerate. Approximating.
[kernel] kgflags.h:404: more than 10(288) elements to enumerate. Approximating.
[kernel] kgflags.h:416: more than 10(288) elements to enumerate. Approximating.
[kernel] kgflags.h:404: more than 10(289) elements to enumerate. Approximating.
[kernel] kgflags.h:416: more than 10(289) elements to enumerate. Approximating.
[kernel] kgflags.h:404: more than 10(290) elements to enumerate. Approximating.
[kernel] kgflags.h:416: more than 10(290) elements to enumerate. Approximating.
[kernel] kgflags.h:404: more than 10(291) elements to enumerate. Approximating.
[kernel] kgflags.h:416: more than 10(291) elements to enumerate. Approximating.
[eva] kgflags.h:400: Trace partitioning superposing up to 3900 states
[kernel] kgflags.h:404: more than 10(292) elements to enumerate. Approximating.
[kernel] kgflags.h:408: more than 10(292) elements to enumerate. Approximating.
[kernel] kgflags.h:412: more than 10(292) elements to enumerate. Approximating.
[kernel] kgflags.h:416: more than 10(292) elements to enumerate. Approximating.
[kernel] kgflags.h:420: more than 10(292) elements to enumerate. Approximating.
[kernel] kgflags.h:432: more than 10(292) elements to enumerate. Approximating.
[kernel] kgflags.h:436: more than 10(292) elements to enumerate. Approximating.
[kernel] kgflags.h:440: more than 10(292) elements to enumerate. Approximating.
[kernel] kgflags.h:404: more than 10(293) elements to enumerate. Approximating.
[kernel] kgflags.h:416: more than 10(293) elements to enumerate. Approximating.
[kernel] kgflags.h:404: more than 10(294) elements to enumerate. Approximating.
[kernel] kgflags.h:416: more than 10(294) elements to enumerate. Approximating.
[kernel] kgflags.h:404: more than 10(295) elements to enumerate. Approximating.
[kernel] kgflags.h:416: more than 10(295) elements to enumerate. Approximating.
[kernel] kgflags.h:404: more than 10(296) elements to enumerate. Approximating.
[kernel] kgflags.h:416: more than 10(296) elements to enumerate. Approximating.
[kernel] kgflags.h:404: more than 10(297) elements to enumerate. Approximating.
[kernel] kgflags.h:416: more than 10(297) elements to enumerate. Approximating.
[kernel] kgflags.h:404: more than 10(298) elements to enumerate. Approximating.
[kernel] kgflags.h:416: more than 10(298) elements to enumerate. Approximating.
[kernel] kgflags.h:404: more than 10(299) elements to enumerate. Approximating.
[kernel] kgflags.h:416: more than 10(299) elements to enumerate. Approximating.
[kernel] kgflags.h:404: more than 10(300) elements to enumerate. Approximating.
[kernel] kgflags.h:416: more than 10(300) elements to enumerate. Approximating.
[eva] kgflags.h:400: Trace partitioning superposing up to 4000 states
[kernel] kgflags.h:404: more than 10(301) elements to enumerate. Approximating.
[kernel] kgflags.h:416: more than 10(301) elements to enumerate. Approximating.
[kernel] kgflags.h:404: more than 10(302) elements to enumerate. Approximating.
[kernel] kgflags.h:416: more than 10(302) elements to enumerate. Approximating.
[kernel] kgflags.h:404: more than 10(303) elements to enumerate. Approximating.
[kernel] kgflags.h:416: more than 10(303) elements to enumerate. Approximating.
[kernel] kgflags.h:420: more than 10(303) elements to enumerate. Approximating.
[kernel] kgflags.h:404: more than 10(304) elements to enumerate. Approximating.
[kernel] kgflags.h:416: more than 10(304) elements to enumerate. Approximating.
[kernel] kgflags.h:404: more than 10(305) elements to enumerate. Approximating.
[kernel] kgflags.h:416: more than 10(305) elements to enumerate. Approximating.
[kernel] kgflags.h:404: more than 10(306) elements to enumerate. Approximating.
[kernel] kgflags.h:408: more than 10(306) elements to enumerate. Approximating.
[kernel] kgflags.h:412: more than 10(306) elements to enumerate. Approximating.
[kernel] kgflags.h:416: more than 10(306) elements to enumerate. Approximating.
[kernel] kgflags.h:420: more than 10(306) elements to enumerate. Approximating.
[kernel] kgflags.h:432: more than 10(306) elements to enumerate. Approximating.
[kernel] kgflags.h:436: more than 10(306) elements to enumerate. Approximating.
[kernel] kgflags.h:440: more than 10(306) elements to enumerate. Approximating.
[kernel] kgflags.h:404: more than 10(307) elements to enumerate. Approximating.
[kernel] kgflags.h:416: more than 10(307) elements to enumerate. Approximating.
[kernel] kgflags.h:432: more than 10(307) elements to enumerate. Approximating.
[kernel] kgflags.h:404: more than 10(308) elements to enumerate. Approximating.
[kernel] kgflags.h:416: more than 10(308) elements to enumerate. Approximating.
[kernel] kgflags.h:404: more than 10(309) elements to enumerate. Approximating.
[kernel] kgflags.h:416: more than 10(309) elements to enumerate. Approximating.
[eva] kgflags.h:400: Trace partitioning superposing up to 4100 states
[kernel] kgflags.h:404: more than 10(310) elements to enumerate. Approximating.
[kernel] kgflags.h:416: more than 10(310) elements to enumerate. Approximating.
[kernel] kgflags.h:404: more than 10(311) elements to enumerate. Approximating.
[kernel] kgflags.h:416: more than 10(311) elements to enumerate. Approximating.
[kernel] kgflags.h:404: more than 10(312) elements to enumerate. Approximating.
[kernel] kgflags.h:416: more than 10(312) elements to enumerate. Approximating.
[kernel] kgflags.h:404: more than 10(313) elements to enumerate. Approximating.
[kernel] kgflags.h:416: more than 10(313) elements to enumerate. Approximating.
[kernel] kgflags.h:404: more than 10(314) elements to enumerate. Approximating.
[kernel] kgflags.h:416: more than 10(314) elements to enumerate. Approximating.
[kernel] kgflags.h:404: more than 10(315) elements to enumerate. Approximating.
[kernel] kgflags.h:416: more than 10(315) elements to enumerate. Approximating.
[kernel] kgflags.h:404: more than 10(316) elements to enumerate. Approximating.
[kernel] kgflags.h:416: more than 10(316) elements to enumerate. Approximating.
[kernel] kgflags.h:404: more than 10(317) elements to enumerate. Approximating.
[kernel] kgflags.h:416: more than 10(317) elements to enumerate. Approximating.
[kernel] kgflags.h:404: more than 10(318) elements to enumerate. Approximating.
[kernel] kgflags.h:416: more than 10(318) elements to enumerate. Approximating.
[eva] kgflags.h:400: Trace partitioning superposing up to 4200 states
[kernel] kgflags.h:404: more than 10(319) elements to enumerate. Approximating.
[kernel] kgflags.h:416: more than 10(319) elements to enumerate. Approximating.
[kernel] kgflags.h:404: more than 10(320) elements to enumerate. Approximating.
[kernel] kgflags.h:416: more than 10(320) elements to enumerate. Approximating.
[kernel] kgflags.h:404: more than 10(321) elements to enumerate. Approximating.
[kernel] kgflags.h:416: more than 10(321) elements to enumerate. Approximating.
[kernel] kgflags.h:404: more than 10(322) elements to enumerate. Approximating.
[kernel] kgflags.h:416: more than 10(322) elements to enumerate. Approximating.
[kernel] kgflags.h:404: more than 10(323) elements to enumerate. Approximating.
[kernel] kgflags.h:416: more than 10(323) elements to enumerate. Approximating.
[kernel] kgflags.h:404: more than 10(324) elements to enumerate. Approximating.
[kernel] kgflags.h:416: more than 10(324) elements to enumerate. Approximating.
[kernel] kgflags.h:404: more than 10(325) elements to enumerate. Approximating.
[kernel] kgflags.h:416: more than 10(325) elements to enumerate. Approximating.
[kernel] kgflags.h:404: more than 10(326) elements to enumerate. Approximating.
[kernel] kgflags.h:416: more than 10(326) elements to enumerate. Approximating.
[kernel] kgflags.h:404: more than 10(327) elements to enumerate. Approximating.
[kernel] kgflags.h:416: more than 10(327) elements to enumerate. Approximating.
[kernel] kgflags.h:432: more than 10(327) elements to enumerate. Approximating.
[eva] kgflags.h:400: Trace partitioning superposing up to 4300 states
[kernel] kgflags.h:404: more than 10(328) elements to enumerate. Approximating.
[kernel] kgflags.h:416: more than 10(328) elements to enumerate. Approximating.
[kernel] kgflags.h:404: more than 10(329) elements to enumerate. Approximating.
[kernel] kgflags.h:416: more than 10(329) elements to enumerate. Approximating.
[kernel] kgflags.h:404: more than 10(330) elements to enumerate. Approximating.
[kernel] kgflags.h:416: more than 10(330) elements to enumerate. Approximating.
[kernel] kgflags.h:404: more than 10(331) elements to enumerate. Approximating.
[kernel] kgflags.h:416: more than 10(331) elements to enumerate. Approximating.
[kernel] kgflags.h:404: more than 10(332) elements to enumerate. Approximating.
[kernel] kgflags.h:416: more than 10(332) elements to enumerate. Approximating.
[kernel] kgflags.h:404: more than 10(333) elements to enumerate. Approximating.
[kernel] kgflags.h:416: more than 10(333) elements to enumerate. Approximating.
[kernel] kgflags.h:404: more than 10(334) elements to enumerate. Approximating.
[kernel] kgflags.h:416: more than 10(334) elements to enumerate. Approximating.
[kernel] kgflags.h:404: more than 10(335) elements to enumerate. Approximating.
[kernel] kgflags.h:416: more than 10(335) elements to enumerate. Approximating.
[kernel] kgflags.h:404: more than 10(336) elements to enumerate. Approximating.
[kernel] kgflags.h:416: more than 10(336) elements to enumerate. Approximating.
[eva] kgflags.h:400: Trace partitioning superposing up to 4400 states
[kernel] kgflags.h:404: more than 10(337) elements to enumerate. Approximating.
[kernel] kgflags.h:416: more than 10(337) elements to enumerate. Approximating.
[kernel] kgflags.h:404: more than 10(338) elements to enumerate. Approximating.
[kernel] kgflags.h:416: more than 10(338) elements to enumerate. Approximating.
[kernel] kgflags.h:404: more than 10(339) elements to enumerate. Approximating.
[kernel] kgflags.h:416: more than 10(339) elements to enumerate. Approximating.
[kernel] kgflags.h:404: more than 10(340) elements to enumerate. Approximating.
[kernel] kgflags.h:416: more than 10(340) elements to enumerate. Approximating.
[kernel] kgflags.h:404: more than 10(341) elements to enumerate. Approximating.
[kernel] kgflags.h:416: more than 10(341) elements to enumerate. Approximating.
[kernel] kgflags.h:404: more than 10(342) elements to enumerate. Approximating.
[kernel] kgflags.h:416: more than 10(342) elements to enumerate. Approximating.
[kernel] kgflags.h:404: more than 10(343) elements to enumerate. Approximating.
[kernel] kgflags.h:416: more than 10(343) elements to enumerate. Approximating.
[kernel] kgflags.h:404: more than 10(344) elements to enumerate. Approximating.
[kernel] kgflags.h:416: more than 10(344) elements to enumerate. Approximating.
[kernel] kgflags.h:404: more than 10(345) elements to enumerate. Approximating.
[kernel] kgflags.h:416: more than 10(345) elements to enumerate. Approximating.
[kernel] kgflags.h:420: more than 10(345) elements to enumerate. Approximating.
[kernel] kgflags.h:432: more than 10(345) elements to enumerate. Approximating.
[kernel] kgflags.h:404: more than 10(346) elements to enumerate. Approximating.
[kernel] kgflags.h:416: more than 10(346) elements to enumerate. Approximating.
[eva] kgflags.h:400: Trace partitioning superposing up to 4500 states
[kernel] kgflags.h:404: more than 10(347) elements to enumerate. Approximating.
[kernel] kgflags.h:416: more than 10(347) elements to enumerate. Approximating.
[kernel] kgflags.h:404: more than 10(348) elements to enumerate. Approximating.
[kernel] kgflags.h:416: more than 10(348) elements to enumerate. Approximating.
[kernel] kgflags.h:404: more than 10(349) elements to enumerate. Approximating.
[kernel] kgflags.h:416: more than 10(349) elements to enumerate. Approximating.
[kernel] kgflags.h:404: more than 10(350) elements to enumerate. Approximating.
[kernel] kgflags.h:416: more than 10(350) elements to enumerate. Approximating.
[kernel] kgflags.h:404: more than 10(351) elements to enumerate. Approximating.
[kernel] kgflags.h:416: more than 10(351) elements to enumerate. Approximating.
[kernel] kgflags.h:404: more than 10(352) elements to enumerate. Approximating.
[kernel] kgflags.h:416: more than 10(352) elements to enumerate. Approximating.
[kernel] kgflags.h:404: more than 10(353) elements to enumerate. Approximating.
[kernel] kgflags.h:416: more than 10(353) elements to enumerate. Approximating.
[kernel] kgflags.h:404: more than 10(354) elements to enumerate. Approximating.
[kernel] kgflags.h:416: more than 10(354) elements to enumerate. Approximating.
[kernel] kgflags.h:404: more than 10(355) elements to enumerate. Approximating.
[kernel] kgflags.h:416: more than 10(355) elements to enumerate. Approximating.
[eva] kgflags.h:400: Trace partitioning superposing up to 4600 states
[kernel] kgflags.h:404: more than 10(356) elements to enumerate. Approximating.
[kernel] kgflags.h:408: more than 10(356) elements to enumerate. Approximating.
[kernel] kgflags.h:412: more than 10(356) elements to enumerate. Approximating.
[kernel] kgflags.h:416: more than 10(356) elements to enumerate. Approximating.
[kernel] kgflags.h:420: more than 10(356) elements to enumerate. Approximating.
[kernel] kgflags.h:432: more than 10(356) elements to enumerate. Approximating.
[kernel] kgflags.h:436: more than 10(356) elements to enumerate. Approximating.
[kernel] kgflags.h:440: more than 10(356) elements to enumerate. Approximating.
[kernel] kgflags.h:404: more than 10(357) elements to enumerate. Approximating.
[kernel] kgflags.h:416: more than 10(357) elements to enumerate. Approximating.
[kernel] kgflags.h:404: more than 10(358) elements to enumerate. Approximating.
[kernel] kgflags.h:416: more than 10(358) elements to enumerate. Approximating.
[kernel] kgflags.h:404: more than 10(359) elements to enumerate. Approximating.
[kernel] kgflags.h:416: more than 10(359) elements to enumerate. Approximating.
[kernel] kgflags.h:404: more than 10(360) elements to enumerate. Approximating.
[kernel] kgflags.h:416: more than 10(360) elements to enumerate. Approximating.
[kernel] kgflags.h:404: more than 10(361) elements to enumerate. Approximating.
[kernel] kgflags.h:416: more than 10(361) elements to enumerate. Approximating.
[kernel] kgflags.h:404: more than 10(362) elements to enumerate. Approximating.
[kernel] kgflags.h:416: more than 10(362) elements to enumerate. Approximating.
[kernel] kgflags.h:404: more than 10(363) elements to enumerate. Approximating.
[kernel] kgflags.h:416: more than 10(363) elements to enumerate. Approximating.
[kernel] kgflags.h:404: more than 10(364) elements to enumerate. Approximating.
[kernel] kgflags.h:416: more than 10(364) elements to enumerate. Approximating.
[eva] kgflags.h:400: Trace partitioning superposing up to 4700 states
[kernel] kgflags.h:404: more than 10(365) elements to enumerate. Approximating.
[kernel] kgflags.h:416: more than 10(365) elements to enumerate. Approximating.
[kernel] kgflags.h:404: more than 10(366) elements to enumerate. Approximating.
[kernel] kgflags.h:416: more than 10(366) elements to enumerate. Approximating.
[kernel] kgflags.h:404: more than 10(367) elements to enumerate. Approximating.
[kernel] kgflags.h:416: more than 10(367) elements to enumerate. Approximating.
[kernel] kgflags.h:404: more than 10(368) elements to enumerate. Approximating.
[kernel] kgflags.h:416: more than 10(368) elements to enumerate. Approximating.
[kernel] kgflags.h:404: more than 10(369) elements to enumerate. Approximating.
[kernel] kgflags.h:416: more than 10(369) elements to enumerate. Approximating.
[kernel] kgflags.h:404: more than 10(370) elements to enumerate. Approximating.
[kernel] kgflags.h:416: more than 10(370) elements to enumerate. Approximating.
[kernel] kgflags.h:404: more than 10(371) elements to enumerate. Approximating.
[kernel] kgflags.h:416: more than 10(371) elements to enumerate. Approximating.
[kernel] kgflags.h:404: more than 10(372) elements to enumerate. Approximating.
[kernel] kgflags.h:416: more than 10(372) elements to enumerate. Approximating.
[kernel] kgflags.h:404: more than 10(373) elements to enumerate. Approximating.
[kernel] kgflags.h:416: more than 10(373) elements to enumerate. Approximating.
[eva] kgflags.h:400: Trace partitioning superposing up to 4800 states
[kernel] kgflags.h:404: more than 10(374) elements to enumerate. Approximating.
[kernel] kgflags.h:416: more than 10(374) elements to enumerate. Approximating.
[kernel] kgflags.h:404: more than 10(375) elements to enumerate. Approximating.
[kernel] kgflags.h:416: more than 10(375) elements to enumerate. Approximating.
[kernel] kgflags.h:404: more than 10(376) elements to enumerate. Approximating.
[kernel] kgflags.h:416: more than 10(376) elements to enumerate. Approximating.
[kernel] kgflags.h:404: more than 10(377) elements to enumerate. Approximating.
[kernel] kgflags.h:416: more than 10(377) elements to enumerate. Approximating.
[kernel] kgflags.h:404: more than 10(378) elements to enumerate. Approximating.
[kernel] kgflags.h:416: more than 10(378) elements to enumerate. Approximating.
[kernel] kgflags.h:404: more than 10(379) elements to enumerate. Approximating.
[kernel] kgflags.h:416: more than 10(379) elements to enumerate. Approximating.
[kernel] kgflags.h:404: more than 10(380) elements to enumerate. Approximating.
[kernel] kgflags.h:416: more than 10(380) elements to enumerate. Approximating.
[kernel] kgflags.h:404: more than 10(381) elements to enumerate. Approximating.
[kernel] kgflags.h:416: more than 10(381) elements to enumerate. Approximating.
[kernel] kgflags.h:404: more than 10(382) elements to enumerate. Approximating.
[kernel] kgflags.h:416: more than 10(382) elements to enumerate. Approximating.
[eva] kgflags.h:400: Trace partitioning superposing up to 4900 states
[kernel] kgflags.h:404: more than 10(383) elements to enumerate. Approximating.
[kernel] kgflags.h:416: more than 10(383) elements to enumerate. Approximating.
[kernel] kgflags.h:404: more than 10(384) elements to enumerate. Approximating.
[kernel] kgflags.h:416: more than 10(384) elements to enumerate. Approximating.
[kernel] kgflags.h:404: more than 10(385) elements to enumerate. Approximating.
[kernel] kgflags.h:416: more than 10(385) elements to enumerate. Approximating.
[kernel] kgflags.h:404: more than 10(386) elements to enumerate. Approximating.
[kernel] kgflags.h:416: more than 10(386) elements to enumerate. Approximating.
[kernel] kgflags.h:404: more than 10(387) elements to enumerate. Approximating.
[kernel] kgflags.h:416: more than 10(387) elements to enumerate. Approximating.
[kernel] kgflags.h:404: more than 10(388) elements to enumerate. Approximating.
[kernel] kgflags.h:416: more than 10(388) elements to enumerate. Approximating.
[kernel] kgflags.h:404: more than 10(389) elements to enumerate. Approximating.
[kernel] kgflags.h:416: more than 10(389) elements to enumerate. Approximating.
[kernel] kgflags.h:404: more than 10(390) elements to enumerate. Approximating.
[kernel] kgflags.h:416: more than 10(390) elements to enumerate. Approximating.
[kernel] kgflags.h:404: more than 10(391) elements to enumerate. Approximating.
[kernel] kgflags.h:416: more than 10(391) elements to enumerate. Approximating.
[eva] kgflags.h:400: Trace partitioning superposing up to 5000 states
[kernel] kgflags.h:404: more than 10(392) elements to enumerate. Approximating.
[kernel] kgflags.h:416: more than 10(392) elements to enumerate. Approximating.
[kernel] kgflags.h:404: more than 10(393) elements to enumerate. Approximating.
[kernel] kgflags.h:416: more than 10(393) elements to enumerate. Approximating.
[kernel] kgflags.h:404: more than 10(394) elements to enumerate. Approximating.
[kernel] kgflags.h:416: more than 10(394) elements to enumerate. Approximating.
[kernel] kgflags.h:404: more than 10(395) elements to enumerate. Approximating.
[kernel] kgflags.h:416: more than 10(395) elements to enumerate. Approximating.
[kernel] kgflags.h:404: more than 10(396) elements to enumerate. Approximating.
[kernel] kgflags.h:416: more than 10(396) elements to enumerate. Approximating.
[kernel] kgflags.h:404: more than 10(397) elements to enumerate. Approximating.
[kernel] kgflags.h:416: more than 10(397) elements to enumerate. Approximating.
[kernel] kgflags.h:404: more than 10(398) elements to enumerate. Approximating.
[kernel] kgflags.h:416: more than 10(398) elements to enumerate. Approximating.
[kernel] kgflags.h:404: more than 10(399) elements to enumerate. Approximating.
[kernel] kgflags.h:416: more than 10(399) elements to enumerate. Approximating.
[kernel] kgflags.h:404: more than 10(400) elements to enumerate. Approximating.
[kernel] kgflags.h:416: more than 10(400) elements to enumerate. Approximating.
[eva] kgflags.h:400: Trace partitioning superposing up to 5100 states
[kernel] kgflags.h:404: more than 10(401) elements to enumerate. Approximating.
[kernel] kgflags.h:416: more than 10(401) elements to enumerate. Approximating.
[kernel] kgflags.h:404: more than 10(402) elements to enumerate. Approximating.
[kernel] kgflags.h:416: more than 10(402) elements to enumerate. Approximating.
[kernel] kgflags.h:404: more than 10(403) elements to enumerate. Approximating.
[kernel] kgflags.h:416: more than 10(403) elements to enumerate. Approximating.
[kernel] kgflags.h:404: more than 10(404) elements to enumerate. Approximating.
[kernel] kgflags.h:416: more than 10(404) elements to enumerate. Approximating.
[kernel] kgflags.h:404: more than 10(405) elements to enumerate. Approximating.
[kernel] kgflags.h:416: more than 10(405) elements to enumerate. Approximating.
[kernel] kgflags.h:404: more than 10(406) elements to enumerate. Approximating.
[kernel] kgflags.h:416: more than 10(406) elements to enumerate. Approximating.
[kernel] kgflags.h:404: more than 10(407) elements to enumerate. Approximating.
[kernel] kgflags.h:416: more than 10(407) elements to enumerate. Approximating.
[kernel] kgflags.h:404: more than 10(408) elements to enumerate. Approximating.
[kernel] kgflags.h:416: more than 10(408) elements to enumerate. Approximating.
[kernel] kgflags.h:404: more than 10(409) elements to enumerate. Approximating.
[kernel] kgflags.h:416: more than 10(409) elements to enumerate. Approximating.
[eva] kgflags.h:400: Trace partitioning superposing up to 5200 states
[kernel] kgflags.h:404: more than 10(410) elements to enumerate. Approximating.
[kernel] kgflags.h:416: more than 10(410) elements to enumerate. Approximating.
[kernel] kgflags.h:432: more than 10(410) elements to enumerate. Approximating.
[kernel] kgflags.h:404: more than 10(411) elements to enumerate. Approximating.
[kernel] kgflags.h:416: more than 10(411) elements to enumerate. Approximating.
[kernel] kgflags.h:404: more than 10(412) elements to enumerate. Approximating.
[kernel] kgflags.h:416: more than 10(412) elements to enumerate. Approximating.
[kernel] kgflags.h:404: more than 10(413) elements to enumerate. Approximating.
[kernel] kgflags.h:416: more than 10(413) elements to enumerate. Approximating.
[kernel] kgflags.h:420: more than 10(413) elements to enumerate. Approximating.
[kernel] kgflags.h:404: more than 10(414) elements to enumerate. Approximating.
[kernel] kgflags.h:416: more than 10(414) elements to enumerate. Approximating.
[kernel] kgflags.h:404: more than 10(415) elements to enumerate. Approximating.
[kernel] kgflags.h:416: more than 10(415) elements to enumerate. Approximating.
[kernel] kgflags.h:404: more than 10(416) elements to enumerate. Approximating.
[kernel] kgflags.h:416: more than 10(416) elements to enumerate. Approximating.
[kernel] kgflags.h:404: more than 10(417) elements to enumerate. Approximating.
[kernel] kgflags.h:416: more than 10(417) elements to enumerate. Approximating.
[kernel] kgflags.h:404: more than 10(418) elements to enumerate. Approximating.
[kernel] kgflags.h:416: more than 10(418) elements to enumerate. Approximating.
[eva] kgflags.h:400: Trace partitioning superposing up to 5300 states
[kernel] kgflags.h:404: more than 10(419) elements to enumerate. Approximating.
[kernel] kgflags.h:416: more than 10(419) elements to enumerate. Approximating.
[kernel] kgflags.h:404: more than 10(420) elements to enumerate. Approximating.
[kernel] kgflags.h:416: more than 10(420) elements to enumerate. Approximating.
[kernel] kgflags.h:404: more than 10(421) elements to enumerate. Approximating.
[kernel] kgflags.h:416: more than 10(421) elements to enumerate. Approximating.
[kernel] kgflags.h:404: more than 10(422) elements to enumerate. Approximating.
[kernel] kgflags.h:416: more than 10(422) elements to enumerate. Approximating.
[kernel] kgflags.h:404: more than 10(423) elements to enumerate. Approximating.
[kernel] kgflags.h:416: more than 10(423) elements to enumerate. Approximating.
[kernel] kgflags.h:404: more than 10(424) elements to enumerate. Approximating.
[kernel] kgflags.h:416: more than 10(424) elements to enumerate. Approximating.
[kernel] kgflags.h:404: more than 10(425) elements to enumerate. Approximating.
[kernel] kgflags.h:416: more than 10(425) elements to enumerate. Approximating.
[kernel] kgflags.h:404: more than 10(426) elements to enumerate. Approximating.
[kernel] kgflags.h:416: more than 10(426) elements to enumerate. Approximating.
[kernel] kgflags.h:404: more than 10(427) elements to enumerate. Approximating.
[kernel] kgflags.h:416: more than 10(427) elements to enumerate. Approximating.
[eva] kgflags.h:400: Trace partitioning superposing up to 5400 states
[kernel] kgflags.h:404: more than 10(428) elements to enumerate. Approximating.
[kernel] kgflags.h:416: more than 10(428) elements to enumerate. Approximating.
[kernel] kgflags.h:404: more than 10(429) elements to enumerate. Approximating.
[kernel] kgflags.h:416: more than 10(429) elements to enumerate. Approximating.
[kernel] kgflags.h:404: more than 10(430) elements to enumerate. Approximating.
[kernel] kgflags.h:416: more than 10(430) elements to enumerate. Approximating.
[kernel] kgflags.h:404: more than 10(431) elements to enumerate. Approximating.
[kernel] kgflags.h:416: more than 10(431) elements to enumerate. Approximating.
[kernel] kgflags.h:404: more than 10(432) elements to enumerate. Approximating.
[kernel] kgflags.h:416: more than 10(432) elements to enumerate. Approximating.
[kernel] kgflags.h:404: more than 10(433) elements to enumerate. Approximating.
[kernel] kgflags.h:416: more than 10(433) elements to enumerate. Approximating.
[kernel] kgflags.h:404: more than 10(434) elements to enumerate. Approximating.
[kernel] kgflags.h:416: more than 10(434) elements to enumerate. Approximating.
[kernel] kgflags.h:404: more than 10(435) elements to enumerate. Approximating.
[kernel] kgflags.h:416: more than 10(435) elements to enumerate. Approximating.
[kernel] kgflags.h:404: more than 10(436) elements to enumerate. Approximating.
[kernel] kgflags.h:416: more than 10(436) elements to enumerate. Approximating.
[eva] kgflags.h:400: Trace partitioning superposing up to 5500 states
[kernel] kgflags.h:404: more than 10(437) elements to enumerate. Approximating.
[kernel] kgflags.h:416: more than 10(437) elements to enumerate. Approximating.
[kernel] kgflags.h:404: more than 10(438) elements to enumerate. Approximating.
[kernel] kgflags.h:416: more than 10(438) elements to enumerate. Approximating.
[kernel] kgflags.h:404: more than 10(439) elements to enumerate. Approximating.
[kernel] kgflags.h:416: more than 10(439) elements to enumerate. Approximating.
[kernel] kgflags.h:404: more than 10(440) elements to enumerate. Approximating.
[kernel] kgflags.h:416: more than 10(440) elements to enumerate. Approximating.
[kernel] kgflags.h:404: more than 10(441) elements to enumerate. Approximating.
[kernel] kgflags.h:416: more than 10(441) elements to enumerate. Approximating.
[kernel] kgflags.h:404: more than 10(442) elements to enumerate. Approximating.
[kernel] kgflags.h:416: more than 10(442) elements to enumerate. Approximating.
[kernel] kgflags.h:404: more than 10(443) elements to enumerate. Approximating.
[kernel] kgflags.h:416: more than 10(443) elements to enumerate. Approximating.
[kernel] kgflags.h:404: more than 10(444) elements to enumerate. Approximating.
[kernel] kgflags.h:416: more than 10(444) elements to enumerate. Approximating.
[kernel] kgflags.h:404: more than 10(445) elements to enumerate. Approximating.
[kernel] kgflags.h:416: more than 10(445) elements to enumerate. Approximating.
[kernel] kgflags.h:404: more than 10(446) elements to enumerate. Approximating.
[kernel] kgflags.h:416: more than 10(446) elements to enumerate. Approximating.
[eva] kgflags.h:400: Trace partitioning superposing up to 5600 states
[kernel] kgflags.h:404: more than 10(447) elements to enumerate. Approximating.
[kernel] kgflags.h:416: more than 10(447) elements to enumerate. Approximating.
[kernel] kgflags.h:404: more than 10(448) elements to enumerate. Approximating.
[kernel] kgflags.h:416: more than 10(448) elements to enumerate. Approximating.
[kernel] kgflags.h:402: more than 10(512) elements to enumerate. Approximating.
[kernel] kgflags.h:404: more than 10(512) elements to enumerate. Approximating.
[kernel] kgflags.h:416: more than 10(512) elements to enumerate. Approximating.
[eva] using specification for function fprintf_va_12
[eva] using specification for function fprintf_va_13
[eva] using specification for function fprintf_va_14
[eva] using specification for function fprintf_va_25
[eva] using specification for function fprintf_va_26
[eva] using specification for function fprintf_va_16
[eva:alarm] kgflags.h:467: Warning: 
  function fprintf_va_16: precondition valid_read_string(param1) got status unknown.
[eva:alarm] kgflags.h:467: Warning: 
  function fprintf_va_16: precondition valid_read_string(param3) got status unknown.
[eva] using specification for function fprintf_va_17
[eva] using specification for function fprintf_va_18
[eva:alarm] kgflags.h:475: Warning: 
  function fprintf_va_18: precondition valid_read_string(param1) got status unknown.
[eva] using specification for function fprintf_va_19
[eva] using specification for function fprintf_va_20
[eva:alarm] kgflags.h:482: Warning: 
  function fprintf_va_20: precondition valid_read_string(param1) got status unknown.
[eva] using specification for function fprintf_va_21
[eva] using specification for function fprintf_va_22
[eva:alarm] kgflags.h:489: Warning: 
  function fprintf_va_22: precondition valid_read_string(param1) got status unknown.
[eva] using specification for function fprintf_va_23
[eva:alarm] kgflags.h:493: Warning: 
  function fprintf_va_23: precondition valid_read_string(param1) got status unknown.
[eva] using specification for function fprintf_va_24
[eva:alarm] kgflags.h:497: Warning: 
  function fprintf_va_24: precondition valid_read_string(param1) got status unknown.
[eva] kgflags.h:503: Trace partitioning superposing up to 300 states
[eva] kgflags.h:506: Trace partitioning superposing up to 500 states
[eva] kgflags.h:457: Trace partitioning superposing up to 600 states
[eva] kgflags.h:482: Trace partitioning superposing up to 1100 states
[eva] kgflags.h:489: Trace partitioning superposing up to 1200 states
[eva:alarm] kgflags.h:504: Warning: 
  function fprintf_va_25: precondition valid_read_string(param0) got status unknown.
[eva:locals-escaping] fc_stubs.c:21: Warning: 
  locals {string_val} escaping the scope of main through _kgflags_g
[eva:locals-escaping] fc_stubs.c:21: Warning: 
  locals {bool_val, int_val, double_val, string_arr, int_arr, double_arr} escaping the scope of main through _kgflags_g
[eva:locals-escaping] fc_stubs.c:21: Warning: 
  locals {int_val, double_val, string_arr, int_arr, double_arr} escaping the scope of main through _kgflags_g
[eva:locals-escaping] fc_stubs.c:21: Warning: 
  locals {double_val, string_arr, int_arr, double_arr} escaping the scope of main through _kgflags_g
[eva:locals-escaping] fc_stubs.c:21: Warning: 
  locals {string_arr, int_arr, double_arr} escaping the scope of main through _kgflags_g
[eva:locals-escaping] fc_stubs.c:21: Warning: 
  locals {int_arr, double_arr} escaping the scope of main through _kgflags_g
[eva:locals-escaping] fc_stubs.c:21: Warning: 
  locals {double_arr} escaping the scope of main through _kgflags_g
[eva] kgflags.h:641: 
  assertion 'Eva,is_nan_or_infinite' got final status invalid.
[eva] ====== VALUES COMPUTED ======
[eva:final-states] Values at end of function _kgflags_add_error:
  err.flag_name ∈
     {{ NULL ; &argv1[1] ; &argv2[1] ; &argv3[1] ; &argv4[1] ; "string" ;
        "bool" ; "int" ; "double" ; "string-array" ; "int-array" ;
        "double-array" }}
     .arg ∈ {{ NULL ; &argv1[0] ; &argv2[0] ; &argv3[0] ; &argv4[0] }}
     .kind ∈ [1..10]
     .[bits 160 to 191] ∈ UNINITIALIZED
  _kgflags_g.flags_count ∈ {1; 2; 3; 4; 5; 6; 7}
            .[bits 32 to 63] ∈ {0}
            .flags[0].name ∈ {{ "string" }}
            .flags[0].description ∈ {{ "String flag." }}
            .flags[0].default_value{.string_value; .bool_value[bits 0 to 63]; .int_value[bits 0 to 63]; .double_value} ∈
            {{ "lorem" }}
            .flags[0].result{.string_value; .bool_value; .int_value; .double_value; .string_array; .int_array; .double_array} ∈
            {{ (? *)&string_val }}
            .flags[0]{.assigned; .error} ∈ {0; 1}
            .flags[0].required ∈ {1}
            .flags[0].[bits 280 to 287] ∈ {0}
            .flags[0].kind ∈ {KGFLAGS_FLAG_KIND_STRING}
            .flags[1].name ∈
            {{ NULL ; "bool" ; "int" ; "double" ; "string-array" ;
               "int-array" ; "double-array" }}
            .flags[1].description ∈
            {{ NULL ; "Boolean flag." ; "Integer flag." ; "Double flag." ;
               "String array flag." ; "Int array flag." ;
               "Double array flag." }}
            .flags[1].default_value ∈ {0}
            .flags[1].result{.string_value; .bool_value; .int_value; .double_value; .string_array; .int_array; .double_array} ∈
            {{ NULL ; (? *)&bool_val ; (? *)&int_val ; (? *)&double_val ;
               (? *)&string_arr ; (? *)&int_arr ; (? *)&double_arr }}
            .flags[1]{.assigned; .error; .required} ∈ {0; 1}
            .flags[1].[bits 280 to 287] ∈ {0}
            .flags[1].kind ∈
            {KGFLAGS_FLAG_KIND_NONE; KGFLAGS_FLAG_KIND_BOOL;
             KGFLAGS_FLAG_KIND_INT; KGFLAGS_FLAG_KIND_DOUBLE;
             KGFLAGS_FLAG_KIND_STRING_ARRAY; KGFLAGS_FLAG_KIND_INT_ARRAY;
             KGFLAGS_FLAG_KIND_DOUBLE_ARRAY}
            .flags[2].name ∈
            {{ NULL ; "int" ; "double" ; "string-array" ; "int-array" ;
               "double-array" }}
            .flags[2].description ∈
            {{ NULL ; "Integer flag." ; "Double flag." ;
               "String array flag." ; "Int array flag." ;
               "Double array flag." }}
            .flags[2].default_value ∈ {0}
            .flags[2].result{.string_value; .bool_value; .int_value; .double_value; .string_array; .int_array; .double_array} ∈
            {{ NULL ; (? *)&int_val ; (? *)&double_val ; (? *)&string_arr ;
               (? *)&int_arr ; (? *)&double_arr }}
            .flags[2]{.assigned; .error; .required} ∈ {0; 1}
            .flags[2].[bits 280 to 287] ∈ {0}
            .flags[2].kind ∈
            {KGFLAGS_FLAG_KIND_NONE; KGFLAGS_FLAG_KIND_INT;
             KGFLAGS_FLAG_KIND_DOUBLE; KGFLAGS_FLAG_KIND_STRING_ARRAY;
             KGFLAGS_FLAG_KIND_INT_ARRAY; KGFLAGS_FLAG_KIND_DOUBLE_ARRAY}
            .flags[3].name ∈
            {{ NULL ; "double" ; "string-array" ; "int-array" ;
               "double-array" }}
            .flags[3].description ∈
            {{ NULL ; "Double flag." ; "String array flag." ;
               "Int array flag." ; "Double array flag." }}
            .flags[3].default_value ∈ {0}
            .flags[3].result{.string_value; .bool_value; .int_value; .double_value; .string_array; .int_array; .double_array} ∈
            {{ NULL ; (? *)&double_val ; (? *)&string_arr ; (? *)&int_arr ;
               (? *)&double_arr }}
            .flags[3]{.assigned; .error; .required} ∈ {0; 1}
            .flags[3].[bits 280 to 287] ∈ {0}
            .flags[3].kind ∈
            {KGFLAGS_FLAG_KIND_NONE; KGFLAGS_FLAG_KIND_DOUBLE;
             KGFLAGS_FLAG_KIND_STRING_ARRAY; KGFLAGS_FLAG_KIND_INT_ARRAY;
             KGFLAGS_FLAG_KIND_DOUBLE_ARRAY}
            .flags[4].name ∈
            {{ NULL ; "string-array" ; "int-array" ; "double-array" }}
            .flags[4].description ∈
            {{ NULL ; "String array flag." ; "Int array flag." ;
               "Double array flag." }}
            .flags[4].default_value ∈ {0}
            .flags[4].result{.string_value; .bool_value; .int_value; .double_value; .string_array; .int_array; .double_array} ∈
            {{ NULL ; (? *)&string_arr ; (? *)&int_arr ; (? *)&double_arr }}
            .flags[4]{.assigned; .error; .required} ∈ {0; 1}
            .flags[4].[bits 280 to 287] ∈ {0}
            .flags[4].kind ∈
            {KGFLAGS_FLAG_KIND_NONE; KGFLAGS_FLAG_KIND_STRING_ARRAY;
             KGFLAGS_FLAG_KIND_INT_ARRAY; KGFLAGS_FLAG_KIND_DOUBLE_ARRAY}
            .flags[5].name ∈ {{ NULL ; "int-array" ; "double-array" }}
            .flags[5].description ∈
            {{ NULL ; "Int array flag." ; "Double array flag." }}
            .flags[5].default_value ∈ {0}
            .flags[5].result{.string_value; .bool_value; .int_value; .double_value; .string_array; .int_array; .double_array} ∈
            {{ NULL ; (? *)&int_arr ; (? *)&double_arr }}
            .flags[5]{.assigned; .error; .required} ∈ {0; 1}
            .flags[5].[bits 280 to 287] ∈ {0}
            .flags[5].kind ∈
            {KGFLAGS_FLAG_KIND_NONE; KGFLAGS_FLAG_KIND_INT_ARRAY;
             KGFLAGS_FLAG_KIND_DOUBLE_ARRAY}
            .flags[6].name ∈ {{ NULL ; "double-array" }}
            .flags[6].description ∈ {{ NULL ; "Double array flag." }}
            .flags[6].default_value ∈ {0}
            .flags[6].result{.string_value; .bool_value; .int_value; .double_value; .string_array; .int_array; .double_array} ∈
            {{ NULL ; (? *)&double_arr }}
            .flags[6]{.assigned; .error; .required} ∈ {0; 1}
            .flags[6].[bits 280 to 287] ∈ {0}
            .flags[6].kind ∈
            {KGFLAGS_FLAG_KIND_NONE; KGFLAGS_FLAG_KIND_DOUBLE_ARRAY}
            .flags[7..255] ∈ {0}
            .non_flag_count ∈ [0..512]
            .[bits 82016 to 82047] ∈ {0}
            .non_flag_args[0..511] ∈
            {{ NULL ; &argv1[0] ; &argv2[0] ; &argv3[0] ; &argv4[0] }}
            .errors_count ∈ [1..512]
            .[bits 114848 to 114879] ∈ {0}
            .errors[0..511] ∈
            {{ garbled mix of &{argv1; argv2; argv3; argv4; "string"; 
                                "bool"; "int"; "double"; "string-array";
                                "int-array"; "double-array"}
             (origin: Misaligned {kgflags.h:657}) }} or UNINITIALIZED
            .flag_prefix ∈ {{ NULL ; "-" }}
            {.arg_cursor; .argc} ∈ {0; 1; 2; 3; 4; 5}
            .argv ∈ {{ NULL ; &argv[0] }}
            .custom_description ∈ {{ NULL ; "Usage of fullapi [-FLAGS]:" }}
[eva:final-states] Values at end of function _kgflags_add_non_flag_arg:
  _kgflags_g.flags_count ∈ {1; 2; 3; 4; 5; 6; 7}
            .[bits 32 to 63] ∈ {0}
            .flags[0].name ∈ {{ "string" }}
            .flags[0].description ∈ {{ "String flag." }}
            .flags[0].default_value{.string_value; .bool_value[bits 0 to 63]; .int_value[bits 0 to 63]; .double_value} ∈
            {{ "lorem" }}
            .flags[0].result{.string_value; .bool_value; .int_value; .double_value; .string_array; .int_array; .double_array} ∈
            {{ (? *)&string_val }}
            .flags[0]{.assigned; .error} ∈ {0; 1}
            .flags[0].required ∈ {1}
            .flags[0].[bits 280 to 287] ∈ {0}
            .flags[0].kind ∈ {KGFLAGS_FLAG_KIND_STRING}
            .flags[1].name ∈
            {{ NULL ; "bool" ; "int" ; "double" ; "string-array" ;
               "int-array" ; "double-array" }}
            .flags[1].description ∈
            {{ NULL ; "Boolean flag." ; "Integer flag." ; "Double flag." ;
               "String array flag." ; "Int array flag." ;
               "Double array flag." }}
            .flags[1].default_value ∈ {0}
            .flags[1].result{.string_value; .bool_value; .int_value; .double_value; .string_array; .int_array; .double_array} ∈
            {{ NULL ; (? *)&bool_val ; (? *)&int_val ; (? *)&double_val ;
               (? *)&string_arr ; (? *)&int_arr ; (? *)&double_arr }}
            .flags[1]{.assigned; .error; .required} ∈ {0; 1}
            .flags[1].[bits 280 to 287] ∈ {0}
            .flags[1].kind ∈
            {KGFLAGS_FLAG_KIND_NONE; KGFLAGS_FLAG_KIND_BOOL;
             KGFLAGS_FLAG_KIND_INT; KGFLAGS_FLAG_KIND_DOUBLE;
             KGFLAGS_FLAG_KIND_STRING_ARRAY; KGFLAGS_FLAG_KIND_INT_ARRAY;
             KGFLAGS_FLAG_KIND_DOUBLE_ARRAY}
            .flags[2].name ∈
            {{ NULL ; "int" ; "double" ; "string-array" ; "int-array" ;
               "double-array" }}
            .flags[2].description ∈
            {{ NULL ; "Integer flag." ; "Double flag." ;
               "String array flag." ; "Int array flag." ;
               "Double array flag." }}
            .flags[2].default_value ∈ {0}
            .flags[2].result{.string_value; .bool_value; .int_value; .double_value; .string_array; .int_array; .double_array} ∈
            {{ NULL ; (? *)&int_val ; (? *)&double_val ; (? *)&string_arr ;
               (? *)&int_arr ; (? *)&double_arr }}
            .flags[2]{.assigned; .error; .required} ∈ {0; 1}
            .flags[2].[bits 280 to 287] ∈ {0}
            .flags[2].kind ∈
            {KGFLAGS_FLAG_KIND_NONE; KGFLAGS_FLAG_KIND_INT;
             KGFLAGS_FLAG_KIND_DOUBLE; KGFLAGS_FLAG_KIND_STRING_ARRAY;
             KGFLAGS_FLAG_KIND_INT_ARRAY; KGFLAGS_FLAG_KIND_DOUBLE_ARRAY}
            .flags[3].name ∈
            {{ NULL ; "double" ; "string-array" ; "int-array" ;
               "double-array" }}
            .flags[3].description ∈
            {{ NULL ; "Double flag." ; "String array flag." ;
               "Int array flag." ; "Double array flag." }}
            .flags[3].default_value ∈ {0}
            .flags[3].result{.string_value; .bool_value; .int_value; .double_value; .string_array; .int_array; .double_array} ∈
            {{ NULL ; (? *)&double_val ; (? *)&string_arr ; (? *)&int_arr ;
               (? *)&double_arr }}
            .flags[3]{.assigned; .error; .required} ∈ {0; 1}
            .flags[3].[bits 280 to 287] ∈ {0}
            .flags[3].kind ∈
            {KGFLAGS_FLAG_KIND_NONE; KGFLAGS_FLAG_KIND_DOUBLE;
             KGFLAGS_FLAG_KIND_STRING_ARRAY; KGFLAGS_FLAG_KIND_INT_ARRAY;
             KGFLAGS_FLAG_KIND_DOUBLE_ARRAY}
            .flags[4].name ∈
            {{ NULL ; "string-array" ; "int-array" ; "double-array" }}
            .flags[4].description ∈
            {{ NULL ; "String array flag." ; "Int array flag." ;
               "Double array flag." }}
            .flags[4].default_value ∈ {0}
            .flags[4].result{.string_value; .bool_value; .int_value; .double_value; .string_array; .int_array; .double_array} ∈
            {{ NULL ; (? *)&string_arr ; (? *)&int_arr ; (? *)&double_arr }}
            .flags[4]{.assigned; .error; .required} ∈ {0; 1}
            .flags[4].[bits 280 to 287] ∈ {0}
            .flags[4].kind ∈
            {KGFLAGS_FLAG_KIND_NONE; KGFLAGS_FLAG_KIND_STRING_ARRAY;
             KGFLAGS_FLAG_KIND_INT_ARRAY; KGFLAGS_FLAG_KIND_DOUBLE_ARRAY}
            .flags[5].name ∈ {{ NULL ; "int-array" ; "double-array" }}
            .flags[5].description ∈
            {{ NULL ; "Int array flag." ; "Double array flag." }}
            .flags[5].default_value ∈ {0}
            .flags[5].result{.string_value; .bool_value; .int_value; .double_value; .string_array; .int_array; .double_array} ∈
            {{ NULL ; (? *)&int_arr ; (? *)&double_arr }}
            .flags[5]{.assigned; .error; .required} ∈ {0; 1}
            .flags[5].[bits 280 to 287] ∈ {0}
            .flags[5].kind ∈
            {KGFLAGS_FLAG_KIND_NONE; KGFLAGS_FLAG_KIND_INT_ARRAY;
             KGFLAGS_FLAG_KIND_DOUBLE_ARRAY}
            .flags[6].name ∈ {{ NULL ; "double-array" }}
            .flags[6].description ∈ {{ NULL ; "Double array flag." }}
            .flags[6].default_value ∈ {0}
            .flags[6].result{.string_value; .bool_value; .int_value; .double_value; .string_array; .int_array; .double_array} ∈
            {{ NULL ; (? *)&double_arr }}
            .flags[6]{.assigned; .error; .required} ∈ {0; 1}
            .flags[6].[bits 280 to 287] ∈ {0}
            .flags[6].kind ∈
            {KGFLAGS_FLAG_KIND_NONE; KGFLAGS_FLAG_KIND_DOUBLE_ARRAY}
            .flags[7..255] ∈ {0}
            .non_flag_count ∈ [1..512]
            .[bits 82016 to 82047] ∈ {0}
            .non_flag_args[0] ∈
            {{ &argv1[0] ; &argv2[0] ; &argv3[0] ; &argv4[0] }}
            .non_flag_args[1..511] ∈
            {{ NULL ; &argv1[0] ; &argv2[0] ; &argv3[0] ; &argv4[0] }}
            .errors_count ∈ [0..512]
            .[bits 114848 to 114879] ∈ {0}
            .errors[0..511] ∈
            {{ garbled mix of &{argv1; argv2; argv3; argv4; "string"; 
                                "bool"; "int"; "double"; "string-array";
                                "int-array"; "double-array"}
             (origin: Misaligned {kgflags.h:657}) }} or UNINITIALIZED
            .flag_prefix ∈ {{ "-" }}
            .arg_cursor ∈ {1; 2; 3; 4; 5}
            .argc ∈ {0; 1; 2; 3; 4; 5}
            .argv ∈ {{ &argv[0] }}
            .custom_description ∈ {{ "Usage of fullapi [-FLAGS]:" }}
  __retres ∈ {0; 1}
[eva:final-states] Values at end of function _kgflags_assign_default_values:
  i ∈ {1; 2; 3; 4; 5; 6; 7}
  bool_val ∈ {0; 1}
  int_val ∈ [--..--]
  double_val[bits 0 to 7] ∈
            {{ garbled mix of &{argv} (origin: Merge {kgflags.h:735}) }}
            [bits 8 to 31]# ∈
            {{ NULL + [--..--] ; (? *)&argv{[1], [2], [3], [4], [5]} }}%64, bits 8 to 31 
            [bits 32 to 63]# ∈
            {{ NULL ; (? *)&argv{[1], [2], [3], [4], [5]} }}%64, bits 32 to 63 
  string_arr._items[bits 0 to 7] ∈
            {{ garbled mix of &{argv} (origin: Merge {kgflags.h:735}) }}
            ._items[bits 8 to 31]# ∈
            {{ NULL + [--..--] ; (? *)&argv{[1], [2], [3], [4], [5]} }}%64, bits 8 to 31 
            ._items[bits 32 to 63]# ∈
            {{ NULL ; (? *)&argv{[1], [2], [3], [4], [5]} }}%64, bits 32 to 63 
            ._count ∈ [0..2147483647]
            .[bits 96 to 127] ∈ UNINITIALIZED
  int_arr._items[bits 0 to 7] ∈
         {{ garbled mix of &{argv} (origin: Merge {kgflags.h:735}) }}
         ._items[bits 8 to 31]# ∈
         {{ NULL + [--..--] ; (? *)&argv{[1], [2], [3], [4], [5]} }}%64, bits 8 to 31 
         ._items[bits 32 to 63]# ∈
         {{ NULL ; (? *)&argv{[1], [2], [3], [4], [5]} }}%64, bits 32 to 63 
         ._count ∈ [0..2147483647]
         .[bits 96 to 127] ∈ UNINITIALIZED
  double_arr._items[bits 0 to 7] ∈
            {{ garbled mix of &{argv} (origin: Merge {kgflags.h:735}) }}
            ._items[bits 8 to 31]# ∈
            {{ NULL + [--..--] ; (? *)&argv{[1], [2], [3], [4], [5]} }}%64, bits 8 to 31 
            ._items[bits 32 to 63]# ∈
            {{ NULL ; (? *)&argv{[1], [2], [3], [4], [5]} }}%64, bits 32 to 63 
            ._count ∈ [0..2147483647]
            .[bits 96 to 127] ∈ UNINITIALIZED
  _kgflags_g.flags_count ∈ {1; 2; 3; 4; 5; 6; 7}
            .[bits 32 to 63] ∈ {0}
            .flags[0].name ∈ {{ "string" }}
            .flags[0].description ∈ {{ "String flag." }}
            .flags[0].default_value{.string_value; .bool_value[bits 0 to 63]; .int_value[bits 0 to 63]; .double_value} ∈
            {{ "lorem" }}
            .flags[0].result{.string_value; .bool_value; .int_value; .double_value; .string_array; .int_array; .double_array} ∈
            {{ (? *)&string_val }}
            .flags[0]{.assigned; .error} ∈ {0; 1}
            .flags[0].required ∈ {1}
            .flags[0].[bits 280 to 287] ∈ {0}
            .flags[0].kind ∈ {KGFLAGS_FLAG_KIND_STRING}
            .flags[1].name ∈
            {{ NULL ; "bool" ; "int" ; "double" ; "string-array" ;
               "int-array" ; "double-array" }}
            .flags[1].description ∈
            {{ NULL ; "Boolean flag." ; "Integer flag." ; "Double flag." ;
               "String array flag." ; "Int array flag." ;
               "Double array flag." }}
            .flags[1].default_value ∈ {0}
            .flags[1].result{.string_value; .bool_value; .int_value; .double_value; .string_array; .int_array; .double_array} ∈
            {{ NULL ; (? *)&bool_val ; (? *)&int_val ; (? *)&double_val ;
               (? *)&string_arr ; (? *)&int_arr ; (? *)&double_arr }}
            .flags[1]{.assigned; .error; .required} ∈ {0; 1}
            .flags[1].[bits 280 to 287] ∈ {0}
            .flags[1].kind ∈
            {KGFLAGS_FLAG_KIND_NONE; KGFLAGS_FLAG_KIND_BOOL;
             KGFLAGS_FLAG_KIND_INT; KGFLAGS_FLAG_KIND_DOUBLE;
             KGFLAGS_FLAG_KIND_STRING_ARRAY; KGFLAGS_FLAG_KIND_INT_ARRAY;
             KGFLAGS_FLAG_KIND_DOUBLE_ARRAY}
            .flags[2].name ∈
            {{ NULL ; "int" ; "double" ; "string-array" ; "int-array" ;
               "double-array" }}
            .flags[2].description ∈
            {{ NULL ; "Integer flag." ; "Double flag." ;
               "String array flag." ; "Int array flag." ;
               "Double array flag." }}
            .flags[2].default_value ∈ {0}
            .flags[2].result{.string_value; .bool_value; .int_value; .double_value; .string_array; .int_array; .double_array} ∈
            {{ NULL ; (? *)&int_val ; (? *)&double_val ; (? *)&string_arr ;
               (? *)&int_arr ; (? *)&double_arr }}
            .flags[2]{.assigned; .error; .required} ∈ {0; 1}
            .flags[2].[bits 280 to 287] ∈ {0}
            .flags[2].kind ∈
            {KGFLAGS_FLAG_KIND_NONE; KGFLAGS_FLAG_KIND_INT;
             KGFLAGS_FLAG_KIND_DOUBLE; KGFLAGS_FLAG_KIND_STRING_ARRAY;
             KGFLAGS_FLAG_KIND_INT_ARRAY; KGFLAGS_FLAG_KIND_DOUBLE_ARRAY}
            .flags[3].name ∈
            {{ NULL ; "double" ; "string-array" ; "int-array" ;
               "double-array" }}
            .flags[3].description ∈
            {{ NULL ; "Double flag." ; "String array flag." ;
               "Int array flag." ; "Double array flag." }}
            .flags[3].default_value ∈ {0}
            .flags[3].result{.string_value; .bool_value; .int_value; .double_value; .string_array; .int_array; .double_array} ∈
            {{ NULL ; (? *)&double_val ; (? *)&string_arr ; (? *)&int_arr ;
               (? *)&double_arr }}
            .flags[3]{.assigned; .error; .required} ∈ {0; 1}
            .flags[3].[bits 280 to 287] ∈ {0}
            .flags[3].kind ∈
            {KGFLAGS_FLAG_KIND_NONE; KGFLAGS_FLAG_KIND_DOUBLE;
             KGFLAGS_FLAG_KIND_STRING_ARRAY; KGFLAGS_FLAG_KIND_INT_ARRAY;
             KGFLAGS_FLAG_KIND_DOUBLE_ARRAY}
            .flags[4].name ∈
            {{ NULL ; "string-array" ; "int-array" ; "double-array" }}
            .flags[4].description ∈
            {{ NULL ; "String array flag." ; "Int array flag." ;
               "Double array flag." }}
            .flags[4].default_value ∈ {0}
            .flags[4].result{.string_value; .bool_value; .int_value; .double_value; .string_array; .int_array; .double_array} ∈
            {{ NULL ; (? *)&string_arr ; (? *)&int_arr ; (? *)&double_arr }}
            .flags[4]{.assigned; .error; .required} ∈ {0; 1}
            .flags[4].[bits 280 to 287] ∈ {0}
            .flags[4].kind ∈
            {KGFLAGS_FLAG_KIND_NONE; KGFLAGS_FLAG_KIND_STRING_ARRAY;
             KGFLAGS_FLAG_KIND_INT_ARRAY; KGFLAGS_FLAG_KIND_DOUBLE_ARRAY}
            .flags[5].name ∈ {{ NULL ; "int-array" ; "double-array" }}
            .flags[5].description ∈
            {{ NULL ; "Int array flag." ; "Double array flag." }}
            .flags[5].default_value ∈ {0}
            .flags[5].result{.string_value; .bool_value; .int_value; .double_value; .string_array; .int_array; .double_array} ∈
            {{ NULL ; (? *)&int_arr ; (? *)&double_arr }}
            .flags[5]{.assigned; .error; .required} ∈ {0; 1}
            .flags[5].[bits 280 to 287] ∈ {0}
            .flags[5].kind ∈
            {KGFLAGS_FLAG_KIND_NONE; KGFLAGS_FLAG_KIND_INT_ARRAY;
             KGFLAGS_FLAG_KIND_DOUBLE_ARRAY}
            .flags[6].name ∈ {{ NULL ; "double-array" }}
            .flags[6].description ∈ {{ NULL ; "Double array flag." }}
            .flags[6].default_value ∈ {0}
            .flags[6].result{.string_value; .bool_value; .int_value; .double_value; .string_array; .int_array; .double_array} ∈
            {{ NULL ; (? *)&double_arr }}
            .flags[6]{.assigned; .error; .required} ∈ {0; 1}
            .flags[6].[bits 280 to 287] ∈ {0}
            .flags[6].kind ∈
            {KGFLAGS_FLAG_KIND_NONE; KGFLAGS_FLAG_KIND_DOUBLE_ARRAY}
            .flags[7..255] ∈ {0}
            .non_flag_count ∈ [0..512]
            .[bits 82016 to 82047] ∈ {0}
            .non_flag_args[0..511] ∈
            {{ NULL ; &argv1[0] ; &argv2[0] ; &argv3[0] ; &argv4[0] }}
            .errors_count ∈ [0..512]
            .[bits 114848 to 114879] ∈ {0}
            .errors[0..511] ∈
            {{ garbled mix of &{argv1; argv2; argv3; argv4; "string"; 
                                "bool"; "int"; "double"; "string-array";
                                "int-array"; "double-array"}
             (origin: Misaligned {kgflags.h:657}) }} or UNINITIALIZED
            .flag_prefix ∈ {{ "-" }}
            .arg_cursor ∈ {1; 2; 3; 4; 5}
            .argc ∈ {0; 1; 2; 3; 4; 5}
            .argv ∈ {{ &argv[0] }}
            .custom_description ∈ {{ "Usage of fullapi [-FLAGS]:" }}
[eva:final-states] Values at end of function _kgflags_consume_arg:
  res ∈
     {{ &argv1[0] ; &argv2[0] ; &argv3[0] ; &argv4[0] }} or UNINITIALIZED
  _kgflags_g.flags_count ∈ {1; 2; 3; 4; 5; 6; 7}
            .[bits 32 to 63] ∈ {0}
            .flags[0].name ∈ {{ "string" }}
            .flags[0].description ∈ {{ "String flag." }}
            .flags[0].default_value{.string_value; .bool_value[bits 0 to 63]; .int_value[bits 0 to 63]; .double_value} ∈
            {{ "lorem" }}
            .flags[0].result{.string_value; .bool_value; .int_value; .double_value; .string_array; .int_array; .double_array} ∈
            {{ (? *)&string_val }}
            .flags[0]{.assigned; .error} ∈ {0; 1}
            .flags[0].required ∈ {1}
            .flags[0].[bits 280 to 287] ∈ {0}
            .flags[0].kind ∈ {KGFLAGS_FLAG_KIND_STRING}
            .flags[1].name ∈
            {{ NULL ; "bool" ; "int" ; "double" ; "string-array" ;
               "int-array" ; "double-array" }}
            .flags[1].description ∈
            {{ NULL ; "Boolean flag." ; "Integer flag." ; "Double flag." ;
               "String array flag." ; "Int array flag." ;
               "Double array flag." }}
            .flags[1].default_value ∈ {0}
            .flags[1].result{.string_value; .bool_value; .int_value; .double_value; .string_array; .int_array; .double_array} ∈
            {{ NULL ; (? *)&bool_val ; (? *)&int_val ; (? *)&double_val ;
               (? *)&string_arr ; (? *)&int_arr ; (? *)&double_arr }}
            .flags[1]{.assigned; .error; .required} ∈ {0; 1}
            .flags[1].[bits 280 to 287] ∈ {0}
            .flags[1].kind ∈
            {KGFLAGS_FLAG_KIND_NONE; KGFLAGS_FLAG_KIND_BOOL;
             KGFLAGS_FLAG_KIND_INT; KGFLAGS_FLAG_KIND_DOUBLE;
             KGFLAGS_FLAG_KIND_STRING_ARRAY; KGFLAGS_FLAG_KIND_INT_ARRAY;
             KGFLAGS_FLAG_KIND_DOUBLE_ARRAY}
            .flags[2].name ∈
            {{ NULL ; "int" ; "double" ; "string-array" ; "int-array" ;
               "double-array" }}
            .flags[2].description ∈
            {{ NULL ; "Integer flag." ; "Double flag." ;
               "String array flag." ; "Int array flag." ;
               "Double array flag." }}
            .flags[2].default_value ∈ {0}
            .flags[2].result{.string_value; .bool_value; .int_value; .double_value; .string_array; .int_array; .double_array} ∈
            {{ NULL ; (? *)&int_val ; (? *)&double_val ; (? *)&string_arr ;
               (? *)&int_arr ; (? *)&double_arr }}
            .flags[2]{.assigned; .error; .required} ∈ {0; 1}
            .flags[2].[bits 280 to 287] ∈ {0}
            .flags[2].kind ∈
            {KGFLAGS_FLAG_KIND_NONE; KGFLAGS_FLAG_KIND_INT;
             KGFLAGS_FLAG_KIND_DOUBLE; KGFLAGS_FLAG_KIND_STRING_ARRAY;
             KGFLAGS_FLAG_KIND_INT_ARRAY; KGFLAGS_FLAG_KIND_DOUBLE_ARRAY}
            .flags[3].name ∈
            {{ NULL ; "double" ; "string-array" ; "int-array" ;
               "double-array" }}
            .flags[3].description ∈
            {{ NULL ; "Double flag." ; "String array flag." ;
               "Int array flag." ; "Double array flag." }}
            .flags[3].default_value ∈ {0}
            .flags[3].result{.string_value; .bool_value; .int_value; .double_value; .string_array; .int_array; .double_array} ∈
            {{ NULL ; (? *)&double_val ; (? *)&string_arr ; (? *)&int_arr ;
               (? *)&double_arr }}
            .flags[3]{.assigned; .error; .required} ∈ {0; 1}
            .flags[3].[bits 280 to 287] ∈ {0}
            .flags[3].kind ∈
            {KGFLAGS_FLAG_KIND_NONE; KGFLAGS_FLAG_KIND_DOUBLE;
             KGFLAGS_FLAG_KIND_STRING_ARRAY; KGFLAGS_FLAG_KIND_INT_ARRAY;
             KGFLAGS_FLAG_KIND_DOUBLE_ARRAY}
            .flags[4].name ∈
            {{ NULL ; "string-array" ; "int-array" ; "double-array" }}
            .flags[4].description ∈
            {{ NULL ; "String array flag." ; "Int array flag." ;
               "Double array flag." }}
            .flags[4].default_value ∈ {0}
            .flags[4].result{.string_value; .bool_value; .int_value; .double_value; .string_array; .int_array; .double_array} ∈
            {{ NULL ; (? *)&string_arr ; (? *)&int_arr ; (? *)&double_arr }}
            .flags[4]{.assigned; .error; .required} ∈ {0; 1}
            .flags[4].[bits 280 to 287] ∈ {0}
            .flags[4].kind ∈
            {KGFLAGS_FLAG_KIND_NONE; KGFLAGS_FLAG_KIND_STRING_ARRAY;
             KGFLAGS_FLAG_KIND_INT_ARRAY; KGFLAGS_FLAG_KIND_DOUBLE_ARRAY}
            .flags[5].name ∈ {{ NULL ; "int-array" ; "double-array" }}
            .flags[5].description ∈
            {{ NULL ; "Int array flag." ; "Double array flag." }}
            .flags[5].default_value ∈ {0}
            .flags[5].result{.string_value; .bool_value; .int_value; .double_value; .string_array; .int_array; .double_array} ∈
            {{ NULL ; (? *)&int_arr ; (? *)&double_arr }}
            .flags[5]{.assigned; .error; .required} ∈ {0; 1}
            .flags[5].[bits 280 to 287] ∈ {0}
            .flags[5].kind ∈
            {KGFLAGS_FLAG_KIND_NONE; KGFLAGS_FLAG_KIND_INT_ARRAY;
             KGFLAGS_FLAG_KIND_DOUBLE_ARRAY}
            .flags[6].name ∈ {{ NULL ; "double-array" }}
            .flags[6].description ∈ {{ NULL ; "Double array flag." }}
            .flags[6].default_value ∈ {0}
            .flags[6].result{.string_value; .bool_value; .int_value; .double_value; .string_array; .int_array; .double_array} ∈
            {{ NULL ; (? *)&double_arr }}
            .flags[6]{.assigned; .error; .required} ∈ {0; 1}
            .flags[6].[bits 280 to 287] ∈ {0}
            .flags[6].kind ∈
            {KGFLAGS_FLAG_KIND_NONE; KGFLAGS_FLAG_KIND_DOUBLE_ARRAY}
            .flags[7..255] ∈ {0}
            .non_flag_count ∈ [0..512]
            .[bits 82016 to 82047] ∈ {0}
            .non_flag_args[0..511] ∈
            {{ NULL ; &argv1[0] ; &argv2[0] ; &argv3[0] ; &argv4[0] }}
            .errors_count ∈ [0..512]
            .[bits 114848 to 114879] ∈ {0}
            .errors[0..511] ∈
            {{ garbled mix of &{argv1; argv2; argv3; argv4; "string"; 
                                "bool"; "int"; "double"; "string-array";
                                "int-array"; "double-array"}
             (origin: Misaligned {kgflags.h:657}) }} or UNINITIALIZED
            .flag_prefix ∈ {{ "-" }}
            .arg_cursor ∈ {1; 2; 3; 4; 5}
            .argc ∈ {0; 1; 2; 3; 4; 5}
            .argv ∈ {{ &argv[0] }}
            .custom_description ∈ {{ "Usage of fullapi [-FLAGS]:" }}
  __retres ∈ {{ NULL ; &argv1[0] ; &argv2[0] ; &argv3[0] ; &argv4[0] }}
[eva:final-states] Values at end of function _kgflags_peek_arg:
  __retres ∈ {{ NULL ; &argv1[0] ; &argv2[0] ; &argv3[0] ; &argv4[0] }}
[eva:final-states] Values at end of function kgflags_double_array_get_count:
  __retres ∈ [0..2147483647]
[eva:final-states] Values at end of function kgflags_get_non_flag_arg:
  __retres ∈ {{ NULL ; &argv1[0] ; &argv2[0] ; &argv3[0] ; &argv4[0] }}
[eva:final-states] Values at end of function kgflags_get_non_flag_args_count:
  __retres ∈ [0..512]
[eva:final-states] Values at end of function kgflags_int_array_get_count:
  __retres ∈ [0..2147483647]
[eva:final-states] Values at end of function kgflags_print_errors:
  i ∈ [0..512]
  S___fc_stderr[0..1] ∈ [--..--]
[eva:final-states] Values at end of function kgflags_print_usage:
  S___fc_stderr[0..1] ∈ [--..--]
[eva:final-states] Values at end of function kgflags_set_custom_description:
  _kgflags_g.flags_count ∈ {1; 2; 3; 4; 5; 6; 7}
            .[bits 32 to 63] ∈ {0}
            .flags[0].name ∈ {{ "string" }}
            .flags[0].description ∈ {{ "String flag." }}
            .flags[0].default_value{.string_value; .bool_value[bits 0 to 63]; .int_value[bits 0 to 63]; .double_value} ∈
            {{ "lorem" }}
            .flags[0].result{.string_value; .bool_value; .int_value; .double_value; .string_array; .int_array; .double_array} ∈
            {{ (? *)&string_val }}
            .flags[0]{.assigned; .error} ∈ {0}
            .flags[0].required ∈ {1}
            .flags[0].[bits 280 to 287] ∈ {0}
            .flags[0].kind ∈ {KGFLAGS_FLAG_KIND_STRING}
            .flags[1].name ∈
            {{ NULL ; "bool" ; "int" ; "double" ; "string-array" ;
               "int-array" ; "double-array" }}
            .flags[1].description ∈
            {{ NULL ; "Boolean flag." ; "Integer flag." ; "Double flag." ;
               "String array flag." ; "Int array flag." ;
               "Double array flag." }}
            .flags[1].default_value ∈ {0}
            .flags[1].result{.string_value; .bool_value; .int_value; .double_value; .string_array; .int_array; .double_array} ∈
            {{ NULL ; (? *)&bool_val ; (? *)&int_val ; (? *)&double_val ;
               (? *)&string_arr ; (? *)&int_arr ; (? *)&double_arr }}
            .flags[1]{.assigned; .error} ∈ {0}
            .flags[1].required ∈ {0; 1}
            .flags[1].[bits 280 to 287] ∈ {0}
            .flags[1].kind ∈
            {KGFLAGS_FLAG_KIND_NONE; KGFLAGS_FLAG_KIND_BOOL;
             KGFLAGS_FLAG_KIND_INT; KGFLAGS_FLAG_KIND_DOUBLE;
             KGFLAGS_FLAG_KIND_STRING_ARRAY; KGFLAGS_FLAG_KIND_INT_ARRAY;
             KGFLAGS_FLAG_KIND_DOUBLE_ARRAY}
            .flags[2].name ∈
            {{ NULL ; "int" ; "double" ; "string-array" ; "int-array" ;
               "double-array" }}
            .flags[2].description ∈
            {{ NULL ; "Integer flag." ; "Double flag." ;
               "String array flag." ; "Int array flag." ;
               "Double array flag." }}
            .flags[2].default_value ∈ {0}
            .flags[2].result{.string_value; .bool_value; .int_value; .double_value; .string_array; .int_array; .double_array} ∈
            {{ NULL ; (? *)&int_val ; (? *)&double_val ; (? *)&string_arr ;
               (? *)&int_arr ; (? *)&double_arr }}
            .flags[2]{.assigned; .error} ∈ {0}
            .flags[2].required ∈ {0; 1}
            .flags[2].[bits 280 to 287] ∈ {0}
            .flags[2].kind ∈
            {KGFLAGS_FLAG_KIND_NONE; KGFLAGS_FLAG_KIND_INT;
             KGFLAGS_FLAG_KIND_DOUBLE; KGFLAGS_FLAG_KIND_STRING_ARRAY;
             KGFLAGS_FLAG_KIND_INT_ARRAY; KGFLAGS_FLAG_KIND_DOUBLE_ARRAY}
            .flags[3].name ∈
            {{ NULL ; "double" ; "string-array" ; "int-array" ;
               "double-array" }}
            .flags[3].description ∈
            {{ NULL ; "Double flag." ; "String array flag." ;
               "Int array flag." ; "Double array flag." }}
            .flags[3].default_value ∈ {0}
            .flags[3].result{.string_value; .bool_value; .int_value; .double_value; .string_array; .int_array; .double_array} ∈
            {{ NULL ; (? *)&double_val ; (? *)&string_arr ; (? *)&int_arr ;
               (? *)&double_arr }}
            .flags[3]{.assigned; .error} ∈ {0}
            .flags[3].required ∈ {0; 1}
            .flags[3].[bits 280 to 287] ∈ {0}
            .flags[3].kind ∈
            {KGFLAGS_FLAG_KIND_NONE; KGFLAGS_FLAG_KIND_DOUBLE;
             KGFLAGS_FLAG_KIND_STRING_ARRAY; KGFLAGS_FLAG_KIND_INT_ARRAY;
             KGFLAGS_FLAG_KIND_DOUBLE_ARRAY}
            .flags[4].name ∈
            {{ NULL ; "string-array" ; "int-array" ; "double-array" }}
            .flags[4].description ∈
            {{ NULL ; "String array flag." ; "Int array flag." ;
               "Double array flag." }}
            .flags[4].default_value ∈ {0}
            .flags[4].result{.string_value; .bool_value; .int_value; .double_value; .string_array; .int_array; .double_array} ∈
            {{ NULL ; (? *)&string_arr ; (? *)&int_arr ; (? *)&double_arr }}
            .flags[4]{.assigned; .error} ∈ {0}
            .flags[4].required ∈ {0; 1}
            .flags[4].[bits 280 to 287] ∈ {0}
            .flags[4].kind ∈
            {KGFLAGS_FLAG_KIND_NONE; KGFLAGS_FLAG_KIND_STRING_ARRAY;
             KGFLAGS_FLAG_KIND_INT_ARRAY; KGFLAGS_FLAG_KIND_DOUBLE_ARRAY}
            .flags[5].name ∈ {{ NULL ; "int-array" ; "double-array" }}
            .flags[5].description ∈
            {{ NULL ; "Int array flag." ; "Double array flag." }}
            .flags[5].default_value ∈ {0}
            .flags[5].result{.string_value; .bool_value; .int_value; .double_value; .string_array; .int_array; .double_array} ∈
            {{ NULL ; (? *)&int_arr ; (? *)&double_arr }}
            .flags[5]{.assigned; .error} ∈ {0}
            .flags[5].required ∈ {0; 1}
            .flags[5].[bits 280 to 287] ∈ {0}
            .flags[5].kind ∈
            {KGFLAGS_FLAG_KIND_NONE; KGFLAGS_FLAG_KIND_INT_ARRAY;
             KGFLAGS_FLAG_KIND_DOUBLE_ARRAY}
            .flags[6].name ∈ {{ NULL ; "double-array" }}
            .flags[6].description ∈ {{ NULL ; "Double array flag." }}
            .flags[6].default_value ∈ {0}
            .flags[6].result{.string_value; .bool_value; .int_value; .double_value; .string_array; .int_array; .double_array} ∈
            {{ NULL ; (? *)&double_arr }}
            .flags[6]{.assigned; .error} ∈ {0}
            .flags[6].required ∈ {0; 1}
            .flags[6].[bits 280 to 287] ∈ {0}
            .flags[6].kind ∈
            {KGFLAGS_FLAG_KIND_NONE; KGFLAGS_FLAG_KIND_DOUBLE_ARRAY}
            {.flags[7..255]; .non_flag_count; .non_flag_args[0..511]; .[bits 82016 to 82047]} ∈
            {0}
            .errors_count ∈ {0; 1; 2; 3; 4; 5; 6}
            .[bits 114848 to 114879] ∈ {0}
            .errors[0].flag_name ∈
            {{ NULL ; "bool" ; "int" ; "double" ; "string-array" ;
               "int-array" ; "double-array" }}
            .errors[0].arg ∈ {0}
            .errors[0].kind ∈
            {KGFLAGS_ERROR_KIND_NONE; KGFLAGS_ERROR_KIND_DUPLICATE_FLAG;
             KGFLAGS_ERROR_KIND_PREFIX_NO}
            .errors[0].[bits 160 to 191] ∈ {0} or UNINITIALIZED
            .errors[1].flag_name ∈
            {{ NULL ; "int" ; "double" ; "string-array" ; "int-array" ;
               "double-array" }}
            .errors[1].arg ∈ {0}
            .errors[1].kind ∈
            {KGFLAGS_ERROR_KIND_NONE; KGFLAGS_ERROR_KIND_DUPLICATE_FLAG}
            .errors[1].[bits 160 to 191] ∈ {0} or UNINITIALIZED
            .errors[2].flag_name ∈
            {{ NULL ; "double" ; "string-array" ; "int-array" ;
               "double-array" }}
            .errors[2].arg ∈ {0}
            .errors[2].kind ∈
            {KGFLAGS_ERROR_KIND_NONE; KGFLAGS_ERROR_KIND_DUPLICATE_FLAG}
            .errors[2].[bits 160 to 191] ∈ {0} or UNINITIALIZED
            .errors[3].flag_name ∈
            {{ NULL ; "string-array" ; "int-array" ; "double-array" }}
            .errors[3].arg ∈ {0}
            .errors[3].kind ∈
            {KGFLAGS_ERROR_KIND_NONE; KGFLAGS_ERROR_KIND_DUPLICATE_FLAG}
            .errors[3].[bits 160 to 191] ∈ {0} or UNINITIALIZED
            .errors[4].flag_name ∈
            {{ NULL ; "int-array" ; "double-array" }}
            .errors[4].arg ∈ {0}
            .errors[4].kind ∈
            {KGFLAGS_ERROR_KIND_NONE; KGFLAGS_ERROR_KIND_DUPLICATE_FLAG}
            .errors[4].[bits 160 to 191] ∈ {0} or UNINITIALIZED
            .errors[5].flag_name ∈ {{ NULL ; "double-array" }}
            .errors[5].arg ∈ {0}
            .errors[5].kind ∈
            {KGFLAGS_ERROR_KIND_NONE; KGFLAGS_ERROR_KIND_DUPLICATE_FLAG}
            .errors[5].[bits 160 to 191] ∈ {0} or UNINITIALIZED
            {.errors[6..511]; .flag_prefix; .arg_cursor; .argc; .argv} ∈
            {0}
            .custom_description ∈ {{ "Usage of fullapi [-FLAGS]:" }}
[eva:final-states] Values at end of function kgflags_set_prefix:
  _kgflags_g.flags_count ∈ {1; 2; 3; 4; 5; 6; 7}
            .[bits 32 to 63] ∈ {0}
            .flags[0].name ∈ {{ "string" }}
            .flags[0].description ∈ {{ "String flag." }}
            .flags[0].default_value{.string_value; .bool_value[bits 0 to 63]; .int_value[bits 0 to 63]; .double_value} ∈
            {{ "lorem" }}
            .flags[0].result{.string_value; .bool_value; .int_value; .double_value; .string_array; .int_array; .double_array} ∈
            {{ (? *)&string_val }}
            .flags[0]{.assigned; .error} ∈ {0}
            .flags[0].required ∈ {1}
            .flags[0].[bits 280 to 287] ∈ {0}
            .flags[0].kind ∈ {KGFLAGS_FLAG_KIND_STRING}
            .flags[1].name ∈
            {{ NULL ; "bool" ; "int" ; "double" ; "string-array" ;
               "int-array" ; "double-array" }}
            .flags[1].description ∈
            {{ NULL ; "Boolean flag." ; "Integer flag." ; "Double flag." ;
               "String array flag." ; "Int array flag." ;
               "Double array flag." }}
            .flags[1].default_value ∈ {0}
            .flags[1].result{.string_value; .bool_value; .int_value; .double_value; .string_array; .int_array; .double_array} ∈
            {{ NULL ; (? *)&bool_val ; (? *)&int_val ; (? *)&double_val ;
               (? *)&string_arr ; (? *)&int_arr ; (? *)&double_arr }}
            .flags[1]{.assigned; .error} ∈ {0}
            .flags[1].required ∈ {0; 1}
            .flags[1].[bits 280 to 287] ∈ {0}
            .flags[1].kind ∈
            {KGFLAGS_FLAG_KIND_NONE; KGFLAGS_FLAG_KIND_BOOL;
             KGFLAGS_FLAG_KIND_INT; KGFLAGS_FLAG_KIND_DOUBLE;
             KGFLAGS_FLAG_KIND_STRING_ARRAY; KGFLAGS_FLAG_KIND_INT_ARRAY;
             KGFLAGS_FLAG_KIND_DOUBLE_ARRAY}
            .flags[2].name ∈
            {{ NULL ; "int" ; "double" ; "string-array" ; "int-array" ;
               "double-array" }}
            .flags[2].description ∈
            {{ NULL ; "Integer flag." ; "Double flag." ;
               "String array flag." ; "Int array flag." ;
               "Double array flag." }}
            .flags[2].default_value ∈ {0}
            .flags[2].result{.string_value; .bool_value; .int_value; .double_value; .string_array; .int_array; .double_array} ∈
            {{ NULL ; (? *)&int_val ; (? *)&double_val ; (? *)&string_arr ;
               (? *)&int_arr ; (? *)&double_arr }}
            .flags[2]{.assigned; .error} ∈ {0}
            .flags[2].required ∈ {0; 1}
            .flags[2].[bits 280 to 287] ∈ {0}
            .flags[2].kind ∈
            {KGFLAGS_FLAG_KIND_NONE; KGFLAGS_FLAG_KIND_INT;
             KGFLAGS_FLAG_KIND_DOUBLE; KGFLAGS_FLAG_KIND_STRING_ARRAY;
             KGFLAGS_FLAG_KIND_INT_ARRAY; KGFLAGS_FLAG_KIND_DOUBLE_ARRAY}
            .flags[3].name ∈
            {{ NULL ; "double" ; "string-array" ; "int-array" ;
               "double-array" }}
            .flags[3].description ∈
            {{ NULL ; "Double flag." ; "String array flag." ;
               "Int array flag." ; "Double array flag." }}
            .flags[3].default_value ∈ {0}
            .flags[3].result{.string_value; .bool_value; .int_value; .double_value; .string_array; .int_array; .double_array} ∈
            {{ NULL ; (? *)&double_val ; (? *)&string_arr ; (? *)&int_arr ;
               (? *)&double_arr }}
            .flags[3]{.assigned; .error} ∈ {0}
            .flags[3].required ∈ {0; 1}
            .flags[3].[bits 280 to 287] ∈ {0}
            .flags[3].kind ∈
            {KGFLAGS_FLAG_KIND_NONE; KGFLAGS_FLAG_KIND_DOUBLE;
             KGFLAGS_FLAG_KIND_STRING_ARRAY; KGFLAGS_FLAG_KIND_INT_ARRAY;
             KGFLAGS_FLAG_KIND_DOUBLE_ARRAY}
            .flags[4].name ∈
            {{ NULL ; "string-array" ; "int-array" ; "double-array" }}
            .flags[4].description ∈
            {{ NULL ; "String array flag." ; "Int array flag." ;
               "Double array flag." }}
            .flags[4].default_value ∈ {0}
            .flags[4].result{.string_value; .bool_value; .int_value; .double_value; .string_array; .int_array; .double_array} ∈
            {{ NULL ; (? *)&string_arr ; (? *)&int_arr ; (? *)&double_arr }}
            .flags[4]{.assigned; .error} ∈ {0}
            .flags[4].required ∈ {0; 1}
            .flags[4].[bits 280 to 287] ∈ {0}
            .flags[4].kind ∈
            {KGFLAGS_FLAG_KIND_NONE; KGFLAGS_FLAG_KIND_STRING_ARRAY;
             KGFLAGS_FLAG_KIND_INT_ARRAY; KGFLAGS_FLAG_KIND_DOUBLE_ARRAY}
            .flags[5].name ∈ {{ NULL ; "int-array" ; "double-array" }}
            .flags[5].description ∈
            {{ NULL ; "Int array flag." ; "Double array flag." }}
            .flags[5].default_value ∈ {0}
            .flags[5].result{.string_value; .bool_value; .int_value; .double_value; .string_array; .int_array; .double_array} ∈
            {{ NULL ; (? *)&int_arr ; (? *)&double_arr }}
            .flags[5]{.assigned; .error} ∈ {0}
            .flags[5].required ∈ {0; 1}
            .flags[5].[bits 280 to 287] ∈ {0}
            .flags[5].kind ∈
            {KGFLAGS_FLAG_KIND_NONE; KGFLAGS_FLAG_KIND_INT_ARRAY;
             KGFLAGS_FLAG_KIND_DOUBLE_ARRAY}
            .flags[6].name ∈ {{ NULL ; "double-array" }}
            .flags[6].description ∈ {{ NULL ; "Double array flag." }}
            .flags[6].default_value ∈ {0}
            .flags[6].result{.string_value; .bool_value; .int_value; .double_value; .string_array; .int_array; .double_array} ∈
            {{ NULL ; (? *)&double_arr }}
            .flags[6]{.assigned; .error} ∈ {0}
            .flags[6].required ∈ {0; 1}
            .flags[6].[bits 280 to 287] ∈ {0}
            .flags[6].kind ∈
            {KGFLAGS_FLAG_KIND_NONE; KGFLAGS_FLAG_KIND_DOUBLE_ARRAY}
            {.flags[7..255]; .non_flag_count; .non_flag_args[0..511]; .[bits 82016 to 82047]} ∈
            {0}
            .errors_count ∈ {0; 1; 2; 3; 4; 5; 6}
            .[bits 114848 to 114879] ∈ {0}
            .errors[0].flag_name ∈
            {{ NULL ; "bool" ; "int" ; "double" ; "string-array" ;
               "int-array" ; "double-array" }}
            .errors[0].arg ∈ {0}
            .errors[0].kind ∈
            {KGFLAGS_ERROR_KIND_NONE; KGFLAGS_ERROR_KIND_DUPLICATE_FLAG;
             KGFLAGS_ERROR_KIND_PREFIX_NO}
            .errors[0].[bits 160 to 191] ∈ {0} or UNINITIALIZED
            .errors[1].flag_name ∈
            {{ NULL ; "int" ; "double" ; "string-array" ; "int-array" ;
               "double-array" }}
            .errors[1].arg ∈ {0}
            .errors[1].kind ∈
            {KGFLAGS_ERROR_KIND_NONE; KGFLAGS_ERROR_KIND_DUPLICATE_FLAG}
            .errors[1].[bits 160 to 191] ∈ {0} or UNINITIALIZED
            .errors[2].flag_name ∈
            {{ NULL ; "double" ; "string-array" ; "int-array" ;
               "double-array" }}
            .errors[2].arg ∈ {0}
            .errors[2].kind ∈
            {KGFLAGS_ERROR_KIND_NONE; KGFLAGS_ERROR_KIND_DUPLICATE_FLAG}
            .errors[2].[bits 160 to 191] ∈ {0} or UNINITIALIZED
            .errors[3].flag_name ∈
            {{ NULL ; "string-array" ; "int-array" ; "double-array" }}
            .errors[3].arg ∈ {0}
            .errors[3].kind ∈
            {KGFLAGS_ERROR_KIND_NONE; KGFLAGS_ERROR_KIND_DUPLICATE_FLAG}
            .errors[3].[bits 160 to 191] ∈ {0} or UNINITIALIZED
            .errors[4].flag_name ∈
            {{ NULL ; "int-array" ; "double-array" }}
            .errors[4].arg ∈ {0}
            .errors[4].kind ∈
            {KGFLAGS_ERROR_KIND_NONE; KGFLAGS_ERROR_KIND_DUPLICATE_FLAG}
            .errors[4].[bits 160 to 191] ∈ {0} or UNINITIALIZED
            .errors[5].flag_name ∈ {{ NULL ; "double-array" }}
            .errors[5].arg ∈ {0}
            .errors[5].kind ∈
            {KGFLAGS_ERROR_KIND_NONE; KGFLAGS_ERROR_KIND_DUPLICATE_FLAG}
            .errors[5].[bits 160 to 191] ∈ {0} or UNINITIALIZED
            .errors[6..511] ∈ {0}
            .flag_prefix ∈ {{ "-" }}
            {.arg_cursor; .argc; .argv} ∈ {0}
            .custom_description ∈ {{ "Usage of fullapi [-FLAGS]:" }}
[eva:final-states] Values at end of function kgflags_string_array_get_count:
  __retres ∈ [0..2147483647]
[eva:final-states] Values at end of function kgflags_string_array_get_item:
  __retres ∈
          {{ garbled mix of &{argv0; argv1; argv2; argv3; argv4}
           (origin: Misaligned {kgflags.h:522}) }}
[eva:final-states] Values at end of function _kgflags_get_flag_name:
  prefix_len ∈ {1}
  __retres ∈ {{ NULL ; &argv1[1] ; &argv2[1] ; &argv3[1] ; &argv4[1] }}
[eva:final-states] Values at end of function _kgflags_is_flag:
  __retres ∈ {0; 1}
[eva:final-states] Values at end of function _kgflags_get_flag:
  prefix_no ∈ {0; 1}
  __retres ∈
          {{ NULL ;
             &_kgflags_g{.flags[0], .flags[1], .flags[2], .flags[3],
                         .flags[4], .flags[5], .flags[6]} }}
[eva:final-states] Values at end of function _kgflags_add_flag:
  _kgflags_g.flags_count ∈ {1; 2; 3; 4; 5; 6; 7}
            .[bits 32 to 63] ∈ {0}
            .flags[0].name ∈ {{ "string" }}
            .flags[0].description ∈ {{ "String flag." }}
            .flags[0].default_value{.string_value; .bool_value[bits 0 to 63]; .int_value[bits 0 to 63]; .double_value} ∈
            {{ "lorem" }}
            .flags[0].result{.string_value; .bool_value; .int_value; .double_value; .string_array; .int_array; .double_array} ∈
            {{ (? *)&string_val }}
            .flags[0]{.assigned; .error} ∈ {0}
            .flags[0].required ∈ {1}
            .flags[0].[bits 280 to 287] ∈ {0}
            .flags[0].kind ∈ {KGFLAGS_FLAG_KIND_STRING}
            .flags[1].name ∈
            {{ NULL ; "bool" ; "int" ; "double" ; "string-array" ;
               "int-array" ; "double-array" }}
            .flags[1].description ∈
            {{ NULL ; "Boolean flag." ; "Integer flag." ; "Double flag." ;
               "String array flag." ; "Int array flag." ;
               "Double array flag." }}
            .flags[1].default_value ∈ {0}
            .flags[1].result{.string_value; .bool_value; .int_value; .double_value; .string_array; .int_array; .double_array} ∈
            {{ NULL ; (? *)&bool_val ; (? *)&int_val ; (? *)&double_val ;
               (? *)&string_arr ; (? *)&int_arr ; (? *)&double_arr }}
            .flags[1]{.assigned; .error} ∈ {0}
            .flags[1].required ∈ {0; 1}
            .flags[1].[bits 280 to 287] ∈ {0}
            .flags[1].kind ∈
            {KGFLAGS_FLAG_KIND_NONE; KGFLAGS_FLAG_KIND_BOOL;
             KGFLAGS_FLAG_KIND_INT; KGFLAGS_FLAG_KIND_DOUBLE;
             KGFLAGS_FLAG_KIND_STRING_ARRAY; KGFLAGS_FLAG_KIND_INT_ARRAY;
             KGFLAGS_FLAG_KIND_DOUBLE_ARRAY}
            .flags[2].name ∈
            {{ NULL ; "int" ; "double" ; "string-array" ; "int-array" ;
               "double-array" }}
            .flags[2].description ∈
            {{ NULL ; "Integer flag." ; "Double flag." ;
               "String array flag." ; "Int array flag." ;
               "Double array flag." }}
            .flags[2].default_value ∈ {0}
            .flags[2].result{.string_value; .bool_value; .int_value; .double_value; .string_array; .int_array; .double_array} ∈
            {{ NULL ; (? *)&int_val ; (? *)&double_val ; (? *)&string_arr ;
               (? *)&int_arr ; (? *)&double_arr }}
            .flags[2]{.assigned; .error} ∈ {0}
            .flags[2].required ∈ {0; 1}
            .flags[2].[bits 280 to 287] ∈ {0}
            .flags[2].kind ∈
            {KGFLAGS_FLAG_KIND_NONE; KGFLAGS_FLAG_KIND_INT;
             KGFLAGS_FLAG_KIND_DOUBLE; KGFLAGS_FLAG_KIND_STRING_ARRAY;
             KGFLAGS_FLAG_KIND_INT_ARRAY; KGFLAGS_FLAG_KIND_DOUBLE_ARRAY}
            .flags[3].name ∈
            {{ NULL ; "double" ; "string-array" ; "int-array" ;
               "double-array" }}
            .flags[3].description ∈
            {{ NULL ; "Double flag." ; "String array flag." ;
               "Int array flag." ; "Double array flag." }}
            .flags[3].default_value ∈ {0}
            .flags[3].result{.string_value; .bool_value; .int_value; .double_value; .string_array; .int_array; .double_array} ∈
            {{ NULL ; (? *)&double_val ; (? *)&string_arr ; (? *)&int_arr ;
               (? *)&double_arr }}
            .flags[3]{.assigned; .error} ∈ {0}
            .flags[3].required ∈ {0; 1}
            .flags[3].[bits 280 to 287] ∈ {0}
            .flags[3].kind ∈
            {KGFLAGS_FLAG_KIND_NONE; KGFLAGS_FLAG_KIND_DOUBLE;
             KGFLAGS_FLAG_KIND_STRING_ARRAY; KGFLAGS_FLAG_KIND_INT_ARRAY;
             KGFLAGS_FLAG_KIND_DOUBLE_ARRAY}
            .flags[4].name ∈
            {{ NULL ; "string-array" ; "int-array" ; "double-array" }}
            .flags[4].description ∈
            {{ NULL ; "String array flag." ; "Int array flag." ;
               "Double array flag." }}
            .flags[4].default_value ∈ {0}
            .flags[4].result{.string_value; .bool_value; .int_value; .double_value; .string_array; .int_array; .double_array} ∈
            {{ NULL ; (? *)&string_arr ; (? *)&int_arr ; (? *)&double_arr }}
            .flags[4]{.assigned; .error} ∈ {0}
            .flags[4].required ∈ {0; 1}
            .flags[4].[bits 280 to 287] ∈ {0}
            .flags[4].kind ∈
            {KGFLAGS_FLAG_KIND_NONE; KGFLAGS_FLAG_KIND_STRING_ARRAY;
             KGFLAGS_FLAG_KIND_INT_ARRAY; KGFLAGS_FLAG_KIND_DOUBLE_ARRAY}
            .flags[5].name ∈ {{ NULL ; "int-array" ; "double-array" }}
            .flags[5].description ∈
            {{ NULL ; "Int array flag." ; "Double array flag." }}
            .flags[5].default_value ∈ {0}
            .flags[5].result{.string_value; .bool_value; .int_value; .double_value; .string_array; .int_array; .double_array} ∈
            {{ NULL ; (? *)&int_arr ; (? *)&double_arr }}
            .flags[5]{.assigned; .error} ∈ {0}
            .flags[5].required ∈ {0; 1}
            .flags[5].[bits 280 to 287] ∈ {0}
            .flags[5].kind ∈
            {KGFLAGS_FLAG_KIND_NONE; KGFLAGS_FLAG_KIND_INT_ARRAY;
             KGFLAGS_FLAG_KIND_DOUBLE_ARRAY}
            .flags[6].name ∈ {{ NULL ; "double-array" }}
            .flags[6].description ∈ {{ NULL ; "Double array flag." }}
            .flags[6].default_value ∈ {0}
            .flags[6].result{.string_value; .bool_value; .int_value; .double_value; .string_array; .int_array; .double_array} ∈
            {{ NULL ; (? *)&double_arr }}
            .flags[6]{.assigned; .error} ∈ {0}
            .flags[6].required ∈ {0; 1}
            .flags[6].[bits 280 to 287] ∈ {0}
            .flags[6].kind ∈
            {KGFLAGS_FLAG_KIND_NONE; KGFLAGS_FLAG_KIND_DOUBLE_ARRAY}
            {.flags[7..255]; .non_flag_count; .non_flag_args[0..511]; .[bits 82016 to 82047]} ∈
            {0}
            .errors_count ∈ {0; 1; 2; 3; 4; 5; 6}
            .[bits 114848 to 114879] ∈ {0}
            .errors[0].flag_name ∈
            {{ NULL ; "bool" ; "int" ; "double" ; "string-array" ;
               "int-array" ; "double-array" }}
            .errors[0].arg ∈ {0}
            .errors[0].kind ∈
            {KGFLAGS_ERROR_KIND_NONE; KGFLAGS_ERROR_KIND_DUPLICATE_FLAG;
             KGFLAGS_ERROR_KIND_PREFIX_NO}
            .errors[0].[bits 160 to 191] ∈ {0} or UNINITIALIZED
            .errors[1].flag_name ∈
            {{ NULL ; "int" ; "double" ; "string-array" ; "int-array" ;
               "double-array" }}
            .errors[1].arg ∈ {0}
            .errors[1].kind ∈
            {KGFLAGS_ERROR_KIND_NONE; KGFLAGS_ERROR_KIND_DUPLICATE_FLAG}
            .errors[1].[bits 160 to 191] ∈ {0} or UNINITIALIZED
            .errors[2].flag_name ∈
            {{ NULL ; "double" ; "string-array" ; "int-array" ;
               "double-array" }}
            .errors[2].arg ∈ {0}
            .errors[2].kind ∈
            {KGFLAGS_ERROR_KIND_NONE; KGFLAGS_ERROR_KIND_DUPLICATE_FLAG}
            .errors[2].[bits 160 to 191] ∈ {0} or UNINITIALIZED
            .errors[3].flag_name ∈
            {{ NULL ; "string-array" ; "int-array" ; "double-array" }}
            .errors[3].arg ∈ {0}
            .errors[3].kind ∈
            {KGFLAGS_ERROR_KIND_NONE; KGFLAGS_ERROR_KIND_DUPLICATE_FLAG}
            .errors[3].[bits 160 to 191] ∈ {0} or UNINITIALIZED
            .errors[4].flag_name ∈
            {{ NULL ; "int-array" ; "double-array" }}
            .errors[4].arg ∈ {0}
            .errors[4].kind ∈
            {KGFLAGS_ERROR_KIND_NONE; KGFLAGS_ERROR_KIND_DUPLICATE_FLAG}
            .errors[4].[bits 160 to 191] ∈ {0} or UNINITIALIZED
            .errors[5].flag_name ∈ {{ NULL ; "double-array" }}
            .errors[5].arg ∈ {0}
            .errors[5].kind ∈
            {KGFLAGS_ERROR_KIND_NONE; KGFLAGS_ERROR_KIND_DUPLICATE_FLAG}
            .errors[5].[bits 160 to 191] ∈ {0} or UNINITIALIZED
            {.errors[6..511]; .flag_prefix; .arg_cursor; .argc; .argv; .custom_description} ∈
            {0}
[eva:final-states] Values at end of function kgflags_bool:
  flag.name ∈ {{ "bool" }} or UNINITIALIZED
      .description ∈ {{ "Boolean flag." }} or UNINITIALIZED
      .default_value ∈ {0} or UNINITIALIZED
      .result{.string_value; .bool_value; .int_value; .double_value; .string_array; .int_array; .double_array} ∈
      {{ (? *)&bool_val }} or UNINITIALIZED
      {.assigned; .error} ∈ {0} or UNINITIALIZED
      .required ∈ {1} or UNINITIALIZED
      .[bits 280 to 287] ∈ {0} or UNINITIALIZED
      .kind ∈ {KGFLAGS_FLAG_KIND_BOOL} or UNINITIALIZED
  bool_val ∈ {0}
  _kgflags_g.flags_count ∈ {1; 2}
            .[bits 32 to 63] ∈ {0}
            .flags[0].name ∈ {{ "string" }}
            .flags[0].description ∈ {{ "String flag." }}
            .flags[0].default_value{.string_value; .bool_value[bits 0 to 63]; .int_value[bits 0 to 63]; .double_value} ∈
            {{ "lorem" }}
            .flags[0].result{.string_value; .bool_value; .int_value; .double_value; .string_array; .int_array; .double_array} ∈
            {{ (? *)&string_val }}
            .flags[0]{.assigned; .error} ∈ {0}
            .flags[0].required ∈ {1}
            .flags[0].[bits 280 to 287] ∈ {0}
            .flags[0].kind ∈ {KGFLAGS_FLAG_KIND_STRING}
            .flags[1].name ∈ {{ NULL ; "bool" }}
            .flags[1].description ∈ {{ NULL ; "Boolean flag." }}
            .flags[1].default_value ∈ {0}
            .flags[1].result{.string_value; .bool_value; .int_value; .double_value; .string_array; .int_array; .double_array} ∈
            {{ NULL ; (? *)&bool_val }}
            .flags[1]{.assigned; .error} ∈ {0}
            .flags[1].required ∈ {0; 1}
            .flags[1].[bits 280 to 287] ∈ {0}
            .flags[1].kind ∈
            {KGFLAGS_FLAG_KIND_NONE; KGFLAGS_FLAG_KIND_BOOL}
            {.flags[2..255]; .non_flag_count; .non_flag_args[0..511]; .[bits 82016 to 82047]} ∈
            {0}
            .errors_count ∈ {0; 1}
            .[bits 114848 to 114879] ∈ {0}
            .errors[0].flag_name ∈ {{ NULL ; "bool" }}
            .errors[0].arg ∈ {0}
            .errors[0].kind ∈
            {KGFLAGS_ERROR_KIND_NONE; KGFLAGS_ERROR_KIND_DUPLICATE_FLAG;
             KGFLAGS_ERROR_KIND_PREFIX_NO}
            .errors[0].[bits 160 to 191] ∈ {0} or UNINITIALIZED
            {.errors[1..511]; .flag_prefix; .arg_cursor; .argc; .argv; .custom_description} ∈
            {0}
[eva:final-states] Values at end of function kgflags_double:
  flag.name ∈ {{ "double" }}
      .description ∈ {{ "Double flag." }}
      .default_value ∈ {0}
      .result{.string_value; .bool_value; .int_value; .double_value; .string_array; .int_array; .double_array} ∈
      {{ (? *)&double_val }}
      {.assigned; .error} ∈ {0}
      .required ∈ {1}
      .[bits 280 to 287] ∈ {0}
      .kind ∈ {KGFLAGS_FLAG_KIND_DOUBLE}
  double_val ∈ {0}
  _kgflags_g.flags_count ∈ {1; 2; 3; 4}
            .[bits 32 to 63] ∈ {0}
            .flags[0].name ∈ {{ "string" }}
            .flags[0].description ∈ {{ "String flag." }}
            .flags[0].default_value{.string_value; .bool_value[bits 0 to 63]; .int_value[bits 0 to 63]; .double_value} ∈
            {{ "lorem" }}
            .flags[0].result{.string_value; .bool_value; .int_value; .double_value; .string_array; .int_array; .double_array} ∈
            {{ (? *)&string_val }}
            .flags[0]{.assigned; .error} ∈ {0}
            .flags[0].required ∈ {1}
            .flags[0].[bits 280 to 287] ∈ {0}
            .flags[0].kind ∈ {KGFLAGS_FLAG_KIND_STRING}
            .flags[1].name ∈ {{ NULL ; "bool" ; "int" ; "double" }}
            .flags[1].description ∈
            {{ NULL ; "Boolean flag." ; "Integer flag." ; "Double flag." }}
            .flags[1].default_value ∈ {0}
            .flags[1].result{.string_value; .bool_value; .int_value; .double_value; .string_array; .int_array; .double_array} ∈
            {{ NULL ; (? *)&bool_val ; (? *)&int_val ; (? *)&double_val }}
            .flags[1]{.assigned; .error} ∈ {0}
            .flags[1].required ∈ {0; 1}
            .flags[1].[bits 280 to 287] ∈ {0}
            .flags[1].kind ∈
            {KGFLAGS_FLAG_KIND_NONE; KGFLAGS_FLAG_KIND_BOOL;
             KGFLAGS_FLAG_KIND_INT; KGFLAGS_FLAG_KIND_DOUBLE}
            .flags[2].name ∈ {{ NULL ; "int" ; "double" }}
            .flags[2].description ∈
            {{ NULL ; "Integer flag." ; "Double flag." }}
            .flags[2].default_value ∈ {0}
            .flags[2].result{.string_value; .bool_value; .int_value; .double_value; .string_array; .int_array; .double_array} ∈
            {{ NULL ; (? *)&int_val ; (? *)&double_val }}
            .flags[2]{.assigned; .error} ∈ {0}
            .flags[2].required ∈ {0; 1}
            .flags[2].[bits 280 to 287] ∈ {0}
            .flags[2].kind ∈
            {KGFLAGS_FLAG_KIND_NONE; KGFLAGS_FLAG_KIND_INT;
             KGFLAGS_FLAG_KIND_DOUBLE}
            .flags[3].name ∈ {{ NULL ; "double" }}
            .flags[3].description ∈ {{ NULL ; "Double flag." }}
            .flags[3].default_value ∈ {0}
            .flags[3].result{.string_value; .bool_value; .int_value; .double_value; .string_array; .int_array; .double_array} ∈
            {{ NULL ; (? *)&double_val }}
            .flags[3]{.assigned; .error} ∈ {0}
            .flags[3].required ∈ {0; 1}
            .flags[3].[bits 280 to 287] ∈ {0}
            .flags[3].kind ∈
            {KGFLAGS_FLAG_KIND_NONE; KGFLAGS_FLAG_KIND_DOUBLE}
            {.flags[4..255]; .non_flag_count; .non_flag_args[0..511]; .[bits 82016 to 82047]} ∈
            {0}
            .errors_count ∈ {0; 1; 2; 3}
            .[bits 114848 to 114879] ∈ {0}
            .errors[0].flag_name ∈ {{ NULL ; "bool" ; "int" ; "double" }}
            .errors[0].arg ∈ {0}
            .errors[0].kind ∈
            {KGFLAGS_ERROR_KIND_NONE; KGFLAGS_ERROR_KIND_DUPLICATE_FLAG;
             KGFLAGS_ERROR_KIND_PREFIX_NO}
            .errors[0].[bits 160 to 191] ∈ {0} or UNINITIALIZED
            .errors[1].flag_name ∈ {{ NULL ; "int" ; "double" }}
            .errors[1].arg ∈ {0}
            .errors[1].kind ∈
            {KGFLAGS_ERROR_KIND_NONE; KGFLAGS_ERROR_KIND_DUPLICATE_FLAG}
            .errors[1].[bits 160 to 191] ∈ {0} or UNINITIALIZED
            .errors[2].flag_name ∈ {{ NULL ; "double" }}
            .errors[2].arg ∈ {0}
            .errors[2].kind ∈
            {KGFLAGS_ERROR_KIND_NONE; KGFLAGS_ERROR_KIND_DUPLICATE_FLAG}
            .errors[2].[bits 160 to 191] ∈ {0} or UNINITIALIZED
            {.errors[3..511]; .flag_prefix; .arg_cursor; .argc; .argv; .custom_description} ∈
            {0}
[eva:final-states] Values at end of function kgflags_double_array:
  flag.name ∈ {{ "double-array" }}
      .description ∈ {{ "Double array flag." }}
      .default_value ∈ {0}
      .result{.string_value; .bool_value; .int_value; .double_value; .string_array; .int_array; .double_array} ∈
      {{ (? *)&double_arr }}
      {.assigned; .error} ∈ {0}
      .required ∈ {1}
      .[bits 280 to 287] ∈ {0}
      .kind ∈ {KGFLAGS_FLAG_KIND_DOUBLE_ARRAY}
  double_arr{._items; ._count} ∈ {0}
            .[bits 96 to 127] ∈ UNINITIALIZED
  _kgflags_g.flags_count ∈ {1; 2; 3; 4; 5; 6; 7}
            .[bits 32 to 63] ∈ {0}
            .flags[0].name ∈ {{ "string" }}
            .flags[0].description ∈ {{ "String flag." }}
            .flags[0].default_value{.string_value; .bool_value[bits 0 to 63]; .int_value[bits 0 to 63]; .double_value} ∈
            {{ "lorem" }}
            .flags[0].result{.string_value; .bool_value; .int_value; .double_value; .string_array; .int_array; .double_array} ∈
            {{ (? *)&string_val }}
            .flags[0]{.assigned; .error} ∈ {0}
            .flags[0].required ∈ {1}
            .flags[0].[bits 280 to 287] ∈ {0}
            .flags[0].kind ∈ {KGFLAGS_FLAG_KIND_STRING}
            .flags[1].name ∈
            {{ NULL ; "bool" ; "int" ; "double" ; "string-array" ;
               "int-array" ; "double-array" }}
            .flags[1].description ∈
            {{ NULL ; "Boolean flag." ; "Integer flag." ; "Double flag." ;
               "String array flag." ; "Int array flag." ;
               "Double array flag." }}
            .flags[1].default_value ∈ {0}
            .flags[1].result{.string_value; .bool_value; .int_value; .double_value; .string_array; .int_array; .double_array} ∈
            {{ NULL ; (? *)&bool_val ; (? *)&int_val ; (? *)&double_val ;
               (? *)&string_arr ; (? *)&int_arr ; (? *)&double_arr }}
            .flags[1]{.assigned; .error} ∈ {0}
            .flags[1].required ∈ {0; 1}
            .flags[1].[bits 280 to 287] ∈ {0}
            .flags[1].kind ∈
            {KGFLAGS_FLAG_KIND_NONE; KGFLAGS_FLAG_KIND_BOOL;
             KGFLAGS_FLAG_KIND_INT; KGFLAGS_FLAG_KIND_DOUBLE;
             KGFLAGS_FLAG_KIND_STRING_ARRAY; KGFLAGS_FLAG_KIND_INT_ARRAY;
             KGFLAGS_FLAG_KIND_DOUBLE_ARRAY}
            .flags[2].name ∈
            {{ NULL ; "int" ; "double" ; "string-array" ; "int-array" ;
               "double-array" }}
            .flags[2].description ∈
            {{ NULL ; "Integer flag." ; "Double flag." ;
               "String array flag." ; "Int array flag." ;
               "Double array flag." }}
            .flags[2].default_value ∈ {0}
            .flags[2].result{.string_value; .bool_value; .int_value; .double_value; .string_array; .int_array; .double_array} ∈
            {{ NULL ; (? *)&int_val ; (? *)&double_val ; (? *)&string_arr ;
               (? *)&int_arr ; (? *)&double_arr }}
            .flags[2]{.assigned; .error} ∈ {0}
            .flags[2].required ∈ {0; 1}
            .flags[2].[bits 280 to 287] ∈ {0}
            .flags[2].kind ∈
            {KGFLAGS_FLAG_KIND_NONE; KGFLAGS_FLAG_KIND_INT;
             KGFLAGS_FLAG_KIND_DOUBLE; KGFLAGS_FLAG_KIND_STRING_ARRAY;
             KGFLAGS_FLAG_KIND_INT_ARRAY; KGFLAGS_FLAG_KIND_DOUBLE_ARRAY}
            .flags[3].name ∈
            {{ NULL ; "double" ; "string-array" ; "int-array" ;
               "double-array" }}
            .flags[3].description ∈
            {{ NULL ; "Double flag." ; "String array flag." ;
               "Int array flag." ; "Double array flag." }}
            .flags[3].default_value ∈ {0}
            .flags[3].result{.string_value; .bool_value; .int_value; .double_value; .string_array; .int_array; .double_array} ∈
            {{ NULL ; (? *)&double_val ; (? *)&string_arr ; (? *)&int_arr ;
               (? *)&double_arr }}
            .flags[3]{.assigned; .error} ∈ {0}
            .flags[3].required ∈ {0; 1}
            .flags[3].[bits 280 to 287] ∈ {0}
            .flags[3].kind ∈
            {KGFLAGS_FLAG_KIND_NONE; KGFLAGS_FLAG_KIND_DOUBLE;
             KGFLAGS_FLAG_KIND_STRING_ARRAY; KGFLAGS_FLAG_KIND_INT_ARRAY;
             KGFLAGS_FLAG_KIND_DOUBLE_ARRAY}
            .flags[4].name ∈
            {{ NULL ; "string-array" ; "int-array" ; "double-array" }}
            .flags[4].description ∈
            {{ NULL ; "String array flag." ; "Int array flag." ;
               "Double array flag." }}
            .flags[4].default_value ∈ {0}
            .flags[4].result{.string_value; .bool_value; .int_value; .double_value; .string_array; .int_array; .double_array} ∈
            {{ NULL ; (? *)&string_arr ; (? *)&int_arr ; (? *)&double_arr }}
            .flags[4]{.assigned; .error} ∈ {0}
            .flags[4].required ∈ {0; 1}
            .flags[4].[bits 280 to 287] ∈ {0}
            .flags[4].kind ∈
            {KGFLAGS_FLAG_KIND_NONE; KGFLAGS_FLAG_KIND_STRING_ARRAY;
             KGFLAGS_FLAG_KIND_INT_ARRAY; KGFLAGS_FLAG_KIND_DOUBLE_ARRAY}
            .flags[5].name ∈ {{ NULL ; "int-array" ; "double-array" }}
            .flags[5].description ∈
            {{ NULL ; "Int array flag." ; "Double array flag." }}
            .flags[5].default_value ∈ {0}
            .flags[5].result{.string_value; .bool_value; .int_value; .double_value; .string_array; .int_array; .double_array} ∈
            {{ NULL ; (? *)&int_arr ; (? *)&double_arr }}
            .flags[5]{.assigned; .error} ∈ {0}
            .flags[5].required ∈ {0; 1}
            .flags[5].[bits 280 to 287] ∈ {0}
            .flags[5].kind ∈
            {KGFLAGS_FLAG_KIND_NONE; KGFLAGS_FLAG_KIND_INT_ARRAY;
             KGFLAGS_FLAG_KIND_DOUBLE_ARRAY}
            .flags[6].name ∈ {{ NULL ; "double-array" }}
            .flags[6].description ∈ {{ NULL ; "Double array flag." }}
            .flags[6].default_value ∈ {0}
            .flags[6].result{.string_value; .bool_value; .int_value; .double_value; .string_array; .int_array; .double_array} ∈
            {{ NULL ; (? *)&double_arr }}
            .flags[6]{.assigned; .error} ∈ {0}
            .flags[6].required ∈ {0; 1}
            .flags[6].[bits 280 to 287] ∈ {0}
            .flags[6].kind ∈
            {KGFLAGS_FLAG_KIND_NONE; KGFLAGS_FLAG_KIND_DOUBLE_ARRAY}
            {.flags[7..255]; .non_flag_count; .non_flag_args[0..511]; .[bits 82016 to 82047]} ∈
            {0}
            .errors_count ∈ {0; 1; 2; 3; 4; 5; 6}
            .[bits 114848 to 114879] ∈ {0}
            .errors[0].flag_name ∈
            {{ NULL ; "bool" ; "int" ; "double" ; "string-array" ;
               "int-array" ; "double-array" }}
            .errors[0].arg ∈ {0}
            .errors[0].kind ∈
            {KGFLAGS_ERROR_KIND_NONE; KGFLAGS_ERROR_KIND_DUPLICATE_FLAG;
             KGFLAGS_ERROR_KIND_PREFIX_NO}
            .errors[0].[bits 160 to 191] ∈ {0} or UNINITIALIZED
            .errors[1].flag_name ∈
            {{ NULL ; "int" ; "double" ; "string-array" ; "int-array" ;
               "double-array" }}
            .errors[1].arg ∈ {0}
            .errors[1].kind ∈
            {KGFLAGS_ERROR_KIND_NONE; KGFLAGS_ERROR_KIND_DUPLICATE_FLAG}
            .errors[1].[bits 160 to 191] ∈ {0} or UNINITIALIZED
            .errors[2].flag_name ∈
            {{ NULL ; "double" ; "string-array" ; "int-array" ;
               "double-array" }}
            .errors[2].arg ∈ {0}
            .errors[2].kind ∈
            {KGFLAGS_ERROR_KIND_NONE; KGFLAGS_ERROR_KIND_DUPLICATE_FLAG}
            .errors[2].[bits 160 to 191] ∈ {0} or UNINITIALIZED
            .errors[3].flag_name ∈
            {{ NULL ; "string-array" ; "int-array" ; "double-array" }}
            .errors[3].arg ∈ {0}
            .errors[3].kind ∈
            {KGFLAGS_ERROR_KIND_NONE; KGFLAGS_ERROR_KIND_DUPLICATE_FLAG}
            .errors[3].[bits 160 to 191] ∈ {0} or UNINITIALIZED
            .errors[4].flag_name ∈
            {{ NULL ; "int-array" ; "double-array" }}
            .errors[4].arg ∈ {0}
            .errors[4].kind ∈
            {KGFLAGS_ERROR_KIND_NONE; KGFLAGS_ERROR_KIND_DUPLICATE_FLAG}
            .errors[4].[bits 160 to 191] ∈ {0} or UNINITIALIZED
            .errors[5].flag_name ∈ {{ NULL ; "double-array" }}
            .errors[5].arg ∈ {0}
            .errors[5].kind ∈
            {KGFLAGS_ERROR_KIND_NONE; KGFLAGS_ERROR_KIND_DUPLICATE_FLAG}
            .errors[5].[bits 160 to 191] ∈ {0} or UNINITIALIZED
            {.errors[6..511]; .flag_prefix; .arg_cursor; .argc; .argv; .custom_description} ∈
            {0}
[eva:final-states] Values at end of function kgflags_int:
  flag.name ∈ {{ "int" }}
      .description ∈ {{ "Integer flag." }}
      .default_value ∈ {0}
      .result{.string_value; .bool_value; .int_value; .double_value; .string_array; .int_array; .double_array} ∈
      {{ (? *)&int_val }}
      {.assigned; .error} ∈ {0}
      .required ∈ {1}
      .[bits 280 to 287] ∈ {0}
      .kind ∈ {KGFLAGS_FLAG_KIND_INT}
  int_val ∈ {0}
  _kgflags_g.flags_count ∈ {1; 2; 3}
            .[bits 32 to 63] ∈ {0}
            .flags[0].name ∈ {{ "string" }}
            .flags[0].description ∈ {{ "String flag." }}
            .flags[0].default_value{.string_value; .bool_value[bits 0 to 63]; .int_value[bits 0 to 63]; .double_value} ∈
            {{ "lorem" }}
            .flags[0].result{.string_value; .bool_value; .int_value; .double_value; .string_array; .int_array; .double_array} ∈
            {{ (? *)&string_val }}
            .flags[0]{.assigned; .error} ∈ {0}
            .flags[0].required ∈ {1}
            .flags[0].[bits 280 to 287] ∈ {0}
            .flags[0].kind ∈ {KGFLAGS_FLAG_KIND_STRING}
            .flags[1].name ∈ {{ NULL ; "bool" ; "int" }}
            .flags[1].description ∈
            {{ NULL ; "Boolean flag." ; "Integer flag." }}
            .flags[1].default_value ∈ {0}
            .flags[1].result{.string_value; .bool_value; .int_value; .double_value; .string_array; .int_array; .double_array} ∈
            {{ NULL ; (? *)&bool_val ; (? *)&int_val }}
            .flags[1]{.assigned; .error} ∈ {0}
            .flags[1].required ∈ {0; 1}
            .flags[1].[bits 280 to 287] ∈ {0}
            .flags[1].kind ∈
            {KGFLAGS_FLAG_KIND_NONE; KGFLAGS_FLAG_KIND_BOOL;
             KGFLAGS_FLAG_KIND_INT}
            .flags[2].name ∈ {{ NULL ; "int" }}
            .flags[2].description ∈ {{ NULL ; "Integer flag." }}
            .flags[2].default_value ∈ {0}
            .flags[2].result{.string_value; .bool_value; .int_value; .double_value; .string_array; .int_array; .double_array} ∈
            {{ NULL ; (? *)&int_val }}
            .flags[2]{.assigned; .error} ∈ {0}
            .flags[2].required ∈ {0; 1}
            .flags[2].[bits 280 to 287] ∈ {0}
            .flags[2].kind ∈
            {KGFLAGS_FLAG_KIND_NONE; KGFLAGS_FLAG_KIND_INT}
            {.flags[3..255]; .non_flag_count; .non_flag_args[0..511]; .[bits 82016 to 82047]} ∈
            {0}
            .errors_count ∈ {0; 1; 2}
            .[bits 114848 to 114879] ∈ {0}
            .errors[0].flag_name ∈ {{ NULL ; "bool" ; "int" }}
            .errors[0].arg ∈ {0}
            .errors[0].kind ∈
            {KGFLAGS_ERROR_KIND_NONE; KGFLAGS_ERROR_KIND_DUPLICATE_FLAG;
             KGFLAGS_ERROR_KIND_PREFIX_NO}
            .errors[0].[bits 160 to 191] ∈ {0} or UNINITIALIZED
            .errors[1].flag_name ∈ {{ NULL ; "int" }}
            .errors[1].arg ∈ {0}
            .errors[1].kind ∈
            {KGFLAGS_ERROR_KIND_NONE; KGFLAGS_ERROR_KIND_DUPLICATE_FLAG}
            .errors[1].[bits 160 to 191] ∈ {0} or UNINITIALIZED
            {.errors[2..511]; .flag_prefix; .arg_cursor; .argc; .argv; .custom_description} ∈
            {0}
[eva:final-states] Values at end of function kgflags_int_array:
  flag.name ∈ {{ "int-array" }}
      .description ∈ {{ "Int array flag." }}
      .default_value ∈ {0}
      .result{.string_value; .bool_value; .int_value; .double_value; .string_array; .int_array; .double_array} ∈
      {{ (? *)&int_arr }}
      {.assigned; .error} ∈ {0}
      .required ∈ {1}
      .[bits 280 to 287] ∈ {0}
      .kind ∈ {KGFLAGS_FLAG_KIND_INT_ARRAY}
  int_arr{._items; ._count} ∈ {0}
         .[bits 96 to 127] ∈ UNINITIALIZED
  _kgflags_g.flags_count ∈ {1; 2; 3; 4; 5; 6}
            .[bits 32 to 63] ∈ {0}
            .flags[0].name ∈ {{ "string" }}
            .flags[0].description ∈ {{ "String flag." }}
            .flags[0].default_value{.string_value; .bool_value[bits 0 to 63]; .int_value[bits 0 to 63]; .double_value} ∈
            {{ "lorem" }}
            .flags[0].result{.string_value; .bool_value; .int_value; .double_value; .string_array; .int_array; .double_array} ∈
            {{ (? *)&string_val }}
            .flags[0]{.assigned; .error} ∈ {0}
            .flags[0].required ∈ {1}
            .flags[0].[bits 280 to 287] ∈ {0}
            .flags[0].kind ∈ {KGFLAGS_FLAG_KIND_STRING}
            .flags[1].name ∈
            {{ NULL ; "bool" ; "int" ; "double" ; "string-array" ;
               "int-array" }}
            .flags[1].description ∈
            {{ NULL ; "Boolean flag." ; "Integer flag." ; "Double flag." ;
               "String array flag." ; "Int array flag." }}
            .flags[1].default_value ∈ {0}
            .flags[1].result{.string_value; .bool_value; .int_value; .double_value; .string_array; .int_array; .double_array} ∈
            {{ NULL ; (? *)&bool_val ; (? *)&int_val ; (? *)&double_val ;
               (? *)&string_arr ; (? *)&int_arr }}
            .flags[1]{.assigned; .error} ∈ {0}
            .flags[1].required ∈ {0; 1}
            .flags[1].[bits 280 to 287] ∈ {0}
            .flags[1].kind ∈
            {KGFLAGS_FLAG_KIND_NONE; KGFLAGS_FLAG_KIND_BOOL;
             KGFLAGS_FLAG_KIND_INT; KGFLAGS_FLAG_KIND_DOUBLE;
             KGFLAGS_FLAG_KIND_STRING_ARRAY; KGFLAGS_FLAG_KIND_INT_ARRAY}
            .flags[2].name ∈
            {{ NULL ; "int" ; "double" ; "string-array" ; "int-array" }}
            .flags[2].description ∈
            {{ NULL ; "Integer flag." ; "Double flag." ;
               "String array flag." ; "Int array flag." }}
            .flags[2].default_value ∈ {0}
            .flags[2].result{.string_value; .bool_value; .int_value; .double_value; .string_array; .int_array; .double_array} ∈
            {{ NULL ; (? *)&int_val ; (? *)&double_val ; (? *)&string_arr ;
               (? *)&int_arr }}
            .flags[2]{.assigned; .error} ∈ {0}
            .flags[2].required ∈ {0; 1}
            .flags[2].[bits 280 to 287] ∈ {0}
            .flags[2].kind ∈
            {KGFLAGS_FLAG_KIND_NONE; KGFLAGS_FLAG_KIND_INT;
             KGFLAGS_FLAG_KIND_DOUBLE; KGFLAGS_FLAG_KIND_STRING_ARRAY;
             KGFLAGS_FLAG_KIND_INT_ARRAY}
            .flags[3].name ∈
            {{ NULL ; "double" ; "string-array" ; "int-array" }}
            .flags[3].description ∈
            {{ NULL ; "Double flag." ; "String array flag." ;
               "Int array flag." }}
            .flags[3].default_value ∈ {0}
            .flags[3].result{.string_value; .bool_value; .int_value; .double_value; .string_array; .int_array; .double_array} ∈
            {{ NULL ; (? *)&double_val ; (? *)&string_arr ; (? *)&int_arr }}
            .flags[3]{.assigned; .error} ∈ {0}
            .flags[3].required ∈ {0; 1}
            .flags[3].[bits 280 to 287] ∈ {0}
            .flags[3].kind ∈
            {KGFLAGS_FLAG_KIND_NONE; KGFLAGS_FLAG_KIND_DOUBLE;
             KGFLAGS_FLAG_KIND_STRING_ARRAY; KGFLAGS_FLAG_KIND_INT_ARRAY}
            .flags[4].name ∈ {{ NULL ; "string-array" ; "int-array" }}
            .flags[4].description ∈
            {{ NULL ; "String array flag." ; "Int array flag." }}
            .flags[4].default_value ∈ {0}
            .flags[4].result{.string_value; .bool_value; .int_value; .double_value; .string_array; .int_array; .double_array} ∈
            {{ NULL ; (? *)&string_arr ; (? *)&int_arr }}
            .flags[4]{.assigned; .error} ∈ {0}
            .flags[4].required ∈ {0; 1}
            .flags[4].[bits 280 to 287] ∈ {0}
            .flags[4].kind ∈
            {KGFLAGS_FLAG_KIND_NONE; KGFLAGS_FLAG_KIND_STRING_ARRAY;
             KGFLAGS_FLAG_KIND_INT_ARRAY}
            .flags[5].name ∈ {{ NULL ; "int-array" }}
            .flags[5].description ∈ {{ NULL ; "Int array flag." }}
            .flags[5].default_value ∈ {0}
            .flags[5].result{.string_value; .bool_value; .int_value; .double_value; .string_array; .int_array; .double_array} ∈
            {{ NULL ; (? *)&int_arr }}
            .flags[5]{.assigned; .error} ∈ {0}
            .flags[5].required ∈ {0; 1}
            .flags[5].[bits 280 to 287] ∈ {0}
            .flags[5].kind ∈
            {KGFLAGS_FLAG_KIND_NONE; KGFLAGS_FLAG_KIND_INT_ARRAY}
            {.flags[6..255]; .non_flag_count; .non_flag_args[0..511]; .[bits 82016 to 82047]} ∈
            {0}
            .errors_count ∈ {0; 1; 2; 3; 4; 5}
            .[bits 114848 to 114879] ∈ {0}
            .errors[0].flag_name ∈
            {{ NULL ; "bool" ; "int" ; "double" ; "string-array" ;
               "int-array" }}
            .errors[0].arg ∈ {0}
            .errors[0].kind ∈
            {KGFLAGS_ERROR_KIND_NONE; KGFLAGS_ERROR_KIND_DUPLICATE_FLAG;
             KGFLAGS_ERROR_KIND_PREFIX_NO}
            .errors[0].[bits 160 to 191] ∈ {0} or UNINITIALIZED
            .errors[1].flag_name ∈
            {{ NULL ; "int" ; "double" ; "string-array" ; "int-array" }}
            .errors[1].arg ∈ {0}
            .errors[1].kind ∈
            {KGFLAGS_ERROR_KIND_NONE; KGFLAGS_ERROR_KIND_DUPLICATE_FLAG}
            .errors[1].[bits 160 to 191] ∈ {0} or UNINITIALIZED
            .errors[2].flag_name ∈
            {{ NULL ; "double" ; "string-array" ; "int-array" }}
            .errors[2].arg ∈ {0}
            .errors[2].kind ∈
            {KGFLAGS_ERROR_KIND_NONE; KGFLAGS_ERROR_KIND_DUPLICATE_FLAG}
            .errors[2].[bits 160 to 191] ∈ {0} or UNINITIALIZED
            .errors[3].flag_name ∈
            {{ NULL ; "string-array" ; "int-array" }}
            .errors[3].arg ∈ {0}
            .errors[3].kind ∈
            {KGFLAGS_ERROR_KIND_NONE; KGFLAGS_ERROR_KIND_DUPLICATE_FLAG}
            .errors[3].[bits 160 to 191] ∈ {0} or UNINITIALIZED
            .errors[4].flag_name ∈ {{ NULL ; "int-array" }}
            .errors[4].arg ∈ {0}
            .errors[4].kind ∈
            {KGFLAGS_ERROR_KIND_NONE; KGFLAGS_ERROR_KIND_DUPLICATE_FLAG}
            .errors[4].[bits 160 to 191] ∈ {0} or UNINITIALIZED
            {.errors[5..511]; .flag_prefix; .arg_cursor; .argc; .argv; .custom_description} ∈
            {0}
[eva:final-states] Values at end of function kgflags_string:
  flag.name ∈ {{ "string" }}
      .description ∈ {{ "String flag." }}
      .default_value{.string_value; .bool_value[bits 0 to 63]; .int_value[bits 0 to 63]; .double_value} ∈
      {{ "lorem" }}
      .result{.string_value; .bool_value; .int_value; .double_value; .string_array; .int_array; .double_array} ∈
      {{ (? *)&string_val }}
      {.assigned; .error} ∈ {0}
      .required ∈ {1}
      .[bits 280 to 287] ∈ {0}
      .kind ∈ {KGFLAGS_FLAG_KIND_STRING}
  string_val ∈ {0}
  _kgflags_g.flags_count ∈ {1}
            .[bits 32 to 63] ∈ {0}
            .flags[0].name ∈ {{ "string" }}
            .flags[0].description ∈ {{ "String flag." }}
            .flags[0].default_value{.string_value; .bool_value[bits 0 to 63]; .int_value[bits 0 to 63]; .double_value} ∈
            {{ "lorem" }}
            .flags[0].result{.string_value; .bool_value; .int_value; .double_value; .string_array; .int_array; .double_array} ∈
            {{ (? *)&string_val }}
            .flags[0]{.assigned; .error} ∈ {0}
            .flags[0].required ∈ {1}
            .flags[0].[bits 280 to 287] ∈ {0}
            .flags[0].kind ∈ {KGFLAGS_FLAG_KIND_STRING}
            {.flags[1..255]; .non_flag_count; .non_flag_args[0..511]; .errors_count; .errors[0..511]; .flag_prefix; .arg_cursor; .argc; .argv; .custom_description; .[bits 82016 to 82047]; .[bits 114848 to 114879]} ∈
            {0}
[eva:final-states] Values at end of function kgflags_string_array:
  flag.name ∈ {{ "string-array" }}
      .description ∈ {{ "String array flag." }}
      .default_value ∈ {0}
      .result{.string_value; .bool_value; .int_value; .double_value; .string_array; .int_array; .double_array} ∈
      {{ (? *)&string_arr }}
      {.assigned; .error} ∈ {0}
      .required ∈ {1}
      .[bits 280 to 287] ∈ {0}
      .kind ∈ {KGFLAGS_FLAG_KIND_STRING_ARRAY}
  string_arr{._items; ._count} ∈ {0}
            .[bits 96 to 127] ∈ UNINITIALIZED
  _kgflags_g.flags_count ∈ {1; 2; 3; 4; 5}
            .[bits 32 to 63] ∈ {0}
            .flags[0].name ∈ {{ "string" }}
            .flags[0].description ∈ {{ "String flag." }}
            .flags[0].default_value{.string_value; .bool_value[bits 0 to 63]; .int_value[bits 0 to 63]; .double_value} ∈
            {{ "lorem" }}
            .flags[0].result{.string_value; .bool_value; .int_value; .double_value; .string_array; .int_array; .double_array} ∈
            {{ (? *)&string_val }}
            .flags[0]{.assigned; .error} ∈ {0}
            .flags[0].required ∈ {1}
            .flags[0].[bits 280 to 287] ∈ {0}
            .flags[0].kind ∈ {KGFLAGS_FLAG_KIND_STRING}
            .flags[1].name ∈
            {{ NULL ; "bool" ; "int" ; "double" ; "string-array" }}
            .flags[1].description ∈
            {{ NULL ; "Boolean flag." ; "Integer flag." ; "Double flag." ;
               "String array flag." }}
            .flags[1].default_value ∈ {0}
            .flags[1].result{.string_value; .bool_value; .int_value; .double_value; .string_array; .int_array; .double_array} ∈
            {{ NULL ; (? *)&bool_val ; (? *)&int_val ; (? *)&double_val ;
               (? *)&string_arr }}
            .flags[1]{.assigned; .error} ∈ {0}
            .flags[1].required ∈ {0; 1}
            .flags[1].[bits 280 to 287] ∈ {0}
            .flags[1].kind ∈
            {KGFLAGS_FLAG_KIND_NONE; KGFLAGS_FLAG_KIND_BOOL;
             KGFLAGS_FLAG_KIND_INT; KGFLAGS_FLAG_KIND_DOUBLE;
             KGFLAGS_FLAG_KIND_STRING_ARRAY}
            .flags[2].name ∈ {{ NULL ; "int" ; "double" ; "string-array" }}
            .flags[2].description ∈
            {{ NULL ; "Integer flag." ; "Double flag." ;
               "String array flag." }}
            .flags[2].default_value ∈ {0}
            .flags[2].result{.string_value; .bool_value; .int_value; .double_value; .string_array; .int_array; .double_array} ∈
            {{ NULL ; (? *)&int_val ; (? *)&double_val ; (? *)&string_arr }}
            .flags[2]{.assigned; .error} ∈ {0}
            .flags[2].required ∈ {0; 1}
            .flags[2].[bits 280 to 287] ∈ {0}
            .flags[2].kind ∈
            {KGFLAGS_FLAG_KIND_NONE; KGFLAGS_FLAG_KIND_INT;
             KGFLAGS_FLAG_KIND_DOUBLE; KGFLAGS_FLAG_KIND_STRING_ARRAY}
            .flags[3].name ∈ {{ NULL ; "double" ; "string-array" }}
            .flags[3].description ∈
            {{ NULL ; "Double flag." ; "String array flag." }}
            .flags[3].default_value ∈ {0}
            .flags[3].result{.string_value; .bool_value; .int_value; .double_value; .string_array; .int_array; .double_array} ∈
            {{ NULL ; (? *)&double_val ; (? *)&string_arr }}
            .flags[3]{.assigned; .error} ∈ {0}
            .flags[3].required ∈ {0; 1}
            .flags[3].[bits 280 to 287] ∈ {0}
            .flags[3].kind ∈
            {KGFLAGS_FLAG_KIND_NONE; KGFLAGS_FLAG_KIND_DOUBLE;
             KGFLAGS_FLAG_KIND_STRING_ARRAY}
            .flags[4].name ∈ {{ NULL ; "string-array" }}
            .flags[4].description ∈ {{ NULL ; "String array flag." }}
            .flags[4].default_value ∈ {0}
            .flags[4].result{.string_value; .bool_value; .int_value; .double_value; .string_array; .int_array; .double_array} ∈
            {{ NULL ; (? *)&string_arr }}
            .flags[4]{.assigned; .error} ∈ {0}
            .flags[4].required ∈ {0; 1}
            .flags[4].[bits 280 to 287] ∈ {0}
            .flags[4].kind ∈
            {KGFLAGS_FLAG_KIND_NONE; KGFLAGS_FLAG_KIND_STRING_ARRAY}
            {.flags[5..255]; .non_flag_count; .non_flag_args[0..511]; .[bits 82016 to 82047]} ∈
            {0}
            .errors_count ∈ {0; 1; 2; 3; 4}
            .[bits 114848 to 114879] ∈ {0}
            .errors[0].flag_name ∈
            {{ NULL ; "bool" ; "int" ; "double" ; "string-array" }}
            .errors[0].arg ∈ {0}
            .errors[0].kind ∈
            {KGFLAGS_ERROR_KIND_NONE; KGFLAGS_ERROR_KIND_DUPLICATE_FLAG;
             KGFLAGS_ERROR_KIND_PREFIX_NO}
            .errors[0].[bits 160 to 191] ∈ {0} or UNINITIALIZED
            .errors[1].flag_name ∈
            {{ NULL ; "int" ; "double" ; "string-array" }}
            .errors[1].arg ∈ {0}
            .errors[1].kind ∈
            {KGFLAGS_ERROR_KIND_NONE; KGFLAGS_ERROR_KIND_DUPLICATE_FLAG}
            .errors[1].[bits 160 to 191] ∈ {0} or UNINITIALIZED
            .errors[2].flag_name ∈ {{ NULL ; "double" ; "string-array" }}
            .errors[2].arg ∈ {0}
            .errors[2].kind ∈
            {KGFLAGS_ERROR_KIND_NONE; KGFLAGS_ERROR_KIND_DUPLICATE_FLAG}
            .errors[2].[bits 160 to 191] ∈ {0} or UNINITIALIZED
            .errors[3].flag_name ∈ {{ NULL ; "string-array" }}
            .errors[3].arg ∈ {0}
            .errors[3].kind ∈
            {KGFLAGS_ERROR_KIND_NONE; KGFLAGS_ERROR_KIND_DUPLICATE_FLAG}
            .errors[3].[bits 160 to 191] ∈ {0} or UNINITIALIZED
            {.errors[4..511]; .flag_prefix; .arg_cursor; .argc; .argv; .custom_description} ∈
            {0}
[eva:final-states] Values at end of function _kgflags_parse_double:
  ok ∈ {0}
  end ∈
     {{ &argv0 + [0..255] ; &argv1 + [0..255] ; &argv2 + [0..255] ;
        &argv3 + [0..255] ; &argv4 + [0..255] }}
  res ∈ [-inf .. inf] ∪ {NaN}
  ok_0 ∈ {0}
  ok_2 ∈ {0}
  __retres ∈ {0}
[eva:final-states] Values at end of function kgflags_double_array_get_item:
  str ∈
     {{ garbled mix of &{argv0; argv1; argv2; argv3; argv4}
      (origin: Misaligned {kgflags.h:550}) }} or UNINITIALIZED
  ok ∈ {0} or UNINITIALIZED
  res ∈ {0} or UNINITIALIZED
  __retres ∈ {0}
[eva:final-states] Values at end of function _kgflags_parse_int:
  ok ∈ {0; 1}
  end ∈
     {{ &argv0 + [0..255] ; &argv1 + [0..255] ; &argv2 + [0..255] ;
        &argv3 + [0..255] ; &argv4 + [0..255] }}
  res_l ∈ [--..--]
  ok ∈ {0; 1}
  ok_1 ∈ {0; 1}
  __retres ∈ [--..--]
[eva:final-states] Values at end of function _kgflags_parse_flag:
  string_val ∈ {{ NULL ; &argv1[0] ; &argv2[0] ; &argv3[0] ; &argv4[0] }}
  bool_val ∈ {0; 1}
  int_val ∈ [--..--]
  double_val[bits 0 to 7] ∈ {{ garbled mix of &{argv} (origin: Merge) }}
            [bits 8 to 31]# ∈
            {{ NULL + [--..--] ; (? *)&argv{[1], [2], [3], [4], [5]} }}%64, bits 8 to 31 
            [bits 32 to 63]# ∈
            {{ NULL ; (? *)&argv{[1], [2], [3], [4], [5]} }}%64, bits 32 to 63 
  string_arr._items[bits 0 to 7] ∈
            {{ garbled mix of &{argv} (origin: Merge) }}
            ._items[bits 8 to 31]# ∈
            {{ NULL + [--..--] ; (? *)&argv{[1], [2], [3], [4], [5]} }}%64, bits 8 to 31 
            ._items[bits 32 to 63]# ∈
            {{ NULL ; (? *)&argv{[1], [2], [3], [4], [5]} }}%64, bits 32 to 63 
            ._count ∈ [0..2147483647]
            .[bits 96 to 127] ∈ UNINITIALIZED
  int_arr._items[bits 0 to 7] ∈
         {{ garbled mix of &{argv} (origin: Merge) }}
         ._items[bits 8 to 31]# ∈
         {{ NULL + [--..--] ; (? *)&argv{[1], [2], [3], [4], [5]} }}%64, bits 8 to 31 
         ._items[bits 32 to 63]# ∈
         {{ NULL ; (? *)&argv{[1], [2], [3], [4], [5]} }}%64, bits 32 to 63 
         ._count ∈ [0..2147483647]
         .[bits 96 to 127] ∈ UNINITIALIZED
  double_arr._items[bits 0 to 7] ∈
            {{ garbled mix of &{argv} (origin: Merge) }}
            ._items[bits 8 to 31]# ∈
            {{ NULL + [--..--] ; (? *)&argv{[1], [2], [3], [4], [5]} }}%64, bits 8 to 31 
            ._items[bits 32 to 63]# ∈
            {{ NULL ; (? *)&argv{[1], [2], [3], [4], [5]} }}%64, bits 32 to 63 
            ._count ∈ [0..2147483647]
            .[bits 96 to 127] ∈ UNINITIALIZED
  _kgflags_g.flags_count ∈ {1; 2; 3; 4; 5; 6; 7}
            .[bits 32 to 63] ∈ {0}
            .flags[0].name ∈ {{ "string" }}
            .flags[0].description ∈ {{ "String flag." }}
            .flags[0].default_value{.string_value; .bool_value[bits 0 to 63]; .int_value[bits 0 to 63]; .double_value} ∈
            {{ "lorem" }}
            .flags[0].result{.string_value; .bool_value; .int_value; .double_value; .string_array; .int_array; .double_array} ∈
            {{ (? *)&string_val }}
            .flags[0]{.assigned; .error} ∈ {0; 1}
            .flags[0].required ∈ {1}
            .flags[0].[bits 280 to 287] ∈ {0}
            .flags[0].kind ∈ {KGFLAGS_FLAG_KIND_STRING}
            .flags[1].name ∈
            {{ NULL ; "bool" ; "int" ; "double" ; "string-array" ;
               "int-array" ; "double-array" }}
            .flags[1].description ∈
            {{ NULL ; "Boolean flag." ; "Integer flag." ; "Double flag." ;
               "String array flag." ; "Int array flag." ;
               "Double array flag." }}
            .flags[1].default_value ∈ {0}
            .flags[1].result{.string_value; .bool_value; .int_value; .double_value; .string_array; .int_array; .double_array} ∈
            {{ NULL ; (? *)&bool_val ; (? *)&int_val ; (? *)&double_val ;
               (? *)&string_arr ; (? *)&int_arr ; (? *)&double_arr }}
            .flags[1]{.assigned; .error; .required} ∈ {0; 1}
            .flags[1].[bits 280 to 287] ∈ {0}
            .flags[1].kind ∈
            {KGFLAGS_FLAG_KIND_NONE; KGFLAGS_FLAG_KIND_BOOL;
             KGFLAGS_FLAG_KIND_INT; KGFLAGS_FLAG_KIND_DOUBLE;
             KGFLAGS_FLAG_KIND_STRING_ARRAY; KGFLAGS_FLAG_KIND_INT_ARRAY;
             KGFLAGS_FLAG_KIND_DOUBLE_ARRAY}
            .flags[2].name ∈
            {{ NULL ; "int" ; "double" ; "string-array" ; "int-array" ;
               "double-array" }}
            .flags[2].description ∈
            {{ NULL ; "Integer flag." ; "Double flag." ;
               "String array flag." ; "Int array flag." ;
               "Double array flag." }}
            .flags[2].default_value ∈ {0}
            .flags[2].result{.string_value; .bool_value; .int_value; .double_value; .string_array; .int_array; .double_array} ∈
            {{ NULL ; (? *)&int_val ; (? *)&double_val ; (? *)&string_arr ;
               (? *)&int_arr ; (? *)&double_arr }}
            .flags[2]{.assigned; .error; .required} ∈ {0; 1}
            .flags[2].[bits 280 to 287] ∈ {0}
            .flags[2].kind ∈
            {KGFLAGS_FLAG_KIND_NONE; KGFLAGS_FLAG_KIND_INT;
             KGFLAGS_FLAG_KIND_DOUBLE; KGFLAGS_FLAG_KIND_STRING_ARRAY;
             KGFLAGS_FLAG_KIND_INT_ARRAY; KGFLAGS_FLAG_KIND_DOUBLE_ARRAY}
            .flags[3].name ∈
            {{ NULL ; "double" ; "string-array" ; "int-array" ;
               "double-array" }}
            .flags[3].description ∈
            {{ NULL ; "Double flag." ; "String array flag." ;
               "Int array flag." ; "Double array flag." }}
            .flags[3].default_value ∈ {0}
            .flags[3].result{.string_value; .bool_value; .int_value; .double_value; .string_array; .int_array; .double_array} ∈
            {{ NULL ; (? *)&double_val ; (? *)&string_arr ; (? *)&int_arr ;
               (? *)&double_arr }}
            .flags[3]{.assigned; .error; .required} ∈ {0; 1}
            .flags[3].[bits 280 to 287] ∈ {0}
            .flags[3].kind ∈
            {KGFLAGS_FLAG_KIND_NONE; KGFLAGS_FLAG_KIND_DOUBLE;
             KGFLAGS_FLAG_KIND_STRING_ARRAY; KGFLAGS_FLAG_KIND_INT_ARRAY;
             KGFLAGS_FLAG_KIND_DOUBLE_ARRAY}
            .flags[4].name ∈
            {{ NULL ; "string-array" ; "int-array" ; "double-array" }}
            .flags[4].description ∈
            {{ NULL ; "String array flag." ; "Int array flag." ;
               "Double array flag." }}
            .flags[4].default_value ∈ {0}
            .flags[4].result{.string_value; .bool_value; .int_value; .double_value; .string_array; .int_array; .double_array} ∈
            {{ NULL ; (? *)&string_arr ; (? *)&int_arr ; (? *)&double_arr }}
            .flags[4]{.assigned; .error; .required} ∈ {0; 1}
            .flags[4].[bits 280 to 287] ∈ {0}
            .flags[4].kind ∈
            {KGFLAGS_FLAG_KIND_NONE; KGFLAGS_FLAG_KIND_STRING_ARRAY;
             KGFLAGS_FLAG_KIND_INT_ARRAY; KGFLAGS_FLAG_KIND_DOUBLE_ARRAY}
            .flags[5].name ∈ {{ NULL ; "int-array" ; "double-array" }}
            .flags[5].description ∈
            {{ NULL ; "Int array flag." ; "Double array flag." }}
            .flags[5].default_value ∈ {0}
            .flags[5].result{.string_value; .bool_value; .int_value; .double_value; .string_array; .int_array; .double_array} ∈
            {{ NULL ; (? *)&int_arr ; (? *)&double_arr }}
            .flags[5]{.assigned; .error; .required} ∈ {0; 1}
            .flags[5].[bits 280 to 287] ∈ {0}
            .flags[5].kind ∈
            {KGFLAGS_FLAG_KIND_NONE; KGFLAGS_FLAG_KIND_INT_ARRAY;
             KGFLAGS_FLAG_KIND_DOUBLE_ARRAY}
            .flags[6].name ∈ {{ NULL ; "double-array" }}
            .flags[6].description ∈ {{ NULL ; "Double array flag." }}
            .flags[6].default_value ∈ {0}
            .flags[6].result{.string_value; .bool_value; .int_value; .double_value; .string_array; .int_array; .double_array} ∈
            {{ NULL ; (? *)&double_arr }}
            .flags[6]{.assigned; .error; .required} ∈ {0; 1}
            .flags[6].[bits 280 to 287] ∈ {0}
            .flags[6].kind ∈
            {KGFLAGS_FLAG_KIND_NONE; KGFLAGS_FLAG_KIND_DOUBLE_ARRAY}
            .flags[7..255] ∈ {0}
            .non_flag_count ∈ [0..512]
            .[bits 82016 to 82047] ∈ {0}
            .non_flag_args[0..511] ∈
            {{ NULL ; &argv1[0] ; &argv2[0] ; &argv3[0] ; &argv4[0] }}
            .errors_count ∈ [0..512]
            .[bits 114848 to 114879] ∈ {0}
            .errors[0..511] ∈
            {{ garbled mix of &{argv1; argv2; argv3; argv4; "string"; 
                                "bool"; "int"; "double"; "string-array";
                                "int-array"; "double-array"}
             (origin: Misaligned {kgflags.h:657}) }} or UNINITIALIZED
            .flag_prefix ∈ {{ "-" }}
            .arg_cursor ∈ {1; 2; 3; 4; 5}
            .argc ∈ {0; 1; 2; 3; 4; 5}
            .argv ∈ {{ &argv[0] }}
            .custom_description ∈ {{ "Usage of fullapi [-FLAGS]:" }}
[eva:final-states] Values at end of function kgflags_int_array_get_item:
  str ∈
     {{ garbled mix of &{argv0; argv1; argv2; argv3; argv4}
      (origin: Misaligned {kgflags.h:533}) }} or UNINITIALIZED
  ok ∈ {0; 1} or UNINITIALIZED
  res ∈ [--..--] or UNINITIALIZED
  __retres ∈ [--..--]
[eva:final-states] Values at end of function kgflags_parse:
  arg ∈ {0} or UNINITIALIZED
  string_val ∈ {{ NULL ; &argv1[0] ; &argv2[0] ; &argv3[0] ; &argv4[0] }}
  bool_val ∈ {0; 1}
  int_val ∈ [--..--]
  double_val[bits 0 to 7] ∈
            {{ garbled mix of &{argv} (origin: Merge {kgflags.h:735}) }}
            [bits 8 to 31]# ∈
            {{ NULL + [--..--] ; (? *)&argv{[1], [2], [3], [4], [5]} }}%64, bits 8 to 31 
            [bits 32 to 63]# ∈
            {{ NULL ; (? *)&argv{[1], [2], [3], [4], [5]} }}%64, bits 32 to 63 
  string_arr._items[bits 0 to 7] ∈
            {{ garbled mix of &{argv} (origin: Merge {kgflags.h:735}) }}
            ._items[bits 8 to 31]# ∈
            {{ NULL + [--..--] ; (? *)&argv{[1], [2], [3], [4], [5]} }}%64, bits 8 to 31 
            ._items[bits 32 to 63]# ∈
            {{ NULL ; (? *)&argv{[1], [2], [3], [4], [5]} }}%64, bits 32 to 63 
            ._count ∈ [0..2147483647]
            .[bits 96 to 127] ∈ UNINITIALIZED
  int_arr._items[bits 0 to 7] ∈
         {{ garbled mix of &{argv} (origin: Merge {kgflags.h:735}) }}
         ._items[bits 8 to 31]# ∈
         {{ NULL + [--..--] ; (? *)&argv{[1], [2], [3], [4], [5]} }}%64, bits 8 to 31 
         ._items[bits 32 to 63]# ∈
         {{ NULL ; (? *)&argv{[1], [2], [3], [4], [5]} }}%64, bits 32 to 63 
         ._count ∈ [0..2147483647]
         .[bits 96 to 127] ∈ UNINITIALIZED
  double_arr._items[bits 0 to 7] ∈
            {{ garbled mix of &{argv} (origin: Merge {kgflags.h:735}) }}
            ._items[bits 8 to 31]# ∈
            {{ NULL + [--..--] ; (? *)&argv{[1], [2], [3], [4], [5]} }}%64, bits 8 to 31 
            ._items[bits 32 to 63]# ∈
            {{ NULL ; (? *)&argv{[1], [2], [3], [4], [5]} }}%64, bits 32 to 63 
            ._count ∈ [0..2147483647]
            .[bits 96 to 127] ∈ UNINITIALIZED
  _kgflags_g.flags_count ∈ {1; 2; 3; 4; 5; 6; 7}
            .[bits 32 to 63] ∈ {0}
            .flags[0].name ∈ {{ "string" }}
            .flags[0].description ∈ {{ "String flag." }}
            .flags[0].default_value{.string_value; .bool_value[bits 0 to 63]; .int_value[bits 0 to 63]; .double_value} ∈
            {{ "lorem" }}
            .flags[0].result{.string_value; .bool_value; .int_value; .double_value; .string_array; .int_array; .double_array} ∈
            {{ (? *)&string_val }}
            .flags[0]{.assigned; .error} ∈ {0; 1}
            .flags[0].required ∈ {1}
            .flags[0].[bits 280 to 287] ∈ {0}
            .flags[0].kind ∈ {KGFLAGS_FLAG_KIND_STRING}
            .flags[1].name ∈
            {{ NULL ; "bool" ; "int" ; "double" ; "string-array" ;
               "int-array" ; "double-array" }}
            .flags[1].description ∈
            {{ NULL ; "Boolean flag." ; "Integer flag." ; "Double flag." ;
               "String array flag." ; "Int array flag." ;
               "Double array flag." }}
            .flags[1].default_value ∈ {0}
            .flags[1].result{.string_value; .bool_value; .int_value; .double_value; .string_array; .int_array; .double_array} ∈
            {{ NULL ; (? *)&bool_val ; (? *)&int_val ; (? *)&double_val ;
               (? *)&string_arr ; (? *)&int_arr ; (? *)&double_arr }}
            .flags[1]{.assigned; .error; .required} ∈ {0; 1}
            .flags[1].[bits 280 to 287] ∈ {0}
            .flags[1].kind ∈
            {KGFLAGS_FLAG_KIND_NONE; KGFLAGS_FLAG_KIND_BOOL;
             KGFLAGS_FLAG_KIND_INT; KGFLAGS_FLAG_KIND_DOUBLE;
             KGFLAGS_FLAG_KIND_STRING_ARRAY; KGFLAGS_FLAG_KIND_INT_ARRAY;
             KGFLAGS_FLAG_KIND_DOUBLE_ARRAY}
            .flags[2].name ∈
            {{ NULL ; "int" ; "double" ; "string-array" ; "int-array" ;
               "double-array" }}
            .flags[2].description ∈
            {{ NULL ; "Integer flag." ; "Double flag." ;
               "String array flag." ; "Int array flag." ;
               "Double array flag." }}
            .flags[2].default_value ∈ {0}
            .flags[2].result{.string_value; .bool_value; .int_value; .double_value; .string_array; .int_array; .double_array} ∈
            {{ NULL ; (? *)&int_val ; (? *)&double_val ; (? *)&string_arr ;
               (? *)&int_arr ; (? *)&double_arr }}
            .flags[2]{.assigned; .error; .required} ∈ {0; 1}
            .flags[2].[bits 280 to 287] ∈ {0}
            .flags[2].kind ∈
            {KGFLAGS_FLAG_KIND_NONE; KGFLAGS_FLAG_KIND_INT;
             KGFLAGS_FLAG_KIND_DOUBLE; KGFLAGS_FLAG_KIND_STRING_ARRAY;
             KGFLAGS_FLAG_KIND_INT_ARRAY; KGFLAGS_FLAG_KIND_DOUBLE_ARRAY}
            .flags[3].name ∈
            {{ NULL ; "double" ; "string-array" ; "int-array" ;
               "double-array" }}
            .flags[3].description ∈
            {{ NULL ; "Double flag." ; "String array flag." ;
               "Int array flag." ; "Double array flag." }}
            .flags[3].default_value ∈ {0}
            .flags[3].result{.string_value; .bool_value; .int_value; .double_value; .string_array; .int_array; .double_array} ∈
            {{ NULL ; (? *)&double_val ; (? *)&string_arr ; (? *)&int_arr ;
               (? *)&double_arr }}
            .flags[3]{.assigned; .error; .required} ∈ {0; 1}
            .flags[3].[bits 280 to 287] ∈ {0}
            .flags[3].kind ∈
            {KGFLAGS_FLAG_KIND_NONE; KGFLAGS_FLAG_KIND_DOUBLE;
             KGFLAGS_FLAG_KIND_STRING_ARRAY; KGFLAGS_FLAG_KIND_INT_ARRAY;
             KGFLAGS_FLAG_KIND_DOUBLE_ARRAY}
            .flags[4].name ∈
            {{ NULL ; "string-array" ; "int-array" ; "double-array" }}
            .flags[4].description ∈
            {{ NULL ; "String array flag." ; "Int array flag." ;
               "Double array flag." }}
            .flags[4].default_value ∈ {0}
            .flags[4].result{.string_value; .bool_value; .int_value; .double_value; .string_array; .int_array; .double_array} ∈
            {{ NULL ; (? *)&string_arr ; (? *)&int_arr ; (? *)&double_arr }}
            .flags[4]{.assigned; .error; .required} ∈ {0; 1}
            .flags[4].[bits 280 to 287] ∈ {0}
            .flags[4].kind ∈
            {KGFLAGS_FLAG_KIND_NONE; KGFLAGS_FLAG_KIND_STRING_ARRAY;
             KGFLAGS_FLAG_KIND_INT_ARRAY; KGFLAGS_FLAG_KIND_DOUBLE_ARRAY}
            .flags[5].name ∈ {{ NULL ; "int-array" ; "double-array" }}
            .flags[5].description ∈
            {{ NULL ; "Int array flag." ; "Double array flag." }}
            .flags[5].default_value ∈ {0}
            .flags[5].result{.string_value; .bool_value; .int_value; .double_value; .string_array; .int_array; .double_array} ∈
            {{ NULL ; (? *)&int_arr ; (? *)&double_arr }}
            .flags[5]{.assigned; .error; .required} ∈ {0; 1}
            .flags[5].[bits 280 to 287] ∈ {0}
            .flags[5].kind ∈
            {KGFLAGS_FLAG_KIND_NONE; KGFLAGS_FLAG_KIND_INT_ARRAY;
             KGFLAGS_FLAG_KIND_DOUBLE_ARRAY}
            .flags[6].name ∈ {{ NULL ; "double-array" }}
            .flags[6].description ∈ {{ NULL ; "Double array flag." }}
            .flags[6].default_value ∈ {0}
            .flags[6].result{.string_value; .bool_value; .int_value; .double_value; .string_array; .int_array; .double_array} ∈
            {{ NULL ; (? *)&double_arr }}
            .flags[6]{.assigned; .error; .required} ∈ {0; 1}
            .flags[6].[bits 280 to 287] ∈ {0}
            .flags[6].kind ∈
            {KGFLAGS_FLAG_KIND_NONE; KGFLAGS_FLAG_KIND_DOUBLE_ARRAY}
            .flags[7..255] ∈ {0}
            .non_flag_count ∈ [0..512]
            .[bits 82016 to 82047] ∈ {0}
            .non_flag_args[0..511] ∈
            {{ NULL ; &argv1[0] ; &argv2[0] ; &argv3[0] ; &argv4[0] }}
            .errors_count ∈ [0..512]
            .[bits 114848 to 114879] ∈ {0}
            .errors[0..511] ∈
            {{ garbled mix of &{argv1; argv2; argv3; argv4; "string"; 
                                "bool"; "int"; "double"; "string-array";
                                "int-array"; "double-array"}
             (origin: Misaligned {kgflags.h:657}) }} or UNINITIALIZED
            .flag_prefix ∈ {{ "-" }}
            .arg_cursor ∈ {1; 2; 3; 4; 5}
            .argc ∈ {0; 1; 2; 3; 4; 5}
            .argv ∈ {{ &argv[0] }}
            .custom_description ∈ {{ "Usage of fullapi [-FLAGS]:" }}
  __retres ∈ {0; 1}
[eva:final-states] Values at end of function main:
  string_val ∈ {{ NULL ; &argv1[0] ; &argv2[0] ; &argv3[0] ; &argv4[0] }}
  bool_val ∈ {0; 1}
  int_val ∈ [--..--]
  double_val ∈
            {{ garbled mix of &{argv}
             (origin: Misaligned {examples/full_api.c:37}) }}
  string_arr._items[bits 0 to 7] ∈
            {{ garbled mix of &{argv} (origin: Merge {kgflags.h:735}) }}
            ._items[bits 8 to 31]# ∈
            {{ NULL + [--..--] ; &argv + [-17179869168..40] }}%64, bits 8 to 31 
            ._items[bits 32 to 63]# ∈
            {{ NULL ; &argv + [-17179869168..40] }}%64, bits 32 to 63 
            ._count ∈ [0..2147483647]
            .[bits 96 to 127] ∈ UNINITIALIZED
  int_arr._items[bits 0 to 7] ∈
         {{ garbled mix of &{argv} (origin: Merge {kgflags.h:735}) }}
         ._items[bits 8 to 31]# ∈
         {{ NULL + [--..--] ; &argv + [-17179869168..40] }}%64, bits 8 to 31 
         ._items[bits 32 to 63]# ∈
         {{ NULL ; &argv + [-17179869168..40] }}%64, bits 32 to 63 
         ._count ∈ [0..2147483647]
         .[bits 96 to 127] ∈ UNINITIALIZED
  double_arr._items[bits 0 to 7] ∈
            {{ garbled mix of &{argv} (origin: Merge {kgflags.h:735}) }}
            ._items[bits 8 to 31]# ∈
            {{ NULL + [--..--] ; &argv + [-17179869168..40] }}%64, bits 8 to 31 
            ._items[bits 32 to 63]# ∈
            {{ NULL ; &argv + [-17179869168..40] }}%64, bits 32 to 63 
            ._count ∈ [0..2147483647]
            .[bits 96 to 127] ∈ UNINITIALIZED
  non_flag_count ∈ [0..512] or UNINITIALIZED
  _kgflags_g.flags_count ∈ {1; 2; 3; 4; 5; 6; 7}
            .[bits 32 to 63] ∈ {0}
            .flags[0].name ∈ {{ "string" }}
            .flags[0].description ∈ {{ "String flag." }}
            .flags[0].default_value{.string_value; .bool_value[bits 0 to 63]; .int_value[bits 0 to 63]; .double_value} ∈
            {{ "lorem" }}
            .flags[0].result{.string_value; .bool_value; .int_value; .double_value; .string_array; .int_array; .double_array} ∈
            {{ (? *)&string_val }}
            .flags[0]{.assigned; .error} ∈ {0; 1}
            .flags[0].required ∈ {1}
            .flags[0].[bits 280 to 287] ∈ {0}
            .flags[0].kind ∈ {KGFLAGS_FLAG_KIND_STRING}
            .flags[1].name ∈
            {{ NULL ; "bool" ; "int" ; "double" ; "string-array" ;
               "int-array" ; "double-array" }}
            .flags[1].description ∈
            {{ NULL ; "Boolean flag." ; "Integer flag." ; "Double flag." ;
               "String array flag." ; "Int array flag." ;
               "Double array flag." }}
            .flags[1].default_value ∈ {0}
            .flags[1].result{.string_value; .bool_value; .int_value; .double_value; .string_array; .int_array; .double_array} ∈
            {{ NULL ; (? *)&bool_val ; (? *)&int_val ; (? *)&double_val ;
               (? *)&string_arr ; (? *)&int_arr ; (? *)&double_arr }}
            .flags[1]{.assigned; .error; .required} ∈ {0; 1}
            .flags[1].[bits 280 to 287] ∈ {0}
            .flags[1].kind ∈
            {KGFLAGS_FLAG_KIND_NONE; KGFLAGS_FLAG_KIND_BOOL;
             KGFLAGS_FLAG_KIND_INT; KGFLAGS_FLAG_KIND_DOUBLE;
             KGFLAGS_FLAG_KIND_STRING_ARRAY; KGFLAGS_FLAG_KIND_INT_ARRAY;
             KGFLAGS_FLAG_KIND_DOUBLE_ARRAY}
            .flags[2].name ∈
            {{ NULL ; "int" ; "double" ; "string-array" ; "int-array" ;
               "double-array" }}
            .flags[2].description ∈
            {{ NULL ; "Integer flag." ; "Double flag." ;
               "String array flag." ; "Int array flag." ;
               "Double array flag." }}
            .flags[2].default_value ∈ {0}
            .flags[2].result{.string_value; .bool_value; .int_value; .double_value; .string_array; .int_array; .double_array} ∈
            {{ NULL ; (? *)&int_val ; (? *)&double_val ; (? *)&string_arr ;
               (? *)&int_arr ; (? *)&double_arr }}
            .flags[2]{.assigned; .error; .required} ∈ {0; 1}
            .flags[2].[bits 280 to 287] ∈ {0}
            .flags[2].kind ∈
            {KGFLAGS_FLAG_KIND_NONE; KGFLAGS_FLAG_KIND_INT;
             KGFLAGS_FLAG_KIND_DOUBLE; KGFLAGS_FLAG_KIND_STRING_ARRAY;
             KGFLAGS_FLAG_KIND_INT_ARRAY; KGFLAGS_FLAG_KIND_DOUBLE_ARRAY}
            .flags[3].name ∈
            {{ NULL ; "double" ; "string-array" ; "int-array" ;
               "double-array" }}
            .flags[3].description ∈
            {{ NULL ; "Double flag." ; "String array flag." ;
               "Int array flag." ; "Double array flag." }}
            .flags[3].default_value ∈ {0}
            .flags[3].result{.string_value; .bool_value; .int_value; .double_value; .string_array; .int_array; .double_array} ∈
            {{ NULL ; (? *)&double_val ; (? *)&string_arr ; (? *)&int_arr ;
               (? *)&double_arr }}
            .flags[3]{.assigned; .error; .required} ∈ {0; 1}
            .flags[3].[bits 280 to 287] ∈ {0}
            .flags[3].kind ∈
            {KGFLAGS_FLAG_KIND_NONE; KGFLAGS_FLAG_KIND_DOUBLE;
             KGFLAGS_FLAG_KIND_STRING_ARRAY; KGFLAGS_FLAG_KIND_INT_ARRAY;
             KGFLAGS_FLAG_KIND_DOUBLE_ARRAY}
            .flags[4].name ∈
            {{ NULL ; "string-array" ; "int-array" ; "double-array" }}
            .flags[4].description ∈
            {{ NULL ; "String array flag." ; "Int array flag." ;
               "Double array flag." }}
            .flags[4].default_value ∈ {0}
            .flags[4].result{.string_value; .bool_value; .int_value; .double_value; .string_array; .int_array; .double_array} ∈
            {{ NULL ; (? *)&string_arr ; (? *)&int_arr ; (? *)&double_arr }}
            .flags[4]{.assigned; .error; .required} ∈ {0; 1}
            .flags[4].[bits 280 to 287] ∈ {0}
            .flags[4].kind ∈
            {KGFLAGS_FLAG_KIND_NONE; KGFLAGS_FLAG_KIND_STRING_ARRAY;
             KGFLAGS_FLAG_KIND_INT_ARRAY; KGFLAGS_FLAG_KIND_DOUBLE_ARRAY}
            .flags[5].name ∈ {{ NULL ; "int-array" ; "double-array" }}
            .flags[5].description ∈
            {{ NULL ; "Int array flag." ; "Double array flag." }}
            .flags[5].default_value ∈ {0}
            .flags[5].result{.string_value; .bool_value; .int_value; .double_value; .string_array; .int_array; .double_array} ∈
            {{ NULL ; (? *)&int_arr ; (? *)&double_arr }}
            .flags[5]{.assigned; .error; .required} ∈ {0; 1}
            .flags[5].[bits 280 to 287] ∈ {0}
            .flags[5].kind ∈
            {KGFLAGS_FLAG_KIND_NONE; KGFLAGS_FLAG_KIND_INT_ARRAY;
             KGFLAGS_FLAG_KIND_DOUBLE_ARRAY}
            .flags[6].name ∈ {{ NULL ; "double-array" }}
            .flags[6].description ∈ {{ NULL ; "Double array flag." }}
            .flags[6].default_value ∈ {0}
            .flags[6].result{.string_value; .bool_value; .int_value; .double_value; .string_array; .int_array; .double_array} ∈
            {{ NULL ; (? *)&double_arr }}
            .flags[6]{.assigned; .error; .required} ∈ {0; 1}
            .flags[6].[bits 280 to 287] ∈ {0}
            .flags[6].kind ∈
            {KGFLAGS_FLAG_KIND_NONE; KGFLAGS_FLAG_KIND_DOUBLE_ARRAY}
            .flags[7..255] ∈ {0}
            .non_flag_count ∈ [0..512]
            .[bits 82016 to 82047] ∈ {0}
            .non_flag_args[0..511] ∈
            {{ NULL ; &argv1[0] ; &argv2[0] ; &argv3[0] ; &argv4[0] }}
            .errors_count ∈ [0..512]
            .[bits 114848 to 114879] ∈ {0}
            .errors[0..511] ∈
            {{ garbled mix of &{argv1; argv2; argv3; argv4; "string"; 
                                "bool"; "int"; "double"; "string-array";
                                "int-array"; "double-array"}
             (origin: Misaligned {kgflags.h:657}) }} or UNINITIALIZED
            .flag_prefix ∈ {{ "-" }}
            .arg_cursor ∈ {1; 2; 3; 4; 5}
            .argc ∈ {0; 1; 2; 3; 4; 5}
            .argv ∈ {{ &argv[0] }}
            .custom_description ∈ {{ "Usage of fullapi [-FLAGS]:" }}
  __retres ∈ {0; 1}
  S___fc_stderr[0..1] ∈ [--..--]
  S___fc_stdout[0].__fc_FILE_id ∈ [--..--]
               [0].__fc_FILE_data ∈
               {{ garbled mix of &{argv}
                (origin: Misaligned {examples/full_api.c:37}) }}
               [1] ∈ [--..--]
[eva:final-states] Values at end of function eva_main:
  Frama_C_entropy_source ∈ [--..--]
  argc ∈ {0; 1; 2; 3; 4; 5}
  argv0[0..254] ∈ [--..--]
       [255] ∈ {0}
  argv1[0..254] ∈ [--..--]
       [255] ∈ {0}
  argv2[0..254] ∈ [--..--]
       [255] ∈ {0}
  argv3[0..254] ∈ [--..--]
       [255] ∈ {0}
  argv4[0..254] ∈ [--..--]
       [255] ∈ {0}
  argv[0] ∈ {{ &argv0[0] }}
      [1] ∈ {{ &argv1[0] }}
      [2] ∈ {{ &argv2[0] }}
      [3] ∈ {{ &argv3[0] }}
      [4] ∈ {{ &argv4[0] }}
      [5] ∈ {0}
  _kgflags_g.flags_count ∈ {1; 2; 3; 4; 5; 6; 7}
            .[bits 32 to 63] ∈ {0}
            .flags[0].name ∈ {{ "string" }}
            .flags[0].description ∈ {{ "String flag." }}
            .flags[0].default_value{.string_value; .bool_value[bits 0 to 63]; .int_value[bits 0 to 63]; .double_value} ∈
            {{ "lorem" }}
            .flags[0].result ∈ ESCAPINGADDR
            .flags[0]{.assigned; .error} ∈ {0; 1}
            .flags[0].required ∈ {1}
            .flags[0].[bits 280 to 287] ∈ {0}
            .flags[0].kind ∈ {KGFLAGS_FLAG_KIND_STRING}
            .flags[1].name ∈
            {{ NULL ; "bool" ; "int" ; "double" ; "string-array" ;
               "int-array" ; "double-array" }}
            .flags[1].description ∈
            {{ NULL ; "Boolean flag." ; "Integer flag." ; "Double flag." ;
               "String array flag." ; "Int array flag." ;
               "Double array flag." }}
            .flags[1].default_value ∈ {0}
            .flags[1].result ∈ {0} or ESCAPINGADDR
            .flags[1]{.assigned; .error; .required} ∈ {0; 1}
            .flags[1].[bits 280 to 287] ∈ {0}
            .flags[1].kind ∈
            {KGFLAGS_FLAG_KIND_NONE; KGFLAGS_FLAG_KIND_BOOL;
             KGFLAGS_FLAG_KIND_INT; KGFLAGS_FLAG_KIND_DOUBLE;
             KGFLAGS_FLAG_KIND_STRING_ARRAY; KGFLAGS_FLAG_KIND_INT_ARRAY;
             KGFLAGS_FLAG_KIND_DOUBLE_ARRAY}
            .flags[2].name ∈
            {{ NULL ; "int" ; "double" ; "string-array" ; "int-array" ;
               "double-array" }}
            .flags[2].description ∈
            {{ NULL ; "Integer flag." ; "Double flag." ;
               "String array flag." ; "Int array flag." ;
               "Double array flag." }}
            .flags[2].default_value ∈ {0}
            .flags[2].result ∈ {0} or ESCAPINGADDR
            .flags[2]{.assigned; .error; .required} ∈ {0; 1}
            .flags[2].[bits 280 to 287] ∈ {0}
            .flags[2].kind ∈
            {KGFLAGS_FLAG_KIND_NONE; KGFLAGS_FLAG_KIND_INT;
             KGFLAGS_FLAG_KIND_DOUBLE; KGFLAGS_FLAG_KIND_STRING_ARRAY;
             KGFLAGS_FLAG_KIND_INT_ARRAY; KGFLAGS_FLAG_KIND_DOUBLE_ARRAY}
            .flags[3].name ∈
            {{ NULL ; "double" ; "string-array" ; "int-array" ;
               "double-array" }}
            .flags[3].description ∈
            {{ NULL ; "Double flag." ; "String array flag." ;
               "Int array flag." ; "Double array flag." }}
            .flags[3].default_value ∈ {0}
            .flags[3].result ∈ {0} or ESCAPINGADDR
            .flags[3]{.assigned; .error; .required} ∈ {0; 1}
            .flags[3].[bits 280 to 287] ∈ {0}
            .flags[3].kind ∈
            {KGFLAGS_FLAG_KIND_NONE; KGFLAGS_FLAG_KIND_DOUBLE;
             KGFLAGS_FLAG_KIND_STRING_ARRAY; KGFLAGS_FLAG_KIND_INT_ARRAY;
             KGFLAGS_FLAG_KIND_DOUBLE_ARRAY}
            .flags[4].name ∈
            {{ NULL ; "string-array" ; "int-array" ; "double-array" }}
            .flags[4].description ∈
            {{ NULL ; "String array flag." ; "Int array flag." ;
               "Double array flag." }}
            .flags[4].default_value ∈ {0}
            .flags[4].result ∈ {0} or ESCAPINGADDR
            .flags[4]{.assigned; .error; .required} ∈ {0; 1}
            .flags[4].[bits 280 to 287] ∈ {0}
            .flags[4].kind ∈
            {KGFLAGS_FLAG_KIND_NONE; KGFLAGS_FLAG_KIND_STRING_ARRAY;
             KGFLAGS_FLAG_KIND_INT_ARRAY; KGFLAGS_FLAG_KIND_DOUBLE_ARRAY}
            .flags[5].name ∈ {{ NULL ; "int-array" ; "double-array" }}
            .flags[5].description ∈
            {{ NULL ; "Int array flag." ; "Double array flag." }}
            .flags[5].default_value ∈ {0}
            .flags[5].result ∈ {0} or ESCAPINGADDR
            .flags[5]{.assigned; .error; .required} ∈ {0; 1}
            .flags[5].[bits 280 to 287] ∈ {0}
            .flags[5].kind ∈
            {KGFLAGS_FLAG_KIND_NONE; KGFLAGS_FLAG_KIND_INT_ARRAY;
             KGFLAGS_FLAG_KIND_DOUBLE_ARRAY}
            .flags[6].name ∈ {{ NULL ; "double-array" }}
            .flags[6].description ∈ {{ NULL ; "Double array flag." }}
            .flags[6].default_value ∈ {0}
            .flags[6].result ∈ {0} or ESCAPINGADDR
            .flags[6]{.assigned; .error; .required} ∈ {0; 1}
            .flags[6].[bits 280 to 287] ∈ {0}
            .flags[6].kind ∈
            {KGFLAGS_FLAG_KIND_NONE; KGFLAGS_FLAG_KIND_DOUBLE_ARRAY}
            .flags[7..255] ∈ {0}
            .non_flag_count ∈ [0..512]
            .[bits 82016 to 82047] ∈ {0}
            .non_flag_args[0..511] ∈
            {{ NULL ; &argv1[0] ; &argv2[0] ; &argv3[0] ; &argv4[0] }}
            .errors_count ∈ [0..512]
            .[bits 114848 to 114879] ∈ {0}
            .errors[0..511] ∈
            {{ garbled mix of &{argv1; argv2; argv3; argv4; "string"; 
                                "bool"; "int"; "double"; "string-array";
                                "int-array"; "double-array"}
             (origin: Misaligned {kgflags.h:657}) }} or UNINITIALIZED
            .flag_prefix ∈ {{ "-" }}
            .arg_cursor ∈ {1; 2; 3; 4; 5}
            .argc ∈ {0; 1; 2; 3; 4; 5}
            .argv ∈ {{ &argv[0] }}
            .custom_description ∈ {{ "Usage of fullapi [-FLAGS]:" }}
  S___fc_stderr[0..1] ∈ [--..--]
  S___fc_stdout[0].__fc_FILE_id ∈ [--..--]
               [0].__fc_FILE_data ∈
               {{ garbled mix of &{argv}
                (origin: Misaligned {examples/full_api.c:37}) }}
               [1] ∈ [--..--]
[eva:summary] ====== ANALYSIS SUMMARY ======
  ----------------------------------------------------------------------------
  34 functions analyzed (out of 34): 100% coverage.
  In these functions, 707 statements reached (out of 736): 96% coverage.
  ----------------------------------------------------------------------------
  Some errors and warnings have been raised during the analysis:
    by the Eva analyzer:      0 errors    7 warnings
    by the Frama-C kernel:    0 errors    0 warnings
  ----------------------------------------------------------------------------
  33 alarms generated by the analysis:
      14 invalid memory accesses
      11 accesses to uninitialized left-values
       3 integer overflows
       3 nan or infinite floating-point values
       2 others
  1 of them is a sure alarm (invalid status).
  ----------------------------------------------------------------------------
  Evaluation of the logical properties reached by the analysis:
    Assertions        0 valid     0 unknown     0 invalid      0 total
    Preconditions    83 valid    28 unknown     0 invalid    111 total
  74% of the logical properties reached have been proven.
  ----------------------------------------------------------------------------
1749.01user 11.59system 29:20.83elapsed 99%CPU (0avgtext+0avgdata 4222408maxresident)k
0inputs+3192outputs (0major+1430062minor)pagefaults 0swaps
