[kernel] Parsing stubs.c (with preprocessing)
[kernel] Parsing examples/example3.c (with preprocessing)
[kernel] Parsing miniz.c (with preprocessing)
[kernel] Parsing miniz_tdef.c (with preprocessing)
[kernel] Parsing miniz_tinfl.c (with preprocessing)
[variadic:typing] examples/example3.c:88: Warning: 
  Incorrect type for argument 3. The argument will be cast from int to unsigned int.
[eva] Analyzing a complete application starting at eva_main
[eva:initial-state] Values of globals at initialization
  s_inbuf[0..1048575] ∈ {0}
  s_outbuf[0..1048575] ∈ {0}
  mz_crc32_s_crc_table[0] ∈ {0}
                      [1] ∈ {1996959894}
                      [2] ∈ {3993919788}
                      [3] ∈ {2567524794}
                      [4] ∈ {124634137}
                      [5] ∈ {1886057615}
                      [6] ∈ {3915621685}
                      [7] ∈ {2657392035}
                      [8] ∈ {249268274}
                      [9] ∈ {2044508324}
                      [10] ∈ {3772115230}
                      [11] ∈ {2547177864}
                      [12] ∈ {162941995}
                      [13] ∈ {2125561021}
                      [14] ∈ {3887607047}
                      [15] ∈ {2428444049}
                      [16] ∈ {498536548}
                      [17] ∈ {1789927666}
                      [18] ∈ {4089016648}
                      [19] ∈ {2227061214}
                      [20] ∈ {450548861}
                      [21] ∈ {1843258603}
                      [22] ∈ {4107580753}
                      [23] ∈ {2211677639}
                      [24] ∈ {325883990}
                      [25] ∈ {1684777152}
                      [26] ∈ {4251122042}
                      [27] ∈ {2321926636}
                      [28] ∈ {335633487}
                      [29] ∈ {1661365465}
                      [30] ∈ {4195302755}
                      [31] ∈ {2366115317}
                      [32] ∈ {997073096}
                      [33] ∈ {1281953886}
                      [34] ∈ {3579855332}
                      [35] ∈ {2724688242}
                      [36] ∈ {1006888145}
                      [37] ∈ {1258607687}
                      [38] ∈ {3524101629}
                      [39] ∈ {2768942443}
                      [40] ∈ {901097722}
                      [41] ∈ {1119000684}
                      [42] ∈ {3686517206}
                      [43] ∈ {2898065728}
                      [44] ∈ {853044451}
                      [45] ∈ {1172266101}
                      [46] ∈ {3705015759}
                      [47] ∈ {2882616665}
                      [48] ∈ {651767980}
                      [49] ∈ {1373503546}
                      [50] ∈ {3369554304}
                      [51] ∈ {3218104598}
                      [52] ∈ {565507253}
                      [53] ∈ {1454621731}
                      [54] ∈ {3485111705}
                      [55] ∈ {3099436303}
                      [56] ∈ {671266974}
                      [57] ∈ {1594198024}
                      [58] ∈ {3322730930}
                      [59] ∈ {2970347812}
                      [60] ∈ {795835527}
                      [61] ∈ {1483230225}
                      [62] ∈ {3244367275}
                      [63] ∈ {3060149565}
                      [64] ∈ {1994146192}
                      [65] ∈ {31158534}
                      [66] ∈ {2563907772}
                      [67] ∈ {4023717930}
                      [68] ∈ {1907459465}
                      [69] ∈ {112637215}
                      [70] ∈ {2680153253}
                      [71] ∈ {3904427059}
                      [72] ∈ {2013776290}
                      [73] ∈ {251722036}
                      [74] ∈ {2517215374}
                      [75] ∈ {3775830040}
                      [76] ∈ {2137656763}
                      [77] ∈ {141376813}
                      [78] ∈ {2439277719}
                      [79] ∈ {3865271297}
                      [80] ∈ {1802195444}
                      [81] ∈ {476864866}
                      [82] ∈ {2238001368}
                      [83] ∈ {4066508878}
                      [84] ∈ {1812370925}
                      [85] ∈ {453092731}
                      [86] ∈ {2181625025}
                      [87] ∈ {4111451223}
                      [88] ∈ {1706088902}
                      [89] ∈ {314042704}
                      [90] ∈ {2344532202}
                      [91] ∈ {4240017532}
                      [92] ∈ {1658658271}
                      [93] ∈ {366619977}
                      [94] ∈ {2362670323}
                      [95] ∈ {4224994405}
                      [96] ∈ {1303535960}
                      [97] ∈ {984961486}
                      [98] ∈ {2747007092}
                      [99] ∈ {3569037538}
                      [100] ∈ {1256170817}
                      [101] ∈ {1037604311}
                      [102] ∈ {2765210733}
                      [103] ∈ {3554079995}
                      [104] ∈ {1131014506}
                      [105] ∈ {879679996}
                      [106] ∈ {2909243462}
                      [107] ∈ {3663771856}
                      [108] ∈ {1141124467}
                      [109] ∈ {855842277}
                      [110] ∈ {2852801631}
                      [111] ∈ {3708648649}
                      [112] ∈ {1342533948}
                      [113] ∈ {654459306}
                      [114] ∈ {3188396048}
                      [115] ∈ {3373015174}
                      [116] ∈ {1466479909}
                      [117] ∈ {544179635}
                      [118] ∈ {3110523913}
                      [119] ∈ {3462522015}
                      [120] ∈ {1591671054}
                      [121] ∈ {702138776}
                      [122] ∈ {2966460450}
                      [123] ∈ {3352799412}
                      [124] ∈ {1504918807}
                      [125] ∈ {783551873}
                      [126] ∈ {3082640443}
                      [127] ∈ {3233442989}
                      [128] ∈ {3988292384}
                      [129] ∈ {2596254646}
                      [130] ∈ {62317068}
                      [131] ∈ {1957810842}
                      [132] ∈ {3939845945}
                      [133] ∈ {2647816111}
                      [134] ∈ {81470997}
                      [135] ∈ {1943803523}
                      [136] ∈ {3814918930}
                      [137] ∈ {2489596804}
                      [138] ∈ {225274430}
                      [139] ∈ {2053790376}
                      [140] ∈ {3826175755}
                      [141] ∈ {2466906013}
                      [142] ∈ {167816743}
                      [143] ∈ {2097651377}
                      [144] ∈ {4027552580}
                      [145] ∈ {2265490386}
                      [146] ∈ {503444072}
                      [147] ∈ {1762050814}
                      [148] ∈ {4150417245}
                      [149] ∈ {2154129355}
                      [150] ∈ {426522225}
                      [151] ∈ {1852507879}
                      [152] ∈ {4275313526}
                      [153] ∈ {2312317920}
                      [154] ∈ {282753626}
                      [155] ∈ {1742555852}
                      [156] ∈ {4189708143}
                      [157] ∈ {2394877945}
                      [158] ∈ {397917763}
                      [159] ∈ {1622183637}
                      [160] ∈ {3604390888}
                      [161] ∈ {2714866558}
                      [162] ∈ {953729732}
                      [163] ∈ {1340076626}
                      [164] ∈ {3518719985}
                      [165] ∈ {2797360999}
                      [166] ∈ {1068828381}
                      [167] ∈ {1219638859}
                      [168] ∈ {3624741850}
                      [169] ∈ {2936675148}
                      [170] ∈ {906185462}
                      [171] ∈ {1090812512}
                      [172] ∈ {3747672003}
                      [173] ∈ {2825379669}
                      [174] ∈ {829329135}
                      [175] ∈ {1181335161}
                      [176] ∈ {3412177804}
                      [177] ∈ {3160834842}
                      [178] ∈ {628085408}
                      [179] ∈ {1382605366}
                      [180] ∈ {3423369109}
                      [181] ∈ {3138078467}
                      [182] ∈ {570562233}
                      [183] ∈ {1426400815}
                      [184] ∈ {3317316542}
                      [185] ∈ {2998733608}
                      [186] ∈ {733239954}
                      [187] ∈ {1555261956}
                      [188] ∈ {3268935591}
                      [189] ∈ {3050360625}
                      [190] ∈ {752459403}
                      [191] ∈ {1541320221}
                      [192] ∈ {2607071920}
                      [193] ∈ {3965973030}
                      [194] ∈ {1969922972}
                      [195] ∈ {40735498}
                      [196] ∈ {2617837225}
                      [197] ∈ {3943577151}
                      [198] ∈ {1913087877}
                      [199] ∈ {83908371}
                      [200] ∈ {2512341634}
                      [201] ∈ {3803740692}
                      [202] ∈ {2075208622}
                      [203] ∈ {213261112}
                      [204] ∈ {2463272603}
                      [205] ∈ {3855990285}
                      [206] ∈ {2094854071}
                      [207] ∈ {198958881}
                      [208] ∈ {2262029012}
                      [209] ∈ {4057260610}
                      [210] ∈ {1759359992}
                      [211] ∈ {534414190}
                      [212] ∈ {2176718541}
                      [213] ∈ {4139329115}
                      [214] ∈ {1873836001}
                      [215] ∈ {414664567}
                      [216] ∈ {2282248934}
                      [217] ∈ {4279200368}
                      [218] ∈ {1711684554}
                      [219] ∈ {285281116}
                      [220] ∈ {2405801727}
                      [221] ∈ {4167216745}
                      [222] ∈ {1634467795}
                      [223] ∈ {376229701}
                      [224] ∈ {2685067896}
                      [225] ∈ {3608007406}
                      [226] ∈ {1308918612}
                      [227] ∈ {956543938}
                      [228] ∈ {2808555105}
                      [229] ∈ {3495958263}
                      [230] ∈ {1231636301}
                      [231] ∈ {1047427035}
                      [232] ∈ {2932959818}
                      [233] ∈ {3654703836}
                      [234] ∈ {1088359270}
                      [235] ∈ {936918000}
                      [236] ∈ {2847714899}
                      [237] ∈ {3736837829}
                      [238] ∈ {1202900863}
                      [239] ∈ {817233897}
                      [240] ∈ {3183342108}
                      [241] ∈ {3401237130}
                      [242] ∈ {1404277552}
                      [243] ∈ {615818150}
                      [244] ∈ {3134207493}
                      [245] ∈ {3453421203}
                      [246] ∈ {1423857449}
                      [247] ∈ {601450431}
                      [248] ∈ {3009837614}
                      [249] ∈ {3294710456}
                      [250] ∈ {1567103746}
                      [251] ∈ {711928724}
                      [252] ∈ {3020668471}
                      [253] ∈ {3272380065}
                      [254] ∈ {1510334235}
                      [255] ∈ {755167117}
  mz_error_s_error_descs[0]{.m_err; .[bits 32 to 63]} ∈ {0}
                        [0].m_pDesc ∈ {{ "" }}
                        [1].m_err ∈ {1}
                        [1].[bits 32 to 63] ∈ {0}
                        [1].m_pDesc ∈ {{ "stream end" }}
                        [2].m_err ∈ {2}
                        [2].[bits 32 to 63] ∈ {0}
                        [2].m_pDesc ∈ {{ "need dictionary" }}
                        [3].m_err ∈ {-1}
                        [3].[bits 32 to 63] ∈ {0}
                        [3].m_pDesc ∈ {{ "file error" }}
                        [4].m_err ∈ {-2}
                        [4].[bits 32 to 63] ∈ {0}
                        [4].m_pDesc ∈ {{ "stream error" }}
                        [5].m_err ∈ {-3}
                        [5].[bits 32 to 63] ∈ {0}
                        [5].m_pDesc ∈ {{ "data error" }}
                        [6].m_err ∈ {-4}
                        [6].[bits 32 to 63] ∈ {0}
                        [6].m_pDesc ∈ {{ "out of memory" }}
                        [7].m_err ∈ {-5}
                        [7].[bits 32 to 63] ∈ {0}
                        [7].m_pDesc ∈ {{ "buf error" }}
                        [8].m_err ∈ {-6}
                        [8].[bits 32 to 63] ∈ {0}
                        [8].m_pDesc ∈ {{ "version error" }}
                        [9].m_err ∈ {-10000}
                        [9].[bits 32 to 63] ∈ {0}
                        [9].m_pDesc ∈ {{ "parameter error" }}
  s_tdefl_len_sym[0] ∈ {257}
                 [1] ∈ {258}
                 [2] ∈ {259}
                 [3] ∈ {260}
                 [4] ∈ {261}
                 [5] ∈ {262}
                 [6] ∈ {263}
                 [7] ∈ {264}
                 [8..9] ∈ {265}
                 [10..11] ∈ {266}
                 [12..13] ∈ {267}
                 [14..15] ∈ {268}
                 [16..19] ∈ {269}
                 [20..23] ∈ {270}
                 [24..27] ∈ {271}
                 [28..31] ∈ {272}
                 [32..39] ∈ {273}
                 [40..47] ∈ {274}
                 [48..55] ∈ {275}
                 [56..63] ∈ {276}
                 [64..79] ∈ {277}
                 [80..95] ∈ {278}
                 [96..111] ∈ {279}
                 [112..127] ∈ {280}
                 [128..159] ∈ {281}
                 [160..191] ∈ {282}
                 [192..223] ∈ {283}
                 [224..254] ∈ {284}
                 [255] ∈ {285}
  s_tdefl_len_extra[0..7] ∈ {0}
                   [8..15] ∈ {1}
                   [16..31] ∈ {2}
                   [32..63] ∈ {3}
                   [64..127] ∈ {4}
                   [128..254] ∈ {5}
                   [255] ∈ {0}
  s_tdefl_small_dist_sym[0] ∈ {0}
                        [1] ∈ {1}
                        [2] ∈ {2}
                        [3] ∈ {3}
                        [4..5] ∈ {4}
                        [6..7] ∈ {5}
                        [8..11] ∈ {6}
                        [12..15] ∈ {7}
                        [16..23] ∈ {8}
                        [24..31] ∈ {9}
                        [32..47] ∈ {10}
                        [48..63] ∈ {11}
                        [64..95] ∈ {12}
                        [96..127] ∈ {13}
                        [128..191] ∈ {14}
                        [192..255] ∈ {15}
                        [256..383] ∈ {16}
                        [384..511] ∈ {17}
  s_tdefl_small_dist_extra[0..3] ∈ {0}
                          [4..7] ∈ {1}
                          [8..15] ∈ {2}
                          [16..31] ∈ {3}
                          [32..63] ∈ {4}
                          [64..127] ∈ {5}
                          [128..255] ∈ {6}
                          [256..511] ∈ {7}
  s_tdefl_large_dist_sym[0..1] ∈ {0}
                        [2] ∈ {18}
                        [3] ∈ {19}
                        [4..5] ∈ {20}
                        [6..7] ∈ {21}
                        [8..11] ∈ {22}
                        [12..15] ∈ {23}
                        [16..23] ∈ {24}
                        [24..31] ∈ {25}
                        [32..47] ∈ {26}
                        [48..63] ∈ {27}
                        [64..95] ∈ {28}
                        [96..127] ∈ {29}
  s_tdefl_large_dist_extra[0..1] ∈ {0}
                          [2..3] ∈ {8}
                          [4..7] ∈ {9}
                          [8..15] ∈ {10}
                          [16..31] ∈ {11}
                          [32..63] ∈ {12}
                          [64..127] ∈ {13}
  s_tdefl_packed_code_size_syms_swizzle[0] ∈ {16}
                                       [1] ∈ {17}
                                       [2] ∈ {18}
                                       [3] ∈ {0}
                                       [4] ∈ {8}
                                       [5] ∈ {7}
                                       [6] ∈ {9}
                                       [7] ∈ {6}
                                       [8] ∈ {10}
                                       [9] ∈ {5}
                                       [10] ∈ {11}
                                       [11] ∈ {4}
                                       [12] ∈ {12}
                                       [13] ∈ {3}
                                       [14] ∈ {13}
                                       [15] ∈ {2}
                                       [16] ∈ {14}
                                       [17] ∈ {1}
                                       [18] ∈ {15}
  mz_bitmasks[0] ∈ {0}
             [1] ∈ {1}
             [2] ∈ {3}
             [3] ∈ {7}
             [4] ∈ {15}
             [5] ∈ {31}
             [6] ∈ {63}
             [7] ∈ {127}
             [8] ∈ {255}
             [9] ∈ {511}
             [10] ∈ {1023}
             [11] ∈ {2047}
             [12] ∈ {4095}
             [13] ∈ {8191}
             [14] ∈ {16383}
             [15] ∈ {32767}
             [16] ∈ {65535}
  s_tdefl_num_probes[0] ∈ {0}
                    [1] ∈ {1}
                    [2] ∈ {6}
                    [3] ∈ {32}
                    [4] ∈ {16}
                    [5] ∈ {32}
                    [6] ∈ {128}
                    [7] ∈ {256}
                    [8] ∈ {512}
                    [9] ∈ {768}
                    [10] ∈ {1500}
  tdefl_write_image_to_png_file_in_memory_ex_s_tdefl_png_num_probes[0] ∈
                                                                   {0}
                                                                   [1] ∈
                                                                   {1}
                                                                   [2] ∈
                                                                   {6}
                                                                   [3] ∈
                                                                   {32}
                                                                   [4] ∈
                                                                   {16}
                                                                   [5] ∈
                                                                   {32}
                                                                   [6] ∈
                                                                   {128}
                                                                   [7] ∈
                                                                   {256}
                                                                   [8] ∈
                                                                   {512}
                                                                   [9] ∈
                                                                   {768}
                                                                   [10] ∈
                                                                   {1500}
  tdefl_write_image_to_png_file_in_memory_ex_chans[0..1] ∈ {0}
                                                  [2] ∈ {4}
                                                  [3] ∈ {2}
                                                  [4] ∈ {6}
  tinfl_decompress_s_length_base[0] ∈ {3}
                                [1] ∈ {4}
                                [2] ∈ {5}
                                [3] ∈ {6}
                                [4] ∈ {7}
                                [5] ∈ {8}
                                [6] ∈ {9}
                                [7] ∈ {10}
                                [8] ∈ {11}
                                [9] ∈ {13}
                                [10] ∈ {15}
                                [11] ∈ {17}
                                [12] ∈ {19}
                                [13] ∈ {23}
                                [14] ∈ {27}
                                [15] ∈ {31}
                                [16] ∈ {35}
                                [17] ∈ {43}
                                [18] ∈ {51}
                                [19] ∈ {59}
                                [20] ∈ {67}
                                [21] ∈ {83}
                                [22] ∈ {99}
                                [23] ∈ {115}
                                [24] ∈ {131}
                                [25] ∈ {163}
                                [26] ∈ {195}
                                [27] ∈ {227}
                                [28] ∈ {258}
                                [29..30] ∈ {0}
  tinfl_decompress_s_length_extra[0..7] ∈ {0}
                                 [8..11] ∈ {1}
                                 [12..15] ∈ {2}
                                 [16..19] ∈ {3}
                                 [20..23] ∈ {4}
                                 [24..27] ∈ {5}
                                 [28..30] ∈ {0}
  tinfl_decompress_s_dist_base[0] ∈ {1}
                              [1] ∈ {2}
                              [2] ∈ {3}
                              [3] ∈ {4}
                              [4] ∈ {5}
                              [5] ∈ {7}
                              [6] ∈ {9}
                              [7] ∈ {13}
                              [8] ∈ {17}
                              [9] ∈ {25}
                              [10] ∈ {33}
                              [11] ∈ {49}
                              [12] ∈ {65}
                              [13] ∈ {97}
                              [14] ∈ {129}
                              [15] ∈ {193}
                              [16] ∈ {257}
                              [17] ∈ {385}
                              [18] ∈ {513}
                              [19] ∈ {769}
                              [20] ∈ {1025}
                              [21] ∈ {1537}
                              [22] ∈ {2049}
                              [23] ∈ {3073}
                              [24] ∈ {4097}
                              [25] ∈ {6145}
                              [26] ∈ {8193}
                              [27] ∈ {12289}
                              [28] ∈ {16385}
                              [29] ∈ {24577}
                              [30..31] ∈ {0}
  tinfl_decompress_s_dist_extra[0..3] ∈ {0}
                               [4..5] ∈ {1}
                               [6..7] ∈ {2}
                               [8..9] ∈ {3}
                               [10..11] ∈ {4}
                               [12..13] ∈ {5}
                               [14..15] ∈ {6}
                               [16..17] ∈ {7}
                               [18..19] ∈ {8}
                               [20..21] ∈ {9}
                               [22..23] ∈ {10}
                               [24..25] ∈ {11}
                               [26..27] ∈ {12}
                               [28..29] ∈ {13}
                               [30..31] ∈ {0}
  tinfl_decompress_s_length_dezigzag[0] ∈ {16}
                                    [1] ∈ {17}
                                    [2] ∈ {18}
                                    [3] ∈ {0}
                                    [4] ∈ {8}
                                    [5] ∈ {7}
                                    [6] ∈ {9}
                                    [7] ∈ {6}
                                    [8] ∈ {10}
                                    [9] ∈ {5}
                                    [10] ∈ {11}
                                    [11] ∈ {4}
                                    [12] ∈ {12}
                                    [13] ∈ {3}
                                    [14] ∈ {13}
                                    [15] ∈ {2}
                                    [16] ∈ {14}
                                    [17] ∈ {1}
                                    [18] ∈ {15}
  tinfl_decompress_s_min_table_sizes[0] ∈ {257}
                                    [1] ∈ {1}
                                    [2] ∈ {4}
[eva] using specification for function Frama_C_interval
[eva] using specification for function Frama_C_make_unknown
[eva] using specification for function printf_va_1
[eva] using specification for function printf_va_2
[eva] using specification for function printf_va_3
[eva] using specification for function printf_va_4
[eva] using specification for function printf_va_5
[eva] using specification for function printf_va_6
[eva] using specification for function printf_va_7
[eva] using specification for function atoi
[eva] examples/example3.c:44: starting to merge loop iterations
[eva] using specification for function printf_va_8
[eva] using specification for function printf_va_9
[eva] using specification for function printf_va_10
[eva] using specification for function printf_va_11
[eva] using specification for function printf_va_13
[eva] using specification for function fopen
[eva] using specification for function printf_va_14
[eva] using specification for function fseek
[eva] using specification for function ftell
[eva] using specification for function printf_va_15
[eva] using specification for function printf_va_16
[eva] using specification for function printf_va_17
[eva] FRAMAC_SHARE/libc/string.h:134: 
  cannot evaluate ACSL term, unsupported ACSL construct: logic function memset
[eva] miniz.c:169: allocating variable __malloc_miniz_def_alloc_func_l169
[eva] using specification for function printf_va_18
[eva] using specification for function fread
[eva:alarm] miniz.c:253: Warning: 
  accessing uninitialized left-value.
  assert
  \initialized(&((tdefl_compressor *)pStream->state)->m_prev_return_status);
[eva:alarm] miniz_tdef.c:1268: Warning: 
  accessing uninitialized left-value. assert \initialized(&d->m_pPut_buf_func);
[eva:alarm] miniz_tdef.c:1269: Warning: 
  accessing uninitialized left-value.
  assert \initialized(&d->m_wants_to_finish);
[eva:alarm] miniz_tdef.c:1279: Warning: 
  accessing uninitialized left-value.
  assert \initialized(&d->m_output_flush_remaining);
[eva:alarm] miniz_tdef.c:1279: Warning: 
  accessing uninitialized left-value. assert \initialized(&d->m_finished);
[eva:alarm] miniz_tdef.c:1283: Warning: 
  accessing uninitialized left-value. assert \initialized(&d->m_flags);
[eva:alarm] miniz_tdef.c:868: Warning: 
  accessing uninitialized left-value. assert \initialized(&d->m_lookahead_pos);
[eva:alarm] miniz_tdef.c:868: Warning: 
  accessing uninitialized left-value.
  assert \initialized(&d->m_lookahead_size);
[eva:alarm] miniz_tdef.c:868: Warning: 
  accessing uninitialized left-value. assert \initialized(&d->m_dict_size);
[eva:alarm] miniz_tdef.c:868: Warning: 
  accessing uninitialized left-value.
  assert \initialized(&d->m_total_lz_bytes);
[eva:alarm] miniz_tdef.c:868: Warning: 
  accessing uninitialized left-value.
  assert \initialized(&d->m_num_flags_left);
[eva:alarm] miniz_tdef.c:869: Warning: 
  accessing uninitialized left-value. assert \initialized(&d->m_pLZ_code_buf);
[eva:alarm] miniz_tdef.c:869: Warning: 
  accessing uninitialized left-value. assert \initialized(&d->m_pLZ_flags);
[eva] FRAMAC_SHARE/libc/string.h:101: 
  cannot evaluate ACSL term, unsupported ACSL construct: logic function memcmp
[eva] miniz_tdef.c:880: starting to merge loop iterations
[eva:alarm] miniz_tdef.c:883: Warning: 
  function memcpy: precondition 'valid_src' got status unknown.
[eva:alarm] miniz_tdef.c:885: Warning: 
  function memcpy: precondition 'valid_src' got status unknown.
[eva:alarm] miniz_tdef.c:860: Warning: 
  accessing uninitialized left-value. assert \initialized(&ret);
[eva:alarm] miniz_tdef.c:901: Warning: 
  accessing uninitialized left-value. assert \initialized(&d->m_hash[hash]);
[eva:alarm] miniz_tdef.c:750: Warning: 
  accessing uninitialized left-value. assert \initialized(&ret);
[eva] miniz_tdef.c:909: starting to merge loop iterations
[kernel] miniz_tdef.c:749: 
  more than 200(39894) elements to enumerate. Approximating.
[eva:alarm] miniz_tdef.c:749: Warning: 
  function memcpy: precondition 'valid_src' got status unknown.
[kernel] miniz_tdef.c:749: 
  more than 200(39893) elements to enumerate. Approximating.
[eva:alarm] miniz_tdef.c:913: Warning: 
  accessing uninitialized left-value. assert \initialized((mz_uint8 const *)p);
[eva:alarm] miniz_tdef.c:913: Warning: 
  accessing uninitialized left-value. assert \initialized((mz_uint8 const *)q);
[eva:alarm] miniz_tdef.c:913: Warning: 
  out of bounds read. assert \valid_read((mz_uint8 const *)p);
[eva:alarm] miniz_tdef.c:913: Warning: 
  out of bounds read. assert \valid_read((mz_uint8 const *)q);
[eva:alarm] miniz_tdef.c:913: Warning: 
  signed overflow.
  assert p - (mz_uint16 const *)pCur_dict ≤ 9223372036854775807;
[eva:alarm] miniz_tdef.c:921: Warning: 
  accessing uninitialized left-value. assert \initialized(pLZ_flags);
[eva:alarm] miniz_tdef.c:922: Warning: 
  accessing uninitialized left-value.
  assert \initialized(&d->m_huff_count[0][(mz_uint8)first_trigram]);
[eva] using specification for function __FC_assert
[eva:alarm] miniz_tdef.c:929: Warning: 
  function __FC_assert: precondition 'nonnull_c' got status invalid.
[eva:alarm] miniz_tdef.c:952: Warning: 
  accessing uninitialized left-value. assert \initialized(pLZ_flags);
[eva:alarm] miniz_tdef.c:953: Warning: 
  accessing uninitialized left-value.
  assert \initialized(&d->m_huff_count[0][(mz_uint8)first_trigram]);
[eva] miniz_tdef.c:895: starting to merge loop iterations
[eva:alarm] miniz_tdef.c:929: Warning: 
  function __FC_assert: precondition 'nonnull_c' got status unknown.
[eva:alarm] miniz_tdef.c:940: Warning: 
  accessing uninitialized left-value. assert \initialized(pLZ_flags);
[eva:alarm] miniz_tdef.c:943: Warning: 
  accessing out of bounds index. assert (mz_uint)(cur_match_dist >> 8) < 128;
[eva:alarm] miniz_tdef.c:944: Warning: 
  accessing uninitialized left-value.
  assert \initialized(&d->m_huff_count[1][tmp_13]);
  (tmp_13 from (cur_match_dist < 512)?s0:s1)
[eva:alarm] miniz_tdef.c:946: Warning: 
  accessing out of bounds index.
  assert (mz_uint)(cur_match_len - TDEFL_MIN_MATCH_LEN) < 256;
[eva:alarm] miniz_tdef.c:946: Warning: 
  accessing uninitialized left-value.
  assert
  \initialized(&d->m_huff_count[0][s_tdefl_len_sym[(mz_uint)(cur_match_len -
                                                             TDEFL_MIN_MATCH_LEN)]]);
[eva:alarm] miniz_tdef.c:966: Warning: 
  function __FC_assert: precondition 'nonnull_c' got status unknown.
[eva:alarm] miniz_tdef.c:935: Warning: 
  function memcpy: precondition 'valid_dest' got status unknown.
[eva:alarm] miniz_tdef.c:969: Warning: 
  pointer comparison.
  assert
  \pointer_comparable((void *)pLZ_code_buf,
                     (void *)(&d->m_lz_code_buf[(int)(TDEFL_LZ_CODE_BUF_SIZE -
                                                      8)]));
[eva:alarm] miniz_tdef.c:618: Warning: 
  out of bounds write. assert \valid(d->m_pLZ_flags);
[eva:alarm] miniz_tdef.c:618: Warning: 
  accessing uninitialized left-value. assert \initialized(d->m_pLZ_flags);
[eva:alarm] miniz_tdef.c:621: Warning: 
  accessing uninitialized left-value. assert \initialized(&d->m_block_index);
[eva:alarm] miniz_tdef.c:623: Warning: 
  accessing uninitialized left-value. assert \initialized(&d->m_bit_buffer);
[eva:alarm] miniz_tdef.c:623: Warning: 
  accessing uninitialized left-value. assert \initialized(&d->m_bits_in);
[eva] miniz_tdef.c:623: starting to merge loop iterations
[eva] miniz_tdef.c:624: starting to merge loop iterations
[eva:alarm] miniz_tdef.c:627: Warning: 
  accessing uninitialized left-value. assert \initialized(&d->m_bit_buffer);
[eva:alarm] miniz_tdef.c:627: Warning: 
  accessing uninitialized left-value. assert \initialized(&d->m_bits_in);
[eva] miniz_tdef.c:432: starting to merge loop iterations
[eva:alarm] miniz_tdef.c:433: Warning: 
  out of bounds write. assert \valid(tmp);
                       (tmp from p++)
[eva:alarm] miniz_tdef.c:435: Warning: 
  out of bounds write. assert \valid(tmp_0);
                       (tmp_0 from p++)
[eva] miniz_tdef.c:434: starting to merge loop iterations
[eva:alarm] miniz_tdef.c:437: Warning: 
  out of bounds write. assert \valid(tmp_1);
                       (tmp_1 from p++)
[eva] miniz_tdef.c:436: starting to merge loop iterations
[eva:alarm] miniz_tdef.c:439: Warning: 
  out of bounds write. assert \valid(tmp_2);
                       (tmp_2 from p++)
[eva] miniz_tdef.c:438: starting to merge loop iterations
[eva:alarm] miniz_tdef.c:229: Warning: 
  accessing uninitialized left-value.
  assert \initialized(&d->m_huff_code_sizes[table_num][i]);
[eva:alarm] miniz_tdef.c:229: Warning: 
  accessing out of bounds index.
  assert
  d->m_huff_code_sizes[table_num][i] <
  (int)(1 + TDEFL_MAX_SUPPORTED_HUFF_CODESIZE);
[eva] miniz_tdef.c:228: starting to merge loop iterations
[eva:alarm] miniz_tdef.c:229: Warning: 
  signed overflow.
  assert num_codes[d->m_huff_code_sizes[table_num][i]] + 1 ≤ 2147483647;
[eva:alarm] miniz_tdef.c:260: Warning: 
  signed overflow.
  assert (int)(j + num_codes[(int)(i - 1)]) << 1 ≤ 2147483647;
[eva] miniz_tdef.c:259: starting to merge loop iterations
[eva:alarm] miniz_tdef.c:260: Warning: 
  signed overflow. assert j + num_codes[(int)(i - 1)] ≤ 2147483647;
[eva:alarm] miniz_tdef.c:265: Warning: 
  accessing uninitialized left-value.
  assert \initialized(&d->m_huff_code_sizes[table_num][i]);
[eva:alarm] miniz_tdef.c:267: Warning: 
  accessing out of bounds index.
  assert code_size < (int)(TDEFL_MAX_SUPPORTED_HUFF_CODESIZE + 1);
[eva:alarm] miniz_tdef.c:267: Warning: 
  accessing uninitialized left-value.
  assert \initialized(&next_code[code_size]);
[eva:alarm] miniz_tdef.c:267: Warning: 
  accessing uninitialized left-value.
  assert \initialized(&next_code[code_size]);
[eva] miniz_tdef.c:268: starting to merge loop iterations
[eva] miniz_tdef.c:262: starting to merge loop iterations
[eva:alarm] miniz_tdef.c:237: Warning: 
  accessing uninitialized left-value. assert \initialized(pSym_count + i);
[eva] miniz_tdef.c:236: starting to merge loop iterations
[eva:alarm] miniz_tdef.c:239: Warning: 
  accessing uninitialized left-value. assert \initialized(pSym_count + i);
[kernel] miniz_tdef.c:239: 
  more than 200(288) locations to update in array. Approximating.
[kernel] miniz_tdef.c:240: 
  more than 200(288) locations to update in array. Approximating.
[eva:alarm] miniz_tdef.c:239: Warning: 
  accessing out of bounds index. assert num_used_syms < TDEFL_MAX_HUFF_SYMBOLS;
[eva:alarm] miniz_tdef.c:110: Warning: 
  accessing uninitialized left-value.
  assert \initialized(&(pSyms0 + i)->m_key);
[eva] miniz_tdef.c:108: starting to merge loop iterations
[eva] miniz_tdef.c:114: starting to merge loop iterations
[eva] miniz_tdef.c:120: starting to merge loop iterations
[eva:alarm] miniz_tdef.c:126: Warning: 
  accessing uninitialized left-value.
  assert \initialized(&(pCur_syms + i)->m_key);
[eva:alarm] miniz_tdef.c:126: Warning: 
  accessing uninitialized left-value.
  assert
  \initialized(&offsets[(int)((int)((int)(pCur_syms + i)->m_key >> pass_shift)
                              & 0xFF)]);
[eva:alarm] miniz_tdef.c:126: Warning: 
  accessing uninitialized left-value.
  assert
  \initialized(&offsets[(int)((int)((int)(pCur_syms + i)->m_key >> pass_shift)
                              & 0xFF)]);
[eva:alarm] miniz_tdef.c:126: Warning: 
  out of bounds write.
  assert \valid(pNew_syms + tmp);
  (tmp from offsets[((int)(pCur_syms + i)->m_key >> pass_shift) & 0xFF]++)
[kernel] miniz_tdef.c:126: too many locations to update in array. Approximating.
[eva] miniz_tdef.c:125: starting to merge loop iterations
[eva:alarm] miniz_tdef.c:126: Warning: 
  accessing uninitialized left-value.
  assert \initialized(&(pCur_syms + i)->m_key);
[eva] miniz_tdef.c:116: starting to merge loop iterations
[eva:alarm] miniz_tdef.c:126: Warning: 
  invalid RHS operand for shift. assert 0 ≤ pass_shift < 32;
[kernel] miniz_tdef.c:110: 
  more than 200(288) elements to enumerate. Approximating.
[eva:alarm] miniz_tdef.c:147: Warning: 
  accessing uninitialized left-value. assert \initialized(&(A + 0)->m_key);
[eva:alarm] miniz_tdef.c:147: Warning: 
  accessing uninitialized left-value. assert \initialized(&(A + 1)->m_key);
[eva:alarm] miniz_tdef.c:152: Warning: 
  accessing uninitialized left-value. assert \initialized(&(A + root)->m_key);
[eva:alarm] miniz_tdef.c:152: Warning: 
  accessing uninitialized left-value. assert \initialized(&(A + leaf)->m_key);
[eva:alarm] miniz_tdef.c:154: Warning: 
  accessing uninitialized left-value. assert \initialized(&(A + root)->m_key);
[eva:alarm] miniz_tdef.c:158: Warning: 
  accessing uninitialized left-value.
  assert \initialized(&(A + tmp_0)->m_key);
  (tmp_0 from leaf++)
[eva:alarm] miniz_tdef.c:159: Warning: 
  accessing uninitialized left-value. assert \initialized(&(A + root)->m_key);
[eva:alarm] miniz_tdef.c:159: Warning: 
  accessing uninitialized left-value. assert \initialized(&(A + leaf)->m_key);
[eva:alarm] miniz_tdef.c:161: Warning: 
  accessing uninitialized left-value. assert \initialized(&(A + next)->m_key);
[eva:alarm] miniz_tdef.c:161: Warning: 
  accessing uninitialized left-value. assert \initialized(&(A + root)->m_key);
[eva:alarm] miniz_tdef.c:165: Warning: 
  accessing uninitialized left-value. assert \initialized(&(A + next)->m_key);
[eva:alarm] miniz_tdef.c:165: Warning: 
  accessing uninitialized left-value.
  assert \initialized(&(A + tmp_2)->m_key);
  (tmp_2 from leaf++)
[eva] miniz_tdef.c:150: starting to merge loop iterations
[kernel] miniz_tdef.c:154: 
  more than 200(286) locations to update in array. Approximating.
[kernel] miniz_tdef.c:158: 
  more than 200(286) locations to update in array. Approximating.
[kernel] miniz_tdef.c:161: 
  more than 200(286) locations to update in array. Approximating.
[kernel] miniz_tdef.c:165: 
  more than 200(286) locations to update in array. Approximating.
[eva:alarm] miniz_tdef.c:152: Warning: 
  out of bounds read. assert \valid_read(&(A + root)->m_key);
[eva:alarm] miniz_tdef.c:154: Warning: 
  out of bounds read. assert \valid_read(&(A + root)->m_key);
[kernel] miniz_tdef.c:155: 
  more than 200(288) locations to update in array. Approximating.
[eva:alarm] miniz_tdef.c:161: Warning: 
  out of bounds read. assert \valid_read(&(A + root)->m_key);
[kernel] miniz_tdef.c:162: 
  more than 200(288) locations to update in array. Approximating.
[kernel] miniz_tdef.c:167: 
  more than 200(287) locations to update in array. Approximating.
[eva:alarm] miniz_tdef.c:169: Warning: 
  accessing uninitialized left-value. assert \initialized(&(A + next)->m_key);
[eva:alarm] miniz_tdef.c:169: Warning: 
  accessing uninitialized left-value.
  assert \initialized(&(A + (A + next)->m_key)->m_key);
[eva:alarm] miniz_tdef.c:169: Warning: 
  out of bounds read. assert \valid_read(&(A + (A + next)->m_key)->m_key);
[kernel] miniz_tdef.c:169: 
  more than 200(286) locations to update in array. Approximating.
[eva:alarm] miniz_tdef.c:176: Warning: 
  accessing uninitialized left-value. assert \initialized(&(A + root)->m_key);
[eva] miniz_tdef.c:176: starting to merge loop iterations
[eva:alarm] miniz_tdef.c:178: Warning: 
  signed overflow. assert used + 1 ≤ 2147483647;
[kernel] miniz_tdef.c:183: 
  more than 200(287) locations to update in array. Approximating.
[eva] miniz_tdef.c:181: starting to merge loop iterations
[kernel] miniz_tdef.c:183: 
  more than 200(288) locations to update in array. Approximating.
[eva:alarm] miniz_tdef.c:183: Warning: 
  out of bounds write. assert \valid(&(A + tmp_3)->m_key);
                       (tmp_3 from next--)
[eva:alarm] miniz_tdef.c:183: Warning: 
  signed overflow. assert -2147483648 ≤ next - 1;
[eva:alarm] miniz_tdef.c:186: Warning: 
  signed overflow. assert 2 * used ≤ 2147483647;
[eva] miniz_tdef.c:174: starting to merge loop iterations
[eva:alarm] miniz_tdef.c:187: Warning: 
  signed overflow. assert dpth + 1 ≤ 2147483647;
[kernel] miniz_tdef.c:152: 
  more than 200(286) elements to enumerate. Approximating.
[kernel] miniz_tdef.c:154: 
  more than 200(286) elements to enumerate. Approximating.
[kernel] miniz_tdef.c:159: 
  more than 200(286) elements to enumerate. Approximating.
[kernel] miniz_tdef.c:167: 
  more than 200(287) elements to enumerate. Approximating.
[eva:alarm] miniz_tdef.c:247: Warning: 
  accessing uninitialized left-value. assert \initialized(&(pSyms + i)->m_key);
[eva:alarm] miniz_tdef.c:247: Warning: 
  accessing out of bounds index.
  assert (pSyms + i)->m_key < (int)(1 + TDEFL_MAX_SUPPORTED_HUFF_CODESIZE);
[eva] miniz_tdef.c:246: starting to merge loop iterations
[eva:alarm] miniz_tdef.c:247: Warning: 
  signed overflow. assert num_codes[(pSyms + i)->m_key] + 1 ≤ 2147483647;
[eva:alarm] miniz_tdef.c:204: Warning: 
  signed overflow.
  assert *(pNum_codes + max_code_size) + *(pNum_codes + i) ≤ 2147483647;
[eva] miniz_tdef.c:203: starting to merge loop iterations
[eva] miniz_tdef.c:205: starting to merge loop iterations
[eva] miniz_tdef.c:210: starting to merge loop iterations
[eva:alarm] miniz_tdef.c:214: Warning: 
  signed overflow. assert *(pNum_codes + (int)(i + 1)) + 2 ≤ 2147483647;
[eva] miniz_tdef.c:207: starting to merge loop iterations
[eva:alarm] miniz_tdef.c:209: Warning: 
  signed overflow. assert -2147483648 ≤ *(pNum_codes + max_code_size) - 1;
[eva:alarm] miniz_tdef.c:213: Warning: 
  signed overflow. assert -2147483648 ≤ *(pNum_codes + i) - 1;
[eva:alarm] miniz_tdef.c:255: Warning: 
  accessing uninitialized left-value.
  assert \initialized(&(pSyms + j)->m_sym_index);
[eva:alarm] miniz_tdef.c:255: Warning: 
  out of bounds read. assert \valid_read(&(pSyms + j)->m_sym_index);
[eva:alarm] miniz_tdef.c:255: Warning: 
  accessing out of bounds index.
  assert (pSyms + j)->m_sym_index < TDEFL_MAX_HUFF_SYMBOLS;
[eva] miniz_tdef.c:254: starting to merge loop iterations
[eva] miniz_tdef.c:253: starting to merge loop iterations
[eva:alarm] miniz_tdef.c:260: Warning: 
  invalid LHS operand for left shift.
  assert 0 ≤ (int)(j + num_codes[(int)(i - 1)]);
[kernel] miniz_tdef.c:240: 
  more than 200(288) elements to enumerate. Approximating.
[eva] miniz_tdef.c:351: starting to merge loop iterations
[eva] miniz_tdef.c:354: starting to merge loop iterations
[eva:alarm] miniz_tdef.c:383: Warning: 
  accessing uninitialized left-value.
  assert \initialized(&d->m_huff_count[2][code_size]);
[eva] miniz_tdef.c:366: starting to merge loop iterations
[eva] miniz_tdef.c:379: starting to merge loop iterations
[eva:alarm] miniz_tdef.c:379: Warning: 
  accessing out of bounds index.
  assert tmp_9 < (int)(TDEFL_MAX_HUFF_SYMBOLS_0 + TDEFL_MAX_HUFF_SYMBOLS_1);
  (tmp_9 from num_packed_code_sizes++)
[eva:alarm] miniz_tdef.c:384: Warning: 
  accessing out of bounds index.
  assert tmp_19 < (int)(TDEFL_MAX_HUFF_SYMBOLS_0 + TDEFL_MAX_HUFF_SYMBOLS_1);
  (tmp_19 from num_packed_code_sizes++)
[eva:alarm] miniz_tdef.c:371: Warning: 
  accessing uninitialized left-value.
  assert \initialized(&d->m_huff_count[2][prev_code_size]);
[eva:alarm] miniz_tdef.c:371: Warning: 
  accessing out of bounds index.
  assert tmp < (int)(TDEFL_MAX_HUFF_SYMBOLS_0 + TDEFL_MAX_HUFF_SYMBOLS_1);
  (tmp from num_packed_code_sizes++)
[eva] miniz_tdef.c:371: starting to merge loop iterations
[eva:alarm] miniz_tdef.c:382: Warning: 
  accessing uninitialized left-value.
  assert \initialized(&d->m_huff_count[2][prev_code_size]);
[eva:alarm] miniz_tdef.c:382: Warning: 
  accessing out of bounds index.
  assert tmp_15 < (int)(TDEFL_MAX_HUFF_SYMBOLS_0 + TDEFL_MAX_HUFF_SYMBOLS_1);
  (tmp_15 from num_packed_code_sizes++)
[eva] miniz_tdef.c:382: starting to merge loop iterations
[eva:alarm] miniz_tdef.c:379: Warning: 
  accessing out of bounds index.
  assert tmp_11 < (int)(TDEFL_MAX_HUFF_SYMBOLS_0 + TDEFL_MAX_HUFF_SYMBOLS_1);
  (tmp_11 from num_packed_code_sizes++)
[eva:alarm] miniz_tdef.c:379: Warning: 
  accessing out of bounds index.
  assert tmp_12 < (int)(TDEFL_MAX_HUFF_SYMBOLS_0 + TDEFL_MAX_HUFF_SYMBOLS_1);
  (tmp_12 from num_packed_code_sizes++)
[eva:alarm] miniz_tdef.c:371: Warning: 
  accessing out of bounds index.
  assert tmp_1 < (int)(TDEFL_MAX_HUFF_SYMBOLS_0 + TDEFL_MAX_HUFF_SYMBOLS_1);
  (tmp_1 from num_packed_code_sizes++)
[eva:alarm] miniz_tdef.c:371: Warning: 
  accessing out of bounds index.
  assert tmp_2 < (int)(TDEFL_MAX_HUFF_SYMBOLS_0 + TDEFL_MAX_HUFF_SYMBOLS_1);
  (tmp_2 from num_packed_code_sizes++)
[eva:alarm] miniz_tdef.c:382: Warning: 
  accessing out of bounds index.
  assert tmp_17 < (int)(TDEFL_MAX_HUFF_SYMBOLS_0 + TDEFL_MAX_HUFF_SYMBOLS_1);
  (tmp_17 from num_packed_code_sizes++)
[eva:alarm] miniz_tdef.c:382: Warning: 
  accessing out of bounds index.
  assert tmp_18 < (int)(TDEFL_MAX_HUFF_SYMBOLS_0 + TDEFL_MAX_HUFF_SYMBOLS_1);
  (tmp_18 from num_packed_code_sizes++)
[eva:alarm] miniz_tdef.c:368: Warning: 
  accessing uninitialized left-value.
  assert \initialized(&code_sizes_to_pack[i]);
[eva:alarm] miniz_tdef.c:388: Warning: 
  accessing out of bounds index.
  assert tmp_22 < (int)(TDEFL_MAX_HUFF_SYMBOLS_0 + TDEFL_MAX_HUFF_SYMBOLS_1);
  (tmp_22 from num_packed_code_sizes++)
[eva:alarm] miniz_tdef.c:388: Warning: 
  accessing out of bounds index.
  assert tmp_23 < (int)(TDEFL_MAX_HUFF_SYMBOLS_0 + TDEFL_MAX_HUFF_SYMBOLS_1);
  (tmp_23 from num_packed_code_sizes++)
[eva:alarm] miniz_tdef.c:379: Warning: 
  accessing out of bounds index.
  assert tmp_13 < (int)(TDEFL_MAX_HUFF_SYMBOLS_0 + TDEFL_MAX_HUFF_SYMBOLS_1);
  (tmp_13 from num_packed_code_sizes++)
[eva:alarm] miniz_tdef.c:379: Warning: 
  accessing out of bounds index.
  assert tmp_14 < (int)(TDEFL_MAX_HUFF_SYMBOLS_0 + TDEFL_MAX_HUFF_SYMBOLS_1);
  (tmp_14 from num_packed_code_sizes++)
[eva:alarm] miniz_tdef.c:374: Warning: 
  accessing out of bounds index.
  assert tmp_7 < (int)(TDEFL_MAX_HUFF_SYMBOLS_0 + TDEFL_MAX_HUFF_SYMBOLS_1);
  (tmp_7 from num_packed_code_sizes++)
[eva:alarm] miniz_tdef.c:374: Warning: 
  accessing out of bounds index.
  assert tmp_8 < (int)(TDEFL_MAX_HUFF_SYMBOLS_0 + TDEFL_MAX_HUFF_SYMBOLS_1);
  (tmp_8 from num_packed_code_sizes++)
[eva:alarm] miniz_tdef.c:395: Warning: 
  accessing uninitialized left-value.
  assert \initialized(&d->m_huff_count[2][prev_code_size]);
[eva:alarm] miniz_tdef.c:395: Warning: 
  accessing out of bounds index.
  assert tmp_24 < (int)(TDEFL_MAX_HUFF_SYMBOLS_0 + TDEFL_MAX_HUFF_SYMBOLS_1);
  (tmp_24 from num_packed_code_sizes++)
[eva] miniz_tdef.c:395: starting to merge loop iterations
[eva:alarm] miniz_tdef.c:395: Warning: 
  accessing out of bounds index.
  assert tmp_26 < (int)(TDEFL_MAX_HUFF_SYMBOLS_0 + TDEFL_MAX_HUFF_SYMBOLS_1);
  (tmp_26 from num_packed_code_sizes++)
[eva:alarm] miniz_tdef.c:395: Warning: 
  accessing out of bounds index.
  assert tmp_27 < (int)(TDEFL_MAX_HUFF_SYMBOLS_0 + TDEFL_MAX_HUFF_SYMBOLS_1);
  (tmp_27 from num_packed_code_sizes++)
[eva:alarm] miniz_tdef.c:399: Warning: 
  accessing out of bounds index.
  assert tmp_28 < (int)(TDEFL_MAX_HUFF_SYMBOLS_0 + TDEFL_MAX_HUFF_SYMBOLS_1);
  (tmp_28 from num_packed_code_sizes++)
[eva] miniz_tdef.c:399: starting to merge loop iterations
[eva:alarm] miniz_tdef.c:399: Warning: 
  accessing out of bounds index.
  assert tmp_30 < (int)(TDEFL_MAX_HUFF_SYMBOLS_0 + TDEFL_MAX_HUFF_SYMBOLS_1);
  (tmp_30 from num_packed_code_sizes++)
[eva:alarm] miniz_tdef.c:399: Warning: 
  accessing out of bounds index.
  assert tmp_31 < (int)(TDEFL_MAX_HUFF_SYMBOLS_0 + TDEFL_MAX_HUFF_SYMBOLS_1);
  (tmp_31 from num_packed_code_sizes++)
[eva:alarm] miniz_tdef.c:399: Warning: 
  accessing out of bounds index.
  assert tmp_32 < (int)(TDEFL_MAX_HUFF_SYMBOLS_0 + TDEFL_MAX_HUFF_SYMBOLS_1);
  (tmp_32 from num_packed_code_sizes++)
[eva:alarm] miniz_tdef.c:399: Warning: 
  accessing out of bounds index.
  assert tmp_33 < (int)(TDEFL_MAX_HUFF_SYMBOLS_0 + TDEFL_MAX_HUFF_SYMBOLS_1);
  (tmp_33 from num_packed_code_sizes++)
[eva] miniz_tdef.c:406: starting to merge loop iterations
[eva] miniz_tdef.c:409: starting to merge loop iterations
[eva] miniz_tdef.c:413: starting to merge loop iterations
[eva:alarm] miniz_tdef.c:415: Warning: 
  function __FC_assert: precondition 'nonnull_c' got status unknown.
[eva] miniz_tdef.c:414: starting to merge loop iterations
[eva] miniz_tdef.c:415: starting to merge loop iterations
[eva:alarm] miniz_tdef.c:419: Warning: 
  accessing uninitialized left-value.
  assert \initialized(&packed_code_sizes[tmp_39]);
  (tmp_39 from packed_code_sizes_index++)
[eva:alarm] miniz_tdef.c:420: Warning: 
  function __FC_assert: precondition 'nonnull_c' got status unknown.
[eva:alarm] miniz_tdef.c:421: Warning: 
  invalid RHS operand for shift. assert 0 ≤ len_4 < 32;
[eva:alarm] miniz_tdef.c:421: Warning: 
  function __FC_assert: precondition 'nonnull_c' got status unknown.
[eva:alarm] miniz_tdef.c:423: Warning: 
  accessing uninitialized left-value.
  assert \initialized(&packed_code_sizes[tmp_41]);
  (tmp_41 from packed_code_sizes_index++)
[eva:alarm] miniz_tdef.c:423: Warning: 
  function __FC_assert: precondition 'nonnull_c' got status unknown.
[eva] miniz_tdef.c:423: starting to merge loop iterations
[eva] miniz_tdef.c:417: starting to merge loop iterations
[eva] miniz_tdef.c:421: starting to merge loop iterations
[eva:alarm] miniz_tdef.c:419: Warning: 
  accessing out of bounds index.
  assert tmp_39 < (int)(TDEFL_MAX_HUFF_SYMBOLS_0 + TDEFL_MAX_HUFF_SYMBOLS_1);
  (tmp_39 from packed_code_sizes_index++)
[eva:alarm] miniz_tdef.c:423: Warning: 
  accessing out of bounds index.
  assert tmp_41 < (int)(TDEFL_MAX_HUFF_SYMBOLS_0 + TDEFL_MAX_HUFF_SYMBOLS_1);
  (tmp_41 from packed_code_sizes_index++)
[eva:alarm] miniz_tdef.c:468: Warning: 
  pointer comparison.
  assert \pointer_comparable((void *)pLZ_codes, (void *)pLZ_code_buf_end);
[eva:alarm] miniz_tdef.c:476: Warning: 
  accessing uninitialized left-value. assert \initialized(pLZ_codes + 0);
[eva:alarm] miniz_tdef.c:476: Warning: 
  accessing uninitialized left-value.
  assert \initialized((mz_uint16 const *)(pLZ_codes + 1));
[eva:alarm] miniz_tdef.c:479: Warning: 
  accessing uninitialized left-value.
  assert \initialized(&d->m_huff_code_sizes[0][s_tdefl_len_sym[match_len]]);
[eva:alarm] miniz_tdef.c:479: Warning: 
  function __FC_assert: precondition 'nonnull_c' got status unknown.
[eva:alarm] miniz_tdef.c:480: Warning: 
  accessing uninitialized left-value.
  assert \initialized(&d->m_huff_codes[0][s_tdefl_len_sym[match_len]]);
[eva:alarm] miniz_tdef.c:480: Warning: 
  accessing uninitialized left-value.
  assert \initialized(&d->m_huff_code_sizes[0][s_tdefl_len_sym[match_len]]);
[eva:alarm] miniz_tdef.c:481: Warning: 
  invalid RHS operand for shift. assert 0 ≤ bits_in < 64;
[eva:alarm] miniz_tdef.c:486: Warning: 
  accessing out of bounds index. assert (mz_uint)(match_dist >> 8) < 128;
[eva:alarm] miniz_tdef.c:487: Warning: 
  accessing out of bounds index. assert (mz_uint)(match_dist >> 8) < 128;
[eva:alarm] miniz_tdef.c:491: Warning: 
  function __FC_assert: precondition 'nonnull_c' got status unknown.
[eva:alarm] miniz_tdef.c:492: Warning: 
  invalid RHS operand for shift. assert 0 ≤ bits_in < 64;
[eva:alarm] miniz_tdef.c:492: Warning: 
  accessing uninitialized left-value.
  assert \initialized(&d->m_huff_codes[1][sym]);
[eva:alarm] miniz_tdef.c:493: Warning: 
  invalid RHS operand for shift. assert 0 ≤ bits_in < 64;
[eva:alarm] miniz_tdef.c:497: Warning: 
  accessing uninitialized left-value.
  assert \initialized(tmp_0);
  (tmp_0 from pLZ_codes++)
[eva:alarm] miniz_tdef.c:498: Warning: 
  accessing uninitialized left-value.
  assert \initialized(&d->m_huff_code_sizes[0][lit]);
[eva:alarm] miniz_tdef.c:498: Warning: 
  function __FC_assert: precondition 'nonnull_c' got status unknown.
[eva:alarm] miniz_tdef.c:499: Warning: 
  accessing uninitialized left-value.
  assert \initialized(&d->m_huff_codes[0][lit]);
[eva:alarm] miniz_tdef.c:499: Warning: 
  accessing uninitialized left-value.
  assert \initialized(&d->m_huff_code_sizes[0][lit]);
[eva:alarm] miniz_tdef.c:501: Warning: 
  pointer comparison.
  assert \pointer_comparable((void *)pLZ_codes, (void *)pLZ_code_buf_end);
[eva:alarm] miniz_tdef.c:504: Warning: 
  accessing uninitialized left-value.
  assert \initialized(tmp_1);
  (tmp_1 from pLZ_codes++)
[eva:alarm] miniz_tdef.c:505: Warning: 
  accessing uninitialized left-value.
  assert \initialized(&d->m_huff_code_sizes[0][lit]);
[eva:alarm] miniz_tdef.c:505: Warning: 
  function __FC_assert: precondition 'nonnull_c' got status unknown.
[eva:alarm] miniz_tdef.c:506: Warning: 
  invalid RHS operand for shift. assert 0 ≤ bits_in < 64;
[eva:alarm] miniz_tdef.c:506: Warning: 
  accessing uninitialized left-value.
  assert \initialized(&d->m_huff_codes[0][lit]);
[eva:alarm] miniz_tdef.c:506: Warning: 
  accessing uninitialized left-value.
  assert \initialized(&d->m_huff_code_sizes[0][lit]);
[eva:alarm] miniz_tdef.c:508: Warning: 
  pointer comparison.
  assert \pointer_comparable((void *)pLZ_codes, (void *)pLZ_code_buf_end);
[eva:alarm] miniz_tdef.c:511: Warning: 
  accessing uninitialized left-value.
  assert \initialized(tmp_2);
  (tmp_2 from pLZ_codes++)
[eva:alarm] miniz_tdef.c:512: Warning: 
  accessing uninitialized left-value.
  assert \initialized(&d->m_huff_code_sizes[0][lit]);
[eva:alarm] miniz_tdef.c:512: Warning: 
  function __FC_assert: precondition 'nonnull_c' got status unknown.
[eva:alarm] miniz_tdef.c:513: Warning: 
  invalid RHS operand for shift. assert 0 ≤ bits_in < 64;
[eva:alarm] miniz_tdef.c:513: Warning: 
  accessing uninitialized left-value.
  assert \initialized(&d->m_huff_codes[0][lit]);
[eva:alarm] miniz_tdef.c:513: Warning: 
  accessing uninitialized left-value.
  assert \initialized(&d->m_huff_code_sizes[0][lit]);
[eva:alarm] miniz_tdef.c:523: Warning: 
  invalid RHS operand for shift.
  assert 0 ≤ (unsigned int)(bits_in & (unsigned int)((int)(~7))) < 64;
[eva] miniz_tdef.c:468: starting to merge loop iterations
[eva:alarm] miniz_tdef.c:471: Warning: 
  accessing uninitialized left-value.
  assert \initialized(tmp);
  (tmp from pLZ_codes++)
[eva:alarm] miniz_tdef.c:476: Warning: 
  out of bounds read. assert \valid_read(pLZ_codes + 0);
[eva:alarm] miniz_tdef.c:476: Warning: 
  out of bounds read. assert \valid_read((mz_uint16 const *)(pLZ_codes + 1));
[eva:alarm] miniz_tdef.c:497: Warning: 
  out of bounds read. assert \valid_read(tmp_0);
                      (tmp_0 from pLZ_codes++)
[eva:alarm] miniz_tdef.c:504: Warning: 
  out of bounds read. assert \valid_read(tmp_1);
                      (tmp_1 from pLZ_codes++)
[eva:alarm] miniz_tdef.c:511: Warning: 
  out of bounds read. assert \valid_read(tmp_2);
                      (tmp_2 from pLZ_codes++)
[eva:alarm] miniz_tdef.c:471: Warning: 
  out of bounds read. assert \valid_read(tmp);
                      (tmp from pLZ_codes++)
[eva:alarm] miniz_tdef.c:536: Warning: 
  function __FC_assert: precondition 'nonnull_c' got status unknown.
[eva] miniz_tdef.c:533: starting to merge loop iterations
[eva] miniz_tdef.c:536: starting to merge loop iterations
[eva:alarm] miniz_tdef.c:541: Warning: 
  accessing uninitialized left-value.
  assert \initialized(&d->m_huff_codes[0][256]);
[eva:alarm] miniz_tdef.c:541: Warning: 
  accessing uninitialized left-value.
  assert \initialized(&d->m_huff_code_sizes[0][256]);
[eva:alarm] miniz_tdef.c:541: Warning: 
  invalid RHS operand for shift. assert 0 ≤ len_0 < 32;
[eva:alarm] miniz_tdef.c:541: Warning: 
  function __FC_assert: precondition 'nonnull_c' got status unknown.
[eva:alarm] miniz_tdef.c:638: Warning: 
  accessing uninitialized left-value.
  assert \initialized(&d->m_lz_code_buf_dict_pos);
[eva] miniz_tdef.c:646: starting to merge loop iterations
[eva] miniz_tdef.c:650: starting to merge loop iterations
[eva] miniz_tdef.c:648: starting to merge loop iterations
[eva:alarm] miniz_tdef.c:654: Warning: 
  accessing uninitialized left-value.
  assert
  \initialized(&d->m_dict[(unsigned int)((mz_uint)(d->m_lz_code_buf_dict_pos +
                                                   i)
                                         & TDEFL_LZ_DICT_SIZE_MASK)]);
[eva] miniz_tdef.c:654: starting to merge loop iterations
[eva] miniz_tdef.c:652: starting to merge loop iterations
[eva:alarm] miniz_tdef.c:698: Warning: 
  function __FC_assert: precondition 'nonnull_c' got status unknown.
[eva:alarm] miniz_tdef.c:706: Warning: 
  accessing uninitialized left-value.
  assert \initialized(&d->m_lz_code_buf_dict_pos);
[eva:alarm] miniz_tdef.c:708: Warning: 
  accessing uninitialized left-value. assert \initialized(&d->m_block_index);
[eva:alarm] miniz_tdef.c:921: Warning: 
  out of bounds write. assert \valid(pLZ_flags);
[eva:alarm] miniz_tdef.c:940: Warning: 
  out of bounds write. assert \valid(pLZ_flags);
[eva:alarm] miniz_tdef.c:952: Warning: 
  out of bounds write. assert \valid(pLZ_flags);
[eva] miniz_tdef.c:627: starting to merge loop iterations
[eva] miniz_tdef.c:446: starting to merge loop iterations
[eva] miniz_tdef.c:404: starting to merge loop iterations
[eva] miniz_tdef.c:407: starting to merge loop iterations
[eva] miniz_tdef.c:643: starting to merge loop iterations
[eva:alarm] miniz_tdef.c:623: Warning: 
  pointer comparison.
  assert
  \pointer_comparable((void *)d->m_pOutput_buf, (void *)d->m_pOutput_buf_end);
[eva:alarm] miniz_tdef.c:623: Warning: 
  out of bounds write. assert \valid(tmp_1);
                       (tmp_1 from d->m_pOutput_buf++)
[eva:alarm] miniz_tdef.c:624: Warning: 
  pointer comparison.
  assert
  \pointer_comparable((void *)d->m_pOutput_buf, (void *)d->m_pOutput_buf_end);
[eva:alarm] miniz_tdef.c:624: Warning: 
  out of bounds write. assert \valid(tmp_2);
                       (tmp_2 from d->m_pOutput_buf++)
[eva:alarm] miniz_tdef.c:627: Warning: 
  pointer comparison.
  assert
  \pointer_comparable((void *)d->m_pOutput_buf, (void *)d->m_pOutput_buf_end);
[eva:alarm] miniz_tdef.c:627: Warning: 
  out of bounds write. assert \valid(tmp_3);
                       (tmp_3 from d->m_pOutput_buf++)
[eva:alarm] miniz_tdef.c:446: Warning: 
  pointer comparison.
  assert
  \pointer_comparable((void *)d->m_pOutput_buf, (void *)d->m_pOutput_buf_end);
[eva:alarm] miniz_tdef.c:446: Warning: 
  out of bounds write. assert \valid(tmp_3);
                       (tmp_3 from d->m_pOutput_buf++)
[eva:alarm] miniz_tdef.c:404: Warning: 
  pointer comparison.
  assert
  \pointer_comparable((void *)d->m_pOutput_buf, (void *)d->m_pOutput_buf_end);
[eva:alarm] miniz_tdef.c:404: Warning: 
  out of bounds write. assert \valid(tmp_34);
                       (tmp_34 from d->m_pOutput_buf++)
[eva:alarm] miniz_tdef.c:406: Warning: 
  pointer comparison.
  assert
  \pointer_comparable((void *)d->m_pOutput_buf, (void *)d->m_pOutput_buf_end);
[eva:alarm] miniz_tdef.c:406: Warning: 
  out of bounds write. assert \valid(tmp_35);
                       (tmp_35 from d->m_pOutput_buf++)
[eva:alarm] miniz_tdef.c:407: Warning: 
  pointer comparison.
  assert
  \pointer_comparable((void *)d->m_pOutput_buf, (void *)d->m_pOutput_buf_end);
[eva:alarm] miniz_tdef.c:407: Warning: 
  out of bounds write. assert \valid(tmp_36);
                       (tmp_36 from d->m_pOutput_buf++)
[eva:alarm] miniz_tdef.c:413: Warning: 
  pointer comparison.
  assert
  \pointer_comparable((void *)d->m_pOutput_buf, (void *)d->m_pOutput_buf_end);
[eva:alarm] miniz_tdef.c:413: Warning: 
  out of bounds write. assert \valid(tmp_37);
                       (tmp_37 from d->m_pOutput_buf++)
[eva:alarm] miniz_tdef.c:415: Warning: 
  pointer comparison.
  assert
  \pointer_comparable((void *)d->m_pOutput_buf, (void *)d->m_pOutput_buf_end);
[eva:alarm] miniz_tdef.c:415: Warning: 
  out of bounds write. assert \valid(tmp_38);
                       (tmp_38 from d->m_pOutput_buf++)
[eva:alarm] miniz_tdef.c:421: Warning: 
  pointer comparison.
  assert
  \pointer_comparable((void *)d->m_pOutput_buf, (void *)d->m_pOutput_buf_end);
[eva:alarm] miniz_tdef.c:421: Warning: 
  out of bounds write. assert \valid(tmp_40);
                       (tmp_40 from d->m_pOutput_buf++)
[eva:alarm] miniz_tdef.c:423: Warning: 
  pointer comparison.
  assert
  \pointer_comparable((void *)d->m_pOutput_buf, (void *)d->m_pOutput_buf_end);
[eva:alarm] miniz_tdef.c:423: Warning: 
  out of bounds write. assert \valid(tmp_42);
                       (tmp_42 from d->m_pOutput_buf++)
[eva:alarm] miniz_tdef.c:518: Warning: 
  pointer comparison.
  assert
  \pointer_comparable((void *)pOutput_buf, (void *)d->m_pOutput_buf_end);
[eva:alarm] miniz_tdef.c:521: Warning: 
  out of bounds write. assert \valid((mz_uint64 *)pOutput_buf);
[eva:alarm] miniz_tdef.c:536: Warning: 
  pointer comparison.
  assert
  \pointer_comparable((void *)d->m_pOutput_buf, (void *)d->m_pOutput_buf_end);
[eva:alarm] miniz_tdef.c:536: Warning: 
  out of bounds write. assert \valid(tmp_4);
                       (tmp_4 from d->m_pOutput_buf++)
[eva:alarm] miniz_tdef.c:541: Warning: 
  pointer comparison.
  assert
  \pointer_comparable((void *)d->m_pOutput_buf, (void *)d->m_pOutput_buf_end);
[eva:alarm] miniz_tdef.c:541: Warning: 
  out of bounds write. assert \valid(tmp_5);
                       (tmp_5 from d->m_pOutput_buf++)
[eva:alarm] miniz_tdef.c:543: Warning: 
  pointer comparison.
  assert
  \pointer_comparable((void *)d->m_pOutput_buf, (void *)d->m_pOutput_buf_end);
[eva:alarm] miniz_tdef.c:637: Warning: 
  pointer subtraction.
  assert \base_addr(d->m_pOutput_buf) ≡ \base_addr(pSaved_output_buf);
[eva:alarm] miniz_tdef.c:637: Warning: 
  signed overflow.
  assert -9223372036854775808 ≤ d->m_pOutput_buf - pSaved_output_buf;
[eva:alarm] miniz_tdef.c:637: Warning: 
  signed overflow.
  assert d->m_pOutput_buf - pSaved_output_buf ≤ 9223372036854775807;
[eva:alarm] miniz_tdef.c:637: Warning: 
  signed overflow.
  assert
  (long)(d->m_pOutput_buf - pSaved_output_buf) + 1U ≤ 9223372036854775807;
[eva:alarm] miniz_tdef.c:643: Warning: 
  pointer comparison.
  assert
  \pointer_comparable((void *)d->m_pOutput_buf, (void *)d->m_pOutput_buf_end);
[eva:alarm] miniz_tdef.c:643: Warning: 
  out of bounds write. assert \valid(tmp_5);
                       (tmp_5 from d->m_pOutput_buf++)
[eva:alarm] miniz_tdef.c:646: Warning: 
  pointer comparison.
  assert
  \pointer_comparable((void *)d->m_pOutput_buf, (void *)d->m_pOutput_buf_end);
[eva:alarm] miniz_tdef.c:646: Warning: 
  out of bounds write. assert \valid(tmp_6);
                       (tmp_6 from d->m_pOutput_buf++)
[eva:alarm] miniz_tdef.c:650: Warning: 
  pointer comparison.
  assert
  \pointer_comparable((void *)d->m_pOutput_buf, (void *)d->m_pOutput_buf_end);
[eva:alarm] miniz_tdef.c:650: Warning: 
  out of bounds write. assert \valid(tmp_7);
                       (tmp_7 from d->m_pOutput_buf++)
[eva:alarm] miniz_tdef.c:654: Warning: 
  pointer comparison.
  assert
  \pointer_comparable((void *)d->m_pOutput_buf, (void *)d->m_pOutput_buf_end);
[eva:alarm] miniz_tdef.c:654: Warning: 
  out of bounds write. assert \valid(tmp_8);
                       (tmp_8 from d->m_pOutput_buf++)
[eva:alarm] miniz_tdef.c:698: Warning: 
  pointer comparison.
  assert
  \pointer_comparable((void *)d->m_pOutput_buf, (void *)d->m_pOutput_buf_end);
[eva:alarm] miniz_tdef.c:710: Warning: 
  pointer subtraction.
  assert \base_addr(d->m_pOutput_buf) ≡ \base_addr(pOutput_buf_start);
[eva:alarm] miniz_tdef.c:710: Warning: 
  signed overflow.
  assert -9223372036854775808 ≤ d->m_pOutput_buf - pOutput_buf_start;
[eva:alarm] miniz_tdef.c:710: Warning: 
  signed overflow.
  assert d->m_pOutput_buf - pOutput_buf_start ≤ 9223372036854775807;
[eva:alarm] miniz_tdef.c:718: Warning: 
  pointer comparison.
  assert
  \pointer_comparable((void *)pOutput_buf_start,
                     (void *)((mz_uint8 *)d->m_output_buf));
[eva:alarm] miniz_tdef.c:721: Warning: 
  function memcpy: precondition 'valid_dest' got status unknown.
[eva:alarm] miniz_tdef.c:721: Warning: 
  function memcpy: precondition 'valid_src' got status unknown.
[eva:alarm] miniz_tdef.c:723: Warning: 
  signed overflow. assert -2147483648 ≤ n - bytes_to_copy;
[eva:alarm] miniz_tdef.c:723: Warning: 
  signed overflow. assert n - bytes_to_copy ≤ 2147483647;
[eva:alarm] miniz_tdef.c:614: Warning: 
  function __FC_assert: precondition 'nonnull_c' got status unknown.
[eva:alarm] miniz_tdef.c:990: Warning: 
  accessing uninitialized left-value. assert \initialized(&d->m_dict[cur_pos]);
[eva:alarm] miniz_tdef.c:994: Warning: 
  out of bounds write. assert \valid(pLZ_flags);
[eva:alarm] miniz_tdef.c:994: Warning: 
  accessing uninitialized left-value. assert \initialized(pLZ_flags);
[eva:alarm] miniz_tdef.c:1001: Warning: 
  accessing uninitialized left-value.
  assert \initialized(&d->m_huff_count[0][lit]);
[eva:alarm] miniz_tdef.c:1008: Warning: 
  pointer comparison.
  assert
  \pointer_comparable((void *)pLZ_code_buf,
                     (void *)(&d->m_lz_code_buf[(int)(TDEFL_LZ_CODE_BUF_SIZE -
                                                      8)]));
[eva] miniz_tdef.c:872: starting to merge loop iterations
[eva:alarm] miniz_tdef.c:1088: Warning: 
  accessing uninitialized left-value.
  assert \initialized(&d->m_lookahead_size);
[eva:alarm] miniz_tdef.c:1092: Warning: 
  accessing uninitialized left-value.
  assert \initialized(&d->m_lookahead_size);
[eva:alarm] miniz_tdef.c:1092: Warning: 
  accessing uninitialized left-value. assert \initialized(&d->m_dict_size);
[eva:alarm] miniz_tdef.c:1118: Warning: 
  accessing uninitialized left-value. assert \initialized(&d->m_lookahead_pos);
[eva] miniz_tdef.c:1115: starting to merge loop iterations
[eva:alarm] miniz_tdef.c:1126: Warning: 
  accessing uninitialized left-value.
  assert
  \initialized(&d->m_dict[(unsigned int)(ins_pos_0 & TDEFL_LZ_DICT_SIZE_MASK)]);
[eva:alarm] miniz_tdef.c:1126: Warning: 
  accessing uninitialized left-value.
  assert
  \initialized(&d->m_dict[(unsigned int)((mz_uint)(ins_pos_0 + 1) &
                                         TDEFL_LZ_DICT_SIZE_MASK)]);
[eva:alarm] miniz_tdef.c:1127: Warning: 
  accessing uninitialized left-value. assert \initialized(&d->m_hash[hash_0]);
[eva:alarm] miniz_tdef.c:1117: Warning: 
  out of bounds read. assert \valid_read(tmp_1);
                      (tmp_1 from pSrc++)
[eva:alarm] miniz_tdef.c:1139: Warning: 
  accessing uninitialized left-value.
  assert \initialized(&d->m_saved_match_len);
[eva:alarm] miniz_tdef.c:1140: Warning: 
  accessing uninitialized left-value. assert \initialized(&d->m_lookahead_pos);
[eva:alarm] miniz_tdef.c:759: Warning: 
  accessing uninitialized left-value.
  assert \initialized(&d->m_max_probes[(int)(match_len ≥ 32? 1: 0)]);
[eva:alarm] miniz_tdef.c:744: Warning: 
  accessing uninitialized left-value. assert \initialized(&ret);
[eva:alarm] miniz_tdef.c:762: Warning: 
  function __FC_assert: precondition 'nonnull_c' got status unknown.
[eva:alarm] miniz_tdef.c:778: Warning: 
  accessing uninitialized left-value.
  assert \initialized(&d->m_next[probe_pos]);
[eva:alarm] miniz_tdef.c:1193: Warning: 
  accessing uninitialized left-value.
  assert \initialized(&d->m_dict[tmp_2]);
  (tmp_2 from
  ((cur_pos) < (sizeof((d->m_dict)) - 1))?cur_pos:sizeof(d->m_dict) - (unsigned long)1)
[eva:alarm] miniz_tdef.c:1041: Warning: 
  accessing uninitialized left-value.
  assert \initialized(&d->m_total_lz_bytes);
[eva:alarm] miniz_tdef.c:1042: Warning: 
  accessing uninitialized left-value. assert \initialized(&d->m_pLZ_code_buf);
[eva:alarm] miniz_tdef.c:1043: Warning: 
  accessing uninitialized left-value. assert \initialized(&d->m_pLZ_flags);
[eva:alarm] miniz_tdef.c:1043: Warning: 
  accessing uninitialized left-value. assert \initialized(d->m_pLZ_flags);
[eva:alarm] miniz_tdef.c:1044: Warning: 
  accessing uninitialized left-value.
  assert \initialized(&d->m_num_flags_left);
[eva:alarm] miniz_tdef.c:1049: Warning: 
  accessing uninitialized left-value.
  assert \initialized(&d->m_huff_count[0][lit]);
[eva:alarm] miniz_tdef.c:1207: Warning: 
  function __FC_assert: precondition 'nonnull_c' got status unknown.
[eva] miniz_tdef.c:1088: starting to merge loop iterations
[eva:alarm] miniz_tdef.c:1094: Warning: 
  accessing uninitialized left-value. assert \initialized(&d->m_lookahead_pos);
[eva:alarm] miniz_tdef.c:1095: Warning: 
  accessing uninitialized left-value.
  assert
  \initialized(&d->m_dict[(unsigned int)(ins_pos & TDEFL_LZ_DICT_SIZE_MASK)]);
[eva:alarm] miniz_tdef.c:1095: Warning: 
  accessing uninitialized left-value.
  assert
  \initialized(&d->m_dict[(unsigned int)((mz_uint)(ins_pos + 1) &
                                         TDEFL_LZ_DICT_SIZE_MASK)]);
[eva:alarm] miniz_tdef.c:1100: Warning: 
  pointer comparison.
  assert \pointer_comparable((void *)pSrc, (void *)pSrc_end);
[eva:alarm] miniz_tdef.c:1102: Warning: 
  out of bounds read. assert \valid_read(tmp_0);
                      (tmp_0 from pSrc++)
[eva:alarm] miniz_tdef.c:1107: Warning: 
  accessing uninitialized left-value. assert \initialized(&d->m_hash[hash]);
[eva] miniz_tdef.c:1100: starting to merge loop iterations
[eva:alarm] miniz_tdef.c:1145: Warning: 
  accessing uninitialized left-value.
  assert
  \initialized(&d->m_dict[(unsigned int)((mz_uint)(cur_pos - 1) &
                                         TDEFL_LZ_DICT_SIZE_MASK)]);
[eva:alarm] miniz_tdef.c:1149: Warning: 
  accessing uninitialized left-value.
  assert \initialized(&d->m_dict[(mz_uint)(cur_pos + cur_match_len)]);
[eva] miniz_tdef.c:1147: starting to merge loop iterations
[eva:alarm] miniz_tdef.c:1149: Warning: 
  accessing out of bounds index.
  assert
  (mz_uint)(cur_pos + cur_match_len) <
  (int)((int)(TDEFL_LZ_DICT_SIZE + TDEFL_MAX_MATCH_LEN) - 1);
[eva:alarm] miniz_tdef.c:779: Warning: 
  accessing uninitialized left-value.
  assert \initialized(&d->m_next[probe_pos]);
[eva:alarm] miniz_tdef.c:780: Warning: 
  accessing uninitialized left-value.
  assert \initialized(&d->m_next[probe_pos]);
[eva] miniz_tdef.c:767: starting to merge loop iterations
[eva] miniz_tdef.c:789: starting to merge loop iterations
[eva:alarm] miniz_tdef.c:799: Warning: 
  signed overflow. assert p - s ≤ 9223372036854775807;
[eva:alarm] miniz_tdef.c:799: Warning: 
  accessing uninitialized left-value. assert \initialized((mz_uint8 const *)p);
[eva:alarm] miniz_tdef.c:799: Warning: 
  accessing uninitialized left-value. assert \initialized((mz_uint8 const *)q);
[eva:alarm] miniz_tdef.c:799: Warning: 
  out of bounds read. assert \valid_read((mz_uint8 const *)p);
[eva:alarm] miniz_tdef.c:799: Warning: 
  out of bounds read. assert \valid_read((mz_uint8 const *)q);
[eva] miniz_tdef.c:765: starting to merge loop iterations
[eva:alarm] miniz_tdef.c:1194: Warning: 
  accessing uninitialized left-value.
  assert \initialized(&d->m_greedy_parsing);
[eva:alarm] miniz_tdef.c:1056: Warning: 
  function __FC_assert: precondition 'nonnull_c' got status unknown.
[eva:alarm] miniz_tdef.c:1058: Warning: 
  accessing uninitialized left-value.
  assert \initialized(&d->m_total_lz_bytes);
[eva:alarm] miniz_tdef.c:1060: Warning: 
  accessing uninitialized left-value. assert \initialized(&d->m_pLZ_code_buf);
[eva:alarm] miniz_tdef.c:1067: Warning: 
  accessing uninitialized left-value. assert \initialized(&d->m_pLZ_flags);
[eva:alarm] miniz_tdef.c:1067: Warning: 
  accessing uninitialized left-value. assert \initialized(d->m_pLZ_flags);
[eva:alarm] miniz_tdef.c:1068: Warning: 
  accessing uninitialized left-value.
  assert \initialized(&d->m_num_flags_left);
[eva:alarm] miniz_tdef.c:1076: Warning: 
  accessing uninitialized left-value.
  assert \initialized(&d->m_huff_count[1][tmp_1]);
  (tmp_1 from (match_dist < 512)?s0:s1)
[eva:alarm] miniz_tdef.c:1079: Warning: 
  accessing out of bounds index.
  assert (mz_uint)(match_len - TDEFL_MIN_MATCH_LEN) < 256;
[eva:alarm] miniz_tdef.c:1079: Warning: 
  accessing uninitialized left-value.
  assert
  \initialized(&d->m_huff_count[0][s_tdefl_len_sym[(mz_uint)(match_len -
                                                             TDEFL_MIN_MATCH_LEN)]]);
[eva:alarm] miniz_tdef.c:1201: Warning: 
  accessing uninitialized left-value.
  assert \initialized(&d->m_dict[tmp_3]);
  (tmp_3 from
  ((cur_pos) < (sizeof((d->m_dict)) - 1))?cur_pos:sizeof(d->m_dict) - (unsigned long)1)
[eva:alarm] miniz_tdef.c:1211: Warning: 
  accessing uninitialized left-value. assert \initialized(&d->m_pLZ_code_buf);
[eva:alarm] miniz_tdef.c:1212: Warning: 
  accessing uninitialized left-value.
  assert \initialized(&d->m_total_lz_bytes);
[eva:alarm] miniz_tdef.c:608: Warning: 
  accessing uninitialized left-value.
  assert \initialized(&d->m_lz_code_buf_dict_pos);
[eva:alarm] miniz_tdef.c:618: Warning: 
  accessing uninitialized left-value. assert \initialized(&d->m_pLZ_flags);
[eva:alarm] miniz_tdef.c:618: Warning: 
  accessing uninitialized left-value.
  assert \initialized(&d->m_num_flags_left);
[eva:alarm] miniz_tdef.c:1171: Warning: 
  accessing uninitialized left-value. assert \initialized(&d->m_saved_lit);
[eva:alarm] miniz_tdef.c:1180: Warning: 
  accessing uninitialized left-value. assert \initialized(&d->m_dict[cur_pos]);
[eva:alarm] miniz_tdef.c:1187: Warning: 
  accessing uninitialized left-value.
  assert \initialized(&d->m_saved_match_dist);
[eva:alarm] miniz_tdef.c:1060: Warning: 
  out of bounds write. assert \valid(d->m_pLZ_code_buf + 0);
[eva:alarm] miniz_tdef.c:1063: Warning: 
  out of bounds write. assert \valid(d->m_pLZ_code_buf + 1);
[eva:alarm] miniz_tdef.c:1064: Warning: 
  out of bounds write. assert \valid(d->m_pLZ_code_buf + 2);
[eva:alarm] miniz_tdef.c:1067: Warning: 
  out of bounds write. assert \valid(d->m_pLZ_flags);
[eva:alarm] miniz_tdef.c:1211: Warning: 
  pointer comparison.
  assert
  \pointer_comparable((void *)d->m_pLZ_code_buf,
                     (void *)(&d->m_lz_code_buf[(int)(TDEFL_LZ_CODE_BUF_SIZE -
                                                      8)]));
[eva:alarm] miniz_tdef.c:634: Warning: 
  accessing uninitialized left-value.
  assert \initialized(&d->m_total_lz_bytes);
[eva:alarm] miniz_tdef.c:637: Warning: 
  accessing uninitialized left-value.
  assert \initialized(&d->m_total_lz_bytes);
[eva:alarm] miniz_tdef.c:650: Warning: 
  accessing uninitialized left-value.
  assert \initialized(&d->m_total_lz_bytes);
[eva:alarm] miniz_tdef.c:652: Warning: 
  accessing uninitialized left-value.
  assert \initialized(&d->m_total_lz_bytes);
[eva:alarm] miniz_tdef.c:706: Warning: 
  accessing uninitialized left-value.
  assert \initialized(&d->m_total_lz_bytes);
[eva:alarm] miniz_tdef.c:1043: Warning: 
  out of bounds write. assert \valid(d->m_pLZ_flags);
[eva:alarm] miniz_tdef.c:1298: Warning: 
  accessing uninitialized left-value. assert \initialized(&d->m_adler32);
[eva:alarm] miniz_tdef.c:1298: Warning: 
  signed overflow.
  assert d->m_pSrc - (mz_uint8 const *)pIn_buf ≤ 9223372036854775807;
[eva] miniz.c:47: starting to merge loop iterations
[eva:alarm] miniz.c:49: Warning: 
  out of bounds read. assert \valid_read(ptr + 0);
[eva:alarm] miniz.c:59: Warning: 
  out of bounds read. assert \valid_read(tmp);
                      (tmp from ptr++)
[eva] miniz.c:58: starting to merge loop iterations
[eva] miniz.c:45: starting to merge loop iterations
[eva:alarm] miniz.c:50: Warning: 
  out of bounds read. assert \valid_read(ptr + 1);
[eva:alarm] miniz.c:51: Warning: 
  out of bounds read. assert \valid_read(ptr + 2);
[eva:alarm] miniz.c:52: Warning: 
  out of bounds read. assert \valid_read(ptr + 3);
[eva:alarm] miniz.c:53: Warning: 
  out of bounds read. assert \valid_read(ptr + 4);
[eva:alarm] miniz.c:54: Warning: 
  out of bounds read. assert \valid_read(ptr + 5);
[eva:alarm] miniz.c:55: Warning: 
  out of bounds read. assert \valid_read(ptr + 6);
[eva:alarm] miniz.c:56: Warning: 
  out of bounds read. assert \valid_read(ptr + 7);
[eva:alarm] miniz_tdef.c:1300: Warning: 
  accessing uninitialized left-value.
  assert \initialized(&d->m_lookahead_size);
[eva:alarm] miniz_tdef.c:608: Warning: 
  accessing uninitialized left-value. assert \initialized(&d->m_lookahead_pos);
[eva:alarm] miniz_tdef.c:608: Warning: 
  accessing uninitialized left-value. assert \initialized(&d->m_dict_size);
[eva:alarm] miniz_tdef.c:619: Warning: 
  accessing uninitialized left-value. assert \initialized(&d->m_pLZ_code_buf);
[eva:alarm] miniz_tdef.c:638: Warning: 
  accessing uninitialized left-value. assert \initialized(&d->m_lookahead_pos);
[eva:alarm] miniz_tdef.c:638: Warning: 
  accessing uninitialized left-value. assert \initialized(&d->m_dict_size);
[eva:alarm] miniz_tdef.c:671: Warning: 
  pointer comparison.
  assert
  \pointer_comparable((void *)d->m_pOutput_buf, (void *)d->m_pOutput_buf_end);
[eva:alarm] miniz_tdef.c:671: Warning: 
  out of bounds write. assert \valid(tmp_9);
                       (tmp_9 from d->m_pOutput_buf++)
[eva] miniz_tdef.c:671: starting to merge loop iterations
[eva:alarm] miniz_tdef.c:675: Warning: 
  accessing uninitialized left-value. assert \initialized(&d->m_adler32);
[eva:alarm] miniz_tdef.c:678: Warning: 
  pointer comparison.
  assert
  \pointer_comparable((void *)d->m_pOutput_buf, (void *)d->m_pOutput_buf_end);
[eva:alarm] miniz_tdef.c:678: Warning: 
  out of bounds write. assert \valid(tmp_10);
                       (tmp_10 from d->m_pOutput_buf++)
[eva] miniz_tdef.c:678: starting to merge loop iterations
[eva] miniz_tdef.c:676: starting to merge loop iterations
[eva:alarm] miniz_tdef.c:1231: Warning: 
  signed overflow.
  assert d->m_pSrc - (mz_uint8 const *)d->m_pIn_buf ≤ 9223372036854775807;
[eva:alarm] miniz_tdef.c:1237: Warning: 
  accessing uninitialized left-value.
  assert \initialized(&d->m_output_flush_ofs);
[eva:alarm] miniz_tdef.c:1237: Warning: 
  function memcpy: precondition 'valid_dest' got status unknown.
[eva:alarm] miniz_tdef.c:1237: Warning: 
  function memcpy: precondition 'valid_src' got status unknown.
[eva:alarm] miniz_tdef.c:1365: Warning: 
  accessing uninitialized left-value. assert \initialized(&d->m_adler32);
[eva] miniz.c:258: starting to merge loop iterations
[eva:alarm] miniz_tdef.c:1268: Warning: 
  pointer comparison. assert \pointer_comparable(pOut_buf, (void *)0);
[eva:alarm] miniz_tdef.c:1269: Warning: 
  pointer comparison. assert \pointer_comparable((void *)0, pIn_buf);
[eva:alarm] miniz_tdef.c:1269: Warning: 
  pointer comparison. assert \pointer_comparable((void *)0, pOut_buf);
[eva:alarm] miniz_tdef.c:1245: Warning: 
  accessing uninitialized left-value. assert \initialized(&d->m_finished);
[kernel] miniz_tdef.c:239: 
  more than 200(288) elements to enumerate. Approximating.
[eva:alarm] miniz_tdef.c:1297: Warning: 
  pointer comparison. assert \pointer_comparable((void *)0, pIn_buf);
[eva:alarm] miniz.c:43: Warning: 
  pointer comparison. assert \pointer_comparable((void *)0, (void *)ptr);
[eva:alarm] miniz_tdef.c:1231: Warning: 
  signed overflow.
  assert -9223372036854775808 ≤ d->m_pSrc - (mz_uint8 const *)d->m_pIn_buf;
[eva:alarm] miniz_tdef.c:1298: Warning: 
  signed overflow.
  assert -9223372036854775808 ≤ d->m_pSrc - (mz_uint8 const *)pIn_buf;
[eva:locals-escaping] examples/example3.c:161: Warning: 
  locals {in_bytes} escaping the scope of mz_deflate through __malloc_miniz_def_alloc_func_l169
[eva:locals-escaping] examples/example3.c:161: Warning: 
  locals {out_bytes} escaping the scope of mz_deflate through __malloc_miniz_def_alloc_func_l169
[eva] using specification for function fwrite
[eva:alarm] examples/example3.c:167: Warning: 
  function fwrite: precondition 'valid_ptr_block' got status unknown.
[eva] examples/example3.c:140: starting to merge loop iterations
[eva:alarm] miniz.c:245: Warning: 
  pointer comparison.
  assert \pointer_comparable((void *)0, (void *)pStream->next_out);
[eva] using specification for function printf_va_19
[eva] using specification for function printf_va_20
[eva] using specification for function printf_va_21
[eva] miniz.c:169: allocating variable __malloc_miniz_def_alloc_func_l169_0
[eva] using specification for function printf_va_23
[eva:alarm] miniz.c:447: Warning: 
  accessing uninitialized left-value.
  assert \initialized(&pState->m_window_bits);
[eva:alarm] miniz.c:451: Warning: 
  accessing uninitialized left-value.
  assert \initialized(&pState->m_first_call);
[eva:alarm] miniz.c:453: Warning: 
  accessing uninitialized left-value.
  assert \initialized(&pState->m_last_status);
[eva:alarm] miniz.c:456: Warning: 
  accessing uninitialized left-value.
  assert \initialized(&pState->m_has_flushed);
[eva:alarm] miniz.c:489: Warning: 
  accessing uninitialized left-value.
  assert \initialized(&pState->m_dict_avail);
[eva:alarm] miniz.c:504: Warning: 
  accessing uninitialized left-value. assert \initialized(&pState->m_dict_ofs);
[eva:alarm] miniz_tinfl.c:197: Warning: 
  accessing uninitialized left-value. assert \initialized(&r->m_num_bits);
[eva:alarm] miniz_tinfl.c:198: Warning: 
  accessing uninitialized left-value. assert \initialized(&r->m_bit_buf);
[eva:alarm] miniz_tinfl.c:199: Warning: 
  accessing uninitialized left-value. assert \initialized(&r->m_dist);
[eva:alarm] miniz_tinfl.c:200: Warning: 
  accessing uninitialized left-value. assert \initialized(&r->m_counter);
[eva:alarm] miniz_tinfl.c:201: Warning: 
  accessing uninitialized left-value. assert \initialized(&r->m_num_extra);
[eva:alarm] miniz_tinfl.c:202: Warning: 
  accessing uninitialized left-value.
  assert \initialized(&r->m_dist_from_out_buf_start);
[eva:alarm] miniz_tinfl.c:203: Warning: 
  accessing uninitialized left-value. assert \initialized(&r->m_state);
[eva] miniz_tinfl.c:227: starting to merge loop iterations
[eva] miniz_tinfl.c:232: starting to merge loop iterations
[eva:alarm] miniz_tinfl.c:234: Warning: 
  accessing uninitialized left-value. assert \initialized(&r->m_raw_header[0]);
[eva:alarm] miniz_tinfl.c:234: Warning: 
  accessing uninitialized left-value. assert \initialized(&r->m_raw_header[1]);
[eva:alarm] miniz_tinfl.c:234: Warning: 
  accessing uninitialized left-value. assert \initialized(&r->m_raw_header[2]);
[eva:alarm] miniz_tinfl.c:234: Warning: 
  accessing uninitialized left-value. assert \initialized(&r->m_raw_header[3]);
[eva:alarm] miniz_tinfl.c:260: Warning: 
  function memcpy: precondition 'valid_dest' got status unknown.
[eva:alarm] miniz_tinfl.c:260: Warning: 
  function memcpy: precondition 'valid_src' got status unknown.
[eva] miniz_tinfl.c:248: starting to merge loop iterations
[eva] miniz_tinfl.c:251: starting to merge loop iterations
[eva:alarm] miniz_tinfl.c:251: Warning: 
  pointer comparison.
  assert \pointer_comparable((void *)pOut_buf_cur, (void *)pOut_buf_end);
[eva] miniz_tinfl.c:255: starting to merge loop iterations
[eva:alarm] miniz_tinfl.c:255: Warning: 
  pointer comparison.
  assert \pointer_comparable((void *)pIn_buf_cur, (void *)pIn_buf_end);
[eva] miniz_tinfl.c:220: starting to merge loop iterations
[eva] miniz_tinfl.c:222: starting to merge loop iterations
[eva] miniz_tinfl.c:222: starting to merge loop iterations
[eva:alarm] miniz_tinfl.c:222: Warning: 
  pointer comparison.
  assert \pointer_comparable((void *)pIn_buf_cur, (void *)pIn_buf_end);
[eva] miniz_tinfl.c:238: starting to merge loop iterations
[eva] miniz_tinfl.c:279: starting to merge loop iterations
[eva:alarm] miniz_tinfl.c:280: Warning: 
  out of bounds write. assert \valid(tmp_16);
                       (tmp_16 from p++)
[eva:alarm] miniz_tinfl.c:282: Warning: 
  out of bounds write. assert \valid(tmp_17);
                       (tmp_17 from p++)
[eva] miniz_tinfl.c:281: starting to merge loop iterations
[eva:alarm] miniz_tinfl.c:284: Warning: 
  out of bounds write. assert \valid(tmp_18);
                       (tmp_18 from p++)
[eva] miniz_tinfl.c:283: starting to merge loop iterations
[eva:alarm] miniz_tinfl.c:286: Warning: 
  out of bounds write. assert \valid(tmp_19);
                       (tmp_19 from p++)
[eva] miniz_tinfl.c:285: starting to merge loop iterations
[eva] miniz_tinfl.c:290: starting to merge loop iterations
[eva:alarm] miniz_tinfl.c:293: Warning: 
  accessing uninitialized left-value.
  assert \initialized(&r->m_table_sizes[counter]);
[eva] miniz_tinfl.c:292: starting to merge loop iterations
[eva] miniz_tinfl.c:292: starting to merge loop iterations
[eva:alarm] miniz_tinfl.c:296: Warning: 
  accessing uninitialized left-value.
  assert \initialized(&r->m_table_sizes[2]);
[eva] miniz_tinfl.c:296: starting to merge loop iterations
[eva] miniz_tinfl.c:299: starting to merge loop iterations
[eva] miniz_tinfl.c:299: starting to merge loop iterations
[eva:alarm] miniz_tinfl.c:300: Warning: 
  accessing out of bounds index. assert counter < 19;
[eva:alarm] miniz_tinfl.c:313: Warning: 
  accessing uninitialized left-value.
  assert \initialized(&r->m_table_sizes[r->m_type]);
[eva:alarm] miniz_tinfl.c:314: Warning: 
  accessing uninitialized left-value.
  assert \initialized(&pTable->m_code_size[i_0]);
[eva] miniz_tinfl.c:313: starting to merge loop iterations
[eva:alarm] miniz_tinfl.c:314: Warning: 
  accessing out of bounds index. assert i_0 < TINFL_MAX_HUFF_SYMBOLS_0;
[eva] miniz_tinfl.c:317: starting to merge loop iterations
[eva:alarm] miniz_tinfl.c:326: Warning: 
  accessing uninitialized left-value.
  assert \initialized(&r->m_table_sizes[r->m_type]);
[eva:alarm] miniz_tinfl.c:328: Warning: 
  accessing uninitialized left-value.
  assert \initialized(&pTable->m_code_size[sym_index]);
[eva:alarm] miniz_tinfl.c:331: Warning: 
  accessing uninitialized left-value.
  assert \initialized(&next_code[code_size]);
[eva:alarm] miniz_tinfl.c:331: Warning: 
  accessing uninitialized left-value.
  assert \initialized(&next_code[code_size]);
[eva] miniz_tinfl.c:332: starting to merge loop iterations
[eva] miniz_tinfl.c:337: starting to merge loop iterations
[eva] miniz_tinfl.c:326: starting to merge loop iterations
[eva:alarm] miniz_tinfl.c:331: Warning: 
  accessing out of bounds index. assert code_size < 17;
[eva:alarm] miniz_tinfl.c:344: Warning: 
  accessing uninitialized left-value.
  assert
  \initialized(&pTable->m_look_up[(unsigned int)(rev_code &
                                                 (unsigned int)((int)(TINFL_FAST_LOOKUP_SIZE
                                                                      - 1)))]);
[eva:alarm] miniz_tinfl.c:354: Warning: 
  signed overflow. assert -tree_cur ≤ 2147483647;
[eva:alarm] miniz_tinfl.c:354: Warning: 
  accessing out of bounds index. assert 0 ≤ (int)((int)(-tree_cur) - 1);
[eva:alarm] miniz_tinfl.c:354: Warning: 
  accessing out of bounds index.
  assert (int)((int)(-tree_cur) - 1) < (int)(TINFL_MAX_HUFF_SYMBOLS_0 * 2);
[eva:alarm] miniz_tinfl.c:354: Warning: 
  accessing uninitialized left-value.
  assert \initialized(&pTable->m_tree[(int)((int)(-tree_cur) - 1)]);
[eva:alarm] miniz_tinfl.c:361: Warning: 
  accessing uninitialized left-value.
  assert \initialized(&pTable->m_tree[(int)((int)(-tree_cur) - 1)]);
[eva] miniz_tinfl.c:351: starting to merge loop iterations
[eva:alarm] miniz_tinfl.c:358: Warning: 
  signed overflow. assert -2147483648 ≤ tree_next - 2;
[eva:alarm] miniz_tinfl.c:364: Warning: 
  signed overflow. assert -tree_cur ≤ 2147483647;
[eva:alarm] miniz_tinfl.c:364: Warning: 
  accessing out of bounds index. assert 0 ≤ (int)((int)(-tree_cur) - 1);
[eva:alarm] miniz_tinfl.c:364: Warning: 
  accessing out of bounds index.
  assert (int)((int)(-tree_cur) - 1) < (int)(TINFL_MAX_HUFF_SYMBOLS_0 * 2);
[eva:alarm] miniz_tinfl.c:348: Warning: 
  signed overflow. assert -2147483648 ≤ tree_next - 2;
[eva:alarm] miniz_tinfl.c:328: Warning: 
  accessing out of bounds index. assert sym_index < TINFL_MAX_HUFF_SYMBOLS_0;
[eva:alarm] miniz_tinfl.c:368: Warning: 
  accessing uninitialized left-value.
  assert \initialized(&r->m_table_sizes[0]);
[eva:alarm] miniz_tinfl.c:368: Warning: 
  accessing uninitialized left-value.
  assert \initialized(&r->m_table_sizes[1]);
[eva:alarm] miniz_tinfl.c:371: Warning: 
  accessing uninitialized left-value.
  assert
  \initialized(&r->m_tables[2].m_look_up[(unsigned long)(bit_buf &
                                                         (unsigned long)
                                                         ((int)(TINFL_FAST_LOOKUP_SIZE
                                                                - 1)))]);
[eva:alarm] miniz_tinfl.c:371: Warning: 
  accessing out of bounds index.
  assert
  (unsigned long)((unsigned long)((int)(~temp)) +
                  (unsigned long)((tinfl_bit_buf_t)(bit_buf >> tmp_23) & 1))
  < (int)(TINFL_MAX_HUFF_SYMBOLS_0 * 2);
  (tmp_23 from code_len++)
[eva:alarm] miniz_tinfl.c:371: Warning: 
  accessing uninitialized left-value.
  assert
  \initialized(&r->m_tables[2].m_tree[(unsigned long)((unsigned long)((int)
                                                                      (~temp))
                                                      +
                                                      (unsigned long)((tinfl_bit_buf_t)
                                                                      (bit_buf
                                                                      >> tmp_23)
                                                                      & 1))]);
  (tmp_23 from code_len++)
[eva] miniz_tinfl.c:371: starting to merge loop iterations
[eva:alarm] miniz_tinfl.c:371: Warning: 
  invalid RHS operand for shift.
  assert 0 ≤ tmp_23 < 64;
  (tmp_23 from code_len++)
[eva] miniz_tinfl.c:371: starting to merge loop iterations
[eva] miniz_tinfl.c:371: starting to merge loop iterations
[eva:alarm] miniz_tinfl.c:371: Warning: 
  accessing uninitialized left-value.
  assert
  \initialized(&r->m_tables[2].m_look_up[(unsigned long)(bit_buf &
                                                         (unsigned long)
                                                         ((int)(TINFL_FAST_LOOKUP_SIZE
                                                                - 1)))]);
[eva:alarm] miniz_tinfl.c:371: Warning: 
  accessing out of bounds index.
  assert
  (unsigned long)((unsigned long)((int)(~temp)) +
                  (unsigned long)((tinfl_bit_buf_t)(bit_buf >> tmp_25) & 1))
  < (int)(TINFL_MAX_HUFF_SYMBOLS_0 * 2);
  (tmp_25 from code_len++)
[eva:alarm] miniz_tinfl.c:371: Warning: 
  accessing uninitialized left-value.
  assert
  \initialized(&r->m_tables[2].m_tree[(unsigned long)((unsigned long)((int)
                                                                      (~temp))
                                                      +
                                                      (unsigned long)((tinfl_bit_buf_t)
                                                                      (bit_buf
                                                                      >> tmp_25)
                                                                      & 1))]);
  (tmp_25 from code_len++)
[eva] miniz_tinfl.c:371: starting to merge loop iterations
[eva:alarm] miniz_tinfl.c:371: Warning: 
  invalid RHS operand for shift.
  assert 0 ≤ tmp_25 < 64;
  (tmp_25 from code_len++)
[eva:alarm] miniz_tinfl.c:371: Warning: 
  invalid RHS operand for shift. assert 0 ≤ code_len < 64;
[eva:alarm] miniz_tinfl.c:381: Warning: 
  out of bounds read.
  assert \valid_read("\002\003\a" + (mz_uint32)(dist - 16));
[eva] miniz_tinfl.c:368: starting to merge loop iterations
[eva] miniz_tinfl.c:382: starting to merge loop iterations
[eva] miniz_tinfl.c:382: starting to merge loop iterations
[eva:alarm] miniz_tinfl.c:384: Warning: 
  accessing out of bounds index.
  assert
  (mz_uint32)(counter - 1) <
  (int)((int)(TINFL_MAX_HUFF_SYMBOLS_0 + TINFL_MAX_HUFF_SYMBOLS_1) + 137);
[eva:alarm] miniz_tinfl.c:384: Warning: 
  accessing uninitialized left-value.
  assert \initialized(&r->m_len_codes[(mz_uint32)(counter - 1)]);
[eva:alarm] miniz_tinfl.c:374: Warning: 
  accessing out of bounds index.
  assert
  tmp_26 <
  (int)((int)(TINFL_MAX_HUFF_SYMBOLS_0 + TINFL_MAX_HUFF_SYMBOLS_1) + 137);
  (tmp_26 from counter++)
[eva:alarm] miniz_tinfl.c:384: Warning: 
  function memset: precondition 'valid_s' got status unknown.
[eva:alarm] miniz_tinfl.c:391: Warning: 
  function memcpy: precondition 'valid_dest' got status unknown.
[eva:alarm] miniz_tinfl.c:391: Warning: 
  function memcpy: precondition 'valid_src' got status unknown.
[eva:alarm] miniz_tinfl.c:391: Warning: 
  function memcpy: precondition 'separation' got status unknown.
[eva:alarm] miniz_tinfl.c:392: Warning: 
  function memcpy: precondition 'valid_dest' got status unknown.
[eva:alarm] miniz_tinfl.c:392: Warning: 
  function memcpy: precondition 'valid_src' got status unknown.
[eva:alarm] miniz_tinfl.c:392: Warning: 
  function memcpy: precondition 'separation' got status unknown.
[eva] miniz_tinfl.c:304: starting to merge loop iterations
[eva:alarm] miniz_tinfl.c:314: Warning: 
  accessing out of bounds index. assert pTable->m_code_size[i_0] < 16;
[eva:alarm] miniz_tinfl.c:400: Warning: 
  signed overflow. assert -9223372036854775808 ≤ pOut_buf_end - pOut_buf_cur;
[eva:alarm] miniz_tinfl.c:402: Warning: 
  accessing uninitialized left-value.
  assert
  \initialized(&r->m_tables[0].m_look_up[(unsigned long)(bit_buf &
                                                         (unsigned long)
                                                         ((int)(TINFL_FAST_LOOKUP_SIZE
                                                                - 1)))]);
[eva:alarm] miniz_tinfl.c:402: Warning: 
  accessing out of bounds index.
  assert
  (unsigned long)((unsigned long)((int)(~temp_0)) +
                  (unsigned long)((tinfl_bit_buf_t)(bit_buf >> tmp_29) & 1))
  < (int)(TINFL_MAX_HUFF_SYMBOLS_0 * 2);
  (tmp_29 from code_len_0++)
[eva:alarm] miniz_tinfl.c:402: Warning: 
  accessing uninitialized left-value.
  assert
  \initialized(&r->m_tables[0].m_tree[(unsigned long)((unsigned long)((int)
                                                                      (~temp_0))
                                                      +
                                                      (unsigned long)((tinfl_bit_buf_t)
                                                                      (bit_buf
                                                                      >> tmp_29)
                                                                      & 1))]);
  (tmp_29 from code_len_0++)
[eva] miniz_tinfl.c:402: starting to merge loop iterations
[eva:alarm] miniz_tinfl.c:402: Warning: 
  invalid RHS operand for shift.
  assert 0 ≤ tmp_29 < 64;
  (tmp_29 from code_len_0++)
[eva] miniz_tinfl.c:402: starting to merge loop iterations
[eva] miniz_tinfl.c:402: starting to merge loop iterations
[eva:alarm] miniz_tinfl.c:402: Warning: 
  accessing uninitialized left-value.
  assert
  \initialized(&r->m_tables[0].m_look_up[(unsigned long)(bit_buf &
                                                         (unsigned long)
                                                         ((int)(TINFL_FAST_LOOKUP_SIZE
                                                                - 1)))]);
[eva:alarm] miniz_tinfl.c:402: Warning: 
  accessing out of bounds index.
  assert
  (unsigned long)((unsigned long)((int)(~temp_0)) +
                  (unsigned long)((tinfl_bit_buf_t)(bit_buf >> tmp_31) & 1))
  < (int)(TINFL_MAX_HUFF_SYMBOLS_0 * 2);
  (tmp_31 from code_len_0++)
[eva:alarm] miniz_tinfl.c:402: Warning: 
  accessing uninitialized left-value.
  assert
  \initialized(&r->m_tables[0].m_tree[(unsigned long)((unsigned long)((int)
                                                                      (~temp_0))
                                                      +
                                                      (unsigned long)((tinfl_bit_buf_t)
                                                                      (bit_buf
                                                                      >> tmp_31)
                                                                      & 1))]);
  (tmp_31 from code_len_0++)
[eva] miniz_tinfl.c:402: starting to merge loop iterations
[eva:alarm] miniz_tinfl.c:402: Warning: 
  invalid RHS operand for shift.
  assert 0 ≤ tmp_31 < 64;
  (tmp_31 from code_len_0++)
[eva:alarm] miniz_tinfl.c:402: Warning: 
  invalid RHS operand for shift. assert 0 ≤ code_len_0 < 64;
[eva:alarm] miniz_tinfl.c:405: Warning: 
  pointer comparison.
  assert \pointer_comparable((void *)pOut_buf_cur, (void *)pOut_buf_end);
[eva:alarm] miniz_tinfl.c:430: Warning: 
  accessing uninitialized left-value.
  assert
  \initialized(&r->m_tables[0].m_look_up[(unsigned long)(bit_buf &
                                                         (unsigned long)
                                                         ((int)(TINFL_FAST_LOOKUP_SIZE
                                                                - 1)))]);
[eva:alarm] miniz_tinfl.c:437: Warning: 
  accessing out of bounds index.
  assert
  (unsigned long)((unsigned long)((int)(~sym2)) +
                  (unsigned long)((tinfl_bit_buf_t)(bit_buf >> tmp_33) & 1))
  < (int)(TINFL_MAX_HUFF_SYMBOLS_0 * 2);
  (tmp_33 from code_len_1++)
[eva:alarm] miniz_tinfl.c:437: Warning: 
  accessing uninitialized left-value.
  assert
  \initialized(&r->m_tables[0].m_tree[(unsigned long)((unsigned long)((int)
                                                                      (~sym2))
                                                      +
                                                      (unsigned long)((tinfl_bit_buf_t)
                                                                      (bit_buf
                                                                      >> tmp_33)
                                                                      & 1))]);
  (tmp_33 from code_len_1++)
[eva] miniz_tinfl.c:435: starting to merge loop iterations
[eva:alarm] miniz_tinfl.c:437: Warning: 
  invalid RHS operand for shift.
  assert 0 ≤ tmp_33 < 64;
  (tmp_33 from code_len_1++)
[eva:alarm] miniz_tinfl.c:441: Warning: 
  invalid RHS operand for shift. assert 0 ≤ code_len_1 < 64;
[eva:alarm] miniz_tinfl.c:454: Warning: 
  accessing uninitialized left-value.
  assert
  \initialized(&r->m_tables[0].m_look_up[(unsigned long)(bit_buf &
                                                         (unsigned long)
                                                         ((int)(TINFL_FAST_LOOKUP_SIZE
                                                                - 1)))]);
[eva:alarm] miniz_tinfl.c:461: Warning: 
  accessing out of bounds index.
  assert
  (unsigned long)((unsigned long)((int)(~sym2)) +
                  (unsigned long)((tinfl_bit_buf_t)(bit_buf >> tmp_34) & 1))
  < (int)(TINFL_MAX_HUFF_SYMBOLS_0 * 2);
  (tmp_34 from code_len_1++)
[eva:alarm] miniz_tinfl.c:461: Warning: 
  accessing uninitialized left-value.
  assert
  \initialized(&r->m_tables[0].m_tree[(unsigned long)((unsigned long)((int)
                                                                      (~sym2))
                                                      +
                                                      (unsigned long)((tinfl_bit_buf_t)
                                                                      (bit_buf
                                                                      >> tmp_34)
                                                                      & 1))]);
  (tmp_34 from code_len_1++)
[eva] miniz_tinfl.c:459: starting to merge loop iterations
[eva:alarm] miniz_tinfl.c:461: Warning: 
  invalid RHS operand for shift.
  assert 0 ≤ tmp_34 < 64;
  (tmp_34 from code_len_1++)
[eva:alarm] miniz_tinfl.c:464: Warning: 
  invalid RHS operand for shift. assert 0 ≤ code_len_1 < 64;
[eva] miniz_tinfl.c:398: starting to merge loop iterations
[eva] miniz_tinfl.c:405: starting to merge loop iterations
[eva:alarm] miniz_tinfl.c:230: Warning: 
  pointer comparison.
  assert \pointer_comparable((void *)pIn_buf_cur, (void *)pIn_buf_end);
[eva:alarm] miniz_tinfl.c:232: Warning: 
  pointer comparison.
  assert \pointer_comparable((void *)pIn_buf_cur, (void *)pIn_buf_end);
[eva:alarm] miniz_tinfl.c:240: Warning: 
  pointer comparison.
  assert \pointer_comparable((void *)pIn_buf_cur, (void *)pIn_buf_end);
[eva:alarm] miniz_tinfl.c:241: Warning: 
  pointer comparison.
  assert \pointer_comparable((void *)pOut_buf_cur, (void *)pOut_buf_end);
[eva] miniz_tinfl.c:240: starting to merge loop iterations
[eva] miniz_tinfl.c:240: starting to merge loop iterations
[eva] miniz_tinfl.c:230: starting to merge loop iterations
[eva] miniz_tinfl.c:230: starting to merge loop iterations
[eva:alarm] miniz_tinfl.c:292: Warning: 
  pointer comparison.
  assert \pointer_comparable((void *)pIn_buf_cur, (void *)pIn_buf_end);
[eva:alarm] miniz_tinfl.c:299: Warning: 
  pointer comparison.
  assert \pointer_comparable((void *)pIn_buf_cur, (void *)pIn_buf_end);
[eva:alarm] miniz_tinfl.c:371: Warning: 
  signed overflow. assert -9223372036854775808 ≤ pIn_buf_end - pIn_buf_cur;
[eva:alarm] miniz_tinfl.c:371: Warning: 
  pointer comparison.
  assert \pointer_comparable((void *)pIn_buf_cur, (void *)pIn_buf_end);
[eva:alarm] miniz_tinfl.c:382: Warning: 
  pointer comparison.
  assert \pointer_comparable((void *)pIn_buf_cur, (void *)pIn_buf_end);
[eva] miniz_tinfl.c:395: starting to merge loop iterations
[eva:alarm] miniz_tinfl.c:400: Warning: 
  signed overflow. assert -9223372036854775808 ≤ pIn_buf_end - pIn_buf_cur;
[eva:alarm] miniz_tinfl.c:402: Warning: 
  signed overflow. assert -9223372036854775808 ≤ pIn_buf_end - pIn_buf_cur;
[eva:alarm] miniz_tinfl.c:402: Warning: 
  pointer comparison.
  assert \pointer_comparable((void *)pIn_buf_cur, (void *)pIn_buf_end);
[eva:alarm] miniz_tinfl.c:481: Warning: 
  accessing out of bounds index. assert (mz_uint32)(counter - 257) < 31;
[eva:alarm] miniz_tinfl.c:486: Warning: 
  pointer comparison.
  assert \pointer_comparable((void *)pIn_buf_cur, (void *)pIn_buf_end);
[eva:alarm] miniz_tinfl.c:490: Warning: 
  signed overflow. assert -9223372036854775808 ≤ pIn_buf_end - pIn_buf_cur;
[eva:alarm] miniz_tinfl.c:490: Warning: 
  accessing uninitialized left-value.
  assert
  \initialized(&r->m_tables[1].m_look_up[(unsigned long)(bit_buf &
                                                         (unsigned long)
                                                         ((int)(TINFL_FAST_LOOKUP_SIZE
                                                                - 1)))]);
[eva:alarm] miniz_tinfl.c:490: Warning: 
  accessing out of bounds index.
  assert
  (unsigned long)((unsigned long)((int)(~temp_1)) +
                  (unsigned long)((tinfl_bit_buf_t)(bit_buf >> tmp_36) & 1))
  < (int)(TINFL_MAX_HUFF_SYMBOLS_0 * 2);
  (tmp_36 from code_len_2++)
[eva:alarm] miniz_tinfl.c:490: Warning: 
  accessing uninitialized left-value.
  assert
  \initialized(&r->m_tables[1].m_tree[(unsigned long)((unsigned long)((int)
                                                                      (~temp_1))
                                                      +
                                                      (unsigned long)((tinfl_bit_buf_t)
                                                                      (bit_buf
                                                                      >> tmp_36)
                                                                      & 1))]);
  (tmp_36 from code_len_2++)
[eva] miniz_tinfl.c:490: starting to merge loop iterations
[eva:alarm] miniz_tinfl.c:490: Warning: 
  invalid RHS operand for shift.
  assert 0 ≤ tmp_36 < 64;
  (tmp_36 from code_len_2++)
[eva:alarm] miniz_tinfl.c:490: Warning: 
  pointer comparison.
  assert \pointer_comparable((void *)pIn_buf_cur, (void *)pIn_buf_end);
[eva] miniz_tinfl.c:490: starting to merge loop iterations
[eva] miniz_tinfl.c:490: starting to merge loop iterations
[eva:alarm] miniz_tinfl.c:490: Warning: 
  accessing uninitialized left-value.
  assert
  \initialized(&r->m_tables[1].m_look_up[(unsigned long)(bit_buf &
                                                         (unsigned long)
                                                         ((int)(TINFL_FAST_LOOKUP_SIZE
                                                                - 1)))]);
[eva:alarm] miniz_tinfl.c:490: Warning: 
  accessing out of bounds index.
  assert
  (unsigned long)((unsigned long)((int)(~temp_1)) +
                  (unsigned long)((tinfl_bit_buf_t)(bit_buf >> tmp_38) & 1))
  < (int)(TINFL_MAX_HUFF_SYMBOLS_0 * 2);
  (tmp_38 from code_len_2++)
[eva:alarm] miniz_tinfl.c:490: Warning: 
  accessing uninitialized left-value.
  assert
  \initialized(&r->m_tables[1].m_tree[(unsigned long)((unsigned long)((int)
                                                                      (~temp_1))
                                                      +
                                                      (unsigned long)((tinfl_bit_buf_t)
                                                                      (bit_buf
                                                                      >> tmp_38)
                                                                      & 1))]);
  (tmp_38 from code_len_2++)
[eva] miniz_tinfl.c:490: starting to merge loop iterations
[eva:alarm] miniz_tinfl.c:490: Warning: 
  invalid RHS operand for shift.
  assert 0 ≤ tmp_38 < 64;
  (tmp_38 from code_len_2++)
[eva:alarm] miniz_tinfl.c:490: Warning: 
  invalid RHS operand for shift. assert 0 ≤ code_len_2 < 64;
[eva:alarm] miniz_tinfl.c:491: Warning: 
  accessing out of bounds index. assert dist < 32;
[eva:alarm] miniz_tinfl.c:496: Warning: 
  pointer comparison.
  assert \pointer_comparable((void *)pIn_buf_cur, (void *)pIn_buf_end);
[eva:alarm] miniz_tinfl.c:500: Warning: 
  signed overflow.
  assert pOut_buf_cur - pOut_buf_start ≤ 9223372036854775807;
[eva:alarm] miniz_tinfl.c:508: Warning: 
  pointer comparison.
  assert \pointer_comparable((void *)pOut_buf_cur, (void *)pSrc);
[eva:alarm] miniz_tinfl.c:508: Warning: 
  pointer comparison.
  assert \pointer_comparable((void *)(tmp_43 + counter), (void *)pOut_buf_end);
  (tmp_43 from ((pOut_buf_cur) > (pSrc))?pOut_buf_cur:pSrc)
[eva:alarm] miniz_tinfl.c:527: Warning: 
  function memcpy: precondition 'valid_dest' got status unknown.
[eva:alarm] miniz_tinfl.c:527: Warning: 
  function memcpy: precondition 'valid_src' got status unknown.
[eva:alarm] miniz_tinfl.c:527: Warning: 
  function memcpy: precondition 'separation' got status unknown.
[eva:alarm] miniz_tinfl.c:533: Warning: 
  pointer comparison.
  assert \pointer_comparable((void *)pSrc, (void *)pSrc_end);
[eva] miniz_tinfl.c:524: starting to merge loop iterations
[eva:alarm] miniz_tinfl.c:538: Warning: 
  out of bounds write. assert \valid(pOut_buf_cur + 0);
[eva:alarm] miniz_tinfl.c:538: Warning: 
  accessing uninitialized left-value. assert \initialized(pSrc + 0);
[eva:alarm] miniz_tinfl.c:538: Warning: 
  out of bounds read. assert \valid_read(pSrc + 0);
[eva:alarm] miniz_tinfl.c:540: Warning: 
  out of bounds write. assert \valid(pOut_buf_cur + 1);
[eva:alarm] miniz_tinfl.c:540: Warning: 
  accessing uninitialized left-value. assert \initialized(pSrc + 1);
[eva:alarm] miniz_tinfl.c:540: Warning: 
  out of bounds read. assert \valid_read(pSrc + 1);
[eva:alarm] miniz_tinfl.c:549: Warning: 
  out of bounds write. assert \valid(pOut_buf_cur + 0);
[eva:alarm] miniz_tinfl.c:549: Warning: 
  accessing uninitialized left-value. assert \initialized(pSrc + 0);
[eva:alarm] miniz_tinfl.c:549: Warning: 
  out of bounds read. assert \valid_read(pSrc + 0);
[eva:alarm] miniz_tinfl.c:550: Warning: 
  out of bounds write. assert \valid(pOut_buf_cur + 1);
[eva:alarm] miniz_tinfl.c:550: Warning: 
  accessing uninitialized left-value. assert \initialized(pSrc + 1);
[eva:alarm] miniz_tinfl.c:550: Warning: 
  out of bounds read. assert \valid_read(pSrc + 1);
[eva:alarm] miniz_tinfl.c:551: Warning: 
  out of bounds write. assert \valid(pOut_buf_cur + 2);
[eva:alarm] miniz_tinfl.c:551: Warning: 
  accessing uninitialized left-value. assert \initialized(pSrc + 2);
[eva:alarm] miniz_tinfl.c:551: Warning: 
  out of bounds read. assert \valid_read(pSrc + 2);
[eva:alarm] miniz_tinfl.c:558: Warning: 
  out of bounds write. assert \valid(pOut_buf_cur + 0);
[eva:alarm] miniz_tinfl.c:558: Warning: 
  accessing uninitialized left-value. assert \initialized(pSrc + 0);
[eva:alarm] miniz_tinfl.c:558: Warning: 
  out of bounds read. assert \valid_read(pSrc + 0);
[eva:alarm] miniz_tinfl.c:560: Warning: 
  out of bounds write. assert \valid(pOut_buf_cur + 1);
[eva:alarm] miniz_tinfl.c:560: Warning: 
  accessing uninitialized left-value. assert \initialized(pSrc + 1);
[eva:alarm] miniz_tinfl.c:560: Warning: 
  out of bounds read. assert \valid_read(pSrc + 1);
[eva] miniz_tinfl.c:241: starting to merge loop iterations
[eva] miniz_tinfl.c:486: starting to merge loop iterations
[eva] miniz_tinfl.c:486: starting to merge loop iterations
[eva] miniz_tinfl.c:496: starting to merge loop iterations
[eva] miniz_tinfl.c:496: starting to merge loop iterations
[eva:alarm] miniz_tinfl.c:512: Warning: 
  pointer comparison.
  assert \pointer_comparable((void *)pOut_buf_cur, (void *)pOut_buf_end);
[eva:alarm] miniz_tinfl.c:516: Warning: 
  accessing uninitialized left-value.
  assert
  \initialized(pOut_buf_start +
               (unsigned long)((size_t)(tmp_41 - (size_t)dist) &
                               out_buf_size_mask));
  (tmp_41 from dist_from_out_buf_start++)
[eva] miniz_tinfl.c:510: starting to merge loop iterations
[eva] miniz_tinfl.c:512: starting to merge loop iterations
[eva:alarm] miniz_tinfl.c:570: Warning: 
  pointer comparison.
  assert \pointer_comparable((void *)pIn_buf_cur, (void *)pIn_buf_next);
[eva] miniz_tinfl.c:570: starting to merge loop iterations
[eva:alarm] miniz_tinfl.c:575: Warning: 
  invalid RHS operand for shift. assert 0 ≤ num_bits < 64;
[eva:alarm] miniz_tinfl.c:576: Warning: 
  function __FC_assert: precondition 'nonnull_c' got status unknown.
[eva:alarm] miniz_tinfl.c:586: Warning: 
  pointer comparison.
  assert \pointer_comparable((void *)pIn_buf_cur, (void *)pIn_buf_end);
[eva] miniz_tinfl.c:580: starting to merge loop iterations
[eva] miniz_tinfl.c:586: starting to merge loop iterations
[eva:alarm] miniz_tinfl.c:600: Warning: 
  pointer comparison.
  assert \pointer_comparable((void *)pIn_buf_cur, (void *)pIn_buf_next);
[eva:alarm] miniz_tinfl.c:607: Warning: 
  invalid RHS operand for shift. assert 0 ≤ num_bits < 64;
[eva:alarm] miniz_tinfl.c:612: Warning: 
  signed overflow. assert pIn_buf_cur - pIn_buf_next ≤ 9223372036854775807;
[eva:alarm] miniz_tinfl.c:613: Warning: 
  signed overflow. assert pOut_buf_cur - pOut_buf_next ≤ 9223372036854775807;
[eva:alarm] miniz_tinfl.c:624: Warning: 
  accessing uninitialized left-value. assert \initialized(ptr + 0);
[eva:alarm] miniz_tinfl.c:625: Warning: 
  accessing uninitialized left-value. assert \initialized(ptr + 1);
[eva:alarm] miniz_tinfl.c:626: Warning: 
  accessing uninitialized left-value. assert \initialized(ptr + 2);
[eva:alarm] miniz_tinfl.c:627: Warning: 
  accessing uninitialized left-value. assert \initialized(ptr + 3);
[eva:alarm] miniz_tinfl.c:628: Warning: 
  accessing uninitialized left-value. assert \initialized(ptr + 4);
[eva:alarm] miniz_tinfl.c:629: Warning: 
  accessing uninitialized left-value. assert \initialized(ptr + 5);
[eva:alarm] miniz_tinfl.c:630: Warning: 
  accessing uninitialized left-value. assert \initialized(ptr + 6);
[eva:alarm] miniz_tinfl.c:631: Warning: 
  accessing uninitialized left-value. assert \initialized(ptr + 7);
[eva] miniz_tinfl.c:622: starting to merge loop iterations
[eva:alarm] miniz_tinfl.c:628: Warning: 
  out of bounds read. assert \valid_read(ptr + 4);
[eva:alarm] miniz_tinfl.c:634: Warning: 
  accessing uninitialized left-value.
  assert \initialized(tmp_47);
  (tmp_47 from ptr++)
[eva] miniz_tinfl.c:633: starting to merge loop iterations
[eva:alarm] miniz_tinfl.c:634: Warning: 
  out of bounds read. assert \valid_read(tmp_47);
                      (tmp_47 from ptr++)
[eva] miniz_tinfl.c:620: starting to merge loop iterations
[eva:alarm] miniz_tinfl.c:624: Warning: 
  out of bounds read. assert \valid_read(ptr + 0);
[eva:alarm] miniz_tinfl.c:625: Warning: 
  out of bounds read. assert \valid_read(ptr + 1);
[eva:alarm] miniz_tinfl.c:626: Warning: 
  out of bounds read. assert \valid_read(ptr + 2);
[eva:alarm] miniz_tinfl.c:627: Warning: 
  out of bounds read. assert \valid_read(ptr + 3);
[eva:alarm] miniz_tinfl.c:629: Warning: 
  out of bounds read. assert \valid_read(ptr + 5);
[eva:alarm] miniz_tinfl.c:630: Warning: 
  out of bounds read. assert \valid_read(ptr + 6);
[eva:alarm] miniz_tinfl.c:631: Warning: 
  out of bounds read. assert \valid_read(ptr + 7);
[eva:alarm] miniz.c:517: Warning: 
  accessing uninitialized left-value. assert \initialized(&pState->m_dict_ofs);
[eva:alarm] miniz.c:517: Warning: 
  function memcpy: precondition 'valid_src' got status unknown.
[eva] miniz.c:501: starting to merge loop iterations
[eva:alarm] miniz_tinfl.c:209: Warning: 
  pointer comparison.
  assert \pointer_comparable((void *)pIn_buf_cur, (void *)pIn_buf_end);
[eva:alarm] miniz_tinfl.c:209: Warning: 
  out of bounds read. assert \valid_read(tmp_4);
                      (tmp_4 from pIn_buf_cur++)
[eva:alarm] miniz_tinfl.c:210: Warning: 
  pointer comparison.
  assert \pointer_comparable((void *)pIn_buf_cur, (void *)pIn_buf_end);
[eva:alarm] miniz_tinfl.c:210: Warning: 
  out of bounds read. assert \valid_read(tmp_5);
                      (tmp_5 from pIn_buf_cur++)
[eva:alarm] miniz_tinfl.c:211: Warning: 
  accessing uninitialized left-value. assert \initialized(&r->m_zhdr0);
[eva:alarm] miniz_tinfl.c:516: Warning: 
  out of bounds read.
  assert
  \valid_read(pOut_buf_start +
              (unsigned long)((size_t)(tmp_41 - (size_t)dist) &
                              out_buf_size_mask));
  (tmp_41 from dist_from_out_buf_start++)
[eva:alarm] miniz_tinfl.c:402: Warning: 
  out of bounds read. assert \valid_read(tmp_30);
                      (tmp_30 from pIn_buf_cur++)
[eva:alarm] miniz_tinfl.c:402: Warning: 
  invalid RHS operand for shift. assert 0 ≤ num_bits < 64;
[eva:alarm] miniz_tinfl.c:402: Warning: 
  out of bounds read. assert \valid_read(pIn_buf_cur + 0);
[eva:alarm] miniz_tinfl.c:402: Warning: 
  out of bounds read. assert \valid_read(pIn_buf_cur + 1);
[eva:alarm] miniz_tinfl.c:418: Warning: 
  out of bounds read. assert \valid_read((mz_uint32 const *)pIn_buf_cur);
[eva:alarm] miniz_tinfl.c:409: Warning: 
  out of bounds write. assert \valid(tmp_32);
                       (tmp_32 from pOut_buf_cur++)
[eva:alarm] miniz_tinfl.c:467: Warning: 
  out of bounds write. assert \valid(pOut_buf_cur + 0);
[eva:alarm] miniz_tinfl.c:474: Warning: 
  out of bounds write. assert \valid(pOut_buf_cur + 1);
[eva:alarm] miniz_tinfl.c:565: Warning: 
  accessing uninitialized left-value. assert \initialized(&r->m_final);
[eva:alarm] miniz_tinfl.c:222: Warning: 
  out of bounds read. assert \valid_read(tmp_8);
                      (tmp_8 from pIn_buf_cur++)
[eva:alarm] miniz_tinfl.c:222: Warning: 
  invalid RHS operand for shift. assert 0 ≤ num_bits < 64;
[eva:alarm] miniz_tinfl.c:226: Warning: 
  pointer comparison.
  assert \pointer_comparable((void *)pIn_buf_cur, (void *)pIn_buf_end);
[eva:alarm] miniz_tinfl.c:226: Warning: 
  out of bounds read. assert \valid_read(tmp_9);
                      (tmp_9 from pIn_buf_cur++)
[eva:alarm] miniz_tinfl.c:226: Warning: 
  invalid RHS operand for shift. assert 0 ≤ num_bits < 64;
[eva:alarm] miniz_tinfl.c:230: Warning: 
  out of bounds read. assert \valid_read(tmp_10);
                      (tmp_10 from pIn_buf_cur++)
[eva:alarm] miniz_tinfl.c:230: Warning: 
  invalid RHS operand for shift. assert 0 ≤ num_bits < 64;
[eva:alarm] miniz_tinfl.c:230: Warning: 
  accessing out of bounds index. assert counter < 4;
[eva:alarm] miniz_tinfl.c:232: Warning: 
  accessing out of bounds index. assert counter < 4;
[eva:alarm] miniz_tinfl.c:232: Warning: 
  out of bounds read. assert \valid_read(tmp_11);
                      (tmp_11 from pIn_buf_cur++)
[eva:alarm] miniz_tinfl.c:240: Warning: 
  out of bounds read. assert \valid_read(tmp_12);
                      (tmp_12 from pIn_buf_cur++)
[eva:alarm] miniz_tinfl.c:240: Warning: 
  invalid RHS operand for shift. assert 0 ≤ num_bits < 64;
[eva:alarm] miniz_tinfl.c:245: Warning: 
  out of bounds write. assert \valid(tmp_13);
                       (tmp_13 from pOut_buf_cur++)
[eva:alarm] miniz_tinfl.c:292: Warning: 
  out of bounds read. assert \valid_read(tmp_20);
                      (tmp_20 from pIn_buf_cur++)
[eva:alarm] miniz_tinfl.c:292: Warning: 
  invalid RHS operand for shift. assert 0 ≤ num_bits < 64;
[eva:alarm] miniz_tinfl.c:292: Warning: 
  out of bounds read. assert \valid_read("\005\005\004" + counter);
[eva:alarm] miniz_tinfl.c:292: Warning: 
  accessing out of bounds index. assert counter < TINFL_MAX_HUFF_TABLES;
[eva:alarm] miniz_tinfl.c:299: Warning: 
  out of bounds read. assert \valid_read(tmp_21);
                      (tmp_21 from pIn_buf_cur++)
[eva:alarm] miniz_tinfl.c:299: Warning: 
  invalid RHS operand for shift. assert 0 ≤ num_bits < 64;
[eva:alarm] miniz_tinfl.c:304: Warning: 
  accessing uninitialized left-value. assert \initialized(&r->m_type);
[eva:alarm] miniz_tinfl.c:313: Warning: 
  accessing out of bounds index. assert r->m_type < TINFL_MAX_HUFF_TABLES;
[eva:alarm] miniz_tinfl.c:371: Warning: 
  out of bounds read. assert \valid_read(tmp_24);
                      (tmp_24 from pIn_buf_cur++)
[eva:alarm] miniz_tinfl.c:371: Warning: 
  invalid RHS operand for shift. assert 0 ≤ num_bits < 64;
[eva:alarm] miniz_tinfl.c:371: Warning: 
  out of bounds read. assert \valid_read(pIn_buf_cur + 0);
[eva:alarm] miniz_tinfl.c:371: Warning: 
  out of bounds read. assert \valid_read(pIn_buf_cur + 1);
[eva:alarm] miniz_tinfl.c:382: Warning: 
  out of bounds read. assert \valid_read(tmp_27);
                      (tmp_27 from pIn_buf_cur++)
[eva:alarm] miniz_tinfl.c:382: Warning: 
  invalid RHS operand for shift. assert 0 ≤ num_bits < 64;
[eva:alarm] miniz_tinfl.c:383: Warning: 
  out of bounds read.
  assert \valid_read("\003\003\v" + (mz_uint32)(dist - 16));
[eva:alarm] miniz_tinfl.c:304: Warning: 
  accessing uninitialized left-value. assert \initialized(&r->m_type);
[eva:alarm] miniz_tinfl.c:486: Warning: 
  out of bounds read. assert \valid_read(tmp_35);
                      (tmp_35 from pIn_buf_cur++)
[eva:alarm] miniz_tinfl.c:486: Warning: 
  invalid RHS operand for shift. assert 0 ≤ num_bits < 64;
[eva:alarm] miniz_tinfl.c:490: Warning: 
  out of bounds read. assert \valid_read(tmp_37);
                      (tmp_37 from pIn_buf_cur++)
[eva:alarm] miniz_tinfl.c:490: Warning: 
  invalid RHS operand for shift. assert 0 ≤ num_bits < 64;
[eva:alarm] miniz_tinfl.c:490: Warning: 
  out of bounds read. assert \valid_read(pIn_buf_cur + 0);
[eva:alarm] miniz_tinfl.c:490: Warning: 
  out of bounds read. assert \valid_read(pIn_buf_cur + 1);
[eva:alarm] miniz_tinfl.c:496: Warning: 
  out of bounds read. assert \valid_read(tmp_39);
                      (tmp_39 from pIn_buf_cur++)
[eva:alarm] miniz_tinfl.c:496: Warning: 
  invalid RHS operand for shift. assert 0 ≤ num_bits < 64;
[eva:alarm] miniz_tinfl.c:516: Warning: 
  out of bounds write. assert \valid(tmp_40);
                       (tmp_40 from pOut_buf_cur++)
[eva:alarm] miniz_tinfl.c:569: Warning: 
  pointer comparison.
  assert \pointer_comparable((void *)pIn_buf_cur, (void *)pIn_buf_end);
[eva:alarm] miniz_tinfl.c:569: Warning: 
  out of bounds read. assert \valid_read(tmp_44);
                      (tmp_44 from pIn_buf_cur++)
[eva:alarm] miniz_tinfl.c:569: Warning: 
  invalid RHS operand for shift. assert 0 ≤ num_bits < 64;
[eva:alarm] miniz_tinfl.c:586: Warning: 
  out of bounds read. assert \valid_read(tmp_46);
                      (tmp_46 from pIn_buf_cur++)
[eva:alarm] miniz_tinfl.c:587: Warning: 
  accessing uninitialized left-value. assert \initialized(&r->m_z_adler32);
[eva:alarm] miniz_tinfl.c:584: Warning: 
  pointer comparison.
  assert \pointer_comparable((void *)pIn_buf_cur, (void *)pIn_buf_end);
[eva:alarm] miniz_tinfl.c:584: Warning: 
  out of bounds read. assert \valid_read(tmp_45);
                      (tmp_45 from pIn_buf_cur++)
[eva:alarm] miniz_tinfl.c:584: Warning: 
  invalid RHS operand for shift. assert 0 ≤ num_bits < 64;
[eva:alarm] miniz_tinfl.c:618: Warning: 
  accessing uninitialized left-value. assert \initialized(&r->m_check_adler32);
[eva:alarm] miniz_tinfl.c:640: Warning: 
  accessing uninitialized left-value. assert \initialized(&r->m_z_adler32);
[eva:alarm] miniz.c:512: Warning: 
  accessing uninitialized left-value.
  assert \initialized(&pState->m_decomp.m_check_adler32);
[eva:alarm] miniz.c:517: Warning: 
  function memcpy: precondition 'valid_dest' got status unknown.
[eva:alarm] miniz_tinfl.c:400: Warning: 
  signed overflow. assert pIn_buf_end - pIn_buf_cur ≤ 9223372036854775807;
[eva:alarm] miniz_tinfl.c:402: Warning: 
  signed overflow. assert pIn_buf_end - pIn_buf_cur ≤ 9223372036854775807;
[eva:alarm] miniz_tinfl.c:259: Warning: 
  signed overflow. assert -9223372036854775808 ≤ pIn_buf_end - pIn_buf_cur;
[eva:alarm] miniz_tinfl.c:259: Warning: 
  signed overflow. assert pIn_buf_end - pIn_buf_cur ≤ 9223372036854775807;
[eva:alarm] miniz_tinfl.c:259: Warning: 
  signed overflow. assert -9223372036854775808 ≤ pIn_buf_end - pIn_buf_cur;
[eva:alarm] miniz_tinfl.c:259: Warning: 
  signed overflow. assert pIn_buf_end - pIn_buf_cur ≤ 9223372036854775807;
[eva:alarm] miniz_tinfl.c:259: Warning: 
  signed overflow. assert -9223372036854775808 ≤ pIn_buf_end - pIn_buf_cur;
[eva:alarm] miniz_tinfl.c:259: Warning: 
  signed overflow. assert pIn_buf_end - pIn_buf_cur ≤ 9223372036854775807;
[eva:alarm] miniz_tinfl.c:259: Warning: 
  signed overflow. assert -9223372036854775808 ≤ pIn_buf_end - pIn_buf_cur;
[eva:alarm] miniz_tinfl.c:259: Warning: 
  signed overflow. assert pIn_buf_end - pIn_buf_cur ≤ 9223372036854775807;
[eva:alarm] miniz_tinfl.c:311: Warning: 
  function memset: precondition 'valid_s' got status unknown.
[eva:alarm] miniz_tinfl.c:312: Warning: 
  function memset: precondition 'valid_s' got status unknown.
[eva:alarm] miniz_tinfl.c:314: Warning: 
  out of bounds read. assert \valid_read(&pTable->m_code_size[i_0]);
[eva:alarm] miniz_tinfl.c:328: Warning: 
  out of bounds read. assert \valid_read(&pTable->m_code_size[sym_index]);
[eva:alarm] miniz_tinfl.c:339: Warning: 
  out of bounds write. assert \valid(&pTable->m_look_up[rev_code]);
[eva:alarm] miniz_tinfl.c:344: Warning: 
  out of bounds read.
  assert
  \valid_read(&pTable->m_look_up[(unsigned int)(rev_code &
                                                (unsigned int)((int)(TINFL_FAST_LOOKUP_SIZE
                                                                     - 1)))]);
[eva:alarm] miniz_tinfl.c:346: Warning: 
  out of bounds write.
  assert
  \valid(&pTable->m_look_up[(unsigned int)(rev_code &
                                           (unsigned int)((int)(TINFL_FAST_LOOKUP_SIZE
                                                                - 1)))]);
[eva:alarm] miniz_tinfl.c:354: Warning: 
  out of bounds read.
  assert \valid_read(&pTable->m_tree[(int)((int)(-tree_cur) - 1)]);
[eva:alarm] miniz_tinfl.c:364: Warning: 
  out of bounds write.
  assert \valid(&pTable->m_tree[(int)((int)(-tree_cur) - 1)]);
[eva:alarm] miniz_tinfl.c:371: Warning: 
  signed overflow. assert pIn_buf_end - pIn_buf_cur ≤ 9223372036854775807;
[eva:alarm] miniz_tinfl.c:490: Warning: 
  signed overflow. assert pIn_buf_end - pIn_buf_cur ≤ 9223372036854775807;
[eva:alarm] miniz_tinfl.c:612: Warning: 
  signed overflow. assert -9223372036854775808 ≤ pIn_buf_cur - pIn_buf_next;
[eva:alarm] examples/example3.c:228: Warning: 
  function fwrite: precondition 'valid_ptr_block' got status unknown.
[eva] examples/example3.c:202: starting to merge loop iterations
[eva:alarm] miniz.c:492: Warning: 
  accessing uninitialized left-value. assert \initialized(&pState->m_dict_ofs);
[eva:alarm] miniz.c:492: Warning: 
  function memcpy: precondition 'valid_dest' got status unknown.
[eva:alarm] miniz.c:492: Warning: 
  function memcpy: precondition 'valid_src' got status unknown.
[eva] using specification for function printf_va_24
[eva] using specification for function printf_va_25
[eva] using specification for function fclose
[eva] using specification for function printf_va_29
[eva] using specification for function printf_va_30
[eva] using specification for function printf_va_31
[eva] using specification for function printf_va_32
[eva] using specification for function printf_va_26
[eva] using specification for function printf_va_28
[eva] using specification for function printf_va_12
[eva] miniz_tinfl.c:292: 
  cannot evaluate ACSL term, unsupported ACSL construct: constant strings
[eva] miniz_tinfl.c:381: 
  cannot evaluate ACSL term, unsupported ACSL construct: constant strings
[eva] miniz_tinfl.c:383: 
  cannot evaluate ACSL term, unsupported ACSL construct: constant strings
[kernel] miniz_tdef.c:169: 
  more than 200(286) elements to enumerate. Approximating.
[kernel] miniz_tdef.c:158: 
  more than 200(286) elements to enumerate. Approximating.
[scope:rm_asserts] removing 19 assertion(s)
[eva] ====== VALUES COMPUTED ======
[eva:final-states] Values at end of function TDEFL_READ_UNALIGNED_WORD:
  ret ∈ [--..--] or UNINITIALIZED
[eva:final-states] Values at end of function TDEFL_READ_UNALIGNED_WORD2:
  ret ∈ [--..--] or UNINITIALIZED
[eva:final-states] Values at end of function TDEFL_READ_UNALIGNED_WORD32:
  ret ∈ [--..--] or UNINITIALIZED
[eva:final-states] Values at end of function miniz_def_alloc_func:
  __fc_heap_status ∈ [--..--]
[eva:final-states] Values at end of function miniz_def_free_func:
  stream.next_in ∈ {{ &s_inbuf + [0..--] }}
        .avail_in ∈ [--..--]
        .[bits 96 to 127] ∈ {0}
        .total_in ∈ [--..--]
        .next_out ∈ {{ &s_outbuf + [0..--] }}
        .avail_out ∈ [1..4294967295]
        .[bits 288 to 319] ∈ {0}
        .total_out ∈ [--..--]
        .msg ∈ {0}
        .state ∈ ESCAPINGADDR
        .zalloc ∈ {{ &miniz_def_alloc_func }}
        .zfree ∈ {{ &miniz_def_free_func }}
        {.opaque; .data_type; .[bits 736 to 767]} ∈ {0}
        .adler ∈ [0..4293984255]
        .reserved ∈ {0}
  address ∈ ESCAPINGADDR
[eva:final-states] Values at end of function mz_adler32:
  ptr ∈ {{ &s_inbuf + [0..--] }}
  buf_len ∈ {0}
  i ∈ [0..2147483640] or UNINITIALIZED
  s1 ∈ [0..65535]
  s2 ∈ [0..65520]
  block_len ∈ [0..5552]
  __retres ∈ [0..4293984255]
[eva:final-states] Values at end of function mz_deflateEnd:
  stream.next_in ∈ {{ &s_inbuf + [0..--] }}
        .avail_in ∈ [--..--]
        .[bits 96 to 127] ∈ {0}
        .total_in ∈ [--..--]
        .next_out ∈ {{ &s_outbuf + [0..--] }}
        .avail_out ∈ [1..4294967295]
        .[bits 288 to 319] ∈ {0}
        .total_out ∈ [--..--]
        {.msg; .state} ∈ {0}
        .zalloc ∈ {{ &miniz_def_alloc_func }}
        .zfree ∈ {{ &miniz_def_free_func }}
        {.opaque; .data_type; .[bits 736 to 767]} ∈ {0}
        .adler ∈ [0..4293984255]
        .reserved ∈ {0}
  __retres ∈ {0}
[eva:final-states] Values at end of function mz_inflateEnd:
  stream.next_in ∈ {{ &s_inbuf + [0..--] }}
        .avail_in ∈ [--..--]
        .[bits 96 to 127] ∈ {0}
        .total_in ∈ [--..--]
        .next_out ∈ {{ &s_outbuf + [0..--] }}
        .avail_out ∈ [1..4294967295]
        .[bits 288 to 319] ∈ {0}
        .total_out ∈ [--..--]
        {.msg; .state} ∈ {0}
        .zalloc ∈ {{ &miniz_def_alloc_func }}
        .zfree ∈ {{ &miniz_def_free_func }}
        {.opaque; .data_type; .[bits 736 to 767]} ∈ {0}
        .adler ∈ [0..4293984255]
        .reserved ∈ {0}
  __retres ∈ {0}
[eva:final-states] Values at end of function mz_inflateInit2:
  __fc_heap_status ∈ [--..--]
  stream.next_in ∈ {{ &s_inbuf[0] }}
        {.avail_in; .total_in; .[bits 96 to 127]} ∈ {0}
        .next_out ∈ {{ &s_outbuf[0] }}
        .avail_out ∈ {1048576}
        {.total_out; .msg; .[bits 288 to 319]} ∈ {0}
        .state ∈
        {{ NULL ;
           (struct mz_internal_state *)&__malloc_miniz_def_alloc_func_l169_0 }}
        .zalloc ∈ {{ &miniz_def_alloc_func }}
        .zfree ∈ {{ &miniz_def_free_func }}
        {.opaque; .data_type; .adler; .reserved; .[bits 736 to 767]} ∈ {0}
  pDecomp ∈
         {{ NULL ; (inflate_state *)&__malloc_miniz_def_alloc_func_l169_0 }}
  __retres ∈ {-4; 0}
  __malloc_miniz_def_alloc_func_l169_0[0..7] ∈ {0} or UNINITIALIZED
                                      [8..31] ∈ UNINITIALIZED
                                      [32..43] ∈ {0} or UNINITIALIZED
                                      [44..55] ∈ UNINITIALIZED
                                      [56..71] ∈ {0} or UNINITIALIZED
                                      [72..10999] ∈ UNINITIALIZED
                                      [11000..11007] ∈ {0} or UNINITIALIZED
                                      [bits 88064 to 88095] ∈
                                      {1} or UNINITIALIZED
                                      [11012..11015] ∈ {0} or UNINITIALIZED
                                      [bits 88128 to 88159] ∈
                                      {15} or UNINITIALIZED
                                      [11020..43787] ∈ UNINITIALIZED
                                      [bits 350304 to 350335] ∈
                                      {1} or UNINITIALIZED
[eva:final-states] Values at end of function mz_inflateInit:
  __fc_heap_status ∈ [--..--]
  stream.next_in ∈ {{ &s_inbuf[0] }}
        {.avail_in; .total_in; .[bits 96 to 127]} ∈ {0}
        .next_out ∈ {{ &s_outbuf[0] }}
        .avail_out ∈ {1048576}
        {.total_out; .msg; .[bits 288 to 319]} ∈ {0}
        .state ∈
        {{ NULL ;
           (struct mz_internal_state *)&__malloc_miniz_def_alloc_func_l169_0 }}
        .zalloc ∈ {{ &miniz_def_alloc_func }}
        .zfree ∈ {{ &miniz_def_free_func }}
        {.opaque; .data_type; .adler; .reserved; .[bits 736 to 767]} ∈ {0}
  __malloc_miniz_def_alloc_func_l169_0[0..7] ∈ {0} or UNINITIALIZED
                                      [8..31] ∈ UNINITIALIZED
                                      [32..43] ∈ {0} or UNINITIALIZED
                                      [44..55] ∈ UNINITIALIZED
                                      [56..71] ∈ {0} or UNINITIALIZED
                                      [72..10999] ∈ UNINITIALIZED
                                      [11000..11007] ∈ {0} or UNINITIALIZED
                                      [bits 88064 to 88095] ∈
                                      {1} or UNINITIALIZED
                                      [11012..11015] ∈ {0} or UNINITIALIZED
                                      [bits 88128 to 88159] ∈
                                      {15} or UNINITIALIZED
                                      [11020..43787] ∈ UNINITIALIZED
                                      [bits 350304 to 350335] ∈
                                      {1} or UNINITIALIZED
[eva:final-states] Values at end of function tdefl_calculate_minimum_redundancy:
  root ∈ [-1..286] or UNINITIALIZED
  leaf ∈ [2..2147483647] or UNINITIALIZED
  next ∈ [-2147483648..287] or UNINITIALIZED
  avbl ∈ {0} or UNINITIALIZED
  used ∈ {0} or UNINITIALIZED
  dpth ∈ [0..2147483647] or UNINITIALIZED
  syms0[0..287] ∈ [--..--] or UNINITIALIZED
  syms1[0..287] ∈ [--..--] or UNINITIALIZED
[eva:final-states] Values at end of function tdefl_compress_lz_codes:
  flags ∈ [1..511]
  pLZ_codes ∈ {{ &__malloc_miniz_def_alloc_func_l169 + [37546..--] }}
  pOutput_buf ∈
             {{ &s_outbuf + [0..--] ;
                &__malloc_miniz_def_alloc_func_l169 + [234154..--] }}
  pLZ_code_buf_end ∈
                  {{ &__malloc_miniz_def_alloc_func_l169 + [37546..319355] }}
  bit_buffer ∈ [--..--]
  bits_in ∈ [0..318]
  s_outbuf[0..1048575] ∈ [--..--] or UNINITIALIZED
  __retres ∈ {0; 1}
  __malloc_miniz_def_alloc_func_l169[0..7] ∈ {0}
                                    [8..15] ∈ {0} or UNINITIALIZED
                                    [bits 128 to 159] ∈ [8192..554460]
                                    [bits 160 to 191] ∈
                                    [1..1366] or UNINITIALIZED
                                    [bits 192 to 223] ∈
                                    [1..342] or UNINITIALIZED
                                    [bits 224 to 255] ∈
                                    {0; 1} or UNINITIALIZED
                                    [bits 256 to 287] ∈
                                    [0..4293984255] or UNINITIALIZED
                                    [36..39] ∈ [--..--] or UNINITIALIZED
                                    [40..43] ∈ [--..--]
                                    [44..47] ∈ [--..--] or UNINITIALIZED
                                    [bits 384 to 447] ∈
                                    {{ &__malloc_miniz_def_alloc_func_l169 +
                                       [37546..319355] }}
                                    [bits 448 to 511] ∈
                                    {{ &__malloc_miniz_def_alloc_func_l169 +
                                       [37546..319351] }}
                                    [bits 512 to 575] ∈
                                    {{ &s_outbuf + [0..--] ;
                                       &__malloc_miniz_def_alloc_func_l169 +
                                       [234154..--] }}
                                    [bits 576 to 639] ∈
                                    {{ &s_outbuf + [85180..--] ;
                                       (? *)&__malloc_miniz_def_alloc_func_l169[319334] }}
                                    [bits 640 to 671] ∈
                                    {1; 2; 3; 4; 5; 6; 7; 8}
                                    [84..91] ∈ [--..--] or UNINITIALIZED
                                    [bits 736 to 767] ∈
                                    {0; 1; 2; 3; 4; 5; 6; 7}
                                    [bits 768 to 799] ∈ [0..8388607]
                                    [bits 800 to 831] ∈
                                    [0..2147483647] or UNINITIALIZED
                                    [bits 832 to 863] ∈
                                    [0..127] or UNINITIALIZED
                                    [bits 864 to 895] ∈
                                    [0..255] or UNINITIALIZED
                                    [112..123] ∈ {0}
                                    [124..127] ∈ [--..--] or UNINITIALIZED
                                    [bits 1024 to 1055] ∈ {0; 1}
                                    [132..135] ∈ {0}
                                    [bits 1088 to 1151] ∈
                                    {{ &s_inbuf + [0..--] }}
                                    [bits 1152 to 1215] ∈
                                    {{ &s_outbuf + [0..--] }}
                                    [bits 1216 to 1279] ∈
                                    {{ (? *)&in_bytes }}
                                    [bits 1280 to 1343] ∈
                                    {{ (? *)&out_bytes }}
                                    [bits 1344 to 1375] ∈ {0; 4}
                                    [172..175] ∈ UNINITIALIZED
                                    [bits 1408 to 1471] ∈
                                    {{ &s_inbuf + [0..--] }}
                                    [184..199] ∈ [--..--]
                                    [200..36969] ∈
                                    [--..--] or UNINITIALIZED
                                    [36970..37001] ∈ [0..127]
                                    [37002..319351] ∈
                                    [--..--] or UNINITIALIZED
[eva:final-states] 
  Values at end of function tdefl_create_comp_flags_from_zip_params:
  comp_flags ∈ [4096..546268]
  __retres ∈ [4096..546268]
[eva:final-states] Values at end of function tdefl_find_match:
  dist ∈ [0..65535] or UNINITIALIZED
  pos ∈ [0..32767]
  match_len ∈ [1..258]
  probe_pos ∈ [0..32767]
  next_probe_pos ∈ [0..65535] or UNINITIALIZED
  probe_len ∈ [--..--] or UNINITIALIZED
  num_probes_left ∈ [0..1366]
  s ∈ {{ &__malloc_miniz_def_alloc_func_l169 + [200..32967] }}
  p ∈
   {{ &__malloc_miniz_def_alloc_func_l169 + [202..--] }} or UNINITIALIZED
  q ∈
   {{ &__malloc_miniz_def_alloc_func_l169 + [200..--] }} or UNINITIALIZED
  c01 ∈ [--..--]
  s01 ∈ [--..--]
  cur_match_dist ∈ [0..65535]
  cur_match_len ∈ [1..258]
[eva:final-states] Values at end of function tdefl_flush_output_buffer:
  in_bytes ∈ [--..--]
  out_bytes ∈ [--..--]
  s_outbuf[0..1048575] ∈ [--..--] or UNINITIALIZED
  __malloc_miniz_def_alloc_func_l169[0..7] ∈ {0}
                                    [8..15] ∈ {0} or UNINITIALIZED
                                    [bits 128 to 159] ∈
                                    [8192..554460] or UNINITIALIZED
                                    [bits 160 to 191] ∈
                                    [1..1366] or UNINITIALIZED
                                    [bits 192 to 223] ∈
                                    [1..342] or UNINITIALIZED
                                    [bits 224 to 255] ∈
                                    {0; 1} or UNINITIALIZED
                                    [bits 256 to 287] ∈
                                    [0..4293984255] or UNINITIALIZED
                                    [36..47] ∈ [--..--] or UNINITIALIZED
                                    [bits 384 to 447] ∈
                                    {{ &__malloc_miniz_def_alloc_func_l169 +
                                       [37547..319351] }} or UNINITIALIZED
                                    [bits 448 to 511] ∈
                                    {{ &__malloc_miniz_def_alloc_func_l169 +
                                       [37546..319354] }} or UNINITIALIZED
                                    [bits 512 to 575] ∈
                                    {{ &s_outbuf + [0..--] ;
                                       &__malloc_miniz_def_alloc_func_l169 +
                                       [234154..9223372036855009961] }} or UNINITIALIZED
                                    [bits 576 to 639] ∈
                                    {{ &s_outbuf + [85180..--] ;
                                       (? *)&__malloc_miniz_def_alloc_func_l169{
                                       [234154], [319334]} }} or UNINITIALIZED
                                    [bits 640 to 671] ∈
                                    {1; 2; 3; 4; 5; 6; 7; 8} or UNINITIALIZED
                                    [84..91] ∈ [--..--] or UNINITIALIZED
                                    [bits 736 to 767] ∈
                                    {0; 1; 2; 3; 4; 5; 6; 7} or UNINITIALIZED
                                    [bits 768 to 799] ∈
                                    [0..8388607] or UNINITIALIZED
                                    [bits 800 to 831] ∈
                                    [0..2147483647] or UNINITIALIZED
                                    [bits 832 to 863] ∈
                                    [0..127] or UNINITIALIZED
                                    [bits 864 to 895] ∈
                                    [0..255] or UNINITIALIZED
                                    [112..119] ∈ [--..--]
                                    [bits 960 to 991] ∈ {0; 1}
                                    [124..127] ∈ [--..--] or UNINITIALIZED
                                    [bits 1024 to 1055] ∈ {0; 1}
                                    [132..135] ∈ {0}
                                    [bits 1088 to 1151] ∈
                                    {{ &s_inbuf + [0..--] }}
                                    [bits 1152 to 1215] ∈
                                    {{ &s_outbuf + [0..--] }}
                                    [bits 1216 to 1279] ∈
                                    {{ (? *)&in_bytes }}
                                    [bits 1280 to 1343] ∈
                                    {{ (? *)&out_bytes }}
                                    [bits 1344 to 1375] ∈ {0; 4}
                                    [172..175] ∈ UNINITIALIZED
                                    [bits 1408 to 1471] ∈
                                    {{ &s_inbuf + [0..--] }}
                                    [184..199] ∈ [--..--]
                                    [200..319351] ∈
                                    [--..--] or UNINITIALIZED
[eva:final-states] Values at end of function tdefl_get_adler32:
  __retres ∈ [0..4293984255]
[eva:final-states] 
  Values at end of function tdefl_huffman_enforce_max_code_size:
  i ∈ [0..14] or UNINITIALIZED
  total ∈ {0; 128; 32768}
  num_codes[0] ∈ [0..2147483647]
           [1..15] ∈ [--..--]
           [16..32] ∈ [0..2147483647]
[eva:final-states] Values at end of function tdefl_init:
  __retres ∈ {TDEFL_STATUS_OKAY}
  __malloc_miniz_def_alloc_func_l169[0..15] ∈ {0}
                                    [bits 128 to 159] ∈ [8192..554460]
                                    [bits 160 to 191] ∈ [1..1366]
                                    [bits 192 to 223] ∈ [1..342]
                                    [bits 224 to 255] ∈ {0; 1}
                                    [bits 256 to 287] ∈ {1}
                                    [36..47] ∈ {0}
                                    [bits 384 to 447] ∈
                                    {{ (? *)&__malloc_miniz_def_alloc_func_l169[37547] }}
                                    [bits 448 to 511] ∈
                                    {{ (? *)&__malloc_miniz_def_alloc_func_l169[37546] }}
                                    [bits 512 to 639]# ∈
                                    {{ (? *)&__malloc_miniz_def_alloc_func_l169[234154] }} repeated %64 
                                    [bits 640 to 671] ∈ {8}
                                    [84..171] ∈ {0}
                                    [172..175] ∈ UNINITIALIZED
                                    [176..199] ∈ {0}
                                    [200..33224] ∈ {0} or UNINITIALIZED
                                    [33225] ∈ UNINITIALIZED
                                    [33226..33865] ∈ {0}
                                    [33866..37545] ∈ UNINITIALIZED
                                    [37546] ∈ {0}
                                    [37547..168617] ∈ UNINITIALIZED
                                    [168618..234153] ∈ {0} or UNINITIALIZED
                                    [234154..319351] ∈ UNINITIALIZED
[eva:final-states] Values at end of function mz_deflateInit2:
  __fc_heap_status ∈ [--..--]
  stream.next_in ∈ {{ &s_inbuf[0] }}
        {.avail_in; .total_in; .[bits 96 to 127]} ∈ {0}
        .next_out ∈ {{ &s_outbuf[0] }}
        .avail_out ∈ {1048576}
        {.total_out; .msg; .[bits 288 to 319]} ∈ {0}
        .state ∈
        {{ NULL ;
           (struct mz_internal_state *)&__malloc_miniz_def_alloc_func_l169 }}
        .zalloc ∈ {{ &miniz_def_alloc_func }}
        .zfree ∈ {{ &miniz_def_free_func }}
        {.opaque; .data_type; .[bits 736 to 767]} ∈ {0}
        .adler ∈ {1}
        .reserved ∈ {0}
  pComp ∈
       {{ NULL ; (tdefl_compressor *)&__malloc_miniz_def_alloc_func_l169 }}
  comp_flags ∈ [8192..554460]
  __retres ∈ {-4; 0}
  __malloc_miniz_def_alloc_func_l169[0..15] ∈ {0} or UNINITIALIZED
                                    [bits 128 to 159] ∈
                                    [8192..554460] or UNINITIALIZED
                                    [bits 160 to 191] ∈
                                    [1..1366] or UNINITIALIZED
                                    [bits 192 to 223] ∈
                                    [1..342] or UNINITIALIZED
                                    [bits 224 to 255] ∈
                                    {0; 1} or UNINITIALIZED
                                    [bits 256 to 287] ∈
                                    {1} or UNINITIALIZED
                                    [36..47] ∈ {0} or UNINITIALIZED
                                    [bits 384 to 447] ∈
                                    {{ (? *)&__malloc_miniz_def_alloc_func_l169[37547] }} or UNINITIALIZED
                                    [bits 448 to 511] ∈
                                    {{ (? *)&__malloc_miniz_def_alloc_func_l169[37546] }} or UNINITIALIZED
                                    [bits 512 to 639]# ∈
                                    {{ (? *)&__malloc_miniz_def_alloc_func_l169[234154] }} or UNINITIALIZED repeated %64 
                                    [bits 640 to 671] ∈
                                    {8} or UNINITIALIZED
                                    [84..171] ∈ {0} or UNINITIALIZED
                                    [172..175] ∈ UNINITIALIZED
                                    [176..33224] ∈ {0} or UNINITIALIZED
                                    [33225] ∈ UNINITIALIZED
                                    [33226..33865] ∈ {0} or UNINITIALIZED
                                    [33866..37545] ∈ UNINITIALIZED
                                    [37546] ∈ {0} or UNINITIALIZED
                                    [37547..168617] ∈ UNINITIALIZED
                                    [168618..234153] ∈ {0} or UNINITIALIZED
                                    [234154..319351] ∈ UNINITIALIZED
[eva:final-states] Values at end of function mz_deflateInit:
  __fc_heap_status ∈ [--..--]
  stream.next_in ∈ {{ &s_inbuf[0] }}
        {.avail_in; .total_in; .[bits 96 to 127]} ∈ {0}
        .next_out ∈ {{ &s_outbuf[0] }}
        .avail_out ∈ {1048576}
        {.total_out; .msg; .[bits 288 to 319]} ∈ {0}
        .state ∈
        {{ NULL ;
           (struct mz_internal_state *)&__malloc_miniz_def_alloc_func_l169 }}
        .zalloc ∈ {{ &miniz_def_alloc_func }}
        .zfree ∈ {{ &miniz_def_free_func }}
        {.opaque; .data_type; .[bits 736 to 767]} ∈ {0}
        .adler ∈ {1}
        .reserved ∈ {0}
  __malloc_miniz_def_alloc_func_l169[0..15] ∈ {0} or UNINITIALIZED
                                    [bits 128 to 159] ∈
                                    [8192..554460] or UNINITIALIZED
                                    [bits 160 to 191] ∈
                                    [1..1366] or UNINITIALIZED
                                    [bits 192 to 223] ∈
                                    [1..342] or UNINITIALIZED
                                    [bits 224 to 255] ∈
                                    {0; 1} or UNINITIALIZED
                                    [bits 256 to 287] ∈
                                    {1} or UNINITIALIZED
                                    [36..47] ∈ {0} or UNINITIALIZED
                                    [bits 384 to 447] ∈
                                    {{ (? *)&__malloc_miniz_def_alloc_func_l169[37547] }} or UNINITIALIZED
                                    [bits 448 to 511] ∈
                                    {{ (? *)&__malloc_miniz_def_alloc_func_l169[37546] }} or UNINITIALIZED
                                    [bits 512 to 639]# ∈
                                    {{ (? *)&__malloc_miniz_def_alloc_func_l169[234154] }} or UNINITIALIZED repeated %64 
                                    [bits 640 to 671] ∈
                                    {8} or UNINITIALIZED
                                    [84..171] ∈ {0} or UNINITIALIZED
                                    [172..175] ∈ UNINITIALIZED
                                    [176..33224] ∈ {0} or UNINITIALIZED
                                    [33225] ∈ UNINITIALIZED
                                    [33226..33865] ∈ {0} or UNINITIALIZED
                                    [33866..37545] ∈ UNINITIALIZED
                                    [37546] ∈ {0} or UNINITIALIZED
                                    [37547..168617] ∈ UNINITIALIZED
                                    [168618..234153] ∈ {0} or UNINITIALIZED
                                    [234154..319351] ∈ UNINITIALIZED
[eva:final-states] Values at end of function tdefl_radix_sort_syms:
  total_passes ∈ {1; 2}
  pass_shift ∈ [0..4294967288],0%8
  pass ∈ {1; 2}
  i ∈ [0..2147483647]
  hist[0..511] ∈ [--..--]
  pCur_syms ∈ {{ &syms0[0] ; &syms1[0] }}
  pNew_syms ∈ {{ &syms0[0] ; &syms1[0] }}
  syms0[0..287] ∈ [--..--] or UNINITIALIZED
  syms1[0..287] ∈ [--..--] or UNINITIALIZED
[eva:final-states] Values at end of function tdefl_optimize_huffman_table:
  i ∈ [19..32] ∪ {288}
  j ∈ [0..2147483646],0%2
  l ∈ [-2147483648..0] or UNINITIALIZED
  num_codes[0] ∈ [0..2147483647]
           [1..15] ∈ [--..--]
           [16..32] ∈ [0..2147483647]
  next_code[0] ∈ UNINITIALIZED
           [1] ∈ [--..--]
           [2..32] ∈ [--..--] or UNINITIALIZED
  __malloc_miniz_def_alloc_func_l169[0..7] ∈ {0}
                                    [8..15] ∈ {0} or UNINITIALIZED
                                    [bits 128 to 159] ∈ [8192..554460]
                                    [bits 160 to 191] ∈
                                    [1..1366] or UNINITIALIZED
                                    [bits 192 to 223] ∈
                                    [1..342] or UNINITIALIZED
                                    [bits 224 to 255] ∈
                                    {0; 1} or UNINITIALIZED
                                    [bits 256 to 287] ∈
                                    [0..4293984255] or UNINITIALIZED
                                    [36..39] ∈ [--..--] or UNINITIALIZED
                                    [40..43] ∈ [--..--]
                                    [44..47] ∈ [--..--] or UNINITIALIZED
                                    [bits 384 to 447] ∈
                                    {{ &__malloc_miniz_def_alloc_func_l169 +
                                       [37546..319355] }}
                                    [bits 448 to 511] ∈
                                    {{ &__malloc_miniz_def_alloc_func_l169 +
                                       [37546..319351] }}
                                    [bits 512 to 575] ∈
                                    {{ &s_outbuf + [0..--] ;
                                       &__malloc_miniz_def_alloc_func_l169 +
                                       [234154..--] }}
                                    [bits 576 to 639] ∈
                                    {{ &s_outbuf + [85180..--] ;
                                       (? *)&__malloc_miniz_def_alloc_func_l169[319334] }}
                                    [bits 640 to 671] ∈
                                    {1; 2; 3; 4; 5; 6; 7; 8}
                                    [84..91] ∈ [--..--] or UNINITIALIZED
                                    [bits 736 to 767] ∈
                                    {0; 1; 2; 3; 4; 5; 6; 7}
                                    [bits 768 to 799] ∈ [0..8388607]
                                    [bits 800 to 831] ∈
                                    [0..2147483647] or UNINITIALIZED
                                    [bits 832 to 863] ∈
                                    [0..127] or UNINITIALIZED
                                    [bits 864 to 895] ∈
                                    [0..255] or UNINITIALIZED
                                    [112..123] ∈ {0}
                                    [124..127] ∈ [--..--] or UNINITIALIZED
                                    [bits 1024 to 1055] ∈ {0; 1}
                                    [132..135] ∈ {0}
                                    [bits 1088 to 1151] ∈
                                    {{ &s_inbuf + [0..--] }}
                                    [bits 1152 to 1215] ∈
                                    {{ &s_outbuf + [0..--] }}
                                    [bits 1216 to 1279] ∈
                                    {{ (? *)&in_bytes }}
                                    [bits 1280 to 1343] ∈
                                    {{ (? *)&out_bytes }}
                                    [bits 1344 to 1375] ∈ {0; 4}
                                    [172..175] ∈ UNINITIALIZED
                                    [bits 1408 to 1471] ∈
                                    {{ &s_inbuf + [0..--] }}
                                    [184..199] ∈ [--..--]
                                    [200..319351] ∈
                                    [--..--] or UNINITIALIZED
[eva:final-states] Values at end of function tdefl_record_literal:
  __malloc_miniz_def_alloc_func_l169[0..7] ∈ {0}
                                    [8..15] ∈ {0} or UNINITIALIZED
                                    [bits 128 to 159] ∈ [8192..554460]
                                    [bits 160 to 191] ∈
                                    [1..1366] or UNINITIALIZED
                                    [bits 192 to 223] ∈
                                    [1..342] or UNINITIALIZED
                                    [bits 224 to 255] ∈
                                    {0; 1} or UNINITIALIZED
                                    [bits 256 to 287] ∈
                                    [0..4293984255] or UNINITIALIZED
                                    [36..47] ∈ [--..--]
                                    [bits 384 to 447] ∈
                                    {{ &__malloc_miniz_def_alloc_func_l169 +
                                       [37548..319353] }}
                                    [bits 448 to 511] ∈
                                    {{ &__malloc_miniz_def_alloc_func_l169 +
                                       [37546..319352] }}
                                    [bits 512 to 575] ∈
                                    {{ &s_outbuf + [0..--] ;
                                       &__malloc_miniz_def_alloc_func_l169 +
                                       [234154..9223372036855009961] }} or UNINITIALIZED
                                    [bits 576 to 639] ∈
                                    {{ &s_outbuf + [85180..--] ;
                                       (? *)&__malloc_miniz_def_alloc_func_l169{
                                       [234154], [319334]} }} or UNINITIALIZED
                                    [bits 640 to 671] ∈
                                    {1; 2; 3; 4; 5; 6; 7; 8}
                                    [84..87] ∈ [--..--]
                                    [88..91] ∈ [--..--] or UNINITIALIZED
                                    [bits 736 to 767] ∈
                                    {0; 1; 2; 3; 4; 5; 6; 7} or UNINITIALIZED
                                    [bits 768 to 799] ∈
                                    [0..8388607] or UNINITIALIZED
                                    [bits 800 to 831] ∈
                                    [0..2147483647] or UNINITIALIZED
                                    [bits 832 to 863] ∈ [0..127]
                                    [bits 864 to 895] ∈
                                    [0..255] or UNINITIALIZED
                                    [112..115] ∈ [--..--] or UNINITIALIZED
                                    [116..119] ∈ [--..--]
                                    [120..123] ∈ {0}
                                    [124..127] ∈ [--..--] or UNINITIALIZED
                                    [bits 1024 to 1055] ∈ {0; 1}
                                    [132..135] ∈ {0}
                                    [bits 1088 to 1151] ∈
                                    {{ &s_inbuf + [0..--] }}
                                    [bits 1152 to 1215] ∈
                                    {{ &s_outbuf + [0..--] }}
                                    [bits 1216 to 1279] ∈
                                    {{ (? *)&in_bytes }}
                                    [bits 1280 to 1343] ∈
                                    {{ (? *)&out_bytes }}
                                    [bits 1344 to 1375] ∈ {0; 4}
                                    [172..175] ∈ UNINITIALIZED
                                    [bits 1408 to 1471] ∈
                                    {{ &s_inbuf + [0..--] }}
                                    [184..199] ∈ [--..--]
                                    [200..319351] ∈
                                    [--..--] or UNINITIALIZED
[eva:final-states] Values at end of function tdefl_record_match:
  match_dist ∈ [--..--]
  s0 ∈ [0..17]
  s1 ∈ {0} ∪ [18..29]
  __malloc_miniz_def_alloc_func_l169[0..7] ∈ {0}
                                    [8..15] ∈ {0} or UNINITIALIZED
                                    [bits 128 to 159] ∈ [8192..554460]
                                    [bits 160 to 191] ∈
                                    [1..1366] or UNINITIALIZED
                                    [bits 192 to 223] ∈
                                    [1..342] or UNINITIALIZED
                                    [bits 224 to 255] ∈
                                    {0; 1} or UNINITIALIZED
                                    [bits 256 to 287] ∈
                                    [0..4293984255] or UNINITIALIZED
                                    [36..47] ∈ [--..--]
                                    [bits 384 to 447] ∈
                                    {{ &__malloc_miniz_def_alloc_func_l169 +
                                       [37550..319353] }}
                                    [bits 448 to 511] ∈
                                    {{ &__malloc_miniz_def_alloc_func_l169 +
                                       [37546..319352] }}
                                    [bits 512 to 575] ∈
                                    {{ &s_outbuf + [0..--] ;
                                       &__malloc_miniz_def_alloc_func_l169 +
                                       [234154..9223372036855009961] }} or UNINITIALIZED
                                    [bits 576 to 639] ∈
                                    {{ &s_outbuf + [85180..--] ;
                                       (? *)&__malloc_miniz_def_alloc_func_l169{
                                       [234154], [319334]} }} or UNINITIALIZED
                                    [bits 640 to 671] ∈
                                    {1; 2; 3; 4; 5; 6; 7; 8}
                                    [84..87] ∈ [--..--]
                                    [88..91] ∈ [--..--] or UNINITIALIZED
                                    [bits 736 to 767] ∈
                                    {0; 1; 2; 3; 4; 5; 6; 7} or UNINITIALIZED
                                    [bits 768 to 799] ∈
                                    [0..8388607] or UNINITIALIZED
                                    [bits 800 to 831] ∈
                                    [0..2147483647] or UNINITIALIZED
                                    [bits 832 to 863] ∈ [0..127]
                                    [bits 864 to 895] ∈
                                    [0..255] or UNINITIALIZED
                                    [112..115] ∈ [--..--] or UNINITIALIZED
                                    [116..119] ∈ [--..--]
                                    [120..123] ∈ {0}
                                    [124..127] ∈ [--..--] or UNINITIALIZED
                                    [bits 1024 to 1055] ∈ {0; 1}
                                    [132..135] ∈ {0}
                                    [bits 1088 to 1151] ∈
                                    {{ &s_inbuf + [0..--] }}
                                    [bits 1152 to 1215] ∈
                                    {{ &s_outbuf + [0..--] }}
                                    [bits 1216 to 1279] ∈
                                    {{ (? *)&in_bytes }}
                                    [bits 1280 to 1343] ∈
                                    {{ (? *)&out_bytes }}
                                    [bits 1344 to 1375] ∈ {0; 4}
                                    [172..175] ∈ UNINITIALIZED
                                    [bits 1408 to 1471] ∈
                                    {{ &s_inbuf + [0..--] }}
                                    [184..199] ∈ [--..--]
                                    [200..319351] ∈
                                    [--..--] or UNINITIALIZED
[eva:final-states] Values at end of function tdefl_start_dynamic_block:
  num_lit_codes ∈ [257..286]
  num_dist_codes ∈ [1..30]
  num_bit_lengths ∈ [4..19]
  i ∈ [4..19]
  total_code_sizes_to_pack ∈ [258..316]
  num_packed_code_sizes ∈ [--..--]
  rle_z_count ∈ [0..137]
  rle_repeat_count ∈ {0}
  packed_code_sizes_index ∈ [--..--]
  code_sizes_to_pack[0..256] ∈ [0..127]
                    [257..315] ∈ [0..127] or UNINITIALIZED
                    [316..319] ∈ UNINITIALIZED
  packed_code_sizes[0..319] ∈ [--..--] or UNINITIALIZED
  prev_code_size ∈ [--..--]
  s_outbuf[0..1048575] ∈ [--..--] or UNINITIALIZED
  __malloc_miniz_def_alloc_func_l169[0..7] ∈ {0}
                                    [8..15] ∈ {0} or UNINITIALIZED
                                    [bits 128 to 159] ∈ [8192..554460]
                                    [bits 160 to 191] ∈
                                    [1..1366] or UNINITIALIZED
                                    [bits 192 to 223] ∈
                                    [1..342] or UNINITIALIZED
                                    [bits 224 to 255] ∈
                                    {0; 1} or UNINITIALIZED
                                    [bits 256 to 287] ∈
                                    [0..4293984255] or UNINITIALIZED
                                    [36..39] ∈ [--..--] or UNINITIALIZED
                                    [40..43] ∈ [--..--]
                                    [44..47] ∈ [--..--] or UNINITIALIZED
                                    [bits 384 to 447] ∈
                                    {{ &__malloc_miniz_def_alloc_func_l169 +
                                       [37546..319355] }}
                                    [bits 448 to 511] ∈
                                    {{ &__malloc_miniz_def_alloc_func_l169 +
                                       [37546..319351] }}
                                    [bits 512 to 575] ∈
                                    {{ &s_outbuf + [0..--] ;
                                       &__malloc_miniz_def_alloc_func_l169 +
                                       [234154..--] }}
                                    [bits 576 to 639] ∈
                                    {{ &s_outbuf + [85180..--] ;
                                       (? *)&__malloc_miniz_def_alloc_func_l169[319334] }}
                                    [bits 640 to 671] ∈
                                    {1; 2; 3; 4; 5; 6; 7; 8}
                                    [84..91] ∈ [--..--] or UNINITIALIZED
                                    [bits 736 to 767] ∈
                                    {0; 1; 2; 3; 4; 5; 6; 7}
                                    [bits 768 to 799] ∈ [0..8388607]
                                    [bits 800 to 831] ∈
                                    [0..2147483647] or UNINITIALIZED
                                    [bits 832 to 863] ∈
                                    [0..127] or UNINITIALIZED
                                    [bits 864 to 895] ∈
                                    [0..255] or UNINITIALIZED
                                    [112..123] ∈ {0}
                                    [124..127] ∈ [--..--] or UNINITIALIZED
                                    [bits 1024 to 1055] ∈ {0; 1}
                                    [132..135] ∈ {0}
                                    [bits 1088 to 1151] ∈
                                    {{ &s_inbuf + [0..--] }}
                                    [bits 1152 to 1215] ∈
                                    {{ &s_outbuf + [0..--] }}
                                    [bits 1216 to 1279] ∈
                                    {{ (? *)&in_bytes }}
                                    [bits 1280 to 1343] ∈
                                    {{ (? *)&out_bytes }}
                                    [bits 1344 to 1375] ∈ {0; 4}
                                    [172..175] ∈ UNINITIALIZED
                                    [bits 1408 to 1471] ∈
                                    {{ &s_inbuf + [0..--] }}
                                    [184..199] ∈ [--..--]
                                    [200..33737] ∈
                                    [--..--] or UNINITIALIZED
                                    [bits 269904 to 269919] ∈ {1}
                                    [33740..34377] ∈
                                    [--..--] or UNINITIALIZED
                                    [34378..34415] ∈ [--..--]
                                    [34416..34953] ∈
                                    [--..--] or UNINITIALIZED
                                    [34954..35593] ∈ [--..--]
                                    [35594..36105] ∈ {0}
                                    [36106..36143] ∈ [--..--]
                                    [36144..36681] ∈ {0}
                                    [36682..37545] ∈ [0..127]
                                    [37546..319351] ∈
                                    [--..--] or UNINITIALIZED
[eva:final-states] Values at end of function tdefl_start_static_block:
  i ∈ {288}
  p ∈ {{ &__malloc_miniz_def_alloc_func_l169 + [36682..--] }}
  s_outbuf[0..1048575] ∈ [--..--] or UNINITIALIZED
  __malloc_miniz_def_alloc_func_l169[0..7] ∈ {0}
                                    [8..15] ∈ {0} or UNINITIALIZED
                                    [bits 128 to 159] ∈ [8192..554460]
                                    [bits 160 to 191] ∈
                                    [1..1366] or UNINITIALIZED
                                    [bits 192 to 223] ∈
                                    [1..342] or UNINITIALIZED
                                    [bits 224 to 255] ∈
                                    {0; 1} or UNINITIALIZED
                                    [bits 256 to 287] ∈
                                    [0..4293984255] or UNINITIALIZED
                                    [36..39] ∈ [--..--] or UNINITIALIZED
                                    [40..43] ∈ [--..--]
                                    [44..47] ∈ [--..--] or UNINITIALIZED
                                    [bits 384 to 447] ∈
                                    {{ &__malloc_miniz_def_alloc_func_l169 +
                                       [37546..319355] }}
                                    [bits 448 to 511] ∈
                                    {{ &__malloc_miniz_def_alloc_func_l169 +
                                       [37546..319351] }}
                                    [bits 512 to 575] ∈
                                    {{ &s_outbuf + [0..--] ;
                                       &__malloc_miniz_def_alloc_func_l169 +
                                       [234154..--] }}
                                    [bits 576 to 639] ∈
                                    {{ &s_outbuf + [85180..--] ;
                                       (? *)&__malloc_miniz_def_alloc_func_l169[319334] }}
                                    [bits 640 to 671] ∈
                                    {1; 2; 3; 4; 5; 6; 7; 8}
                                    [84..91] ∈ [--..--] or UNINITIALIZED
                                    [bits 736 to 767] ∈
                                    {0; 1; 2; 3; 4; 5; 6; 7}
                                    [bits 768 to 799] ∈ [0..8388607]
                                    [bits 800 to 831] ∈
                                    [0..2147483647] or UNINITIALIZED
                                    [bits 832 to 863] ∈
                                    [0..127] or UNINITIALIZED
                                    [bits 864 to 895] ∈
                                    [0..255] or UNINITIALIZED
                                    [112..123] ∈ {0}
                                    [124..127] ∈ [--..--] or UNINITIALIZED
                                    [bits 1024 to 1055] ∈ {0; 1}
                                    [132..135] ∈ {0}
                                    [bits 1088 to 1151] ∈
                                    {{ &s_inbuf + [0..--] }}
                                    [bits 1152 to 1215] ∈
                                    {{ &s_outbuf + [0..--] }}
                                    [bits 1216 to 1279] ∈
                                    {{ (? *)&in_bytes }}
                                    [bits 1280 to 1343] ∈
                                    {{ (? *)&out_bytes }}
                                    [bits 1344 to 1375] ∈ {0; 4}
                                    [172..175] ∈ UNINITIALIZED
                                    [bits 1408 to 1471] ∈
                                    {{ &s_inbuf + [0..--] }}
                                    [184..199] ∈ [--..--]
                                    [200..36969] ∈
                                    [--..--] or UNINITIALIZED
                                    [36970..37001] ∈ {5}
                                    [37002..319351] ∈
                                    [--..--] or UNINITIALIZED
[eva:final-states] Values at end of function tdefl_compress_block:
  s_outbuf[0..1048575] ∈ [--..--] or UNINITIALIZED
  __malloc_miniz_def_alloc_func_l169[0..7] ∈ {0}
                                    [8..15] ∈ {0} or UNINITIALIZED
                                    [bits 128 to 159] ∈ [8192..554460]
                                    [bits 160 to 191] ∈
                                    [1..1366] or UNINITIALIZED
                                    [bits 192 to 223] ∈
                                    [1..342] or UNINITIALIZED
                                    [bits 224 to 255] ∈
                                    {0; 1} or UNINITIALIZED
                                    [bits 256 to 287] ∈
                                    [0..4293984255] or UNINITIALIZED
                                    [36..39] ∈ [--..--] or UNINITIALIZED
                                    [40..43] ∈ [--..--]
                                    [44..47] ∈ [--..--] or UNINITIALIZED
                                    [bits 384 to 447] ∈
                                    {{ &__malloc_miniz_def_alloc_func_l169 +
                                       [37546..319355] }}
                                    [bits 448 to 511] ∈
                                    {{ &__malloc_miniz_def_alloc_func_l169 +
                                       [37546..319351] }}
                                    [bits 512 to 575] ∈
                                    {{ &s_outbuf + [0..--] ;
                                       &__malloc_miniz_def_alloc_func_l169 +
                                       [234154..--] }}
                                    [bits 576 to 639] ∈
                                    {{ &s_outbuf + [85180..--] ;
                                       (? *)&__malloc_miniz_def_alloc_func_l169[319334] }}
                                    [bits 640 to 671] ∈
                                    {1; 2; 3; 4; 5; 6; 7; 8}
                                    [84..91] ∈ [--..--] or UNINITIALIZED
                                    [bits 736 to 767] ∈
                                    {0; 1; 2; 3; 4; 5; 6; 7}
                                    [bits 768 to 799] ∈ [0..8388607]
                                    [bits 800 to 831] ∈
                                    [0..2147483647] or UNINITIALIZED
                                    [bits 832 to 863] ∈
                                    [0..127] or UNINITIALIZED
                                    [bits 864 to 895] ∈
                                    [0..255] or UNINITIALIZED
                                    [112..123] ∈ {0}
                                    [124..127] ∈ [--..--] or UNINITIALIZED
                                    [bits 1024 to 1055] ∈ {0; 1}
                                    [132..135] ∈ {0}
                                    [bits 1088 to 1151] ∈
                                    {{ &s_inbuf + [0..--] }}
                                    [bits 1152 to 1215] ∈
                                    {{ &s_outbuf + [0..--] }}
                                    [bits 1216 to 1279] ∈
                                    {{ (? *)&in_bytes }}
                                    [bits 1280 to 1343] ∈
                                    {{ (? *)&out_bytes }}
                                    [bits 1344 to 1375] ∈ {0; 4}
                                    [172..175] ∈ UNINITIALIZED
                                    [bits 1408 to 1471] ∈
                                    {{ &s_inbuf + [0..--] }}
                                    [184..199] ∈ [--..--]
                                    [200..36969] ∈
                                    [--..--] or UNINITIALIZED
                                    [36970..37001] ∈ [0..127]
                                    [37002..319351] ∈
                                    [--..--] or UNINITIALIZED
[eva:final-states] Values at end of function tdefl_flush_block:
  saved_bit_buf ∈ [0..8388607]
  saved_bits_in ∈ {0; 1; 2; 3; 4; 5; 6; 7}
  pSaved_output_buf ∈
                   {{ &s_outbuf + [0..--] ;
                      &__malloc_miniz_def_alloc_func_l169 + [234154..--] }}
  comp_block_succeeded ∈ {0; 1}
  n ∈ [--..--]
  use_raw_block ∈ {0; 1}
  pOutput_buf_start ∈
                   {{ &s_outbuf + [0..--] ;
                      (mz_uint8 *)&__malloc_miniz_def_alloc_func_l169[234154] }}
  s_outbuf[0..1048575] ∈ [--..--] or UNINITIALIZED
  __retres ∈ [--..--]
  __malloc_miniz_def_alloc_func_l169[0..7] ∈ {0}
                                    [8..15] ∈ {0} or UNINITIALIZED
                                    [bits 128 to 159] ∈ [8192..554460]
                                    [bits 160 to 191] ∈
                                    [1..1366] or UNINITIALIZED
                                    [bits 192 to 223] ∈
                                    [1..342] or UNINITIALIZED
                                    [bits 224 to 255] ∈
                                    {0; 1} or UNINITIALIZED
                                    [bits 256 to 287] ∈
                                    [0..4293984255] or UNINITIALIZED
                                    [36..39] ∈ [--..--] or UNINITIALIZED
                                    [40..43] ∈ [--..--]
                                    [44..47] ∈ [--..--] or UNINITIALIZED
                                    [bits 384 to 447] ∈
                                    {{ (? *)&__malloc_miniz_def_alloc_func_l169[37547] }}
                                    [bits 448 to 511] ∈
                                    {{ (? *)&__malloc_miniz_def_alloc_func_l169[37546] }}
                                    [bits 512 to 575] ∈
                                    {{ &s_outbuf + [0..--] ;
                                       &__malloc_miniz_def_alloc_func_l169 +
                                       [234154..9223372036855009961] }}
                                    [bits 576 to 639] ∈
                                    {{ &s_outbuf + [85180..--] ;
                                       (? *)&__malloc_miniz_def_alloc_func_l169[319334] }}
                                    [bits 640 to 671] ∈ {8}
                                    [84..87] ∈ {0}
                                    [88..91] ∈ [--..--]
                                    [bits 736 to 767] ∈
                                    {0; 1; 2; 3; 4; 5; 6; 7}
                                    [bits 768 to 799] ∈ [0..8388607]
                                    [bits 800 to 831] ∈
                                    [0..2147483647] or UNINITIALIZED
                                    [bits 832 to 863] ∈
                                    [0..127] or UNINITIALIZED
                                    [bits 864 to 895] ∈
                                    [0..255] or UNINITIALIZED
                                    [112..119] ∈ [--..--]
                                    [120..123] ∈ {0}
                                    [124..127] ∈ [--..--]
                                    [bits 1024 to 1055] ∈ {0; 1}
                                    [132..135] ∈ {0}
                                    [bits 1088 to 1151] ∈
                                    {{ &s_inbuf + [0..--] }}
                                    [bits 1152 to 1215] ∈
                                    {{ &s_outbuf + [0..--] }}
                                    [bits 1216 to 1279] ∈
                                    {{ (? *)&in_bytes }}
                                    [bits 1280 to 1343] ∈
                                    {{ (? *)&out_bytes }}
                                    [bits 1344 to 1375] ∈ {0; 4}
                                    [172..175] ∈ UNINITIALIZED
                                    [bits 1408 to 1471] ∈
                                    {{ &s_inbuf + [0..--] }}
                                    [184..199] ∈ [--..--]
                                    [200..33225] ∈
                                    [--..--] or UNINITIALIZED
                                    [33226..33865] ∈ {0}
                                    [33866..319351] ∈
                                    [--..--] or UNINITIALIZED
[eva:final-states] Values at end of function tdefl_compress_fast:
  lookahead_pos ∈ [--..--]
  lookahead_size ∈ [--..--]
  dict_size ∈ [--..--]
  total_lz_bytes ∈ [--..--]
  num_flags_left ∈ {1; 2; 3; 4; 5; 6; 7; 8}
  pLZ_code_buf ∈
              {{ &__malloc_miniz_def_alloc_func_l169 + [37547..319355] }}
  pLZ_flags ∈ {{ &__malloc_miniz_def_alloc_func_l169 + [37546..319354] }}
  cur_pos ∈ [0..32767]
  s_outbuf[0..1048575] ∈ [--..--] or UNINITIALIZED
  __retres ∈ {0; 1}
  __malloc_miniz_def_alloc_func_l169[0..7] ∈ {0}
                                    [8..15] ∈ {0} or UNINITIALIZED
                                    [bits 128 to 159] ∈ [16385..327679],1%2
                                    [bits 160 to 191] ∈
                                    [1..1366] or UNINITIALIZED
                                    [bits 192 to 223] ∈
                                    [1..342] or UNINITIALIZED
                                    [bits 224 to 255] ∈
                                    {0; 1} or UNINITIALIZED
                                    [bits 256 to 287] ∈
                                    [0..4293984255] or UNINITIALIZED
                                    [36..47] ∈ [--..--]
                                    [bits 384 to 447] ∈
                                    {{ &__malloc_miniz_def_alloc_func_l169 +
                                       [37547..319351] }}
                                    [bits 448 to 511] ∈
                                    {{ &__malloc_miniz_def_alloc_func_l169 +
                                       [37546..319354] }}
                                    [bits 512 to 575] ∈
                                    {{ &s_outbuf + [0..--] ;
                                       &__malloc_miniz_def_alloc_func_l169 +
                                       [234154..9223372036855009961] }} or UNINITIALIZED
                                    [bits 576 to 639] ∈
                                    {{ &s_outbuf + [85180..--] ;
                                       (? *)&__malloc_miniz_def_alloc_func_l169{
                                       [234154], [319334]} }} or UNINITIALIZED
                                    [bits 640 to 671] ∈
                                    {1; 2; 3; 4; 5; 6; 7; 8}
                                    [84..87] ∈ [--..--]
                                    [88..91] ∈ [--..--] or UNINITIALIZED
                                    [bits 736 to 767] ∈
                                    {0; 1; 2; 3; 4; 5; 6; 7} or UNINITIALIZED
                                    [bits 768 to 799] ∈
                                    [0..8388607] or UNINITIALIZED
                                    [bits 800 to 831] ∈
                                    [0..2147483647] or UNINITIALIZED
                                    [bits 832 to 863] ∈
                                    [0..127] or UNINITIALIZED
                                    [bits 864 to 895] ∈
                                    [0..255] or UNINITIALIZED
                                    [112..115] ∈ [--..--] or UNINITIALIZED
                                    [116..119] ∈ [--..--]
                                    [120..123] ∈ {0}
                                    [124..127] ∈ [--..--] or UNINITIALIZED
                                    [bits 1024 to 1055] ∈ {0; 1}
                                    [132..135] ∈ {0}
                                    [bits 1088 to 1151] ∈
                                    {{ &s_inbuf + [0..--] }}
                                    [bits 1152 to 1215] ∈
                                    {{ &s_outbuf + [0..--] }}
                                    [bits 1216 to 1279] ∈
                                    {{ (? *)&in_bytes }}
                                    [bits 1280 to 1343] ∈
                                    {{ (? *)&out_bytes }}
                                    [bits 1344 to 1375] ∈ {0; 4}
                                    [172..175] ∈ UNINITIALIZED
                                    [bits 1408 to 1471] ∈
                                    {{ &s_inbuf + [0..--] }}
                                    [184..199] ∈ [--..--]
                                    [200..319351] ∈
                                    [--..--] or UNINITIALIZED
[eva:final-states] Values at end of function tdefl_compress_normal:
  pSrc ∈ {{ &s_inbuf + [0..--] }}
  src_buf_left ∈ [--..--]
  flush ∈ {TDEFL_NO_FLUSH; TDEFL_FINISH}
  s_outbuf[0..1048575] ∈ [--..--] or UNINITIALIZED
  __retres ∈ {0; 1}
  __malloc_miniz_def_alloc_func_l169[0..7] ∈ {0}
                                    [8..15] ∈ {0} or UNINITIALIZED
                                    [bits 128 to 159] ∈ [8192..554460]
                                    [bits 160 to 191] ∈
                                    [1..1366] or UNINITIALIZED
                                    [bits 192 to 223] ∈
                                    [1..342] or UNINITIALIZED
                                    [bits 224 to 255] ∈
                                    {0; 1} or UNINITIALIZED
                                    [bits 256 to 287] ∈
                                    [0..4293984255] or UNINITIALIZED
                                    [36..47] ∈ [--..--] or UNINITIALIZED
                                    [bits 384 to 447] ∈
                                    {{ &__malloc_miniz_def_alloc_func_l169 +
                                       [37547..319351] }} or UNINITIALIZED
                                    [bits 448 to 511] ∈
                                    {{ &__malloc_miniz_def_alloc_func_l169 +
                                       [37546..319354] }} or UNINITIALIZED
                                    [bits 512 to 575] ∈
                                    {{ &s_outbuf + [0..--] ;
                                       &__malloc_miniz_def_alloc_func_l169 +
                                       [234154..9223372036855009961] }} or UNINITIALIZED
                                    [bits 576 to 639] ∈
                                    {{ &s_outbuf + [85180..--] ;
                                       (? *)&__malloc_miniz_def_alloc_func_l169{
                                       [234154], [319334]} }} or UNINITIALIZED
                                    [bits 640 to 671] ∈
                                    {1; 2; 3; 4; 5; 6; 7; 8} or UNINITIALIZED
                                    [84..91] ∈ [--..--] or UNINITIALIZED
                                    [bits 736 to 767] ∈
                                    {0; 1; 2; 3; 4; 5; 6; 7} or UNINITIALIZED
                                    [bits 768 to 799] ∈
                                    [0..8388607] or UNINITIALIZED
                                    [bits 800 to 831] ∈
                                    [0..2147483647] or UNINITIALIZED
                                    [bits 832 to 863] ∈
                                    [0..127] or UNINITIALIZED
                                    [bits 864 to 895] ∈
                                    [0..255] or UNINITIALIZED
                                    [112..115] ∈ [--..--] or UNINITIALIZED
                                    [116..119] ∈ [--..--]
                                    [120..123] ∈ {0}
                                    [124..127] ∈ [--..--] or UNINITIALIZED
                                    [bits 1024 to 1055] ∈ {0; 1}
                                    [132..135] ∈ {0}
                                    [bits 1088 to 1151] ∈
                                    {{ &s_inbuf + [0..--] }}
                                    [bits 1152 to 1215] ∈
                                    {{ &s_outbuf + [0..--] }}
                                    [bits 1216 to 1279] ∈
                                    {{ (? *)&in_bytes }}
                                    [bits 1280 to 1343] ∈
                                    {{ (? *)&out_bytes }}
                                    [bits 1344 to 1375] ∈ {0; 4}
                                    [172..175] ∈ UNINITIALIZED
                                    [bits 1408 to 1471] ∈
                                    {{ &s_inbuf + [0..--] }}
                                    [184..199] ∈ [--..--]
                                    [200..319351] ∈
                                    [--..--] or UNINITIALIZED
[eva:final-states] Values at end of function tdefl_compress:
  in_bytes ∈ [--..--]
  out_bytes ∈ [--..--]
  s_outbuf[0..1048575] ∈ [--..--] or UNINITIALIZED
  __retres ∈ {TDEFL_STATUS_BAD_PARAM; TDEFL_STATUS_OKAY; TDEFL_STATUS_DONE}
  __malloc_miniz_def_alloc_func_l169[0..7] ∈ {0}
                                    [8..15] ∈ {0} or UNINITIALIZED
                                    [bits 128 to 159] ∈
                                    [8192..554460] or UNINITIALIZED
                                    [bits 160 to 191] ∈
                                    [1..1366] or UNINITIALIZED
                                    [bits 192 to 223] ∈
                                    [1..342] or UNINITIALIZED
                                    [bits 224 to 255] ∈
                                    {0; 1} or UNINITIALIZED
                                    [bits 256 to 287] ∈
                                    [0..4293984255] or UNINITIALIZED
                                    [36..47] ∈ [--..--] or UNINITIALIZED
                                    [bits 384 to 447] ∈
                                    {{ &__malloc_miniz_def_alloc_func_l169 +
                                       [37547..319351] }} or UNINITIALIZED
                                    [bits 448 to 511] ∈
                                    {{ &__malloc_miniz_def_alloc_func_l169 +
                                       [37546..319354] }} or UNINITIALIZED
                                    [bits 512 to 575] ∈
                                    {{ &s_outbuf + [0..--] ;
                                       &__malloc_miniz_def_alloc_func_l169 +
                                       [234154..9223372036855009961] }} or UNINITIALIZED
                                    [bits 576 to 639] ∈
                                    {{ &s_outbuf + [85180..--] ;
                                       (? *)&__malloc_miniz_def_alloc_func_l169{
                                       [234154], [319334]} }} or UNINITIALIZED
                                    [bits 640 to 671] ∈
                                    {1; 2; 3; 4; 5; 6; 7; 8} or UNINITIALIZED
                                    [84..91] ∈ [--..--] or UNINITIALIZED
                                    [bits 736 to 767] ∈
                                    {0; 1; 2; 3; 4; 5; 6; 7} or UNINITIALIZED
                                    [bits 768 to 799] ∈
                                    [0..8388607] or UNINITIALIZED
                                    [bits 800 to 831] ∈
                                    [0..2147483647] or UNINITIALIZED
                                    [bits 832 to 863] ∈
                                    [0..127] or UNINITIALIZED
                                    [bits 864 to 895] ∈
                                    [0..255] or UNINITIALIZED
                                    [112..119] ∈ [--..--] or UNINITIALIZED
                                    [bits 960 to 991] ∈
                                    {0; 1} or UNINITIALIZED
                                    [124..127] ∈ [--..--] or UNINITIALIZED
                                    [bits 1024 to 1055] ∈
                                    {0; 1} or UNINITIALIZED
                                    [bits 1056 to 1087] ∈ {-2; 0; 1}
                                    [bits 1088 to 1151] ∈
                                    {{ &s_inbuf + [0..--] }}
                                    [bits 1152 to 1215] ∈
                                    {{ &s_outbuf + [0..--] }}
                                    [bits 1216 to 1279] ∈
                                    {{ (? *)&in_bytes }}
                                    [bits 1280 to 1343] ∈
                                    {{ (? *)&out_bytes }}
                                    [bits 1344 to 1375] ∈ {0; 4}
                                    [172..175] ∈ UNINITIALIZED
                                    [bits 1408 to 1471] ∈
                                    {{ &s_inbuf + [0..--] }}
                                    [184..199] ∈ [--..--]
                                    [200..319351] ∈
                                    [--..--] or UNINITIALIZED
[eva:final-states] Values at end of function mz_deflate:
  stream.next_in ∈ {{ &s_inbuf + [0..--] }}
        .avail_in ∈ [--..--]
        .[bits 96 to 127] ∈ {0}
        .total_in ∈ [--..--]
        .next_out ∈ {{ &s_outbuf + [0..--] }}
        .avail_out ∈ [--..--]
        .[bits 288 to 319] ∈ {0}
        .total_out ∈ [--..--]
        .msg ∈ {0}
        .state ∈
        {{ NULL ;
           (struct mz_internal_state *)&__malloc_miniz_def_alloc_func_l169 }}
        .zalloc ∈ {{ &miniz_def_alloc_func }}
        .zfree ∈ {{ &miniz_def_free_func }}
        {.opaque; .data_type; .[bits 736 to 767]} ∈ {0}
        .adler ∈ [0..4293984255]
        .reserved ∈ {0}
  in_bytes ∈ [--..--] or UNINITIALIZED
  out_bytes ∈ [--..--] or UNINITIALIZED
  orig_total_in ∈ [--..--] or UNINITIALIZED
  orig_total_out ∈ [--..--] or UNINITIALIZED
  mz_status ∈ {-2; 0; 1}
  s_outbuf[0..1048575] ∈ [--..--] or UNINITIALIZED
  __retres ∈ {-5; -2; 0; 1}
  __malloc_miniz_def_alloc_func_l169[0..15] ∈ {0} or UNINITIALIZED
                                    [bits 128 to 159] ∈
                                    [8192..554460] or UNINITIALIZED
                                    [bits 160 to 191] ∈
                                    [1..1366] or UNINITIALIZED
                                    [bits 192 to 223] ∈
                                    [1..342] or UNINITIALIZED
                                    [bits 224 to 255] ∈
                                    {0; 1} or UNINITIALIZED
                                    [bits 256 to 287] ∈
                                    [0..4293984255] or UNINITIALIZED
                                    [36..47] ∈ [--..--] or UNINITIALIZED
                                    [bits 384 to 447] ∈
                                    {{ &__malloc_miniz_def_alloc_func_l169 +
                                       [37547..319351] }} or UNINITIALIZED
                                    [bits 448 to 511] ∈
                                    {{ &__malloc_miniz_def_alloc_func_l169 +
                                       [37546..319354] }} or UNINITIALIZED
                                    [bits 512 to 575] ∈
                                    {{ &s_outbuf + [0..--] ;
                                       &__malloc_miniz_def_alloc_func_l169 +
                                       [234154..9223372036855009961] }} or UNINITIALIZED
                                    [bits 576 to 639] ∈
                                    {{ &s_outbuf + [85180..--] ;
                                       (? *)&__malloc_miniz_def_alloc_func_l169{
                                       [234154], [319334]} }} or UNINITIALIZED
                                    [bits 640 to 671] ∈
                                    {1; 2; 3; 4; 5; 6; 7; 8} or UNINITIALIZED
                                    [84..91] ∈ [--..--] or UNINITIALIZED
                                    [bits 736 to 767] ∈
                                    {0; 1; 2; 3; 4; 5; 6; 7} or UNINITIALIZED
                                    [bits 768 to 799] ∈
                                    [0..8388607] or UNINITIALIZED
                                    [bits 800 to 831] ∈
                                    [0..2147483647] or UNINITIALIZED
                                    [bits 832 to 863] ∈
                                    [0..127] or UNINITIALIZED
                                    [bits 864 to 895] ∈
                                    [0..255] or UNINITIALIZED
                                    [112..119] ∈ [--..--] or UNINITIALIZED
                                    [bits 960 to 991] ∈
                                    {0; 1} or UNINITIALIZED
                                    [124..127] ∈ [--..--] or UNINITIALIZED
                                    [bits 1024 to 1055] ∈
                                    {0; 1} or UNINITIALIZED
                                    [bits 1056 to 1087] ∈
                                    {-2; 0; 1} or UNINITIALIZED
                                    [bits 1088 to 1151] ∈
                                    {{ NULL ; &s_inbuf + [0..--] }} or UNINITIALIZED
                                    [bits 1152 to 1215] ∈
                                    {{ NULL ; &s_outbuf + [0..--] }} or UNINITIALIZED
                                    [bits 1216 to 1279] ∈
                                    {{ NULL ; (? *)&in_bytes }} or UNINITIALIZED or ESCAPINGADDR
                                    [bits 1280 to 1343] ∈
                                    {{ NULL ; (? *)&out_bytes }} or UNINITIALIZED or ESCAPINGADDR
                                    [bits 1344 to 1375] ∈
                                    {0; 4} or UNINITIALIZED
                                    [172..175] ∈ UNINITIALIZED
                                    [bits 1408 to 1471] ∈
                                    {{ NULL ; &s_inbuf + [0..--] }} or UNINITIALIZED
                                    [184..319351] ∈
                                    [--..--] or UNINITIALIZED
[eva:final-states] Values at end of function tinfl_decompress:
  in_bytes ∈ [--..--]
  out_bytes ∈ [--..--]
  status ∈
        {TINFL_STATUS_ADLER32_MISMATCH; TINFL_STATUS_FAILED;
         TINFL_STATUS_DONE; TINFL_STATUS_NEEDS_MORE_INPUT;
         TINFL_STATUS_HAS_MORE_OUTPUT}
  num_bits ∈ [0..63] or UNINITIALIZED
  dist ∈ [--..--] or UNINITIALIZED
  counter ∈ [--..--] or UNINITIALIZED
  num_extra ∈ [0..13] or UNINITIALIZED
  bit_buf ∈ [--..--] or UNINITIALIZED
  pIn_buf_cur ∈ {{ &s_inbuf + [0..--] }}
  pIn_buf_end ∈ {{ &s_inbuf + [0..--] }}
  pOut_buf_cur ∈
              {{ &__malloc_miniz_def_alloc_func_l169_0 +
                 [11020..9223372036854819594] }}
  pOut_buf_end ∈
              {{ &__malloc_miniz_def_alloc_func_l169_0 + [11021..76555] }}
  out_buf_size_mask ∈ [0..65534]
  dist_from_out_buf_start ∈ [--..--] or UNINITIALIZED
  __retres ∈
          {TINFL_STATUS_BAD_PARAM; TINFL_STATUS_ADLER32_MISMATCH;
           TINFL_STATUS_FAILED; TINFL_STATUS_DONE;
           TINFL_STATUS_NEEDS_MORE_INPUT; TINFL_STATUS_HAS_MORE_OUTPUT}
  __malloc_miniz_def_alloc_func_l169_0[bits 0 to 31] ∈
                                      [0..53] or UNINITIALIZED
                                      [4..7] ∈ [--..--] or UNINITIALIZED
                                      [bits 64 to 127]# ∈
                                      [0..255] or UNINITIALIZED repeated %32 
                                      [16..19] ∈ [--..--] or UNINITIALIZED
                                      [bits 160 to 191] ∈
                                      {0; 1; 2; 3; 4; 5; 6; 7} or UNINITIALIZED
                                      [24..27] ∈ [--..--] or UNINITIALIZED
                                      [bits 224 to 255] ∈
                                      [0..4293984255] or UNINITIALIZED
                                      [32..39] ∈ [--..--] or UNINITIALIZED
                                      [bits 320 to 351] ∈
                                      [0..13] or UNINITIALIZED
                                      [44..55] ∈ [--..--] or UNINITIALIZED
                                      [bits 448 to 511] ∈
                                      [0..9223372036854775807] or UNINITIALIZED
                                      [64..43791] ∈
                                      [--..--] or UNINITIALIZED
[eva:final-states] Values at end of function mz_inflate:
  stream.next_in ∈ {{ &s_inbuf + [0..--] }}
        .avail_in ∈ [--..--]
        .[bits 96 to 127] ∈ {0}
        .total_in ∈ [--..--]
        .next_out ∈ {{ &s_outbuf + [0..--] }}
        .avail_out ∈ [--..--]
        .[bits 288 to 319] ∈ {0}
        .total_out ∈ [--..--]
        .msg ∈ {0}
        .state ∈
        {{ NULL ;
           (struct mz_internal_state *)&__malloc_miniz_def_alloc_func_l169_0 }}
        .zalloc ∈ {{ &miniz_def_alloc_func }}
        .zfree ∈ {{ &miniz_def_free_func }}
        {.opaque; .data_type; .[bits 736 to 767]} ∈ {0}
        .adler ∈ [0..4293984255]
        .reserved ∈ {0}
  pState ∈
        {{ (inflate_state *)&__malloc_miniz_def_alloc_func_l169_0 }} or UNINITIALIZED
  n ∈ [--..--] or UNINITIALIZED
  first_call ∈ [--..--] or UNINITIALIZED
  decomp_flags ∈ {8; 9; 10; 11}
  in_bytes ∈ [--..--] or UNINITIALIZED
  out_bytes ∈ [--..--] or UNINITIALIZED
  orig_avail_in ∈ [0..4294967295] or UNINITIALIZED
  status ∈
        {TINFL_STATUS_BAD_PARAM; TINFL_STATUS_ADLER32_MISMATCH;
         TINFL_STATUS_FAILED; TINFL_STATUS_DONE;
         TINFL_STATUS_NEEDS_MORE_INPUT; TINFL_STATUS_HAS_MORE_OUTPUT} or UNINITIALIZED
  s_outbuf[0..1048575] ∈ [--..--] or UNINITIALIZED
  __retres ∈ {-5; -3; -2; 0; 1}
  __malloc_miniz_def_alloc_func_l169_0[bits 0 to 31] ∈
                                      [0..53] or UNINITIALIZED
                                      [4..7] ∈ [--..--] or UNINITIALIZED
                                      [bits 64 to 127]# ∈
                                      [0..255] or UNINITIALIZED repeated %32 
                                      [16..19] ∈ [--..--] or UNINITIALIZED
                                      [bits 160 to 191] ∈
                                      {0; 1; 2; 3; 4; 5; 6; 7} or UNINITIALIZED
                                      [24..27] ∈ [--..--] or UNINITIALIZED
                                      [bits 224 to 255] ∈
                                      [0..4293984255] or UNINITIALIZED
                                      [32..39] ∈ [--..--] or UNINITIALIZED
                                      [bits 320 to 351] ∈
                                      [0..13] or UNINITIALIZED
                                      [44..55] ∈ [--..--] or UNINITIALIZED
                                      [bits 448 to 511] ∈
                                      [0..9223372036854775807] or UNINITIALIZED
                                      [64..10999] ∈
                                      [--..--] or UNINITIALIZED
                                      [bits 88000 to 88031] ∈
                                      [0..32767] or UNINITIALIZED
                                      [11004..43787] ∈
                                      [--..--] or UNINITIALIZED
                                      [bits 350304 to 350335] ∈
                                      {-3; -2; -1; 0; 1; 2} or UNINITIALIZED
[eva:final-states] Values at end of function main:
  __fc_errno ∈ [--..--]
  __fc_fopen[0..15] ∈ [--..--]
  __fc_heap_status ∈ [--..--]
  pMode ∈ {{ &argv1[0] ; &argv2[0] }} or UNINITIALIZED
  pInfile ∈
         {{ NULL ;
            &__fc_fopen{[0], [1], [2], [3], [4], [5], [6], [7], [8], [9],
                        [10], [11], [12], [13], [14], [15]} }} or UNINITIALIZED
  pOutfile ∈
          {{ NULL ;
             &__fc_fopen{[0], [1], [2], [3], [4], [5], [6], [7], [8], [9],
                         [10], [11], [12], [13], [14], [15]} }} or UNINITIALIZED
  infile_size ∈ [0..2147483647] or UNINITIALIZED
  level ∈ [--..--]
  stream.next_in ∈ {{ &s_inbuf + [0..--] }} or UNINITIALIZED
        .avail_in ∈ [--..--] or UNINITIALIZED
        .[bits 96 to 127] ∈ {0} or UNINITIALIZED
        .total_in ∈ [--..--] or UNINITIALIZED
        .next_out ∈ {{ &s_outbuf + [0..--] }} or UNINITIALIZED
        .avail_out ∈ [--..--] or UNINITIALIZED
        .[bits 288 to 319] ∈ {0} or UNINITIALIZED
        .total_out ∈ [--..--] or UNINITIALIZED
        .msg ∈ {0} or UNINITIALIZED
        .state ∈
        {{ NULL ;
           (struct mz_internal_state *)&__malloc_miniz_def_alloc_func_l169 ;
           (struct mz_internal_state *)&__malloc_miniz_def_alloc_func_l169_0 }} or UNINITIALIZED
        .zalloc ∈ {{ NULL ; &miniz_def_alloc_func }} or UNINITIALIZED
        .zfree ∈ {{ NULL ; &miniz_def_free_func }} or UNINITIALIZED
        {.opaque; .data_type; .[bits 736 to 767]} ∈ {0} or UNINITIALIZED
        .adler ∈ [0..4293984255] or UNINITIALIZED
        .reserved ∈ {0} or UNINITIALIZED
  p ∈ [1..2147483647]
  pSrc_filename ∈ {{ &argv2[0] ; &argv3[0] }} or UNINITIALIZED
  pDst_filename ∈ {{ &argv3[0] ; &argv4[0] }} or UNINITIALIZED
  file_loc ∈ [-1..9223372036854775807] or UNINITIALIZED
  s_inbuf[0..1048575] ∈ [--..--]
  s_outbuf[0..1048575] ∈ [--..--] or UNINITIALIZED
  __retres ∈ {0; 1}
  S___fc_stdout[0..1] ∈ [--..--]
  __malloc_miniz_def_alloc_func_l169[0..15] ∈ {0} or UNINITIALIZED
                                    [bits 128 to 159] ∈
                                    [8192..554460] or UNINITIALIZED
                                    [bits 160 to 191] ∈
                                    [1..1366] or UNINITIALIZED
                                    [bits 192 to 223] ∈
                                    [1..342] or UNINITIALIZED
                                    [bits 224 to 255] ∈
                                    {0; 1} or UNINITIALIZED
                                    [bits 256 to 287] ∈
                                    [0..4293984255] or UNINITIALIZED
                                    [36..47] ∈ [--..--] or UNINITIALIZED
                                    [bits 384 to 447] ∈
                                    {{ &__malloc_miniz_def_alloc_func_l169 +
                                       [37547..319351] }} or UNINITIALIZED
                                    [bits 448 to 511] ∈
                                    {{ &__malloc_miniz_def_alloc_func_l169 +
                                       [37546..319354] }} or UNINITIALIZED
                                    [bits 512 to 575] ∈
                                    {{ &s_outbuf + [0..--] ;
                                       &__malloc_miniz_def_alloc_func_l169 +
                                       [234154..9223372036855009961] }} or UNINITIALIZED
                                    [bits 576 to 639] ∈
                                    {{ &s_outbuf + [85180..--] ;
                                       (? *)&__malloc_miniz_def_alloc_func_l169{
                                       [234154], [319334]} }} or UNINITIALIZED
                                    [bits 640 to 671] ∈
                                    {1; 2; 3; 4; 5; 6; 7; 8} or UNINITIALIZED
                                    [84..91] ∈ [--..--] or UNINITIALIZED
                                    [bits 736 to 767] ∈
                                    {0; 1; 2; 3; 4; 5; 6; 7} or UNINITIALIZED
                                    [bits 768 to 799] ∈
                                    [0..8388607] or UNINITIALIZED
                                    [bits 800 to 831] ∈
                                    [0..2147483647] or UNINITIALIZED
                                    [bits 832 to 863] ∈
                                    [0..127] or UNINITIALIZED
                                    [bits 864 to 895] ∈
                                    [0..255] or UNINITIALIZED
                                    [112..119] ∈ [--..--] or UNINITIALIZED
                                    [bits 960 to 991] ∈
                                    {0; 1} or UNINITIALIZED
                                    [124..127] ∈ [--..--] or UNINITIALIZED
                                    [bits 1024 to 1055] ∈
                                    {0; 1} or UNINITIALIZED
                                    [bits 1056 to 1087] ∈
                                    {-2; 0; 1} or UNINITIALIZED
                                    [bits 1088 to 1151] ∈
                                    {{ NULL ; &s_inbuf + [0..--] }} or UNINITIALIZED
                                    [bits 1152 to 1215] ∈
                                    {{ NULL ; &s_outbuf + [0..--] }} or UNINITIALIZED
                                    [152..167] ∈
                                    {0} or UNINITIALIZED or ESCAPINGADDR
                                    [bits 1344 to 1375] ∈
                                    {0; 4} or UNINITIALIZED
                                    [172..175] ∈ UNINITIALIZED
                                    [bits 1408 to 1471] ∈
                                    {{ NULL ; &s_inbuf + [0..--] }} or UNINITIALIZED
                                    [184..319351] ∈
                                    [--..--] or UNINITIALIZED
  __malloc_miniz_def_alloc_func_l169_0[bits 0 to 31] ∈
                                      [0..53] or UNINITIALIZED
                                      [4..7] ∈ [--..--] or UNINITIALIZED
                                      [bits 64 to 127]# ∈
                                      [0..255] or UNINITIALIZED repeated %32 
                                      [16..19] ∈ [--..--] or UNINITIALIZED
                                      [bits 160 to 191] ∈
                                      {0; 1; 2; 3; 4; 5; 6; 7} or UNINITIALIZED
                                      [24..27] ∈ [--..--] or UNINITIALIZED
                                      [bits 224 to 255] ∈
                                      [0..4293984255] or UNINITIALIZED
                                      [32..39] ∈ [--..--] or UNINITIALIZED
                                      [bits 320 to 351] ∈
                                      [0..13] or UNINITIALIZED
                                      [44..55] ∈ [--..--] or UNINITIALIZED
                                      [bits 448 to 511] ∈
                                      [0..9223372036854775807] or UNINITIALIZED
                                      [64..10999] ∈
                                      [--..--] or UNINITIALIZED
                                      [bits 88000 to 88031] ∈
                                      [0..32767] or UNINITIALIZED
                                      [11004..43787] ∈
                                      [--..--] or UNINITIALIZED
                                      [bits 350304 to 350335] ∈
                                      {-3; -2; -1; 0; 1; 2} or UNINITIALIZED
[eva:final-states] Values at end of function eva_main:
  Frama_C_entropy_source ∈ [--..--]
  argc ∈ {0; 1; 2; 3; 4; 5}
  argv0[0..254] ∈ [--..--]
       [255] ∈ {0}
  argv1[0..254] ∈ [--..--]
       [255] ∈ {0}
  argv2[0..254] ∈ [--..--]
       [255] ∈ {0}
  argv3[0..254] ∈ [--..--]
       [255] ∈ {0}
  argv4[0..254] ∈ [--..--]
       [255] ∈ {0}
  argv[0] ∈ {{ &argv0[0] }}
      [1] ∈ {{ &argv1[0] }}
      [2] ∈ {{ &argv2[0] }}
      [3] ∈ {{ &argv3[0] }}
      [4] ∈ {{ &argv4[0] }}
      [5] ∈ {0}
  __fc_errno ∈ [--..--]
  __fc_fopen[0..15] ∈ [--..--]
  __fc_heap_status ∈ [--..--]
  s_inbuf[0..1048575] ∈ [--..--]
  s_outbuf[0..1048575] ∈ [--..--] or UNINITIALIZED
  S___fc_stdout[0..1] ∈ [--..--]
  __malloc_miniz_def_alloc_func_l169[0..15] ∈ {0} or UNINITIALIZED
                                    [bits 128 to 159] ∈
                                    [8192..554460] or UNINITIALIZED
                                    [bits 160 to 191] ∈
                                    [1..1366] or UNINITIALIZED
                                    [bits 192 to 223] ∈
                                    [1..342] or UNINITIALIZED
                                    [bits 224 to 255] ∈
                                    {0; 1} or UNINITIALIZED
                                    [bits 256 to 287] ∈
                                    [0..4293984255] or UNINITIALIZED
                                    [36..47] ∈ [--..--] or UNINITIALIZED
                                    [bits 384 to 447] ∈
                                    {{ &__malloc_miniz_def_alloc_func_l169 +
                                       [37547..319351] }} or UNINITIALIZED
                                    [bits 448 to 511] ∈
                                    {{ &__malloc_miniz_def_alloc_func_l169 +
                                       [37546..319354] }} or UNINITIALIZED
                                    [bits 512 to 575] ∈
                                    {{ &s_outbuf + [0..--] ;
                                       &__malloc_miniz_def_alloc_func_l169 +
                                       [234154..9223372036855009961] }} or UNINITIALIZED
                                    [bits 576 to 639] ∈
                                    {{ &s_outbuf + [85180..--] ;
                                       (? *)&__malloc_miniz_def_alloc_func_l169{
                                       [234154], [319334]} }} or UNINITIALIZED
                                    [bits 640 to 671] ∈
                                    {1; 2; 3; 4; 5; 6; 7; 8} or UNINITIALIZED
                                    [84..91] ∈ [--..--] or UNINITIALIZED
                                    [bits 736 to 767] ∈
                                    {0; 1; 2; 3; 4; 5; 6; 7} or UNINITIALIZED
                                    [bits 768 to 799] ∈
                                    [0..8388607] or UNINITIALIZED
                                    [bits 800 to 831] ∈
                                    [0..2147483647] or UNINITIALIZED
                                    [bits 832 to 863] ∈
                                    [0..127] or UNINITIALIZED
                                    [bits 864 to 895] ∈
                                    [0..255] or UNINITIALIZED
                                    [112..119] ∈ [--..--] or UNINITIALIZED
                                    [bits 960 to 991] ∈
                                    {0; 1} or UNINITIALIZED
                                    [124..127] ∈ [--..--] or UNINITIALIZED
                                    [bits 1024 to 1055] ∈
                                    {0; 1} or UNINITIALIZED
                                    [bits 1056 to 1087] ∈
                                    {-2; 0; 1} or UNINITIALIZED
                                    [bits 1088 to 1151] ∈
                                    {{ NULL ; &s_inbuf + [0..--] }} or UNINITIALIZED
                                    [bits 1152 to 1215] ∈
                                    {{ NULL ; &s_outbuf + [0..--] }} or UNINITIALIZED
                                    [152..167] ∈
                                    {0} or UNINITIALIZED or ESCAPINGADDR
                                    [bits 1344 to 1375] ∈
                                    {0; 4} or UNINITIALIZED
                                    [172..175] ∈ UNINITIALIZED
                                    [bits 1408 to 1471] ∈
                                    {{ NULL ; &s_inbuf + [0..--] }} or UNINITIALIZED
                                    [184..319351] ∈
                                    [--..--] or UNINITIALIZED
  __malloc_miniz_def_alloc_func_l169_0[bits 0 to 31] ∈
                                      [0..53] or UNINITIALIZED
                                      [4..7] ∈ [--..--] or UNINITIALIZED
                                      [bits 64 to 127]# ∈
                                      [0..255] or UNINITIALIZED repeated %32 
                                      [16..19] ∈ [--..--] or UNINITIALIZED
                                      [bits 160 to 191] ∈
                                      {0; 1; 2; 3; 4; 5; 6; 7} or UNINITIALIZED
                                      [24..27] ∈ [--..--] or UNINITIALIZED
                                      [bits 224 to 255] ∈
                                      [0..4293984255] or UNINITIALIZED
                                      [32..39] ∈ [--..--] or UNINITIALIZED
                                      [bits 320 to 351] ∈
                                      [0..13] or UNINITIALIZED
                                      [44..55] ∈ [--..--] or UNINITIALIZED
                                      [bits 448 to 511] ∈
                                      [0..9223372036854775807] or UNINITIALIZED
                                      [64..10999] ∈
                                      [--..--] or UNINITIALIZED
                                      [bits 88000 to 88031] ∈
                                      [0..32767] or UNINITIALIZED
                                      [11004..43787] ∈
                                      [--..--] or UNINITIALIZED
                                      [bits 350304 to 350335] ∈
                                      {-3; -2; -1; 0; 1; 2} or UNINITIALIZED
[eva:summary] ====== ANALYSIS SUMMARY ======
  ----------------------------------------------------------------------------
  36 functions analyzed (out of 64): 56% coverage.
  In these functions, 3489 statements reached (out of 3747): 93% coverage.
  ----------------------------------------------------------------------------
  Some errors and warnings have been raised during the analysis:
    by the Eva analyzer:      0 errors    2 warnings
    by the Frama-C kernel:    0 errors    0 warnings
  ----------------------------------------------------------------------------
  577 alarms generated by the analysis:
     230 accesses to uninitialized left-values
     130 invalid memory accesses
      62 accesses out of bounds index
      50 integer overflows
      39 invalid shifts
      66 others
  ----------------------------------------------------------------------------
  Evaluation of the logical properties reached by the analysis:
    Assertions        0 valid     0 unknown     0 invalid      0 total
    Preconditions   111 valid    47 unknown     0 invalid    158 total
  70% of the logical properties reached have been proven.
  ----------------------------------------------------------------------------
17.10user 0.43system 0:17.54elapsed 99%CPU (0avgtext+0avgdata 332384maxresident)k
0inputs+10288outputs (0major+86030minor)pagefaults 0swaps
