[kernel] Parsing jsmn.c (with preprocessing)
[kernel] Parsing example/simple.c (with preprocessing)
[eva] Analyzing a complete application starting at main
[eva:initial-state] Values of globals at initialization
  JSON_STRING ∈
             {{ "{\"user\": \"johndoe\", \"admin\": false, \"uid\": 1000,\n  \"groups\": [\"users\", \"wheel\", \"audio\", \"video\"]}" }}
[eva] jsmn.c:158: starting to merge loop iterations
[eva:alarm] jsmn.c:173: Warning: 
  accessing uninitialized left-value.
  assert \initialized(&(tokens + parser->toksuper)->size);
[eva] jsmn.c:93: starting to merge loop iterations
[eva:alarm] jsmn.c:236: Warning: 
  accessing uninitialized left-value.
  assert \initialized(&(tokens + parser->toksuper)->size);
[eva:alarm] jsmn.c:211: Warning: 
  accessing uninitialized left-value. assert \initialized(&token->start);
[eva:alarm] jsmn.c:211: Warning: 
  accessing uninitialized left-value. assert \initialized(&token->end);
[eva:alarm] jsmn.c:212: Warning: 
  accessing uninitialized left-value. assert \initialized(&token->type);
[eva:alarm] jsmn.c:224: Warning: 
  accessing uninitialized left-value. assert \initialized(&token->start);
[eva:alarm] jsmn.c:224: Warning: 
  accessing uninitialized left-value. assert \initialized(&token->end);
[eva] jsmn.c:222: starting to merge loop iterations
[eva:alarm] jsmn.c:245: Warning: 
  accessing uninitialized left-value.
  assert \initialized(&(tokens + parser->toksuper)->type);
[eva:alarm] jsmn.c:246: Warning: 
  accessing uninitialized left-value.
  assert \initialized(&(tokens + parser->toksuper)->type);
[eva:alarm] jsmn.c:251: Warning: 
  accessing uninitialized left-value. assert \initialized(&(tokens + i)->type);
[eva:alarm] jsmn.c:251: Warning: 
  accessing uninitialized left-value. assert \initialized(&(tokens + i)->type);
[eva:alarm] jsmn.c:252: Warning: 
  accessing uninitialized left-value.
  assert \initialized(&(tokens + i)->start);
[eva:alarm] jsmn.c:252: Warning: 
  accessing uninitialized left-value. assert \initialized(&(tokens + i)->end);
[eva:alarm] jsmn.c:282: Warning: 
  accessing uninitialized left-value.
  assert \initialized(&(tokens + parser->toksuper)->size);
[eva:alarm] jsmn.c:165: Warning: 
  signed overflow. assert count + 1 ≤ 2147483647;
[eva:alarm] jsmn.c:173: Warning: 
  out of bounds write. assert \valid(&(tokens + parser->toksuper)->size);
[eva:alarm] jsmn.c:173: Warning: 
  signed overflow. assert (tokens + parser->toksuper)->size + 1 ≤ 2147483647;
[eva] jsmn.c:209: starting to merge loop iterations
[eva:alarm] jsmn.c:211: Warning: 
  out of bounds read. assert \valid_read(&token->start);
[eva:alarm] jsmn.c:224: Warning: 
  out of bounds read. assert \valid_read(&token->start);
[eva:alarm] jsmn.c:234: Warning: 
  signed overflow. assert count + 1 ≤ 2147483647;
[eva:alarm] jsmn.c:236: Warning: 
  out of bounds write. assert \valid(&(tokens + parser->toksuper)->size);
[eva:alarm] jsmn.c:236: Warning: 
  signed overflow. assert (tokens + parser->toksuper)->size + 1 ≤ 2147483647;
[eva:alarm] jsmn.c:245: Warning: 
  out of bounds read. assert \valid_read(&(tokens + parser->toksuper)->type);
[eva] jsmn.c:250: starting to merge loop iterations
[eva:alarm] jsmn.c:251: Warning: 
  out of bounds read. assert \valid_read(&(tokens + i)->type);
[eva:alarm] jsmn.c:280: Warning: 
  signed overflow. assert count + 1 ≤ 2147483647;
[eva:alarm] jsmn.c:282: Warning: 
  out of bounds write. assert \valid(&(tokens + parser->toksuper)->size);
[eva:alarm] jsmn.c:282: Warning: 
  signed overflow. assert (tokens + parser->toksuper)->size + 1 ≤ 2147483647;
[eva:alarm] jsmn.c:296: Warning: 
  accessing uninitialized left-value.
  assert \initialized(&(tokens + i)->start);
[eva:alarm] jsmn.c:296: Warning: 
  out of bounds read. assert \valid_read(&(tokens + i)->start);
[eva:alarm] jsmn.c:296: Warning: 
  accessing uninitialized left-value. assert \initialized(&(tokens + i)->end);
[eva] using specification for function printf_va_1
[eva:alarm] example/simple.c:37: Warning: 
  accessing uninitialized left-value. assert \initialized(&t[0].type);
[eva] using specification for function printf_va_2
[eva:alarm] example/simple.c:16: Warning: 
  accessing uninitialized left-value. assert \initialized(&tok->type);
[eva:alarm] example/simple.c:16: Warning: 
  accessing uninitialized left-value. assert \initialized(&tok->end);
[eva:alarm] example/simple.c:16: Warning: 
  accessing uninitialized left-value. assert \initialized(&tok->start);
[eva:alarm] example/simple.c:16: Warning: 
  signed overflow. assert tok->end - tok->start ≤ 2147483647;
[eva:alarm] example/simple.c:17: Warning: 
  signed overflow. assert tok->end - tok->start ≤ 2147483647;
[eva] using specification for function strncmp
[eva:alarm] example/simple.c:17: Warning: 
  function strncmp: precondition 'valid_string_s1' got status unknown.
[eva] FRAMAC_SHARE/libc/string.h:163: 
  cannot evaluate ACSL term, unsupported ACSL construct: logic function strncmp
[eva:alarm] example/simple.c:46: Warning: 
  accessing uninitialized left-value.
  assert \initialized(&t[(int)(i + 1)].start);
[eva:alarm] example/simple.c:46: Warning: 
  accessing uninitialized left-value.
  assert \initialized(&t[(int)(i + 1)].end);
[eva] using specification for function printf_va_3
[eva:alarm] example/simple.c:46: Warning: 
  function printf_va_3: precondition valid_read_nstring(param1, param0) got status unknown.
[eva:alarm] example/simple.c:51: Warning: 
  accessing uninitialized left-value.
  assert \initialized(&t[(int)(i + 1)].start);
[eva:alarm] example/simple.c:51: Warning: 
  accessing uninitialized left-value.
  assert \initialized(&t[(int)(i + 1)].end);
[eva] using specification for function printf_va_4
[eva:alarm] example/simple.c:51: Warning: 
  function printf_va_4: precondition valid_read_nstring(param1, param0) got status unknown.
[eva:alarm] example/simple.c:56: Warning: 
  accessing uninitialized left-value.
  assert \initialized(&t[(int)(i + 1)].start);
[eva:alarm] example/simple.c:56: Warning: 
  accessing uninitialized left-value.
  assert \initialized(&t[(int)(i + 1)].end);
[eva] using specification for function printf_va_5
[eva:alarm] example/simple.c:56: Warning: 
  function printf_va_5: precondition valid_read_nstring(param1, param0) got status unknown.
[eva] using specification for function printf_va_6
[eva:alarm] example/simple.c:62: Warning: 
  accessing uninitialized left-value.
  assert \initialized(&t[(int)(i + 1)].type);
[eva:alarm] example/simple.c:65: Warning: 
  accessing uninitialized left-value.
  assert \initialized(&t[(int)(i + 1)].size);
[eva:alarm] example/simple.c:67: Warning: 
  accessing uninitialized left-value. assert \initialized(&g->start);
[eva:alarm] example/simple.c:67: Warning: 
  accessing uninitialized left-value. assert \initialized(&g->end);
[eva] using specification for function printf_va_7
[eva:alarm] example/simple.c:67: Warning: 
  function printf_va_7: precondition valid_read_nstring(param1, param0) got status unknown.
[eva] example/simple.c:65: starting to merge loop iterations
[eva:alarm] example/simple.c:66: Warning: 
  signed overflow. assert (int)(i + j) + 2 ≤ 2147483647;
[eva:alarm] example/simple.c:67: Warning: 
  out of bounds read. assert \valid_read(&g->start);
[eva:alarm] example/simple.c:67: Warning: 
  signed overflow. assert g->end - g->start ≤ 2147483647;
[eva:alarm] example/simple.c:69: Warning: 
  signed overflow. assert t[(int)(i + 1)].size + 1 ≤ 2147483647;
[eva:alarm] example/simple.c:69: Warning: 
  signed overflow. assert i + (int)(t[(int)(i + 1)].size + 1) ≤ 2147483647;
[eva:alarm] example/simple.c:71: Warning: 
  accessing uninitialized left-value. assert \initialized(&t[i].start);
[eva:alarm] example/simple.c:71: Warning: 
  accessing uninitialized left-value. assert \initialized(&t[i].end);
[eva:alarm] example/simple.c:71: Warning: 
  signed overflow. assert t[i].end - t[i].start ≤ 2147483647;
[eva] using specification for function printf_va_8
[eva:alarm] example/simple.c:71: Warning: 
  function printf_va_8: precondition valid_read_nstring(param1, param0) got status unknown.
[eva:alarm] example/simple.c:43: Warning: 
  signed overflow. assert i + 1 ≤ 2147483647;
[eva] example/simple.c:43: starting to merge loop iterations
[eva:alarm] example/simple.c:16: Warning: 
  out of bounds read. assert \valid_read(&tok->type);
[eva:alarm] example/simple.c:17: Warning: 
  accessing uninitialized left-value. assert \initialized(&tok->end);
[eva:alarm] example/simple.c:17: Warning: 
  accessing uninitialized left-value. assert \initialized(&tok->start);
[eva:alarm] example/simple.c:46: Warning: 
  accessing out of bounds index. assert (int)(i + 1) < 128;
[eva:alarm] example/simple.c:46: Warning: 
  signed overflow.
  assert t[(int)(i + 1)].end - t[(int)(i + 1)].start ≤ 2147483647;
[eva:alarm] example/simple.c:51: Warning: 
  accessing out of bounds index. assert (int)(i + 1) < 128;
[eva:alarm] example/simple.c:51: Warning: 
  signed overflow.
  assert t[(int)(i + 1)].end - t[(int)(i + 1)].start ≤ 2147483647;
[eva:alarm] example/simple.c:56: Warning: 
  accessing out of bounds index. assert (int)(i + 1) < 128;
[eva:alarm] example/simple.c:56: Warning: 
  signed overflow.
  assert t[(int)(i + 1)].end - t[(int)(i + 1)].start ≤ 2147483647;
[eva:alarm] example/simple.c:62: Warning: 
  accessing out of bounds index. assert (int)(i + 1) < 128;
[eva:alarm] example/simple.c:66: Warning: 
  signed overflow. assert i + j ≤ 2147483647;
[eva:alarm] example/simple.c:69: Warning: 
  accessing uninitialized left-value.
  assert \initialized(&t[(int)(i + 1)].size);
[eva:alarm] example/simple.c:71: Warning: 
  accessing out of bounds index. assert i < 128;
[scope:rm_asserts] removing 6 assertion(s)
[eva] ====== VALUES COMPUTED ======
[eva:final-states] Values at end of function jsmn_alloc_token:
  tok ∈ {{ &t + [0..2032],0%16 }} or UNINITIALIZED
  p.pos ∈ [0..97]
   .toknext ∈ [1..2147483647]
   .toksuper ∈ [--..--]
  t[0].type ∈ [1..2147483647] or UNINITIALIZED
   [0]{.start; .end} ∈ [-1..2147483647] or UNINITIALIZED
   [0].size ∈ [0..2147483647] or UNINITIALIZED
   [1].type ∈ [1..2147483647] or UNINITIALIZED
   [1]{.start; .end} ∈ [-1..2147483647] or UNINITIALIZED
   [1].size ∈ [0..2147483647] or UNINITIALIZED
   [2].type ∈
   {JSMN_OBJECT; JSMN_ARRAY; JSMN_STRING; JSMN_PRIMITIVE} or UNINITIALIZED
   [2]{.start; .end} ∈ [-1..98] or UNINITIALIZED
   [2].size ∈ [0..2147483647] or UNINITIALIZED
   [3].type ∈
   {JSMN_OBJECT; JSMN_ARRAY; JSMN_STRING; JSMN_PRIMITIVE} or UNINITIALIZED
   [3]{.start; .end} ∈ [-1..98] or UNINITIALIZED
   [3].size ∈ [0..2147483647] or UNINITIALIZED
   [4].type ∈
   {JSMN_OBJECT; JSMN_ARRAY; JSMN_STRING; JSMN_PRIMITIVE} or UNINITIALIZED
   [4]{.start; .end} ∈ [-1..98] or UNINITIALIZED
   [4].size ∈ [0..2147483647] or UNINITIALIZED
   [5].type ∈
   {JSMN_OBJECT; JSMN_ARRAY; JSMN_STRING; JSMN_PRIMITIVE} or UNINITIALIZED
   [5]{.start; .end} ∈ [-1..98] or UNINITIALIZED
   [5].size ∈ [0..2147483647] or UNINITIALIZED
   [6].type ∈
   {JSMN_OBJECT; JSMN_ARRAY; JSMN_STRING; JSMN_PRIMITIVE} or UNINITIALIZED
   [6]{.start; .end} ∈ [-1..98] or UNINITIALIZED
   [6].size ∈ [0..2147483647] or UNINITIALIZED
   [7].type ∈
   {JSMN_OBJECT; JSMN_ARRAY; JSMN_STRING; JSMN_PRIMITIVE} or UNINITIALIZED
   [7]{.start; .end} ∈ [-1..98] or UNINITIALIZED
   [7].size ∈ [0..2147483647] or UNINITIALIZED
   [8].type ∈
   {JSMN_OBJECT; JSMN_ARRAY; JSMN_STRING; JSMN_PRIMITIVE} or UNINITIALIZED
   [8]{.start; .end} ∈ [-1..98] or UNINITIALIZED
   [8].size ∈ [0..2147483647] or UNINITIALIZED
   [9].type ∈
   {JSMN_OBJECT; JSMN_ARRAY; JSMN_STRING; JSMN_PRIMITIVE} or UNINITIALIZED
   [9]{.start; .end} ∈ [-1..98] or UNINITIALIZED
   [9].size ∈ [0..2147483647] or UNINITIALIZED
   [10].type ∈
   {JSMN_OBJECT; JSMN_ARRAY; JSMN_STRING; JSMN_PRIMITIVE} or UNINITIALIZED
   [10]{.start; .end} ∈ [-1..98] or UNINITIALIZED
   [10].size ∈ [0..2147483647] or UNINITIALIZED
   [11].type ∈
   {JSMN_OBJECT; JSMN_ARRAY; JSMN_STRING; JSMN_PRIMITIVE} or UNINITIALIZED
   [11]{.start; .end} ∈ [-1..98] or UNINITIALIZED
   [11].size ∈ [0..2147483647] or UNINITIALIZED
   [12].type ∈
   {JSMN_OBJECT; JSMN_ARRAY; JSMN_STRING; JSMN_PRIMITIVE} or UNINITIALIZED
   [12]{.start; .end} ∈ [-1..98] or UNINITIALIZED
   [12].size ∈ [0..2147483647] or UNINITIALIZED
   [13].type ∈
   {JSMN_OBJECT; JSMN_ARRAY; JSMN_STRING; JSMN_PRIMITIVE} or UNINITIALIZED
   [13]{.start; .end} ∈ [-1..98] or UNINITIALIZED
   [13].size ∈ [0..2147483647] or UNINITIALIZED
   [14].type ∈
   {JSMN_OBJECT; JSMN_ARRAY; JSMN_STRING; JSMN_PRIMITIVE} or UNINITIALIZED
   [14]{.start; .end} ∈ [-1..98] or UNINITIALIZED
   [14].size ∈ [0..2147483647] or UNINITIALIZED
   [15].type ∈
   {JSMN_OBJECT; JSMN_ARRAY; JSMN_STRING; JSMN_PRIMITIVE} or UNINITIALIZED
   [15]{.start; .end} ∈ [-1..98] or UNINITIALIZED
   [15].size ∈ [0..2147483647] or UNINITIALIZED
   [16].type ∈
   {JSMN_OBJECT; JSMN_ARRAY; JSMN_STRING; JSMN_PRIMITIVE} or UNINITIALIZED
   [16]{.start; .end} ∈ [-1..98] or UNINITIALIZED
   [16].size ∈ [0..2147483647] or UNINITIALIZED
   [17].type ∈
   {JSMN_OBJECT; JSMN_ARRAY; JSMN_STRING; JSMN_PRIMITIVE} or UNINITIALIZED
   [17]{.start; .end} ∈ [-1..98] or UNINITIALIZED
   [17].size ∈ [0..2147483647] or UNINITIALIZED
   [18].type ∈
   {JSMN_OBJECT; JSMN_ARRAY; JSMN_STRING; JSMN_PRIMITIVE} or UNINITIALIZED
   [18]{.start; .end} ∈ [-1..98] or UNINITIALIZED
   [18].size ∈ [0..2147483647] or UNINITIALIZED
   [19].type ∈
   {JSMN_OBJECT; JSMN_ARRAY; JSMN_STRING; JSMN_PRIMITIVE} or UNINITIALIZED
   [19]{.start; .end} ∈ [-1..98] or UNINITIALIZED
   [19].size ∈ [0..2147483647] or UNINITIALIZED
   [20].type ∈
   {JSMN_OBJECT; JSMN_ARRAY; JSMN_STRING; JSMN_PRIMITIVE} or UNINITIALIZED
   [20]{.start; .end} ∈ [-1..98] or UNINITIALIZED
   [20].size ∈ [0..2147483647] or UNINITIALIZED
   [21].type ∈
   {JSMN_OBJECT; JSMN_ARRAY; JSMN_STRING; JSMN_PRIMITIVE} or UNINITIALIZED
   [21]{.start; .end} ∈ [-1..98] or UNINITIALIZED
   [21].size ∈ [0..2147483647] or UNINITIALIZED
   [22].type ∈
   {JSMN_OBJECT; JSMN_ARRAY; JSMN_STRING; JSMN_PRIMITIVE} or UNINITIALIZED
   [22]{.start; .end} ∈ [-1..98] or UNINITIALIZED
   [22].size ∈ [0..2147483647] or UNINITIALIZED
   [23].type ∈
   {JSMN_OBJECT; JSMN_ARRAY; JSMN_STRING; JSMN_PRIMITIVE} or UNINITIALIZED
   [23]{.start; .end} ∈ [-1..98] or UNINITIALIZED
   [23].size ∈ [0..2147483647] or UNINITIALIZED
   [24].type ∈
   {JSMN_OBJECT; JSMN_ARRAY; JSMN_STRING; JSMN_PRIMITIVE} or UNINITIALIZED
   [24]{.start; .end} ∈ [-1..98] or UNINITIALIZED
   [24].size ∈ [0..2147483647] or UNINITIALIZED
   [25].type ∈
   {JSMN_OBJECT; JSMN_ARRAY; JSMN_STRING; JSMN_PRIMITIVE} or UNINITIALIZED
   [25]{.start; .end} ∈ [-1..98] or UNINITIALIZED
   [25].size ∈ [0..2147483647] or UNINITIALIZED
   [26].type ∈
   {JSMN_OBJECT; JSMN_ARRAY; JSMN_STRING; JSMN_PRIMITIVE} or UNINITIALIZED
   [26]{.start; .end} ∈ [-1..98] or UNINITIALIZED
   [26].size ∈ [0..2147483647] or UNINITIALIZED
   [27].type ∈
   {JSMN_OBJECT; JSMN_ARRAY; JSMN_STRING; JSMN_PRIMITIVE} or UNINITIALIZED
   [27]{.start; .end} ∈ [-1..98] or UNINITIALIZED
   [27].size ∈ [0..2147483647] or UNINITIALIZED
   [28].type ∈
   {JSMN_OBJECT; JSMN_ARRAY; JSMN_STRING; JSMN_PRIMITIVE} or UNINITIALIZED
   [28]{.start; .end} ∈ [-1..98] or UNINITIALIZED
   [28].size ∈ [0..2147483647] or UNINITIALIZED
   [29].type ∈
   {JSMN_OBJECT; JSMN_ARRAY; JSMN_STRING; JSMN_PRIMITIVE} or UNINITIALIZED
   [29]{.start; .end} ∈ [-1..98] or UNINITIALIZED
   [29].size ∈ [0..2147483647] or UNINITIALIZED
   [30].type ∈
   {JSMN_OBJECT; JSMN_ARRAY; JSMN_STRING; JSMN_PRIMITIVE} or UNINITIALIZED
   [30]{.start; .end} ∈ [-1..98] or UNINITIALIZED
   [30].size ∈ [0..2147483647] or UNINITIALIZED
   [31].type ∈
   {JSMN_OBJECT; JSMN_ARRAY; JSMN_STRING; JSMN_PRIMITIVE} or UNINITIALIZED
   [31]{.start; .end} ∈ [-1..98] or UNINITIALIZED
   [31].size ∈ [0..2147483647] or UNINITIALIZED
   [32].type ∈
   {JSMN_OBJECT; JSMN_ARRAY; JSMN_STRING; JSMN_PRIMITIVE} or UNINITIALIZED
   [32]{.start; .end} ∈ [-1..98] or UNINITIALIZED
   [32].size ∈ [0..2147483647] or UNINITIALIZED
   [33].type ∈
   {JSMN_OBJECT; JSMN_ARRAY; JSMN_STRING; JSMN_PRIMITIVE} or UNINITIALIZED
   [33]{.start; .end} ∈ [-1..98] or UNINITIALIZED
   [33].size ∈ [0..2147483647] or UNINITIALIZED
   [34].type ∈
   {JSMN_OBJECT; JSMN_ARRAY; JSMN_STRING; JSMN_PRIMITIVE} or UNINITIALIZED
   [34]{.start; .end} ∈ [-1..98] or UNINITIALIZED
   [34].size ∈ [0..2147483647] or UNINITIALIZED
   [35].type ∈
   {JSMN_OBJECT; JSMN_ARRAY; JSMN_STRING; JSMN_PRIMITIVE} or UNINITIALIZED
   [35]{.start; .end} ∈ [-1..98] or UNINITIALIZED
   [35].size ∈ [0..2147483647] or UNINITIALIZED
   [36].type ∈
   {JSMN_OBJECT; JSMN_ARRAY; JSMN_STRING; JSMN_PRIMITIVE} or UNINITIALIZED
   [36]{.start; .end} ∈ [-1..98] or UNINITIALIZED
   [36].size ∈ [0..2147483647] or UNINITIALIZED
   [37].type ∈
   {JSMN_OBJECT; JSMN_ARRAY; JSMN_STRING; JSMN_PRIMITIVE} or UNINITIALIZED
   [37]{.start; .end} ∈ [-1..98] or UNINITIALIZED
   [37].size ∈ [0..2147483647] or UNINITIALIZED
   [38].type ∈
   {JSMN_OBJECT; JSMN_ARRAY; JSMN_STRING; JSMN_PRIMITIVE} or UNINITIALIZED
   [38]{.start; .end} ∈ [-1..98] or UNINITIALIZED
   [38].size ∈ [0..2147483647] or UNINITIALIZED
   [39].type ∈
   {JSMN_OBJECT; JSMN_ARRAY; JSMN_STRING; JSMN_PRIMITIVE} or UNINITIALIZED
   [39]{.start; .end} ∈ [-1..98] or UNINITIALIZED
   [39].size ∈ [0..2147483647] or UNINITIALIZED
   [40].type ∈
   {JSMN_OBJECT; JSMN_ARRAY; JSMN_STRING; JSMN_PRIMITIVE} or UNINITIALIZED
   [40]{.start; .end} ∈ [-1..98] or UNINITIALIZED
   [40].size ∈ [0..2147483647] or UNINITIALIZED
   [41].type ∈
   {JSMN_OBJECT; JSMN_ARRAY; JSMN_STRING; JSMN_PRIMITIVE} or UNINITIALIZED
   [41]{.start; .end} ∈ [-1..98] or UNINITIALIZED
   [41].size ∈ [0..2147483647] or UNINITIALIZED
   [42].type ∈
   {JSMN_OBJECT; JSMN_ARRAY; JSMN_STRING; JSMN_PRIMITIVE} or UNINITIALIZED
   [42]{.start; .end} ∈ [-1..98] or UNINITIALIZED
   [42].size ∈ [0..2147483647] or UNINITIALIZED
   [43].type ∈
   {JSMN_OBJECT; JSMN_ARRAY; JSMN_STRING; JSMN_PRIMITIVE} or UNINITIALIZED
   [43]{.start; .end} ∈ [-1..98] or UNINITIALIZED
   [43].size ∈ [0..2147483647] or UNINITIALIZED
   [44].type ∈
   {JSMN_OBJECT; JSMN_ARRAY; JSMN_STRING; JSMN_PRIMITIVE} or UNINITIALIZED
   [44]{.start; .end} ∈ [-1..98] or UNINITIALIZED
   [44].size ∈ [0..2147483647] or UNINITIALIZED
   [45].type ∈
   {JSMN_OBJECT; JSMN_ARRAY; JSMN_STRING; JSMN_PRIMITIVE} or UNINITIALIZED
   [45]{.start; .end} ∈ [-1..98] or UNINITIALIZED
   [45].size ∈ [0..2147483647] or UNINITIALIZED
   [46].type ∈
   {JSMN_OBJECT; JSMN_ARRAY; JSMN_STRING; JSMN_PRIMITIVE} or UNINITIALIZED
   [46]{.start; .end} ∈ [-1..98] or UNINITIALIZED
   [46].size ∈ [0..2147483647] or UNINITIALIZED
   [47].type ∈
   {JSMN_OBJECT; JSMN_ARRAY; JSMN_STRING; JSMN_PRIMITIVE} or UNINITIALIZED
   [47]{.start; .end} ∈ [-1..98] or UNINITIALIZED
   [47].size ∈ [0..2147483647] or UNINITIALIZED
   [48].type ∈
   {JSMN_OBJECT; JSMN_ARRAY; JSMN_STRING; JSMN_PRIMITIVE} or UNINITIALIZED
   [48]{.start; .end} ∈ [-1..98] or UNINITIALIZED
   [48].size ∈ [0..2147483647] or UNINITIALIZED
   [49].type ∈
   {JSMN_OBJECT; JSMN_ARRAY; JSMN_STRING; JSMN_PRIMITIVE} or UNINITIALIZED
   [49]{.start; .end} ∈ [-1..98] or UNINITIALIZED
   [49].size ∈ [0..2147483647] or UNINITIALIZED
   [50].type ∈
   {JSMN_OBJECT; JSMN_ARRAY; JSMN_STRING; JSMN_PRIMITIVE} or UNINITIALIZED
   [50]{.start; .end} ∈ [-1..98] or UNINITIALIZED
   [50].size ∈ [0..2147483647] or UNINITIALIZED
   [51].type ∈
   {JSMN_OBJECT; JSMN_ARRAY; JSMN_STRING; JSMN_PRIMITIVE} or UNINITIALIZED
   [51]{.start; .end} ∈ [-1..98] or UNINITIALIZED
   [51].size ∈ [0..2147483647] or UNINITIALIZED
   [52].type ∈
   {JSMN_OBJECT; JSMN_ARRAY; JSMN_STRING; JSMN_PRIMITIVE} or UNINITIALIZED
   [52]{.start; .end} ∈ [-1..98] or UNINITIALIZED
   [52].size ∈ [0..2147483647] or UNINITIALIZED
   [53].type ∈
   {JSMN_OBJECT; JSMN_ARRAY; JSMN_STRING; JSMN_PRIMITIVE} or UNINITIALIZED
   [53]{.start; .end} ∈ [-1..98] or UNINITIALIZED
   [53].size ∈ [0..2147483647] or UNINITIALIZED
   [54].type ∈
   {JSMN_OBJECT; JSMN_ARRAY; JSMN_STRING; JSMN_PRIMITIVE} or UNINITIALIZED
   [54]{.start; .end} ∈ [-1..98] or UNINITIALIZED
   [54].size ∈ [0..2147483647] or UNINITIALIZED
   [55].type ∈
   {JSMN_OBJECT; JSMN_ARRAY; JSMN_STRING; JSMN_PRIMITIVE} or UNINITIALIZED
   [55]{.start; .end} ∈ [-1..98] or UNINITIALIZED
   [55].size ∈ [0..2147483647] or UNINITIALIZED
   [56].type ∈
   {JSMN_OBJECT; JSMN_ARRAY; JSMN_STRING; JSMN_PRIMITIVE} or UNINITIALIZED
   [56]{.start; .end} ∈ [-1..98] or UNINITIALIZED
   [56].size ∈ [0..2147483647] or UNINITIALIZED
   [57].type ∈
   {JSMN_OBJECT; JSMN_ARRAY; JSMN_STRING; JSMN_PRIMITIVE} or UNINITIALIZED
   [57]{.start; .end} ∈ [-1..98] or UNINITIALIZED
   [57].size ∈ [0..2147483647] or UNINITIALIZED
   [58].type ∈
   {JSMN_OBJECT; JSMN_ARRAY; JSMN_STRING; JSMN_PRIMITIVE} or UNINITIALIZED
   [58]{.start; .end} ∈ [-1..98] or UNINITIALIZED
   [58].size ∈ [0..2147483647] or UNINITIALIZED
   [59].type ∈
   {JSMN_OBJECT; JSMN_ARRAY; JSMN_STRING; JSMN_PRIMITIVE} or UNINITIALIZED
   [59]{.start; .end} ∈ [-1..98] or UNINITIALIZED
   [59].size ∈ [0..2147483647] or UNINITIALIZED
   [60].type ∈
   {JSMN_OBJECT; JSMN_ARRAY; JSMN_STRING; JSMN_PRIMITIVE} or UNINITIALIZED
   [60]{.start; .end} ∈ [-1..98] or UNINITIALIZED
   [60].size ∈ [0..2147483647] or UNINITIALIZED
   [61].type ∈
   {JSMN_OBJECT; JSMN_ARRAY; JSMN_STRING; JSMN_PRIMITIVE} or UNINITIALIZED
   [61]{.start; .end} ∈ [-1..98] or UNINITIALIZED
   [61].size ∈ [0..2147483647] or UNINITIALIZED
   [62].type ∈
   {JSMN_OBJECT; JSMN_ARRAY; JSMN_STRING; JSMN_PRIMITIVE} or UNINITIALIZED
   [62]{.start; .end} ∈ [-1..98] or UNINITIALIZED
   [62].size ∈ [0..2147483647] or UNINITIALIZED
   [63].type ∈
   {JSMN_OBJECT; JSMN_ARRAY; JSMN_STRING; JSMN_PRIMITIVE} or UNINITIALIZED
   [63]{.start; .end} ∈ [-1..98] or UNINITIALIZED
   [63].size ∈ [0..2147483647] or UNINITIALIZED
   [64].type ∈
   {JSMN_OBJECT; JSMN_ARRAY; JSMN_STRING; JSMN_PRIMITIVE} or UNINITIALIZED
   [64]{.start; .end} ∈ [-1..98] or UNINITIALIZED
   [64].size ∈ [0..2147483647] or UNINITIALIZED
   [65].type ∈
   {JSMN_OBJECT; JSMN_ARRAY; JSMN_STRING; JSMN_PRIMITIVE} or UNINITIALIZED
   [65]{.start; .end} ∈ [-1..98] or UNINITIALIZED
   [65].size ∈ [0..2147483647] or UNINITIALIZED
   [66].type ∈
   {JSMN_OBJECT; JSMN_ARRAY; JSMN_STRING; JSMN_PRIMITIVE} or UNINITIALIZED
   [66]{.start; .end} ∈ [-1..98] or UNINITIALIZED
   [66].size ∈ [0..2147483647] or UNINITIALIZED
   [67].type ∈
   {JSMN_OBJECT; JSMN_ARRAY; JSMN_STRING; JSMN_PRIMITIVE} or UNINITIALIZED
   [67]{.start; .end} ∈ [-1..98] or UNINITIALIZED
   [67].size ∈ [0..2147483647] or UNINITIALIZED
   [68].type ∈
   {JSMN_OBJECT; JSMN_ARRAY; JSMN_STRING; JSMN_PRIMITIVE} or UNINITIALIZED
   [68]{.start; .end} ∈ [-1..98] or UNINITIALIZED
   [68].size ∈ [0..2147483647] or UNINITIALIZED
   [69].type ∈
   {JSMN_OBJECT; JSMN_ARRAY; JSMN_STRING; JSMN_PRIMITIVE} or UNINITIALIZED
   [69]{.start; .end} ∈ [-1..98] or UNINITIALIZED
   [69].size ∈ [0..2147483647] or UNINITIALIZED
   [70].type ∈
   {JSMN_OBJECT; JSMN_ARRAY; JSMN_STRING; JSMN_PRIMITIVE} or UNINITIALIZED
   [70]{.start; .end} ∈ [-1..98] or UNINITIALIZED
   [70].size ∈ [0..2147483647] or UNINITIALIZED
   [71].type ∈
   {JSMN_OBJECT; JSMN_ARRAY; JSMN_STRING; JSMN_PRIMITIVE} or UNINITIALIZED
   [71]{.start; .end} ∈ [-1..98] or UNINITIALIZED
   [71].size ∈ [0..2147483647] or UNINITIALIZED
   [72].type ∈
   {JSMN_OBJECT; JSMN_ARRAY; JSMN_STRING; JSMN_PRIMITIVE} or UNINITIALIZED
   [72]{.start; .end} ∈ [-1..98] or UNINITIALIZED
   [72].size ∈ [0..2147483647] or UNINITIALIZED
   [73].type ∈
   {JSMN_OBJECT; JSMN_ARRAY; JSMN_STRING; JSMN_PRIMITIVE} or UNINITIALIZED
   [73]{.start; .end} ∈ [-1..98] or UNINITIALIZED
   [73].size ∈ [0..2147483647] or UNINITIALIZED
   [74].type ∈
   {JSMN_OBJECT; JSMN_ARRAY; JSMN_STRING; JSMN_PRIMITIVE} or UNINITIALIZED
   [74]{.start; .end} ∈ [-1..98] or UNINITIALIZED
   [74].size ∈ [0..2147483647] or UNINITIALIZED
   [75].type ∈
   {JSMN_OBJECT; JSMN_ARRAY; JSMN_STRING; JSMN_PRIMITIVE} or UNINITIALIZED
   [75]{.start; .end} ∈ [-1..98] or UNINITIALIZED
   [75].size ∈ [0..2147483647] or UNINITIALIZED
   [76].type ∈
   {JSMN_OBJECT; JSMN_ARRAY; JSMN_STRING; JSMN_PRIMITIVE} or UNINITIALIZED
   [76]{.start; .end} ∈ [-1..98] or UNINITIALIZED
   [76].size ∈ [0..2147483647] or UNINITIALIZED
   [77].type ∈
   {JSMN_OBJECT; JSMN_ARRAY; JSMN_STRING; JSMN_PRIMITIVE} or UNINITIALIZED
   [77]{.start; .end} ∈ [-1..98] or UNINITIALIZED
   [77].size ∈ [0..2147483647] or UNINITIALIZED
   [78].type ∈
   {JSMN_OBJECT; JSMN_ARRAY; JSMN_STRING; JSMN_PRIMITIVE} or UNINITIALIZED
   [78]{.start; .end} ∈ [-1..98] or UNINITIALIZED
   [78].size ∈ [0..2147483647] or UNINITIALIZED
   [79].type ∈
   {JSMN_OBJECT; JSMN_ARRAY; JSMN_STRING; JSMN_PRIMITIVE} or UNINITIALIZED
   [79]{.start; .end} ∈ [-1..98] or UNINITIALIZED
   [79].size ∈ [0..2147483647] or UNINITIALIZED
   [80].type ∈
   {JSMN_OBJECT; JSMN_ARRAY; JSMN_STRING; JSMN_PRIMITIVE} or UNINITIALIZED
   [80]{.start; .end} ∈ [-1..98] or UNINITIALIZED
   [80].size ∈ [0..2147483647] or UNINITIALIZED
   [81].type ∈
   {JSMN_OBJECT; JSMN_ARRAY; JSMN_STRING; JSMN_PRIMITIVE} or UNINITIALIZED
   [81]{.start; .end} ∈ [-1..98] or UNINITIALIZED
   [81].size ∈ [0..2147483647] or UNINITIALIZED
   [82].type ∈
   {JSMN_OBJECT; JSMN_ARRAY; JSMN_STRING; JSMN_PRIMITIVE} or UNINITIALIZED
   [82]{.start; .end} ∈ [-1..98] or UNINITIALIZED
   [82].size ∈ [0..2147483647] or UNINITIALIZED
   [83].type ∈
   {JSMN_OBJECT; JSMN_ARRAY; JSMN_STRING; JSMN_PRIMITIVE} or UNINITIALIZED
   [83]{.start; .end} ∈ [-1..98] or UNINITIALIZED
   [83].size ∈ [0..2147483647] or UNINITIALIZED
   [84].type ∈
   {JSMN_OBJECT; JSMN_ARRAY; JSMN_STRING; JSMN_PRIMITIVE} or UNINITIALIZED
   [84]{.start; .end} ∈ [-1..98] or UNINITIALIZED
   [84].size ∈ [0..2147483647] or UNINITIALIZED
   [85].type ∈
   {JSMN_OBJECT; JSMN_ARRAY; JSMN_STRING; JSMN_PRIMITIVE} or UNINITIALIZED
   [85]{.start; .end} ∈ [-1..98] or UNINITIALIZED
   [85].size ∈ [0..2147483647] or UNINITIALIZED
   [86].type ∈
   {JSMN_OBJECT; JSMN_ARRAY; JSMN_STRING; JSMN_PRIMITIVE} or UNINITIALIZED
   [86]{.start; .end} ∈ [-1..98] or UNINITIALIZED
   [86].size ∈ [0..2147483647] or UNINITIALIZED
   [87].type ∈
   {JSMN_OBJECT; JSMN_ARRAY; JSMN_STRING; JSMN_PRIMITIVE} or UNINITIALIZED
   [87]{.start; .end} ∈ [-1..98] or UNINITIALIZED
   [87].size ∈ [0..2147483647] or UNINITIALIZED
   [88].type ∈
   {JSMN_OBJECT; JSMN_ARRAY; JSMN_STRING; JSMN_PRIMITIVE} or UNINITIALIZED
   [88]{.start; .end} ∈ [-1..98] or UNINITIALIZED
   [88].size ∈ [0..2147483647] or UNINITIALIZED
   [89].type ∈
   {JSMN_OBJECT; JSMN_ARRAY; JSMN_STRING; JSMN_PRIMITIVE} or UNINITIALIZED
   [89]{.start; .end} ∈ [-1..98] or UNINITIALIZED
   [89].size ∈ [0..2147483647] or UNINITIALIZED
   [90].type ∈
   {JSMN_OBJECT; JSMN_ARRAY; JSMN_STRING; JSMN_PRIMITIVE} or UNINITIALIZED
   [90]{.start; .end} ∈ [-1..98] or UNINITIALIZED
   [90].size ∈ [0..2147483647] or UNINITIALIZED
   [91].type ∈
   {JSMN_OBJECT; JSMN_ARRAY; JSMN_STRING; JSMN_PRIMITIVE} or UNINITIALIZED
   [91]{.start; .end} ∈ [-1..98] or UNINITIALIZED
   [91].size ∈ [0..2147483647] or UNINITIALIZED
   [92].type ∈
   {JSMN_OBJECT; JSMN_ARRAY; JSMN_STRING; JSMN_PRIMITIVE} or UNINITIALIZED
   [92]{.start; .end} ∈ [-1..98] or UNINITIALIZED
   [92].size ∈ [0..2147483647] or UNINITIALIZED
   [93].type ∈
   {JSMN_OBJECT; JSMN_ARRAY; JSMN_STRING; JSMN_PRIMITIVE} or UNINITIALIZED
   [93]{.start; .end} ∈ [-1..98] or UNINITIALIZED
   [93].size ∈ [0..2147483647] or UNINITIALIZED
   [94].type ∈
   {JSMN_OBJECT; JSMN_ARRAY; JSMN_STRING; JSMN_PRIMITIVE} or UNINITIALIZED
   [94]{.start; .end} ∈ [-1..98] or UNINITIALIZED
   [94].size ∈ [0..2147483647] or UNINITIALIZED
   [95].type ∈
   {JSMN_OBJECT; JSMN_ARRAY; JSMN_STRING; JSMN_PRIMITIVE} or UNINITIALIZED
   [95]{.start; .end} ∈ [-1..98] or UNINITIALIZED
   [95].size ∈ [0..2147483647] or UNINITIALIZED
   [96].type ∈
   {JSMN_OBJECT; JSMN_ARRAY; JSMN_STRING; JSMN_PRIMITIVE} or UNINITIALIZED
   [96]{.start; .end} ∈ [-1..98] or UNINITIALIZED
   [96].size ∈ [0..2147483647] or UNINITIALIZED
   [97].type ∈
   {JSMN_OBJECT; JSMN_ARRAY; JSMN_STRING; JSMN_PRIMITIVE} or UNINITIALIZED
   [97]{.start; .end} ∈ [-1..98] or UNINITIALIZED
   [97].size ∈ [0..2147483647] or UNINITIALIZED
   [98].type ∈
   {JSMN_OBJECT; JSMN_ARRAY; JSMN_STRING; JSMN_PRIMITIVE} or UNINITIALIZED
   [98]{.start; .end} ∈ [-1..98] or UNINITIALIZED
   [98].size ∈ [0..2147483647] or UNINITIALIZED
   [99].type ∈
   {JSMN_OBJECT; JSMN_ARRAY; JSMN_STRING; JSMN_PRIMITIVE} or UNINITIALIZED
   [99]{.start; .end} ∈ [-1..98] or UNINITIALIZED
   [99].size ∈ [0..2147483647] or UNINITIALIZED
   [100].type ∈
   {JSMN_OBJECT; JSMN_ARRAY; JSMN_STRING; JSMN_PRIMITIVE} or UNINITIALIZED
   [100]{.start; .end} ∈ [-1..98] or UNINITIALIZED
   [100].size ∈ [0..2147483647] or UNINITIALIZED
   [101].type ∈
   {JSMN_OBJECT; JSMN_ARRAY; JSMN_STRING; JSMN_PRIMITIVE} or UNINITIALIZED
   [101]{.start; .end} ∈ [-1..98] or UNINITIALIZED
   [101].size ∈ [0..2147483647] or UNINITIALIZED
   [102].type ∈
   {JSMN_OBJECT; JSMN_ARRAY; JSMN_STRING; JSMN_PRIMITIVE} or UNINITIALIZED
   [102]{.start; .end} ∈ [-1..98] or UNINITIALIZED
   [102].size ∈ [0..2147483647] or UNINITIALIZED
   [103].type ∈
   {JSMN_OBJECT; JSMN_ARRAY; JSMN_STRING; JSMN_PRIMITIVE} or UNINITIALIZED
   [103]{.start; .end} ∈ [-1..98] or UNINITIALIZED
   [103].size ∈ [0..2147483647] or UNINITIALIZED
   [104].type ∈
   {JSMN_OBJECT; JSMN_ARRAY; JSMN_STRING; JSMN_PRIMITIVE} or UNINITIALIZED
   [104]{.start; .end} ∈ [-1..98] or UNINITIALIZED
   [104].size ∈ [0..2147483647] or UNINITIALIZED
   [105].type ∈
   {JSMN_OBJECT; JSMN_ARRAY; JSMN_STRING; JSMN_PRIMITIVE} or UNINITIALIZED
   [105]{.start; .end} ∈ [-1..98] or UNINITIALIZED
   [105].size ∈ [0..2147483647] or UNINITIALIZED
   [106].type ∈
   {JSMN_OBJECT; JSMN_ARRAY; JSMN_STRING; JSMN_PRIMITIVE} or UNINITIALIZED
   [106]{.start; .end} ∈ [-1..98] or UNINITIALIZED
   [106].size ∈ [0..2147483647] or UNINITIALIZED
   [107].type ∈
   {JSMN_OBJECT; JSMN_ARRAY; JSMN_STRING; JSMN_PRIMITIVE} or UNINITIALIZED
   [107]{.start; .end} ∈ [-1..98] or UNINITIALIZED
   [107].size ∈ [0..2147483647] or UNINITIALIZED
   [108].type ∈
   {JSMN_OBJECT; JSMN_ARRAY; JSMN_STRING; JSMN_PRIMITIVE} or UNINITIALIZED
   [108]{.start; .end} ∈ [-1..98] or UNINITIALIZED
   [108].size ∈ [0..2147483647] or UNINITIALIZED
   [109].type ∈
   {JSMN_OBJECT; JSMN_ARRAY; JSMN_STRING; JSMN_PRIMITIVE} or UNINITIALIZED
   [109]{.start; .end} ∈ [-1..98] or UNINITIALIZED
   [109].size ∈ [0..2147483647] or UNINITIALIZED
   [110].type ∈
   {JSMN_OBJECT; JSMN_ARRAY; JSMN_STRING; JSMN_PRIMITIVE} or UNINITIALIZED
   [110]{.start; .end} ∈ [-1..98] or UNINITIALIZED
   [110].size ∈ [0..2147483647] or UNINITIALIZED
   [111].type ∈
   {JSMN_OBJECT; JSMN_ARRAY; JSMN_STRING; JSMN_PRIMITIVE} or UNINITIALIZED
   [111]{.start; .end} ∈ [-1..98] or UNINITIALIZED
   [111].size ∈ [0..2147483647] or UNINITIALIZED
   [112].type ∈
   {JSMN_OBJECT; JSMN_ARRAY; JSMN_STRING; JSMN_PRIMITIVE} or UNINITIALIZED
   [112]{.start; .end} ∈ [-1..98] or UNINITIALIZED
   [112].size ∈ [0..2147483647] or UNINITIALIZED
   [113].type ∈
   {JSMN_OBJECT; JSMN_ARRAY; JSMN_STRING; JSMN_PRIMITIVE} or UNINITIALIZED
   [113]{.start; .end} ∈ [-1..98] or UNINITIALIZED
   [113].size ∈ [0..2147483647] or UNINITIALIZED
   [114].type ∈
   {JSMN_OBJECT; JSMN_ARRAY; JSMN_STRING; JSMN_PRIMITIVE} or UNINITIALIZED
   [114]{.start; .end} ∈ [-1..98] or UNINITIALIZED
   [114].size ∈ [0..2147483647] or UNINITIALIZED
   [115].type ∈
   {JSMN_OBJECT; JSMN_ARRAY; JSMN_STRING; JSMN_PRIMITIVE} or UNINITIALIZED
   [115]{.start; .end} ∈ [-1..98] or UNINITIALIZED
   [115].size ∈ [0..2147483647] or UNINITIALIZED
   [116].type ∈
   {JSMN_OBJECT; JSMN_ARRAY; JSMN_STRING; JSMN_PRIMITIVE} or UNINITIALIZED
   [116]{.start; .end} ∈ [-1..98] or UNINITIALIZED
   [116].size ∈ [0..2147483647] or UNINITIALIZED
   [117].type ∈
   {JSMN_OBJECT; JSMN_ARRAY; JSMN_STRING; JSMN_PRIMITIVE} or UNINITIALIZED
   [117]{.start; .end} ∈ [-1..98] or UNINITIALIZED
   [117].size ∈ [0..2147483647] or UNINITIALIZED
   [118].type ∈
   {JSMN_OBJECT; JSMN_ARRAY; JSMN_STRING; JSMN_PRIMITIVE} or UNINITIALIZED
   [118]{.start; .end} ∈ [-1..98] or UNINITIALIZED
   [118].size ∈ [0..2147483647] or UNINITIALIZED
   [119].type ∈
   {JSMN_OBJECT; JSMN_ARRAY; JSMN_STRING; JSMN_PRIMITIVE} or UNINITIALIZED
   [119]{.start; .end} ∈ [-1..98] or UNINITIALIZED
   [119].size ∈ [0..2147483647] or UNINITIALIZED
   [120].type ∈
   {JSMN_OBJECT; JSMN_ARRAY; JSMN_STRING; JSMN_PRIMITIVE} or UNINITIALIZED
   [120]{.start; .end} ∈ [-1..98] or UNINITIALIZED
   [120].size ∈ [0..2147483647] or UNINITIALIZED
   [121].type ∈
   {JSMN_OBJECT; JSMN_ARRAY; JSMN_STRING; JSMN_PRIMITIVE} or UNINITIALIZED
   [121]{.start; .end} ∈ [-1..98] or UNINITIALIZED
   [121].size ∈ [0..2147483647] or UNINITIALIZED
   [122].type ∈
   {JSMN_OBJECT; JSMN_ARRAY; JSMN_STRING; JSMN_PRIMITIVE} or UNINITIALIZED
   [122]{.start; .end} ∈ [-1..98] or UNINITIALIZED
   [122].size ∈ [0..2147483647] or UNINITIALIZED
   [123].type ∈
   {JSMN_OBJECT; JSMN_ARRAY; JSMN_STRING; JSMN_PRIMITIVE} or UNINITIALIZED
   [123]{.start; .end} ∈ [-1..98] or UNINITIALIZED
   [123].size ∈ [0..2147483647] or UNINITIALIZED
   [124].type ∈
   {JSMN_OBJECT; JSMN_ARRAY; JSMN_STRING; JSMN_PRIMITIVE} or UNINITIALIZED
   [124]{.start; .end} ∈ [-1..98] or UNINITIALIZED
   [124].size ∈ [0..2147483647] or UNINITIALIZED
   [125].type ∈
   {JSMN_OBJECT; JSMN_ARRAY; JSMN_STRING; JSMN_PRIMITIVE} or UNINITIALIZED
   [125]{.start; .end} ∈ [-1..98] or UNINITIALIZED
   [125].size ∈ [0..2147483647] or UNINITIALIZED
   [126].type ∈
   {JSMN_OBJECT; JSMN_ARRAY; JSMN_STRING; JSMN_PRIMITIVE} or UNINITIALIZED
   [126].start ∈ [-1..98] or UNINITIALIZED
   [126].end ∈ [-1..2147483647] or UNINITIALIZED
   [126].size ∈ [0..2147483647] or UNINITIALIZED
   [127].type ∈
   {JSMN_OBJECT; JSMN_ARRAY; JSMN_STRING; JSMN_PRIMITIVE} or UNINITIALIZED
   [127].start ∈ [-1..98] or UNINITIALIZED
   [127].end ∈ [-1..2147483647] or UNINITIALIZED
   [127].size ∈ [0..2147483647] or UNINITIALIZED
  __retres ∈ {{ NULL ; &t + [0..2032],0%16 }}
[eva:final-states] Values at end of function jsmn_fill_token:
  t[0].type ∈ [1..2147483647] or UNINITIALIZED
   [0]{.start; .end} ∈ [-1..2147483647] or UNINITIALIZED
   [0].size ∈ [0..2147483647] or UNINITIALIZED
   [1].type ∈ [1..2147483647] or UNINITIALIZED
   [1]{.start; .end} ∈ [-1..2147483647] or UNINITIALIZED
   [1].size ∈ [0..2147483647] or UNINITIALIZED
   [2].type ∈
   {JSMN_OBJECT; JSMN_ARRAY; JSMN_STRING; JSMN_PRIMITIVE} or UNINITIALIZED
   [2]{.start; .end} ∈ [-1..98] or UNINITIALIZED
   [2].size ∈ [0..2147483647] or UNINITIALIZED
   [3].type ∈
   {JSMN_OBJECT; JSMN_ARRAY; JSMN_STRING; JSMN_PRIMITIVE} or UNINITIALIZED
   [3]{.start; .end} ∈ [-1..98] or UNINITIALIZED
   [3].size ∈ [0..2147483647] or UNINITIALIZED
   [4].type ∈
   {JSMN_OBJECT; JSMN_ARRAY; JSMN_STRING; JSMN_PRIMITIVE} or UNINITIALIZED
   [4]{.start; .end} ∈ [-1..98] or UNINITIALIZED
   [4].size ∈ [0..2147483647] or UNINITIALIZED
   [5].type ∈
   {JSMN_OBJECT; JSMN_ARRAY; JSMN_STRING; JSMN_PRIMITIVE} or UNINITIALIZED
   [5]{.start; .end} ∈ [-1..98] or UNINITIALIZED
   [5].size ∈ [0..2147483647] or UNINITIALIZED
   [6].type ∈
   {JSMN_OBJECT; JSMN_ARRAY; JSMN_STRING; JSMN_PRIMITIVE} or UNINITIALIZED
   [6]{.start; .end} ∈ [-1..98] or UNINITIALIZED
   [6].size ∈ [0..2147483647] or UNINITIALIZED
   [7].type ∈
   {JSMN_OBJECT; JSMN_ARRAY; JSMN_STRING; JSMN_PRIMITIVE} or UNINITIALIZED
   [7]{.start; .end} ∈ [-1..98] or UNINITIALIZED
   [7].size ∈ [0..2147483647] or UNINITIALIZED
   [8].type ∈
   {JSMN_OBJECT; JSMN_ARRAY; JSMN_STRING; JSMN_PRIMITIVE} or UNINITIALIZED
   [8]{.start; .end} ∈ [-1..98] or UNINITIALIZED
   [8].size ∈ [0..2147483647] or UNINITIALIZED
   [9].type ∈
   {JSMN_OBJECT; JSMN_ARRAY; JSMN_STRING; JSMN_PRIMITIVE} or UNINITIALIZED
   [9]{.start; .end} ∈ [-1..98] or UNINITIALIZED
   [9].size ∈ [0..2147483647] or UNINITIALIZED
   [10].type ∈
   {JSMN_OBJECT; JSMN_ARRAY; JSMN_STRING; JSMN_PRIMITIVE} or UNINITIALIZED
   [10]{.start; .end} ∈ [-1..98] or UNINITIALIZED
   [10].size ∈ [0..2147483647] or UNINITIALIZED
   [11].type ∈
   {JSMN_OBJECT; JSMN_ARRAY; JSMN_STRING; JSMN_PRIMITIVE} or UNINITIALIZED
   [11]{.start; .end} ∈ [-1..98] or UNINITIALIZED
   [11].size ∈ [0..2147483647] or UNINITIALIZED
   [12].type ∈
   {JSMN_OBJECT; JSMN_ARRAY; JSMN_STRING; JSMN_PRIMITIVE} or UNINITIALIZED
   [12]{.start; .end} ∈ [-1..98] or UNINITIALIZED
   [12].size ∈ [0..2147483647] or UNINITIALIZED
   [13].type ∈
   {JSMN_OBJECT; JSMN_ARRAY; JSMN_STRING; JSMN_PRIMITIVE} or UNINITIALIZED
   [13]{.start; .end} ∈ [-1..98] or UNINITIALIZED
   [13].size ∈ [0..2147483647] or UNINITIALIZED
   [14].type ∈
   {JSMN_OBJECT; JSMN_ARRAY; JSMN_STRING; JSMN_PRIMITIVE} or UNINITIALIZED
   [14]{.start; .end} ∈ [-1..98] or UNINITIALIZED
   [14].size ∈ [0..2147483647] or UNINITIALIZED
   [15].type ∈
   {JSMN_OBJECT; JSMN_ARRAY; JSMN_STRING; JSMN_PRIMITIVE} or UNINITIALIZED
   [15]{.start; .end} ∈ [-1..98] or UNINITIALIZED
   [15].size ∈ [0..2147483647] or UNINITIALIZED
   [16].type ∈
   {JSMN_OBJECT; JSMN_ARRAY; JSMN_STRING; JSMN_PRIMITIVE} or UNINITIALIZED
   [16]{.start; .end} ∈ [-1..98] or UNINITIALIZED
   [16].size ∈ [0..2147483647] or UNINITIALIZED
   [17].type ∈
   {JSMN_OBJECT; JSMN_ARRAY; JSMN_STRING; JSMN_PRIMITIVE} or UNINITIALIZED
   [17]{.start; .end} ∈ [-1..98] or UNINITIALIZED
   [17].size ∈ [0..2147483647] or UNINITIALIZED
   [18].type ∈
   {JSMN_OBJECT; JSMN_ARRAY; JSMN_STRING; JSMN_PRIMITIVE} or UNINITIALIZED
   [18]{.start; .end} ∈ [-1..98] or UNINITIALIZED
   [18].size ∈ [0..2147483647] or UNINITIALIZED
   [19].type ∈
   {JSMN_OBJECT; JSMN_ARRAY; JSMN_STRING; JSMN_PRIMITIVE} or UNINITIALIZED
   [19]{.start; .end} ∈ [-1..98] or UNINITIALIZED
   [19].size ∈ [0..2147483647] or UNINITIALIZED
   [20].type ∈
   {JSMN_OBJECT; JSMN_ARRAY; JSMN_STRING; JSMN_PRIMITIVE} or UNINITIALIZED
   [20]{.start; .end} ∈ [-1..98] or UNINITIALIZED
   [20].size ∈ [0..2147483647] or UNINITIALIZED
   [21].type ∈
   {JSMN_OBJECT; JSMN_ARRAY; JSMN_STRING; JSMN_PRIMITIVE} or UNINITIALIZED
   [21]{.start; .end} ∈ [-1..98] or UNINITIALIZED
   [21].size ∈ [0..2147483647] or UNINITIALIZED
   [22].type ∈
   {JSMN_OBJECT; JSMN_ARRAY; JSMN_STRING; JSMN_PRIMITIVE} or UNINITIALIZED
   [22]{.start; .end} ∈ [-1..98] or UNINITIALIZED
   [22].size ∈ [0..2147483647] or UNINITIALIZED
   [23].type ∈
   {JSMN_OBJECT; JSMN_ARRAY; JSMN_STRING; JSMN_PRIMITIVE} or UNINITIALIZED
   [23]{.start; .end} ∈ [-1..98] or UNINITIALIZED
   [23].size ∈ [0..2147483647] or UNINITIALIZED
   [24].type ∈
   {JSMN_OBJECT; JSMN_ARRAY; JSMN_STRING; JSMN_PRIMITIVE} or UNINITIALIZED
   [24]{.start; .end} ∈ [-1..98] or UNINITIALIZED
   [24].size ∈ [0..2147483647] or UNINITIALIZED
   [25].type ∈
   {JSMN_OBJECT; JSMN_ARRAY; JSMN_STRING; JSMN_PRIMITIVE} or UNINITIALIZED
   [25]{.start; .end} ∈ [-1..98] or UNINITIALIZED
   [25].size ∈ [0..2147483647] or UNINITIALIZED
   [26].type ∈
   {JSMN_OBJECT; JSMN_ARRAY; JSMN_STRING; JSMN_PRIMITIVE} or UNINITIALIZED
   [26]{.start; .end} ∈ [-1..98] or UNINITIALIZED
   [26].size ∈ [0..2147483647] or UNINITIALIZED
   [27].type ∈
   {JSMN_OBJECT; JSMN_ARRAY; JSMN_STRING; JSMN_PRIMITIVE} or UNINITIALIZED
   [27]{.start; .end} ∈ [-1..98] or UNINITIALIZED
   [27].size ∈ [0..2147483647] or UNINITIALIZED
   [28].type ∈
   {JSMN_OBJECT; JSMN_ARRAY; JSMN_STRING; JSMN_PRIMITIVE} or UNINITIALIZED
   [28]{.start; .end} ∈ [-1..98] or UNINITIALIZED
   [28].size ∈ [0..2147483647] or UNINITIALIZED
   [29].type ∈
   {JSMN_OBJECT; JSMN_ARRAY; JSMN_STRING; JSMN_PRIMITIVE} or UNINITIALIZED
   [29]{.start; .end} ∈ [-1..98] or UNINITIALIZED
   [29].size ∈ [0..2147483647] or UNINITIALIZED
   [30].type ∈
   {JSMN_OBJECT; JSMN_ARRAY; JSMN_STRING; JSMN_PRIMITIVE} or UNINITIALIZED
   [30]{.start; .end} ∈ [-1..98] or UNINITIALIZED
   [30].size ∈ [0..2147483647] or UNINITIALIZED
   [31].type ∈
   {JSMN_OBJECT; JSMN_ARRAY; JSMN_STRING; JSMN_PRIMITIVE} or UNINITIALIZED
   [31]{.start; .end} ∈ [-1..98] or UNINITIALIZED
   [31].size ∈ [0..2147483647] or UNINITIALIZED
   [32].type ∈
   {JSMN_OBJECT; JSMN_ARRAY; JSMN_STRING; JSMN_PRIMITIVE} or UNINITIALIZED
   [32]{.start; .end} ∈ [-1..98] or UNINITIALIZED
   [32].size ∈ [0..2147483647] or UNINITIALIZED
   [33].type ∈
   {JSMN_OBJECT; JSMN_ARRAY; JSMN_STRING; JSMN_PRIMITIVE} or UNINITIALIZED
   [33]{.start; .end} ∈ [-1..98] or UNINITIALIZED
   [33].size ∈ [0..2147483647] or UNINITIALIZED
   [34].type ∈
   {JSMN_OBJECT; JSMN_ARRAY; JSMN_STRING; JSMN_PRIMITIVE} or UNINITIALIZED
   [34]{.start; .end} ∈ [-1..98] or UNINITIALIZED
   [34].size ∈ [0..2147483647] or UNINITIALIZED
   [35].type ∈
   {JSMN_OBJECT; JSMN_ARRAY; JSMN_STRING; JSMN_PRIMITIVE} or UNINITIALIZED
   [35]{.start; .end} ∈ [-1..98] or UNINITIALIZED
   [35].size ∈ [0..2147483647] or UNINITIALIZED
   [36].type ∈
   {JSMN_OBJECT; JSMN_ARRAY; JSMN_STRING; JSMN_PRIMITIVE} or UNINITIALIZED
   [36]{.start; .end} ∈ [-1..98] or UNINITIALIZED
   [36].size ∈ [0..2147483647] or UNINITIALIZED
   [37].type ∈
   {JSMN_OBJECT; JSMN_ARRAY; JSMN_STRING; JSMN_PRIMITIVE} or UNINITIALIZED
   [37]{.start; .end} ∈ [-1..98] or UNINITIALIZED
   [37].size ∈ [0..2147483647] or UNINITIALIZED
   [38].type ∈
   {JSMN_OBJECT; JSMN_ARRAY; JSMN_STRING; JSMN_PRIMITIVE} or UNINITIALIZED
   [38]{.start; .end} ∈ [-1..98] or UNINITIALIZED
   [38].size ∈ [0..2147483647] or UNINITIALIZED
   [39].type ∈
   {JSMN_OBJECT; JSMN_ARRAY; JSMN_STRING; JSMN_PRIMITIVE} or UNINITIALIZED
   [39]{.start; .end} ∈ [-1..98] or UNINITIALIZED
   [39].size ∈ [0..2147483647] or UNINITIALIZED
   [40].type ∈
   {JSMN_OBJECT; JSMN_ARRAY; JSMN_STRING; JSMN_PRIMITIVE} or UNINITIALIZED
   [40]{.start; .end} ∈ [-1..98] or UNINITIALIZED
   [40].size ∈ [0..2147483647] or UNINITIALIZED
   [41].type ∈
   {JSMN_OBJECT; JSMN_ARRAY; JSMN_STRING; JSMN_PRIMITIVE} or UNINITIALIZED
   [41]{.start; .end} ∈ [-1..98] or UNINITIALIZED
   [41].size ∈ [0..2147483647] or UNINITIALIZED
   [42].type ∈
   {JSMN_OBJECT; JSMN_ARRAY; JSMN_STRING; JSMN_PRIMITIVE} or UNINITIALIZED
   [42]{.start; .end} ∈ [-1..98] or UNINITIALIZED
   [42].size ∈ [0..2147483647] or UNINITIALIZED
   [43].type ∈
   {JSMN_OBJECT; JSMN_ARRAY; JSMN_STRING; JSMN_PRIMITIVE} or UNINITIALIZED
   [43]{.start; .end} ∈ [-1..98] or UNINITIALIZED
   [43].size ∈ [0..2147483647] or UNINITIALIZED
   [44].type ∈
   {JSMN_OBJECT; JSMN_ARRAY; JSMN_STRING; JSMN_PRIMITIVE} or UNINITIALIZED
   [44]{.start; .end} ∈ [-1..98] or UNINITIALIZED
   [44].size ∈ [0..2147483647] or UNINITIALIZED
   [45].type ∈
   {JSMN_OBJECT; JSMN_ARRAY; JSMN_STRING; JSMN_PRIMITIVE} or UNINITIALIZED
   [45]{.start; .end} ∈ [-1..98] or UNINITIALIZED
   [45].size ∈ [0..2147483647] or UNINITIALIZED
   [46].type ∈
   {JSMN_OBJECT; JSMN_ARRAY; JSMN_STRING; JSMN_PRIMITIVE} or UNINITIALIZED
   [46]{.start; .end} ∈ [-1..98] or UNINITIALIZED
   [46].size ∈ [0..2147483647] or UNINITIALIZED
   [47].type ∈
   {JSMN_OBJECT; JSMN_ARRAY; JSMN_STRING; JSMN_PRIMITIVE} or UNINITIALIZED
   [47]{.start; .end} ∈ [-1..98] or UNINITIALIZED
   [47].size ∈ [0..2147483647] or UNINITIALIZED
   [48].type ∈
   {JSMN_OBJECT; JSMN_ARRAY; JSMN_STRING; JSMN_PRIMITIVE} or UNINITIALIZED
   [48]{.start; .end} ∈ [-1..98] or UNINITIALIZED
   [48].size ∈ [0..2147483647] or UNINITIALIZED
   [49].type ∈
   {JSMN_OBJECT; JSMN_ARRAY; JSMN_STRING; JSMN_PRIMITIVE} or UNINITIALIZED
   [49]{.start; .end} ∈ [-1..98] or UNINITIALIZED
   [49].size ∈ [0..2147483647] or UNINITIALIZED
   [50].type ∈
   {JSMN_OBJECT; JSMN_ARRAY; JSMN_STRING; JSMN_PRIMITIVE} or UNINITIALIZED
   [50]{.start; .end} ∈ [-1..98] or UNINITIALIZED
   [50].size ∈ [0..2147483647] or UNINITIALIZED
   [51].type ∈
   {JSMN_OBJECT; JSMN_ARRAY; JSMN_STRING; JSMN_PRIMITIVE} or UNINITIALIZED
   [51]{.start; .end} ∈ [-1..98] or UNINITIALIZED
   [51].size ∈ [0..2147483647] or UNINITIALIZED
   [52].type ∈
   {JSMN_OBJECT; JSMN_ARRAY; JSMN_STRING; JSMN_PRIMITIVE} or UNINITIALIZED
   [52]{.start; .end} ∈ [-1..98] or UNINITIALIZED
   [52].size ∈ [0..2147483647] or UNINITIALIZED
   [53].type ∈
   {JSMN_OBJECT; JSMN_ARRAY; JSMN_STRING; JSMN_PRIMITIVE} or UNINITIALIZED
   [53]{.start; .end} ∈ [-1..98] or UNINITIALIZED
   [53].size ∈ [0..2147483647] or UNINITIALIZED
   [54].type ∈
   {JSMN_OBJECT; JSMN_ARRAY; JSMN_STRING; JSMN_PRIMITIVE} or UNINITIALIZED
   [54]{.start; .end} ∈ [-1..98] or UNINITIALIZED
   [54].size ∈ [0..2147483647] or UNINITIALIZED
   [55].type ∈
   {JSMN_OBJECT; JSMN_ARRAY; JSMN_STRING; JSMN_PRIMITIVE} or UNINITIALIZED
   [55]{.start; .end} ∈ [-1..98] or UNINITIALIZED
   [55].size ∈ [0..2147483647] or UNINITIALIZED
   [56].type ∈
   {JSMN_OBJECT; JSMN_ARRAY; JSMN_STRING; JSMN_PRIMITIVE} or UNINITIALIZED
   [56]{.start; .end} ∈ [-1..98] or UNINITIALIZED
   [56].size ∈ [0..2147483647] or UNINITIALIZED
   [57].type ∈
   {JSMN_OBJECT; JSMN_ARRAY; JSMN_STRING; JSMN_PRIMITIVE} or UNINITIALIZED
   [57]{.start; .end} ∈ [-1..98] or UNINITIALIZED
   [57].size ∈ [0..2147483647] or UNINITIALIZED
   [58].type ∈
   {JSMN_OBJECT; JSMN_ARRAY; JSMN_STRING; JSMN_PRIMITIVE} or UNINITIALIZED
   [58]{.start; .end} ∈ [-1..98] or UNINITIALIZED
   [58].size ∈ [0..2147483647] or UNINITIALIZED
   [59].type ∈
   {JSMN_OBJECT; JSMN_ARRAY; JSMN_STRING; JSMN_PRIMITIVE} or UNINITIALIZED
   [59]{.start; .end} ∈ [-1..98] or UNINITIALIZED
   [59].size ∈ [0..2147483647] or UNINITIALIZED
   [60].type ∈
   {JSMN_OBJECT; JSMN_ARRAY; JSMN_STRING; JSMN_PRIMITIVE} or UNINITIALIZED
   [60]{.start; .end} ∈ [-1..98] or UNINITIALIZED
   [60].size ∈ [0..2147483647] or UNINITIALIZED
   [61].type ∈
   {JSMN_OBJECT; JSMN_ARRAY; JSMN_STRING; JSMN_PRIMITIVE} or UNINITIALIZED
   [61]{.start; .end} ∈ [-1..98] or UNINITIALIZED
   [61].size ∈ [0..2147483647] or UNINITIALIZED
   [62].type ∈
   {JSMN_OBJECT; JSMN_ARRAY; JSMN_STRING; JSMN_PRIMITIVE} or UNINITIALIZED
   [62]{.start; .end} ∈ [-1..98] or UNINITIALIZED
   [62].size ∈ [0..2147483647] or UNINITIALIZED
   [63].type ∈
   {JSMN_OBJECT; JSMN_ARRAY; JSMN_STRING; JSMN_PRIMITIVE} or UNINITIALIZED
   [63]{.start; .end} ∈ [-1..98] or UNINITIALIZED
   [63].size ∈ [0..2147483647] or UNINITIALIZED
   [64].type ∈
   {JSMN_OBJECT; JSMN_ARRAY; JSMN_STRING; JSMN_PRIMITIVE} or UNINITIALIZED
   [64]{.start; .end} ∈ [-1..98] or UNINITIALIZED
   [64].size ∈ [0..2147483647] or UNINITIALIZED
   [65].type ∈
   {JSMN_OBJECT; JSMN_ARRAY; JSMN_STRING; JSMN_PRIMITIVE} or UNINITIALIZED
   [65]{.start; .end} ∈ [-1..98] or UNINITIALIZED
   [65].size ∈ [0..2147483647] or UNINITIALIZED
   [66].type ∈
   {JSMN_OBJECT; JSMN_ARRAY; JSMN_STRING; JSMN_PRIMITIVE} or UNINITIALIZED
   [66]{.start; .end} ∈ [-1..98] or UNINITIALIZED
   [66].size ∈ [0..2147483647] or UNINITIALIZED
   [67].type ∈
   {JSMN_OBJECT; JSMN_ARRAY; JSMN_STRING; JSMN_PRIMITIVE} or UNINITIALIZED
   [67]{.start; .end} ∈ [-1..98] or UNINITIALIZED
   [67].size ∈ [0..2147483647] or UNINITIALIZED
   [68].type ∈
   {JSMN_OBJECT; JSMN_ARRAY; JSMN_STRING; JSMN_PRIMITIVE} or UNINITIALIZED
   [68]{.start; .end} ∈ [-1..98] or UNINITIALIZED
   [68].size ∈ [0..2147483647] or UNINITIALIZED
   [69].type ∈
   {JSMN_OBJECT; JSMN_ARRAY; JSMN_STRING; JSMN_PRIMITIVE} or UNINITIALIZED
   [69]{.start; .end} ∈ [-1..98] or UNINITIALIZED
   [69].size ∈ [0..2147483647] or UNINITIALIZED
   [70].type ∈
   {JSMN_OBJECT; JSMN_ARRAY; JSMN_STRING; JSMN_PRIMITIVE} or UNINITIALIZED
   [70]{.start; .end} ∈ [-1..98] or UNINITIALIZED
   [70].size ∈ [0..2147483647] or UNINITIALIZED
   [71].type ∈
   {JSMN_OBJECT; JSMN_ARRAY; JSMN_STRING; JSMN_PRIMITIVE} or UNINITIALIZED
   [71]{.start; .end} ∈ [-1..98] or UNINITIALIZED
   [71].size ∈ [0..2147483647] or UNINITIALIZED
   [72].type ∈
   {JSMN_OBJECT; JSMN_ARRAY; JSMN_STRING; JSMN_PRIMITIVE} or UNINITIALIZED
   [72]{.start; .end} ∈ [-1..98] or UNINITIALIZED
   [72].size ∈ [0..2147483647] or UNINITIALIZED
   [73].type ∈
   {JSMN_OBJECT; JSMN_ARRAY; JSMN_STRING; JSMN_PRIMITIVE} or UNINITIALIZED
   [73]{.start; .end} ∈ [-1..98] or UNINITIALIZED
   [73].size ∈ [0..2147483647] or UNINITIALIZED
   [74].type ∈
   {JSMN_OBJECT; JSMN_ARRAY; JSMN_STRING; JSMN_PRIMITIVE} or UNINITIALIZED
   [74]{.start; .end} ∈ [-1..98] or UNINITIALIZED
   [74].size ∈ [0..2147483647] or UNINITIALIZED
   [75].type ∈
   {JSMN_OBJECT; JSMN_ARRAY; JSMN_STRING; JSMN_PRIMITIVE} or UNINITIALIZED
   [75]{.start; .end} ∈ [-1..98] or UNINITIALIZED
   [75].size ∈ [0..2147483647] or UNINITIALIZED
   [76].type ∈
   {JSMN_OBJECT; JSMN_ARRAY; JSMN_STRING; JSMN_PRIMITIVE} or UNINITIALIZED
   [76]{.start; .end} ∈ [-1..98] or UNINITIALIZED
   [76].size ∈ [0..2147483647] or UNINITIALIZED
   [77].type ∈
   {JSMN_OBJECT; JSMN_ARRAY; JSMN_STRING; JSMN_PRIMITIVE} or UNINITIALIZED
   [77]{.start; .end} ∈ [-1..98] or UNINITIALIZED
   [77].size ∈ [0..2147483647] or UNINITIALIZED
   [78].type ∈
   {JSMN_OBJECT; JSMN_ARRAY; JSMN_STRING; JSMN_PRIMITIVE} or UNINITIALIZED
   [78]{.start; .end} ∈ [-1..98] or UNINITIALIZED
   [78].size ∈ [0..2147483647] or UNINITIALIZED
   [79].type ∈
   {JSMN_OBJECT; JSMN_ARRAY; JSMN_STRING; JSMN_PRIMITIVE} or UNINITIALIZED
   [79]{.start; .end} ∈ [-1..98] or UNINITIALIZED
   [79].size ∈ [0..2147483647] or UNINITIALIZED
   [80].type ∈
   {JSMN_OBJECT; JSMN_ARRAY; JSMN_STRING; JSMN_PRIMITIVE} or UNINITIALIZED
   [80]{.start; .end} ∈ [-1..98] or UNINITIALIZED
   [80].size ∈ [0..2147483647] or UNINITIALIZED
   [81].type ∈
   {JSMN_OBJECT; JSMN_ARRAY; JSMN_STRING; JSMN_PRIMITIVE} or UNINITIALIZED
   [81]{.start; .end} ∈ [-1..98] or UNINITIALIZED
   [81].size ∈ [0..2147483647] or UNINITIALIZED
   [82].type ∈
   {JSMN_OBJECT; JSMN_ARRAY; JSMN_STRING; JSMN_PRIMITIVE} or UNINITIALIZED
   [82]{.start; .end} ∈ [-1..98] or UNINITIALIZED
   [82].size ∈ [0..2147483647] or UNINITIALIZED
   [83].type ∈
   {JSMN_OBJECT; JSMN_ARRAY; JSMN_STRING; JSMN_PRIMITIVE} or UNINITIALIZED
   [83]{.start; .end} ∈ [-1..98] or UNINITIALIZED
   [83].size ∈ [0..2147483647] or UNINITIALIZED
   [84].type ∈
   {JSMN_OBJECT; JSMN_ARRAY; JSMN_STRING; JSMN_PRIMITIVE} or UNINITIALIZED
   [84]{.start; .end} ∈ [-1..98] or UNINITIALIZED
   [84].size ∈ [0..2147483647] or UNINITIALIZED
   [85].type ∈
   {JSMN_OBJECT; JSMN_ARRAY; JSMN_STRING; JSMN_PRIMITIVE} or UNINITIALIZED
   [85]{.start; .end} ∈ [-1..98] or UNINITIALIZED
   [85].size ∈ [0..2147483647] or UNINITIALIZED
   [86].type ∈
   {JSMN_OBJECT; JSMN_ARRAY; JSMN_STRING; JSMN_PRIMITIVE} or UNINITIALIZED
   [86]{.start; .end} ∈ [-1..98] or UNINITIALIZED
   [86].size ∈ [0..2147483647] or UNINITIALIZED
   [87].type ∈
   {JSMN_OBJECT; JSMN_ARRAY; JSMN_STRING; JSMN_PRIMITIVE} or UNINITIALIZED
   [87]{.start; .end} ∈ [-1..98] or UNINITIALIZED
   [87].size ∈ [0..2147483647] or UNINITIALIZED
   [88].type ∈
   {JSMN_OBJECT; JSMN_ARRAY; JSMN_STRING; JSMN_PRIMITIVE} or UNINITIALIZED
   [88]{.start; .end} ∈ [-1..98] or UNINITIALIZED
   [88].size ∈ [0..2147483647] or UNINITIALIZED
   [89].type ∈
   {JSMN_OBJECT; JSMN_ARRAY; JSMN_STRING; JSMN_PRIMITIVE} or UNINITIALIZED
   [89]{.start; .end} ∈ [-1..98] or UNINITIALIZED
   [89].size ∈ [0..2147483647] or UNINITIALIZED
   [90].type ∈
   {JSMN_OBJECT; JSMN_ARRAY; JSMN_STRING; JSMN_PRIMITIVE} or UNINITIALIZED
   [90]{.start; .end} ∈ [-1..98] or UNINITIALIZED
   [90].size ∈ [0..2147483647] or UNINITIALIZED
   [91].type ∈
   {JSMN_OBJECT; JSMN_ARRAY; JSMN_STRING; JSMN_PRIMITIVE} or UNINITIALIZED
   [91]{.start; .end} ∈ [-1..98] or UNINITIALIZED
   [91].size ∈ [0..2147483647] or UNINITIALIZED
   [92].type ∈
   {JSMN_OBJECT; JSMN_ARRAY; JSMN_STRING; JSMN_PRIMITIVE} or UNINITIALIZED
   [92]{.start; .end} ∈ [-1..98] or UNINITIALIZED
   [92].size ∈ [0..2147483647] or UNINITIALIZED
   [93].type ∈
   {JSMN_OBJECT; JSMN_ARRAY; JSMN_STRING; JSMN_PRIMITIVE} or UNINITIALIZED
   [93]{.start; .end} ∈ [-1..98] or UNINITIALIZED
   [93].size ∈ [0..2147483647] or UNINITIALIZED
   [94].type ∈
   {JSMN_OBJECT; JSMN_ARRAY; JSMN_STRING; JSMN_PRIMITIVE} or UNINITIALIZED
   [94]{.start; .end} ∈ [-1..98] or UNINITIALIZED
   [94].size ∈ [0..2147483647] or UNINITIALIZED
   [95].type ∈
   {JSMN_OBJECT; JSMN_ARRAY; JSMN_STRING; JSMN_PRIMITIVE} or UNINITIALIZED
   [95]{.start; .end} ∈ [-1..98] or UNINITIALIZED
   [95].size ∈ [0..2147483647] or UNINITIALIZED
   [96].type ∈
   {JSMN_OBJECT; JSMN_ARRAY; JSMN_STRING; JSMN_PRIMITIVE} or UNINITIALIZED
   [96]{.start; .end} ∈ [-1..98] or UNINITIALIZED
   [96].size ∈ [0..2147483647] or UNINITIALIZED
   [97].type ∈
   {JSMN_OBJECT; JSMN_ARRAY; JSMN_STRING; JSMN_PRIMITIVE} or UNINITIALIZED
   [97]{.start; .end} ∈ [-1..98] or UNINITIALIZED
   [97].size ∈ [0..2147483647] or UNINITIALIZED
   [98].type ∈
   {JSMN_OBJECT; JSMN_ARRAY; JSMN_STRING; JSMN_PRIMITIVE} or UNINITIALIZED
   [98]{.start; .end} ∈ [-1..98] or UNINITIALIZED
   [98].size ∈ [0..2147483647] or UNINITIALIZED
   [99].type ∈
   {JSMN_OBJECT; JSMN_ARRAY; JSMN_STRING; JSMN_PRIMITIVE} or UNINITIALIZED
   [99]{.start; .end} ∈ [-1..98] or UNINITIALIZED
   [99].size ∈ [0..2147483647] or UNINITIALIZED
   [100].type ∈
   {JSMN_OBJECT; JSMN_ARRAY; JSMN_STRING; JSMN_PRIMITIVE} or UNINITIALIZED
   [100]{.start; .end} ∈ [-1..98] or UNINITIALIZED
   [100].size ∈ [0..2147483647] or UNINITIALIZED
   [101].type ∈
   {JSMN_OBJECT; JSMN_ARRAY; JSMN_STRING; JSMN_PRIMITIVE} or UNINITIALIZED
   [101]{.start; .end} ∈ [-1..98] or UNINITIALIZED
   [101].size ∈ [0..2147483647] or UNINITIALIZED
   [102].type ∈
   {JSMN_OBJECT; JSMN_ARRAY; JSMN_STRING; JSMN_PRIMITIVE} or UNINITIALIZED
   [102]{.start; .end} ∈ [-1..98] or UNINITIALIZED
   [102].size ∈ [0..2147483647] or UNINITIALIZED
   [103].type ∈
   {JSMN_OBJECT; JSMN_ARRAY; JSMN_STRING; JSMN_PRIMITIVE} or UNINITIALIZED
   [103]{.start; .end} ∈ [-1..98] or UNINITIALIZED
   [103].size ∈ [0..2147483647] or UNINITIALIZED
   [104].type ∈
   {JSMN_OBJECT; JSMN_ARRAY; JSMN_STRING; JSMN_PRIMITIVE} or UNINITIALIZED
   [104]{.start; .end} ∈ [-1..98] or UNINITIALIZED
   [104].size ∈ [0..2147483647] or UNINITIALIZED
   [105].type ∈
   {JSMN_OBJECT; JSMN_ARRAY; JSMN_STRING; JSMN_PRIMITIVE} or UNINITIALIZED
   [105]{.start; .end} ∈ [-1..98] or UNINITIALIZED
   [105].size ∈ [0..2147483647] or UNINITIALIZED
   [106].type ∈
   {JSMN_OBJECT; JSMN_ARRAY; JSMN_STRING; JSMN_PRIMITIVE} or UNINITIALIZED
   [106]{.start; .end} ∈ [-1..98] or UNINITIALIZED
   [106].size ∈ [0..2147483647] or UNINITIALIZED
   [107].type ∈
   {JSMN_OBJECT; JSMN_ARRAY; JSMN_STRING; JSMN_PRIMITIVE} or UNINITIALIZED
   [107]{.start; .end} ∈ [-1..98] or UNINITIALIZED
   [107].size ∈ [0..2147483647] or UNINITIALIZED
   [108].type ∈
   {JSMN_OBJECT; JSMN_ARRAY; JSMN_STRING; JSMN_PRIMITIVE} or UNINITIALIZED
   [108]{.start; .end} ∈ [-1..98] or UNINITIALIZED
   [108].size ∈ [0..2147483647] or UNINITIALIZED
   [109].type ∈
   {JSMN_OBJECT; JSMN_ARRAY; JSMN_STRING; JSMN_PRIMITIVE} or UNINITIALIZED
   [109]{.start; .end} ∈ [-1..98] or UNINITIALIZED
   [109].size ∈ [0..2147483647] or UNINITIALIZED
   [110].type ∈
   {JSMN_OBJECT; JSMN_ARRAY; JSMN_STRING; JSMN_PRIMITIVE} or UNINITIALIZED
   [110]{.start; .end} ∈ [-1..98] or UNINITIALIZED
   [110].size ∈ [0..2147483647] or UNINITIALIZED
   [111].type ∈
   {JSMN_OBJECT; JSMN_ARRAY; JSMN_STRING; JSMN_PRIMITIVE} or UNINITIALIZED
   [111]{.start; .end} ∈ [-1..98] or UNINITIALIZED
   [111].size ∈ [0..2147483647] or UNINITIALIZED
   [112].type ∈
   {JSMN_OBJECT; JSMN_ARRAY; JSMN_STRING; JSMN_PRIMITIVE} or UNINITIALIZED
   [112]{.start; .end} ∈ [-1..98] or UNINITIALIZED
   [112].size ∈ [0..2147483647] or UNINITIALIZED
   [113].type ∈
   {JSMN_OBJECT; JSMN_ARRAY; JSMN_STRING; JSMN_PRIMITIVE} or UNINITIALIZED
   [113]{.start; .end} ∈ [-1..98] or UNINITIALIZED
   [113].size ∈ [0..2147483647] or UNINITIALIZED
   [114].type ∈
   {JSMN_OBJECT; JSMN_ARRAY; JSMN_STRING; JSMN_PRIMITIVE} or UNINITIALIZED
   [114]{.start; .end} ∈ [-1..98] or UNINITIALIZED
   [114].size ∈ [0..2147483647] or UNINITIALIZED
   [115].type ∈
   {JSMN_OBJECT; JSMN_ARRAY; JSMN_STRING; JSMN_PRIMITIVE} or UNINITIALIZED
   [115]{.start; .end} ∈ [-1..98] or UNINITIALIZED
   [115].size ∈ [0..2147483647] or UNINITIALIZED
   [116].type ∈
   {JSMN_OBJECT; JSMN_ARRAY; JSMN_STRING; JSMN_PRIMITIVE} or UNINITIALIZED
   [116]{.start; .end} ∈ [-1..98] or UNINITIALIZED
   [116].size ∈ [0..2147483647] or UNINITIALIZED
   [117].type ∈
   {JSMN_OBJECT; JSMN_ARRAY; JSMN_STRING; JSMN_PRIMITIVE} or UNINITIALIZED
   [117]{.start; .end} ∈ [-1..98] or UNINITIALIZED
   [117].size ∈ [0..2147483647] or UNINITIALIZED
   [118].type ∈
   {JSMN_OBJECT; JSMN_ARRAY; JSMN_STRING; JSMN_PRIMITIVE} or UNINITIALIZED
   [118]{.start; .end} ∈ [-1..98] or UNINITIALIZED
   [118].size ∈ [0..2147483647] or UNINITIALIZED
   [119].type ∈
   {JSMN_OBJECT; JSMN_ARRAY; JSMN_STRING; JSMN_PRIMITIVE} or UNINITIALIZED
   [119]{.start; .end} ∈ [-1..98] or UNINITIALIZED
   [119].size ∈ [0..2147483647] or UNINITIALIZED
   [120].type ∈
   {JSMN_OBJECT; JSMN_ARRAY; JSMN_STRING; JSMN_PRIMITIVE} or UNINITIALIZED
   [120]{.start; .end} ∈ [-1..98] or UNINITIALIZED
   [120].size ∈ [0..2147483647] or UNINITIALIZED
   [121].type ∈
   {JSMN_OBJECT; JSMN_ARRAY; JSMN_STRING; JSMN_PRIMITIVE} or UNINITIALIZED
   [121]{.start; .end} ∈ [-1..98] or UNINITIALIZED
   [121].size ∈ [0..2147483647] or UNINITIALIZED
   [122].type ∈
   {JSMN_OBJECT; JSMN_ARRAY; JSMN_STRING; JSMN_PRIMITIVE} or UNINITIALIZED
   [122]{.start; .end} ∈ [-1..98] or UNINITIALIZED
   [122].size ∈ [0..2147483647] or UNINITIALIZED
   [123].type ∈
   {JSMN_OBJECT; JSMN_ARRAY; JSMN_STRING; JSMN_PRIMITIVE} or UNINITIALIZED
   [123]{.start; .end} ∈ [-1..98] or UNINITIALIZED
   [123].size ∈ [0..2147483647] or UNINITIALIZED
   [124].type ∈
   {JSMN_OBJECT; JSMN_ARRAY; JSMN_STRING; JSMN_PRIMITIVE} or UNINITIALIZED
   [124]{.start; .end} ∈ [-1..98] or UNINITIALIZED
   [124].size ∈ [0..2147483647] or UNINITIALIZED
   [125].type ∈
   {JSMN_OBJECT; JSMN_ARRAY; JSMN_STRING; JSMN_PRIMITIVE} or UNINITIALIZED
   [125]{.start; .end} ∈ [-1..98] or UNINITIALIZED
   [125].size ∈ [0..2147483647] or UNINITIALIZED
   [126].type ∈
   {JSMN_OBJECT; JSMN_ARRAY; JSMN_STRING; JSMN_PRIMITIVE} or UNINITIALIZED
   [126].start ∈ [-1..98] or UNINITIALIZED
   [126].end ∈ [-1..2147483647] or UNINITIALIZED
   [126].size ∈ [0..2147483647] or UNINITIALIZED
   [127].type ∈
   {JSMN_OBJECT; JSMN_ARRAY; JSMN_STRING; JSMN_PRIMITIVE} or UNINITIALIZED
   [127].start ∈ [-1..98] or UNINITIALIZED
   [127].end ∈ [-1..2147483647] or UNINITIALIZED
   [127].size ∈ [0..2147483647] or UNINITIALIZED
[eva:final-states] Values at end of function jsmn_init:
  p{.pos; .toknext} ∈ {0}
   .toksuper ∈ {-1}
[eva:final-states] Values at end of function jsmn_parse_primitive:
  token ∈ {{ NULL ; &t + [0..2032],0%16 }} or UNINITIALIZED
  start ∈ [0..97]
  p.pos ∈ [0..97]
   .toknext ∈ [0..2147483647]
   .toksuper ∈ [--..--]
  t[0].type ∈ [1..2147483647] or UNINITIALIZED
   [0]{.start; .end} ∈ [-1..2147483647] or UNINITIALIZED
   [0].size ∈ [0..2147483647] or UNINITIALIZED
   [1].type ∈ [1..2147483647] or UNINITIALIZED
   [1]{.start; .end} ∈ [-1..2147483647] or UNINITIALIZED
   [1].size ∈ [0..2147483647] or UNINITIALIZED
   [2].type ∈
   {JSMN_OBJECT; JSMN_ARRAY; JSMN_STRING; JSMN_PRIMITIVE} or UNINITIALIZED
   [2]{.start; .end} ∈ [-1..98] or UNINITIALIZED
   [2].size ∈ [0..2147483647] or UNINITIALIZED
   [3].type ∈
   {JSMN_OBJECT; JSMN_ARRAY; JSMN_STRING; JSMN_PRIMITIVE} or UNINITIALIZED
   [3]{.start; .end} ∈ [-1..98] or UNINITIALIZED
   [3].size ∈ [0..2147483647] or UNINITIALIZED
   [4].type ∈
   {JSMN_OBJECT; JSMN_ARRAY; JSMN_STRING; JSMN_PRIMITIVE} or UNINITIALIZED
   [4]{.start; .end} ∈ [-1..98] or UNINITIALIZED
   [4].size ∈ [0..2147483647] or UNINITIALIZED
   [5].type ∈
   {JSMN_OBJECT; JSMN_ARRAY; JSMN_STRING; JSMN_PRIMITIVE} or UNINITIALIZED
   [5]{.start; .end} ∈ [-1..98] or UNINITIALIZED
   [5].size ∈ [0..2147483647] or UNINITIALIZED
   [6].type ∈
   {JSMN_OBJECT; JSMN_ARRAY; JSMN_STRING; JSMN_PRIMITIVE} or UNINITIALIZED
   [6]{.start; .end} ∈ [-1..98] or UNINITIALIZED
   [6].size ∈ [0..2147483647] or UNINITIALIZED
   [7].type ∈
   {JSMN_OBJECT; JSMN_ARRAY; JSMN_STRING; JSMN_PRIMITIVE} or UNINITIALIZED
   [7]{.start; .end} ∈ [-1..98] or UNINITIALIZED
   [7].size ∈ [0..2147483647] or UNINITIALIZED
   [8].type ∈
   {JSMN_OBJECT; JSMN_ARRAY; JSMN_STRING; JSMN_PRIMITIVE} or UNINITIALIZED
   [8]{.start; .end} ∈ [-1..98] or UNINITIALIZED
   [8].size ∈ [0..2147483647] or UNINITIALIZED
   [9].type ∈
   {JSMN_OBJECT; JSMN_ARRAY; JSMN_STRING; JSMN_PRIMITIVE} or UNINITIALIZED
   [9]{.start; .end} ∈ [-1..98] or UNINITIALIZED
   [9].size ∈ [0..2147483647] or UNINITIALIZED
   [10].type ∈
   {JSMN_OBJECT; JSMN_ARRAY; JSMN_STRING; JSMN_PRIMITIVE} or UNINITIALIZED
   [10]{.start; .end} ∈ [-1..98] or UNINITIALIZED
   [10].size ∈ [0..2147483647] or UNINITIALIZED
   [11].type ∈
   {JSMN_OBJECT; JSMN_ARRAY; JSMN_STRING; JSMN_PRIMITIVE} or UNINITIALIZED
   [11]{.start; .end} ∈ [-1..98] or UNINITIALIZED
   [11].size ∈ [0..2147483647] or UNINITIALIZED
   [12].type ∈
   {JSMN_OBJECT; JSMN_ARRAY; JSMN_STRING; JSMN_PRIMITIVE} or UNINITIALIZED
   [12]{.start; .end} ∈ [-1..98] or UNINITIALIZED
   [12].size ∈ [0..2147483647] or UNINITIALIZED
   [13].type ∈
   {JSMN_OBJECT; JSMN_ARRAY; JSMN_STRING; JSMN_PRIMITIVE} or UNINITIALIZED
   [13]{.start; .end} ∈ [-1..98] or UNINITIALIZED
   [13].size ∈ [0..2147483647] or UNINITIALIZED
   [14].type ∈
   {JSMN_OBJECT; JSMN_ARRAY; JSMN_STRING; JSMN_PRIMITIVE} or UNINITIALIZED
   [14]{.start; .end} ∈ [-1..98] or UNINITIALIZED
   [14].size ∈ [0..2147483647] or UNINITIALIZED
   [15].type ∈
   {JSMN_OBJECT; JSMN_ARRAY; JSMN_STRING; JSMN_PRIMITIVE} or UNINITIALIZED
   [15]{.start; .end} ∈ [-1..98] or UNINITIALIZED
   [15].size ∈ [0..2147483647] or UNINITIALIZED
   [16].type ∈
   {JSMN_OBJECT; JSMN_ARRAY; JSMN_STRING; JSMN_PRIMITIVE} or UNINITIALIZED
   [16]{.start; .end} ∈ [-1..98] or UNINITIALIZED
   [16].size ∈ [0..2147483647] or UNINITIALIZED
   [17].type ∈
   {JSMN_OBJECT; JSMN_ARRAY; JSMN_STRING; JSMN_PRIMITIVE} or UNINITIALIZED
   [17]{.start; .end} ∈ [-1..98] or UNINITIALIZED
   [17].size ∈ [0..2147483647] or UNINITIALIZED
   [18].type ∈
   {JSMN_OBJECT; JSMN_ARRAY; JSMN_STRING; JSMN_PRIMITIVE} or UNINITIALIZED
   [18]{.start; .end} ∈ [-1..98] or UNINITIALIZED
   [18].size ∈ [0..2147483647] or UNINITIALIZED
   [19].type ∈
   {JSMN_OBJECT; JSMN_ARRAY; JSMN_STRING; JSMN_PRIMITIVE} or UNINITIALIZED
   [19]{.start; .end} ∈ [-1..98] or UNINITIALIZED
   [19].size ∈ [0..2147483647] or UNINITIALIZED
   [20].type ∈
   {JSMN_OBJECT; JSMN_ARRAY; JSMN_STRING; JSMN_PRIMITIVE} or UNINITIALIZED
   [20]{.start; .end} ∈ [-1..98] or UNINITIALIZED
   [20].size ∈ [0..2147483647] or UNINITIALIZED
   [21].type ∈
   {JSMN_OBJECT; JSMN_ARRAY; JSMN_STRING; JSMN_PRIMITIVE} or UNINITIALIZED
   [21]{.start; .end} ∈ [-1..98] or UNINITIALIZED
   [21].size ∈ [0..2147483647] or UNINITIALIZED
   [22].type ∈
   {JSMN_OBJECT; JSMN_ARRAY; JSMN_STRING; JSMN_PRIMITIVE} or UNINITIALIZED
   [22]{.start; .end} ∈ [-1..98] or UNINITIALIZED
   [22].size ∈ [0..2147483647] or UNINITIALIZED
   [23].type ∈
   {JSMN_OBJECT; JSMN_ARRAY; JSMN_STRING; JSMN_PRIMITIVE} or UNINITIALIZED
   [23]{.start; .end} ∈ [-1..98] or UNINITIALIZED
   [23].size ∈ [0..2147483647] or UNINITIALIZED
   [24].type ∈
   {JSMN_OBJECT; JSMN_ARRAY; JSMN_STRING; JSMN_PRIMITIVE} or UNINITIALIZED
   [24]{.start; .end} ∈ [-1..98] or UNINITIALIZED
   [24].size ∈ [0..2147483647] or UNINITIALIZED
   [25].type ∈
   {JSMN_OBJECT; JSMN_ARRAY; JSMN_STRING; JSMN_PRIMITIVE} or UNINITIALIZED
   [25]{.start; .end} ∈ [-1..98] or UNINITIALIZED
   [25].size ∈ [0..2147483647] or UNINITIALIZED
   [26].type ∈
   {JSMN_OBJECT; JSMN_ARRAY; JSMN_STRING; JSMN_PRIMITIVE} or UNINITIALIZED
   [26]{.start; .end} ∈ [-1..98] or UNINITIALIZED
   [26].size ∈ [0..2147483647] or UNINITIALIZED
   [27].type ∈
   {JSMN_OBJECT; JSMN_ARRAY; JSMN_STRING; JSMN_PRIMITIVE} or UNINITIALIZED
   [27]{.start; .end} ∈ [-1..98] or UNINITIALIZED
   [27].size ∈ [0..2147483647] or UNINITIALIZED
   [28].type ∈
   {JSMN_OBJECT; JSMN_ARRAY; JSMN_STRING; JSMN_PRIMITIVE} or UNINITIALIZED
   [28]{.start; .end} ∈ [-1..98] or UNINITIALIZED
   [28].size ∈ [0..2147483647] or UNINITIALIZED
   [29].type ∈
   {JSMN_OBJECT; JSMN_ARRAY; JSMN_STRING; JSMN_PRIMITIVE} or UNINITIALIZED
   [29]{.start; .end} ∈ [-1..98] or UNINITIALIZED
   [29].size ∈ [0..2147483647] or UNINITIALIZED
   [30].type ∈
   {JSMN_OBJECT; JSMN_ARRAY; JSMN_STRING; JSMN_PRIMITIVE} or UNINITIALIZED
   [30]{.start; .end} ∈ [-1..98] or UNINITIALIZED
   [30].size ∈ [0..2147483647] or UNINITIALIZED
   [31].type ∈
   {JSMN_OBJECT; JSMN_ARRAY; JSMN_STRING; JSMN_PRIMITIVE} or UNINITIALIZED
   [31]{.start; .end} ∈ [-1..98] or UNINITIALIZED
   [31].size ∈ [0..2147483647] or UNINITIALIZED
   [32].type ∈
   {JSMN_OBJECT; JSMN_ARRAY; JSMN_STRING; JSMN_PRIMITIVE} or UNINITIALIZED
   [32]{.start; .end} ∈ [-1..98] or UNINITIALIZED
   [32].size ∈ [0..2147483647] or UNINITIALIZED
   [33].type ∈
   {JSMN_OBJECT; JSMN_ARRAY; JSMN_STRING; JSMN_PRIMITIVE} or UNINITIALIZED
   [33]{.start; .end} ∈ [-1..98] or UNINITIALIZED
   [33].size ∈ [0..2147483647] or UNINITIALIZED
   [34].type ∈
   {JSMN_OBJECT; JSMN_ARRAY; JSMN_STRING; JSMN_PRIMITIVE} or UNINITIALIZED
   [34]{.start; .end} ∈ [-1..98] or UNINITIALIZED
   [34].size ∈ [0..2147483647] or UNINITIALIZED
   [35].type ∈
   {JSMN_OBJECT; JSMN_ARRAY; JSMN_STRING; JSMN_PRIMITIVE} or UNINITIALIZED
   [35]{.start; .end} ∈ [-1..98] or UNINITIALIZED
   [35].size ∈ [0..2147483647] or UNINITIALIZED
   [36].type ∈
   {JSMN_OBJECT; JSMN_ARRAY; JSMN_STRING; JSMN_PRIMITIVE} or UNINITIALIZED
   [36]{.start; .end} ∈ [-1..98] or UNINITIALIZED
   [36].size ∈ [0..2147483647] or UNINITIALIZED
   [37].type ∈
   {JSMN_OBJECT; JSMN_ARRAY; JSMN_STRING; JSMN_PRIMITIVE} or UNINITIALIZED
   [37]{.start; .end} ∈ [-1..98] or UNINITIALIZED
   [37].size ∈ [0..2147483647] or UNINITIALIZED
   [38].type ∈
   {JSMN_OBJECT; JSMN_ARRAY; JSMN_STRING; JSMN_PRIMITIVE} or UNINITIALIZED
   [38]{.start; .end} ∈ [-1..98] or UNINITIALIZED
   [38].size ∈ [0..2147483647] or UNINITIALIZED
   [39].type ∈
   {JSMN_OBJECT; JSMN_ARRAY; JSMN_STRING; JSMN_PRIMITIVE} or UNINITIALIZED
   [39]{.start; .end} ∈ [-1..98] or UNINITIALIZED
   [39].size ∈ [0..2147483647] or UNINITIALIZED
   [40].type ∈
   {JSMN_OBJECT; JSMN_ARRAY; JSMN_STRING; JSMN_PRIMITIVE} or UNINITIALIZED
   [40]{.start; .end} ∈ [-1..98] or UNINITIALIZED
   [40].size ∈ [0..2147483647] or UNINITIALIZED
   [41].type ∈
   {JSMN_OBJECT; JSMN_ARRAY; JSMN_STRING; JSMN_PRIMITIVE} or UNINITIALIZED
   [41]{.start; .end} ∈ [-1..98] or UNINITIALIZED
   [41].size ∈ [0..2147483647] or UNINITIALIZED
   [42].type ∈
   {JSMN_OBJECT; JSMN_ARRAY; JSMN_STRING; JSMN_PRIMITIVE} or UNINITIALIZED
   [42]{.start; .end} ∈ [-1..98] or UNINITIALIZED
   [42].size ∈ [0..2147483647] or UNINITIALIZED
   [43].type ∈
   {JSMN_OBJECT; JSMN_ARRAY; JSMN_STRING; JSMN_PRIMITIVE} or UNINITIALIZED
   [43]{.start; .end} ∈ [-1..98] or UNINITIALIZED
   [43].size ∈ [0..2147483647] or UNINITIALIZED
   [44].type ∈
   {JSMN_OBJECT; JSMN_ARRAY; JSMN_STRING; JSMN_PRIMITIVE} or UNINITIALIZED
   [44]{.start; .end} ∈ [-1..98] or UNINITIALIZED
   [44].size ∈ [0..2147483647] or UNINITIALIZED
   [45].type ∈
   {JSMN_OBJECT; JSMN_ARRAY; JSMN_STRING; JSMN_PRIMITIVE} or UNINITIALIZED
   [45]{.start; .end} ∈ [-1..98] or UNINITIALIZED
   [45].size ∈ [0..2147483647] or UNINITIALIZED
   [46].type ∈
   {JSMN_OBJECT; JSMN_ARRAY; JSMN_STRING; JSMN_PRIMITIVE} or UNINITIALIZED
   [46]{.start; .end} ∈ [-1..98] or UNINITIALIZED
   [46].size ∈ [0..2147483647] or UNINITIALIZED
   [47].type ∈
   {JSMN_OBJECT; JSMN_ARRAY; JSMN_STRING; JSMN_PRIMITIVE} or UNINITIALIZED
   [47]{.start; .end} ∈ [-1..98] or UNINITIALIZED
   [47].size ∈ [0..2147483647] or UNINITIALIZED
   [48].type ∈
   {JSMN_OBJECT; JSMN_ARRAY; JSMN_STRING; JSMN_PRIMITIVE} or UNINITIALIZED
   [48]{.start; .end} ∈ [-1..98] or UNINITIALIZED
   [48].size ∈ [0..2147483647] or UNINITIALIZED
   [49].type ∈
   {JSMN_OBJECT; JSMN_ARRAY; JSMN_STRING; JSMN_PRIMITIVE} or UNINITIALIZED
   [49]{.start; .end} ∈ [-1..98] or UNINITIALIZED
   [49].size ∈ [0..2147483647] or UNINITIALIZED
   [50].type ∈
   {JSMN_OBJECT; JSMN_ARRAY; JSMN_STRING; JSMN_PRIMITIVE} or UNINITIALIZED
   [50]{.start; .end} ∈ [-1..98] or UNINITIALIZED
   [50].size ∈ [0..2147483647] or UNINITIALIZED
   [51].type ∈
   {JSMN_OBJECT; JSMN_ARRAY; JSMN_STRING; JSMN_PRIMITIVE} or UNINITIALIZED
   [51]{.start; .end} ∈ [-1..98] or UNINITIALIZED
   [51].size ∈ [0..2147483647] or UNINITIALIZED
   [52].type ∈
   {JSMN_OBJECT; JSMN_ARRAY; JSMN_STRING; JSMN_PRIMITIVE} or UNINITIALIZED
   [52]{.start; .end} ∈ [-1..98] or UNINITIALIZED
   [52].size ∈ [0..2147483647] or UNINITIALIZED
   [53].type ∈
   {JSMN_OBJECT; JSMN_ARRAY; JSMN_STRING; JSMN_PRIMITIVE} or UNINITIALIZED
   [53]{.start; .end} ∈ [-1..98] or UNINITIALIZED
   [53].size ∈ [0..2147483647] or UNINITIALIZED
   [54].type ∈
   {JSMN_OBJECT; JSMN_ARRAY; JSMN_STRING; JSMN_PRIMITIVE} or UNINITIALIZED
   [54]{.start; .end} ∈ [-1..98] or UNINITIALIZED
   [54].size ∈ [0..2147483647] or UNINITIALIZED
   [55].type ∈
   {JSMN_OBJECT; JSMN_ARRAY; JSMN_STRING; JSMN_PRIMITIVE} or UNINITIALIZED
   [55]{.start; .end} ∈ [-1..98] or UNINITIALIZED
   [55].size ∈ [0..2147483647] or UNINITIALIZED
   [56].type ∈
   {JSMN_OBJECT; JSMN_ARRAY; JSMN_STRING; JSMN_PRIMITIVE} or UNINITIALIZED
   [56]{.start; .end} ∈ [-1..98] or UNINITIALIZED
   [56].size ∈ [0..2147483647] or UNINITIALIZED
   [57].type ∈
   {JSMN_OBJECT; JSMN_ARRAY; JSMN_STRING; JSMN_PRIMITIVE} or UNINITIALIZED
   [57]{.start; .end} ∈ [-1..98] or UNINITIALIZED
   [57].size ∈ [0..2147483647] or UNINITIALIZED
   [58].type ∈
   {JSMN_OBJECT; JSMN_ARRAY; JSMN_STRING; JSMN_PRIMITIVE} or UNINITIALIZED
   [58]{.start; .end} ∈ [-1..98] or UNINITIALIZED
   [58].size ∈ [0..2147483647] or UNINITIALIZED
   [59].type ∈
   {JSMN_OBJECT; JSMN_ARRAY; JSMN_STRING; JSMN_PRIMITIVE} or UNINITIALIZED
   [59]{.start; .end} ∈ [-1..98] or UNINITIALIZED
   [59].size ∈ [0..2147483647] or UNINITIALIZED
   [60].type ∈
   {JSMN_OBJECT; JSMN_ARRAY; JSMN_STRING; JSMN_PRIMITIVE} or UNINITIALIZED
   [60]{.start; .end} ∈ [-1..98] or UNINITIALIZED
   [60].size ∈ [0..2147483647] or UNINITIALIZED
   [61].type ∈
   {JSMN_OBJECT; JSMN_ARRAY; JSMN_STRING; JSMN_PRIMITIVE} or UNINITIALIZED
   [61]{.start; .end} ∈ [-1..98] or UNINITIALIZED
   [61].size ∈ [0..2147483647] or UNINITIALIZED
   [62].type ∈
   {JSMN_OBJECT; JSMN_ARRAY; JSMN_STRING; JSMN_PRIMITIVE} or UNINITIALIZED
   [62]{.start; .end} ∈ [-1..98] or UNINITIALIZED
   [62].size ∈ [0..2147483647] or UNINITIALIZED
   [63].type ∈
   {JSMN_OBJECT; JSMN_ARRAY; JSMN_STRING; JSMN_PRIMITIVE} or UNINITIALIZED
   [63]{.start; .end} ∈ [-1..98] or UNINITIALIZED
   [63].size ∈ [0..2147483647] or UNINITIALIZED
   [64].type ∈
   {JSMN_OBJECT; JSMN_ARRAY; JSMN_STRING; JSMN_PRIMITIVE} or UNINITIALIZED
   [64]{.start; .end} ∈ [-1..98] or UNINITIALIZED
   [64].size ∈ [0..2147483647] or UNINITIALIZED
   [65].type ∈
   {JSMN_OBJECT; JSMN_ARRAY; JSMN_STRING; JSMN_PRIMITIVE} or UNINITIALIZED
   [65]{.start; .end} ∈ [-1..98] or UNINITIALIZED
   [65].size ∈ [0..2147483647] or UNINITIALIZED
   [66].type ∈
   {JSMN_OBJECT; JSMN_ARRAY; JSMN_STRING; JSMN_PRIMITIVE} or UNINITIALIZED
   [66]{.start; .end} ∈ [-1..98] or UNINITIALIZED
   [66].size ∈ [0..2147483647] or UNINITIALIZED
   [67].type ∈
   {JSMN_OBJECT; JSMN_ARRAY; JSMN_STRING; JSMN_PRIMITIVE} or UNINITIALIZED
   [67]{.start; .end} ∈ [-1..98] or UNINITIALIZED
   [67].size ∈ [0..2147483647] or UNINITIALIZED
   [68].type ∈
   {JSMN_OBJECT; JSMN_ARRAY; JSMN_STRING; JSMN_PRIMITIVE} or UNINITIALIZED
   [68]{.start; .end} ∈ [-1..98] or UNINITIALIZED
   [68].size ∈ [0..2147483647] or UNINITIALIZED
   [69].type ∈
   {JSMN_OBJECT; JSMN_ARRAY; JSMN_STRING; JSMN_PRIMITIVE} or UNINITIALIZED
   [69]{.start; .end} ∈ [-1..98] or UNINITIALIZED
   [69].size ∈ [0..2147483647] or UNINITIALIZED
   [70].type ∈
   {JSMN_OBJECT; JSMN_ARRAY; JSMN_STRING; JSMN_PRIMITIVE} or UNINITIALIZED
   [70]{.start; .end} ∈ [-1..98] or UNINITIALIZED
   [70].size ∈ [0..2147483647] or UNINITIALIZED
   [71].type ∈
   {JSMN_OBJECT; JSMN_ARRAY; JSMN_STRING; JSMN_PRIMITIVE} or UNINITIALIZED
   [71]{.start; .end} ∈ [-1..98] or UNINITIALIZED
   [71].size ∈ [0..2147483647] or UNINITIALIZED
   [72].type ∈
   {JSMN_OBJECT; JSMN_ARRAY; JSMN_STRING; JSMN_PRIMITIVE} or UNINITIALIZED
   [72]{.start; .end} ∈ [-1..98] or UNINITIALIZED
   [72].size ∈ [0..2147483647] or UNINITIALIZED
   [73].type ∈
   {JSMN_OBJECT; JSMN_ARRAY; JSMN_STRING; JSMN_PRIMITIVE} or UNINITIALIZED
   [73]{.start; .end} ∈ [-1..98] or UNINITIALIZED
   [73].size ∈ [0..2147483647] or UNINITIALIZED
   [74].type ∈
   {JSMN_OBJECT; JSMN_ARRAY; JSMN_STRING; JSMN_PRIMITIVE} or UNINITIALIZED
   [74]{.start; .end} ∈ [-1..98] or UNINITIALIZED
   [74].size ∈ [0..2147483647] or UNINITIALIZED
   [75].type ∈
   {JSMN_OBJECT; JSMN_ARRAY; JSMN_STRING; JSMN_PRIMITIVE} or UNINITIALIZED
   [75]{.start; .end} ∈ [-1..98] or UNINITIALIZED
   [75].size ∈ [0..2147483647] or UNINITIALIZED
   [76].type ∈
   {JSMN_OBJECT; JSMN_ARRAY; JSMN_STRING; JSMN_PRIMITIVE} or UNINITIALIZED
   [76]{.start; .end} ∈ [-1..98] or UNINITIALIZED
   [76].size ∈ [0..2147483647] or UNINITIALIZED
   [77].type ∈
   {JSMN_OBJECT; JSMN_ARRAY; JSMN_STRING; JSMN_PRIMITIVE} or UNINITIALIZED
   [77]{.start; .end} ∈ [-1..98] or UNINITIALIZED
   [77].size ∈ [0..2147483647] or UNINITIALIZED
   [78].type ∈
   {JSMN_OBJECT; JSMN_ARRAY; JSMN_STRING; JSMN_PRIMITIVE} or UNINITIALIZED
   [78]{.start; .end} ∈ [-1..98] or UNINITIALIZED
   [78].size ∈ [0..2147483647] or UNINITIALIZED
   [79].type ∈
   {JSMN_OBJECT; JSMN_ARRAY; JSMN_STRING; JSMN_PRIMITIVE} or UNINITIALIZED
   [79]{.start; .end} ∈ [-1..98] or UNINITIALIZED
   [79].size ∈ [0..2147483647] or UNINITIALIZED
   [80].type ∈
   {JSMN_OBJECT; JSMN_ARRAY; JSMN_STRING; JSMN_PRIMITIVE} or UNINITIALIZED
   [80]{.start; .end} ∈ [-1..98] or UNINITIALIZED
   [80].size ∈ [0..2147483647] or UNINITIALIZED
   [81].type ∈
   {JSMN_OBJECT; JSMN_ARRAY; JSMN_STRING; JSMN_PRIMITIVE} or UNINITIALIZED
   [81]{.start; .end} ∈ [-1..98] or UNINITIALIZED
   [81].size ∈ [0..2147483647] or UNINITIALIZED
   [82].type ∈
   {JSMN_OBJECT; JSMN_ARRAY; JSMN_STRING; JSMN_PRIMITIVE} or UNINITIALIZED
   [82]{.start; .end} ∈ [-1..98] or UNINITIALIZED
   [82].size ∈ [0..2147483647] or UNINITIALIZED
   [83].type ∈
   {JSMN_OBJECT; JSMN_ARRAY; JSMN_STRING; JSMN_PRIMITIVE} or UNINITIALIZED
   [83]{.start; .end} ∈ [-1..98] or UNINITIALIZED
   [83].size ∈ [0..2147483647] or UNINITIALIZED
   [84].type ∈
   {JSMN_OBJECT; JSMN_ARRAY; JSMN_STRING; JSMN_PRIMITIVE} or UNINITIALIZED
   [84]{.start; .end} ∈ [-1..98] or UNINITIALIZED
   [84].size ∈ [0..2147483647] or UNINITIALIZED
   [85].type ∈
   {JSMN_OBJECT; JSMN_ARRAY; JSMN_STRING; JSMN_PRIMITIVE} or UNINITIALIZED
   [85]{.start; .end} ∈ [-1..98] or UNINITIALIZED
   [85].size ∈ [0..2147483647] or UNINITIALIZED
   [86].type ∈
   {JSMN_OBJECT; JSMN_ARRAY; JSMN_STRING; JSMN_PRIMITIVE} or UNINITIALIZED
   [86]{.start; .end} ∈ [-1..98] or UNINITIALIZED
   [86].size ∈ [0..2147483647] or UNINITIALIZED
   [87].type ∈
   {JSMN_OBJECT; JSMN_ARRAY; JSMN_STRING; JSMN_PRIMITIVE} or UNINITIALIZED
   [87]{.start; .end} ∈ [-1..98] or UNINITIALIZED
   [87].size ∈ [0..2147483647] or UNINITIALIZED
   [88].type ∈
   {JSMN_OBJECT; JSMN_ARRAY; JSMN_STRING; JSMN_PRIMITIVE} or UNINITIALIZED
   [88]{.start; .end} ∈ [-1..98] or UNINITIALIZED
   [88].size ∈ [0..2147483647] or UNINITIALIZED
   [89].type ∈
   {JSMN_OBJECT; JSMN_ARRAY; JSMN_STRING; JSMN_PRIMITIVE} or UNINITIALIZED
   [89]{.start; .end} ∈ [-1..98] or UNINITIALIZED
   [89].size ∈ [0..2147483647] or UNINITIALIZED
   [90].type ∈
   {JSMN_OBJECT; JSMN_ARRAY; JSMN_STRING; JSMN_PRIMITIVE} or UNINITIALIZED
   [90]{.start; .end} ∈ [-1..98] or UNINITIALIZED
   [90].size ∈ [0..2147483647] or UNINITIALIZED
   [91].type ∈
   {JSMN_OBJECT; JSMN_ARRAY; JSMN_STRING; JSMN_PRIMITIVE} or UNINITIALIZED
   [91]{.start; .end} ∈ [-1..98] or UNINITIALIZED
   [91].size ∈ [0..2147483647] or UNINITIALIZED
   [92].type ∈
   {JSMN_OBJECT; JSMN_ARRAY; JSMN_STRING; JSMN_PRIMITIVE} or UNINITIALIZED
   [92]{.start; .end} ∈ [-1..98] or UNINITIALIZED
   [92].size ∈ [0..2147483647] or UNINITIALIZED
   [93].type ∈
   {JSMN_OBJECT; JSMN_ARRAY; JSMN_STRING; JSMN_PRIMITIVE} or UNINITIALIZED
   [93]{.start; .end} ∈ [-1..98] or UNINITIALIZED
   [93].size ∈ [0..2147483647] or UNINITIALIZED
   [94].type ∈
   {JSMN_OBJECT; JSMN_ARRAY; JSMN_STRING; JSMN_PRIMITIVE} or UNINITIALIZED
   [94]{.start; .end} ∈ [-1..98] or UNINITIALIZED
   [94].size ∈ [0..2147483647] or UNINITIALIZED
   [95].type ∈
   {JSMN_OBJECT; JSMN_ARRAY; JSMN_STRING; JSMN_PRIMITIVE} or UNINITIALIZED
   [95]{.start; .end} ∈ [-1..98] or UNINITIALIZED
   [95].size ∈ [0..2147483647] or UNINITIALIZED
   [96].type ∈
   {JSMN_OBJECT; JSMN_ARRAY; JSMN_STRING; JSMN_PRIMITIVE} or UNINITIALIZED
   [96]{.start; .end} ∈ [-1..98] or UNINITIALIZED
   [96].size ∈ [0..2147483647] or UNINITIALIZED
   [97].type ∈
   {JSMN_OBJECT; JSMN_ARRAY; JSMN_STRING; JSMN_PRIMITIVE} or UNINITIALIZED
   [97]{.start; .end} ∈ [-1..98] or UNINITIALIZED
   [97].size ∈ [0..2147483647] or UNINITIALIZED
   [98].type ∈
   {JSMN_OBJECT; JSMN_ARRAY; JSMN_STRING; JSMN_PRIMITIVE} or UNINITIALIZED
   [98]{.start; .end} ∈ [-1..98] or UNINITIALIZED
   [98].size ∈ [0..2147483647] or UNINITIALIZED
   [99].type ∈
   {JSMN_OBJECT; JSMN_ARRAY; JSMN_STRING; JSMN_PRIMITIVE} or UNINITIALIZED
   [99]{.start; .end} ∈ [-1..98] or UNINITIALIZED
   [99].size ∈ [0..2147483647] or UNINITIALIZED
   [100].type ∈
   {JSMN_OBJECT; JSMN_ARRAY; JSMN_STRING; JSMN_PRIMITIVE} or UNINITIALIZED
   [100]{.start; .end} ∈ [-1..98] or UNINITIALIZED
   [100].size ∈ [0..2147483647] or UNINITIALIZED
   [101].type ∈
   {JSMN_OBJECT; JSMN_ARRAY; JSMN_STRING; JSMN_PRIMITIVE} or UNINITIALIZED
   [101]{.start; .end} ∈ [-1..98] or UNINITIALIZED
   [101].size ∈ [0..2147483647] or UNINITIALIZED
   [102].type ∈
   {JSMN_OBJECT; JSMN_ARRAY; JSMN_STRING; JSMN_PRIMITIVE} or UNINITIALIZED
   [102]{.start; .end} ∈ [-1..98] or UNINITIALIZED
   [102].size ∈ [0..2147483647] or UNINITIALIZED
   [103].type ∈
   {JSMN_OBJECT; JSMN_ARRAY; JSMN_STRING; JSMN_PRIMITIVE} or UNINITIALIZED
   [103]{.start; .end} ∈ [-1..98] or UNINITIALIZED
   [103].size ∈ [0..2147483647] or UNINITIALIZED
   [104].type ∈
   {JSMN_OBJECT; JSMN_ARRAY; JSMN_STRING; JSMN_PRIMITIVE} or UNINITIALIZED
   [104]{.start; .end} ∈ [-1..98] or UNINITIALIZED
   [104].size ∈ [0..2147483647] or UNINITIALIZED
   [105].type ∈
   {JSMN_OBJECT; JSMN_ARRAY; JSMN_STRING; JSMN_PRIMITIVE} or UNINITIALIZED
   [105]{.start; .end} ∈ [-1..98] or UNINITIALIZED
   [105].size ∈ [0..2147483647] or UNINITIALIZED
   [106].type ∈
   {JSMN_OBJECT; JSMN_ARRAY; JSMN_STRING; JSMN_PRIMITIVE} or UNINITIALIZED
   [106]{.start; .end} ∈ [-1..98] or UNINITIALIZED
   [106].size ∈ [0..2147483647] or UNINITIALIZED
   [107].type ∈
   {JSMN_OBJECT; JSMN_ARRAY; JSMN_STRING; JSMN_PRIMITIVE} or UNINITIALIZED
   [107]{.start; .end} ∈ [-1..98] or UNINITIALIZED
   [107].size ∈ [0..2147483647] or UNINITIALIZED
   [108].type ∈
   {JSMN_OBJECT; JSMN_ARRAY; JSMN_STRING; JSMN_PRIMITIVE} or UNINITIALIZED
   [108]{.start; .end} ∈ [-1..98] or UNINITIALIZED
   [108].size ∈ [0..2147483647] or UNINITIALIZED
   [109].type ∈
   {JSMN_OBJECT; JSMN_ARRAY; JSMN_STRING; JSMN_PRIMITIVE} or UNINITIALIZED
   [109]{.start; .end} ∈ [-1..98] or UNINITIALIZED
   [109].size ∈ [0..2147483647] or UNINITIALIZED
   [110].type ∈
   {JSMN_OBJECT; JSMN_ARRAY; JSMN_STRING; JSMN_PRIMITIVE} or UNINITIALIZED
   [110]{.start; .end} ∈ [-1..98] or UNINITIALIZED
   [110].size ∈ [0..2147483647] or UNINITIALIZED
   [111].type ∈
   {JSMN_OBJECT; JSMN_ARRAY; JSMN_STRING; JSMN_PRIMITIVE} or UNINITIALIZED
   [111]{.start; .end} ∈ [-1..98] or UNINITIALIZED
   [111].size ∈ [0..2147483647] or UNINITIALIZED
   [112].type ∈
   {JSMN_OBJECT; JSMN_ARRAY; JSMN_STRING; JSMN_PRIMITIVE} or UNINITIALIZED
   [112]{.start; .end} ∈ [-1..98] or UNINITIALIZED
   [112].size ∈ [0..2147483647] or UNINITIALIZED
   [113].type ∈
   {JSMN_OBJECT; JSMN_ARRAY; JSMN_STRING; JSMN_PRIMITIVE} or UNINITIALIZED
   [113]{.start; .end} ∈ [-1..98] or UNINITIALIZED
   [113].size ∈ [0..2147483647] or UNINITIALIZED
   [114].type ∈
   {JSMN_OBJECT; JSMN_ARRAY; JSMN_STRING; JSMN_PRIMITIVE} or UNINITIALIZED
   [114]{.start; .end} ∈ [-1..98] or UNINITIALIZED
   [114].size ∈ [0..2147483647] or UNINITIALIZED
   [115].type ∈
   {JSMN_OBJECT; JSMN_ARRAY; JSMN_STRING; JSMN_PRIMITIVE} or UNINITIALIZED
   [115]{.start; .end} ∈ [-1..98] or UNINITIALIZED
   [115].size ∈ [0..2147483647] or UNINITIALIZED
   [116].type ∈
   {JSMN_OBJECT; JSMN_ARRAY; JSMN_STRING; JSMN_PRIMITIVE} or UNINITIALIZED
   [116]{.start; .end} ∈ [-1..98] or UNINITIALIZED
   [116].size ∈ [0..2147483647] or UNINITIALIZED
   [117].type ∈
   {JSMN_OBJECT; JSMN_ARRAY; JSMN_STRING; JSMN_PRIMITIVE} or UNINITIALIZED
   [117]{.start; .end} ∈ [-1..98] or UNINITIALIZED
   [117].size ∈ [0..2147483647] or UNINITIALIZED
   [118].type ∈
   {JSMN_OBJECT; JSMN_ARRAY; JSMN_STRING; JSMN_PRIMITIVE} or UNINITIALIZED
   [118]{.start; .end} ∈ [-1..98] or UNINITIALIZED
   [118].size ∈ [0..2147483647] or UNINITIALIZED
   [119].type ∈
   {JSMN_OBJECT; JSMN_ARRAY; JSMN_STRING; JSMN_PRIMITIVE} or UNINITIALIZED
   [119]{.start; .end} ∈ [-1..98] or UNINITIALIZED
   [119].size ∈ [0..2147483647] or UNINITIALIZED
   [120].type ∈
   {JSMN_OBJECT; JSMN_ARRAY; JSMN_STRING; JSMN_PRIMITIVE} or UNINITIALIZED
   [120]{.start; .end} ∈ [-1..98] or UNINITIALIZED
   [120].size ∈ [0..2147483647] or UNINITIALIZED
   [121].type ∈
   {JSMN_OBJECT; JSMN_ARRAY; JSMN_STRING; JSMN_PRIMITIVE} or UNINITIALIZED
   [121]{.start; .end} ∈ [-1..98] or UNINITIALIZED
   [121].size ∈ [0..2147483647] or UNINITIALIZED
   [122].type ∈
   {JSMN_OBJECT; JSMN_ARRAY; JSMN_STRING; JSMN_PRIMITIVE} or UNINITIALIZED
   [122]{.start; .end} ∈ [-1..98] or UNINITIALIZED
   [122].size ∈ [0..2147483647] or UNINITIALIZED
   [123].type ∈
   {JSMN_OBJECT; JSMN_ARRAY; JSMN_STRING; JSMN_PRIMITIVE} or UNINITIALIZED
   [123]{.start; .end} ∈ [-1..98] or UNINITIALIZED
   [123].size ∈ [0..2147483647] or UNINITIALIZED
   [124].type ∈
   {JSMN_OBJECT; JSMN_ARRAY; JSMN_STRING; JSMN_PRIMITIVE} or UNINITIALIZED
   [124]{.start; .end} ∈ [-1..98] or UNINITIALIZED
   [124].size ∈ [0..2147483647] or UNINITIALIZED
   [125].type ∈
   {JSMN_OBJECT; JSMN_ARRAY; JSMN_STRING; JSMN_PRIMITIVE} or UNINITIALIZED
   [125]{.start; .end} ∈ [-1..98] or UNINITIALIZED
   [125].size ∈ [0..2147483647] or UNINITIALIZED
   [126].type ∈
   {JSMN_OBJECT; JSMN_ARRAY; JSMN_STRING; JSMN_PRIMITIVE} or UNINITIALIZED
   [126].start ∈ [-1..98] or UNINITIALIZED
   [126].end ∈ [-1..2147483647] or UNINITIALIZED
   [126].size ∈ [0..2147483647] or UNINITIALIZED
   [127].type ∈
   {JSMN_OBJECT; JSMN_ARRAY; JSMN_STRING; JSMN_PRIMITIVE} or UNINITIALIZED
   [127].start ∈ [-1..98] or UNINITIALIZED
   [127].end ∈ [-1..2147483647] or UNINITIALIZED
   [127].size ∈ [0..2147483647] or UNINITIALIZED
  __retres ∈ {-2; -1; 0}
[eva:final-states] Values at end of function jsmn_parse_string:
  token ∈ {{ NULL ; &t + [0..2032],0%16 }} or UNINITIALIZED
  start ∈ [0..97]
  p.pos ∈ [0..97]
   .toknext ∈ [0..2147483647]
   .toksuper ∈ [--..--]
  t[0].type ∈ [1..2147483647] or UNINITIALIZED
   [0]{.start; .end} ∈ [-1..2147483647] or UNINITIALIZED
   [0].size ∈ [0..2147483647] or UNINITIALIZED
   [1].type ∈ [1..2147483647] or UNINITIALIZED
   [1]{.start; .end} ∈ [-1..2147483647] or UNINITIALIZED
   [1].size ∈ [0..2147483647] or UNINITIALIZED
   [2].type ∈
   {JSMN_OBJECT; JSMN_ARRAY; JSMN_STRING; JSMN_PRIMITIVE} or UNINITIALIZED
   [2]{.start; .end} ∈ [-1..98] or UNINITIALIZED
   [2].size ∈ [0..2147483647] or UNINITIALIZED
   [3].type ∈
   {JSMN_OBJECT; JSMN_ARRAY; JSMN_STRING; JSMN_PRIMITIVE} or UNINITIALIZED
   [3]{.start; .end} ∈ [-1..98] or UNINITIALIZED
   [3].size ∈ [0..2147483647] or UNINITIALIZED
   [4].type ∈
   {JSMN_OBJECT; JSMN_ARRAY; JSMN_STRING; JSMN_PRIMITIVE} or UNINITIALIZED
   [4]{.start; .end} ∈ [-1..98] or UNINITIALIZED
   [4].size ∈ [0..2147483647] or UNINITIALIZED
   [5].type ∈
   {JSMN_OBJECT; JSMN_ARRAY; JSMN_STRING; JSMN_PRIMITIVE} or UNINITIALIZED
   [5]{.start; .end} ∈ [-1..98] or UNINITIALIZED
   [5].size ∈ [0..2147483647] or UNINITIALIZED
   [6].type ∈
   {JSMN_OBJECT; JSMN_ARRAY; JSMN_STRING; JSMN_PRIMITIVE} or UNINITIALIZED
   [6]{.start; .end} ∈ [-1..98] or UNINITIALIZED
   [6].size ∈ [0..2147483647] or UNINITIALIZED
   [7].type ∈
   {JSMN_OBJECT; JSMN_ARRAY; JSMN_STRING; JSMN_PRIMITIVE} or UNINITIALIZED
   [7]{.start; .end} ∈ [-1..98] or UNINITIALIZED
   [7].size ∈ [0..2147483647] or UNINITIALIZED
   [8].type ∈
   {JSMN_OBJECT; JSMN_ARRAY; JSMN_STRING; JSMN_PRIMITIVE} or UNINITIALIZED
   [8]{.start; .end} ∈ [-1..98] or UNINITIALIZED
   [8].size ∈ [0..2147483647] or UNINITIALIZED
   [9].type ∈
   {JSMN_OBJECT; JSMN_ARRAY; JSMN_STRING; JSMN_PRIMITIVE} or UNINITIALIZED
   [9]{.start; .end} ∈ [-1..98] or UNINITIALIZED
   [9].size ∈ [0..2147483647] or UNINITIALIZED
   [10].type ∈
   {JSMN_OBJECT; JSMN_ARRAY; JSMN_STRING; JSMN_PRIMITIVE} or UNINITIALIZED
   [10]{.start; .end} ∈ [-1..98] or UNINITIALIZED
   [10].size ∈ [0..2147483647] or UNINITIALIZED
   [11].type ∈
   {JSMN_OBJECT; JSMN_ARRAY; JSMN_STRING; JSMN_PRIMITIVE} or UNINITIALIZED
   [11]{.start; .end} ∈ [-1..98] or UNINITIALIZED
   [11].size ∈ [0..2147483647] or UNINITIALIZED
   [12].type ∈
   {JSMN_OBJECT; JSMN_ARRAY; JSMN_STRING; JSMN_PRIMITIVE} or UNINITIALIZED
   [12]{.start; .end} ∈ [-1..98] or UNINITIALIZED
   [12].size ∈ [0..2147483647] or UNINITIALIZED
   [13].type ∈
   {JSMN_OBJECT; JSMN_ARRAY; JSMN_STRING; JSMN_PRIMITIVE} or UNINITIALIZED
   [13]{.start; .end} ∈ [-1..98] or UNINITIALIZED
   [13].size ∈ [0..2147483647] or UNINITIALIZED
   [14].type ∈
   {JSMN_OBJECT; JSMN_ARRAY; JSMN_STRING; JSMN_PRIMITIVE} or UNINITIALIZED
   [14]{.start; .end} ∈ [-1..98] or UNINITIALIZED
   [14].size ∈ [0..2147483647] or UNINITIALIZED
   [15].type ∈
   {JSMN_OBJECT; JSMN_ARRAY; JSMN_STRING; JSMN_PRIMITIVE} or UNINITIALIZED
   [15]{.start; .end} ∈ [-1..98] or UNINITIALIZED
   [15].size ∈ [0..2147483647] or UNINITIALIZED
   [16].type ∈
   {JSMN_OBJECT; JSMN_ARRAY; JSMN_STRING; JSMN_PRIMITIVE} or UNINITIALIZED
   [16]{.start; .end} ∈ [-1..98] or UNINITIALIZED
   [16].size ∈ [0..2147483647] or UNINITIALIZED
   [17].type ∈
   {JSMN_OBJECT; JSMN_ARRAY; JSMN_STRING; JSMN_PRIMITIVE} or UNINITIALIZED
   [17]{.start; .end} ∈ [-1..98] or UNINITIALIZED
   [17].size ∈ [0..2147483647] or UNINITIALIZED
   [18].type ∈
   {JSMN_OBJECT; JSMN_ARRAY; JSMN_STRING; JSMN_PRIMITIVE} or UNINITIALIZED
   [18]{.start; .end} ∈ [-1..98] or UNINITIALIZED
   [18].size ∈ [0..2147483647] or UNINITIALIZED
   [19].type ∈
   {JSMN_OBJECT; JSMN_ARRAY; JSMN_STRING; JSMN_PRIMITIVE} or UNINITIALIZED
   [19]{.start; .end} ∈ [-1..98] or UNINITIALIZED
   [19].size ∈ [0..2147483647] or UNINITIALIZED
   [20].type ∈
   {JSMN_OBJECT; JSMN_ARRAY; JSMN_STRING; JSMN_PRIMITIVE} or UNINITIALIZED
   [20]{.start; .end} ∈ [-1..98] or UNINITIALIZED
   [20].size ∈ [0..2147483647] or UNINITIALIZED
   [21].type ∈
   {JSMN_OBJECT; JSMN_ARRAY; JSMN_STRING; JSMN_PRIMITIVE} or UNINITIALIZED
   [21]{.start; .end} ∈ [-1..98] or UNINITIALIZED
   [21].size ∈ [0..2147483647] or UNINITIALIZED
   [22].type ∈
   {JSMN_OBJECT; JSMN_ARRAY; JSMN_STRING; JSMN_PRIMITIVE} or UNINITIALIZED
   [22]{.start; .end} ∈ [-1..98] or UNINITIALIZED
   [22].size ∈ [0..2147483647] or UNINITIALIZED
   [23].type ∈
   {JSMN_OBJECT; JSMN_ARRAY; JSMN_STRING; JSMN_PRIMITIVE} or UNINITIALIZED
   [23]{.start; .end} ∈ [-1..98] or UNINITIALIZED
   [23].size ∈ [0..2147483647] or UNINITIALIZED
   [24].type ∈
   {JSMN_OBJECT; JSMN_ARRAY; JSMN_STRING; JSMN_PRIMITIVE} or UNINITIALIZED
   [24]{.start; .end} ∈ [-1..98] or UNINITIALIZED
   [24].size ∈ [0..2147483647] or UNINITIALIZED
   [25].type ∈
   {JSMN_OBJECT; JSMN_ARRAY; JSMN_STRING; JSMN_PRIMITIVE} or UNINITIALIZED
   [25]{.start; .end} ∈ [-1..98] or UNINITIALIZED
   [25].size ∈ [0..2147483647] or UNINITIALIZED
   [26].type ∈
   {JSMN_OBJECT; JSMN_ARRAY; JSMN_STRING; JSMN_PRIMITIVE} or UNINITIALIZED
   [26]{.start; .end} ∈ [-1..98] or UNINITIALIZED
   [26].size ∈ [0..2147483647] or UNINITIALIZED
   [27].type ∈
   {JSMN_OBJECT; JSMN_ARRAY; JSMN_STRING; JSMN_PRIMITIVE} or UNINITIALIZED
   [27]{.start; .end} ∈ [-1..98] or UNINITIALIZED
   [27].size ∈ [0..2147483647] or UNINITIALIZED
   [28].type ∈
   {JSMN_OBJECT; JSMN_ARRAY; JSMN_STRING; JSMN_PRIMITIVE} or UNINITIALIZED
   [28]{.start; .end} ∈ [-1..98] or UNINITIALIZED
   [28].size ∈ [0..2147483647] or UNINITIALIZED
   [29].type ∈
   {JSMN_OBJECT; JSMN_ARRAY; JSMN_STRING; JSMN_PRIMITIVE} or UNINITIALIZED
   [29]{.start; .end} ∈ [-1..98] or UNINITIALIZED
   [29].size ∈ [0..2147483647] or UNINITIALIZED
   [30].type ∈
   {JSMN_OBJECT; JSMN_ARRAY; JSMN_STRING; JSMN_PRIMITIVE} or UNINITIALIZED
   [30]{.start; .end} ∈ [-1..98] or UNINITIALIZED
   [30].size ∈ [0..2147483647] or UNINITIALIZED
   [31].type ∈
   {JSMN_OBJECT; JSMN_ARRAY; JSMN_STRING; JSMN_PRIMITIVE} or UNINITIALIZED
   [31]{.start; .end} ∈ [-1..98] or UNINITIALIZED
   [31].size ∈ [0..2147483647] or UNINITIALIZED
   [32].type ∈
   {JSMN_OBJECT; JSMN_ARRAY; JSMN_STRING; JSMN_PRIMITIVE} or UNINITIALIZED
   [32]{.start; .end} ∈ [-1..98] or UNINITIALIZED
   [32].size ∈ [0..2147483647] or UNINITIALIZED
   [33].type ∈
   {JSMN_OBJECT; JSMN_ARRAY; JSMN_STRING; JSMN_PRIMITIVE} or UNINITIALIZED
   [33]{.start; .end} ∈ [-1..98] or UNINITIALIZED
   [33].size ∈ [0..2147483647] or UNINITIALIZED
   [34].type ∈
   {JSMN_OBJECT; JSMN_ARRAY; JSMN_STRING; JSMN_PRIMITIVE} or UNINITIALIZED
   [34]{.start; .end} ∈ [-1..98] or UNINITIALIZED
   [34].size ∈ [0..2147483647] or UNINITIALIZED
   [35].type ∈
   {JSMN_OBJECT; JSMN_ARRAY; JSMN_STRING; JSMN_PRIMITIVE} or UNINITIALIZED
   [35]{.start; .end} ∈ [-1..98] or UNINITIALIZED
   [35].size ∈ [0..2147483647] or UNINITIALIZED
   [36].type ∈
   {JSMN_OBJECT; JSMN_ARRAY; JSMN_STRING; JSMN_PRIMITIVE} or UNINITIALIZED
   [36]{.start; .end} ∈ [-1..98] or UNINITIALIZED
   [36].size ∈ [0..2147483647] or UNINITIALIZED
   [37].type ∈
   {JSMN_OBJECT; JSMN_ARRAY; JSMN_STRING; JSMN_PRIMITIVE} or UNINITIALIZED
   [37]{.start; .end} ∈ [-1..98] or UNINITIALIZED
   [37].size ∈ [0..2147483647] or UNINITIALIZED
   [38].type ∈
   {JSMN_OBJECT; JSMN_ARRAY; JSMN_STRING; JSMN_PRIMITIVE} or UNINITIALIZED
   [38]{.start; .end} ∈ [-1..98] or UNINITIALIZED
   [38].size ∈ [0..2147483647] or UNINITIALIZED
   [39].type ∈
   {JSMN_OBJECT; JSMN_ARRAY; JSMN_STRING; JSMN_PRIMITIVE} or UNINITIALIZED
   [39]{.start; .end} ∈ [-1..98] or UNINITIALIZED
   [39].size ∈ [0..2147483647] or UNINITIALIZED
   [40].type ∈
   {JSMN_OBJECT; JSMN_ARRAY; JSMN_STRING; JSMN_PRIMITIVE} or UNINITIALIZED
   [40]{.start; .end} ∈ [-1..98] or UNINITIALIZED
   [40].size ∈ [0..2147483647] or UNINITIALIZED
   [41].type ∈
   {JSMN_OBJECT; JSMN_ARRAY; JSMN_STRING; JSMN_PRIMITIVE} or UNINITIALIZED
   [41]{.start; .end} ∈ [-1..98] or UNINITIALIZED
   [41].size ∈ [0..2147483647] or UNINITIALIZED
   [42].type ∈
   {JSMN_OBJECT; JSMN_ARRAY; JSMN_STRING; JSMN_PRIMITIVE} or UNINITIALIZED
   [42]{.start; .end} ∈ [-1..98] or UNINITIALIZED
   [42].size ∈ [0..2147483647] or UNINITIALIZED
   [43].type ∈
   {JSMN_OBJECT; JSMN_ARRAY; JSMN_STRING; JSMN_PRIMITIVE} or UNINITIALIZED
   [43]{.start; .end} ∈ [-1..98] or UNINITIALIZED
   [43].size ∈ [0..2147483647] or UNINITIALIZED
   [44].type ∈
   {JSMN_OBJECT; JSMN_ARRAY; JSMN_STRING; JSMN_PRIMITIVE} or UNINITIALIZED
   [44]{.start; .end} ∈ [-1..98] or UNINITIALIZED
   [44].size ∈ [0..2147483647] or UNINITIALIZED
   [45].type ∈
   {JSMN_OBJECT; JSMN_ARRAY; JSMN_STRING; JSMN_PRIMITIVE} or UNINITIALIZED
   [45]{.start; .end} ∈ [-1..98] or UNINITIALIZED
   [45].size ∈ [0..2147483647] or UNINITIALIZED
   [46].type ∈
   {JSMN_OBJECT; JSMN_ARRAY; JSMN_STRING; JSMN_PRIMITIVE} or UNINITIALIZED
   [46]{.start; .end} ∈ [-1..98] or UNINITIALIZED
   [46].size ∈ [0..2147483647] or UNINITIALIZED
   [47].type ∈
   {JSMN_OBJECT; JSMN_ARRAY; JSMN_STRING; JSMN_PRIMITIVE} or UNINITIALIZED
   [47]{.start; .end} ∈ [-1..98] or UNINITIALIZED
   [47].size ∈ [0..2147483647] or UNINITIALIZED
   [48].type ∈
   {JSMN_OBJECT; JSMN_ARRAY; JSMN_STRING; JSMN_PRIMITIVE} or UNINITIALIZED
   [48]{.start; .end} ∈ [-1..98] or UNINITIALIZED
   [48].size ∈ [0..2147483647] or UNINITIALIZED
   [49].type ∈
   {JSMN_OBJECT; JSMN_ARRAY; JSMN_STRING; JSMN_PRIMITIVE} or UNINITIALIZED
   [49]{.start; .end} ∈ [-1..98] or UNINITIALIZED
   [49].size ∈ [0..2147483647] or UNINITIALIZED
   [50].type ∈
   {JSMN_OBJECT; JSMN_ARRAY; JSMN_STRING; JSMN_PRIMITIVE} or UNINITIALIZED
   [50]{.start; .end} ∈ [-1..98] or UNINITIALIZED
   [50].size ∈ [0..2147483647] or UNINITIALIZED
   [51].type ∈
   {JSMN_OBJECT; JSMN_ARRAY; JSMN_STRING; JSMN_PRIMITIVE} or UNINITIALIZED
   [51]{.start; .end} ∈ [-1..98] or UNINITIALIZED
   [51].size ∈ [0..2147483647] or UNINITIALIZED
   [52].type ∈
   {JSMN_OBJECT; JSMN_ARRAY; JSMN_STRING; JSMN_PRIMITIVE} or UNINITIALIZED
   [52]{.start; .end} ∈ [-1..98] or UNINITIALIZED
   [52].size ∈ [0..2147483647] or UNINITIALIZED
   [53].type ∈
   {JSMN_OBJECT; JSMN_ARRAY; JSMN_STRING; JSMN_PRIMITIVE} or UNINITIALIZED
   [53]{.start; .end} ∈ [-1..98] or UNINITIALIZED
   [53].size ∈ [0..2147483647] or UNINITIALIZED
   [54].type ∈
   {JSMN_OBJECT; JSMN_ARRAY; JSMN_STRING; JSMN_PRIMITIVE} or UNINITIALIZED
   [54]{.start; .end} ∈ [-1..98] or UNINITIALIZED
   [54].size ∈ [0..2147483647] or UNINITIALIZED
   [55].type ∈
   {JSMN_OBJECT; JSMN_ARRAY; JSMN_STRING; JSMN_PRIMITIVE} or UNINITIALIZED
   [55]{.start; .end} ∈ [-1..98] or UNINITIALIZED
   [55].size ∈ [0..2147483647] or UNINITIALIZED
   [56].type ∈
   {JSMN_OBJECT; JSMN_ARRAY; JSMN_STRING; JSMN_PRIMITIVE} or UNINITIALIZED
   [56]{.start; .end} ∈ [-1..98] or UNINITIALIZED
   [56].size ∈ [0..2147483647] or UNINITIALIZED
   [57].type ∈
   {JSMN_OBJECT; JSMN_ARRAY; JSMN_STRING; JSMN_PRIMITIVE} or UNINITIALIZED
   [57]{.start; .end} ∈ [-1..98] or UNINITIALIZED
   [57].size ∈ [0..2147483647] or UNINITIALIZED
   [58].type ∈
   {JSMN_OBJECT; JSMN_ARRAY; JSMN_STRING; JSMN_PRIMITIVE} or UNINITIALIZED
   [58]{.start; .end} ∈ [-1..98] or UNINITIALIZED
   [58].size ∈ [0..2147483647] or UNINITIALIZED
   [59].type ∈
   {JSMN_OBJECT; JSMN_ARRAY; JSMN_STRING; JSMN_PRIMITIVE} or UNINITIALIZED
   [59]{.start; .end} ∈ [-1..98] or UNINITIALIZED
   [59].size ∈ [0..2147483647] or UNINITIALIZED
   [60].type ∈
   {JSMN_OBJECT; JSMN_ARRAY; JSMN_STRING; JSMN_PRIMITIVE} or UNINITIALIZED
   [60]{.start; .end} ∈ [-1..98] or UNINITIALIZED
   [60].size ∈ [0..2147483647] or UNINITIALIZED
   [61].type ∈
   {JSMN_OBJECT; JSMN_ARRAY; JSMN_STRING; JSMN_PRIMITIVE} or UNINITIALIZED
   [61]{.start; .end} ∈ [-1..98] or UNINITIALIZED
   [61].size ∈ [0..2147483647] or UNINITIALIZED
   [62].type ∈
   {JSMN_OBJECT; JSMN_ARRAY; JSMN_STRING; JSMN_PRIMITIVE} or UNINITIALIZED
   [62]{.start; .end} ∈ [-1..98] or UNINITIALIZED
   [62].size ∈ [0..2147483647] or UNINITIALIZED
   [63].type ∈
   {JSMN_OBJECT; JSMN_ARRAY; JSMN_STRING; JSMN_PRIMITIVE} or UNINITIALIZED
   [63]{.start; .end} ∈ [-1..98] or UNINITIALIZED
   [63].size ∈ [0..2147483647] or UNINITIALIZED
   [64].type ∈
   {JSMN_OBJECT; JSMN_ARRAY; JSMN_STRING; JSMN_PRIMITIVE} or UNINITIALIZED
   [64]{.start; .end} ∈ [-1..98] or UNINITIALIZED
   [64].size ∈ [0..2147483647] or UNINITIALIZED
   [65].type ∈
   {JSMN_OBJECT; JSMN_ARRAY; JSMN_STRING; JSMN_PRIMITIVE} or UNINITIALIZED
   [65]{.start; .end} ∈ [-1..98] or UNINITIALIZED
   [65].size ∈ [0..2147483647] or UNINITIALIZED
   [66].type ∈
   {JSMN_OBJECT; JSMN_ARRAY; JSMN_STRING; JSMN_PRIMITIVE} or UNINITIALIZED
   [66]{.start; .end} ∈ [-1..98] or UNINITIALIZED
   [66].size ∈ [0..2147483647] or UNINITIALIZED
   [67].type ∈
   {JSMN_OBJECT; JSMN_ARRAY; JSMN_STRING; JSMN_PRIMITIVE} or UNINITIALIZED
   [67]{.start; .end} ∈ [-1..98] or UNINITIALIZED
   [67].size ∈ [0..2147483647] or UNINITIALIZED
   [68].type ∈
   {JSMN_OBJECT; JSMN_ARRAY; JSMN_STRING; JSMN_PRIMITIVE} or UNINITIALIZED
   [68]{.start; .end} ∈ [-1..98] or UNINITIALIZED
   [68].size ∈ [0..2147483647] or UNINITIALIZED
   [69].type ∈
   {JSMN_OBJECT; JSMN_ARRAY; JSMN_STRING; JSMN_PRIMITIVE} or UNINITIALIZED
   [69]{.start; .end} ∈ [-1..98] or UNINITIALIZED
   [69].size ∈ [0..2147483647] or UNINITIALIZED
   [70].type ∈
   {JSMN_OBJECT; JSMN_ARRAY; JSMN_STRING; JSMN_PRIMITIVE} or UNINITIALIZED
   [70]{.start; .end} ∈ [-1..98] or UNINITIALIZED
   [70].size ∈ [0..2147483647] or UNINITIALIZED
   [71].type ∈
   {JSMN_OBJECT; JSMN_ARRAY; JSMN_STRING; JSMN_PRIMITIVE} or UNINITIALIZED
   [71]{.start; .end} ∈ [-1..98] or UNINITIALIZED
   [71].size ∈ [0..2147483647] or UNINITIALIZED
   [72].type ∈
   {JSMN_OBJECT; JSMN_ARRAY; JSMN_STRING; JSMN_PRIMITIVE} or UNINITIALIZED
   [72]{.start; .end} ∈ [-1..98] or UNINITIALIZED
   [72].size ∈ [0..2147483647] or UNINITIALIZED
   [73].type ∈
   {JSMN_OBJECT; JSMN_ARRAY; JSMN_STRING; JSMN_PRIMITIVE} or UNINITIALIZED
   [73]{.start; .end} ∈ [-1..98] or UNINITIALIZED
   [73].size ∈ [0..2147483647] or UNINITIALIZED
   [74].type ∈
   {JSMN_OBJECT; JSMN_ARRAY; JSMN_STRING; JSMN_PRIMITIVE} or UNINITIALIZED
   [74]{.start; .end} ∈ [-1..98] or UNINITIALIZED
   [74].size ∈ [0..2147483647] or UNINITIALIZED
   [75].type ∈
   {JSMN_OBJECT; JSMN_ARRAY; JSMN_STRING; JSMN_PRIMITIVE} or UNINITIALIZED
   [75]{.start; .end} ∈ [-1..98] or UNINITIALIZED
   [75].size ∈ [0..2147483647] or UNINITIALIZED
   [76].type ∈
   {JSMN_OBJECT; JSMN_ARRAY; JSMN_STRING; JSMN_PRIMITIVE} or UNINITIALIZED
   [76]{.start; .end} ∈ [-1..98] or UNINITIALIZED
   [76].size ∈ [0..2147483647] or UNINITIALIZED
   [77].type ∈
   {JSMN_OBJECT; JSMN_ARRAY; JSMN_STRING; JSMN_PRIMITIVE} or UNINITIALIZED
   [77]{.start; .end} ∈ [-1..98] or UNINITIALIZED
   [77].size ∈ [0..2147483647] or UNINITIALIZED
   [78].type ∈
   {JSMN_OBJECT; JSMN_ARRAY; JSMN_STRING; JSMN_PRIMITIVE} or UNINITIALIZED
   [78]{.start; .end} ∈ [-1..98] or UNINITIALIZED
   [78].size ∈ [0..2147483647] or UNINITIALIZED
   [79].type ∈
   {JSMN_OBJECT; JSMN_ARRAY; JSMN_STRING; JSMN_PRIMITIVE} or UNINITIALIZED
   [79]{.start; .end} ∈ [-1..98] or UNINITIALIZED
   [79].size ∈ [0..2147483647] or UNINITIALIZED
   [80].type ∈
   {JSMN_OBJECT; JSMN_ARRAY; JSMN_STRING; JSMN_PRIMITIVE} or UNINITIALIZED
   [80]{.start; .end} ∈ [-1..98] or UNINITIALIZED
   [80].size ∈ [0..2147483647] or UNINITIALIZED
   [81].type ∈
   {JSMN_OBJECT; JSMN_ARRAY; JSMN_STRING; JSMN_PRIMITIVE} or UNINITIALIZED
   [81]{.start; .end} ∈ [-1..98] or UNINITIALIZED
   [81].size ∈ [0..2147483647] or UNINITIALIZED
   [82].type ∈
   {JSMN_OBJECT; JSMN_ARRAY; JSMN_STRING; JSMN_PRIMITIVE} or UNINITIALIZED
   [82]{.start; .end} ∈ [-1..98] or UNINITIALIZED
   [82].size ∈ [0..2147483647] or UNINITIALIZED
   [83].type ∈
   {JSMN_OBJECT; JSMN_ARRAY; JSMN_STRING; JSMN_PRIMITIVE} or UNINITIALIZED
   [83]{.start; .end} ∈ [-1..98] or UNINITIALIZED
   [83].size ∈ [0..2147483647] or UNINITIALIZED
   [84].type ∈
   {JSMN_OBJECT; JSMN_ARRAY; JSMN_STRING; JSMN_PRIMITIVE} or UNINITIALIZED
   [84]{.start; .end} ∈ [-1..98] or UNINITIALIZED
   [84].size ∈ [0..2147483647] or UNINITIALIZED
   [85].type ∈
   {JSMN_OBJECT; JSMN_ARRAY; JSMN_STRING; JSMN_PRIMITIVE} or UNINITIALIZED
   [85]{.start; .end} ∈ [-1..98] or UNINITIALIZED
   [85].size ∈ [0..2147483647] or UNINITIALIZED
   [86].type ∈
   {JSMN_OBJECT; JSMN_ARRAY; JSMN_STRING; JSMN_PRIMITIVE} or UNINITIALIZED
   [86]{.start; .end} ∈ [-1..98] or UNINITIALIZED
   [86].size ∈ [0..2147483647] or UNINITIALIZED
   [87].type ∈
   {JSMN_OBJECT; JSMN_ARRAY; JSMN_STRING; JSMN_PRIMITIVE} or UNINITIALIZED
   [87]{.start; .end} ∈ [-1..98] or UNINITIALIZED
   [87].size ∈ [0..2147483647] or UNINITIALIZED
   [88].type ∈
   {JSMN_OBJECT; JSMN_ARRAY; JSMN_STRING; JSMN_PRIMITIVE} or UNINITIALIZED
   [88]{.start; .end} ∈ [-1..98] or UNINITIALIZED
   [88].size ∈ [0..2147483647] or UNINITIALIZED
   [89].type ∈
   {JSMN_OBJECT; JSMN_ARRAY; JSMN_STRING; JSMN_PRIMITIVE} or UNINITIALIZED
   [89]{.start; .end} ∈ [-1..98] or UNINITIALIZED
   [89].size ∈ [0..2147483647] or UNINITIALIZED
   [90].type ∈
   {JSMN_OBJECT; JSMN_ARRAY; JSMN_STRING; JSMN_PRIMITIVE} or UNINITIALIZED
   [90]{.start; .end} ∈ [-1..98] or UNINITIALIZED
   [90].size ∈ [0..2147483647] or UNINITIALIZED
   [91].type ∈
   {JSMN_OBJECT; JSMN_ARRAY; JSMN_STRING; JSMN_PRIMITIVE} or UNINITIALIZED
   [91]{.start; .end} ∈ [-1..98] or UNINITIALIZED
   [91].size ∈ [0..2147483647] or UNINITIALIZED
   [92].type ∈
   {JSMN_OBJECT; JSMN_ARRAY; JSMN_STRING; JSMN_PRIMITIVE} or UNINITIALIZED
   [92]{.start; .end} ∈ [-1..98] or UNINITIALIZED
   [92].size ∈ [0..2147483647] or UNINITIALIZED
   [93].type ∈
   {JSMN_OBJECT; JSMN_ARRAY; JSMN_STRING; JSMN_PRIMITIVE} or UNINITIALIZED
   [93]{.start; .end} ∈ [-1..98] or UNINITIALIZED
   [93].size ∈ [0..2147483647] or UNINITIALIZED
   [94].type ∈
   {JSMN_OBJECT; JSMN_ARRAY; JSMN_STRING; JSMN_PRIMITIVE} or UNINITIALIZED
   [94]{.start; .end} ∈ [-1..98] or UNINITIALIZED
   [94].size ∈ [0..2147483647] or UNINITIALIZED
   [95].type ∈
   {JSMN_OBJECT; JSMN_ARRAY; JSMN_STRING; JSMN_PRIMITIVE} or UNINITIALIZED
   [95]{.start; .end} ∈ [-1..98] or UNINITIALIZED
   [95].size ∈ [0..2147483647] or UNINITIALIZED
   [96].type ∈
   {JSMN_OBJECT; JSMN_ARRAY; JSMN_STRING; JSMN_PRIMITIVE} or UNINITIALIZED
   [96]{.start; .end} ∈ [-1..98] or UNINITIALIZED
   [96].size ∈ [0..2147483647] or UNINITIALIZED
   [97].type ∈
   {JSMN_OBJECT; JSMN_ARRAY; JSMN_STRING; JSMN_PRIMITIVE} or UNINITIALIZED
   [97]{.start; .end} ∈ [-1..98] or UNINITIALIZED
   [97].size ∈ [0..2147483647] or UNINITIALIZED
   [98].type ∈
   {JSMN_OBJECT; JSMN_ARRAY; JSMN_STRING; JSMN_PRIMITIVE} or UNINITIALIZED
   [98]{.start; .end} ∈ [-1..98] or UNINITIALIZED
   [98].size ∈ [0..2147483647] or UNINITIALIZED
   [99].type ∈
   {JSMN_OBJECT; JSMN_ARRAY; JSMN_STRING; JSMN_PRIMITIVE} or UNINITIALIZED
   [99]{.start; .end} ∈ [-1..98] or UNINITIALIZED
   [99].size ∈ [0..2147483647] or UNINITIALIZED
   [100].type ∈
   {JSMN_OBJECT; JSMN_ARRAY; JSMN_STRING; JSMN_PRIMITIVE} or UNINITIALIZED
   [100]{.start; .end} ∈ [-1..98] or UNINITIALIZED
   [100].size ∈ [0..2147483647] or UNINITIALIZED
   [101].type ∈
   {JSMN_OBJECT; JSMN_ARRAY; JSMN_STRING; JSMN_PRIMITIVE} or UNINITIALIZED
   [101]{.start; .end} ∈ [-1..98] or UNINITIALIZED
   [101].size ∈ [0..2147483647] or UNINITIALIZED
   [102].type ∈
   {JSMN_OBJECT; JSMN_ARRAY; JSMN_STRING; JSMN_PRIMITIVE} or UNINITIALIZED
   [102]{.start; .end} ∈ [-1..98] or UNINITIALIZED
   [102].size ∈ [0..2147483647] or UNINITIALIZED
   [103].type ∈
   {JSMN_OBJECT; JSMN_ARRAY; JSMN_STRING; JSMN_PRIMITIVE} or UNINITIALIZED
   [103]{.start; .end} ∈ [-1..98] or UNINITIALIZED
   [103].size ∈ [0..2147483647] or UNINITIALIZED
   [104].type ∈
   {JSMN_OBJECT; JSMN_ARRAY; JSMN_STRING; JSMN_PRIMITIVE} or UNINITIALIZED
   [104]{.start; .end} ∈ [-1..98] or UNINITIALIZED
   [104].size ∈ [0..2147483647] or UNINITIALIZED
   [105].type ∈
   {JSMN_OBJECT; JSMN_ARRAY; JSMN_STRING; JSMN_PRIMITIVE} or UNINITIALIZED
   [105]{.start; .end} ∈ [-1..98] or UNINITIALIZED
   [105].size ∈ [0..2147483647] or UNINITIALIZED
   [106].type ∈
   {JSMN_OBJECT; JSMN_ARRAY; JSMN_STRING; JSMN_PRIMITIVE} or UNINITIALIZED
   [106]{.start; .end} ∈ [-1..98] or UNINITIALIZED
   [106].size ∈ [0..2147483647] or UNINITIALIZED
   [107].type ∈
   {JSMN_OBJECT; JSMN_ARRAY; JSMN_STRING; JSMN_PRIMITIVE} or UNINITIALIZED
   [107]{.start; .end} ∈ [-1..98] or UNINITIALIZED
   [107].size ∈ [0..2147483647] or UNINITIALIZED
   [108].type ∈
   {JSMN_OBJECT; JSMN_ARRAY; JSMN_STRING; JSMN_PRIMITIVE} or UNINITIALIZED
   [108]{.start; .end} ∈ [-1..98] or UNINITIALIZED
   [108].size ∈ [0..2147483647] or UNINITIALIZED
   [109].type ∈
   {JSMN_OBJECT; JSMN_ARRAY; JSMN_STRING; JSMN_PRIMITIVE} or UNINITIALIZED
   [109]{.start; .end} ∈ [-1..98] or UNINITIALIZED
   [109].size ∈ [0..2147483647] or UNINITIALIZED
   [110].type ∈
   {JSMN_OBJECT; JSMN_ARRAY; JSMN_STRING; JSMN_PRIMITIVE} or UNINITIALIZED
   [110]{.start; .end} ∈ [-1..98] or UNINITIALIZED
   [110].size ∈ [0..2147483647] or UNINITIALIZED
   [111].type ∈
   {JSMN_OBJECT; JSMN_ARRAY; JSMN_STRING; JSMN_PRIMITIVE} or UNINITIALIZED
   [111]{.start; .end} ∈ [-1..98] or UNINITIALIZED
   [111].size ∈ [0..2147483647] or UNINITIALIZED
   [112].type ∈
   {JSMN_OBJECT; JSMN_ARRAY; JSMN_STRING; JSMN_PRIMITIVE} or UNINITIALIZED
   [112]{.start; .end} ∈ [-1..98] or UNINITIALIZED
   [112].size ∈ [0..2147483647] or UNINITIALIZED
   [113].type ∈
   {JSMN_OBJECT; JSMN_ARRAY; JSMN_STRING; JSMN_PRIMITIVE} or UNINITIALIZED
   [113]{.start; .end} ∈ [-1..98] or UNINITIALIZED
   [113].size ∈ [0..2147483647] or UNINITIALIZED
   [114].type ∈
   {JSMN_OBJECT; JSMN_ARRAY; JSMN_STRING; JSMN_PRIMITIVE} or UNINITIALIZED
   [114]{.start; .end} ∈ [-1..98] or UNINITIALIZED
   [114].size ∈ [0..2147483647] or UNINITIALIZED
   [115].type ∈
   {JSMN_OBJECT; JSMN_ARRAY; JSMN_STRING; JSMN_PRIMITIVE} or UNINITIALIZED
   [115]{.start; .end} ∈ [-1..98] or UNINITIALIZED
   [115].size ∈ [0..2147483647] or UNINITIALIZED
   [116].type ∈
   {JSMN_OBJECT; JSMN_ARRAY; JSMN_STRING; JSMN_PRIMITIVE} or UNINITIALIZED
   [116]{.start; .end} ∈ [-1..98] or UNINITIALIZED
   [116].size ∈ [0..2147483647] or UNINITIALIZED
   [117].type ∈
   {JSMN_OBJECT; JSMN_ARRAY; JSMN_STRING; JSMN_PRIMITIVE} or UNINITIALIZED
   [117]{.start; .end} ∈ [-1..98] or UNINITIALIZED
   [117].size ∈ [0..2147483647] or UNINITIALIZED
   [118].type ∈
   {JSMN_OBJECT; JSMN_ARRAY; JSMN_STRING; JSMN_PRIMITIVE} or UNINITIALIZED
   [118]{.start; .end} ∈ [-1..98] or UNINITIALIZED
   [118].size ∈ [0..2147483647] or UNINITIALIZED
   [119].type ∈
   {JSMN_OBJECT; JSMN_ARRAY; JSMN_STRING; JSMN_PRIMITIVE} or UNINITIALIZED
   [119]{.start; .end} ∈ [-1..98] or UNINITIALIZED
   [119].size ∈ [0..2147483647] or UNINITIALIZED
   [120].type ∈
   {JSMN_OBJECT; JSMN_ARRAY; JSMN_STRING; JSMN_PRIMITIVE} or UNINITIALIZED
   [120]{.start; .end} ∈ [-1..98] or UNINITIALIZED
   [120].size ∈ [0..2147483647] or UNINITIALIZED
   [121].type ∈
   {JSMN_OBJECT; JSMN_ARRAY; JSMN_STRING; JSMN_PRIMITIVE} or UNINITIALIZED
   [121]{.start; .end} ∈ [-1..98] or UNINITIALIZED
   [121].size ∈ [0..2147483647] or UNINITIALIZED
   [122].type ∈
   {JSMN_OBJECT; JSMN_ARRAY; JSMN_STRING; JSMN_PRIMITIVE} or UNINITIALIZED
   [122]{.start; .end} ∈ [-1..98] or UNINITIALIZED
   [122].size ∈ [0..2147483647] or UNINITIALIZED
   [123].type ∈
   {JSMN_OBJECT; JSMN_ARRAY; JSMN_STRING; JSMN_PRIMITIVE} or UNINITIALIZED
   [123]{.start; .end} ∈ [-1..98] or UNINITIALIZED
   [123].size ∈ [0..2147483647] or UNINITIALIZED
   [124].type ∈
   {JSMN_OBJECT; JSMN_ARRAY; JSMN_STRING; JSMN_PRIMITIVE} or UNINITIALIZED
   [124]{.start; .end} ∈ [-1..98] or UNINITIALIZED
   [124].size ∈ [0..2147483647] or UNINITIALIZED
   [125].type ∈
   {JSMN_OBJECT; JSMN_ARRAY; JSMN_STRING; JSMN_PRIMITIVE} or UNINITIALIZED
   [125]{.start; .end} ∈ [-1..98] or UNINITIALIZED
   [125].size ∈ [0..2147483647] or UNINITIALIZED
   [126].type ∈
   {JSMN_OBJECT; JSMN_ARRAY; JSMN_STRING; JSMN_PRIMITIVE} or UNINITIALIZED
   [126].start ∈ [-1..98] or UNINITIALIZED
   [126].end ∈ [-1..2147483647] or UNINITIALIZED
   [126].size ∈ [0..2147483647] or UNINITIALIZED
   [127].type ∈
   {JSMN_OBJECT; JSMN_ARRAY; JSMN_STRING; JSMN_PRIMITIVE} or UNINITIALIZED
   [127].start ∈ [-1..98] or UNINITIALIZED
   [127].end ∈ [-1..2147483647] or UNINITIALIZED
   [127].size ∈ [0..2147483647] or UNINITIALIZED
  __retres ∈ {-3; -1; 0}
[eva:final-states] Values at end of function jsmn_parse:
  r ∈ {-3; -2; -1; 0} or UNINITIALIZED
  i ∈ [--..--] or UNINITIALIZED
  token ∈ {{ NULL ; &t + [0..2032],0%16 }} or UNINITIALIZED
  count ∈ [0..2147483647]
  p.pos ∈ [0..98]
   .toknext ∈ [0..2147483647]
   .toksuper ∈ [--..--]
  t[0].type ∈ [1..2147483647] or UNINITIALIZED
   [0]{.start; .end} ∈ [-1..2147483647] or UNINITIALIZED
   [0].size ∈ [0..2147483647] or UNINITIALIZED
   [1].type ∈ [1..2147483647] or UNINITIALIZED
   [1]{.start; .end} ∈ [-1..2147483647] or UNINITIALIZED
   [1].size ∈ [0..2147483647] or UNINITIALIZED
   [2].type ∈
   {JSMN_OBJECT; JSMN_ARRAY; JSMN_STRING; JSMN_PRIMITIVE} or UNINITIALIZED
   [2]{.start; .end} ∈ [-1..98] or UNINITIALIZED
   [2].size ∈ [0..2147483647] or UNINITIALIZED
   [3].type ∈
   {JSMN_OBJECT; JSMN_ARRAY; JSMN_STRING; JSMN_PRIMITIVE} or UNINITIALIZED
   [3]{.start; .end} ∈ [-1..98] or UNINITIALIZED
   [3].size ∈ [0..2147483647] or UNINITIALIZED
   [4].type ∈
   {JSMN_OBJECT; JSMN_ARRAY; JSMN_STRING; JSMN_PRIMITIVE} or UNINITIALIZED
   [4]{.start; .end} ∈ [-1..98] or UNINITIALIZED
   [4].size ∈ [0..2147483647] or UNINITIALIZED
   [5].type ∈
   {JSMN_OBJECT; JSMN_ARRAY; JSMN_STRING; JSMN_PRIMITIVE} or UNINITIALIZED
   [5]{.start; .end} ∈ [-1..98] or UNINITIALIZED
   [5].size ∈ [0..2147483647] or UNINITIALIZED
   [6].type ∈
   {JSMN_OBJECT; JSMN_ARRAY; JSMN_STRING; JSMN_PRIMITIVE} or UNINITIALIZED
   [6]{.start; .end} ∈ [-1..98] or UNINITIALIZED
   [6].size ∈ [0..2147483647] or UNINITIALIZED
   [7].type ∈
   {JSMN_OBJECT; JSMN_ARRAY; JSMN_STRING; JSMN_PRIMITIVE} or UNINITIALIZED
   [7]{.start; .end} ∈ [-1..98] or UNINITIALIZED
   [7].size ∈ [0..2147483647] or UNINITIALIZED
   [8].type ∈
   {JSMN_OBJECT; JSMN_ARRAY; JSMN_STRING; JSMN_PRIMITIVE} or UNINITIALIZED
   [8]{.start; .end} ∈ [-1..98] or UNINITIALIZED
   [8].size ∈ [0..2147483647] or UNINITIALIZED
   [9].type ∈
   {JSMN_OBJECT; JSMN_ARRAY; JSMN_STRING; JSMN_PRIMITIVE} or UNINITIALIZED
   [9]{.start; .end} ∈ [-1..98] or UNINITIALIZED
   [9].size ∈ [0..2147483647] or UNINITIALIZED
   [10].type ∈
   {JSMN_OBJECT; JSMN_ARRAY; JSMN_STRING; JSMN_PRIMITIVE} or UNINITIALIZED
   [10]{.start; .end} ∈ [-1..98] or UNINITIALIZED
   [10].size ∈ [0..2147483647] or UNINITIALIZED
   [11].type ∈
   {JSMN_OBJECT; JSMN_ARRAY; JSMN_STRING; JSMN_PRIMITIVE} or UNINITIALIZED
   [11]{.start; .end} ∈ [-1..98] or UNINITIALIZED
   [11].size ∈ [0..2147483647] or UNINITIALIZED
   [12].type ∈
   {JSMN_OBJECT; JSMN_ARRAY; JSMN_STRING; JSMN_PRIMITIVE} or UNINITIALIZED
   [12]{.start; .end} ∈ [-1..98] or UNINITIALIZED
   [12].size ∈ [0..2147483647] or UNINITIALIZED
   [13].type ∈
   {JSMN_OBJECT; JSMN_ARRAY; JSMN_STRING; JSMN_PRIMITIVE} or UNINITIALIZED
   [13]{.start; .end} ∈ [-1..98] or UNINITIALIZED
   [13].size ∈ [0..2147483647] or UNINITIALIZED
   [14].type ∈
   {JSMN_OBJECT; JSMN_ARRAY; JSMN_STRING; JSMN_PRIMITIVE} or UNINITIALIZED
   [14]{.start; .end} ∈ [-1..98] or UNINITIALIZED
   [14].size ∈ [0..2147483647] or UNINITIALIZED
   [15].type ∈
   {JSMN_OBJECT; JSMN_ARRAY; JSMN_STRING; JSMN_PRIMITIVE} or UNINITIALIZED
   [15]{.start; .end} ∈ [-1..98] or UNINITIALIZED
   [15].size ∈ [0..2147483647] or UNINITIALIZED
   [16].type ∈
   {JSMN_OBJECT; JSMN_ARRAY; JSMN_STRING; JSMN_PRIMITIVE} or UNINITIALIZED
   [16]{.start; .end} ∈ [-1..98] or UNINITIALIZED
   [16].size ∈ [0..2147483647] or UNINITIALIZED
   [17].type ∈
   {JSMN_OBJECT; JSMN_ARRAY; JSMN_STRING; JSMN_PRIMITIVE} or UNINITIALIZED
   [17]{.start; .end} ∈ [-1..98] or UNINITIALIZED
   [17].size ∈ [0..2147483647] or UNINITIALIZED
   [18].type ∈
   {JSMN_OBJECT; JSMN_ARRAY; JSMN_STRING; JSMN_PRIMITIVE} or UNINITIALIZED
   [18]{.start; .end} ∈ [-1..98] or UNINITIALIZED
   [18].size ∈ [0..2147483647] or UNINITIALIZED
   [19].type ∈
   {JSMN_OBJECT; JSMN_ARRAY; JSMN_STRING; JSMN_PRIMITIVE} or UNINITIALIZED
   [19]{.start; .end} ∈ [-1..98] or UNINITIALIZED
   [19].size ∈ [0..2147483647] or UNINITIALIZED
   [20].type ∈
   {JSMN_OBJECT; JSMN_ARRAY; JSMN_STRING; JSMN_PRIMITIVE} or UNINITIALIZED
   [20]{.start; .end} ∈ [-1..98] or UNINITIALIZED
   [20].size ∈ [0..2147483647] or UNINITIALIZED
   [21].type ∈
   {JSMN_OBJECT; JSMN_ARRAY; JSMN_STRING; JSMN_PRIMITIVE} or UNINITIALIZED
   [21]{.start; .end} ∈ [-1..98] or UNINITIALIZED
   [21].size ∈ [0..2147483647] or UNINITIALIZED
   [22].type ∈
   {JSMN_OBJECT; JSMN_ARRAY; JSMN_STRING; JSMN_PRIMITIVE} or UNINITIALIZED
   [22]{.start; .end} ∈ [-1..98] or UNINITIALIZED
   [22].size ∈ [0..2147483647] or UNINITIALIZED
   [23].type ∈
   {JSMN_OBJECT; JSMN_ARRAY; JSMN_STRING; JSMN_PRIMITIVE} or UNINITIALIZED
   [23]{.start; .end} ∈ [-1..98] or UNINITIALIZED
   [23].size ∈ [0..2147483647] or UNINITIALIZED
   [24].type ∈
   {JSMN_OBJECT; JSMN_ARRAY; JSMN_STRING; JSMN_PRIMITIVE} or UNINITIALIZED
   [24]{.start; .end} ∈ [-1..98] or UNINITIALIZED
   [24].size ∈ [0..2147483647] or UNINITIALIZED
   [25].type ∈
   {JSMN_OBJECT; JSMN_ARRAY; JSMN_STRING; JSMN_PRIMITIVE} or UNINITIALIZED
   [25]{.start; .end} ∈ [-1..98] or UNINITIALIZED
   [25].size ∈ [0..2147483647] or UNINITIALIZED
   [26].type ∈
   {JSMN_OBJECT; JSMN_ARRAY; JSMN_STRING; JSMN_PRIMITIVE} or UNINITIALIZED
   [26]{.start; .end} ∈ [-1..98] or UNINITIALIZED
   [26].size ∈ [0..2147483647] or UNINITIALIZED
   [27].type ∈
   {JSMN_OBJECT; JSMN_ARRAY; JSMN_STRING; JSMN_PRIMITIVE} or UNINITIALIZED
   [27]{.start; .end} ∈ [-1..98] or UNINITIALIZED
   [27].size ∈ [0..2147483647] or UNINITIALIZED
   [28].type ∈
   {JSMN_OBJECT; JSMN_ARRAY; JSMN_STRING; JSMN_PRIMITIVE} or UNINITIALIZED
   [28]{.start; .end} ∈ [-1..98] or UNINITIALIZED
   [28].size ∈ [0..2147483647] or UNINITIALIZED
   [29].type ∈
   {JSMN_OBJECT; JSMN_ARRAY; JSMN_STRING; JSMN_PRIMITIVE} or UNINITIALIZED
   [29]{.start; .end} ∈ [-1..98] or UNINITIALIZED
   [29].size ∈ [0..2147483647] or UNINITIALIZED
   [30].type ∈
   {JSMN_OBJECT; JSMN_ARRAY; JSMN_STRING; JSMN_PRIMITIVE} or UNINITIALIZED
   [30]{.start; .end} ∈ [-1..98] or UNINITIALIZED
   [30].size ∈ [0..2147483647] or UNINITIALIZED
   [31].type ∈
   {JSMN_OBJECT; JSMN_ARRAY; JSMN_STRING; JSMN_PRIMITIVE} or UNINITIALIZED
   [31]{.start; .end} ∈ [-1..98] or UNINITIALIZED
   [31].size ∈ [0..2147483647] or UNINITIALIZED
   [32].type ∈
   {JSMN_OBJECT; JSMN_ARRAY; JSMN_STRING; JSMN_PRIMITIVE} or UNINITIALIZED
   [32]{.start; .end} ∈ [-1..98] or UNINITIALIZED
   [32].size ∈ [0..2147483647] or UNINITIALIZED
   [33].type ∈
   {JSMN_OBJECT; JSMN_ARRAY; JSMN_STRING; JSMN_PRIMITIVE} or UNINITIALIZED
   [33]{.start; .end} ∈ [-1..98] or UNINITIALIZED
   [33].size ∈ [0..2147483647] or UNINITIALIZED
   [34].type ∈
   {JSMN_OBJECT; JSMN_ARRAY; JSMN_STRING; JSMN_PRIMITIVE} or UNINITIALIZED
   [34]{.start; .end} ∈ [-1..98] or UNINITIALIZED
   [34].size ∈ [0..2147483647] or UNINITIALIZED
   [35].type ∈
   {JSMN_OBJECT; JSMN_ARRAY; JSMN_STRING; JSMN_PRIMITIVE} or UNINITIALIZED
   [35]{.start; .end} ∈ [-1..98] or UNINITIALIZED
   [35].size ∈ [0..2147483647] or UNINITIALIZED
   [36].type ∈
   {JSMN_OBJECT; JSMN_ARRAY; JSMN_STRING; JSMN_PRIMITIVE} or UNINITIALIZED
   [36]{.start; .end} ∈ [-1..98] or UNINITIALIZED
   [36].size ∈ [0..2147483647] or UNINITIALIZED
   [37].type ∈
   {JSMN_OBJECT; JSMN_ARRAY; JSMN_STRING; JSMN_PRIMITIVE} or UNINITIALIZED
   [37]{.start; .end} ∈ [-1..98] or UNINITIALIZED
   [37].size ∈ [0..2147483647] or UNINITIALIZED
   [38].type ∈
   {JSMN_OBJECT; JSMN_ARRAY; JSMN_STRING; JSMN_PRIMITIVE} or UNINITIALIZED
   [38]{.start; .end} ∈ [-1..98] or UNINITIALIZED
   [38].size ∈ [0..2147483647] or UNINITIALIZED
   [39].type ∈
   {JSMN_OBJECT; JSMN_ARRAY; JSMN_STRING; JSMN_PRIMITIVE} or UNINITIALIZED
   [39]{.start; .end} ∈ [-1..98] or UNINITIALIZED
   [39].size ∈ [0..2147483647] or UNINITIALIZED
   [40].type ∈
   {JSMN_OBJECT; JSMN_ARRAY; JSMN_STRING; JSMN_PRIMITIVE} or UNINITIALIZED
   [40]{.start; .end} ∈ [-1..98] or UNINITIALIZED
   [40].size ∈ [0..2147483647] or UNINITIALIZED
   [41].type ∈
   {JSMN_OBJECT; JSMN_ARRAY; JSMN_STRING; JSMN_PRIMITIVE} or UNINITIALIZED
   [41]{.start; .end} ∈ [-1..98] or UNINITIALIZED
   [41].size ∈ [0..2147483647] or UNINITIALIZED
   [42].type ∈
   {JSMN_OBJECT; JSMN_ARRAY; JSMN_STRING; JSMN_PRIMITIVE} or UNINITIALIZED
   [42]{.start; .end} ∈ [-1..98] or UNINITIALIZED
   [42].size ∈ [0..2147483647] or UNINITIALIZED
   [43].type ∈
   {JSMN_OBJECT; JSMN_ARRAY; JSMN_STRING; JSMN_PRIMITIVE} or UNINITIALIZED
   [43]{.start; .end} ∈ [-1..98] or UNINITIALIZED
   [43].size ∈ [0..2147483647] or UNINITIALIZED
   [44].type ∈
   {JSMN_OBJECT; JSMN_ARRAY; JSMN_STRING; JSMN_PRIMITIVE} or UNINITIALIZED
   [44]{.start; .end} ∈ [-1..98] or UNINITIALIZED
   [44].size ∈ [0..2147483647] or UNINITIALIZED
   [45].type ∈
   {JSMN_OBJECT; JSMN_ARRAY; JSMN_STRING; JSMN_PRIMITIVE} or UNINITIALIZED
   [45]{.start; .end} ∈ [-1..98] or UNINITIALIZED
   [45].size ∈ [0..2147483647] or UNINITIALIZED
   [46].type ∈
   {JSMN_OBJECT; JSMN_ARRAY; JSMN_STRING; JSMN_PRIMITIVE} or UNINITIALIZED
   [46]{.start; .end} ∈ [-1..98] or UNINITIALIZED
   [46].size ∈ [0..2147483647] or UNINITIALIZED
   [47].type ∈
   {JSMN_OBJECT; JSMN_ARRAY; JSMN_STRING; JSMN_PRIMITIVE} or UNINITIALIZED
   [47]{.start; .end} ∈ [-1..98] or UNINITIALIZED
   [47].size ∈ [0..2147483647] or UNINITIALIZED
   [48].type ∈
   {JSMN_OBJECT; JSMN_ARRAY; JSMN_STRING; JSMN_PRIMITIVE} or UNINITIALIZED
   [48]{.start; .end} ∈ [-1..98] or UNINITIALIZED
   [48].size ∈ [0..2147483647] or UNINITIALIZED
   [49].type ∈
   {JSMN_OBJECT; JSMN_ARRAY; JSMN_STRING; JSMN_PRIMITIVE} or UNINITIALIZED
   [49]{.start; .end} ∈ [-1..98] or UNINITIALIZED
   [49].size ∈ [0..2147483647] or UNINITIALIZED
   [50].type ∈
   {JSMN_OBJECT; JSMN_ARRAY; JSMN_STRING; JSMN_PRIMITIVE} or UNINITIALIZED
   [50]{.start; .end} ∈ [-1..98] or UNINITIALIZED
   [50].size ∈ [0..2147483647] or UNINITIALIZED
   [51].type ∈
   {JSMN_OBJECT; JSMN_ARRAY; JSMN_STRING; JSMN_PRIMITIVE} or UNINITIALIZED
   [51]{.start; .end} ∈ [-1..98] or UNINITIALIZED
   [51].size ∈ [0..2147483647] or UNINITIALIZED
   [52].type ∈
   {JSMN_OBJECT; JSMN_ARRAY; JSMN_STRING; JSMN_PRIMITIVE} or UNINITIALIZED
   [52]{.start; .end} ∈ [-1..98] or UNINITIALIZED
   [52].size ∈ [0..2147483647] or UNINITIALIZED
   [53].type ∈
   {JSMN_OBJECT; JSMN_ARRAY; JSMN_STRING; JSMN_PRIMITIVE} or UNINITIALIZED
   [53]{.start; .end} ∈ [-1..98] or UNINITIALIZED
   [53].size ∈ [0..2147483647] or UNINITIALIZED
   [54].type ∈
   {JSMN_OBJECT; JSMN_ARRAY; JSMN_STRING; JSMN_PRIMITIVE} or UNINITIALIZED
   [54]{.start; .end} ∈ [-1..98] or UNINITIALIZED
   [54].size ∈ [0..2147483647] or UNINITIALIZED
   [55].type ∈
   {JSMN_OBJECT; JSMN_ARRAY; JSMN_STRING; JSMN_PRIMITIVE} or UNINITIALIZED
   [55]{.start; .end} ∈ [-1..98] or UNINITIALIZED
   [55].size ∈ [0..2147483647] or UNINITIALIZED
   [56].type ∈
   {JSMN_OBJECT; JSMN_ARRAY; JSMN_STRING; JSMN_PRIMITIVE} or UNINITIALIZED
   [56]{.start; .end} ∈ [-1..98] or UNINITIALIZED
   [56].size ∈ [0..2147483647] or UNINITIALIZED
   [57].type ∈
   {JSMN_OBJECT; JSMN_ARRAY; JSMN_STRING; JSMN_PRIMITIVE} or UNINITIALIZED
   [57]{.start; .end} ∈ [-1..98] or UNINITIALIZED
   [57].size ∈ [0..2147483647] or UNINITIALIZED
   [58].type ∈
   {JSMN_OBJECT; JSMN_ARRAY; JSMN_STRING; JSMN_PRIMITIVE} or UNINITIALIZED
   [58]{.start; .end} ∈ [-1..98] or UNINITIALIZED
   [58].size ∈ [0..2147483647] or UNINITIALIZED
   [59].type ∈
   {JSMN_OBJECT; JSMN_ARRAY; JSMN_STRING; JSMN_PRIMITIVE} or UNINITIALIZED
   [59]{.start; .end} ∈ [-1..98] or UNINITIALIZED
   [59].size ∈ [0..2147483647] or UNINITIALIZED
   [60].type ∈
   {JSMN_OBJECT; JSMN_ARRAY; JSMN_STRING; JSMN_PRIMITIVE} or UNINITIALIZED
   [60]{.start; .end} ∈ [-1..98] or UNINITIALIZED
   [60].size ∈ [0..2147483647] or UNINITIALIZED
   [61].type ∈
   {JSMN_OBJECT; JSMN_ARRAY; JSMN_STRING; JSMN_PRIMITIVE} or UNINITIALIZED
   [61]{.start; .end} ∈ [-1..98] or UNINITIALIZED
   [61].size ∈ [0..2147483647] or UNINITIALIZED
   [62].type ∈
   {JSMN_OBJECT; JSMN_ARRAY; JSMN_STRING; JSMN_PRIMITIVE} or UNINITIALIZED
   [62]{.start; .end} ∈ [-1..98] or UNINITIALIZED
   [62].size ∈ [0..2147483647] or UNINITIALIZED
   [63].type ∈
   {JSMN_OBJECT; JSMN_ARRAY; JSMN_STRING; JSMN_PRIMITIVE} or UNINITIALIZED
   [63]{.start; .end} ∈ [-1..98] or UNINITIALIZED
   [63].size ∈ [0..2147483647] or UNINITIALIZED
   [64].type ∈
   {JSMN_OBJECT; JSMN_ARRAY; JSMN_STRING; JSMN_PRIMITIVE} or UNINITIALIZED
   [64]{.start; .end} ∈ [-1..98] or UNINITIALIZED
   [64].size ∈ [0..2147483647] or UNINITIALIZED
   [65].type ∈
   {JSMN_OBJECT; JSMN_ARRAY; JSMN_STRING; JSMN_PRIMITIVE} or UNINITIALIZED
   [65]{.start; .end} ∈ [-1..98] or UNINITIALIZED
   [65].size ∈ [0..2147483647] or UNINITIALIZED
   [66].type ∈
   {JSMN_OBJECT; JSMN_ARRAY; JSMN_STRING; JSMN_PRIMITIVE} or UNINITIALIZED
   [66]{.start; .end} ∈ [-1..98] or UNINITIALIZED
   [66].size ∈ [0..2147483647] or UNINITIALIZED
   [67].type ∈
   {JSMN_OBJECT; JSMN_ARRAY; JSMN_STRING; JSMN_PRIMITIVE} or UNINITIALIZED
   [67]{.start; .end} ∈ [-1..98] or UNINITIALIZED
   [67].size ∈ [0..2147483647] or UNINITIALIZED
   [68].type ∈
   {JSMN_OBJECT; JSMN_ARRAY; JSMN_STRING; JSMN_PRIMITIVE} or UNINITIALIZED
   [68]{.start; .end} ∈ [-1..98] or UNINITIALIZED
   [68].size ∈ [0..2147483647] or UNINITIALIZED
   [69].type ∈
   {JSMN_OBJECT; JSMN_ARRAY; JSMN_STRING; JSMN_PRIMITIVE} or UNINITIALIZED
   [69]{.start; .end} ∈ [-1..98] or UNINITIALIZED
   [69].size ∈ [0..2147483647] or UNINITIALIZED
   [70].type ∈
   {JSMN_OBJECT; JSMN_ARRAY; JSMN_STRING; JSMN_PRIMITIVE} or UNINITIALIZED
   [70]{.start; .end} ∈ [-1..98] or UNINITIALIZED
   [70].size ∈ [0..2147483647] or UNINITIALIZED
   [71].type ∈
   {JSMN_OBJECT; JSMN_ARRAY; JSMN_STRING; JSMN_PRIMITIVE} or UNINITIALIZED
   [71]{.start; .end} ∈ [-1..98] or UNINITIALIZED
   [71].size ∈ [0..2147483647] or UNINITIALIZED
   [72].type ∈
   {JSMN_OBJECT; JSMN_ARRAY; JSMN_STRING; JSMN_PRIMITIVE} or UNINITIALIZED
   [72]{.start; .end} ∈ [-1..98] or UNINITIALIZED
   [72].size ∈ [0..2147483647] or UNINITIALIZED
   [73].type ∈
   {JSMN_OBJECT; JSMN_ARRAY; JSMN_STRING; JSMN_PRIMITIVE} or UNINITIALIZED
   [73]{.start; .end} ∈ [-1..98] or UNINITIALIZED
   [73].size ∈ [0..2147483647] or UNINITIALIZED
   [74].type ∈
   {JSMN_OBJECT; JSMN_ARRAY; JSMN_STRING; JSMN_PRIMITIVE} or UNINITIALIZED
   [74]{.start; .end} ∈ [-1..98] or UNINITIALIZED
   [74].size ∈ [0..2147483647] or UNINITIALIZED
   [75].type ∈
   {JSMN_OBJECT; JSMN_ARRAY; JSMN_STRING; JSMN_PRIMITIVE} or UNINITIALIZED
   [75]{.start; .end} ∈ [-1..98] or UNINITIALIZED
   [75].size ∈ [0..2147483647] or UNINITIALIZED
   [76].type ∈
   {JSMN_OBJECT; JSMN_ARRAY; JSMN_STRING; JSMN_PRIMITIVE} or UNINITIALIZED
   [76]{.start; .end} ∈ [-1..98] or UNINITIALIZED
   [76].size ∈ [0..2147483647] or UNINITIALIZED
   [77].type ∈
   {JSMN_OBJECT; JSMN_ARRAY; JSMN_STRING; JSMN_PRIMITIVE} or UNINITIALIZED
   [77]{.start; .end} ∈ [-1..98] or UNINITIALIZED
   [77].size ∈ [0..2147483647] or UNINITIALIZED
   [78].type ∈
   {JSMN_OBJECT; JSMN_ARRAY; JSMN_STRING; JSMN_PRIMITIVE} or UNINITIALIZED
   [78]{.start; .end} ∈ [-1..98] or UNINITIALIZED
   [78].size ∈ [0..2147483647] or UNINITIALIZED
   [79].type ∈
   {JSMN_OBJECT; JSMN_ARRAY; JSMN_STRING; JSMN_PRIMITIVE} or UNINITIALIZED
   [79]{.start; .end} ∈ [-1..98] or UNINITIALIZED
   [79].size ∈ [0..2147483647] or UNINITIALIZED
   [80].type ∈
   {JSMN_OBJECT; JSMN_ARRAY; JSMN_STRING; JSMN_PRIMITIVE} or UNINITIALIZED
   [80]{.start; .end} ∈ [-1..98] or UNINITIALIZED
   [80].size ∈ [0..2147483647] or UNINITIALIZED
   [81].type ∈
   {JSMN_OBJECT; JSMN_ARRAY; JSMN_STRING; JSMN_PRIMITIVE} or UNINITIALIZED
   [81]{.start; .end} ∈ [-1..98] or UNINITIALIZED
   [81].size ∈ [0..2147483647] or UNINITIALIZED
   [82].type ∈
   {JSMN_OBJECT; JSMN_ARRAY; JSMN_STRING; JSMN_PRIMITIVE} or UNINITIALIZED
   [82]{.start; .end} ∈ [-1..98] or UNINITIALIZED
   [82].size ∈ [0..2147483647] or UNINITIALIZED
   [83].type ∈
   {JSMN_OBJECT; JSMN_ARRAY; JSMN_STRING; JSMN_PRIMITIVE} or UNINITIALIZED
   [83]{.start; .end} ∈ [-1..98] or UNINITIALIZED
   [83].size ∈ [0..2147483647] or UNINITIALIZED
   [84].type ∈
   {JSMN_OBJECT; JSMN_ARRAY; JSMN_STRING; JSMN_PRIMITIVE} or UNINITIALIZED
   [84]{.start; .end} ∈ [-1..98] or UNINITIALIZED
   [84].size ∈ [0..2147483647] or UNINITIALIZED
   [85].type ∈
   {JSMN_OBJECT; JSMN_ARRAY; JSMN_STRING; JSMN_PRIMITIVE} or UNINITIALIZED
   [85]{.start; .end} ∈ [-1..98] or UNINITIALIZED
   [85].size ∈ [0..2147483647] or UNINITIALIZED
   [86].type ∈
   {JSMN_OBJECT; JSMN_ARRAY; JSMN_STRING; JSMN_PRIMITIVE} or UNINITIALIZED
   [86]{.start; .end} ∈ [-1..98] or UNINITIALIZED
   [86].size ∈ [0..2147483647] or UNINITIALIZED
   [87].type ∈
   {JSMN_OBJECT; JSMN_ARRAY; JSMN_STRING; JSMN_PRIMITIVE} or UNINITIALIZED
   [87]{.start; .end} ∈ [-1..98] or UNINITIALIZED
   [87].size ∈ [0..2147483647] or UNINITIALIZED
   [88].type ∈
   {JSMN_OBJECT; JSMN_ARRAY; JSMN_STRING; JSMN_PRIMITIVE} or UNINITIALIZED
   [88]{.start; .end} ∈ [-1..98] or UNINITIALIZED
   [88].size ∈ [0..2147483647] or UNINITIALIZED
   [89].type ∈
   {JSMN_OBJECT; JSMN_ARRAY; JSMN_STRING; JSMN_PRIMITIVE} or UNINITIALIZED
   [89]{.start; .end} ∈ [-1..98] or UNINITIALIZED
   [89].size ∈ [0..2147483647] or UNINITIALIZED
   [90].type ∈
   {JSMN_OBJECT; JSMN_ARRAY; JSMN_STRING; JSMN_PRIMITIVE} or UNINITIALIZED
   [90]{.start; .end} ∈ [-1..98] or UNINITIALIZED
   [90].size ∈ [0..2147483647] or UNINITIALIZED
   [91].type ∈
   {JSMN_OBJECT; JSMN_ARRAY; JSMN_STRING; JSMN_PRIMITIVE} or UNINITIALIZED
   [91]{.start; .end} ∈ [-1..98] or UNINITIALIZED
   [91].size ∈ [0..2147483647] or UNINITIALIZED
   [92].type ∈
   {JSMN_OBJECT; JSMN_ARRAY; JSMN_STRING; JSMN_PRIMITIVE} or UNINITIALIZED
   [92]{.start; .end} ∈ [-1..98] or UNINITIALIZED
   [92].size ∈ [0..2147483647] or UNINITIALIZED
   [93].type ∈
   {JSMN_OBJECT; JSMN_ARRAY; JSMN_STRING; JSMN_PRIMITIVE} or UNINITIALIZED
   [93]{.start; .end} ∈ [-1..98] or UNINITIALIZED
   [93].size ∈ [0..2147483647] or UNINITIALIZED
   [94].type ∈
   {JSMN_OBJECT; JSMN_ARRAY; JSMN_STRING; JSMN_PRIMITIVE} or UNINITIALIZED
   [94]{.start; .end} ∈ [-1..98] or UNINITIALIZED
   [94].size ∈ [0..2147483647] or UNINITIALIZED
   [95].type ∈
   {JSMN_OBJECT; JSMN_ARRAY; JSMN_STRING; JSMN_PRIMITIVE} or UNINITIALIZED
   [95]{.start; .end} ∈ [-1..98] or UNINITIALIZED
   [95].size ∈ [0..2147483647] or UNINITIALIZED
   [96].type ∈
   {JSMN_OBJECT; JSMN_ARRAY; JSMN_STRING; JSMN_PRIMITIVE} or UNINITIALIZED
   [96]{.start; .end} ∈ [-1..98] or UNINITIALIZED
   [96].size ∈ [0..2147483647] or UNINITIALIZED
   [97].type ∈
   {JSMN_OBJECT; JSMN_ARRAY; JSMN_STRING; JSMN_PRIMITIVE} or UNINITIALIZED
   [97]{.start; .end} ∈ [-1..98] or UNINITIALIZED
   [97].size ∈ [0..2147483647] or UNINITIALIZED
   [98].type ∈
   {JSMN_OBJECT; JSMN_ARRAY; JSMN_STRING; JSMN_PRIMITIVE} or UNINITIALIZED
   [98]{.start; .end} ∈ [-1..98] or UNINITIALIZED
   [98].size ∈ [0..2147483647] or UNINITIALIZED
   [99].type ∈
   {JSMN_OBJECT; JSMN_ARRAY; JSMN_STRING; JSMN_PRIMITIVE} or UNINITIALIZED
   [99]{.start; .end} ∈ [-1..98] or UNINITIALIZED
   [99].size ∈ [0..2147483647] or UNINITIALIZED
   [100].type ∈
   {JSMN_OBJECT; JSMN_ARRAY; JSMN_STRING; JSMN_PRIMITIVE} or UNINITIALIZED
   [100]{.start; .end} ∈ [-1..98] or UNINITIALIZED
   [100].size ∈ [0..2147483647] or UNINITIALIZED
   [101].type ∈
   {JSMN_OBJECT; JSMN_ARRAY; JSMN_STRING; JSMN_PRIMITIVE} or UNINITIALIZED
   [101]{.start; .end} ∈ [-1..98] or UNINITIALIZED
   [101].size ∈ [0..2147483647] or UNINITIALIZED
   [102].type ∈
   {JSMN_OBJECT; JSMN_ARRAY; JSMN_STRING; JSMN_PRIMITIVE} or UNINITIALIZED
   [102]{.start; .end} ∈ [-1..98] or UNINITIALIZED
   [102].size ∈ [0..2147483647] or UNINITIALIZED
   [103].type ∈
   {JSMN_OBJECT; JSMN_ARRAY; JSMN_STRING; JSMN_PRIMITIVE} or UNINITIALIZED
   [103]{.start; .end} ∈ [-1..98] or UNINITIALIZED
   [103].size ∈ [0..2147483647] or UNINITIALIZED
   [104].type ∈
   {JSMN_OBJECT; JSMN_ARRAY; JSMN_STRING; JSMN_PRIMITIVE} or UNINITIALIZED
   [104]{.start; .end} ∈ [-1..98] or UNINITIALIZED
   [104].size ∈ [0..2147483647] or UNINITIALIZED
   [105].type ∈
   {JSMN_OBJECT; JSMN_ARRAY; JSMN_STRING; JSMN_PRIMITIVE} or UNINITIALIZED
   [105]{.start; .end} ∈ [-1..98] or UNINITIALIZED
   [105].size ∈ [0..2147483647] or UNINITIALIZED
   [106].type ∈
   {JSMN_OBJECT; JSMN_ARRAY; JSMN_STRING; JSMN_PRIMITIVE} or UNINITIALIZED
   [106]{.start; .end} ∈ [-1..98] or UNINITIALIZED
   [106].size ∈ [0..2147483647] or UNINITIALIZED
   [107].type ∈
   {JSMN_OBJECT; JSMN_ARRAY; JSMN_STRING; JSMN_PRIMITIVE} or UNINITIALIZED
   [107]{.start; .end} ∈ [-1..98] or UNINITIALIZED
   [107].size ∈ [0..2147483647] or UNINITIALIZED
   [108].type ∈
   {JSMN_OBJECT; JSMN_ARRAY; JSMN_STRING; JSMN_PRIMITIVE} or UNINITIALIZED
   [108]{.start; .end} ∈ [-1..98] or UNINITIALIZED
   [108].size ∈ [0..2147483647] or UNINITIALIZED
   [109].type ∈
   {JSMN_OBJECT; JSMN_ARRAY; JSMN_STRING; JSMN_PRIMITIVE} or UNINITIALIZED
   [109]{.start; .end} ∈ [-1..98] or UNINITIALIZED
   [109].size ∈ [0..2147483647] or UNINITIALIZED
   [110].type ∈
   {JSMN_OBJECT; JSMN_ARRAY; JSMN_STRING; JSMN_PRIMITIVE} or UNINITIALIZED
   [110]{.start; .end} ∈ [-1..98] or UNINITIALIZED
   [110].size ∈ [0..2147483647] or UNINITIALIZED
   [111].type ∈
   {JSMN_OBJECT; JSMN_ARRAY; JSMN_STRING; JSMN_PRIMITIVE} or UNINITIALIZED
   [111]{.start; .end} ∈ [-1..98] or UNINITIALIZED
   [111].size ∈ [0..2147483647] or UNINITIALIZED
   [112].type ∈
   {JSMN_OBJECT; JSMN_ARRAY; JSMN_STRING; JSMN_PRIMITIVE} or UNINITIALIZED
   [112]{.start; .end} ∈ [-1..98] or UNINITIALIZED
   [112].size ∈ [0..2147483647] or UNINITIALIZED
   [113].type ∈
   {JSMN_OBJECT; JSMN_ARRAY; JSMN_STRING; JSMN_PRIMITIVE} or UNINITIALIZED
   [113]{.start; .end} ∈ [-1..98] or UNINITIALIZED
   [113].size ∈ [0..2147483647] or UNINITIALIZED
   [114].type ∈
   {JSMN_OBJECT; JSMN_ARRAY; JSMN_STRING; JSMN_PRIMITIVE} or UNINITIALIZED
   [114]{.start; .end} ∈ [-1..98] or UNINITIALIZED
   [114].size ∈ [0..2147483647] or UNINITIALIZED
   [115].type ∈
   {JSMN_OBJECT; JSMN_ARRAY; JSMN_STRING; JSMN_PRIMITIVE} or UNINITIALIZED
   [115]{.start; .end} ∈ [-1..98] or UNINITIALIZED
   [115].size ∈ [0..2147483647] or UNINITIALIZED
   [116].type ∈
   {JSMN_OBJECT; JSMN_ARRAY; JSMN_STRING; JSMN_PRIMITIVE} or UNINITIALIZED
   [116]{.start; .end} ∈ [-1..98] or UNINITIALIZED
   [116].size ∈ [0..2147483647] or UNINITIALIZED
   [117].type ∈
   {JSMN_OBJECT; JSMN_ARRAY; JSMN_STRING; JSMN_PRIMITIVE} or UNINITIALIZED
   [117]{.start; .end} ∈ [-1..98] or UNINITIALIZED
   [117].size ∈ [0..2147483647] or UNINITIALIZED
   [118].type ∈
   {JSMN_OBJECT; JSMN_ARRAY; JSMN_STRING; JSMN_PRIMITIVE} or UNINITIALIZED
   [118]{.start; .end} ∈ [-1..98] or UNINITIALIZED
   [118].size ∈ [0..2147483647] or UNINITIALIZED
   [119].type ∈
   {JSMN_OBJECT; JSMN_ARRAY; JSMN_STRING; JSMN_PRIMITIVE} or UNINITIALIZED
   [119]{.start; .end} ∈ [-1..98] or UNINITIALIZED
   [119].size ∈ [0..2147483647] or UNINITIALIZED
   [120].type ∈
   {JSMN_OBJECT; JSMN_ARRAY; JSMN_STRING; JSMN_PRIMITIVE} or UNINITIALIZED
   [120]{.start; .end} ∈ [-1..98] or UNINITIALIZED
   [120].size ∈ [0..2147483647] or UNINITIALIZED
   [121].type ∈
   {JSMN_OBJECT; JSMN_ARRAY; JSMN_STRING; JSMN_PRIMITIVE} or UNINITIALIZED
   [121]{.start; .end} ∈ [-1..98] or UNINITIALIZED
   [121].size ∈ [0..2147483647] or UNINITIALIZED
   [122].type ∈
   {JSMN_OBJECT; JSMN_ARRAY; JSMN_STRING; JSMN_PRIMITIVE} or UNINITIALIZED
   [122]{.start; .end} ∈ [-1..98] or UNINITIALIZED
   [122].size ∈ [0..2147483647] or UNINITIALIZED
   [123].type ∈
   {JSMN_OBJECT; JSMN_ARRAY; JSMN_STRING; JSMN_PRIMITIVE} or UNINITIALIZED
   [123]{.start; .end} ∈ [-1..98] or UNINITIALIZED
   [123].size ∈ [0..2147483647] or UNINITIALIZED
   [124].type ∈
   {JSMN_OBJECT; JSMN_ARRAY; JSMN_STRING; JSMN_PRIMITIVE} or UNINITIALIZED
   [124]{.start; .end} ∈ [-1..98] or UNINITIALIZED
   [124].size ∈ [0..2147483647] or UNINITIALIZED
   [125].type ∈
   {JSMN_OBJECT; JSMN_ARRAY; JSMN_STRING; JSMN_PRIMITIVE} or UNINITIALIZED
   [125]{.start; .end} ∈ [-1..98] or UNINITIALIZED
   [125].size ∈ [0..2147483647] or UNINITIALIZED
   [126].type ∈
   {JSMN_OBJECT; JSMN_ARRAY; JSMN_STRING; JSMN_PRIMITIVE} or UNINITIALIZED
   [126].start ∈ [-1..98] or UNINITIALIZED
   [126].end ∈ [-1..2147483647] or UNINITIALIZED
   [126].size ∈ [0..2147483647] or UNINITIALIZED
   [127].type ∈
   {JSMN_OBJECT; JSMN_ARRAY; JSMN_STRING; JSMN_PRIMITIVE} or UNINITIALIZED
   [127].start ∈ [-1..98] or UNINITIALIZED
   [127].end ∈ [-1..2147483647] or UNINITIALIZED
   [127].size ∈ [0..2147483647] or UNINITIALIZED
  __retres ∈ [-3..2147483647]
[eva:final-states] Values at end of function jsoneq:
  __retres ∈ {-1; 0}
[eva:final-states] Values at end of function main:
  i ∈ [1..2147483647] or UNINITIALIZED
  r ∈ [-3..2147483647]
  p.pos ∈ [0..98]
   .toknext ∈ [0..2147483647]
   .toksuper ∈ [--..--]
  t[0].type ∈ [1..2147483647] or UNINITIALIZED
   [0]{.start; .end} ∈ [-1..2147483647] or UNINITIALIZED
   [0].size ∈ [0..2147483647] or UNINITIALIZED
   [1].type ∈ [1..2147483647] or UNINITIALIZED
   [1]{.start; .end} ∈ [-1..2147483647] or UNINITIALIZED
   [1].size ∈ [0..2147483647] or UNINITIALIZED
   [2].type ∈
   {JSMN_OBJECT; JSMN_ARRAY; JSMN_STRING; JSMN_PRIMITIVE} or UNINITIALIZED
   [2]{.start; .end} ∈ [-1..98] or UNINITIALIZED
   [2].size ∈ [0..2147483647] or UNINITIALIZED
   [3].type ∈
   {JSMN_OBJECT; JSMN_ARRAY; JSMN_STRING; JSMN_PRIMITIVE} or UNINITIALIZED
   [3]{.start; .end} ∈ [-1..98] or UNINITIALIZED
   [3].size ∈ [0..2147483647] or UNINITIALIZED
   [4].type ∈
   {JSMN_OBJECT; JSMN_ARRAY; JSMN_STRING; JSMN_PRIMITIVE} or UNINITIALIZED
   [4]{.start; .end} ∈ [-1..98] or UNINITIALIZED
   [4].size ∈ [0..2147483647] or UNINITIALIZED
   [5].type ∈
   {JSMN_OBJECT; JSMN_ARRAY; JSMN_STRING; JSMN_PRIMITIVE} or UNINITIALIZED
   [5]{.start; .end} ∈ [-1..98] or UNINITIALIZED
   [5].size ∈ [0..2147483647] or UNINITIALIZED
   [6].type ∈
   {JSMN_OBJECT; JSMN_ARRAY; JSMN_STRING; JSMN_PRIMITIVE} or UNINITIALIZED
   [6]{.start; .end} ∈ [-1..98] or UNINITIALIZED
   [6].size ∈ [0..2147483647] or UNINITIALIZED
   [7].type ∈
   {JSMN_OBJECT; JSMN_ARRAY; JSMN_STRING; JSMN_PRIMITIVE} or UNINITIALIZED
   [7]{.start; .end} ∈ [-1..98] or UNINITIALIZED
   [7].size ∈ [0..2147483647] or UNINITIALIZED
   [8].type ∈
   {JSMN_OBJECT; JSMN_ARRAY; JSMN_STRING; JSMN_PRIMITIVE} or UNINITIALIZED
   [8]{.start; .end} ∈ [-1..98] or UNINITIALIZED
   [8].size ∈ [0..2147483647] or UNINITIALIZED
   [9].type ∈
   {JSMN_OBJECT; JSMN_ARRAY; JSMN_STRING; JSMN_PRIMITIVE} or UNINITIALIZED
   [9]{.start; .end} ∈ [-1..98] or UNINITIALIZED
   [9].size ∈ [0..2147483647] or UNINITIALIZED
   [10].type ∈
   {JSMN_OBJECT; JSMN_ARRAY; JSMN_STRING; JSMN_PRIMITIVE} or UNINITIALIZED
   [10]{.start; .end} ∈ [-1..98] or UNINITIALIZED
   [10].size ∈ [0..2147483647] or UNINITIALIZED
   [11].type ∈
   {JSMN_OBJECT; JSMN_ARRAY; JSMN_STRING; JSMN_PRIMITIVE} or UNINITIALIZED
   [11]{.start; .end} ∈ [-1..98] or UNINITIALIZED
   [11].size ∈ [0..2147483647] or UNINITIALIZED
   [12].type ∈
   {JSMN_OBJECT; JSMN_ARRAY; JSMN_STRING; JSMN_PRIMITIVE} or UNINITIALIZED
   [12]{.start; .end} ∈ [-1..98] or UNINITIALIZED
   [12].size ∈ [0..2147483647] or UNINITIALIZED
   [13].type ∈
   {JSMN_OBJECT; JSMN_ARRAY; JSMN_STRING; JSMN_PRIMITIVE} or UNINITIALIZED
   [13]{.start; .end} ∈ [-1..98] or UNINITIALIZED
   [13].size ∈ [0..2147483647] or UNINITIALIZED
   [14].type ∈
   {JSMN_OBJECT; JSMN_ARRAY; JSMN_STRING; JSMN_PRIMITIVE} or UNINITIALIZED
   [14]{.start; .end} ∈ [-1..98] or UNINITIALIZED
   [14].size ∈ [0..2147483647] or UNINITIALIZED
   [15].type ∈
   {JSMN_OBJECT; JSMN_ARRAY; JSMN_STRING; JSMN_PRIMITIVE} or UNINITIALIZED
   [15]{.start; .end} ∈ [-1..98] or UNINITIALIZED
   [15].size ∈ [0..2147483647] or UNINITIALIZED
   [16].type ∈
   {JSMN_OBJECT; JSMN_ARRAY; JSMN_STRING; JSMN_PRIMITIVE} or UNINITIALIZED
   [16]{.start; .end} ∈ [-1..98] or UNINITIALIZED
   [16].size ∈ [0..2147483647] or UNINITIALIZED
   [17].type ∈
   {JSMN_OBJECT; JSMN_ARRAY; JSMN_STRING; JSMN_PRIMITIVE} or UNINITIALIZED
   [17]{.start; .end} ∈ [-1..98] or UNINITIALIZED
   [17].size ∈ [0..2147483647] or UNINITIALIZED
   [18].type ∈
   {JSMN_OBJECT; JSMN_ARRAY; JSMN_STRING; JSMN_PRIMITIVE} or UNINITIALIZED
   [18]{.start; .end} ∈ [-1..98] or UNINITIALIZED
   [18].size ∈ [0..2147483647] or UNINITIALIZED
   [19].type ∈
   {JSMN_OBJECT; JSMN_ARRAY; JSMN_STRING; JSMN_PRIMITIVE} or UNINITIALIZED
   [19]{.start; .end} ∈ [-1..98] or UNINITIALIZED
   [19].size ∈ [0..2147483647] or UNINITIALIZED
   [20].type ∈
   {JSMN_OBJECT; JSMN_ARRAY; JSMN_STRING; JSMN_PRIMITIVE} or UNINITIALIZED
   [20]{.start; .end} ∈ [-1..98] or UNINITIALIZED
   [20].size ∈ [0..2147483647] or UNINITIALIZED
   [21].type ∈
   {JSMN_OBJECT; JSMN_ARRAY; JSMN_STRING; JSMN_PRIMITIVE} or UNINITIALIZED
   [21]{.start; .end} ∈ [-1..98] or UNINITIALIZED
   [21].size ∈ [0..2147483647] or UNINITIALIZED
   [22].type ∈
   {JSMN_OBJECT; JSMN_ARRAY; JSMN_STRING; JSMN_PRIMITIVE} or UNINITIALIZED
   [22]{.start; .end} ∈ [-1..98] or UNINITIALIZED
   [22].size ∈ [0..2147483647] or UNINITIALIZED
   [23].type ∈
   {JSMN_OBJECT; JSMN_ARRAY; JSMN_STRING; JSMN_PRIMITIVE} or UNINITIALIZED
   [23]{.start; .end} ∈ [-1..98] or UNINITIALIZED
   [23].size ∈ [0..2147483647] or UNINITIALIZED
   [24].type ∈
   {JSMN_OBJECT; JSMN_ARRAY; JSMN_STRING; JSMN_PRIMITIVE} or UNINITIALIZED
   [24]{.start; .end} ∈ [-1..98] or UNINITIALIZED
   [24].size ∈ [0..2147483647] or UNINITIALIZED
   [25].type ∈
   {JSMN_OBJECT; JSMN_ARRAY; JSMN_STRING; JSMN_PRIMITIVE} or UNINITIALIZED
   [25]{.start; .end} ∈ [-1..98] or UNINITIALIZED
   [25].size ∈ [0..2147483647] or UNINITIALIZED
   [26].type ∈
   {JSMN_OBJECT; JSMN_ARRAY; JSMN_STRING; JSMN_PRIMITIVE} or UNINITIALIZED
   [26]{.start; .end} ∈ [-1..98] or UNINITIALIZED
   [26].size ∈ [0..2147483647] or UNINITIALIZED
   [27].type ∈
   {JSMN_OBJECT; JSMN_ARRAY; JSMN_STRING; JSMN_PRIMITIVE} or UNINITIALIZED
   [27]{.start; .end} ∈ [-1..98] or UNINITIALIZED
   [27].size ∈ [0..2147483647] or UNINITIALIZED
   [28].type ∈
   {JSMN_OBJECT; JSMN_ARRAY; JSMN_STRING; JSMN_PRIMITIVE} or UNINITIALIZED
   [28]{.start; .end} ∈ [-1..98] or UNINITIALIZED
   [28].size ∈ [0..2147483647] or UNINITIALIZED
   [29].type ∈
   {JSMN_OBJECT; JSMN_ARRAY; JSMN_STRING; JSMN_PRIMITIVE} or UNINITIALIZED
   [29]{.start; .end} ∈ [-1..98] or UNINITIALIZED
   [29].size ∈ [0..2147483647] or UNINITIALIZED
   [30].type ∈
   {JSMN_OBJECT; JSMN_ARRAY; JSMN_STRING; JSMN_PRIMITIVE} or UNINITIALIZED
   [30]{.start; .end} ∈ [-1..98] or UNINITIALIZED
   [30].size ∈ [0..2147483647] or UNINITIALIZED
   [31].type ∈
   {JSMN_OBJECT; JSMN_ARRAY; JSMN_STRING; JSMN_PRIMITIVE} or UNINITIALIZED
   [31]{.start; .end} ∈ [-1..98] or UNINITIALIZED
   [31].size ∈ [0..2147483647] or UNINITIALIZED
   [32].type ∈
   {JSMN_OBJECT; JSMN_ARRAY; JSMN_STRING; JSMN_PRIMITIVE} or UNINITIALIZED
   [32]{.start; .end} ∈ [-1..98] or UNINITIALIZED
   [32].size ∈ [0..2147483647] or UNINITIALIZED
   [33].type ∈
   {JSMN_OBJECT; JSMN_ARRAY; JSMN_STRING; JSMN_PRIMITIVE} or UNINITIALIZED
   [33]{.start; .end} ∈ [-1..98] or UNINITIALIZED
   [33].size ∈ [0..2147483647] or UNINITIALIZED
   [34].type ∈
   {JSMN_OBJECT; JSMN_ARRAY; JSMN_STRING; JSMN_PRIMITIVE} or UNINITIALIZED
   [34]{.start; .end} ∈ [-1..98] or UNINITIALIZED
   [34].size ∈ [0..2147483647] or UNINITIALIZED
   [35].type ∈
   {JSMN_OBJECT; JSMN_ARRAY; JSMN_STRING; JSMN_PRIMITIVE} or UNINITIALIZED
   [35]{.start; .end} ∈ [-1..98] or UNINITIALIZED
   [35].size ∈ [0..2147483647] or UNINITIALIZED
   [36].type ∈
   {JSMN_OBJECT; JSMN_ARRAY; JSMN_STRING; JSMN_PRIMITIVE} or UNINITIALIZED
   [36]{.start; .end} ∈ [-1..98] or UNINITIALIZED
   [36].size ∈ [0..2147483647] or UNINITIALIZED
   [37].type ∈
   {JSMN_OBJECT; JSMN_ARRAY; JSMN_STRING; JSMN_PRIMITIVE} or UNINITIALIZED
   [37]{.start; .end} ∈ [-1..98] or UNINITIALIZED
   [37].size ∈ [0..2147483647] or UNINITIALIZED
   [38].type ∈
   {JSMN_OBJECT; JSMN_ARRAY; JSMN_STRING; JSMN_PRIMITIVE} or UNINITIALIZED
   [38]{.start; .end} ∈ [-1..98] or UNINITIALIZED
   [38].size ∈ [0..2147483647] or UNINITIALIZED
   [39].type ∈
   {JSMN_OBJECT; JSMN_ARRAY; JSMN_STRING; JSMN_PRIMITIVE} or UNINITIALIZED
   [39]{.start; .end} ∈ [-1..98] or UNINITIALIZED
   [39].size ∈ [0..2147483647] or UNINITIALIZED
   [40].type ∈
   {JSMN_OBJECT; JSMN_ARRAY; JSMN_STRING; JSMN_PRIMITIVE} or UNINITIALIZED
   [40]{.start; .end} ∈ [-1..98] or UNINITIALIZED
   [40].size ∈ [0..2147483647] or UNINITIALIZED
   [41].type ∈
   {JSMN_OBJECT; JSMN_ARRAY; JSMN_STRING; JSMN_PRIMITIVE} or UNINITIALIZED
   [41]{.start; .end} ∈ [-1..98] or UNINITIALIZED
   [41].size ∈ [0..2147483647] or UNINITIALIZED
   [42].type ∈
   {JSMN_OBJECT; JSMN_ARRAY; JSMN_STRING; JSMN_PRIMITIVE} or UNINITIALIZED
   [42]{.start; .end} ∈ [-1..98] or UNINITIALIZED
   [42].size ∈ [0..2147483647] or UNINITIALIZED
   [43].type ∈
   {JSMN_OBJECT; JSMN_ARRAY; JSMN_STRING; JSMN_PRIMITIVE} or UNINITIALIZED
   [43]{.start; .end} ∈ [-1..98] or UNINITIALIZED
   [43].size ∈ [0..2147483647] or UNINITIALIZED
   [44].type ∈
   {JSMN_OBJECT; JSMN_ARRAY; JSMN_STRING; JSMN_PRIMITIVE} or UNINITIALIZED
   [44]{.start; .end} ∈ [-1..98] or UNINITIALIZED
   [44].size ∈ [0..2147483647] or UNINITIALIZED
   [45].type ∈
   {JSMN_OBJECT; JSMN_ARRAY; JSMN_STRING; JSMN_PRIMITIVE} or UNINITIALIZED
   [45]{.start; .end} ∈ [-1..98] or UNINITIALIZED
   [45].size ∈ [0..2147483647] or UNINITIALIZED
   [46].type ∈
   {JSMN_OBJECT; JSMN_ARRAY; JSMN_STRING; JSMN_PRIMITIVE} or UNINITIALIZED
   [46]{.start; .end} ∈ [-1..98] or UNINITIALIZED
   [46].size ∈ [0..2147483647] or UNINITIALIZED
   [47].type ∈
   {JSMN_OBJECT; JSMN_ARRAY; JSMN_STRING; JSMN_PRIMITIVE} or UNINITIALIZED
   [47]{.start; .end} ∈ [-1..98] or UNINITIALIZED
   [47].size ∈ [0..2147483647] or UNINITIALIZED
   [48].type ∈
   {JSMN_OBJECT; JSMN_ARRAY; JSMN_STRING; JSMN_PRIMITIVE} or UNINITIALIZED
   [48]{.start; .end} ∈ [-1..98] or UNINITIALIZED
   [48].size ∈ [0..2147483647] or UNINITIALIZED
   [49].type ∈
   {JSMN_OBJECT; JSMN_ARRAY; JSMN_STRING; JSMN_PRIMITIVE} or UNINITIALIZED
   [49]{.start; .end} ∈ [-1..98] or UNINITIALIZED
   [49].size ∈ [0..2147483647] or UNINITIALIZED
   [50].type ∈
   {JSMN_OBJECT; JSMN_ARRAY; JSMN_STRING; JSMN_PRIMITIVE} or UNINITIALIZED
   [50]{.start; .end} ∈ [-1..98] or UNINITIALIZED
   [50].size ∈ [0..2147483647] or UNINITIALIZED
   [51].type ∈
   {JSMN_OBJECT; JSMN_ARRAY; JSMN_STRING; JSMN_PRIMITIVE} or UNINITIALIZED
   [51]{.start; .end} ∈ [-1..98] or UNINITIALIZED
   [51].size ∈ [0..2147483647] or UNINITIALIZED
   [52].type ∈
   {JSMN_OBJECT; JSMN_ARRAY; JSMN_STRING; JSMN_PRIMITIVE} or UNINITIALIZED
   [52]{.start; .end} ∈ [-1..98] or UNINITIALIZED
   [52].size ∈ [0..2147483647] or UNINITIALIZED
   [53].type ∈
   {JSMN_OBJECT; JSMN_ARRAY; JSMN_STRING; JSMN_PRIMITIVE} or UNINITIALIZED
   [53]{.start; .end} ∈ [-1..98] or UNINITIALIZED
   [53].size ∈ [0..2147483647] or UNINITIALIZED
   [54].type ∈
   {JSMN_OBJECT; JSMN_ARRAY; JSMN_STRING; JSMN_PRIMITIVE} or UNINITIALIZED
   [54]{.start; .end} ∈ [-1..98] or UNINITIALIZED
   [54].size ∈ [0..2147483647] or UNINITIALIZED
   [55].type ∈
   {JSMN_OBJECT; JSMN_ARRAY; JSMN_STRING; JSMN_PRIMITIVE} or UNINITIALIZED
   [55]{.start; .end} ∈ [-1..98] or UNINITIALIZED
   [55].size ∈ [0..2147483647] or UNINITIALIZED
   [56].type ∈
   {JSMN_OBJECT; JSMN_ARRAY; JSMN_STRING; JSMN_PRIMITIVE} or UNINITIALIZED
   [56]{.start; .end} ∈ [-1..98] or UNINITIALIZED
   [56].size ∈ [0..2147483647] or UNINITIALIZED
   [57].type ∈
   {JSMN_OBJECT; JSMN_ARRAY; JSMN_STRING; JSMN_PRIMITIVE} or UNINITIALIZED
   [57]{.start; .end} ∈ [-1..98] or UNINITIALIZED
   [57].size ∈ [0..2147483647] or UNINITIALIZED
   [58].type ∈
   {JSMN_OBJECT; JSMN_ARRAY; JSMN_STRING; JSMN_PRIMITIVE} or UNINITIALIZED
   [58]{.start; .end} ∈ [-1..98] or UNINITIALIZED
   [58].size ∈ [0..2147483647] or UNINITIALIZED
   [59].type ∈
   {JSMN_OBJECT; JSMN_ARRAY; JSMN_STRING; JSMN_PRIMITIVE} or UNINITIALIZED
   [59]{.start; .end} ∈ [-1..98] or UNINITIALIZED
   [59].size ∈ [0..2147483647] or UNINITIALIZED
   [60].type ∈
   {JSMN_OBJECT; JSMN_ARRAY; JSMN_STRING; JSMN_PRIMITIVE} or UNINITIALIZED
   [60]{.start; .end} ∈ [-1..98] or UNINITIALIZED
   [60].size ∈ [0..2147483647] or UNINITIALIZED
   [61].type ∈
   {JSMN_OBJECT; JSMN_ARRAY; JSMN_STRING; JSMN_PRIMITIVE} or UNINITIALIZED
   [61]{.start; .end} ∈ [-1..98] or UNINITIALIZED
   [61].size ∈ [0..2147483647] or UNINITIALIZED
   [62].type ∈
   {JSMN_OBJECT; JSMN_ARRAY; JSMN_STRING; JSMN_PRIMITIVE} or UNINITIALIZED
   [62]{.start; .end} ∈ [-1..98] or UNINITIALIZED
   [62].size ∈ [0..2147483647] or UNINITIALIZED
   [63].type ∈
   {JSMN_OBJECT; JSMN_ARRAY; JSMN_STRING; JSMN_PRIMITIVE} or UNINITIALIZED
   [63]{.start; .end} ∈ [-1..98] or UNINITIALIZED
   [63].size ∈ [0..2147483647] or UNINITIALIZED
   [64].type ∈
   {JSMN_OBJECT; JSMN_ARRAY; JSMN_STRING; JSMN_PRIMITIVE} or UNINITIALIZED
   [64]{.start; .end} ∈ [-1..98] or UNINITIALIZED
   [64].size ∈ [0..2147483647] or UNINITIALIZED
   [65].type ∈
   {JSMN_OBJECT; JSMN_ARRAY; JSMN_STRING; JSMN_PRIMITIVE} or UNINITIALIZED
   [65]{.start; .end} ∈ [-1..98] or UNINITIALIZED
   [65].size ∈ [0..2147483647] or UNINITIALIZED
   [66].type ∈
   {JSMN_OBJECT; JSMN_ARRAY; JSMN_STRING; JSMN_PRIMITIVE} or UNINITIALIZED
   [66]{.start; .end} ∈ [-1..98] or UNINITIALIZED
   [66].size ∈ [0..2147483647] or UNINITIALIZED
   [67].type ∈
   {JSMN_OBJECT; JSMN_ARRAY; JSMN_STRING; JSMN_PRIMITIVE} or UNINITIALIZED
   [67]{.start; .end} ∈ [-1..98] or UNINITIALIZED
   [67].size ∈ [0..2147483647] or UNINITIALIZED
   [68].type ∈
   {JSMN_OBJECT; JSMN_ARRAY; JSMN_STRING; JSMN_PRIMITIVE} or UNINITIALIZED
   [68]{.start; .end} ∈ [-1..98] or UNINITIALIZED
   [68].size ∈ [0..2147483647] or UNINITIALIZED
   [69].type ∈
   {JSMN_OBJECT; JSMN_ARRAY; JSMN_STRING; JSMN_PRIMITIVE} or UNINITIALIZED
   [69]{.start; .end} ∈ [-1..98] or UNINITIALIZED
   [69].size ∈ [0..2147483647] or UNINITIALIZED
   [70].type ∈
   {JSMN_OBJECT; JSMN_ARRAY; JSMN_STRING; JSMN_PRIMITIVE} or UNINITIALIZED
   [70]{.start; .end} ∈ [-1..98] or UNINITIALIZED
   [70].size ∈ [0..2147483647] or UNINITIALIZED
   [71].type ∈
   {JSMN_OBJECT; JSMN_ARRAY; JSMN_STRING; JSMN_PRIMITIVE} or UNINITIALIZED
   [71]{.start; .end} ∈ [-1..98] or UNINITIALIZED
   [71].size ∈ [0..2147483647] or UNINITIALIZED
   [72].type ∈
   {JSMN_OBJECT; JSMN_ARRAY; JSMN_STRING; JSMN_PRIMITIVE} or UNINITIALIZED
   [72]{.start; .end} ∈ [-1..98] or UNINITIALIZED
   [72].size ∈ [0..2147483647] or UNINITIALIZED
   [73].type ∈
   {JSMN_OBJECT; JSMN_ARRAY; JSMN_STRING; JSMN_PRIMITIVE} or UNINITIALIZED
   [73]{.start; .end} ∈ [-1..98] or UNINITIALIZED
   [73].size ∈ [0..2147483647] or UNINITIALIZED
   [74].type ∈
   {JSMN_OBJECT; JSMN_ARRAY; JSMN_STRING; JSMN_PRIMITIVE} or UNINITIALIZED
   [74]{.start; .end} ∈ [-1..98] or UNINITIALIZED
   [74].size ∈ [0..2147483647] or UNINITIALIZED
   [75].type ∈
   {JSMN_OBJECT; JSMN_ARRAY; JSMN_STRING; JSMN_PRIMITIVE} or UNINITIALIZED
   [75]{.start; .end} ∈ [-1..98] or UNINITIALIZED
   [75].size ∈ [0..2147483647] or UNINITIALIZED
   [76].type ∈
   {JSMN_OBJECT; JSMN_ARRAY; JSMN_STRING; JSMN_PRIMITIVE} or UNINITIALIZED
   [76]{.start; .end} ∈ [-1..98] or UNINITIALIZED
   [76].size ∈ [0..2147483647] or UNINITIALIZED
   [77].type ∈
   {JSMN_OBJECT; JSMN_ARRAY; JSMN_STRING; JSMN_PRIMITIVE} or UNINITIALIZED
   [77]{.start; .end} ∈ [-1..98] or UNINITIALIZED
   [77].size ∈ [0..2147483647] or UNINITIALIZED
   [78].type ∈
   {JSMN_OBJECT; JSMN_ARRAY; JSMN_STRING; JSMN_PRIMITIVE} or UNINITIALIZED
   [78]{.start; .end} ∈ [-1..98] or UNINITIALIZED
   [78].size ∈ [0..2147483647] or UNINITIALIZED
   [79].type ∈
   {JSMN_OBJECT; JSMN_ARRAY; JSMN_STRING; JSMN_PRIMITIVE} or UNINITIALIZED
   [79]{.start; .end} ∈ [-1..98] or UNINITIALIZED
   [79].size ∈ [0..2147483647] or UNINITIALIZED
   [80].type ∈
   {JSMN_OBJECT; JSMN_ARRAY; JSMN_STRING; JSMN_PRIMITIVE} or UNINITIALIZED
   [80]{.start; .end} ∈ [-1..98] or UNINITIALIZED
   [80].size ∈ [0..2147483647] or UNINITIALIZED
   [81].type ∈
   {JSMN_OBJECT; JSMN_ARRAY; JSMN_STRING; JSMN_PRIMITIVE} or UNINITIALIZED
   [81]{.start; .end} ∈ [-1..98] or UNINITIALIZED
   [81].size ∈ [0..2147483647] or UNINITIALIZED
   [82].type ∈
   {JSMN_OBJECT; JSMN_ARRAY; JSMN_STRING; JSMN_PRIMITIVE} or UNINITIALIZED
   [82]{.start; .end} ∈ [-1..98] or UNINITIALIZED
   [82].size ∈ [0..2147483647] or UNINITIALIZED
   [83].type ∈
   {JSMN_OBJECT; JSMN_ARRAY; JSMN_STRING; JSMN_PRIMITIVE} or UNINITIALIZED
   [83]{.start; .end} ∈ [-1..98] or UNINITIALIZED
   [83].size ∈ [0..2147483647] or UNINITIALIZED
   [84].type ∈
   {JSMN_OBJECT; JSMN_ARRAY; JSMN_STRING; JSMN_PRIMITIVE} or UNINITIALIZED
   [84]{.start; .end} ∈ [-1..98] or UNINITIALIZED
   [84].size ∈ [0..2147483647] or UNINITIALIZED
   [85].type ∈
   {JSMN_OBJECT; JSMN_ARRAY; JSMN_STRING; JSMN_PRIMITIVE} or UNINITIALIZED
   [85]{.start; .end} ∈ [-1..98] or UNINITIALIZED
   [85].size ∈ [0..2147483647] or UNINITIALIZED
   [86].type ∈
   {JSMN_OBJECT; JSMN_ARRAY; JSMN_STRING; JSMN_PRIMITIVE} or UNINITIALIZED
   [86]{.start; .end} ∈ [-1..98] or UNINITIALIZED
   [86].size ∈ [0..2147483647] or UNINITIALIZED
   [87].type ∈
   {JSMN_OBJECT; JSMN_ARRAY; JSMN_STRING; JSMN_PRIMITIVE} or UNINITIALIZED
   [87]{.start; .end} ∈ [-1..98] or UNINITIALIZED
   [87].size ∈ [0..2147483647] or UNINITIALIZED
   [88].type ∈
   {JSMN_OBJECT; JSMN_ARRAY; JSMN_STRING; JSMN_PRIMITIVE} or UNINITIALIZED
   [88]{.start; .end} ∈ [-1..98] or UNINITIALIZED
   [88].size ∈ [0..2147483647] or UNINITIALIZED
   [89].type ∈
   {JSMN_OBJECT; JSMN_ARRAY; JSMN_STRING; JSMN_PRIMITIVE} or UNINITIALIZED
   [89]{.start; .end} ∈ [-1..98] or UNINITIALIZED
   [89].size ∈ [0..2147483647] or UNINITIALIZED
   [90].type ∈
   {JSMN_OBJECT; JSMN_ARRAY; JSMN_STRING; JSMN_PRIMITIVE} or UNINITIALIZED
   [90]{.start; .end} ∈ [-1..98] or UNINITIALIZED
   [90].size ∈ [0..2147483647] or UNINITIALIZED
   [91].type ∈
   {JSMN_OBJECT; JSMN_ARRAY; JSMN_STRING; JSMN_PRIMITIVE} or UNINITIALIZED
   [91]{.start; .end} ∈ [-1..98] or UNINITIALIZED
   [91].size ∈ [0..2147483647] or UNINITIALIZED
   [92].type ∈
   {JSMN_OBJECT; JSMN_ARRAY; JSMN_STRING; JSMN_PRIMITIVE} or UNINITIALIZED
   [92]{.start; .end} ∈ [-1..98] or UNINITIALIZED
   [92].size ∈ [0..2147483647] or UNINITIALIZED
   [93].type ∈
   {JSMN_OBJECT; JSMN_ARRAY; JSMN_STRING; JSMN_PRIMITIVE} or UNINITIALIZED
   [93]{.start; .end} ∈ [-1..98] or UNINITIALIZED
   [93].size ∈ [0..2147483647] or UNINITIALIZED
   [94].type ∈
   {JSMN_OBJECT; JSMN_ARRAY; JSMN_STRING; JSMN_PRIMITIVE} or UNINITIALIZED
   [94]{.start; .end} ∈ [-1..98] or UNINITIALIZED
   [94].size ∈ [0..2147483647] or UNINITIALIZED
   [95].type ∈
   {JSMN_OBJECT; JSMN_ARRAY; JSMN_STRING; JSMN_PRIMITIVE} or UNINITIALIZED
   [95]{.start; .end} ∈ [-1..98] or UNINITIALIZED
   [95].size ∈ [0..2147483647] or UNINITIALIZED
   [96].type ∈
   {JSMN_OBJECT; JSMN_ARRAY; JSMN_STRING; JSMN_PRIMITIVE} or UNINITIALIZED
   [96]{.start; .end} ∈ [-1..98] or UNINITIALIZED
   [96].size ∈ [0..2147483647] or UNINITIALIZED
   [97].type ∈
   {JSMN_OBJECT; JSMN_ARRAY; JSMN_STRING; JSMN_PRIMITIVE} or UNINITIALIZED
   [97]{.start; .end} ∈ [-1..98] or UNINITIALIZED
   [97].size ∈ [0..2147483647] or UNINITIALIZED
   [98].type ∈
   {JSMN_OBJECT; JSMN_ARRAY; JSMN_STRING; JSMN_PRIMITIVE} or UNINITIALIZED
   [98]{.start; .end} ∈ [-1..98] or UNINITIALIZED
   [98].size ∈ [0..2147483647] or UNINITIALIZED
   [99].type ∈
   {JSMN_OBJECT; JSMN_ARRAY; JSMN_STRING; JSMN_PRIMITIVE} or UNINITIALIZED
   [99]{.start; .end} ∈ [-1..98] or UNINITIALIZED
   [99].size ∈ [0..2147483647] or UNINITIALIZED
   [100].type ∈
   {JSMN_OBJECT; JSMN_ARRAY; JSMN_STRING; JSMN_PRIMITIVE} or UNINITIALIZED
   [100]{.start; .end} ∈ [-1..98] or UNINITIALIZED
   [100].size ∈ [0..2147483647] or UNINITIALIZED
   [101].type ∈
   {JSMN_OBJECT; JSMN_ARRAY; JSMN_STRING; JSMN_PRIMITIVE} or UNINITIALIZED
   [101]{.start; .end} ∈ [-1..98] or UNINITIALIZED
   [101].size ∈ [0..2147483647] or UNINITIALIZED
   [102].type ∈
   {JSMN_OBJECT; JSMN_ARRAY; JSMN_STRING; JSMN_PRIMITIVE} or UNINITIALIZED
   [102]{.start; .end} ∈ [-1..98] or UNINITIALIZED
   [102].size ∈ [0..2147483647] or UNINITIALIZED
   [103].type ∈
   {JSMN_OBJECT; JSMN_ARRAY; JSMN_STRING; JSMN_PRIMITIVE} or UNINITIALIZED
   [103]{.start; .end} ∈ [-1..98] or UNINITIALIZED
   [103].size ∈ [0..2147483647] or UNINITIALIZED
   [104].type ∈
   {JSMN_OBJECT; JSMN_ARRAY; JSMN_STRING; JSMN_PRIMITIVE} or UNINITIALIZED
   [104]{.start; .end} ∈ [-1..98] or UNINITIALIZED
   [104].size ∈ [0..2147483647] or UNINITIALIZED
   [105].type ∈
   {JSMN_OBJECT; JSMN_ARRAY; JSMN_STRING; JSMN_PRIMITIVE} or UNINITIALIZED
   [105]{.start; .end} ∈ [-1..98] or UNINITIALIZED
   [105].size ∈ [0..2147483647] or UNINITIALIZED
   [106].type ∈
   {JSMN_OBJECT; JSMN_ARRAY; JSMN_STRING; JSMN_PRIMITIVE} or UNINITIALIZED
   [106]{.start; .end} ∈ [-1..98] or UNINITIALIZED
   [106].size ∈ [0..2147483647] or UNINITIALIZED
   [107].type ∈
   {JSMN_OBJECT; JSMN_ARRAY; JSMN_STRING; JSMN_PRIMITIVE} or UNINITIALIZED
   [107]{.start; .end} ∈ [-1..98] or UNINITIALIZED
   [107].size ∈ [0..2147483647] or UNINITIALIZED
   [108].type ∈
   {JSMN_OBJECT; JSMN_ARRAY; JSMN_STRING; JSMN_PRIMITIVE} or UNINITIALIZED
   [108]{.start; .end} ∈ [-1..98] or UNINITIALIZED
   [108].size ∈ [0..2147483647] or UNINITIALIZED
   [109].type ∈
   {JSMN_OBJECT; JSMN_ARRAY; JSMN_STRING; JSMN_PRIMITIVE} or UNINITIALIZED
   [109]{.start; .end} ∈ [-1..98] or UNINITIALIZED
   [109].size ∈ [0..2147483647] or UNINITIALIZED
   [110].type ∈
   {JSMN_OBJECT; JSMN_ARRAY; JSMN_STRING; JSMN_PRIMITIVE} or UNINITIALIZED
   [110]{.start; .end} ∈ [-1..98] or UNINITIALIZED
   [110].size ∈ [0..2147483647] or UNINITIALIZED
   [111].type ∈
   {JSMN_OBJECT; JSMN_ARRAY; JSMN_STRING; JSMN_PRIMITIVE} or UNINITIALIZED
   [111]{.start; .end} ∈ [-1..98] or UNINITIALIZED
   [111].size ∈ [0..2147483647] or UNINITIALIZED
   [112].type ∈
   {JSMN_OBJECT; JSMN_ARRAY; JSMN_STRING; JSMN_PRIMITIVE} or UNINITIALIZED
   [112]{.start; .end} ∈ [-1..98] or UNINITIALIZED
   [112].size ∈ [0..2147483647] or UNINITIALIZED
   [113].type ∈
   {JSMN_OBJECT; JSMN_ARRAY; JSMN_STRING; JSMN_PRIMITIVE} or UNINITIALIZED
   [113]{.start; .end} ∈ [-1..98] or UNINITIALIZED
   [113].size ∈ [0..2147483647] or UNINITIALIZED
   [114].type ∈
   {JSMN_OBJECT; JSMN_ARRAY; JSMN_STRING; JSMN_PRIMITIVE} or UNINITIALIZED
   [114]{.start; .end} ∈ [-1..98] or UNINITIALIZED
   [114].size ∈ [0..2147483647] or UNINITIALIZED
   [115].type ∈
   {JSMN_OBJECT; JSMN_ARRAY; JSMN_STRING; JSMN_PRIMITIVE} or UNINITIALIZED
   [115]{.start; .end} ∈ [-1..98] or UNINITIALIZED
   [115].size ∈ [0..2147483647] or UNINITIALIZED
   [116].type ∈
   {JSMN_OBJECT; JSMN_ARRAY; JSMN_STRING; JSMN_PRIMITIVE} or UNINITIALIZED
   [116]{.start; .end} ∈ [-1..98] or UNINITIALIZED
   [116].size ∈ [0..2147483647] or UNINITIALIZED
   [117].type ∈
   {JSMN_OBJECT; JSMN_ARRAY; JSMN_STRING; JSMN_PRIMITIVE} or UNINITIALIZED
   [117]{.start; .end} ∈ [-1..98] or UNINITIALIZED
   [117].size ∈ [0..2147483647] or UNINITIALIZED
   [118].type ∈
   {JSMN_OBJECT; JSMN_ARRAY; JSMN_STRING; JSMN_PRIMITIVE} or UNINITIALIZED
   [118]{.start; .end} ∈ [-1..98] or UNINITIALIZED
   [118].size ∈ [0..2147483647] or UNINITIALIZED
   [119].type ∈
   {JSMN_OBJECT; JSMN_ARRAY; JSMN_STRING; JSMN_PRIMITIVE} or UNINITIALIZED
   [119]{.start; .end} ∈ [-1..98] or UNINITIALIZED
   [119].size ∈ [0..2147483647] or UNINITIALIZED
   [120].type ∈
   {JSMN_OBJECT; JSMN_ARRAY; JSMN_STRING; JSMN_PRIMITIVE} or UNINITIALIZED
   [120]{.start; .end} ∈ [-1..98] or UNINITIALIZED
   [120].size ∈ [0..2147483647] or UNINITIALIZED
   [121].type ∈
   {JSMN_OBJECT; JSMN_ARRAY; JSMN_STRING; JSMN_PRIMITIVE} or UNINITIALIZED
   [121]{.start; .end} ∈ [-1..98] or UNINITIALIZED
   [121].size ∈ [0..2147483647] or UNINITIALIZED
   [122].type ∈
   {JSMN_OBJECT; JSMN_ARRAY; JSMN_STRING; JSMN_PRIMITIVE} or UNINITIALIZED
   [122]{.start; .end} ∈ [-1..98] or UNINITIALIZED
   [122].size ∈ [0..2147483647] or UNINITIALIZED
   [123].type ∈
   {JSMN_OBJECT; JSMN_ARRAY; JSMN_STRING; JSMN_PRIMITIVE} or UNINITIALIZED
   [123]{.start; .end} ∈ [-1..98] or UNINITIALIZED
   [123].size ∈ [0..2147483647] or UNINITIALIZED
   [124].type ∈
   {JSMN_OBJECT; JSMN_ARRAY; JSMN_STRING; JSMN_PRIMITIVE} or UNINITIALIZED
   [124]{.start; .end} ∈ [-1..98] or UNINITIALIZED
   [124].size ∈ [0..2147483647] or UNINITIALIZED
   [125].type ∈
   {JSMN_OBJECT; JSMN_ARRAY; JSMN_STRING; JSMN_PRIMITIVE} or UNINITIALIZED
   [125]{.start; .end} ∈ [-1..98] or UNINITIALIZED
   [125].size ∈ [0..2147483647] or UNINITIALIZED
   [126].type ∈
   {JSMN_OBJECT; JSMN_ARRAY; JSMN_STRING; JSMN_PRIMITIVE} or UNINITIALIZED
   [126].start ∈ [-1..98] or UNINITIALIZED
   [126].end ∈ [-1..2147483647] or UNINITIALIZED
   [126].size ∈ [0..2147483647] or UNINITIALIZED
   [127].type ∈
   {JSMN_OBJECT; JSMN_ARRAY; JSMN_STRING; JSMN_PRIMITIVE} or UNINITIALIZED
   [127].start ∈ [-1..98] or UNINITIALIZED
   [127].end ∈ [-1..2147483647] or UNINITIALIZED
   [127].size ∈ [0..2147483647] or UNINITIALIZED
  __retres ∈ {0; 1}
  S___fc_stdout[0..1] ∈ [--..--]
[eva:summary] ====== ANALYSIS SUMMARY ======
  ----------------------------------------------------------------------------
  8 functions analyzed (out of 8): 100% coverage.
  In these functions, 260 statements reached (out of 311): 83% coverage.
  ----------------------------------------------------------------------------
  No errors or warnings raised during the analysis.
  ----------------------------------------------------------------------------
  68 alarms generated by the analysis:
      35 accesses to uninitialized left-values
      18 integer overflows
      10 invalid memory accesses
       5 accesses out of bounds index
  ----------------------------------------------------------------------------
  Evaluation of the logical properties reached by the analysis:
    Assertions        0 valid     0 unknown     0 invalid      0 total
    Preconditions    11 valid     6 unknown     0 invalid     17 total
  64% of the logical properties reached have been proven.
  ----------------------------------------------------------------------------
0.85user 0.07system 0:00.93elapsed 99%CPU (0avgtext+0avgdata 113144maxresident)k
0inputs+2192outputs (0major+22574minor)pagefaults 0swaps
