directory	file	line	function	property kind	status	property
.	harness.c	20	__VERIFIER_nondet_int	precondition of Frama_C_interval	Valid	order: min ≤ max
.	harness.c	23	__VERIFIER_nondet_uint	precondition of Frama_C_unsigned_int_interval	Dead	order: min ≤ max
.	harness.c	27	__VERIFIER_nondet_uchar	precondition of Frama_C_unsigned_int_interval	Dead	order: min ≤ max
.	harness.c	38	__VERIFIER_nondet_long	precondition of Frama_C_long_interval	Dead	order: min ≤ max
.	harness.c	42	__VERIFIER_nondet_ulong	precondition of Frama_C_unsigned_long_interval	Dead	order: min ≤ max
.	harness.c	75	__builtin_memcpy	precondition of memcpy	Dead	separation: \separated((char *)dest + (0 .. n - 1), (char *)src + (0 .. n - 1))
.	harness.c	75	__builtin_memcpy	precondition of memcpy	Dead	valid_dest: valid_or_empty(dest, n)
.	harness.c	75	__builtin_memcpy	precondition of memcpy	Dead	valid_src: valid_read_or_empty(src, n)
.	harness.c	79	__builtin_memset	precondition of memset	Dead	valid_s: valid_or_empty(s, n)
.	harness.c	83	__builtin_memmove	precondition of memmove	Dead	valid_dest: valid_or_empty(dest, n)
.	harness.c	83	__builtin_memmove	precondition of memmove	Dead	valid_src: valid_read_or_empty(src, n)
FRAMAC_SHARE/libc	__fc_builtin.h	34	Frama_C_make_unknown	assigns clause	Considered valid	assigns *(p + (0 .. l - 1)), Frama_C_entropy_source;
FRAMAC_SHARE/libc	__fc_builtin.h	34	Frama_C_make_unknown	from clause	Considered valid	assigns *(p + (0 .. l - 1)) \from Frama_C_entropy_source;
FRAMAC_SHARE/libc	__fc_builtin.h	35	Frama_C_make_unknown	from clause	Considered valid	assigns Frama_C_entropy_source \from Frama_C_entropy_source;
FRAMAC_SHARE/libc	__fc_builtin.h	36	Frama_C_make_unknown	postcondition	Considered valid	initialization: \initialized(\old(p) + (0 .. \old(l) - 1))
FRAMAC_SHARE/libc	__fc_builtin.h	40	Frama_C_nondet	assigns clause	Considered valid	assigns \result, Frama_C_entropy_source;
FRAMAC_SHARE/libc	__fc_builtin.h	40	Frama_C_nondet	from clause	Considered valid	assigns \result \from a, b, Frama_C_entropy_source;
FRAMAC_SHARE/libc	__fc_builtin.h	41	Frama_C_nondet	from clause	Considered valid	assigns Frama_C_entropy_source \from Frama_C_entropy_source;
FRAMAC_SHARE/libc	__fc_builtin.h	42	Frama_C_nondet	postcondition	Considered valid	result_a_or_b: \result ≡ \old(a) ∨ \result ≡ \old(b)
FRAMAC_SHARE/libc	__fc_builtin.h	46	Frama_C_nondet_ptr	assigns clause	Considered valid	assigns \result, Frama_C_entropy_source;
FRAMAC_SHARE/libc	__fc_builtin.h	46	Frama_C_nondet_ptr	from clause	Considered valid	assigns \result \from a, b, Frama_C_entropy_source;
FRAMAC_SHARE/libc	__fc_builtin.h	47	Frama_C_nondet_ptr	from clause	Considered valid	assigns Frama_C_entropy_source \from Frama_C_entropy_source;
FRAMAC_SHARE/libc	__fc_builtin.h	48	Frama_C_nondet_ptr	postcondition	Considered valid	result_a_or_b: \result ≡ \old(a) ∨ \result ≡ \old(b)
FRAMAC_SHARE/libc	__fc_builtin.h	52	Frama_C_interval	precondition	Valid	order: min ≤ max
FRAMAC_SHARE/libc	__fc_builtin.h	53	Frama_C_interval	assigns clause	Considered valid	assigns \result, Frama_C_entropy_source;
FRAMAC_SHARE/libc	__fc_builtin.h	53	Frama_C_interval	from clause	Considered valid	assigns \result \from min, max, Frama_C_entropy_source;
FRAMAC_SHARE/libc	__fc_builtin.h	54	Frama_C_interval	from clause	Considered valid	assigns Frama_C_entropy_source \from Frama_C_entropy_source;
FRAMAC_SHARE/libc	__fc_builtin.h	55	Frama_C_interval	postcondition	Considered valid	result_bounded: \old(min) ≤ \result ≤ \old(max)
FRAMAC_SHARE/libc	__fc_builtin.h	60	Frama_C_interval_split	assigns clause	Considered valid	assigns \result, Frama_C_entropy_source;
FRAMAC_SHARE/libc	__fc_builtin.h	60	Frama_C_interval_split	from clause	Considered valid	assigns \result \from min, max, Frama_C_entropy_source;
FRAMAC_SHARE/libc	__fc_builtin.h	61	Frama_C_interval_split	from clause	Considered valid	assigns Frama_C_entropy_source \from Frama_C_entropy_source;
FRAMAC_SHARE/libc	__fc_builtin.h	62	Frama_C_interval_split	postcondition	Considered valid	result_bounded: \old(min) ≤ \result ≤ \old(max)
FRAMAC_SHARE/libc	__fc_builtin.h	67	Frama_C_unsigned_char_interval	assigns clause	Considered valid	assigns \result, Frama_C_entropy_source;
FRAMAC_SHARE/libc	__fc_builtin.h	67	Frama_C_unsigned_char_interval	from clause	Considered valid	assigns \result \from min, max, Frama_C_entropy_source;
FRAMAC_SHARE/libc	__fc_builtin.h	68	Frama_C_unsigned_char_interval	from clause	Considered valid	assigns Frama_C_entropy_source \from Frama_C_entropy_source;
FRAMAC_SHARE/libc	__fc_builtin.h	69	Frama_C_unsigned_char_interval	postcondition	Considered valid	result_bounded: \old(min) ≤ \result ≤ \old(max)
FRAMAC_SHARE/libc	__fc_builtin.h	76	Frama_C_char_interval	assigns clause	Considered valid	assigns \result, Frama_C_entropy_source;
FRAMAC_SHARE/libc	__fc_builtin.h	76	Frama_C_char_interval	from clause	Considered valid	assigns \result \from min, max, Frama_C_entropy_source;
FRAMAC_SHARE/libc	__fc_builtin.h	77	Frama_C_char_interval	from clause	Considered valid	assigns Frama_C_entropy_source \from Frama_C_entropy_source;
FRAMAC_SHARE/libc	__fc_builtin.h	78	Frama_C_char_interval	postcondition	Considered valid	result_bounded: \old(min) ≤ \result ≤ \old(max)
FRAMAC_SHARE/libc	__fc_builtin.h	84	Frama_C_unsigned_short_interval	assigns clause	Considered valid	assigns \result, Frama_C_entropy_source;
FRAMAC_SHARE/libc	__fc_builtin.h	84	Frama_C_unsigned_short_interval	from clause	Considered valid	assigns \result \from min, max, Frama_C_entropy_source;
FRAMAC_SHARE/libc	__fc_builtin.h	85	Frama_C_unsigned_short_interval	from clause	Considered valid	assigns Frama_C_entropy_source \from Frama_C_entropy_source;
FRAMAC_SHARE/libc	__fc_builtin.h	86	Frama_C_unsigned_short_interval	postcondition	Considered valid	result_bounded: \old(min) ≤ \result ≤ \old(max)
FRAMAC_SHARE/libc	__fc_builtin.h	93	Frama_C_short_interval	assigns clause	Considered valid	assigns \result, Frama_C_entropy_source;
FRAMAC_SHARE/libc	__fc_builtin.h	93	Frama_C_short_interval	from clause	Considered valid	assigns \result \from min, max, Frama_C_entropy_source;
FRAMAC_SHARE/libc	__fc_builtin.h	94	Frama_C_short_interval	from clause	Considered valid	assigns Frama_C_entropy_source \from Frama_C_entropy_source;
FRAMAC_SHARE/libc	__fc_builtin.h	95	Frama_C_short_interval	postcondition	Considered valid	result_bounded: \old(min) ≤ \result ≤ \old(max)
FRAMAC_SHARE/libc	__fc_builtin.h	100	Frama_C_unsigned_int_interval	precondition	Valid	order: min ≤ max
FRAMAC_SHARE/libc	__fc_builtin.h	101	Frama_C_unsigned_int_interval	assigns clause	Considered valid	assigns \result, Frama_C_entropy_source;
FRAMAC_SHARE/libc	__fc_builtin.h	101	Frama_C_unsigned_int_interval	from clause	Considered valid	assigns \result \from min, max, Frama_C_entropy_source;
FRAMAC_SHARE/libc	__fc_builtin.h	102	Frama_C_unsigned_int_interval	from clause	Considered valid	assigns Frama_C_entropy_source \from Frama_C_entropy_source;
FRAMAC_SHARE/libc	__fc_builtin.h	103	Frama_C_unsigned_int_interval	postcondition	Considered valid	result_bounded: \old(min) ≤ \result ≤ \old(max)
FRAMAC_SHARE/libc	__fc_builtin.h	110	Frama_C_int_interval	assigns clause	Considered valid	assigns \result, Frama_C_entropy_source;
FRAMAC_SHARE/libc	__fc_builtin.h	110	Frama_C_int_interval	from clause	Considered valid	assigns \result \from min, max, Frama_C_entropy_source;
FRAMAC_SHARE/libc	__fc_builtin.h	111	Frama_C_int_interval	from clause	Considered valid	assigns Frama_C_entropy_source \from Frama_C_entropy_source;
FRAMAC_SHARE/libc	__fc_builtin.h	112	Frama_C_int_interval	postcondition	Considered valid	result_bounded: \old(min) ≤ \result ≤ \old(max)
FRAMAC_SHARE/libc	__fc_builtin.h	116	Frama_C_unsigned_long_interval	precondition	Valid	order: min ≤ max
FRAMAC_SHARE/libc	__fc_builtin.h	117	Frama_C_unsigned_long_interval	assigns clause	Considered valid	assigns \result, Frama_C_entropy_source;
FRAMAC_SHARE/libc	__fc_builtin.h	117	Frama_C_unsigned_long_interval	from clause	Considered valid	assigns \result \from min, max, Frama_C_entropy_source;
FRAMAC_SHARE/libc	__fc_builtin.h	118	Frama_C_unsigned_long_interval	from clause	Considered valid	assigns Frama_C_entropy_source \from Frama_C_entropy_source;
FRAMAC_SHARE/libc	__fc_builtin.h	119	Frama_C_unsigned_long_interval	postcondition	Considered valid	result_bounded: \old(min) ≤ \result ≤ \old(max)
FRAMAC_SHARE/libc	__fc_builtin.h	125	Frama_C_long_interval	precondition	Valid	order: min ≤ max
FRAMAC_SHARE/libc	__fc_builtin.h	126	Frama_C_long_interval	assigns clause	Considered valid	assigns \result, Frama_C_entropy_source;
FRAMAC_SHARE/libc	__fc_builtin.h	126	Frama_C_long_interval	from clause	Considered valid	assigns \result \from min, max, Frama_C_entropy_source;
FRAMAC_SHARE/libc	__fc_builtin.h	127	Frama_C_long_interval	from clause	Considered valid	assigns Frama_C_entropy_source \from Frama_C_entropy_source;
FRAMAC_SHARE/libc	__fc_builtin.h	128	Frama_C_long_interval	postcondition	Considered valid	result_bounded: \old(min) ≤ \result ≤ \old(max)
FRAMAC_SHARE/libc	__fc_builtin.h	134	Frama_C_unsigned_long_long_interval	assigns clause	Considered valid	assigns \result, Frama_C_entropy_source;
FRAMAC_SHARE/libc	__fc_builtin.h	134	Frama_C_unsigned_long_long_interval	from clause	Considered valid	assigns \result \from min, max, Frama_C_entropy_source;
FRAMAC_SHARE/libc	__fc_builtin.h	135	Frama_C_unsigned_long_long_interval	from clause	Considered valid	assigns Frama_C_entropy_source \from Frama_C_entropy_source;
FRAMAC_SHARE/libc	__fc_builtin.h	136	Frama_C_unsigned_long_long_interval	postcondition	Considered valid	result_bounded: \old(min) ≤ \result ≤ \old(max)
FRAMAC_SHARE/libc	__fc_builtin.h	142	Frama_C_long_long_interval	assigns clause	Considered valid	assigns \result, Frama_C_entropy_source;
FRAMAC_SHARE/libc	__fc_builtin.h	142	Frama_C_long_long_interval	from clause	Considered valid	assigns \result \from min, max, Frama_C_entropy_source;
FRAMAC_SHARE/libc	__fc_builtin.h	143	Frama_C_long_long_interval	from clause	Considered valid	assigns Frama_C_entropy_source \from Frama_C_entropy_source;
FRAMAC_SHARE/libc	__fc_builtin.h	144	Frama_C_long_long_interval	postcondition	Considered valid	result_bounded: \old(min) ≤ \result ≤ \old(max)
FRAMAC_SHARE/libc	__fc_builtin.h	150	Frama_C_size_t_interval	assigns clause	Considered valid	assigns \result, Frama_C_entropy_source;
FRAMAC_SHARE/libc	__fc_builtin.h	150	Frama_C_size_t_interval	from clause	Considered valid	assigns \result \from min, max, Frama_C_entropy_source;
FRAMAC_SHARE/libc	__fc_builtin.h	151	Frama_C_size_t_interval	from clause	Considered valid	assigns Frama_C_entropy_source \from Frama_C_entropy_source;
FRAMAC_SHARE/libc	__fc_builtin.h	152	Frama_C_size_t_interval	postcondition	Considered valid	result_bounded: \old(min) ≤ \result ≤ \old(max)
FRAMAC_SHARE/libc	__fc_builtin.h	159	Frama_C_float_interval	assigns clause	Considered valid	assigns \result, Frama_C_entropy_source;
FRAMAC_SHARE/libc	__fc_builtin.h	159	Frama_C_float_interval	from clause	Considered valid	assigns \result \from min, max, Frama_C_entropy_source;
FRAMAC_SHARE/libc	__fc_builtin.h	160	Frama_C_float_interval	from clause	Considered valid	assigns Frama_C_entropy_source \from Frama_C_entropy_source;
FRAMAC_SHARE/libc	__fc_builtin.h	161	Frama_C_float_interval	postcondition	Considered valid	result_bounded: \is_finite(\result) ∧ \old(min) ≤ \result ≤ \old(max)
FRAMAC_SHARE/libc	__fc_builtin.h	168	Frama_C_double_interval	assigns clause	Considered valid	assigns \result, Frama_C_entropy_source;
FRAMAC_SHARE/libc	__fc_builtin.h	168	Frama_C_double_interval	from clause	Considered valid	assigns \result \from min, max, Frama_C_entropy_source;
FRAMAC_SHARE/libc	__fc_builtin.h	169	Frama_C_double_interval	from clause	Considered valid	assigns Frama_C_entropy_source \from Frama_C_entropy_source;
FRAMAC_SHARE/libc	__fc_builtin.h	170	Frama_C_double_interval	postcondition	Considered valid	result_bounded: \is_finite(\result) ∧ \old(min) ≤ \result ≤ \old(max)
FRAMAC_SHARE/libc	__fc_builtin.h	177	Frama_C_real_interval_as_double	assigns clause	Considered valid	assigns \result, Frama_C_entropy_source;
FRAMAC_SHARE/libc	__fc_builtin.h	177	Frama_C_real_interval_as_double	from clause	Considered valid	assigns \result \from min, max, Frama_C_entropy_source;
FRAMAC_SHARE/libc	__fc_builtin.h	178	Frama_C_real_interval_as_double	from clause	Considered valid	assigns Frama_C_entropy_source \from Frama_C_entropy_source;
FRAMAC_SHARE/libc	__fc_builtin.h	179	Frama_C_real_interval_as_double	postcondition	Considered valid	result_bounded: \is_finite(\result) ∧ \old(min) ≤ \result ≤ \old(max)
FRAMAC_SHARE/libc	__fc_builtin.h	185	Frama_C_abort	termination clause	Considered valid	\false
FRAMAC_SHARE/libc	__fc_builtin.h	187	Frama_C_abort	postcondition	Considered valid	never_terminates: \false
FRAMAC_SHARE/libc	__fc_builtin.h	189	Frama_C_abort	assigns clause	Considered valid	assigns \nothing;
FRAMAC_SHARE/libc	__fc_builtin.h	192	Frama_C_offset	from clause	Considered valid	assigns \result \from p;
FRAMAC_SHARE/libc	__fc_builtin.h	193	Frama_C_offset	assigns clause	Considered valid	assigns \nothing;
FRAMAC_SHARE/libc	__fc_builtin.h	197	Frama_C_abstract_cardinal	from clause	Considered valid	assigns \result \from i;
FRAMAC_SHARE/libc	__fc_builtin.h	198	Frama_C_abstract_cardinal	assigns clause	Considered valid	assigns \nothing;
FRAMAC_SHARE/libc	__fc_builtin.h	201	Frama_C_abstract_max	from clause	Considered valid	assigns \result \from i;
FRAMAC_SHARE/libc	__fc_builtin.h	202	Frama_C_abstract_max	assigns clause	Considered valid	assigns \nothing;
FRAMAC_SHARE/libc	__fc_builtin.h	204	Frama_C_abstract_min	from clause	Considered valid	assigns \result \from i;
FRAMAC_SHARE/libc	__fc_builtin.h	205	Frama_C_abstract_min	assigns clause	Considered valid	assigns \nothing;
FRAMAC_SHARE/libc	__fc_builtin.h	208	Frama_C_watch_value	assigns clause	Considered valid	assigns \nothing;
FRAMAC_SHARE/libc	__fc_builtin.h	212	Frama_C_watch_cardinal	assigns clause	Considered valid	assigns \nothing;
FRAMAC_SHARE/libc	__fc_gcc_builtins.h	37	__builtin_sadd_overflow	assigns clause	Considered valid	assigns \result, *res;
FRAMAC_SHARE/libc	__fc_gcc_builtins.h	37	__builtin_sadd_overflow	from clause	Considered valid	assigns \result \from a, b;
FRAMAC_SHARE/libc	__fc_gcc_builtins.h	37	__builtin_sadd_overflow	from clause	Considered valid	assigns *res \from a, b;
FRAMAC_SHARE/libc	__fc_gcc_builtins.h	38	__builtin_sadd_overflow	postcondition	Considered valid	initialization: res: \initialized(\old(res))
FRAMAC_SHARE/libc	__fc_gcc_builtins.h	39	__builtin_sadd_overflow	postcondition	Considered valid	res_wrapped: *\old(res) ≡ (int)(\old(a) + \old(b))
FRAMAC_SHARE/libc	__fc_gcc_builtins.h	40	__builtin_sadd_overflow	postcondition	Considered valid	result_overflow: \old(a) + \old(b) ≡ (int)(\old(a) + \old(b))? \result ≡ 0: \result ≡ 1
FRAMAC_SHARE/libc	__fc_gcc_builtins.h	46	__builtin_saddl_overflow	assigns clause	Considered valid	assigns \result, *res;
FRAMAC_SHARE/libc	__fc_gcc_builtins.h	46	__builtin_saddl_overflow	from clause	Considered valid	assigns \result \from a, b;
FRAMAC_SHARE/libc	__fc_gcc_builtins.h	46	__builtin_saddl_overflow	from clause	Considered valid	assigns *res \from a, b;
FRAMAC_SHARE/libc	__fc_gcc_builtins.h	47	__builtin_saddl_overflow	postcondition	Considered valid	initialization: res: \initialized(\old(res))
FRAMAC_SHARE/libc	__fc_gcc_builtins.h	48	__builtin_saddl_overflow	postcondition	Considered valid	res_wrapped: *\old(res) ≡ (long)(\old(a) + \old(b))
FRAMAC_SHARE/libc	__fc_gcc_builtins.h	49	__builtin_saddl_overflow	postcondition	Considered valid	result_overflow: \old(a) + \old(b) ≡ (long)(\old(a) + \old(b))? \result ≡ 0: \result ≡ 1
FRAMAC_SHARE/libc	__fc_gcc_builtins.h	55	__builtin_saddll_overflow	assigns clause	Considered valid	assigns \result, *res;
FRAMAC_SHARE/libc	__fc_gcc_builtins.h	55	__builtin_saddll_overflow	from clause	Considered valid	assigns \result \from a, b;
FRAMAC_SHARE/libc	__fc_gcc_builtins.h	55	__builtin_saddll_overflow	from clause	Considered valid	assigns *res \from a, b;
FRAMAC_SHARE/libc	__fc_gcc_builtins.h	56	__builtin_saddll_overflow	postcondition	Considered valid	initialization: res: \initialized(\old(res))
FRAMAC_SHARE/libc	__fc_gcc_builtins.h	57	__builtin_saddll_overflow	postcondition	Considered valid	res_wrapped: *\old(res) ≡ (long long)(\old(a) + \old(b))
FRAMAC_SHARE/libc	__fc_gcc_builtins.h	58	__builtin_saddll_overflow	postcondition	Considered valid	result_overflow: \old(a) + \old(b) ≡ (long long)(\old(a) + \old(b))? \result ≡ 0: \result ≡ 1
FRAMAC_SHARE/libc	__fc_gcc_builtins.h	64	__builtin_uadd_overflow	assigns clause	Considered valid	assigns \result, *res;
FRAMAC_SHARE/libc	__fc_gcc_builtins.h	64	__builtin_uadd_overflow	from clause	Considered valid	assigns \result \from a, b;
FRAMAC_SHARE/libc	__fc_gcc_builtins.h	64	__builtin_uadd_overflow	from clause	Considered valid	assigns *res \from a, b;
FRAMAC_SHARE/libc	__fc_gcc_builtins.h	65	__builtin_uadd_overflow	postcondition	Considered valid	initialization: res: \initialized(\old(res))
FRAMAC_SHARE/libc	__fc_gcc_builtins.h	66	__builtin_uadd_overflow	postcondition	Considered valid	res_wrapped: *\old(res) ≡ (unsigned int)(\old(a) + \old(b))
FRAMAC_SHARE/libc	__fc_gcc_builtins.h	67	__builtin_uadd_overflow	postcondition	Considered valid	result_overflow: \old(a) + \old(b) ≡ (unsigned int)(\old(a) + \old(b))? \result ≡ 0: \result ≡ 1
FRAMAC_SHARE/libc	__fc_gcc_builtins.h	73	__builtin_uaddl_overflow	assigns clause	Considered valid	assigns \result, *res;
FRAMAC_SHARE/libc	__fc_gcc_builtins.h	73	__builtin_uaddl_overflow	from clause	Considered valid	assigns \result \from a, b;
FRAMAC_SHARE/libc	__fc_gcc_builtins.h	73	__builtin_uaddl_overflow	from clause	Considered valid	assigns *res \from a, b;
FRAMAC_SHARE/libc	__fc_gcc_builtins.h	74	__builtin_uaddl_overflow	postcondition	Considered valid	initialization: res: \initialized(\old(res))
FRAMAC_SHARE/libc	__fc_gcc_builtins.h	75	__builtin_uaddl_overflow	postcondition	Considered valid	res_wrapped: *\old(res) ≡ (unsigned long)(\old(a) + \old(b))
FRAMAC_SHARE/libc	__fc_gcc_builtins.h	76	__builtin_uaddl_overflow	postcondition	Considered valid	result_overflow: \old(a) + \old(b) ≡ (unsigned long)(\old(a) + \old(b))? \result ≡ 0: \result ≡ 1
FRAMAC_SHARE/libc	__fc_gcc_builtins.h	82	__builtin_uaddll_overflow	assigns clause	Considered valid	assigns \result, *res;
FRAMAC_SHARE/libc	__fc_gcc_builtins.h	82	__builtin_uaddll_overflow	from clause	Considered valid	assigns \result \from a, b;
FRAMAC_SHARE/libc	__fc_gcc_builtins.h	82	__builtin_uaddll_overflow	from clause	Considered valid	assigns *res \from a, b;
FRAMAC_SHARE/libc	__fc_gcc_builtins.h	83	__builtin_uaddll_overflow	postcondition	Considered valid	initialization: res: \initialized(\old(res))
FRAMAC_SHARE/libc	__fc_gcc_builtins.h	84	__builtin_uaddll_overflow	postcondition	Considered valid	res_wrapped: *\old(res) ≡ (unsigned long long)(\old(a) + \old(b))
FRAMAC_SHARE/libc	__fc_gcc_builtins.h	85	__builtin_uaddll_overflow	postcondition	Considered valid	result_overflow: \old(a) + \old(b) ≡ (unsigned long long)(\old(a) + \old(b))? \result ≡ 0: \result ≡ 1
FRAMAC_SHARE/libc	__fc_gcc_builtins.h	91	__builtin_ssub_overflow	assigns clause	Considered valid	assigns \result, *res;
FRAMAC_SHARE/libc	__fc_gcc_builtins.h	91	__builtin_ssub_overflow	from clause	Considered valid	assigns \result \from a, b;
FRAMAC_SHARE/libc	__fc_gcc_builtins.h	91	__builtin_ssub_overflow	from clause	Considered valid	assigns *res \from a, b;
FRAMAC_SHARE/libc	__fc_gcc_builtins.h	92	__builtin_ssub_overflow	postcondition	Considered valid	initialization: res: \initialized(\old(res))
FRAMAC_SHARE/libc	__fc_gcc_builtins.h	93	__builtin_ssub_overflow	postcondition	Considered valid	res_wrapped: *\old(res) ≡ (int)(\old(a) - \old(b))
FRAMAC_SHARE/libc	__fc_gcc_builtins.h	94	__builtin_ssub_overflow	postcondition	Considered valid	result_overflow: \old(a) - \old(b) ≡ (int)(\old(a) - \old(b))? \result ≡ 0: \result ≡ 1
FRAMAC_SHARE/libc	__fc_gcc_builtins.h	100	__builtin_ssubl_overflow	assigns clause	Considered valid	assigns \result, *res;
FRAMAC_SHARE/libc	__fc_gcc_builtins.h	100	__builtin_ssubl_overflow	from clause	Considered valid	assigns \result \from a, b;
FRAMAC_SHARE/libc	__fc_gcc_builtins.h	100	__builtin_ssubl_overflow	from clause	Considered valid	assigns *res \from a, b;
FRAMAC_SHARE/libc	__fc_gcc_builtins.h	101	__builtin_ssubl_overflow	postcondition	Considered valid	initialization: res: \initialized(\old(res))
FRAMAC_SHARE/libc	__fc_gcc_builtins.h	102	__builtin_ssubl_overflow	postcondition	Considered valid	res_wrapped: *\old(res) ≡ (long)(\old(a) - \old(b))
FRAMAC_SHARE/libc	__fc_gcc_builtins.h	103	__builtin_ssubl_overflow	postcondition	Considered valid	result_overflow: \old(a) - \old(b) ≡ (long)(\old(a) - \old(b))? \result ≡ 0: \result ≡ 1
FRAMAC_SHARE/libc	__fc_gcc_builtins.h	109	__builtin_ssubll_overflow	assigns clause	Considered valid	assigns \result, *res;
FRAMAC_SHARE/libc	__fc_gcc_builtins.h	109	__builtin_ssubll_overflow	from clause	Considered valid	assigns \result \from a, b;
FRAMAC_SHARE/libc	__fc_gcc_builtins.h	109	__builtin_ssubll_overflow	from clause	Considered valid	assigns *res \from a, b;
FRAMAC_SHARE/libc	__fc_gcc_builtins.h	110	__builtin_ssubll_overflow	postcondition	Considered valid	initialization: res: \initialized(\old(res))
FRAMAC_SHARE/libc	__fc_gcc_builtins.h	111	__builtin_ssubll_overflow	postcondition	Considered valid	res_wrapped: *\old(res) ≡ (long long)(\old(a) - \old(b))
FRAMAC_SHARE/libc	__fc_gcc_builtins.h	112	__builtin_ssubll_overflow	postcondition	Considered valid	result_overflow: \old(a) - \old(b) ≡ (long long)(\old(a) - \old(b))? \result ≡ 0: \result ≡ 1
FRAMAC_SHARE/libc	__fc_gcc_builtins.h	118	__builtin_usub_overflow	assigns clause	Considered valid	assigns \result, *res;
FRAMAC_SHARE/libc	__fc_gcc_builtins.h	118	__builtin_usub_overflow	from clause	Considered valid	assigns \result \from a, b;
FRAMAC_SHARE/libc	__fc_gcc_builtins.h	118	__builtin_usub_overflow	from clause	Considered valid	assigns *res \from a, b;
FRAMAC_SHARE/libc	__fc_gcc_builtins.h	119	__builtin_usub_overflow	postcondition	Considered valid	initialization: res: \initialized(\old(res))
FRAMAC_SHARE/libc	__fc_gcc_builtins.h	120	__builtin_usub_overflow	postcondition	Considered valid	res_wrapped: *\old(res) ≡ (unsigned int)(\old(a) - \old(b))
FRAMAC_SHARE/libc	__fc_gcc_builtins.h	121	__builtin_usub_overflow	postcondition	Considered valid	result_overflow: \old(a) - \old(b) ≡ (unsigned int)(\old(a) - \old(b))? \result ≡ 0: \result ≡ 1
FRAMAC_SHARE/libc	__fc_gcc_builtins.h	127	__builtin_usubl_overflow	assigns clause	Considered valid	assigns \result, *res;
FRAMAC_SHARE/libc	__fc_gcc_builtins.h	127	__builtin_usubl_overflow	from clause	Considered valid	assigns \result \from a, b;
FRAMAC_SHARE/libc	__fc_gcc_builtins.h	127	__builtin_usubl_overflow	from clause	Considered valid	assigns *res \from a, b;
FRAMAC_SHARE/libc	__fc_gcc_builtins.h	128	__builtin_usubl_overflow	postcondition	Considered valid	initialization: res: \initialized(\old(res))
FRAMAC_SHARE/libc	__fc_gcc_builtins.h	129	__builtin_usubl_overflow	postcondition	Considered valid	res_wrapped: *\old(res) ≡ (unsigned long)(\old(a) - \old(b))
FRAMAC_SHARE/libc	__fc_gcc_builtins.h	130	__builtin_usubl_overflow	postcondition	Considered valid	result_overflow: \old(a) - \old(b) ≡ (unsigned long)(\old(a) - \old(b))? \result ≡ 0: \result ≡ 1
FRAMAC_SHARE/libc	__fc_gcc_builtins.h	136	__builtin_usubll_overflow	assigns clause	Considered valid	assigns \result, *res;
FRAMAC_SHARE/libc	__fc_gcc_builtins.h	136	__builtin_usubll_overflow	from clause	Considered valid	assigns \result \from a, b;
FRAMAC_SHARE/libc	__fc_gcc_builtins.h	136	__builtin_usubll_overflow	from clause	Considered valid	assigns *res \from a, b;
FRAMAC_SHARE/libc	__fc_gcc_builtins.h	137	__builtin_usubll_overflow	postcondition	Considered valid	initialization: res: \initialized(\old(res))
FRAMAC_SHARE/libc	__fc_gcc_builtins.h	138	__builtin_usubll_overflow	postcondition	Considered valid	res_wrapped: *\old(res) ≡ (unsigned long long)(\old(a) - \old(b))
FRAMAC_SHARE/libc	__fc_gcc_builtins.h	139	__builtin_usubll_overflow	postcondition	Considered valid	result_overflow: \old(a) - \old(b) ≡ (unsigned long long)(\old(a) - \old(b))? \result ≡ 0: \result ≡ 1
FRAMAC_SHARE/libc	__fc_gcc_builtins.h	145	__builtin_smul_overflow	assigns clause	Considered valid	assigns \result, *res;
FRAMAC_SHARE/libc	__fc_gcc_builtins.h	145	__builtin_smul_overflow	from clause	Considered valid	assigns \result \from a, b;
FRAMAC_SHARE/libc	__fc_gcc_builtins.h	145	__builtin_smul_overflow	from clause	Considered valid	assigns *res \from a, b;
FRAMAC_SHARE/libc	__fc_gcc_builtins.h	146	__builtin_smul_overflow	postcondition	Considered valid	initialization: res: \initialized(\old(res))
FRAMAC_SHARE/libc	__fc_gcc_builtins.h	147	__builtin_smul_overflow	postcondition	Considered valid	res_wrapped: *\old(res) ≡ (int)(\old(a) * \old(b))
FRAMAC_SHARE/libc	__fc_gcc_builtins.h	148	__builtin_smul_overflow	postcondition	Considered valid	result_overflow: \old(a) * \old(b) ≡ (int)(\old(a) * \old(b))? \result ≡ 0: \result ≡ 1
FRAMAC_SHARE/libc	__fc_gcc_builtins.h	154	__builtin_smull_overflow	assigns clause	Considered valid	assigns \result, *res;
FRAMAC_SHARE/libc	__fc_gcc_builtins.h	154	__builtin_smull_overflow	from clause	Considered valid	assigns \result \from a, b;
FRAMAC_SHARE/libc	__fc_gcc_builtins.h	154	__builtin_smull_overflow	from clause	Considered valid	assigns *res \from a, b;
FRAMAC_SHARE/libc	__fc_gcc_builtins.h	155	__builtin_smull_overflow	postcondition	Considered valid	initialization: res: \initialized(\old(res))
FRAMAC_SHARE/libc	__fc_gcc_builtins.h	156	__builtin_smull_overflow	postcondition	Considered valid	res_wrapped: *\old(res) ≡ (long)(\old(a) * \old(b))
FRAMAC_SHARE/libc	__fc_gcc_builtins.h	157	__builtin_smull_overflow	postcondition	Considered valid	result_overflow: \old(a) * \old(b) ≡ (long)(\old(a) * \old(b))? \result ≡ 0: \result ≡ 1
FRAMAC_SHARE/libc	__fc_gcc_builtins.h	163	__builtin_smulll_overflow	assigns clause	Considered valid	assigns \result, *res;
FRAMAC_SHARE/libc	__fc_gcc_builtins.h	163	__builtin_smulll_overflow	from clause	Considered valid	assigns \result \from a, b;
FRAMAC_SHARE/libc	__fc_gcc_builtins.h	163	__builtin_smulll_overflow	from clause	Considered valid	assigns *res \from a, b;
FRAMAC_SHARE/libc	__fc_gcc_builtins.h	164	__builtin_smulll_overflow	postcondition	Considered valid	initialization: res: \initialized(\old(res))
FRAMAC_SHARE/libc	__fc_gcc_builtins.h	165	__builtin_smulll_overflow	postcondition	Considered valid	res_wrapped: *\old(res) ≡ (long long)(\old(a) * \old(b))
FRAMAC_SHARE/libc	__fc_gcc_builtins.h	166	__builtin_smulll_overflow	postcondition	Considered valid	result_overflow: \old(a) * \old(b) ≡ (long long)(\old(a) * \old(b))? \result ≡ 0: \result ≡ 1
FRAMAC_SHARE/libc	__fc_gcc_builtins.h	172	__builtin_umul_overflow	assigns clause	Considered valid	assigns \result, *res;
FRAMAC_SHARE/libc	__fc_gcc_builtins.h	172	__builtin_umul_overflow	from clause	Considered valid	assigns \result \from a, b;
FRAMAC_SHARE/libc	__fc_gcc_builtins.h	172	__builtin_umul_overflow	from clause	Considered valid	assigns *res \from a, b;
FRAMAC_SHARE/libc	__fc_gcc_builtins.h	173	__builtin_umul_overflow	postcondition	Considered valid	initialization: res: \initialized(\old(res))
FRAMAC_SHARE/libc	__fc_gcc_builtins.h	174	__builtin_umul_overflow	postcondition	Considered valid	res_wrapped: *\old(res) ≡ (unsigned int)(\old(a) * \old(b))
FRAMAC_SHARE/libc	__fc_gcc_builtins.h	175	__builtin_umul_overflow	postcondition	Considered valid	result_overflow: \old(a) * \old(b) ≡ (unsigned int)(\old(a) * \old(b))? \result ≡ 0: \result ≡ 1
FRAMAC_SHARE/libc	__fc_gcc_builtins.h	181	__builtin_umull_overflow	assigns clause	Considered valid	assigns \result, *res;
FRAMAC_SHARE/libc	__fc_gcc_builtins.h	181	__builtin_umull_overflow	from clause	Considered valid	assigns \result \from a, b;
FRAMAC_SHARE/libc	__fc_gcc_builtins.h	181	__builtin_umull_overflow	from clause	Considered valid	assigns *res \from a, b;
FRAMAC_SHARE/libc	__fc_gcc_builtins.h	182	__builtin_umull_overflow	postcondition	Considered valid	initialization: res: \initialized(\old(res))
FRAMAC_SHARE/libc	__fc_gcc_builtins.h	183	__builtin_umull_overflow	postcondition	Considered valid	res_wrapped: *\old(res) ≡ (unsigned long)(\old(a) * \old(b))
FRAMAC_SHARE/libc	__fc_gcc_builtins.h	184	__builtin_umull_overflow	postcondition	Considered valid	result_overflow: \old(a) * \old(b) ≡ (unsigned long)(\old(a) * \old(b))? \result ≡ 0: \result ≡ 1
FRAMAC_SHARE/libc	__fc_gcc_builtins.h	190	__builtin_umulll_overflow	assigns clause	Considered valid	assigns \result, *res;
FRAMAC_SHARE/libc	__fc_gcc_builtins.h	190	__builtin_umulll_overflow	from clause	Considered valid	assigns \result \from a, b;
FRAMAC_SHARE/libc	__fc_gcc_builtins.h	190	__builtin_umulll_overflow	from clause	Considered valid	assigns *res \from a, b;
FRAMAC_SHARE/libc	__fc_gcc_builtins.h	191	__builtin_umulll_overflow	postcondition	Considered valid	initialization: res: \initialized(\old(res))
FRAMAC_SHARE/libc	__fc_gcc_builtins.h	192	__builtin_umulll_overflow	postcondition	Considered valid	res_wrapped: *\old(res) ≡ (unsigned long long)(\old(a) * \old(b))
FRAMAC_SHARE/libc	__fc_gcc_builtins.h	193	__builtin_umulll_overflow	postcondition	Considered valid	result_overflow: \old(a) * \old(b) ≡ (unsigned long long)(\old(a) * \old(b))? \result ≡ 0: \result ≡ 1
FRAMAC_SHARE/libc	__fc_gcc_builtins.h	199	__builtin_clz	from clause	Considered valid	assigns \result \from (indirect: x);
FRAMAC_SHARE/libc	__fc_gcc_builtins.h	200	__builtin_clz	postcondition	Considered valid	result_is_bit_count: 0 ≤ \result < 8 * sizeof(\old(x))
FRAMAC_SHARE/libc	__fc_gcc_builtins.h	202	__builtin_clz	assigns clause	Considered valid	assigns \nothing;
FRAMAC_SHARE/libc	__fc_gcc_builtins.h	206	__builtin_clzl	from clause	Considered valid	assigns \result \from (indirect: x);
FRAMAC_SHARE/libc	__fc_gcc_builtins.h	207	__builtin_clzl	postcondition	Considered valid	result_is_bit_count: 0 ≤ \result < 8 * sizeof(\old(x))
FRAMAC_SHARE/libc	__fc_gcc_builtins.h	209	__builtin_clzl	assigns clause	Considered valid	assigns \nothing;
FRAMAC_SHARE/libc	__fc_gcc_builtins.h	213	__builtin_clzll	from clause	Considered valid	assigns \result \from (indirect: x);
FRAMAC_SHARE/libc	__fc_gcc_builtins.h	214	__builtin_clzll	postcondition	Considered valid	result_is_bit_count: 0 ≤ \result < 8 * sizeof(\old(x))
FRAMAC_SHARE/libc	__fc_gcc_builtins.h	216	__builtin_clzll	assigns clause	Considered valid	assigns \nothing;
FRAMAC_SHARE/libc	__fc_gcc_builtins.h	220	__builtin_ctz	from clause	Considered valid	assigns \result \from (indirect: x);
FRAMAC_SHARE/libc	__fc_gcc_builtins.h	221	__builtin_ctz	postcondition	Considered valid	result_is_bit_count: 0 ≤ \result < 8 * sizeof(\old(x))
FRAMAC_SHARE/libc	__fc_gcc_builtins.h	223	__builtin_ctz	assigns clause	Considered valid	assigns \nothing;
FRAMAC_SHARE/libc	__fc_gcc_builtins.h	227	__builtin_ctzl	from clause	Considered valid	assigns \result \from (indirect: x);
FRAMAC_SHARE/libc	__fc_gcc_builtins.h	228	__builtin_ctzl	postcondition	Considered valid	result_is_bit_count: 0 ≤ \result < 8 * sizeof(\old(x))
FRAMAC_SHARE/libc	__fc_gcc_builtins.h	230	__builtin_ctzl	assigns clause	Considered valid	assigns \nothing;
FRAMAC_SHARE/libc	__fc_gcc_builtins.h	234	__builtin_ctzll	from clause	Considered valid	assigns \result \from (indirect: x);
FRAMAC_SHARE/libc	__fc_gcc_builtins.h	235	__builtin_ctzll	postcondition	Considered valid	result_is_bit_count: 0 ≤ \result < 8 * sizeof(\old(x))
FRAMAC_SHARE/libc	__fc_gcc_builtins.h	237	__builtin_ctzll	assigns clause	Considered valid	assigns \nothing;
FRAMAC_SHARE/libc	__fc_gcc_builtins.h	240	__builtin_popcount	from clause	Considered valid	assigns \result \from (indirect: x);
FRAMAC_SHARE/libc	__fc_gcc_builtins.h	241	__builtin_popcount	postcondition	Considered valid	result_is_bit_count: 0 ≤ \result ≤ 8 * sizeof(\old(x))
FRAMAC_SHARE/libc	__fc_gcc_builtins.h	243	__builtin_popcount	assigns clause	Considered valid	assigns \nothing;
FRAMAC_SHARE/libc	__fc_gcc_builtins.h	246	__builtin_popcountl	from clause	Considered valid	assigns \result \from (indirect: x);
FRAMAC_SHARE/libc	__fc_gcc_builtins.h	247	__builtin_popcountl	postcondition	Considered valid	result_is_bit_count: 0 ≤ \result ≤ 8 * sizeof(\old(x))
FRAMAC_SHARE/libc	__fc_gcc_builtins.h	249	__builtin_popcountl	assigns clause	Considered valid	assigns \nothing;
FRAMAC_SHARE/libc	__fc_gcc_builtins.h	252	__builtin_popcountll	from clause	Considered valid	assigns \result \from (indirect: x);
FRAMAC_SHARE/libc	__fc_gcc_builtins.h	253	__builtin_popcountll	postcondition	Considered valid	result_is_bit_count: 0 ≤ \result ≤ 8 * sizeof(\old(x))
FRAMAC_SHARE/libc	__fc_gcc_builtins.h	255	__builtin_popcountll	assigns clause	Considered valid	assigns \nothing;
FRAMAC_SHARE/libc	__fc_gcc_builtins.h	265	__atomic_load_1	from clause	Considered valid	assigns \result \from *mem, (indirect: model);
FRAMAC_SHARE/libc	__fc_gcc_builtins.h	266	__atomic_load_1	postcondition	Considered valid	load_value: \result ≡ *\old(mem)
FRAMAC_SHARE/libc	__fc_gcc_builtins.h	268	__atomic_load_1	assigns clause	Considered valid	assigns \nothing;
FRAMAC_SHARE/libc	__fc_gcc_builtins.h	273	__atomic_load_2	from clause	Considered valid	assigns \result \from *mem, (indirect: model);
FRAMAC_SHARE/libc	__fc_gcc_builtins.h	274	__atomic_load_2	postcondition	Considered valid	load_value: \result ≡ *\old(mem)
FRAMAC_SHARE/libc	__fc_gcc_builtins.h	276	__atomic_load_2	assigns clause	Considered valid	assigns \nothing;
FRAMAC_SHARE/libc	__fc_gcc_builtins.h	281	__atomic_load_4	from clause	Considered valid	assigns \result \from *mem, (indirect: model);
FRAMAC_SHARE/libc	__fc_gcc_builtins.h	282	__atomic_load_4	postcondition	Considered valid	load_value: \result ≡ *\old(mem)
FRAMAC_SHARE/libc	__fc_gcc_builtins.h	284	__atomic_load_4	assigns clause	Considered valid	assigns \nothing;
FRAMAC_SHARE/libc	__fc_gcc_builtins.h	289	__atomic_load_8	from clause	Considered valid	assigns \result \from *mem, (indirect: model);
FRAMAC_SHARE/libc	__fc_gcc_builtins.h	290	__atomic_load_8	postcondition	Considered valid	load_value: \result ≡ *\old(mem)
FRAMAC_SHARE/libc	__fc_gcc_builtins.h	292	__atomic_load_8	assigns clause	Considered valid	assigns \nothing;
FRAMAC_SHARE/libc	__fc_gcc_builtins.h	296	__atomic_store_1	assigns clause	Considered valid	assigns *mem;
FRAMAC_SHARE/libc	__fc_gcc_builtins.h	296	__atomic_store_1	from clause	Considered valid	assigns *mem \from val, (indirect: model);
FRAMAC_SHARE/libc	__fc_gcc_builtins.h	297	__atomic_store_1	postcondition	Considered valid	initialization: \initialized(\old(mem))
FRAMAC_SHARE/libc	__fc_gcc_builtins.h	298	__atomic_store_1	postcondition	Considered valid	store_value: *\old(mem) ≡ \old(val)
FRAMAC_SHARE/libc	__fc_gcc_builtins.h	304	__atomic_store_2	assigns clause	Considered valid	assigns *mem;
FRAMAC_SHARE/libc	__fc_gcc_builtins.h	304	__atomic_store_2	from clause	Considered valid	assigns *mem \from val, (indirect: model);
FRAMAC_SHARE/libc	__fc_gcc_builtins.h	305	__atomic_store_2	postcondition	Considered valid	initialization: \initialized(\old(mem))
FRAMAC_SHARE/libc	__fc_gcc_builtins.h	306	__atomic_store_2	postcondition	Considered valid	store_value: *\old(mem) ≡ \old(val)
FRAMAC_SHARE/libc	__fc_gcc_builtins.h	312	__atomic_store_4	assigns clause	Considered valid	assigns *mem;
FRAMAC_SHARE/libc	__fc_gcc_builtins.h	312	__atomic_store_4	from clause	Considered valid	assigns *mem \from val, (indirect: model);
FRAMAC_SHARE/libc	__fc_gcc_builtins.h	313	__atomic_store_4	postcondition	Considered valid	initialization: \initialized(\old(mem))
FRAMAC_SHARE/libc	__fc_gcc_builtins.h	314	__atomic_store_4	postcondition	Considered valid	store_value: *\old(mem) ≡ \old(val)
FRAMAC_SHARE/libc	__fc_gcc_builtins.h	320	__atomic_store_8	assigns clause	Considered valid	assigns *mem;
FRAMAC_SHARE/libc	__fc_gcc_builtins.h	320	__atomic_store_8	from clause	Considered valid	assigns *mem \from val, (indirect: model);
FRAMAC_SHARE/libc	__fc_gcc_builtins.h	321	__atomic_store_8	postcondition	Considered valid	initialization: \initialized(\old(mem))
FRAMAC_SHARE/libc	__fc_gcc_builtins.h	322	__atomic_store_8	postcondition	Considered valid	store_value: *\old(mem) ≡ \old(val)
FRAMAC_SHARE/libc	__fc_gcc_builtins.h	328	__atomic_exchange_1	assigns clause	Considered valid	assigns *mem, \result;
FRAMAC_SHARE/libc	__fc_gcc_builtins.h	328	__atomic_exchange_1	from clause	Considered valid	assigns *mem \from val, (indirect: model);
FRAMAC_SHARE/libc	__fc_gcc_builtins.h	329	__atomic_exchange_1	from clause	Considered valid	assigns \result \from *mem, (indirect: model);
FRAMAC_SHARE/libc	__fc_gcc_builtins.h	335	__atomic_exchange_2	assigns clause	Considered valid	assigns *mem, \result;
FRAMAC_SHARE/libc	__fc_gcc_builtins.h	335	__atomic_exchange_2	from clause	Considered valid	assigns *mem \from val, (indirect: model);
FRAMAC_SHARE/libc	__fc_gcc_builtins.h	336	__atomic_exchange_2	from clause	Considered valid	assigns \result \from *mem, (indirect: model);
FRAMAC_SHARE/libc	__fc_gcc_builtins.h	342	__atomic_exchange_4	assigns clause	Considered valid	assigns *mem, \result;
FRAMAC_SHARE/libc	__fc_gcc_builtins.h	342	__atomic_exchange_4	from clause	Considered valid	assigns *mem \from val, (indirect: model);
FRAMAC_SHARE/libc	__fc_gcc_builtins.h	343	__atomic_exchange_4	from clause	Considered valid	assigns \result \from *mem, (indirect: model);
FRAMAC_SHARE/libc	__fc_gcc_builtins.h	349	__atomic_exchange_8	assigns clause	Considered valid	assigns *mem, \result;
FRAMAC_SHARE/libc	__fc_gcc_builtins.h	349	__atomic_exchange_8	from clause	Considered valid	assigns *mem \from val, (indirect: model);
FRAMAC_SHARE/libc	__fc_gcc_builtins.h	350	__atomic_exchange_8	from clause	Considered valid	assigns \result \from *mem, (indirect: model);
FRAMAC_SHARE/libc	__fc_gcc_builtins.h	358	__atomic_compare_exchange_1	assigns clause	Considered valid	assigns *mem, *expected, \result;
FRAMAC_SHARE/libc	__fc_gcc_builtins.h	358	__atomic_compare_exchange_1	from clause	Considered valid	assigns *mem \from *mem, desired, (indirect: *expected), (indirect: success_model), (indirect: weak);
FRAMAC_SHARE/libc	__fc_gcc_builtins.h	360	__atomic_compare_exchange_1	from clause	Considered valid	assigns *expected \from *expected, *mem, (indirect: desired), (indirect: failure_model), (indirect: weak);
FRAMAC_SHARE/libc	__fc_gcc_builtins.h	362	__atomic_compare_exchange_1	from clause	Considered valid	assigns \result \from (indirect: *mem), (indirect: *expected);
FRAMAC_SHARE/libc	__fc_gcc_builtins.h	375	__atomic_compare_exchange_2	assigns clause	Considered valid	assigns *mem, *expected, \result;
FRAMAC_SHARE/libc	__fc_gcc_builtins.h	375	__atomic_compare_exchange_2	from clause	Considered valid	assigns *mem \from *mem, desired, (indirect: *expected), (indirect: success_model), (indirect: weak);
FRAMAC_SHARE/libc	__fc_gcc_builtins.h	377	__atomic_compare_exchange_2	from clause	Considered valid	assigns *expected \from *expected, *mem, (indirect: desired), (indirect: failure_model), (indirect: weak);
FRAMAC_SHARE/libc	__fc_gcc_builtins.h	379	__atomic_compare_exchange_2	from clause	Considered valid	assigns \result \from (indirect: *mem), (indirect: *expected);
FRAMAC_SHARE/libc	__fc_gcc_builtins.h	392	__atomic_compare_exchange_4	assigns clause	Considered valid	assigns *mem, *expected, \result;
FRAMAC_SHARE/libc	__fc_gcc_builtins.h	392	__atomic_compare_exchange_4	from clause	Considered valid	assigns *mem \from *mem, desired, (indirect: *expected), (indirect: success_model), (indirect: weak);
FRAMAC_SHARE/libc	__fc_gcc_builtins.h	394	__atomic_compare_exchange_4	from clause	Considered valid	assigns *expected \from *expected, *mem, (indirect: desired), (indirect: failure_model), (indirect: weak);
FRAMAC_SHARE/libc	__fc_gcc_builtins.h	396	__atomic_compare_exchange_4	from clause	Considered valid	assigns \result \from (indirect: *mem), (indirect: *expected);
FRAMAC_SHARE/libc	__fc_gcc_builtins.h	409	__atomic_compare_exchange_8	assigns clause	Considered valid	assigns *mem, *expected, \result;
FRAMAC_SHARE/libc	__fc_gcc_builtins.h	409	__atomic_compare_exchange_8	from clause	Considered valid	assigns *mem \from *mem, desired, (indirect: *expected), (indirect: success_model), (indirect: weak);
FRAMAC_SHARE/libc	__fc_gcc_builtins.h	411	__atomic_compare_exchange_8	from clause	Considered valid	assigns *expected \from *expected, *mem, (indirect: desired), (indirect: failure_model), (indirect: weak);
FRAMAC_SHARE/libc	__fc_gcc_builtins.h	413	__atomic_compare_exchange_8	from clause	Considered valid	assigns \result \from (indirect: *mem), (indirect: *expected);
FRAMAC_SHARE/libc	__fc_gcc_builtins.h	424	__atomic_add_fetch_1	assigns clause	Considered valid	assigns \result, *ptr;
FRAMAC_SHARE/libc	__fc_gcc_builtins.h	424	__atomic_add_fetch_1	from clause	Considered valid	assigns \result \from *ptr, val, (indirect: model);
FRAMAC_SHARE/libc	__fc_gcc_builtins.h	424	__atomic_add_fetch_1	from clause	Considered valid	assigns *ptr \from *ptr, val, (indirect: model);
FRAMAC_SHARE/libc	__fc_gcc_builtins.h	430	__atomic_sub_fetch_1	assigns clause	Considered valid	assigns \result, *ptr;
FRAMAC_SHARE/libc	__fc_gcc_builtins.h	430	__atomic_sub_fetch_1	from clause	Considered valid	assigns \result \from *ptr, val, (indirect: model);
FRAMAC_SHARE/libc	__fc_gcc_builtins.h	430	__atomic_sub_fetch_1	from clause	Considered valid	assigns *ptr \from *ptr, val, (indirect: model);
FRAMAC_SHARE/libc	__fc_gcc_builtins.h	436	__atomic_and_fetch_1	assigns clause	Considered valid	assigns \result, *ptr;
FRAMAC_SHARE/libc	__fc_gcc_builtins.h	436	__atomic_and_fetch_1	from clause	Considered valid	assigns \result \from *ptr, val, (indirect: model);
FRAMAC_SHARE/libc	__fc_gcc_builtins.h	436	__atomic_and_fetch_1	from clause	Considered valid	assigns *ptr \from *ptr, val, (indirect: model);
FRAMAC_SHARE/libc	__fc_gcc_builtins.h	442	__atomic_xor_fetch_1	assigns clause	Considered valid	assigns \result, *ptr;
FRAMAC_SHARE/libc	__fc_gcc_builtins.h	442	__atomic_xor_fetch_1	from clause	Considered valid	assigns \result \from *ptr, val, (indirect: model);
FRAMAC_SHARE/libc	__fc_gcc_builtins.h	442	__atomic_xor_fetch_1	from clause	Considered valid	assigns *ptr \from *ptr, val, (indirect: model);
FRAMAC_SHARE/libc	__fc_gcc_builtins.h	448	__atomic_or_fetch_1	assigns clause	Considered valid	assigns \result, *ptr;
FRAMAC_SHARE/libc	__fc_gcc_builtins.h	448	__atomic_or_fetch_1	from clause	Considered valid	assigns \result \from *ptr, val, (indirect: model);
FRAMAC_SHARE/libc	__fc_gcc_builtins.h	448	__atomic_or_fetch_1	from clause	Considered valid	assigns *ptr \from *ptr, val, (indirect: model);
FRAMAC_SHARE/libc	__fc_gcc_builtins.h	454	__atomic_nand_fetch_1	assigns clause	Considered valid	assigns \result, *ptr;
FRAMAC_SHARE/libc	__fc_gcc_builtins.h	454	__atomic_nand_fetch_1	from clause	Considered valid	assigns \result \from *ptr, val, (indirect: model);
FRAMAC_SHARE/libc	__fc_gcc_builtins.h	454	__atomic_nand_fetch_1	from clause	Considered valid	assigns *ptr \from *ptr, val, (indirect: model);
FRAMAC_SHARE/libc	__fc_gcc_builtins.h	460	__atomic_add_fetch_2	assigns clause	Considered valid	assigns \result, *ptr;
FRAMAC_SHARE/libc	__fc_gcc_builtins.h	460	__atomic_add_fetch_2	from clause	Considered valid	assigns \result \from *ptr, val, (indirect: model);
FRAMAC_SHARE/libc	__fc_gcc_builtins.h	460	__atomic_add_fetch_2	from clause	Considered valid	assigns *ptr \from *ptr, val, (indirect: model);
FRAMAC_SHARE/libc	__fc_gcc_builtins.h	466	__atomic_sub_fetch_2	assigns clause	Considered valid	assigns \result, *ptr;
FRAMAC_SHARE/libc	__fc_gcc_builtins.h	466	__atomic_sub_fetch_2	from clause	Considered valid	assigns \result \from *ptr, val, (indirect: model);
FRAMAC_SHARE/libc	__fc_gcc_builtins.h	466	__atomic_sub_fetch_2	from clause	Considered valid	assigns *ptr \from *ptr, val, (indirect: model);
FRAMAC_SHARE/libc	__fc_gcc_builtins.h	472	__atomic_and_fetch_2	assigns clause	Considered valid	assigns \result, *ptr;
FRAMAC_SHARE/libc	__fc_gcc_builtins.h	472	__atomic_and_fetch_2	from clause	Considered valid	assigns \result \from *ptr, val, (indirect: model);
FRAMAC_SHARE/libc	__fc_gcc_builtins.h	472	__atomic_and_fetch_2	from clause	Considered valid	assigns *ptr \from *ptr, val, (indirect: model);
FRAMAC_SHARE/libc	__fc_gcc_builtins.h	478	__atomic_xor_fetch_2	assigns clause	Considered valid	assigns \result, *ptr;
FRAMAC_SHARE/libc	__fc_gcc_builtins.h	478	__atomic_xor_fetch_2	from clause	Considered valid	assigns \result \from *ptr, val, (indirect: model);
FRAMAC_SHARE/libc	__fc_gcc_builtins.h	478	__atomic_xor_fetch_2	from clause	Considered valid	assigns *ptr \from *ptr, val, (indirect: model);
FRAMAC_SHARE/libc	__fc_gcc_builtins.h	484	__atomic_or_fetch_2	assigns clause	Considered valid	assigns \result, *ptr;
FRAMAC_SHARE/libc	__fc_gcc_builtins.h	484	__atomic_or_fetch_2	from clause	Considered valid	assigns \result \from *ptr, val, (indirect: model);
FRAMAC_SHARE/libc	__fc_gcc_builtins.h	484	__atomic_or_fetch_2	from clause	Considered valid	assigns *ptr \from *ptr, val, (indirect: model);
FRAMAC_SHARE/libc	__fc_gcc_builtins.h	490	__atomic_nand_fetch_2	assigns clause	Considered valid	assigns \result, *ptr;
FRAMAC_SHARE/libc	__fc_gcc_builtins.h	490	__atomic_nand_fetch_2	from clause	Considered valid	assigns \result \from *ptr, val, (indirect: model);
FRAMAC_SHARE/libc	__fc_gcc_builtins.h	490	__atomic_nand_fetch_2	from clause	Considered valid	assigns *ptr \from *ptr, val, (indirect: model);
FRAMAC_SHARE/libc	__fc_gcc_builtins.h	496	__atomic_add_fetch_4	assigns clause	Considered valid	assigns \result, *ptr;
FRAMAC_SHARE/libc	__fc_gcc_builtins.h	496	__atomic_add_fetch_4	from clause	Considered valid	assigns \result \from *ptr, val, (indirect: model);
FRAMAC_SHARE/libc	__fc_gcc_builtins.h	496	__atomic_add_fetch_4	from clause	Considered valid	assigns *ptr \from *ptr, val, (indirect: model);
FRAMAC_SHARE/libc	__fc_gcc_builtins.h	502	__atomic_sub_fetch_4	assigns clause	Considered valid	assigns \result, *ptr;
FRAMAC_SHARE/libc	__fc_gcc_builtins.h	502	__atomic_sub_fetch_4	from clause	Considered valid	assigns \result \from *ptr, val, (indirect: model);
FRAMAC_SHARE/libc	__fc_gcc_builtins.h	502	__atomic_sub_fetch_4	from clause	Considered valid	assigns *ptr \from *ptr, val, (indirect: model);
FRAMAC_SHARE/libc	__fc_gcc_builtins.h	508	__atomic_and_fetch_4	assigns clause	Considered valid	assigns \result, *ptr;
FRAMAC_SHARE/libc	__fc_gcc_builtins.h	508	__atomic_and_fetch_4	from clause	Considered valid	assigns \result \from *ptr, val, (indirect: model);
FRAMAC_SHARE/libc	__fc_gcc_builtins.h	508	__atomic_and_fetch_4	from clause	Considered valid	assigns *ptr \from *ptr, val, (indirect: model);
FRAMAC_SHARE/libc	__fc_gcc_builtins.h	514	__atomic_xor_fetch_4	assigns clause	Considered valid	assigns \result, *ptr;
FRAMAC_SHARE/libc	__fc_gcc_builtins.h	514	__atomic_xor_fetch_4	from clause	Considered valid	assigns \result \from *ptr, val, (indirect: model);
FRAMAC_SHARE/libc	__fc_gcc_builtins.h	514	__atomic_xor_fetch_4	from clause	Considered valid	assigns *ptr \from *ptr, val, (indirect: model);
FRAMAC_SHARE/libc	__fc_gcc_builtins.h	520	__atomic_or_fetch_4	assigns clause	Considered valid	assigns \result, *ptr;
FRAMAC_SHARE/libc	__fc_gcc_builtins.h	520	__atomic_or_fetch_4	from clause	Considered valid	assigns \result \from *ptr, val, (indirect: model);
FRAMAC_SHARE/libc	__fc_gcc_builtins.h	520	__atomic_or_fetch_4	from clause	Considered valid	assigns *ptr \from *ptr, val, (indirect: model);
FRAMAC_SHARE/libc	__fc_gcc_builtins.h	526	__atomic_nand_fetch_4	assigns clause	Considered valid	assigns \result, *ptr;
FRAMAC_SHARE/libc	__fc_gcc_builtins.h	526	__atomic_nand_fetch_4	from clause	Considered valid	assigns \result \from *ptr, val, (indirect: model);
FRAMAC_SHARE/libc	__fc_gcc_builtins.h	526	__atomic_nand_fetch_4	from clause	Considered valid	assigns *ptr \from *ptr, val, (indirect: model);
FRAMAC_SHARE/libc	__fc_gcc_builtins.h	532	__atomic_add_fetch_8	assigns clause	Considered valid	assigns \result, *ptr;
FRAMAC_SHARE/libc	__fc_gcc_builtins.h	532	__atomic_add_fetch_8	from clause	Considered valid	assigns \result \from *ptr, val, (indirect: model);
FRAMAC_SHARE/libc	__fc_gcc_builtins.h	532	__atomic_add_fetch_8	from clause	Considered valid	assigns *ptr \from *ptr, val, (indirect: model);
FRAMAC_SHARE/libc	__fc_gcc_builtins.h	538	__atomic_sub_fetch_8	assigns clause	Considered valid	assigns \result, *ptr;
FRAMAC_SHARE/libc	__fc_gcc_builtins.h	538	__atomic_sub_fetch_8	from clause	Considered valid	assigns \result \from *ptr, val, (indirect: model);
FRAMAC_SHARE/libc	__fc_gcc_builtins.h	538	__atomic_sub_fetch_8	from clause	Considered valid	assigns *ptr \from *ptr, val, (indirect: model);
FRAMAC_SHARE/libc	__fc_gcc_builtins.h	544	__atomic_and_fetch_8	assigns clause	Considered valid	assigns \result, *ptr;
FRAMAC_SHARE/libc	__fc_gcc_builtins.h	544	__atomic_and_fetch_8	from clause	Considered valid	assigns \result \from *ptr, val, (indirect: model);
FRAMAC_SHARE/libc	__fc_gcc_builtins.h	544	__atomic_and_fetch_8	from clause	Considered valid	assigns *ptr \from *ptr, val, (indirect: model);
FRAMAC_SHARE/libc	__fc_gcc_builtins.h	550	__atomic_xor_fetch_8	assigns clause	Considered valid	assigns \result, *ptr;
FRAMAC_SHARE/libc	__fc_gcc_builtins.h	550	__atomic_xor_fetch_8	from clause	Considered valid	assigns \result \from *ptr, val, (indirect: model);
FRAMAC_SHARE/libc	__fc_gcc_builtins.h	550	__atomic_xor_fetch_8	from clause	Considered valid	assigns *ptr \from *ptr, val, (indirect: model);
FRAMAC_SHARE/libc	__fc_gcc_builtins.h	556	__atomic_or_fetch_8	assigns clause	Considered valid	assigns \result, *ptr;
FRAMAC_SHARE/libc	__fc_gcc_builtins.h	556	__atomic_or_fetch_8	from clause	Considered valid	assigns \result \from *ptr, val, (indirect: model);
FRAMAC_SHARE/libc	__fc_gcc_builtins.h	556	__atomic_or_fetch_8	from clause	Considered valid	assigns *ptr \from *ptr, val, (indirect: model);
FRAMAC_SHARE/libc	__fc_gcc_builtins.h	562	__atomic_nand_fetch_8	assigns clause	Considered valid	assigns \result, *ptr;
FRAMAC_SHARE/libc	__fc_gcc_builtins.h	562	__atomic_nand_fetch_8	from clause	Considered valid	assigns \result \from *ptr, val, (indirect: model);
FRAMAC_SHARE/libc	__fc_gcc_builtins.h	562	__atomic_nand_fetch_8	from clause	Considered valid	assigns *ptr \from *ptr, val, (indirect: model);
FRAMAC_SHARE/libc	__fc_gcc_builtins.h	568	__atomic_fetch_add_1	assigns clause	Considered valid	assigns \result, *ptr;
FRAMAC_SHARE/libc	__fc_gcc_builtins.h	568	__atomic_fetch_add_1	from clause	Considered valid	assigns \result \from *ptr, val, (indirect: model);
FRAMAC_SHARE/libc	__fc_gcc_builtins.h	568	__atomic_fetch_add_1	from clause	Considered valid	assigns *ptr \from *ptr, val, (indirect: model);
FRAMAC_SHARE/libc	__fc_gcc_builtins.h	574	__atomic_fetch_sub_1	assigns clause	Considered valid	assigns \result, *ptr;
FRAMAC_SHARE/libc	__fc_gcc_builtins.h	574	__atomic_fetch_sub_1	from clause	Considered valid	assigns \result \from *ptr, val, (indirect: model);
FRAMAC_SHARE/libc	__fc_gcc_builtins.h	574	__atomic_fetch_sub_1	from clause	Considered valid	assigns *ptr \from *ptr, val, (indirect: model);
FRAMAC_SHARE/libc	__fc_gcc_builtins.h	580	__atomic_fetch_and_1	assigns clause	Considered valid	assigns \result, *ptr;
FRAMAC_SHARE/libc	__fc_gcc_builtins.h	580	__atomic_fetch_and_1	from clause	Considered valid	assigns \result \from *ptr, val, (indirect: model);
FRAMAC_SHARE/libc	__fc_gcc_builtins.h	580	__atomic_fetch_and_1	from clause	Considered valid	assigns *ptr \from *ptr, val, (indirect: model);
FRAMAC_SHARE/libc	__fc_gcc_builtins.h	586	__atomic_fetch_xor_1	assigns clause	Considered valid	assigns \result, *ptr;
FRAMAC_SHARE/libc	__fc_gcc_builtins.h	586	__atomic_fetch_xor_1	from clause	Considered valid	assigns \result \from *ptr, val, (indirect: model);
FRAMAC_SHARE/libc	__fc_gcc_builtins.h	586	__atomic_fetch_xor_1	from clause	Considered valid	assigns *ptr \from *ptr, val, (indirect: model);
FRAMAC_SHARE/libc	__fc_gcc_builtins.h	592	__atomic_fetch_or_1	assigns clause	Considered valid	assigns \result, *ptr;
FRAMAC_SHARE/libc	__fc_gcc_builtins.h	592	__atomic_fetch_or_1	from clause	Considered valid	assigns \result \from *ptr, val, (indirect: model);
FRAMAC_SHARE/libc	__fc_gcc_builtins.h	592	__atomic_fetch_or_1	from clause	Considered valid	assigns *ptr \from *ptr, val, (indirect: model);
FRAMAC_SHARE/libc	__fc_gcc_builtins.h	598	__atomic_fetch_nand_1	assigns clause	Considered valid	assigns \result, *ptr;
FRAMAC_SHARE/libc	__fc_gcc_builtins.h	598	__atomic_fetch_nand_1	from clause	Considered valid	assigns \result \from *ptr, val, (indirect: model);
FRAMAC_SHARE/libc	__fc_gcc_builtins.h	598	__atomic_fetch_nand_1	from clause	Considered valid	assigns *ptr \from *ptr, val, (indirect: model);
FRAMAC_SHARE/libc	__fc_gcc_builtins.h	604	__atomic_fetch_add_2	assigns clause	Considered valid	assigns \result, *ptr;
FRAMAC_SHARE/libc	__fc_gcc_builtins.h	604	__atomic_fetch_add_2	from clause	Considered valid	assigns \result \from *ptr, val, (indirect: model);
FRAMAC_SHARE/libc	__fc_gcc_builtins.h	604	__atomic_fetch_add_2	from clause	Considered valid	assigns *ptr \from *ptr, val, (indirect: model);
FRAMAC_SHARE/libc	__fc_gcc_builtins.h	610	__atomic_fetch_sub_2	assigns clause	Considered valid	assigns \result, *ptr;
FRAMAC_SHARE/libc	__fc_gcc_builtins.h	610	__atomic_fetch_sub_2	from clause	Considered valid	assigns \result \from *ptr, val, (indirect: model);
FRAMAC_SHARE/libc	__fc_gcc_builtins.h	610	__atomic_fetch_sub_2	from clause	Considered valid	assigns *ptr \from *ptr, val, (indirect: model);
FRAMAC_SHARE/libc	__fc_gcc_builtins.h	616	__atomic_fetch_and_2	assigns clause	Considered valid	assigns \result, *ptr;
FRAMAC_SHARE/libc	__fc_gcc_builtins.h	616	__atomic_fetch_and_2	from clause	Considered valid	assigns \result \from *ptr, val, (indirect: model);
FRAMAC_SHARE/libc	__fc_gcc_builtins.h	616	__atomic_fetch_and_2	from clause	Considered valid	assigns *ptr \from *ptr, val, (indirect: model);
FRAMAC_SHARE/libc	__fc_gcc_builtins.h	622	__atomic_fetch_xor_2	assigns clause	Considered valid	assigns \result, *ptr;
FRAMAC_SHARE/libc	__fc_gcc_builtins.h	622	__atomic_fetch_xor_2	from clause	Considered valid	assigns \result \from *ptr, val, (indirect: model);
FRAMAC_SHARE/libc	__fc_gcc_builtins.h	622	__atomic_fetch_xor_2	from clause	Considered valid	assigns *ptr \from *ptr, val, (indirect: model);
FRAMAC_SHARE/libc	__fc_gcc_builtins.h	628	__atomic_fetch_or_2	assigns clause	Considered valid	assigns \result, *ptr;
FRAMAC_SHARE/libc	__fc_gcc_builtins.h	628	__atomic_fetch_or_2	from clause	Considered valid	assigns \result \from *ptr, val, (indirect: model);
FRAMAC_SHARE/libc	__fc_gcc_builtins.h	628	__atomic_fetch_or_2	from clause	Considered valid	assigns *ptr \from *ptr, val, (indirect: model);
FRAMAC_SHARE/libc	__fc_gcc_builtins.h	634	__atomic_fetch_nand_2	assigns clause	Considered valid	assigns \result, *ptr;
FRAMAC_SHARE/libc	__fc_gcc_builtins.h	634	__atomic_fetch_nand_2	from clause	Considered valid	assigns \result \from *ptr, val, (indirect: model);
FRAMAC_SHARE/libc	__fc_gcc_builtins.h	634	__atomic_fetch_nand_2	from clause	Considered valid	assigns *ptr \from *ptr, val, (indirect: model);
FRAMAC_SHARE/libc	__fc_gcc_builtins.h	640	__atomic_fetch_add_4	assigns clause	Considered valid	assigns \result, *ptr;
FRAMAC_SHARE/libc	__fc_gcc_builtins.h	640	__atomic_fetch_add_4	from clause	Considered valid	assigns \result \from *ptr, val, (indirect: model);
FRAMAC_SHARE/libc	__fc_gcc_builtins.h	640	__atomic_fetch_add_4	from clause	Considered valid	assigns *ptr \from *ptr, val, (indirect: model);
FRAMAC_SHARE/libc	__fc_gcc_builtins.h	646	__atomic_fetch_sub_4	assigns clause	Considered valid	assigns \result, *ptr;
FRAMAC_SHARE/libc	__fc_gcc_builtins.h	646	__atomic_fetch_sub_4	from clause	Considered valid	assigns \result \from *ptr, val, (indirect: model);
FRAMAC_SHARE/libc	__fc_gcc_builtins.h	646	__atomic_fetch_sub_4	from clause	Considered valid	assigns *ptr \from *ptr, val, (indirect: model);
FRAMAC_SHARE/libc	__fc_gcc_builtins.h	652	__atomic_fetch_and_4	assigns clause	Considered valid	assigns \result, *ptr;
FRAMAC_SHARE/libc	__fc_gcc_builtins.h	652	__atomic_fetch_and_4	from clause	Considered valid	assigns \result \from *ptr, val, (indirect: model);
FRAMAC_SHARE/libc	__fc_gcc_builtins.h	652	__atomic_fetch_and_4	from clause	Considered valid	assigns *ptr \from *ptr, val, (indirect: model);
FRAMAC_SHARE/libc	__fc_gcc_builtins.h	658	__atomic_fetch_xor_4	assigns clause	Considered valid	assigns \result, *ptr;
FRAMAC_SHARE/libc	__fc_gcc_builtins.h	658	__atomic_fetch_xor_4	from clause	Considered valid	assigns \result \from *ptr, val, (indirect: model);
FRAMAC_SHARE/libc	__fc_gcc_builtins.h	658	__atomic_fetch_xor_4	from clause	Considered valid	assigns *ptr \from *ptr, val, (indirect: model);
FRAMAC_SHARE/libc	__fc_gcc_builtins.h	664	__atomic_fetch_or_4	assigns clause	Considered valid	assigns \result, *ptr;
FRAMAC_SHARE/libc	__fc_gcc_builtins.h	664	__atomic_fetch_or_4	from clause	Considered valid	assigns \result \from *ptr, val, (indirect: model);
FRAMAC_SHARE/libc	__fc_gcc_builtins.h	664	__atomic_fetch_or_4	from clause	Considered valid	assigns *ptr \from *ptr, val, (indirect: model);
FRAMAC_SHARE/libc	__fc_gcc_builtins.h	670	__atomic_fetch_nand_4	assigns clause	Considered valid	assigns \result, *ptr;
FRAMAC_SHARE/libc	__fc_gcc_builtins.h	670	__atomic_fetch_nand_4	from clause	Considered valid	assigns \result \from *ptr, val, (indirect: model);
FRAMAC_SHARE/libc	__fc_gcc_builtins.h	670	__atomic_fetch_nand_4	from clause	Considered valid	assigns *ptr \from *ptr, val, (indirect: model);
FRAMAC_SHARE/libc	__fc_gcc_builtins.h	676	__atomic_fetch_add_8	assigns clause	Considered valid	assigns \result, *ptr;
FRAMAC_SHARE/libc	__fc_gcc_builtins.h	676	__atomic_fetch_add_8	from clause	Considered valid	assigns \result \from *ptr, val, (indirect: model);
FRAMAC_SHARE/libc	__fc_gcc_builtins.h	676	__atomic_fetch_add_8	from clause	Considered valid	assigns *ptr \from *ptr, val, (indirect: model);
FRAMAC_SHARE/libc	__fc_gcc_builtins.h	682	__atomic_fetch_sub__8	assigns clause	Considered valid	assigns \result, *ptr;
FRAMAC_SHARE/libc	__fc_gcc_builtins.h	682	__atomic_fetch_sub__8	from clause	Considered valid	assigns \result \from *ptr, val, (indirect: model);
FRAMAC_SHARE/libc	__fc_gcc_builtins.h	682	__atomic_fetch_sub__8	from clause	Considered valid	assigns *ptr \from *ptr, val, (indirect: model);
FRAMAC_SHARE/libc	__fc_gcc_builtins.h	688	__atomic_fetch_and_8	assigns clause	Considered valid	assigns \result, *ptr;
FRAMAC_SHARE/libc	__fc_gcc_builtins.h	688	__atomic_fetch_and_8	from clause	Considered valid	assigns \result \from *ptr, val, (indirect: model);
FRAMAC_SHARE/libc	__fc_gcc_builtins.h	688	__atomic_fetch_and_8	from clause	Considered valid	assigns *ptr \from *ptr, val, (indirect: model);
FRAMAC_SHARE/libc	__fc_gcc_builtins.h	694	__atomic_fetch_xor_8	assigns clause	Considered valid	assigns \result, *ptr;
FRAMAC_SHARE/libc	__fc_gcc_builtins.h	694	__atomic_fetch_xor_8	from clause	Considered valid	assigns \result \from *ptr, val, (indirect: model);
FRAMAC_SHARE/libc	__fc_gcc_builtins.h	694	__atomic_fetch_xor_8	from clause	Considered valid	assigns *ptr \from *ptr, val, (indirect: model);
FRAMAC_SHARE/libc	__fc_gcc_builtins.h	700	__atomic_fetch_or_8	assigns clause	Considered valid	assigns \result, *ptr;
FRAMAC_SHARE/libc	__fc_gcc_builtins.h	700	__atomic_fetch_or_8	from clause	Considered valid	assigns \result \from *ptr, val, (indirect: model);
FRAMAC_SHARE/libc	__fc_gcc_builtins.h	700	__atomic_fetch_or_8	from clause	Considered valid	assigns *ptr \from *ptr, val, (indirect: model);
FRAMAC_SHARE/libc	__fc_gcc_builtins.h	706	__atomic_fetch_nand_8	assigns clause	Considered valid	assigns \result, *ptr;
FRAMAC_SHARE/libc	__fc_gcc_builtins.h	706	__atomic_fetch_nand_8	from clause	Considered valid	assigns \result \from *ptr, val, (indirect: model);
FRAMAC_SHARE/libc	__fc_gcc_builtins.h	706	__atomic_fetch_nand_8	from clause	Considered valid	assigns *ptr \from *ptr, val, (indirect: model);
FRAMAC_SHARE/libc	__fc_gcc_builtins.h	711	__atomic_test_and_set	assigns clause	Considered valid	assigns \result, *((char *)ptr);
FRAMAC_SHARE/libc	__fc_gcc_builtins.h	711	__atomic_test_and_set	from clause	Considered valid	assigns \result \from *((char *)ptr);
FRAMAC_SHARE/libc	__fc_gcc_builtins.h	712	__atomic_test_and_set	from clause	Considered valid	assigns *((char *)ptr) \from \nothing;
FRAMAC_SHARE/libc	__fc_gcc_builtins.h	717	__atomic_clear	assigns clause	Considered valid	assigns *ptr;
FRAMAC_SHARE/libc	__fc_gcc_builtins.h	717	__atomic_clear	from clause	Considered valid	assigns *ptr \from \nothing;
FRAMAC_SHARE/libc	__fc_gcc_builtins.h	722	__atomic_thread_fence	assigns clause	Considered valid	assigns \nothing;
FRAMAC_SHARE/libc	__fc_gcc_builtins.h	725	__atomic_signal_fence	assigns clause	Considered valid	assigns \nothing;
FRAMAC_SHARE/libc	__fc_gcc_builtins.h	727	__atomic_always_lock_free	from clause	Considered valid	assigns \result \from (indirect: size), (indirect: ptr);
FRAMAC_SHARE/libc	__fc_gcc_builtins.h	728	__atomic_always_lock_free	assigns clause	Considered valid	assigns \nothing;
FRAMAC_SHARE/libc	__fc_gcc_builtins.h	730	__atomic_is_lock_free	from clause	Considered valid	assigns \result \from (indirect: size), (indirect: ptr);
FRAMAC_SHARE/libc	__fc_gcc_builtins.h	731	__atomic_is_lock_free	assigns clause	Considered valid	assigns \nothing;
FRAMAC_SHARE/libc	__fc_gcc_builtins.h	738	__sync_synchronize	assigns clause	Considered valid	assigns \nothing;
FRAMAC_SHARE/libc	alloca.h	39	alloca	assigns clause	Considered valid	assigns __fc_stack_status, \result;
FRAMAC_SHARE/libc	alloca.h	39	alloca	from clause	Considered valid	assigns __fc_stack_status \from __size, __fc_stack_status;
FRAMAC_SHARE/libc	alloca.h	40	alloca	from clause	Considered valid	assigns \result \from (indirect: __size), (indirect: __fc_stack_status);
FRAMAC_SHARE/libc	alloca.h	41	alloca	postcondition	Considered valid	allocation: \fresh{Old, Here}(\result,\old(__size))
FRAMAC_SHARE/libc	math.h	70	__fc_fpclassifyf	from clause	Considered valid	assigns \result \from x;
FRAMAC_SHARE/libc	math.h	73	__fc_fpclassifyf	postcondition	Considered valid	fp_nan: \result ≡ 0
FRAMAC_SHARE/libc	math.h	76	__fc_fpclassifyf	postcondition	Considered valid	fp_infinite: \result ≡ 1
FRAMAC_SHARE/libc	math.h	79	__fc_fpclassifyf	postcondition	Considered valid	fp_zero: \result ≡ 2
FRAMAC_SHARE/libc	math.h	83	__fc_fpclassifyf	postcondition	Considered valid	fp_subnormal: \result ≡ 3
FRAMAC_SHARE/libc	math.h	87	__fc_fpclassifyf	postcondition	Considered valid	fp_normal: \result ≡ 4
FRAMAC_SHARE/libc	math.h	91	__fc_fpclassifyf	assigns clause	Considered valid	assigns \nothing;
FRAMAC_SHARE/libc	math.h	94	__fc_fpclassify	from clause	Considered valid	assigns \result \from x;
FRAMAC_SHARE/libc	math.h	97	__fc_fpclassify	postcondition	Considered valid	fp_nan: \result ≡ 0
FRAMAC_SHARE/libc	math.h	100	__fc_fpclassify	postcondition	Considered valid	fp_infinite: \result ≡ 1
FRAMAC_SHARE/libc	math.h	103	__fc_fpclassify	postcondition	Considered valid	fp_zero: \result ≡ 2
FRAMAC_SHARE/libc	math.h	107	__fc_fpclassify	postcondition	Considered valid	fp_subnormal: \result ≡ 3
FRAMAC_SHARE/libc	math.h	111	__fc_fpclassify	postcondition	Considered valid	fp_normal: \result ≡ 4
FRAMAC_SHARE/libc	math.h	115	__fc_fpclassify	assigns clause	Considered valid	assigns \nothing;
FRAMAC_SHARE/libc	math.h	135	acos	from clause	Considered valid	assigns \result \from x;
FRAMAC_SHARE/libc	math.h	136	acos	postcondition	Considered valid	positive_result: \is_finite(\result) ∧ \result ≥ 0
FRAMAC_SHARE/libc	math.h	137	acos	postcondition	Considered valid	no_error: __fc_errno ≡ \old(__fc_errno)
FRAMAC_SHARE/libc	math.h	150	acos	assigns clause	Considered valid	assigns \nothing;
FRAMAC_SHARE/libc	math.h	156	acosf	from clause	Considered valid	assigns \result \from x;
FRAMAC_SHARE/libc	math.h	157	acosf	postcondition	Considered valid	positive_result: \is_finite(\result) ∧ \result ≥ 0
FRAMAC_SHARE/libc	math.h	158	acosf	postcondition	Considered valid	no_error: __fc_errno ≡ \old(__fc_errno)
FRAMAC_SHARE/libc	math.h	171	acosf	assigns clause	Considered valid	assigns \nothing;
FRAMAC_SHARE/libc	math.h	177	acosl	from clause	Considered valid	assigns \result \from x;
FRAMAC_SHARE/libc	math.h	178	acosl	postcondition	Considered valid	positive_result: \is_finite(\result) ∧ \result ≥ 0
FRAMAC_SHARE/libc	math.h	179	acosl	postcondition	Considered valid	no_error: __fc_errno ≡ \old(__fc_errno)
FRAMAC_SHARE/libc	math.h	192	acosl	assigns clause	Considered valid	assigns \nothing;
FRAMAC_SHARE/libc	math.h	198	asin	from clause	Considered valid	assigns \result \from x;
FRAMAC_SHARE/libc	math.h	199	asin	postcondition	Considered valid	finite_result: \is_finite(\result)
FRAMAC_SHARE/libc	math.h	200	asin	postcondition	Considered valid	no_error: __fc_errno ≡ \old(__fc_errno)
FRAMAC_SHARE/libc	math.h	213	asin	assigns clause	Considered valid	assigns \nothing;
FRAMAC_SHARE/libc	math.h	219	asinf	from clause	Considered valid	assigns \result \from x;
FRAMAC_SHARE/libc	math.h	220	asinf	postcondition	Considered valid	finite_result: \is_finite(\result)
FRAMAC_SHARE/libc	math.h	221	asinf	postcondition	Considered valid	no_error: __fc_errno ≡ \old(__fc_errno)
FRAMAC_SHARE/libc	math.h	234	asinf	assigns clause	Considered valid	assigns \nothing;
FRAMAC_SHARE/libc	math.h	240	asinl	from clause	Considered valid	assigns \result \from x;
FRAMAC_SHARE/libc	math.h	241	asinl	postcondition	Considered valid	finite_result: \is_finite(\result)
FRAMAC_SHARE/libc	math.h	242	asinl	postcondition	Considered valid	no_error: __fc_errno ≡ \old(__fc_errno)
FRAMAC_SHARE/libc	math.h	255	asinl	assigns clause	Considered valid	assigns \nothing;
FRAMAC_SHARE/libc	math.h	258	atanf	from clause	Considered valid	assigns \result \from x;
FRAMAC_SHARE/libc	math.h	261	atanf	postcondition	Considered valid	finite_result: \is_finite(\result)
FRAMAC_SHARE/libc	math.h	262	atanf	postcondition	Considered valid	result_domain: -1.571 ≤ \result ≤ 1.571
FRAMAC_SHARE/libc	math.h	269	atanf	assigns clause	Considered valid	assigns \nothing;
FRAMAC_SHARE/libc	math.h	272	atan	from clause	Considered valid	assigns \result \from x;
FRAMAC_SHARE/libc	math.h	275	atan	postcondition	Considered valid	finite_result: \is_finite(\result)
FRAMAC_SHARE/libc	math.h	276	atan	postcondition	Considered valid	result_domain: -1.571 ≤ \result ≤ 1.571
FRAMAC_SHARE/libc	math.h	283	atan	assigns clause	Considered valid	assigns \nothing;
FRAMAC_SHARE/libc	math.h	286	atanl	from clause	Considered valid	assigns \result \from x;
FRAMAC_SHARE/libc	math.h	289	atanl	postcondition	Considered valid	finite_result: \is_finite(\result)
FRAMAC_SHARE/libc	math.h	290	atanl	postcondition	Considered valid	result_domain: -1.571 ≤ \result ≤ 1.571
FRAMAC_SHARE/libc	math.h	297	atanl	assigns clause	Considered valid	assigns \nothing;
FRAMAC_SHARE/libc	math.h	300	atan2	from clause	Considered valid	assigns \result \from x, y;
FRAMAC_SHARE/libc	math.h	303	atan2	postcondition	Considered valid	finite_result: \is_finite(\result)
FRAMAC_SHARE/libc	math.h	310	atan2	assigns clause	Considered valid	assigns \nothing;
FRAMAC_SHARE/libc	math.h	313	atan2f	from clause	Considered valid	assigns \result \from x, y;
FRAMAC_SHARE/libc	math.h	316	atan2f	postcondition	Considered valid	finite_result: \is_finite(\result)
FRAMAC_SHARE/libc	math.h	323	atan2f	assigns clause	Considered valid	assigns \nothing;
FRAMAC_SHARE/libc	math.h	326	atan2l	from clause	Considered valid	assigns \result \from x, y;
FRAMAC_SHARE/libc	math.h	329	atan2l	postcondition	Considered valid	finite_result: \is_finite(\result)
FRAMAC_SHARE/libc	math.h	336	atan2l	assigns clause	Considered valid	assigns \nothing;
FRAMAC_SHARE/libc	math.h	342	cos	from clause	Considered valid	assigns \result \from x;
FRAMAC_SHARE/libc	math.h	343	cos	postcondition	Considered valid	finite_result: \is_finite(\result)
FRAMAC_SHARE/libc	math.h	344	cos	postcondition	Considered valid	result_domain: -1. ≤ \result ≤ 1.
FRAMAC_SHARE/libc	math.h	345	cos	postcondition	Considered valid	no_error: __fc_errno ≡ \old(__fc_errno)
FRAMAC_SHARE/libc	math.h	358	cos	assigns clause	Considered valid	assigns \nothing;
FRAMAC_SHARE/libc	math.h	364	cosf	from clause	Considered valid	assigns \result \from x;
FRAMAC_SHARE/libc	math.h	365	cosf	postcondition	Considered valid	finite_result: \is_finite(\result)
FRAMAC_SHARE/libc	math.h	366	cosf	postcondition	Considered valid	result_domain: -1. ≤ \result ≤ 1.
FRAMAC_SHARE/libc	math.h	367	cosf	postcondition	Considered valid	no_error: __fc_errno ≡ \old(__fc_errno)
FRAMAC_SHARE/libc	math.h	380	cosf	assigns clause	Considered valid	assigns \nothing;
FRAMAC_SHARE/libc	math.h	386	cosl	from clause	Considered valid	assigns \result \from x;
FRAMAC_SHARE/libc	math.h	387	cosl	postcondition	Considered valid	finite_result: \is_finite(\result)
FRAMAC_SHARE/libc	math.h	388	cosl	postcondition	Considered valid	result_domain: -1. ≤ \result ≤ 1.
FRAMAC_SHARE/libc	math.h	389	cosl	postcondition	Considered valid	no_error: __fc_errno ≡ \old(__fc_errno)
FRAMAC_SHARE/libc	math.h	402	cosl	assigns clause	Considered valid	assigns \nothing;
FRAMAC_SHARE/libc	math.h	408	sin	from clause	Considered valid	assigns \result \from x;
FRAMAC_SHARE/libc	math.h	409	sin	postcondition	Considered valid	finite_result: \is_finite(\result)
FRAMAC_SHARE/libc	math.h	410	sin	postcondition	Considered valid	result_domain: -1. ≤ \result ≤ 1.
FRAMAC_SHARE/libc	math.h	411	sin	postcondition	Considered valid	no_error: __fc_errno ≡ \old(__fc_errno)
FRAMAC_SHARE/libc	math.h	424	sin	assigns clause	Considered valid	assigns \nothing;
FRAMAC_SHARE/libc	math.h	430	sinf	from clause	Considered valid	assigns \result \from x;
FRAMAC_SHARE/libc	math.h	431	sinf	postcondition	Considered valid	finite_result: \is_finite(\result)
FRAMAC_SHARE/libc	math.h	432	sinf	postcondition	Considered valid	result_domain: -1. ≤ \result ≤ 1.
FRAMAC_SHARE/libc	math.h	433	sinf	postcondition	Considered valid	no_error: __fc_errno ≡ \old(__fc_errno)
FRAMAC_SHARE/libc	math.h	446	sinf	assigns clause	Considered valid	assigns \nothing;
FRAMAC_SHARE/libc	math.h	452	sinl	from clause	Considered valid	assigns \result \from x;
FRAMAC_SHARE/libc	math.h	453	sinl	postcondition	Considered valid	finite_result: \is_finite(\result)
FRAMAC_SHARE/libc	math.h	454	sinl	postcondition	Considered valid	result_domain: -1. ≤ \result ≤ 1.
FRAMAC_SHARE/libc	math.h	455	sinl	postcondition	Considered valid	no_error: __fc_errno ≡ \old(__fc_errno)
FRAMAC_SHARE/libc	math.h	468	sinl	assigns clause	Considered valid	assigns \nothing;
FRAMAC_SHARE/libc	math.h	479	tan	assigns clause	Considered valid	assigns __fc_errno, \result;
FRAMAC_SHARE/libc	math.h	479	tan	from clause	Considered valid	assigns __fc_errno \from x;
FRAMAC_SHARE/libc	math.h	479	tan	from clause	Considered valid	assigns \result \from x;
FRAMAC_SHARE/libc	math.h	482	tan	from clause	Considered valid	assigns \result \from x;
FRAMAC_SHARE/libc	math.h	483	tan	postcondition	Considered valid	zero_res: \is_finite(\result) ∧ \result ≡ \old(x)
FRAMAC_SHARE/libc	math.h	484	tan	postcondition	Considered valid	no_error: __fc_errno ≡ \old(__fc_errno)
FRAMAC_SHARE/libc	math.h	487	tan	postcondition	Considered valid	finite_result: \is_finite(\result)
FRAMAC_SHARE/libc	math.h	488	tan	postcondition	Considered valid	maybe_error: __fc_errno ≡ \old(__fc_errno) ∨ __fc_errno ≡ 34
FRAMAC_SHARE/libc	math.h	501	tan	assigns clause	Considered valid	assigns \nothing;
FRAMAC_SHARE/libc	math.h	504	tanf	assigns clause	Considered valid	assigns __fc_errno, \result;
FRAMAC_SHARE/libc	math.h	504	tanf	from clause	Considered valid	assigns __fc_errno \from x;
FRAMAC_SHARE/libc	math.h	504	tanf	from clause	Considered valid	assigns \result \from x;
FRAMAC_SHARE/libc	math.h	507	tanf	from clause	Considered valid	assigns \result \from x;
FRAMAC_SHARE/libc	math.h	508	tanf	postcondition	Considered valid	zero_res: \is_finite(\result) ∧ \result ≡ \old(x)
FRAMAC_SHARE/libc	math.h	509	tanf	postcondition	Considered valid	no_error: __fc_errno ≡ \old(__fc_errno)
FRAMAC_SHARE/libc	math.h	512	tanf	postcondition	Considered valid	finite_result: \is_finite(\result)
FRAMAC_SHARE/libc	math.h	513	tanf	postcondition	Considered valid	maybe_error: __fc_errno ≡ \old(__fc_errno) ∨ __fc_errno ≡ 34
FRAMAC_SHARE/libc	math.h	526	tanf	assigns clause	Considered valid	assigns \nothing;
FRAMAC_SHARE/libc	math.h	529	tanl	assigns clause	Considered valid	assigns __fc_errno, \result;
FRAMAC_SHARE/libc	math.h	529	tanl	from clause	Considered valid	assigns __fc_errno \from x;
FRAMAC_SHARE/libc	math.h	529	tanl	from clause	Considered valid	assigns \result \from x;
FRAMAC_SHARE/libc	math.h	530	tanl	postcondition	Considered valid	maybe_error: __fc_errno ≡ \old(__fc_errno) ∨ __fc_errno ≡ 33 ∨ __fc_errno ≡ 34
FRAMAC_SHARE/libc	math.h	538	acosh	from clause	Considered valid	assigns \result \from x;
FRAMAC_SHARE/libc	math.h	539	acosh	postcondition	Considered valid	positive_result: \is_finite(\result) ∧ \result ≥ 0
FRAMAC_SHARE/libc	math.h	540	acosh	postcondition	Considered valid	no_error: __fc_errno ≡ \old(__fc_errno)
FRAMAC_SHARE/libc	math.h	558	acosh	assigns clause	Considered valid	assigns \nothing;
FRAMAC_SHARE/libc	math.h	564	acoshf	from clause	Considered valid	assigns \result \from x;
FRAMAC_SHARE/libc	math.h	565	acoshf	postcondition	Considered valid	positive_result: \is_finite(\result) ∧ \result ≥ 0
FRAMAC_SHARE/libc	math.h	566	acoshf	postcondition	Considered valid	no_error: __fc_errno ≡ \old(__fc_errno)
FRAMAC_SHARE/libc	math.h	584	acoshf	assigns clause	Considered valid	assigns \nothing;
FRAMAC_SHARE/libc	math.h	590	acoshl	from clause	Considered valid	assigns \result \from x;
FRAMAC_SHARE/libc	math.h	591	acoshl	postcondition	Considered valid	positive_result: \is_finite(\result) ∧ \result ≥ 0
FRAMAC_SHARE/libc	math.h	592	acoshl	postcondition	Considered valid	no_error: __fc_errno ≡ \old(__fc_errno)
FRAMAC_SHARE/libc	math.h	610	acoshl	assigns clause	Considered valid	assigns \nothing;
FRAMAC_SHARE/libc	math.h	633	exp	assigns clause	Considered valid	assigns __fc_errno, \result;
FRAMAC_SHARE/libc	math.h	633	exp	from clause	Considered valid	assigns __fc_errno \from x;
FRAMAC_SHARE/libc	math.h	633	exp	from clause	Considered valid	assigns \result \from x;
FRAMAC_SHARE/libc	math.h	637	exp	from clause	Considered valid	assigns \result \from x;
FRAMAC_SHARE/libc	math.h	638	exp	postcondition	Considered valid	res_finite: \is_finite(\result)
FRAMAC_SHARE/libc	math.h	639	exp	postcondition	Considered valid	positive_result: \result > 0.
FRAMAC_SHARE/libc	math.h	640	exp	postcondition	Considered valid	no_error: __fc_errno ≡ \old(__fc_errno)
FRAMAC_SHARE/libc	math.h	652	exp	postcondition	Considered valid	zero_res: \result ≡ 0.
FRAMAC_SHARE/libc	math.h	653	exp	postcondition	Considered valid	errno_set: __fc_errno ≡ 34
FRAMAC_SHARE/libc	math.h	656	exp	from clause	Considered valid	assigns \result \from x;
FRAMAC_SHARE/libc	math.h	657	exp	postcondition	Considered valid	zero_result: \is_finite(\result) ∧ \result ≡ 0.
FRAMAC_SHARE/libc	math.h	658	exp	postcondition	Considered valid	no_error: __fc_errno ≡ \old(__fc_errno)
FRAMAC_SHARE/libc	math.h	667	exp	assigns clause	Considered valid	assigns \nothing;
FRAMAC_SHARE/libc	math.h	670	expf	assigns clause	Considered valid	assigns __fc_errno, \result;
FRAMAC_SHARE/libc	math.h	670	expf	from clause	Considered valid	assigns __fc_errno \from x;
FRAMAC_SHARE/libc	math.h	670	expf	from clause	Considered valid	assigns \result \from x;
FRAMAC_SHARE/libc	math.h	674	expf	from clause	Considered valid	assigns \result \from x;
FRAMAC_SHARE/libc	math.h	675	expf	postcondition	Considered valid	res_finite: \is_finite(\result)
FRAMAC_SHARE/libc	math.h	676	expf	postcondition	Considered valid	positive_result: \result > 0.
FRAMAC_SHARE/libc	math.h	677	expf	postcondition	Considered valid	no_error: __fc_errno ≡ \old(__fc_errno)
FRAMAC_SHARE/libc	math.h	689	expf	postcondition	Considered valid	zero_res: \result ≡ 0.
FRAMAC_SHARE/libc	math.h	690	expf	postcondition	Considered valid	errno_set: __fc_errno ≡ 34
FRAMAC_SHARE/libc	math.h	693	expf	from clause	Considered valid	assigns \result \from x;
FRAMAC_SHARE/libc	math.h	694	expf	postcondition	Considered valid	zero_result: \is_finite(\result) ∧ \result ≡ 0.
FRAMAC_SHARE/libc	math.h	695	expf	postcondition	Considered valid	no_error: __fc_errno ≡ \old(__fc_errno)
FRAMAC_SHARE/libc	math.h	704	expf	assigns clause	Considered valid	assigns \nothing;
FRAMAC_SHARE/libc	math.h	718	frexp	assigns clause	Considered valid	assigns \result, *exp;
FRAMAC_SHARE/libc	math.h	718	frexp	from clause	Considered valid	assigns \result \from x;
FRAMAC_SHARE/libc	math.h	718	frexp	from clause	Considered valid	assigns *exp \from x;
FRAMAC_SHARE/libc	math.h	722	frexp	postcondition	Considered valid	finite_result: \is_finite(\result)
FRAMAC_SHARE/libc	math.h	723	frexp	postcondition	Considered valid	bounded_result: 0.5 ≤ \result < 1.0
FRAMAC_SHARE/libc	math.h	724	frexp	postcondition	Considered valid	initialization: exp: \initialized(\old(exp))
FRAMAC_SHARE/libc	math.h	731	frexp	postcondition	Considered valid	finite_result: \is_finite(\result)
FRAMAC_SHARE/libc	math.h	732	frexp	postcondition	Considered valid	zero_result: \result ≡ 0.0
FRAMAC_SHARE/libc	math.h	733	frexp	postcondition	Considered valid	initialization: exp: \initialized(\old(exp))
FRAMAC_SHARE/libc	math.h	734	frexp	postcondition	Considered valid	zero_exp: *\old(exp) ≡ 0
FRAMAC_SHARE/libc	math.h	745	frexpf	assigns clause	Considered valid	assigns \result, *exp;
FRAMAC_SHARE/libc	math.h	745	frexpf	from clause	Considered valid	assigns \result \from x;
FRAMAC_SHARE/libc	math.h	745	frexpf	from clause	Considered valid	assigns *exp \from x;
FRAMAC_SHARE/libc	math.h	749	frexpf	postcondition	Considered valid	finite_result: \is_finite(\result)
FRAMAC_SHARE/libc	math.h	750	frexpf	postcondition	Considered valid	bounded_result: 0.5 ≤ \result < 1.0
FRAMAC_SHARE/libc	math.h	751	frexpf	postcondition	Considered valid	initialization: exp: \initialized(\old(exp))
FRAMAC_SHARE/libc	math.h	758	frexpf	postcondition	Considered valid	finite_result: \is_finite(\result)
FRAMAC_SHARE/libc	math.h	759	frexpf	postcondition	Considered valid	zero_result: \result ≡ \old(x)
FRAMAC_SHARE/libc	math.h	760	frexpf	postcondition	Considered valid	initialization: exp: \initialized(\old(exp))
FRAMAC_SHARE/libc	math.h	761	frexpf	postcondition	Considered valid	zero_exp: *\old(exp) ≡ 0
FRAMAC_SHARE/libc	math.h	772	frexpl	assigns clause	Considered valid	assigns \result, *exp;
FRAMAC_SHARE/libc	math.h	772	frexpl	from clause	Considered valid	assigns \result \from x;
FRAMAC_SHARE/libc	math.h	772	frexpl	from clause	Considered valid	assigns *exp \from x;
FRAMAC_SHARE/libc	math.h	776	frexpl	postcondition	Considered valid	finite_result: \is_finite(\result)
FRAMAC_SHARE/libc	math.h	777	frexpl	postcondition	Considered valid	bounded_result: 0.5 ≤ \result < 1.0
FRAMAC_SHARE/libc	math.h	778	frexpl	postcondition	Considered valid	initialization: exp: \initialized(\old(exp))
FRAMAC_SHARE/libc	math.h	785	frexpl	postcondition	Considered valid	finite_result: \is_finite(\result)
FRAMAC_SHARE/libc	math.h	786	frexpl	postcondition	Considered valid	zero_result: \result ≡ \old(x)
FRAMAC_SHARE/libc	math.h	787	frexpl	postcondition	Considered valid	initialization: exp: \initialized(\old(exp))
FRAMAC_SHARE/libc	math.h	788	frexpl	postcondition	Considered valid	zero_exp: *\old(exp) ≡ 0
FRAMAC_SHARE/libc	math.h	802	ldexp	assigns clause	Considered valid	assigns __fc_errno, \result;
FRAMAC_SHARE/libc	math.h	802	ldexp	from clause	Considered valid	assigns __fc_errno \from x, exp;
FRAMAC_SHARE/libc	math.h	802	ldexp	from clause	Considered valid	assigns \result \from x, exp;
FRAMAC_SHARE/libc	math.h	805	ldexp	postcondition	Considered valid	finite_result: \is_finite(\result)
FRAMAC_SHARE/libc	math.h	806	ldexp	postcondition	Considered valid	__fc_errno: __fc_errno ≡ 34 ∨ __fc_errno ≡ \old(__fc_errno)
FRAMAC_SHARE/libc	math.h	822	ldexpf	assigns clause	Considered valid	assigns __fc_errno, \result;
FRAMAC_SHARE/libc	math.h	822	ldexpf	from clause	Considered valid	assigns __fc_errno \from x, exp;
FRAMAC_SHARE/libc	math.h	822	ldexpf	from clause	Considered valid	assigns \result \from x, exp;
FRAMAC_SHARE/libc	math.h	825	ldexpf	postcondition	Considered valid	finite_result: \is_finite(\result)
FRAMAC_SHARE/libc	math.h	826	ldexpf	postcondition	Considered valid	__fc_errno: __fc_errno ≡ 34 ∨ __fc_errno ≡ \old(__fc_errno)
FRAMAC_SHARE/libc	math.h	848	log	from clause	Considered valid	assigns \result \from x;
FRAMAC_SHARE/libc	math.h	849	log	postcondition	Considered valid	finite_result: \is_finite(\result)
FRAMAC_SHARE/libc	math.h	850	log	postcondition	Considered valid	no_error: __fc_errno ≡ \old(__fc_errno)
FRAMAC_SHARE/libc	math.h	872	log	assigns clause	Considered valid	assigns \nothing;
FRAMAC_SHARE/libc	math.h	879	logf	from clause	Considered valid	assigns \result \from x;
FRAMAC_SHARE/libc	math.h	880	logf	postcondition	Considered valid	finite_result: \is_finite(\result)
FRAMAC_SHARE/libc	math.h	881	logf	postcondition	Considered valid	no_error: __fc_errno ≡ \old(__fc_errno)
FRAMAC_SHARE/libc	math.h	903	logf	assigns clause	Considered valid	assigns \nothing;
FRAMAC_SHARE/libc	math.h	910	logl	from clause	Considered valid	assigns \result \from x;
FRAMAC_SHARE/libc	math.h	911	logl	postcondition	Considered valid	finite_result: \is_finite(\result)
FRAMAC_SHARE/libc	math.h	912	logl	postcondition	Considered valid	no_error: __fc_errno ≡ \old(__fc_errno)
FRAMAC_SHARE/libc	math.h	934	logl	assigns clause	Considered valid	assigns \nothing;
FRAMAC_SHARE/libc	math.h	941	log10	from clause	Considered valid	assigns \result \from x;
FRAMAC_SHARE/libc	math.h	942	log10	postcondition	Considered valid	finite_result: \is_finite(\result)
FRAMAC_SHARE/libc	math.h	943	log10	postcondition	Considered valid	no_error: __fc_errno ≡ \old(__fc_errno)
FRAMAC_SHARE/libc	math.h	965	log10	assigns clause	Considered valid	assigns \nothing;
FRAMAC_SHARE/libc	math.h	972	log10f	from clause	Considered valid	assigns \result \from x;
FRAMAC_SHARE/libc	math.h	973	log10f	postcondition	Considered valid	finite_result: \is_finite(\result)
FRAMAC_SHARE/libc	math.h	974	log10f	postcondition	Considered valid	no_error: __fc_errno ≡ \old(__fc_errno)
FRAMAC_SHARE/libc	math.h	996	log10f	assigns clause	Considered valid	assigns \nothing;
FRAMAC_SHARE/libc	math.h	1003	log10l	from clause	Considered valid	assigns \result \from x;
FRAMAC_SHARE/libc	math.h	1004	log10l	postcondition	Considered valid	finite_result: \is_finite(\result)
FRAMAC_SHARE/libc	math.h	1005	log10l	postcondition	Considered valid	no_error: __fc_errno ≡ \old(__fc_errno)
FRAMAC_SHARE/libc	math.h	1027	log10l	assigns clause	Considered valid	assigns \nothing;
FRAMAC_SHARE/libc	math.h	1038	log2	from clause	Considered valid	assigns \result \from x;
FRAMAC_SHARE/libc	math.h	1039	log2	postcondition	Considered valid	finite_result: \is_finite(\result)
FRAMAC_SHARE/libc	math.h	1040	log2	postcondition	Considered valid	no_error: __fc_errno ≡ \old(__fc_errno)
FRAMAC_SHARE/libc	math.h	1062	log2	assigns clause	Considered valid	assigns \nothing;
FRAMAC_SHARE/libc	math.h	1069	log2f	from clause	Considered valid	assigns \result \from x;
FRAMAC_SHARE/libc	math.h	1070	log2f	postcondition	Considered valid	finite_result: \is_finite(\result)
FRAMAC_SHARE/libc	math.h	1071	log2f	postcondition	Considered valid	no_error: __fc_errno ≡ \old(__fc_errno)
FRAMAC_SHARE/libc	math.h	1093	log2f	assigns clause	Considered valid	assigns \nothing;
FRAMAC_SHARE/libc	math.h	1100	log2l	from clause	Considered valid	assigns \result \from x;
FRAMAC_SHARE/libc	math.h	1101	log2l	postcondition	Considered valid	finite_result: \is_finite(\result)
FRAMAC_SHARE/libc	math.h	1102	log2l	postcondition	Considered valid	no_error: __fc_errno ≡ \old(__fc_errno)
FRAMAC_SHARE/libc	math.h	1124	log2l	assigns clause	Considered valid	assigns \nothing;
FRAMAC_SHARE/libc	math.h	1147	fabs	from clause	Considered valid	assigns \result \from x;
FRAMAC_SHARE/libc	math.h	1150	fabs	postcondition	Considered valid	res_finite: \is_finite(\result)
FRAMAC_SHARE/libc	math.h	1151	fabs	postcondition	Considered valid	positive_result: \result ≥ 0.
FRAMAC_SHARE/libc	math.h	1152	fabs	postcondition	Considered valid	equal_magnitude_result: \result ≡ \old(x) ∨ \result ≡ -\old(x)
FRAMAC_SHARE/libc	math.h	1162	fabs	assigns clause	Considered valid	assigns \nothing;
FRAMAC_SHARE/libc	math.h	1165	fabsf	from clause	Considered valid	assigns \result \from x;
FRAMAC_SHARE/libc	math.h	1168	fabsf	postcondition	Considered valid	res_finite: \is_finite(\result)
FRAMAC_SHARE/libc	math.h	1169	fabsf	postcondition	Considered valid	positive_result: \result ≥ 0.
FRAMAC_SHARE/libc	math.h	1170	fabsf	postcondition	Considered valid	equal_magnitude_result: \result ≡ \old(x) ∨ \result ≡ -\old(x)
FRAMAC_SHARE/libc	math.h	1180	fabsf	assigns clause	Considered valid	assigns \nothing;
FRAMAC_SHARE/libc	math.h	1183	fabsl	from clause	Considered valid	assigns \result \from x;
FRAMAC_SHARE/libc	math.h	1186	fabsl	postcondition	Considered valid	res_finite: \is_finite(\result)
FRAMAC_SHARE/libc	math.h	1187	fabsl	postcondition	Considered valid	positive_result: \result ≥ 0.
FRAMAC_SHARE/libc	math.h	1188	fabsl	postcondition	Considered valid	equal_magnitude_result: \result ≡ \old(x) ∨ \result ≡ -\old(x)
FRAMAC_SHARE/libc	math.h	1198	fabsl	assigns clause	Considered valid	assigns \nothing;
FRAMAC_SHARE/libc	math.h	1205	pow	assigns clause	Considered valid	assigns __fc_errno, \result;
FRAMAC_SHARE/libc	math.h	1205	pow	from clause	Considered valid	assigns __fc_errno \from x, y;
FRAMAC_SHARE/libc	math.h	1205	pow	from clause	Considered valid	assigns \result \from x, y;
FRAMAC_SHARE/libc	math.h	1208	pow	postcondition	Considered valid	finite_result: \is_finite(\result)
FRAMAC_SHARE/libc	math.h	1209	pow	postcondition	Considered valid	__fc_errno: __fc_errno ≡ 34 ∨ __fc_errno ≡ \old(__fc_errno)
FRAMAC_SHARE/libc	math.h	1220	powf	assigns clause	Considered valid	assigns __fc_errno, \result;
FRAMAC_SHARE/libc	math.h	1220	powf	from clause	Considered valid	assigns __fc_errno \from x, y;
FRAMAC_SHARE/libc	math.h	1220	powf	from clause	Considered valid	assigns \result \from x, y;
FRAMAC_SHARE/libc	math.h	1223	powf	postcondition	Considered valid	finite_result: \is_finite(\result)
FRAMAC_SHARE/libc	math.h	1224	powf	postcondition	Considered valid	__fc_errno: __fc_errno ≡ 34 ∨ __fc_errno ≡ \old(__fc_errno)
FRAMAC_SHARE/libc	math.h	1241	sqrt	from clause	Considered valid	assigns \result \from x;
FRAMAC_SHARE/libc	math.h	1242	sqrt	postcondition	Considered valid	finite_result: \is_finite(\result)
FRAMAC_SHARE/libc	math.h	1243	sqrt	postcondition	Considered valid	positive_result: \result ≥ -0.
FRAMAC_SHARE/libc	math.h	1244	sqrt	postcondition	Considered valid	result_value: \result ≡ sqrt(\old(x))
FRAMAC_SHARE/libc	math.h	1245	sqrt	postcondition	Considered valid	no_error: __fc_errno ≡ \old(__fc_errno)
FRAMAC_SHARE/libc	math.h	1263	sqrt	assigns clause	Considered valid	assigns \nothing;
FRAMAC_SHARE/libc	math.h	1270	sqrtf	from clause	Considered valid	assigns \result \from x;
FRAMAC_SHARE/libc	math.h	1271	sqrtf	postcondition	Considered valid	finite_result: \is_finite(\result)
FRAMAC_SHARE/libc	math.h	1272	sqrtf	postcondition	Considered valid	positive_result: \result ≥ -0.
FRAMAC_SHARE/libc	math.h	1273	sqrtf	postcondition	Considered valid	result_value: \result ≡ sqrt((double)\old(x))
FRAMAC_SHARE/libc	math.h	1274	sqrtf	postcondition	Considered valid	no_error: __fc_errno ≡ \old(__fc_errno)
FRAMAC_SHARE/libc	math.h	1292	sqrtf	assigns clause	Considered valid	assigns \nothing;
FRAMAC_SHARE/libc	math.h	1299	sqrtl	from clause	Considered valid	assigns \result \from x;
FRAMAC_SHARE/libc	math.h	1300	sqrtl	postcondition	Considered valid	finite_result: \is_finite(\result)
FRAMAC_SHARE/libc	math.h	1301	sqrtl	postcondition	Considered valid	positive_result: \result ≥ -0.
FRAMAC_SHARE/libc	math.h	1302	sqrtl	postcondition	Considered valid	no_error: __fc_errno ≡ \old(__fc_errno)
FRAMAC_SHARE/libc	math.h	1320	sqrtl	assigns clause	Considered valid	assigns \nothing;
FRAMAC_SHARE/libc	math.h	1339	ceil	from clause	Considered valid	assigns \result \from x;
FRAMAC_SHARE/libc	math.h	1342	ceil	postcondition	Considered valid	finite_result: \is_finite(\result)
FRAMAC_SHARE/libc	math.h	1353	ceil	assigns clause	Considered valid	assigns \nothing;
FRAMAC_SHARE/libc	math.h	1356	ceilf	from clause	Considered valid	assigns \result \from x;
FRAMAC_SHARE/libc	math.h	1359	ceilf	postcondition	Considered valid	finite_result: \is_finite(\result)
FRAMAC_SHARE/libc	math.h	1370	ceilf	assigns clause	Considered valid	assigns \nothing;
FRAMAC_SHARE/libc	math.h	1373	ceill	from clause	Considered valid	assigns \result \from x;
FRAMAC_SHARE/libc	math.h	1376	ceill	postcondition	Considered valid	finite_result: \is_finite(\result)
FRAMAC_SHARE/libc	math.h	1387	ceill	assigns clause	Considered valid	assigns \nothing;
FRAMAC_SHARE/libc	math.h	1390	floor	from clause	Considered valid	assigns \result \from x;
FRAMAC_SHARE/libc	math.h	1393	floor	postcondition	Considered valid	finite_result: \is_finite(\result)
FRAMAC_SHARE/libc	math.h	1404	floor	assigns clause	Considered valid	assigns \nothing;
FRAMAC_SHARE/libc	math.h	1407	floorf	from clause	Considered valid	assigns \result \from x;
FRAMAC_SHARE/libc	math.h	1410	floorf	postcondition	Considered valid	finite_result: \is_finite(\result)
FRAMAC_SHARE/libc	math.h	1421	floorf	assigns clause	Considered valid	assigns \nothing;
FRAMAC_SHARE/libc	math.h	1424	floorl	from clause	Considered valid	assigns \result \from x;
FRAMAC_SHARE/libc	math.h	1427	floorl	postcondition	Considered valid	finite_result: \is_finite(\result)
FRAMAC_SHARE/libc	math.h	1438	floorl	assigns clause	Considered valid	assigns \nothing;
FRAMAC_SHARE/libc	math.h	1457	round	from clause	Considered valid	assigns \result \from x;
FRAMAC_SHARE/libc	math.h	1460	round	postcondition	Considered valid	finite_result: \is_finite(\result)
FRAMAC_SHARE/libc	math.h	1471	round	assigns clause	Considered valid	assigns \nothing;
FRAMAC_SHARE/libc	math.h	1474	roundf	from clause	Considered valid	assigns \result \from x;
FRAMAC_SHARE/libc	math.h	1477	roundf	postcondition	Considered valid	finite_result: \is_finite(\result)
FRAMAC_SHARE/libc	math.h	1488	roundf	assigns clause	Considered valid	assigns \nothing;
FRAMAC_SHARE/libc	math.h	1491	roundl	from clause	Considered valid	assigns \result \from x;
FRAMAC_SHARE/libc	math.h	1494	roundl	postcondition	Considered valid	finite_result: \is_finite(\result)
FRAMAC_SHARE/libc	math.h	1505	roundl	assigns clause	Considered valid	assigns \nothing;
FRAMAC_SHARE/libc	math.h	1516	trunc	from clause	Considered valid	assigns \result \from x;
FRAMAC_SHARE/libc	math.h	1519	trunc	postcondition	Considered valid	finite_result: \is_finite(\result)
FRAMAC_SHARE/libc	math.h	1530	trunc	assigns clause	Considered valid	assigns \nothing;
FRAMAC_SHARE/libc	math.h	1533	truncf	from clause	Considered valid	assigns \result \from x;
FRAMAC_SHARE/libc	math.h	1536	truncf	postcondition	Considered valid	finite_result: \is_finite(\result)
FRAMAC_SHARE/libc	math.h	1547	truncf	assigns clause	Considered valid	assigns \nothing;
FRAMAC_SHARE/libc	math.h	1550	truncl	from clause	Considered valid	assigns \result \from x;
FRAMAC_SHARE/libc	math.h	1553	truncl	postcondition	Considered valid	finite_result: \is_finite(\result)
FRAMAC_SHARE/libc	math.h	1564	truncl	assigns clause	Considered valid	assigns \nothing;
FRAMAC_SHARE/libc	math.h	1570	fmod	from clause	Considered valid	assigns \result \from x, y;
FRAMAC_SHARE/libc	math.h	1571	fmod	postcondition	Considered valid	finite_result: \is_finite(\result)
FRAMAC_SHARE/libc	math.h	1572	fmod	postcondition	Considered valid	no_error: __fc_errno ≡ \old(__fc_errno)
FRAMAC_SHARE/libc	math.h	1585	fmod	assigns clause	Considered valid	assigns \nothing;
FRAMAC_SHARE/libc	math.h	1591	fmodf	from clause	Considered valid	assigns \result \from x, y;
FRAMAC_SHARE/libc	math.h	1592	fmodf	postcondition	Considered valid	finite_result: \is_finite(\result)
FRAMAC_SHARE/libc	math.h	1593	fmodf	postcondition	Considered valid	no_error: __fc_errno ≡ \old(__fc_errno)
FRAMAC_SHARE/libc	math.h	1606	fmodf	assigns clause	Considered valid	assigns \nothing;
FRAMAC_SHARE/libc	math.h	1624	nan	from clause	Considered valid	assigns \result \from (indirect: *(tagp + (0 ..)));
FRAMAC_SHARE/libc	math.h	1625	nan	postcondition	Considered valid	result_is_nan: \is_NaN(\result)
FRAMAC_SHARE/libc	math.h	1627	nan	assigns clause	Considered valid	assigns \nothing;
FRAMAC_SHARE/libc	math.h	1631	nanf	from clause	Considered valid	assigns \result \from (indirect: *(tagp + (0 ..)));
FRAMAC_SHARE/libc	math.h	1632	nanf	postcondition	Considered valid	result_is_nan: \is_NaN(\result)
FRAMAC_SHARE/libc	math.h	1634	nanf	assigns clause	Considered valid	assigns \nothing;
FRAMAC_SHARE/libc	math.h	1638	nanl	from clause	Considered valid	assigns \result \from (indirect: *(tagp + (0 ..)));
FRAMAC_SHARE/libc	math.h	1639	nanl	postcondition	Considered valid	result_is_nan: \is_NaN(\result)
FRAMAC_SHARE/libc	math.h	1641	nanl	assigns clause	Considered valid	assigns \nothing;
FRAMAC_SHARE/libc	math.h	1668	__finitef	from clause	Considered valid	assigns \result \from f;
FRAMAC_SHARE/libc	math.h	1671	__finitef	postcondition	Considered valid	nonzero_result: \result > 0 ∨ \result < 0
FRAMAC_SHARE/libc	math.h	1674	__finitef	postcondition	Considered valid	zero_result: \result ≡ 0
FRAMAC_SHARE/libc	math.h	1678	__finitef	assigns clause	Considered valid	assigns \nothing;
FRAMAC_SHARE/libc	math.h	1681	__finite	from clause	Considered valid	assigns \result \from d;
FRAMAC_SHARE/libc	math.h	1684	__finite	postcondition	Considered valid	nonzero_result: \result > 0 ∨ \result < 0
FRAMAC_SHARE/libc	math.h	1687	__finite	postcondition	Considered valid	zero_result: \result ≡ 0
FRAMAC_SHARE/libc	math.h	1691	__finite	assigns clause	Considered valid	assigns \nothing;
FRAMAC_SHARE/libc	math.h	1707	__fc_infinity	postcondition	Considered valid	result_is_infinity: \is_plus_infinity(\result)
FRAMAC_SHARE/libc	math.h	1708	__fc_infinity	from clause	Considered valid	assigns \result \from \nothing;
FRAMAC_SHARE/libc	math.h	1710	__fc_infinity	assigns clause	Considered valid	assigns \nothing;
FRAMAC_SHARE/libc	math.h	1713	__fc_nan	postcondition	Considered valid	result_is_nan: \is_NaN(\result)
FRAMAC_SHARE/libc	math.h	1714	__fc_nan	from clause	Considered valid	assigns \result \from \nothing;
FRAMAC_SHARE/libc	math.h	1716	__fc_nan	assigns clause	Considered valid	assigns \nothing;
FRAMAC_SHARE/libc	stdlib.h	73	atof	from clause	Considered valid	assigns \result \from (indirect: __nptr), (indirect: *(__nptr + (0 ..)));
FRAMAC_SHARE/libc	stdlib.h	75	atof	assigns clause	Considered valid	assigns \nothing;
FRAMAC_SHARE/libc	stdlib.h	79	atoi	from clause	Considered valid	assigns \result \from (indirect: __nptr), (indirect: *(__nptr + (0 ..)));
FRAMAC_SHARE/libc	stdlib.h	81	atoi	assigns clause	Considered valid	assigns \nothing;
FRAMAC_SHARE/libc	stdlib.h	85	atol	from clause	Considered valid	assigns \result \from (indirect: __nptr), (indirect: *(__nptr + (0 ..)));
FRAMAC_SHARE/libc	stdlib.h	87	atol	assigns clause	Considered valid	assigns \nothing;
FRAMAC_SHARE/libc	stdlib.h	91	atoll	from clause	Considered valid	assigns \result \from (indirect: __nptr), (indirect: *(__nptr + (0 ..)));
FRAMAC_SHARE/libc	stdlib.h	93	atoll	assigns clause	Considered valid	assigns \nothing;
FRAMAC_SHARE/libc	stdlib.h	100	strtod	assigns clause	Considered valid	assigns \result, *__endptr;
FRAMAC_SHARE/libc	stdlib.h	100	strtod	from clause	Considered valid	assigns \result \from (indirect: __nptr), (indirect: *(__nptr + (0 ..)));
FRAMAC_SHARE/libc	stdlib.h	101	strtod	from clause	Considered valid	assigns *__endptr \from __nptr, (indirect: *(__nptr + (0 ..))), (indirect: __endptr);
FRAMAC_SHARE/libc	stdlib.h	104	strtod	from clause	Considered valid	assigns \result \from (indirect: __nptr), (indirect: *(__nptr + (0 ..)));
FRAMAC_SHARE/libc	stdlib.h	108	strtod	assigns clause	Considered valid	assigns \result, *__endptr;
FRAMAC_SHARE/libc	stdlib.h	108	strtod	from clause	Considered valid	assigns \result \from (indirect: __nptr), (indirect: *(__nptr + (0 ..)));
FRAMAC_SHARE/libc	stdlib.h	109	strtod	from clause	Considered valid	assigns *__endptr \from __nptr, (indirect: *(__nptr + (0 ..))), (indirect: __endptr);
FRAMAC_SHARE/libc	stdlib.h	110	strtod	postcondition	Considered valid	initialization: \initialized(\old(__endptr))
FRAMAC_SHARE/libc	stdlib.h	111	strtod	postcondition	Considered valid	valid_endptr_content: \valid_read(*\old(__endptr))
FRAMAC_SHARE/libc	stdlib.h	112	strtod	postcondition	Considered valid	position_subset: \subset(*\old(__endptr), \old(__nptr) + (0 ..))
FRAMAC_SHARE/libc	stdlib.h	116	strtod	assigns clause	Considered valid	assigns \nothing;
FRAMAC_SHARE/libc	stdlib.h	122	strtof	assigns clause	Considered valid	assigns \result, *__endptr;
FRAMAC_SHARE/libc	stdlib.h	122	strtof	from clause	Considered valid	assigns \result \from (indirect: __nptr), (indirect: *(__nptr + (0 ..)));
FRAMAC_SHARE/libc	stdlib.h	123	strtof	from clause	Considered valid	assigns *__endptr \from __nptr, (indirect: *(__nptr + (0 ..))), (indirect: __endptr);
FRAMAC_SHARE/libc	stdlib.h	126	strtof	from clause	Considered valid	assigns \result \from (indirect: __nptr), (indirect: *(__nptr + (0 ..)));
FRAMAC_SHARE/libc	stdlib.h	130	strtof	assigns clause	Considered valid	assigns \result, *__endptr;
FRAMAC_SHARE/libc	stdlib.h	130	strtof	from clause	Considered valid	assigns \result \from (indirect: __nptr), (indirect: *(__nptr + (0 ..)));
FRAMAC_SHARE/libc	stdlib.h	131	strtof	from clause	Considered valid	assigns *__endptr \from __nptr, (indirect: *(__nptr + (0 ..))), (indirect: __endptr);
FRAMAC_SHARE/libc	stdlib.h	132	strtof	postcondition	Considered valid	initialization: \initialized(\old(__endptr))
FRAMAC_SHARE/libc	stdlib.h	133	strtof	postcondition	Considered valid	valid_endptr_content: \valid_read(*\old(__endptr))
FRAMAC_SHARE/libc	stdlib.h	134	strtof	postcondition	Considered valid	position_subset: \subset(*\old(__endptr), \old(__nptr) + (0 ..))
FRAMAC_SHARE/libc	stdlib.h	138	strtof	assigns clause	Considered valid	assigns \nothing;
FRAMAC_SHARE/libc	stdlib.h	144	strtold	assigns clause	Considered valid	assigns \result, *__endptr;
FRAMAC_SHARE/libc	stdlib.h	144	strtold	from clause	Considered valid	assigns \result \from (indirect: __nptr), (indirect: *(__nptr + (0 ..)));
FRAMAC_SHARE/libc	stdlib.h	145	strtold	from clause	Considered valid	assigns *__endptr \from __nptr, (indirect: *(__nptr + (0 ..))), (indirect: __endptr);
FRAMAC_SHARE/libc	stdlib.h	148	strtold	from clause	Considered valid	assigns \result \from (indirect: __nptr), (indirect: *(__nptr + (0 ..)));
FRAMAC_SHARE/libc	stdlib.h	152	strtold	assigns clause	Considered valid	assigns \result, *__endptr;
FRAMAC_SHARE/libc	stdlib.h	152	strtold	from clause	Considered valid	assigns \result \from (indirect: __nptr), (indirect: *(__nptr + (0 ..)));
FRAMAC_SHARE/libc	stdlib.h	153	strtold	from clause	Considered valid	assigns *__endptr \from __nptr, (indirect: *(__nptr + (0 ..))), (indirect: __endptr);
FRAMAC_SHARE/libc	stdlib.h	154	strtold	postcondition	Considered valid	initialization: \initialized(\old(__endptr))
FRAMAC_SHARE/libc	stdlib.h	155	strtold	postcondition	Considered valid	valid_endptr_content: \valid_read(*\old(__endptr))
FRAMAC_SHARE/libc	stdlib.h	156	strtold	postcondition	Considered valid	position_subset: \subset(*\old(__endptr), \old(__nptr) + (0 ..))
FRAMAC_SHARE/libc	stdlib.h	160	strtold	assigns clause	Considered valid	assigns \nothing;
FRAMAC_SHARE/libc	stdlib.h	168	strtol	assigns clause	Considered valid	assigns \result, *__endptr;
FRAMAC_SHARE/libc	stdlib.h	168	strtol	from clause	Considered valid	assigns \result \from (indirect: __nptr), (indirect: *(__nptr + (0 ..))), (indirect: __base);
FRAMAC_SHARE/libc	stdlib.h	169	strtol	from clause	Considered valid	assigns *__endptr \from __nptr, (indirect: *(__nptr + (0 ..))), (indirect: __endptr), (indirect: __base);
FRAMAC_SHARE/libc	stdlib.h	172	strtol	from clause	Considered valid	assigns \result \from (indirect: __nptr), (indirect: *(__nptr + (0 ..))), (indirect: __base);
FRAMAC_SHARE/libc	stdlib.h	176	strtol	assigns clause	Considered valid	assigns \result, *__endptr;
FRAMAC_SHARE/libc	stdlib.h	176	strtol	from clause	Considered valid	assigns \result \from (indirect: __nptr), (indirect: *(__nptr + (0 ..))), (indirect: __base);
FRAMAC_SHARE/libc	stdlib.h	177	strtol	from clause	Considered valid	assigns *__endptr \from __nptr, (indirect: *(__nptr + (0 ..))), (indirect: __endptr), (indirect: __base);
FRAMAC_SHARE/libc	stdlib.h	178	strtol	postcondition	Considered valid	initialization: \initialized(\old(__endptr))
FRAMAC_SHARE/libc	stdlib.h	179	strtol	postcondition	Considered valid	valid_endptr_content: \valid_read(*\old(__endptr))
FRAMAC_SHARE/libc	stdlib.h	180	strtol	postcondition	Considered valid	position_subset: \subset(*\old(__endptr), \old(__nptr) + (0 ..))
FRAMAC_SHARE/libc	stdlib.h	184	strtol	assigns clause	Considered valid	assigns \nothing;
FRAMAC_SHARE/libc	stdlib.h	193	strtoll	assigns clause	Considered valid	assigns \result, *__endptr;
FRAMAC_SHARE/libc	stdlib.h	193	strtoll	from clause	Considered valid	assigns \result \from (indirect: __nptr), (indirect: *(__nptr + (0 ..))), (indirect: __base);
FRAMAC_SHARE/libc	stdlib.h	194	strtoll	from clause	Considered valid	assigns *__endptr \from __nptr, (indirect: *(__nptr + (0 ..))), (indirect: __endptr), (indirect: __base);
FRAMAC_SHARE/libc	stdlib.h	197	strtoll	from clause	Considered valid	assigns \result \from (indirect: __nptr), (indirect: *(__nptr + (0 ..))), (indirect: __base);
FRAMAC_SHARE/libc	stdlib.h	201	strtoll	assigns clause	Considered valid	assigns \result, *__endptr;
FRAMAC_SHARE/libc	stdlib.h	201	strtoll	from clause	Considered valid	assigns \result \from (indirect: __nptr), (indirect: *(__nptr + (0 ..))), (indirect: __base);
FRAMAC_SHARE/libc	stdlib.h	202	strtoll	from clause	Considered valid	assigns *__endptr \from __nptr, (indirect: *(__nptr + (0 ..))), (indirect: __endptr), (indirect: __base);
FRAMAC_SHARE/libc	stdlib.h	203	strtoll	postcondition	Considered valid	initialization: \initialized(\old(__endptr))
FRAMAC_SHARE/libc	stdlib.h	204	strtoll	postcondition	Considered valid	valid_endptr_content: \valid_read(*\old(__endptr))
FRAMAC_SHARE/libc	stdlib.h	205	strtoll	postcondition	Considered valid	position_subset: \subset(*\old(__endptr), \old(__nptr) + (0 ..))
FRAMAC_SHARE/libc	stdlib.h	209	strtoll	assigns clause	Considered valid	assigns \nothing;
FRAMAC_SHARE/libc	stdlib.h	218	strtoul	assigns clause	Considered valid	assigns \result, *__endptr;
FRAMAC_SHARE/libc	stdlib.h	218	strtoul	from clause	Considered valid	assigns \result \from (indirect: __nptr), (indirect: *(__nptr + (0 ..))), (indirect: __base);
FRAMAC_SHARE/libc	stdlib.h	219	strtoul	from clause	Considered valid	assigns *__endptr \from __nptr, (indirect: *(__nptr + (0 ..))), (indirect: __endptr), (indirect: __base);
FRAMAC_SHARE/libc	stdlib.h	222	strtoul	from clause	Considered valid	assigns \result \from (indirect: __nptr), (indirect: *(__nptr + (0 ..))), (indirect: __base);
FRAMAC_SHARE/libc	stdlib.h	226	strtoul	assigns clause	Considered valid	assigns \result, *__endptr;
FRAMAC_SHARE/libc	stdlib.h	226	strtoul	from clause	Considered valid	assigns \result \from (indirect: __nptr), (indirect: *(__nptr + (0 ..))), (indirect: __base);
FRAMAC_SHARE/libc	stdlib.h	227	strtoul	from clause	Considered valid	assigns *__endptr \from __nptr, (indirect: *(__nptr + (0 ..))), (indirect: __endptr), (indirect: __base);
FRAMAC_SHARE/libc	stdlib.h	228	strtoul	postcondition	Considered valid	initialization: \initialized(\old(__endptr))
FRAMAC_SHARE/libc	stdlib.h	229	strtoul	postcondition	Considered valid	valid_endptr_content: \valid_read(*\old(__endptr))
FRAMAC_SHARE/libc	stdlib.h	230	strtoul	postcondition	Considered valid	position_subset: \subset(*\old(__endptr), \old(__nptr) + (0 ..))
FRAMAC_SHARE/libc	stdlib.h	234	strtoul	assigns clause	Considered valid	assigns \nothing;
FRAMAC_SHARE/libc	stdlib.h	243	strtoull	assigns clause	Considered valid	assigns \result, *__endptr;
FRAMAC_SHARE/libc	stdlib.h	243	strtoull	from clause	Considered valid	assigns \result \from (indirect: __nptr), (indirect: *(__nptr + (0 ..))), (indirect: __base);
FRAMAC_SHARE/libc	stdlib.h	244	strtoull	from clause	Considered valid	assigns *__endptr \from __nptr, (indirect: *(__nptr + (0 ..))), (indirect: __endptr), (indirect: __base);
FRAMAC_SHARE/libc	stdlib.h	247	strtoull	from clause	Considered valid	assigns \result \from (indirect: __nptr), (indirect: *(__nptr + (0 ..))), (indirect: __base);
FRAMAC_SHARE/libc	stdlib.h	251	strtoull	assigns clause	Considered valid	assigns \result, *__endptr;
FRAMAC_SHARE/libc	stdlib.h	251	strtoull	from clause	Considered valid	assigns \result \from (indirect: __nptr), (indirect: *(__nptr + (0 ..))), (indirect: __base);
FRAMAC_SHARE/libc	stdlib.h	252	strtoull	from clause	Considered valid	assigns *__endptr \from __nptr, (indirect: *(__nptr + (0 ..))), (indirect: __endptr), (indirect: __base);
FRAMAC_SHARE/libc	stdlib.h	253	strtoull	postcondition	Considered valid	initialization: \initialized(\old(__endptr))
FRAMAC_SHARE/libc	stdlib.h	254	strtoull	postcondition	Considered valid	valid_endptr_content: \valid_read(*\old(__endptr))
FRAMAC_SHARE/libc	stdlib.h	255	strtoull	postcondition	Considered valid	position_subset: \subset(*\old(__endptr), \old(__nptr) + (0 ..))
FRAMAC_SHARE/libc	stdlib.h	259	strtoull	assigns clause	Considered valid	assigns \nothing;
FRAMAC_SHARE/libc	stdlib.h	268	rand	assigns clause	Considered valid	assigns \result, __fc_random_counter;
FRAMAC_SHARE/libc	stdlib.h	268	rand	from clause	Considered valid	assigns \result \from __fc_random_counter;
FRAMAC_SHARE/libc	stdlib.h	269	rand	from clause	Considered valid	assigns __fc_random_counter \from __fc_random_counter;
FRAMAC_SHARE/libc	stdlib.h	270	rand	postcondition	Considered valid	result_range: 0 ≤ \result ≤ __fc_rand_max
FRAMAC_SHARE/libc	stdlib.h	274	srand	assigns clause	Considered valid	assigns __fc_random_counter;
FRAMAC_SHARE/libc	stdlib.h	274	srand	from clause	Considered valid	assigns __fc_random_counter \from __seed;
FRAMAC_SHARE/libc	stdlib.h	278	random	from clause	Considered valid	assigns \result \from __fc_random_counter;
FRAMAC_SHARE/libc	stdlib.h	279	random	postcondition	Considered valid	result_range: 0 ≤ \result ≤ __fc_rand_max
FRAMAC_SHARE/libc	stdlib.h	281	random	assigns clause	Considered valid	assigns \nothing;
FRAMAC_SHARE/libc	stdlib.h	283	srandom	assigns clause	Considered valid	assigns __fc_random_counter;
FRAMAC_SHARE/libc	stdlib.h	283	srandom	from clause	Considered valid	assigns __fc_random_counter \from __seed;
FRAMAC_SHARE/libc	stdlib.h	293	srand48	assigns clause	Considered valid	assigns __fc_random48_counter[0 .. 2], __fc_random48_init;
FRAMAC_SHARE/libc	stdlib.h	293	srand48	from clause	Considered valid	assigns __fc_random48_counter[0 .. 2] \from __seedval;
FRAMAC_SHARE/libc	stdlib.h	294	srand48	from clause	Considered valid	assigns __fc_random48_init \from \nothing;
FRAMAC_SHARE/libc	stdlib.h	295	srand48	postcondition	Considered valid	random48_initialized: __fc_random48_init ≡ 1
FRAMAC_SHARE/libc	stdlib.h	301	seed48	assigns clause	Considered valid	assigns __fc_random48_counter[0 .. 2], __fc_random48_init, \result;
FRAMAC_SHARE/libc	stdlib.h	301	seed48	from clause	Considered valid	assigns __fc_random48_counter[0 .. 2] \from (indirect: *(__seed16v + (0 .. 2)));
FRAMAC_SHARE/libc	stdlib.h	302	seed48	from clause	Considered valid	assigns __fc_random48_init \from \nothing;
FRAMAC_SHARE/libc	stdlib.h	303	seed48	from clause	Considered valid	assigns \result \from __fc_p_random48_counter;
FRAMAC_SHARE/libc	stdlib.h	304	seed48	postcondition	Considered valid	random48_initialized: __fc_random48_init ≡ 1
FRAMAC_SHARE/libc	stdlib.h	305	seed48	postcondition	Considered valid	result_counter: \result ≡ __fc_p_random48_counter
FRAMAC_SHARE/libc	stdlib.h	310	lcong48	assigns clause	Considered valid	assigns __fc_random48_counter[0 .. 2], __fc_random48_init;
FRAMAC_SHARE/libc	stdlib.h	310	lcong48	from clause	Considered valid	assigns __fc_random48_counter[0 .. 2] \from *(__param + (0 .. 5));
FRAMAC_SHARE/libc	stdlib.h	311	lcong48	from clause	Considered valid	assigns __fc_random48_init \from \nothing;
FRAMAC_SHARE/libc	stdlib.h	312	lcong48	postcondition	Considered valid	random48_initialized: __fc_random48_init ≡ 1
FRAMAC_SHARE/libc	stdlib.h	318	drand48	assigns clause	Considered valid	assigns __fc_random48_counter[0 .. 2], \result;
FRAMAC_SHARE/libc	stdlib.h	318	drand48	from clause	Considered valid	assigns __fc_random48_counter[0 .. 2] \from __fc_random48_counter[0 .. 2];
FRAMAC_SHARE/libc	stdlib.h	319	drand48	from clause	Considered valid	assigns \result \from __fc_random48_counter[0 .. 2];
FRAMAC_SHARE/libc	stdlib.h	320	drand48	postcondition	Considered valid	result_range: \is_finite(\result) ∧ 0.0 ≤ \result < 1.0
FRAMAC_SHARE/libc	stdlib.h	326	erand48	assigns clause	Considered valid	assigns __fc_random48_counter[0 .. 2], \result;
FRAMAC_SHARE/libc	stdlib.h	326	erand48	from clause	Considered valid	assigns __fc_random48_counter[0 .. 2] \from __fc_random48_counter[0 .. 2];
FRAMAC_SHARE/libc	stdlib.h	327	erand48	from clause	Considered valid	assigns \result \from __fc_random48_counter[0 .. 2];
FRAMAC_SHARE/libc	stdlib.h	328	erand48	postcondition	Considered valid	result_range: \is_finite(\result) ∧ 0.0 ≤ \result < 1.0
FRAMAC_SHARE/libc	stdlib.h	334	lrand48	assigns clause	Considered valid	assigns __fc_random48_counter[0 .. 2], \result;
FRAMAC_SHARE/libc	stdlib.h	334	lrand48	from clause	Considered valid	assigns __fc_random48_counter[0 .. 2] \from __fc_random48_counter[0 .. 2];
FRAMAC_SHARE/libc	stdlib.h	335	lrand48	from clause	Considered valid	assigns \result \from __fc_random48_counter[0 .. 2];
FRAMAC_SHARE/libc	stdlib.h	336	lrand48	postcondition	Considered valid	result_range: 0 ≤ \result < 2147483648
FRAMAC_SHARE/libc	stdlib.h	342	nrand48	assigns clause	Considered valid	assigns __fc_random48_counter[0 .. 2], \result;
FRAMAC_SHARE/libc	stdlib.h	342	nrand48	from clause	Considered valid	assigns __fc_random48_counter[0 .. 2] \from __fc_random48_counter[0 .. 2];
FRAMAC_SHARE/libc	stdlib.h	343	nrand48	from clause	Considered valid	assigns \result \from __fc_random48_counter[0 .. 2];
FRAMAC_SHARE/libc	stdlib.h	344	nrand48	postcondition	Considered valid	result_range: 0 ≤ \result < 2147483648
FRAMAC_SHARE/libc	stdlib.h	350	mrand48	assigns clause	Considered valid	assigns __fc_random48_counter[0 .. 2], \result;
FRAMAC_SHARE/libc	stdlib.h	350	mrand48	from clause	Considered valid	assigns __fc_random48_counter[0 .. 2] \from __fc_random48_counter[0 .. 2];
FRAMAC_SHARE/libc	stdlib.h	351	mrand48	from clause	Considered valid	assigns \result \from __fc_random48_counter[0 .. 2];
FRAMAC_SHARE/libc	stdlib.h	352	mrand48	postcondition	Considered valid	result_range: -2147483648 ≤ \result < 2147483648
FRAMAC_SHARE/libc	stdlib.h	358	jrand48	assigns clause	Considered valid	assigns __fc_random48_counter[0 .. 2], \result;
FRAMAC_SHARE/libc	stdlib.h	358	jrand48	from clause	Considered valid	assigns __fc_random48_counter[0 .. 2] \from __fc_random48_counter[0 .. 2];
FRAMAC_SHARE/libc	stdlib.h	359	jrand48	from clause	Considered valid	assigns \result \from __fc_random48_counter[0 .. 2];
FRAMAC_SHARE/libc	stdlib.h	360	jrand48	postcondition	Considered valid	result_range: -2147483648 ≤ \result < 2147483648
FRAMAC_SHARE/libc	stdlib.h	367	calloc	assigns clause	Considered valid	assigns __fc_heap_status, \result;
FRAMAC_SHARE/libc	stdlib.h	367	calloc	from clause	Considered valid	assigns __fc_heap_status \from (indirect: __nmemb), (indirect: __size), __fc_heap_status;
FRAMAC_SHARE/libc	stdlib.h	368	calloc	from clause	Considered valid	assigns \result \from (indirect: __nmemb), (indirect: __size), (indirect: __fc_heap_status);
FRAMAC_SHARE/libc	stdlib.h	373	calloc	postcondition	Considered valid	allocation: \fresh{Old, Here}(\result,\old(__nmemb) * \old(__size))
FRAMAC_SHARE/libc	stdlib.h	374	calloc	postcondition	Considered valid	initialization: \initialized((char *)\result + (0 .. \old(__nmemb) * \old(__size) - 1))
FRAMAC_SHARE/libc	stdlib.h	375	calloc	postcondition	Considered valid	zero_initialization: \subset(*((char *)\result + (0 .. \old(__nmemb) * \old(__size) - 1)), {0})
FRAMAC_SHARE/libc	stdlib.h	379	calloc	from clause	Considered valid	assigns \result \from \nothing;
FRAMAC_SHARE/libc	stdlib.h	381	calloc	postcondition	Considered valid	null_result: \result ≡ \null
FRAMAC_SHARE/libc	stdlib.h	385	calloc	assigns clause	Considered valid	assigns \nothing;
FRAMAC_SHARE/libc	stdlib.h	388	malloc	assigns clause	Considered valid	assigns __fc_heap_status, \result;
FRAMAC_SHARE/libc	stdlib.h	388	malloc	from clause	Considered valid	assigns __fc_heap_status \from __size, __fc_heap_status;
FRAMAC_SHARE/libc	stdlib.h	389	malloc	from clause	Considered valid	assigns \result \from (indirect: __size), (indirect: __fc_heap_status);
FRAMAC_SHARE/libc	stdlib.h	392	malloc	assigns clause	Considered valid	assigns __fc_heap_status, \result;
FRAMAC_SHARE/libc	stdlib.h	392	malloc	from clause	Considered valid	assigns __fc_heap_status \from __size, __fc_heap_status;
FRAMAC_SHARE/libc	stdlib.h	393	malloc	from clause	Considered valid	assigns \result \from (indirect: __size), (indirect: __fc_heap_status);
FRAMAC_SHARE/libc	stdlib.h	394	malloc	postcondition	Considered valid	allocation: \fresh{Old, Here}(\result,\old(__size))
FRAMAC_SHARE/libc	stdlib.h	397	malloc	from clause	Considered valid	assigns \result \from \nothing;
FRAMAC_SHARE/libc	stdlib.h	399	malloc	postcondition	Considered valid	null_result: \result ≡ \null
FRAMAC_SHARE/libc	stdlib.h	403	malloc	assigns clause	Considered valid	assigns \nothing;
FRAMAC_SHARE/libc	stdlib.h	405	free	precondition	Valid	freeable: __ptr ≡ \null ∨ \freeable(__ptr)
FRAMAC_SHARE/libc	stdlib.h	407	free	assigns clause	Considered valid	assigns __fc_heap_status;
FRAMAC_SHARE/libc	stdlib.h	407	free	from clause	Considered valid	assigns __fc_heap_status \from __fc_heap_status;
FRAMAC_SHARE/libc	stdlib.h	410	free	assigns clause	Considered valid	assigns __fc_heap_status;
FRAMAC_SHARE/libc	stdlib.h	410	free	from clause	Considered valid	assigns __fc_heap_status \from __fc_heap_status;
FRAMAC_SHARE/libc	stdlib.h	411	free	postcondition	Considered valid	freed: \allocable(\old(__ptr))
FRAMAC_SHARE/libc	stdlib.h	419	free	assigns clause	Considered valid	assigns \nothing;
FRAMAC_SHARE/libc	stdlib.h	425	realloc	assigns clause	Considered valid	assigns __fc_heap_status, \result;
FRAMAC_SHARE/libc	stdlib.h	425	realloc	from clause	Considered valid	assigns __fc_heap_status \from __fc_heap_status;
FRAMAC_SHARE/libc	stdlib.h	426	realloc	from clause	Considered valid	assigns \result \from __size, __ptr, __fc_heap_status;
FRAMAC_SHARE/libc	stdlib.h	431	realloc	from clause	Considered valid	assigns \result \from __size, __fc_heap_status;
FRAMAC_SHARE/libc	stdlib.h	432	realloc	postcondition	Considered valid	allocation: \fresh{Old, Here}(\result,\old(__size))
FRAMAC_SHARE/libc	stdlib.h	438	realloc	postcondition	Considered valid	freed: \allocable(\old(__ptr))
FRAMAC_SHARE/libc	stdlib.h	439	realloc	postcondition	Considered valid	freeable: \result ≡ \null ∨ \freeable(\result)
FRAMAC_SHARE/libc	stdlib.h	445	realloc	from clause	Considered valid	assigns \result \from __size, __fc_heap_status;
FRAMAC_SHARE/libc	stdlib.h	446	realloc	postcondition	Considered valid	null_result: \result ≡ \null
FRAMAC_SHARE/libc	stdlib.h	452	realloc	assigns clause	Considered valid	assigns \nothing;
FRAMAC_SHARE/libc	stdlib.h	459	reallocarray	assigns clause	Considered valid	assigns __fc_heap_status, \result;
FRAMAC_SHARE/libc	stdlib.h	459	reallocarray	from clause	Considered valid	assigns __fc_heap_status \from (indirect: nmemb), (indirect: size), __fc_heap_status;
FRAMAC_SHARE/libc	stdlib.h	461	reallocarray	from clause	Considered valid	assigns \result \from ptr, (indirect: nmemb), (indirect: size), (indirect: __fc_heap_status);
FRAMAC_SHARE/libc	stdlib.h	467	reallocarray	postcondition	Considered valid	allocation: \fresh{Old, Here}(\result,\old(nmemb) * \old(size))
FRAMAC_SHARE/libc	stdlib.h	473	reallocarray	postcondition	Considered valid	freed: \allocable(\old(ptr))
FRAMAC_SHARE/libc	stdlib.h	474	reallocarray	postcondition	Considered valid	freeable: \result ≡ \null ∨ \freeable(\result)
FRAMAC_SHARE/libc	stdlib.h	480	reallocarray	from clause	Considered valid	assigns \result \from (indirect: nmemb), (indirect: size), (indirect: __fc_heap_status);
FRAMAC_SHARE/libc	stdlib.h	482	reallocarray	postcondition	Considered valid	null_result: \result ≡ \null
FRAMAC_SHARE/libc	stdlib.h	488	reallocarray	assigns clause	Considered valid	assigns \nothing;
FRAMAC_SHARE/libc	stdlib.h	493	abort	assigns clause	Considered valid	
FRAMAC_SHARE/libc	stdlib.h	493	abort	from clause	Considered valid	assigns \exit_status \from \nothing;
FRAMAC_SHARE/libc	stdlib.h	494	abort	postcondition	Considered valid	status: \exit_status ≢ 0
FRAMAC_SHARE/libc	stdlib.h	495	abort	postcondition	Considered valid	never_terminates: \false
FRAMAC_SHARE/libc	stdlib.h	499	atexit	from clause	Considered valid	assigns \result \from \nothing;
FRAMAC_SHARE/libc	stdlib.h	500	atexit	assigns clause	Considered valid	assigns \nothing;
FRAMAC_SHARE/libc	stdlib.h	502	at_quick_exit	from clause	Considered valid	assigns \result \from \nothing;
FRAMAC_SHARE/libc	stdlib.h	503	at_quick_exit	assigns clause	Considered valid	assigns \nothing;
FRAMAC_SHARE/libc	stdlib.h	506	exit	assigns clause	Considered valid	
FRAMAC_SHARE/libc	stdlib.h	506	exit	from clause	Considered valid	assigns \exit_status \from __status;
FRAMAC_SHARE/libc	stdlib.h	507	exit	postcondition	Considered valid	status: \exit_status ≡ \old(__status)
FRAMAC_SHARE/libc	stdlib.h	508	exit	postcondition	Considered valid	never_terminates: \false
FRAMAC_SHARE/libc	stdlib.h	514	_Exit	postcondition	Considered valid	never_terminates: \false
FRAMAC_SHARE/libc	stdlib.h	516	_Exit	assigns clause	Considered valid	assigns \nothing;
FRAMAC_SHARE/libc	stdlib.h	522	getenv	from clause	Considered valid	assigns \result \from __fc_env[0 ..], (indirect: __name), *(__name + (0 ..));
FRAMAC_SHARE/libc	stdlib.h	523	getenv	postcondition	Considered valid	null_or_valid_result: \result ≡ \null ∨ \valid(\result)
FRAMAC_SHARE/libc	stdlib.h	525	getenv	assigns clause	Considered valid	assigns \nothing;
FRAMAC_SHARE/libc	stdlib.h	529	putenv	assigns clause	Considered valid	assigns __fc_env[0 ..], \result;
FRAMAC_SHARE/libc	stdlib.h	529	putenv	from clause	Considered valid	assigns __fc_env[0 ..] \from __fc_env[0 ..], __string;
FRAMAC_SHARE/libc	stdlib.h	530	putenv	from clause	Considered valid	assigns \result \from (indirect: __fc_env[0 ..]), (indirect: __string);
FRAMAC_SHARE/libc	stdlib.h	537	setenv	assigns clause	Considered valid	assigns \result, __fc_env[0 ..];
FRAMAC_SHARE/libc	stdlib.h	537	setenv	from clause	Considered valid	assigns \result \from __fc_env[0 ..], (indirect: __name), (indirect: *(__name + (0 ..))), (indirect: __value), (indirect: *(__value + (0 ..))), (indirect: __replace);
FRAMAC_SHARE/libc	stdlib.h	537	setenv	from clause	Considered valid	assigns __fc_env[0 ..] \from __fc_env[0 ..], (indirect: __name), (indirect: *(__name + (0 ..))), (indirect: __value), (indirect: *(__value + (0 ..))), (indirect: __replace);
FRAMAC_SHARE/libc	stdlib.h	540	setenv	postcondition	Considered valid	result_ok_or_error: \result ≡ 0 ∨ \result ≡ -1
FRAMAC_SHARE/libc	stdlib.h	546	unsetenv	assigns clause	Considered valid	assigns \result, __fc_env[0 ..];
FRAMAC_SHARE/libc	stdlib.h	546	unsetenv	from clause	Considered valid	assigns \result \from __fc_env[0 ..], (indirect: __name), (indirect: *(__name + (0 ..)));
FRAMAC_SHARE/libc	stdlib.h	546	unsetenv	from clause	Considered valid	assigns __fc_env[0 ..] \from __fc_env[0 ..], (indirect: __name), (indirect: *(__name + (0 ..)));
FRAMAC_SHARE/libc	stdlib.h	548	unsetenv	postcondition	Considered valid	result_ok_or_error: \result ≡ 0 ∨ \result ≡ -1
FRAMAC_SHARE/libc	stdlib.h	554	quick_exit	postcondition	Considered valid	never_terminates: \false
FRAMAC_SHARE/libc	stdlib.h	556	quick_exit	assigns clause	Considered valid	assigns \nothing;
FRAMAC_SHARE/libc	stdlib.h	561	system	from clause	Considered valid	assigns \result \from (indirect: __command), (indirect: *(__command + (0 ..)));
FRAMAC_SHARE/libc	stdlib.h	563	system	assigns clause	Considered valid	assigns \nothing;
FRAMAC_SHARE/libc	stdlib.h	576	bsearch	from clause	Considered valid	assigns \result \from (indirect: __key), *((char *)__key + (0 .. __size - 1)), __base, *((char *)__base + (0 .. __size * (__nmemb - 1))), (indirect: __nmemb), (indirect: __size), (indirect: *__compar);
FRAMAC_SHARE/libc	stdlib.h	579	bsearch	postcondition	Considered valid	null_or_correct_result: \result ≡ \null ∨ \subset(\result, (void *)((char *)\old(__base) + (0 .. \old(__size) * (\old(__nmemb) - 1))))
FRAMAC_SHARE/libc	stdlib.h	582	bsearch	assigns clause	Considered valid	assigns \nothing;
FRAMAC_SHARE/libc	stdlib.h	589	qsort	assigns clause	Considered valid	assigns *((char *)__base + (0 ..));
FRAMAC_SHARE/libc	stdlib.h	589	qsort	from clause	Considered valid	assigns *((char *)__base + (0 ..)) \from (indirect: __base), *((char *)__base + (0 ..)), (indirect: __nmemb), (indirect: __size), (indirect: __compar), (indirect: *__compar);
FRAMAC_SHARE/libc	stdlib.h	600	abs	from clause	Considered valid	assigns \result \from __x;
FRAMAC_SHARE/libc	stdlib.h	603	abs	postcondition	Considered valid	opposite_result: \result ≡ -\old(__x)
FRAMAC_SHARE/libc	stdlib.h	606	abs	postcondition	Considered valid	same_result: \result ≡ \old(__x)
FRAMAC_SHARE/libc	stdlib.h	610	abs	assigns clause	Considered valid	assigns \nothing;
FRAMAC_SHARE/libc	stdlib.h	614	labs	from clause	Considered valid	assigns \result \from __x;
FRAMAC_SHARE/libc	stdlib.h	617	labs	postcondition	Considered valid	opposite_result: \result ≡ -\old(__x)
FRAMAC_SHARE/libc	stdlib.h	620	labs	postcondition	Considered valid	same_result: \result ≡ \old(__x)
FRAMAC_SHARE/libc	stdlib.h	624	labs	assigns clause	Considered valid	assigns \nothing;
FRAMAC_SHARE/libc	stdlib.h	628	llabs	from clause	Considered valid	assigns \result \from __x;
FRAMAC_SHARE/libc	stdlib.h	631	llabs	postcondition	Considered valid	opposite_result: \result ≡ -\old(__x)
FRAMAC_SHARE/libc	stdlib.h	634	llabs	postcondition	Considered valid	same_result: \result ≡ \old(__x)
FRAMAC_SHARE/libc	stdlib.h	638	llabs	assigns clause	Considered valid	assigns \nothing;
FRAMAC_SHARE/libc	stdlib.h	640	div	from clause	Considered valid	assigns \result \from __numer, __denom;
FRAMAC_SHARE/libc	stdlib.h	641	div	assigns clause	Considered valid	assigns \nothing;
FRAMAC_SHARE/libc	stdlib.h	642	ldiv	from clause	Considered valid	assigns \result \from __numer, __denom;
FRAMAC_SHARE/libc	stdlib.h	643	ldiv	assigns clause	Considered valid	assigns \nothing;
FRAMAC_SHARE/libc	stdlib.h	644	lldiv	from clause	Considered valid	assigns \result \from __numer, __denom;
FRAMAC_SHARE/libc	stdlib.h	645	lldiv	assigns clause	Considered valid	assigns \nothing;
FRAMAC_SHARE/libc	stdlib.h	651	mblen	assigns clause	Considered valid	assigns \result, __fc_mblen_state;
FRAMAC_SHARE/libc	stdlib.h	651	mblen	from clause	Considered valid	assigns \result \from (indirect: __s), (indirect: *(__s + (0 ..))), (indirect: __n), __fc_mblen_state;
FRAMAC_SHARE/libc	stdlib.h	651	mblen	from clause	Considered valid	assigns __fc_mblen_state \from (indirect: __s), (indirect: *(__s + (0 ..))), (indirect: __n), __fc_mblen_state;
FRAMAC_SHARE/libc	stdlib.h	659	mbtowc	assigns clause	Considered valid	assigns \result, *(__pwc + (0 .. \result - 1)), __fc_mbtowc_state;
FRAMAC_SHARE/libc	stdlib.h	659	mbtowc	from clause	Considered valid	assigns \result \from (indirect: __s), (indirect: *(__s + (0 .. __n - 1))), (indirect: __n), __fc_mbtowc_state;
FRAMAC_SHARE/libc	stdlib.h	661	mbtowc	from clause	Considered valid	assigns *(__pwc + (0 .. \result - 1)) \from (indirect: __s), *(__s + (0 .. __n - 1)), (indirect: __n), __fc_mbtowc_state;
FRAMAC_SHARE/libc	stdlib.h	661	mbtowc	from clause	Considered valid	assigns __fc_mbtowc_state \from (indirect: __s), *(__s + (0 .. __n - 1)), (indirect: __n), __fc_mbtowc_state;
FRAMAC_SHARE/libc	stdlib.h	663	mbtowc	postcondition	Considered valid	consumed_range: \result ≤ \old(__n)
FRAMAC_SHARE/libc	stdlib.h	673	wctomb	assigns clause	Considered valid	assigns \result, *(__s + (0 ..)), __fc_wctomb_state;
FRAMAC_SHARE/libc	stdlib.h	673	wctomb	from clause	Considered valid	assigns \result \from (indirect: __wchar), __fc_wctomb_state;
FRAMAC_SHARE/libc	stdlib.h	674	wctomb	from clause	Considered valid	assigns *(__s + (0 ..)) \from __wchar, __fc_wctomb_state;
FRAMAC_SHARE/libc	stdlib.h	674	wctomb	from clause	Considered valid	assigns __fc_wctomb_state \from __wchar, __fc_wctomb_state;
FRAMAC_SHARE/libc	stdlib.h	682	mbstowcs	assigns clause	Considered valid	assigns \result, *(__pwcs + (0 .. __n - 1));
FRAMAC_SHARE/libc	stdlib.h	682	mbstowcs	from clause	Considered valid	assigns \result \from (indirect: __s), (indirect: *(__s + (0 .. __n - 1))), (indirect: __n);
FRAMAC_SHARE/libc	stdlib.h	683	mbstowcs	from clause	Considered valid	assigns *(__pwcs + (0 .. __n - 1)) \from (indirect: __s), *(__s + (0 .. __n - 1)), (indirect: __n);
FRAMAC_SHARE/libc	stdlib.h	691	wcstombs	assigns clause	Considered valid	assigns \result, *(__s + (0 .. __n - 1));
FRAMAC_SHARE/libc	stdlib.h	691	wcstombs	from clause	Considered valid	assigns \result \from (indirect: __pwcs), (indirect: *(__pwcs + (0 .. __n - 1))), (indirect: __n);
FRAMAC_SHARE/libc	stdlib.h	692	wcstombs	from clause	Considered valid	assigns *(__s + (0 .. __n - 1)) \from (indirect: __pwcs), *(__pwcs + (0 .. __n - 1)), (indirect: __n);
FRAMAC_SHARE/libc	stdlib.h	706	posix_memalign	assigns clause	Considered valid	assigns __fc_heap_status, \result;
FRAMAC_SHARE/libc	stdlib.h	706	posix_memalign	from clause	Considered valid	assigns __fc_heap_status \from (indirect: __alignment), __size, __fc_heap_status;
FRAMAC_SHARE/libc	stdlib.h	707	posix_memalign	from clause	Considered valid	assigns \result \from (indirect: __alignment), (indirect: __size), (indirect: __fc_heap_status);
FRAMAC_SHARE/libc	stdlib.h	711	posix_memalign	assigns clause	Considered valid	assigns __fc_heap_status, \result;
FRAMAC_SHARE/libc	stdlib.h	711	posix_memalign	from clause	Considered valid	assigns __fc_heap_status \from (indirect: __alignment), __size, __fc_heap_status;
FRAMAC_SHARE/libc	stdlib.h	712	posix_memalign	from clause	Considered valid	assigns \result \from (indirect: __alignment), (indirect: __size), (indirect: __fc_heap_status);
FRAMAC_SHARE/libc	stdlib.h	714	posix_memalign	postcondition	Considered valid	allocation: \fresh{Old, Here}(*\old(__memptr),\old(__size))
FRAMAC_SHARE/libc	stdlib.h	715	posix_memalign	postcondition	Considered valid	result_zero: \result ≡ 0
FRAMAC_SHARE/libc	stdlib.h	718	posix_memalign	from clause	Considered valid	assigns \result \from (indirect: __alignment);
FRAMAC_SHARE/libc	stdlib.h	720	posix_memalign	postcondition	Considered valid	result_non_zero: \result < 0 ∨ \result > 0
FRAMAC_SHARE/libc	stdlib.h	724	posix_memalign	assigns clause	Considered valid	assigns \nothing;
FRAMAC_SHARE/libc	stdlib.h	731	mkstemp	assigns clause	Considered valid	assigns *(__template + (0 ..)), \result;
FRAMAC_SHARE/libc	stdlib.h	731	mkstemp	from clause	Considered valid	assigns *(__template + (0 ..)) \from \nothing;
FRAMAC_SHARE/libc	stdlib.h	732	mkstemp	from clause	Considered valid	assigns \result \from \nothing;
FRAMAC_SHARE/libc	stdlib.h	733	mkstemp	postcondition	Considered valid	result_error_or_valid_fd: \result ≡ -1 ∨ (0 ≤ \result < 16)
FRAMAC_SHARE/libc	stdlib.h	744	mkstemps	assigns clause	Considered valid	assigns *(__template + (0 ..)), \result;
FRAMAC_SHARE/libc	stdlib.h	744	mkstemps	from clause	Considered valid	assigns *(__template + (0 ..)) \from \nothing;
FRAMAC_SHARE/libc	stdlib.h	745	mkstemps	from clause	Considered valid	assigns \result \from \nothing;
FRAMAC_SHARE/libc	stdlib.h	746	mkstemps	postcondition	Considered valid	result_error_or_valid_fd: \result ≡ -1 ∨ (0 ≤ \result < 16)
FRAMAC_SHARE/libc	string.h	61	memcmp	from clause	Considered valid	assigns \result \from (indirect: *((char *)s1 + (0 .. n - 1))), (indirect: *((char *)s2 + (0 .. n - 1)));
FRAMAC_SHARE/libc	string.h	63	memcmp	postcondition	Considered valid	logic_spec: \result ≡ memcmp{Pre, Pre}((char *)\old(s1), (char *)\old(s2), \old(n))
FRAMAC_SHARE/libc	string.h	65	memcmp	assigns clause	Considered valid	assigns \nothing;
FRAMAC_SHARE/libc	string.h	76	memchr	from clause	Considered valid	assigns \result \from s, c, *((unsigned char *)s + (0 .. n - 1));
FRAMAC_SHARE/libc	string.h	79	memchr	postcondition	Considered valid	result_same_base: \base_addr(\result) ≡ \base_addr(\old(s))
FRAMAC_SHARE/libc	string.h	80	memchr	postcondition	Considered valid	result_char: (int)*((char *)\result) ≡ \old(c)
FRAMAC_SHARE/libc	string.h	81	memchr	postcondition	Considered valid	result_in_str: ∀ ℤ i; 0 ≤ i < \old(n) ⇒ *((unsigned char *)\old(s) + i) ≡ \old(c) ⇒ (unsigned char *)\result ≤ (unsigned char *)\old(s) + i
FRAMAC_SHARE/libc	string.h	86	memchr	postcondition	Considered valid	result_null: \result ≡ \null
FRAMAC_SHARE/libc	string.h	88	memchr	assigns clause	Considered valid	assigns \nothing;
FRAMAC_SHARE/libc	string.h	95	memcpy	precondition	Valid	valid_dest: valid_or_empty(dest, n)
FRAMAC_SHARE/libc	string.h	96	memcpy	precondition	Valid	valid_src: valid_read_or_empty(src, n)
FRAMAC_SHARE/libc	string.h	98	memcpy	precondition	Valid	separation: \separated((char *)dest + (0 .. n - 1), (char *)src + (0 .. n - 1))
FRAMAC_SHARE/libc	string.h	99	memcpy	assigns clause	Considered valid	assigns *((char *)dest + (0 .. n - 1)), \result;
FRAMAC_SHARE/libc	string.h	99	memcpy	from clause	Considered valid	assigns *((char *)dest + (0 .. n - 1)) \from *((char *)src + (0 .. n - 1));
FRAMAC_SHARE/libc	string.h	100	memcpy	from clause	Considered valid	assigns \result \from dest;
FRAMAC_SHARE/libc	string.h	101	memcpy	postcondition	Considered valid	copied_contents: memcmp{Post, Pre}((char *)\old(dest), (char *)\old(src), \old(n)) ≡ 0
FRAMAC_SHARE/libc	string.h	102	memcpy	postcondition	Considered valid	result_ptr: \result ≡ \old(dest)
FRAMAC_SHARE/libc	string.h	112	mempcpy	assigns clause	Considered valid	assigns *((char *)dest + (0 .. n - 1)), \result;
FRAMAC_SHARE/libc	string.h	112	mempcpy	from clause	Considered valid	assigns *((char *)dest + (0 .. n - 1)) \from *((char *)src + (0 .. n - 1));
FRAMAC_SHARE/libc	string.h	113	mempcpy	from clause	Considered valid	assigns \result \from dest, n;
FRAMAC_SHARE/libc	string.h	114	mempcpy	postcondition	Considered valid	copied_contents: memcmp{Post, Pre}((char *)\old(dest), (char *)\old(src), \old(n)) ≡ 0
FRAMAC_SHARE/libc	string.h	115	mempcpy	postcondition	Considered valid	result_next_byte: \result ≡ \old(dest) + \old(n)
FRAMAC_SHARE/libc	string.h	120	memmove	precondition	Valid	valid_dest: valid_or_empty(dest, n)
FRAMAC_SHARE/libc	string.h	121	memmove	precondition	Valid	valid_src: valid_read_or_empty(src, n)
FRAMAC_SHARE/libc	string.h	122	memmove	assigns clause	Considered valid	assigns *((char *)dest + (0 .. n - 1)), \result;
FRAMAC_SHARE/libc	string.h	122	memmove	from clause	Considered valid	assigns *((char *)dest + (0 .. n - 1)) \from *((char *)src + (0 .. n - 1));
FRAMAC_SHARE/libc	string.h	123	memmove	from clause	Considered valid	assigns \result \from dest;
FRAMAC_SHARE/libc	string.h	124	memmove	postcondition	Considered valid	copied_contents: memcmp{Post, Pre}((char *)\old(dest), (char *)\old(src), \old(n)) ≡ 0
FRAMAC_SHARE/libc	string.h	125	memmove	postcondition	Considered valid	result_ptr: \result ≡ \old(dest)
FRAMAC_SHARE/libc	string.h	131	memset	precondition	Valid	valid_s: valid_or_empty(s, n)
FRAMAC_SHARE/libc	string.h	132	memset	assigns clause	Considered valid	assigns *((char *)s + (0 .. n - 1)), \result;
FRAMAC_SHARE/libc	string.h	132	memset	from clause	Considered valid	assigns *((char *)s + (0 .. n - 1)) \from c;
FRAMAC_SHARE/libc	string.h	133	memset	from clause	Considered valid	assigns \result \from s;
FRAMAC_SHARE/libc	string.h	134	memset	postcondition	Considered valid	acsl_c_equiv: memset((char *)\old(s), \old(c), \old(n)) ≡ \true
FRAMAC_SHARE/libc	string.h	135	memset	postcondition	Considered valid	result_ptr: \result ≡ \old(s)
FRAMAC_SHARE/libc	string.h	142	strlen	from clause	Considered valid	assigns \result \from (indirect: *(s + (0 ..)));
FRAMAC_SHARE/libc	string.h	143	strlen	postcondition	Considered valid	acsl_c_equiv: \result ≡ strlen(\old(s))
FRAMAC_SHARE/libc	string.h	145	strlen	assigns clause	Considered valid	assigns \nothing;
FRAMAC_SHARE/libc	string.h	148	strnlen	from clause	Considered valid	assigns \result \from (indirect: *(s + (0 .. n - 1))), (indirect: n);
FRAMAC_SHARE/libc	string.h	149	strnlen	postcondition	Considered valid	result_bounded: \result ≡ strlen(\old(s)) ∨ \result ≡ \old(n)
FRAMAC_SHARE/libc	string.h	151	strnlen	assigns clause	Considered valid	assigns \nothing;
FRAMAC_SHARE/libc	string.h	155	strcmp	from clause	Considered valid	assigns \result \from (indirect: *(s1 + (0 ..))), (indirect: *(s2 + (0 ..)));
FRAMAC_SHARE/libc	string.h	156	strcmp	postcondition	Considered valid	acsl_c_equiv: \result ≡ strcmp(\old(s1), \old(s2))
FRAMAC_SHARE/libc	string.h	158	strcmp	assigns clause	Considered valid	assigns \nothing;
FRAMAC_SHARE/libc	string.h	162	strncmp	from clause	Considered valid	assigns \result \from (indirect: *(s1 + (0 .. n - 1))), (indirect: *(s2 + (0 .. n - 1))), (indirect: n);
FRAMAC_SHARE/libc	string.h	163	strncmp	postcondition	Considered valid	acsl_c_equiv: \result ≡ strncmp(\old(s1), \old(s2), \old(n))
FRAMAC_SHARE/libc	string.h	165	strncmp	assigns clause	Considered valid	assigns \nothing;
FRAMAC_SHARE/libc	string.h	169	strcoll	from clause	Considered valid	assigns \result \from (indirect: *(s1 + (0 ..))), (indirect: *(s2 + (0 ..)));
FRAMAC_SHARE/libc	string.h	171	strcoll	assigns clause	Considered valid	assigns \nothing;
FRAMAC_SHARE/libc	string.h	174	strchr	from clause	Considered valid	assigns \result \from s, (indirect: *(s + (0 .. strlen{Old}(s)))), (indirect: c);
FRAMAC_SHARE/libc	string.h	177	strchr	postcondition	Considered valid	result_char: *\result ≡ (char)\old(c)
FRAMAC_SHARE/libc	string.h	178	strchr	postcondition	Considered valid	result_same_base: \base_addr(\result) ≡ \base_addr(\old(s))
FRAMAC_SHARE/libc	string.h	179	strchr	postcondition	Considered valid	result_in_length: \old(s) ≤ \result ≤ \old(s) + strlen(\old(s))
FRAMAC_SHARE/libc	string.h	180	strchr	postcondition	Considered valid	result_valid_string: valid_read_string(\result)
FRAMAC_SHARE/libc	string.h	181	strchr	postcondition	Considered valid	result_first_occur: ∀ char *p; \old(s) ≤ p < \result ⇒ *p ≢ (char)\old(c)
FRAMAC_SHARE/libc	string.h	184	strchr	postcondition	Considered valid	result_null: \result ≡ \null
FRAMAC_SHARE/libc	string.h	187	strchr	postcondition	Considered valid	result_null_or_same_base: \result ≡ \null ∨ \base_addr(\result) ≡ \base_addr(\old(s))
FRAMAC_SHARE/libc	string.h	189	strchr	assigns clause	Considered valid	assigns \nothing;
FRAMAC_SHARE/libc	string.h	192	strchrnul	from clause	Considered valid	assigns \result \from s, (indirect: *(s + (0 .. strlen{Old}(s)))), (indirect: c);
FRAMAC_SHARE/libc	string.h	193	strchrnul	postcondition	Considered valid	result_same_base: \subset(\result, \old(s) + (0 .. strlen(\old(s))))
FRAMAC_SHARE/libc	string.h	195	strchrnul	assigns clause	Considered valid	assigns \nothing;
FRAMAC_SHARE/libc	string.h	198	strrchr	from clause	Considered valid	assigns \result \from s, *(s + (0 ..)), c;
FRAMAC_SHARE/libc	string.h	201	strrchr	postcondition	Considered valid	result_char: (int)*\result ≡ \old(c)
FRAMAC_SHARE/libc	string.h	202	strrchr	postcondition	Considered valid	result_same_base: \base_addr(\result) ≡ \base_addr(\old(s))
FRAMAC_SHARE/libc	string.h	203	strrchr	postcondition	Considered valid	result_valid_string: valid_read_string(\result)
FRAMAC_SHARE/libc	string.h	206	strrchr	postcondition	Considered valid	result_null: \result ≡ \null
FRAMAC_SHARE/libc	string.h	209	strrchr	postcondition	Considered valid	result_null_or_same_base: \result ≡ \null ∨ \base_addr(\result) ≡ \base_addr(\old(s))
FRAMAC_SHARE/libc	string.h	211	strrchr	assigns clause	Considered valid	assigns \nothing;
FRAMAC_SHARE/libc	string.h	215	strcspn	from clause	Considered valid	assigns \result \from (indirect: *(s + (0 ..))), (indirect: *(reject + (0 ..)));
FRAMAC_SHARE/libc	string.h	216	strcspn	postcondition	Considered valid	result_bounded: 0 ≤ \result ≤ strlen(\old(s))
FRAMAC_SHARE/libc	string.h	218	strcspn	assigns clause	Considered valid	assigns \nothing;
FRAMAC_SHARE/libc	string.h	222	strspn	assigns clause	Considered valid	assigns \result;
FRAMAC_SHARE/libc	string.h	222	strspn	from clause	Considered valid	assigns \result \from *(s + (0 ..)), *(accept + (0 ..));
FRAMAC_SHARE/libc	string.h	223	strspn	from clause	Considered valid	assigns \result \from (indirect: *(s + (0 ..))), (indirect: *(accept + (0 ..)));
FRAMAC_SHARE/libc	string.h	224	strspn	postcondition	Considered valid	result_bounded: 0 ≤ \result ≤ strlen(\old(s))
FRAMAC_SHARE/libc	string.h	230	strpbrk	from clause	Considered valid	assigns \result \from s, *(s + (0 ..)), *(accept + (0 ..));
FRAMAC_SHARE/libc	string.h	232	strpbrk	postcondition	Considered valid	result_null_or_same_base: \result ≡ \null ∨ \base_addr(\result) ≡ \base_addr(\old(s))
FRAMAC_SHARE/libc	string.h	234	strpbrk	assigns clause	Considered valid	assigns \nothing;
FRAMAC_SHARE/libc	string.h	238	strstr	from clause	Considered valid	assigns \result \from haystack, (indirect: *(haystack + (0 ..))), (indirect: *(needle + (0 ..)));
FRAMAC_SHARE/libc	string.h	241	strstr	postcondition	Considered valid	result_null_or_in_haystack: \result ≡ \null ∨ (\subset(\result, \old(haystack) + (0 ..)) ∧ \valid_read(\result) ∧ memcmp{Pre, Pre}(\result, \old(needle), strlen(\old(needle))) ≡ 0)
FRAMAC_SHARE/libc	string.h	245	strstr	assigns clause	Considered valid	assigns \nothing;
FRAMAC_SHARE/libc	string.h	249	strcasestr	from clause	Considered valid	assigns \result \from haystack, (indirect: *(haystack + (0 ..))), (indirect: *(needle + (0 ..)));
FRAMAC_SHARE/libc	string.h	252	strcasestr	postcondition	Considered valid	result_null_or_in_haystack: \result ≡ \null ∨ (\subset(\result, \old(haystack) + (0 ..)) ∧ \valid_read(\result))
FRAMAC_SHARE/libc	string.h	255	strcasestr	assigns clause	Considered valid	assigns \nothing;
FRAMAC_SHARE/libc	string.h	262	strtok	assigns clause	Considered valid	assigns *(s + (0 ..)), *(__fc_strtok_ptr + (0 ..)), \result, __fc_strtok_ptr;
FRAMAC_SHARE/libc	string.h	262	strtok	from clause	Considered valid	assigns *(s + (0 ..)) \from *(s + (0 ..)), (indirect: s), (indirect: __fc_strtok_ptr), (indirect: *(delim + (0 ..)));
FRAMAC_SHARE/libc	string.h	264	strtok	from clause	Considered valid	assigns *(__fc_strtok_ptr + (0 ..)) \from *(__fc_strtok_ptr + (0 ..)), (indirect: s), (indirect: __fc_strtok_ptr), (indirect: *(delim + (0 ..)));
FRAMAC_SHARE/libc	string.h	266	strtok	from clause	Considered valid	assigns \result \from s, __fc_strtok_ptr, (indirect: *(s + (0 ..))), (indirect: *(__fc_strtok_ptr + (0 ..))), (indirect: *(delim + (0 ..)));
FRAMAC_SHARE/libc	string.h	268	strtok	from clause	Considered valid	assigns __fc_strtok_ptr \from \old(__fc_strtok_ptr), s, (indirect: *(__fc_strtok_ptr + (0 ..))), (indirect: *(delim + (0 ..)));
FRAMAC_SHARE/libc	string.h	277	strtok	assigns clause	Considered valid	assigns __fc_strtok_ptr, *(s + (0 ..)), \result;
FRAMAC_SHARE/libc	string.h	277	strtok	from clause	Considered valid	assigns __fc_strtok_ptr \from s, (indirect: *(s + (0 ..))), (indirect: *(delim + (0 ..)));
FRAMAC_SHARE/libc	string.h	278	strtok	from clause	Considered valid	assigns *(s + (0 ..)) \from *(s + (0 ..)), (indirect: s), (indirect: *(delim + (0 ..)));
FRAMAC_SHARE/libc	string.h	279	strtok	from clause	Considered valid	assigns \result \from s, (indirect: *(s + (0 ..))), (indirect: *(delim + (0 ..)));
FRAMAC_SHARE/libc	string.h	280	strtok	postcondition	Considered valid	result_subset: \result ≡ \null ∨ \subset(\result, \old(s) + (0 ..))
FRAMAC_SHARE/libc	string.h	281	strtok	postcondition	Considered valid	ptr_subset: \subset(__fc_strtok_ptr, \old(s) + (0 ..))
FRAMAC_SHARE/libc	string.h	285	strtok	assigns clause	Considered valid	assigns *(__fc_strtok_ptr + (0 ..)), __fc_strtok_ptr, \result;
FRAMAC_SHARE/libc	string.h	285	strtok	from clause	Considered valid	assigns *(__fc_strtok_ptr + (0 ..)) \from *(__fc_strtok_ptr + (0 ..)), (indirect: __fc_strtok_ptr), (indirect: *(delim + (0 ..)));
FRAMAC_SHARE/libc	string.h	288	strtok	from clause	Considered valid	assigns __fc_strtok_ptr \from \old(__fc_strtok_ptr), (indirect: *(__fc_strtok_ptr + (0 ..))), (indirect: *(delim + (0 ..)));
FRAMAC_SHARE/libc	string.h	291	strtok	from clause	Considered valid	assigns \result \from __fc_strtok_ptr, (indirect: *(__fc_strtok_ptr + (0 ..))), (indirect: *(delim + (0 ..)));
FRAMAC_SHARE/libc	string.h	293	strtok	postcondition	Considered valid	result_subset: \result ≡ \null ∨ \subset(\result, \old(__fc_strtok_ptr) + (0 ..))
FRAMAC_SHARE/libc	string.h	295	strtok	postcondition	Considered valid	ptr_subset: \subset(__fc_strtok_ptr, \old(__fc_strtok_ptr) + (0 ..))
FRAMAC_SHARE/libc	string.h	304	strtok_r	assigns clause	Considered valid	assigns *(s + (0 ..)), *(*saveptr + (0 ..)), \result, *saveptr;
FRAMAC_SHARE/libc	string.h	304	strtok_r	from clause	Considered valid	assigns *(s + (0 ..)) \from *(s + (0 ..)), (indirect: s), (indirect: *saveptr), (indirect: *(delim + (0 ..)));
FRAMAC_SHARE/libc	string.h	306	strtok_r	from clause	Considered valid	assigns *(*saveptr + (0 ..)) \from *(*saveptr + (0 ..)), (indirect: s), (indirect: *saveptr), (indirect: *(delim + (0 ..)));
FRAMAC_SHARE/libc	string.h	308	strtok_r	from clause	Considered valid	assigns \result \from s, *saveptr, (indirect: *(s + (0 ..))), (indirect: *(*saveptr + (0 ..))), (indirect: *(delim + (0 ..)));
FRAMAC_SHARE/libc	string.h	310	strtok_r	from clause	Considered valid	assigns *saveptr \from \old(*saveptr), s, (indirect: *(*saveptr + (0 ..))), (indirect: *(delim + (0 ..)));
FRAMAC_SHARE/libc	string.h	319	strtok_r	assigns clause	Considered valid	assigns *saveptr, *(s + (0 ..)), \result;
FRAMAC_SHARE/libc	string.h	319	strtok_r	from clause	Considered valid	assigns *saveptr \from s, (indirect: *(s + (0 ..))), (indirect: *(delim + (0 ..)));
FRAMAC_SHARE/libc	string.h	320	strtok_r	from clause	Considered valid	assigns *(s + (0 ..)) \from *(s + (0 ..)), (indirect: s), (indirect: *(delim + (0 ..)));
FRAMAC_SHARE/libc	string.h	321	strtok_r	from clause	Considered valid	assigns \result \from s, (indirect: *(s + (0 ..))), (indirect: *(delim + (0 ..)));
FRAMAC_SHARE/libc	string.h	322	strtok_r	postcondition	Considered valid	result_subset: \result ≡ \null ∨ \subset(\result, \old(s) + (0 ..))
FRAMAC_SHARE/libc	string.h	323	strtok_r	postcondition	Considered valid	initialization: \initialized(\old(saveptr))
FRAMAC_SHARE/libc	string.h	324	strtok_r	postcondition	Considered valid	saveptr_subset: \subset(*\old(saveptr), \old(s) + (0 ..))
FRAMAC_SHARE/libc	string.h	329	strtok_r	assigns clause	Considered valid	assigns *(*saveptr + (0 ..)), *saveptr, \result;
FRAMAC_SHARE/libc	string.h	329	strtok_r	from clause	Considered valid	assigns *(*saveptr + (0 ..)) \from *(*saveptr + (0 ..)), (indirect: *saveptr), (indirect: *(delim + (0 ..)));
FRAMAC_SHARE/libc	string.h	332	strtok_r	from clause	Considered valid	assigns *saveptr \from \old(*saveptr), (indirect: *(*saveptr + (0 ..))), (indirect: *(delim + (0 ..)));
FRAMAC_SHARE/libc	string.h	335	strtok_r	from clause	Considered valid	assigns \result \from *saveptr, (indirect: *(*saveptr + (0 ..))), (indirect: *(delim + (0 ..)));
FRAMAC_SHARE/libc	string.h	337	strtok_r	postcondition	Considered valid	result_subset: \result ≡ \null ∨ \subset(\result, \old(*saveptr) + (0 ..))
FRAMAC_SHARE/libc	string.h	339	strtok_r	postcondition	Considered valid	saveptr_subset: \subset(*\old(saveptr), \old(*saveptr) + (0 ..))
FRAMAC_SHARE/libc	string.h	347	strsep	assigns clause	Considered valid	assigns *stringp, \result;
FRAMAC_SHARE/libc	string.h	347	strsep	from clause	Considered valid	assigns *stringp \from *(delim + (..)), *(*(stringp + (..)));
FRAMAC_SHARE/libc	string.h	348	strsep	from clause	Considered valid	assigns \result \from *(delim + (..)), *(*(stringp + (..)));
FRAMAC_SHARE/libc	string.h	358	strerror	from clause	Considered valid	assigns \result \from __fc_p_strerror, (indirect: errnum);
FRAMAC_SHARE/libc	string.h	359	strerror	postcondition	Considered valid	result_internal_str: \result ≡ __fc_p_strerror
FRAMAC_SHARE/libc	string.h	360	strerror	postcondition	Considered valid	result_nul_terminated: *(\result + 63) ≡ 0
FRAMAC_SHARE/libc	string.h	361	strerror	postcondition	Considered valid	result_valid_string: valid_read_string(\result)
FRAMAC_SHARE/libc	string.h	363	strerror	assigns clause	Considered valid	assigns \nothing;
FRAMAC_SHARE/libc	string.h	371	strcpy	assigns clause	Considered valid	assigns *(dest + (0 .. strlen{Old}(src))), \result;
FRAMAC_SHARE/libc	string.h	371	strcpy	from clause	Considered valid	assigns *(dest + (0 .. strlen{Old}(src))) \from *(src + (0 .. strlen{Old}(src)));
FRAMAC_SHARE/libc	string.h	372	strcpy	from clause	Considered valid	assigns \result \from dest;
FRAMAC_SHARE/libc	string.h	373	strcpy	postcondition	Considered valid	equal_contents: strcmp(\old(dest), \old(src)) ≡ 0
FRAMAC_SHARE/libc	string.h	374	strcpy	postcondition	Considered valid	result_ptr: \result ≡ \old(dest)
FRAMAC_SHARE/libc	string.h	383	strncpy	assigns clause	Considered valid	assigns *(dest + (0 .. n - 1)), \result;
FRAMAC_SHARE/libc	string.h	383	strncpy	from clause	Considered valid	assigns *(dest + (0 .. n - 1)) \from *(src + (0 .. n - 1));
FRAMAC_SHARE/libc	string.h	384	strncpy	from clause	Considered valid	assigns \result \from dest;
FRAMAC_SHARE/libc	string.h	385	strncpy	postcondition	Considered valid	result_ptr: \result ≡ \old(dest)
FRAMAC_SHARE/libc	string.h	386	strncpy	postcondition	Considered valid	initialization: \initialized(\old(dest) + (0 .. \old(n) - 1))
FRAMAC_SHARE/libc	string.h	389	strncpy	postcondition	Considered valid	equal_after_copy: strcmp(\old(dest), \old(src)) ≡ 0
FRAMAC_SHARE/libc	string.h	392	strncpy	postcondition	Considered valid	equal_prefix: memcmp{Post, Post}(\old(dest), \old(src), \old(n)) ≡ 0
FRAMAC_SHARE/libc	string.h	404	strlcpy	assigns clause	Considered valid	assigns *(dest + (0 .. n - 1)), \result;
FRAMAC_SHARE/libc	string.h	404	strlcpy	from clause	Considered valid	assigns *(dest + (0 .. n - 1)) \from *(src + (0 .. n - 1));
FRAMAC_SHARE/libc	string.h	405	strlcpy	from clause	Considered valid	assigns \result \from (indirect: src), (indirect: *(src + (0 .. n - 1))), (indirect: n);
FRAMAC_SHARE/libc	string.h	406	strlcpy	postcondition	Considered valid	initialization: \initialized(\old(dest) + (0 .. \min(strlen(\old(src)), \old(n) - 1)))
FRAMAC_SHARE/libc	string.h	407	strlcpy	postcondition	Considered valid	bounded_result: \result ≡ strlen(\old(src))
FRAMAC_SHARE/libc	string.h	416	stpcpy	assigns clause	Considered valid	assigns *(dest + (0 .. strlen{Old}(src))), \result;
FRAMAC_SHARE/libc	string.h	416	stpcpy	from clause	Considered valid	assigns *(dest + (0 .. strlen{Old}(src))) \from *(src + (0 .. strlen{Old}(src)));
FRAMAC_SHARE/libc	string.h	417	stpcpy	from clause	Considered valid	assigns \result \from dest;
FRAMAC_SHARE/libc	string.h	418	stpcpy	postcondition	Considered valid	equal_contents: strcmp(\old(dest), \old(src)) ≡ 0
FRAMAC_SHARE/libc	string.h	419	stpcpy	postcondition	Considered valid	points_to_end: \result ≡ \old(dest) + strlen(\old(dest))
FRAMAC_SHARE/libc	string.h	427	strcat	assigns clause	Considered valid	assigns *(dest + (strlen{Old}(dest) .. strlen{Old}(dest) + strlen{Old}(src))), \result;
FRAMAC_SHARE/libc	string.h	427	strcat	from clause	Considered valid	assigns *(dest + (strlen{Old}(dest) .. strlen{Old}(dest) + strlen{Old}(src))) \from *(src + (0 .. strlen{Old}(src)));
FRAMAC_SHARE/libc	string.h	429	strcat	postcondition	Considered valid	sum_of_lengths: strlen(\old(dest)) ≡ \old(strlen(dest) + strlen(src))
FRAMAC_SHARE/libc	string.h	430	strcat	from clause	Considered valid	assigns \result \from dest;
FRAMAC_SHARE/libc	string.h	432	strcat	postcondition	Considered valid	initialization: dest: \initialized(\old(dest) + (0 .. \old(strlen(dest) + strlen(src))))
FRAMAC_SHARE/libc	string.h	433	strcat	postcondition	Considered valid	dest_null_terminated: *(\old(dest) + \old(strlen(dest) + strlen(src))) ≡ 0
FRAMAC_SHARE/libc	string.h	434	strcat	postcondition	Considered valid	result_ptr: \result ≡ \old(dest)
FRAMAC_SHARE/libc	string.h	441	strncat	assigns clause	Considered valid	assigns *(dest + (strlen{Old}(dest) .. strlen{Old}(dest) + n)), \result;
FRAMAC_SHARE/libc	string.h	441	strncat	from clause	Considered valid	assigns *(dest + (strlen{Old}(dest) .. strlen{Old}(dest) + n)) \from *(src + (0 .. n));
FRAMAC_SHARE/libc	string.h	442	strncat	from clause	Considered valid	assigns \result \from dest;
FRAMAC_SHARE/libc	string.h	443	strncat	postcondition	Considered valid	result_ptr: \result ≡ \old(dest)
FRAMAC_SHARE/libc	string.h	447	strncat	assigns clause	Considered valid	assigns *(dest + (strlen{Old}(dest) .. strlen{Old}(dest) + strlen{Old}(src))), \result;
FRAMAC_SHARE/libc	string.h	447	strncat	from clause	Considered valid	assigns *(dest + (strlen{Old}(dest) .. strlen{Old}(dest) + strlen{Old}(src))) \from *(src + (0 .. strlen{Old}(src)));
FRAMAC_SHARE/libc	string.h	449	strncat	from clause	Considered valid	assigns \result \from dest;
FRAMAC_SHARE/libc	string.h	450	strncat	postcondition	Considered valid	sum_of_lengths: strlen(\old(dest)) ≡ \old(strlen(dest) + strlen(src))
FRAMAC_SHARE/libc	string.h	455	strncat	assigns clause	Considered valid	assigns *(dest + (strlen{Old}(dest) .. strlen{Old}(dest) + n)), \result;
FRAMAC_SHARE/libc	string.h	455	strncat	from clause	Considered valid	assigns *(dest + (strlen{Old}(dest) .. strlen{Old}(dest) + n)) \from *(src + (0 .. strlen{Old}(src)));
FRAMAC_SHARE/libc	string.h	457	strncat	from clause	Considered valid	assigns \result \from dest;
FRAMAC_SHARE/libc	string.h	458	strncat	postcondition	Considered valid	sum_of_bounded_lengths: strlen(\old(dest)) ≡ \old(strlen(dest)) + \old(n)
FRAMAC_SHARE/libc	string.h	467	strlcat	assigns clause	Considered valid	assigns *(dest + (strlen{Old}(dest) .. n)), \result;
FRAMAC_SHARE/libc	string.h	467	strlcat	from clause	Considered valid	assigns *(dest + (strlen{Old}(dest) .. n)) \from (indirect: n), *(src + (0 .. strlen{Old}(src)));
FRAMAC_SHARE/libc	string.h	468	strlcat	from clause	Considered valid	assigns \result \from (indirect: src), (indirect: *(src + (0 .. n - 1))), (indirect: n);
FRAMAC_SHARE/libc	string.h	469	strlcat	postcondition	Considered valid	bounded_result: \result ≡ strlen(\old(dest)) + strlen(\old(src))
FRAMAC_SHARE/libc	string.h	476	strxfrm	assigns clause	Considered valid	assigns *(dest + (0 .. n - 1)), \result;
FRAMAC_SHARE/libc	string.h	476	strxfrm	from clause	Considered valid	assigns *(dest + (0 .. n - 1)) \from (indirect: *(src + (0 ..))), (indirect: n);
FRAMAC_SHARE/libc	string.h	477	strxfrm	from clause	Considered valid	assigns \result \from dest;
FRAMAC_SHARE/libc	string.h	486	strdup	from clause	Considered valid	assigns \result \from (indirect: *(s + (0 .. strlen{Old}(s)))), (indirect: __fc_heap_status);
FRAMAC_SHARE/libc	string.h	489	strdup	assigns clause	Considered valid	assigns __fc_heap_status, \result;
FRAMAC_SHARE/libc	string.h	489	strdup	from clause	Considered valid	assigns __fc_heap_status \from (indirect: s), __fc_heap_status;
FRAMAC_SHARE/libc	string.h	490	strdup	from clause	Considered valid	assigns \result \from (indirect: *(s + (0 .. strlen{Old}(s)))), (indirect: __fc_heap_status);
FRAMAC_SHARE/libc	string.h	491	strdup	postcondition	Considered valid	allocation: \fresh{Old, Here}(\result,strlen(\old(s)))
FRAMAC_SHARE/libc	string.h	493	strdup	postcondition	Considered valid	result_valid_string_and_same_contents: valid_string(\result) ∧ strcmp(\result, \old(s)) ≡ 0
FRAMAC_SHARE/libc	string.h	496	strdup	from clause	Considered valid	assigns \result \from \nothing;
FRAMAC_SHARE/libc	string.h	498	strdup	postcondition	Considered valid	result_null: \result ≡ \null
FRAMAC_SHARE/libc	string.h	500	strdup	assigns clause	Considered valid	assigns \nothing;
FRAMAC_SHARE/libc	string.h	504	strndup	from clause	Considered valid	assigns \result \from (indirect: *(s + (0 .. strlen{Old}(s)))), (indirect: n), (indirect: __fc_heap_status);
FRAMAC_SHARE/libc	string.h	508	strndup	assigns clause	Considered valid	assigns __fc_heap_status, \result;
FRAMAC_SHARE/libc	string.h	508	strndup	from clause	Considered valid	assigns __fc_heap_status \from (indirect: s), (indirect: n), __fc_heap_status;
FRAMAC_SHARE/libc	string.h	509	strndup	from clause	Considered valid	assigns \result \from (indirect: *(s + (0 .. strlen{Old}(s)))), (indirect: n), (indirect: __fc_heap_status);
FRAMAC_SHARE/libc	string.h	511	strndup	postcondition	Considered valid	allocation: \fresh{Old, Here}(\result,\min(strlen(\old(s)), \old(n) + 1))
FRAMAC_SHARE/libc	string.h	513	strndup	postcondition	Considered valid	result_valid_string_bounded_and_same_prefix: \valid(\result + (0 .. \min(strlen(\old(s)), \old(n)))) ∧ valid_string(\result) ∧ strlen(\result) ≤ \old(n) ∧ strncmp(\result, \old(s), \old(n)) ≡ 0
FRAMAC_SHARE/libc	string.h	518	strndup	from clause	Considered valid	assigns \result \from \nothing;
FRAMAC_SHARE/libc	string.h	520	strndup	postcondition	Considered valid	result_null: \result ≡ \null
FRAMAC_SHARE/libc	string.h	522	strndup	assigns clause	Considered valid	assigns \nothing;
FRAMAC_SHARE/libc	string.h	534	strsignal	from clause	Considered valid	assigns \result \from __fc_p_strsignal, (indirect: signum);
FRAMAC_SHARE/libc	string.h	535	strsignal	postcondition	Considered valid	result_internal_str: \result ≡ __fc_p_strsignal
FRAMAC_SHARE/libc	string.h	536	strsignal	postcondition	Considered valid	result_nul_terminated: *(\result + 63) ≡ 0
FRAMAC_SHARE/libc	string.h	537	strsignal	postcondition	Considered valid	result_valid_string: valid_read_string(\result)
FRAMAC_SHARE/libc	string.h	539	strsignal	assigns clause	Considered valid	assigns \nothing;
FRAMAC_SHARE/libc	strings.h	37	bzero	assigns clause	Considered valid	assigns *((char *)s + (0 .. n - 1));
FRAMAC_SHARE/libc	strings.h	37	bzero	from clause	Considered valid	assigns *((char *)s + (0 .. n - 1)) \from \nothing;
FRAMAC_SHARE/libc	strings.h	38	bzero	postcondition	Considered valid	s_initialized: initialization: \initialized((char *)\old(s) + (0 .. \old(n) - 1))
FRAMAC_SHARE/libc	strings.h	39	bzero	postcondition	Considered valid	zero_initialized: \subset(*((char *)\old(s) + (0 .. \old(n) - 1)), {0})
FRAMAC_SHARE/libc	strings.h	48	strcasecmp	from clause	Considered valid	assigns \result \from (indirect: *(s1 + (0 ..))), (indirect: *(s2 + (0 ..)));
FRAMAC_SHARE/libc	strings.h	50	strcasecmp	assigns clause	Considered valid	assigns \nothing;
FRAMAC_SHARE/libc	strings.h	55	strncasecmp	from clause	Considered valid	assigns \result \from (indirect: n), (indirect: *(s1 + (0 .. n - 1))), (indirect: *(s2 + (0 .. n - 1)));
FRAMAC_SHARE/libc	strings.h	57	strncasecmp	assigns clause	Considered valid	assigns \nothing;
output	program.c	12	reach_error	precondition	Invalid or unreachable	unreach: \false
output	program.c	551	main	precondition of reach_error	Invalid or unreachable	unreach: \false
output	program.c	559	main	precondition of free	Dead	freeable: __ptr ≡ \null ∨ \freeable(__ptr)
